Fold,Model,Date,Close,Actual,Prediction,Probability_Up,Correct
1,Logistic_Technical,2025-06-26,3441.800048828125,0,0,0.44958892436725323,True
1,Logistic_Technical,2025-06-27,3441.10009765625,1,0,0.441276197302476,False
1,Logistic_Technical,2025-06-30,3462.0,0,0,0.3905775982422524,True
1,Logistic_Technical,2025-07-01,3429.699951171875,0,0,0.38939672732525177,True
1,Logistic_Technical,2025-07-02,3423.300048828125,0,0,0.4480849657519785,True
1,Logistic_Technical,2025-07-03,3400.800048828125,1,0,0.3747310881082458,False
1,Logistic_Technical,2025-07-04,3419.800048828125,0,0,0.36622199479861894,True
1,Logistic_Technical,2025-07-07,3411.699951171875,0,0,0.3517306878113608,True
1,Logistic_Technical,2025-07-08,3406.199951171875,0,0,0.36257438952482973,True
1,Logistic_Technical,2025-07-09,3383.800048828125,0,0,0.3754824034328272,True
1,Logistic_Technical,2025-07-10,3382.0,0,0,0.3580859878888923,True
1,Logistic_Technical,2025-07-11,3266.0,0,0,0.38072628737804437,True
1,Logistic_Technical,2025-07-14,3222.699951171875,1,0,0.479048014308255,False
1,Logistic_Technical,2025-07-15,3252.300048828125,0,0,0.4622609034727602,True
1,Logistic_Technical,2025-07-16,3233.10009765625,0,0,0.44393023204590487,True
1,Logistic_Technical,2025-07-17,3209.199951171875,0,0,0.48850822553238055,True
1,Logistic_Technical,2025-07-18,3189.89990234375,0,0,0.4897589266019621,True
1,Logistic_Technical,2025-07-21,3158.199951171875,1,0,0.4740212196322052,False
1,Logistic_Technical,2025-07-22,3159.60009765625,1,0,0.4587435961039534,False
1,Logistic_Technical,2025-07-23,3179.10009765625,0,0,0.451250079656981,True
1,Logistic_Technical,2025-07-24,3148.0,0,0,0.4386597929526552,True
1,Logistic_Technical,2025-07-25,3135.800048828125,0,0,0.4357394943847415,True
1,Logistic_Technical,2025-07-28,3079.300048828125,0,0,0.43862496136782725,True
1,Logistic_Technical,2025-07-29,3056.0,0,0,0.4504255898672188,True
1,Logistic_Technical,2025-07-30,3053.60009765625,0,0,0.4686893323030099,True
1,Logistic_Technical,2025-07-31,3036.800048828125,0,0,0.48294620604988076,True
1,Logistic_Technical,2025-08-01,3003.0,1,0,0.49191672037641676,False
1,Logistic_Technical,2025-08-04,3074.39990234375,0,1,0.5355312162628526,False
1,Logistic_Technical,2025-08-05,3063.89990234375,0,0,0.46053099190986535,True
1,Logistic_Technical,2025-08-06,3032.300048828125,1,0,0.44406412028402953,False
1,Logistic_Technical,2025-08-07,3047.0,0,0,0.40925088994316494,True
1,Logistic_Technical,2025-08-08,3036.39990234375,1,0,0.3814724961811277,False
1,Logistic_Technical,2025-08-11,3040.800048828125,0,0,0.3668296093596745,True
1,Logistic_Technical,2025-08-12,3035.39990234375,1,0,0.40710091915807384,False
1,Logistic_Technical,2025-08-13,3036.199951171875,0,0,0.3647923691082689,True
1,Logistic_Technical,2025-08-14,3022.300048828125,0,0,0.3849776788272572,True
1,Logistic_Technical,2025-08-18,3011.199951171875,1,0,0.4158751142616365,False
1,Logistic_Technical,2025-08-19,3016.199951171875,1,0,0.3721462808206825,False
1,Logistic_Technical,2025-08-20,3098.60009765625,1,0,0.44137801823786127,False
1,Logistic_Technical,2025-08-21,3102.60009765625,0,0,0.4422234337787577,True
1,Logistic_Technical,2025-08-22,3054.0,1,0,0.38064374339336193,False
1,Logistic_Technical,2025-08-25,3140.60009765625,1,0,0.4301583458248524,False
1,Logistic_Technical,2025-08-26,3157.199951171875,0,0,0.3780849899160665,True
1,Logistic_Technical,2025-08-28,3093.699951171875,0,0,0.385252141859083,True
1,Logistic_Technical,2025-08-29,3084.699951171875,1,0,0.3774874762339968,False
1,Logistic_Technical,2025-09-01,3112.60009765625,0,0,0.3765932080710593,True
1,Logistic_Technical,2025-09-02,3111.5,0,0,0.40260302826387223,True
1,Logistic_Technical,2025-09-03,3097.5,0,0,0.41626601819096276,True
1,Logistic_Technical,2025-09-04,3095.699951171875,0,0,0.3909717608239838,True
1,Logistic_Technical,2025-09-05,3048.300048828125,0,0,0.43148899874675806,True
1,Logistic_Technical,2025-09-08,3019.0,1,0,0.4380677511719497,False
1,Logistic_Technical,2025-09-09,3049.39990234375,1,0,0.4459214101082431,False
1,Logistic_Technical,2025-09-10,3110.0,1,0,0.47509571528705075,False
1,Logistic_Technical,2025-09-11,3124.199951171875,1,0,0.464270225227508,False
1,Logistic_Technical,2025-09-12,3133.39990234375,0,0,0.4384464229925984,True
1,Logistic_Technical,2025-09-15,3111.89990234375,1,0,0.39732177183475764,False
1,Logistic_Technical,2025-09-16,3145.699951171875,1,0,0.4002327873481871,False
1,Logistic_Technical,2025-09-17,3172.800048828125,1,0,0.39966006402653714,False
1,Logistic_Technical,2025-09-18,3176.699951171875,0,0,0.3997563469393884,True
1,Logistic_Technical,2025-09-19,3169.199951171875,0,0,0.4031457452489021,True
1,RandomForest_Technical,2025-06-26,3441.800048828125,0,0,0.4894603970250661,True
1,RandomForest_Technical,2025-06-27,3441.10009765625,1,1,0.507341229113578,True
1,RandomForest_Technical,2025-06-30,3462.0,0,1,0.530270630622583,False
1,RandomForest_Technical,2025-07-01,3429.699951171875,0,1,0.5342480487595425,False
1,RandomForest_Technical,2025-07-02,3423.300048828125,0,1,0.5467247987324464,False
1,RandomForest_Technical,2025-07-03,3400.800048828125,1,1,0.5144851106328421,True
1,RandomForest_Technical,2025-07-04,3419.800048828125,0,1,0.5084032585511127,False
1,RandomForest_Technical,2025-07-07,3411.699951171875,0,1,0.520854294137332,False
1,RandomForest_Technical,2025-07-08,3406.199951171875,0,1,0.5287607604336445,False
1,RandomForest_Technical,2025-07-09,3383.800048828125,0,1,0.5608933119403736,False
1,RandomForest_Technical,2025-07-10,3382.0,0,1,0.5538375226065367,False
1,RandomForest_Technical,2025-07-11,3266.0,0,1,0.5683972715086526,False
1,RandomForest_Technical,2025-07-14,3222.699951171875,1,1,0.6819082022632611,True
1,RandomForest_Technical,2025-07-15,3252.300048828125,0,1,0.7222551546161866,False
1,RandomForest_Technical,2025-07-16,3233.10009765625,0,1,0.648334636581794,False
1,RandomForest_Technical,2025-07-17,3209.199951171875,0,1,0.6422009232322577,False
1,RandomForest_Technical,2025-07-18,3189.89990234375,0,1,0.6770118488064573,False
1,RandomForest_Technical,2025-07-21,3158.199951171875,1,1,0.6647934078013827,True
1,RandomForest_Technical,2025-07-22,3159.60009765625,1,1,0.6491217328299395,True
1,RandomForest_Technical,2025-07-23,3179.10009765625,0,1,0.6813877170309685,False
1,RandomForest_Technical,2025-07-24,3148.0,0,1,0.6183054043843644,False
1,RandomForest_Technical,2025-07-25,3135.800048828125,0,1,0.6026241962680112,False
1,RandomForest_Technical,2025-07-28,3079.300048828125,0,1,0.6095718642169965,False
1,RandomForest_Technical,2025-07-29,3056.0,0,1,0.6052518166535716,False
1,RandomForest_Technical,2025-07-30,3053.60009765625,0,1,0.6180596828303266,False
1,RandomForest_Technical,2025-07-31,3036.800048828125,0,1,0.6172670086132284,False
1,RandomForest_Technical,2025-08-01,3003.0,1,1,0.61989763128631,True
1,RandomForest_Technical,2025-08-04,3074.39990234375,0,1,0.6396252733497649,False
1,RandomForest_Technical,2025-08-05,3063.89990234375,0,1,0.5897803355161672,False
1,RandomForest_Technical,2025-08-06,3032.300048828125,1,1,0.6088044536091313,True
1,RandomForest_Technical,2025-08-07,3047.0,0,1,0.6312493585049606,False
1,RandomForest_Technical,2025-08-08,3036.39990234375,1,1,0.5842437545943243,True
1,RandomForest_Technical,2025-08-11,3040.800048828125,0,1,0.5785584738245382,False
1,RandomForest_Technical,2025-08-12,3035.39990234375,1,1,0.5876612655650711,True
1,RandomForest_Technical,2025-08-13,3036.199951171875,0,1,0.5751792867262141,False
1,RandomForest_Technical,2025-08-14,3022.300048828125,0,1,0.5762516615536653,False
1,RandomForest_Technical,2025-08-18,3011.199951171875,1,1,0.6158817388082828,True
1,RandomForest_Technical,2025-08-19,3016.199951171875,1,1,0.568743609668233,True
1,RandomForest_Technical,2025-08-20,3098.60009765625,1,1,0.6079296115137585,True
1,RandomForest_Technical,2025-08-21,3102.60009765625,0,1,0.6071518650372016,False
1,RandomForest_Technical,2025-08-22,3054.0,1,1,0.601894713787358,True
1,RandomForest_Technical,2025-08-25,3140.60009765625,1,1,0.5171743427516752,True
1,RandomForest_Technical,2025-08-26,3157.199951171875,0,1,0.5162393524040583,False
1,RandomForest_Technical,2025-08-28,3093.699951171875,0,1,0.577176943042852,False
1,RandomForest_Technical,2025-08-29,3084.699951171875,1,1,0.5624412219895017,True
1,RandomForest_Technical,2025-09-01,3112.60009765625,0,1,0.5651988482139777,False
1,RandomForest_Technical,2025-09-02,3111.5,0,1,0.5284443669574794,False
1,RandomForest_Technical,2025-09-03,3097.5,0,1,0.5594585772862133,False
1,RandomForest_Technical,2025-09-04,3095.699951171875,0,1,0.5242208911886044,False
1,RandomForest_Technical,2025-09-05,3048.300048828125,0,1,0.590534428218033,False
1,RandomForest_Technical,2025-09-08,3019.0,1,1,0.5817962470789168,True
1,RandomForest_Technical,2025-09-09,3049.39990234375,1,1,0.5722361829372427,True
1,RandomForest_Technical,2025-09-10,3110.0,1,1,0.5774794394809731,True
1,RandomForest_Technical,2025-09-11,3124.199951171875,1,1,0.5202120852078493,True
1,RandomForest_Technical,2025-09-12,3133.39990234375,0,1,0.5361141947159959,False
1,RandomForest_Technical,2025-09-15,3111.89990234375,1,1,0.5155212992613424,True
1,RandomForest_Technical,2025-09-16,3145.699951171875,1,1,0.5098965145663855,True
1,RandomForest_Technical,2025-09-17,3172.800048828125,1,1,0.5358820892796466,True
1,RandomForest_Technical,2025-09-18,3176.699951171875,0,1,0.5256546668173242,False
1,RandomForest_Technical,2025-09-19,3169.199951171875,0,0,0.49070739089499277,True
1,XGBoost_Technical,2025-06-26,3441.800048828125,0,0,0.392718106508255,True
1,XGBoost_Technical,2025-06-27,3441.10009765625,1,0,0.4159142076969147,False
1,XGBoost_Technical,2025-06-30,3462.0,0,1,0.5237127542495728,False
1,XGBoost_Technical,2025-07-01,3429.699951171875,0,1,0.5100845694541931,False
1,XGBoost_Technical,2025-07-02,3423.300048828125,0,0,0.49660512804985046,True
1,XGBoost_Technical,2025-07-03,3400.800048828125,1,0,0.3768846392631531,False
1,XGBoost_Technical,2025-07-04,3419.800048828125,0,0,0.38334372639656067,True
1,XGBoost_Technical,2025-07-07,3411.699951171875,0,0,0.39311039447784424,True
1,XGBoost_Technical,2025-07-08,3406.199951171875,0,0,0.3848661780357361,True
1,XGBoost_Technical,2025-07-09,3383.800048828125,0,0,0.4548070728778839,True
1,XGBoost_Technical,2025-07-10,3382.0,0,0,0.4501100778579712,True
1,XGBoost_Technical,2025-07-11,3266.0,0,1,0.5130987167358398,False
1,XGBoost_Technical,2025-07-14,3222.699951171875,1,1,0.783393144607544,True
1,XGBoost_Technical,2025-07-15,3252.300048828125,0,1,0.8152362108230591,False
1,XGBoost_Technical,2025-07-16,3233.10009765625,0,1,0.6583631634712219,False
1,XGBoost_Technical,2025-07-17,3209.199951171875,0,1,0.699390172958374,False
1,XGBoost_Technical,2025-07-18,3189.89990234375,0,1,0.7544090151786804,False
1,XGBoost_Technical,2025-07-21,3158.199951171875,1,1,0.7270857095718384,True
1,XGBoost_Technical,2025-07-22,3159.60009765625,1,1,0.6956329941749573,True
1,XGBoost_Technical,2025-07-23,3179.10009765625,0,1,0.7270539999008179,False
1,XGBoost_Technical,2025-07-24,3148.0,0,1,0.6422109603881836,False
1,XGBoost_Technical,2025-07-25,3135.800048828125,0,1,0.505657970905304,False
1,XGBoost_Technical,2025-07-28,3079.300048828125,0,1,0.6834266781806946,False
1,XGBoost_Technical,2025-07-29,3056.0,0,1,0.6437486410140991,False
1,XGBoost_Technical,2025-07-30,3053.60009765625,0,1,0.6597790718078613,False
1,XGBoost_Technical,2025-07-31,3036.800048828125,0,1,0.6487187147140503,False
1,XGBoost_Technical,2025-08-01,3003.0,1,1,0.6603232622146606,True
1,XGBoost_Technical,2025-08-04,3074.39990234375,0,1,0.5707897543907166,False
1,XGBoost_Technical,2025-08-05,3063.89990234375,0,0,0.4652537405490875,True
1,XGBoost_Technical,2025-08-06,3032.300048828125,1,1,0.5315126776695251,True
1,XGBoost_Technical,2025-08-07,3047.0,0,1,0.5951510071754456,False
1,XGBoost_Technical,2025-08-08,3036.39990234375,1,0,0.4683959484100342,False
1,XGBoost_Technical,2025-08-11,3040.800048828125,0,0,0.4297753572463989,True
1,XGBoost_Technical,2025-08-12,3035.39990234375,1,1,0.5002619028091431,True
1,XGBoost_Technical,2025-08-13,3036.199951171875,0,0,0.3858402371406555,True
1,XGBoost_Technical,2025-08-14,3022.300048828125,0,0,0.4242916703224182,True
1,XGBoost_Technical,2025-08-18,3011.199951171875,1,0,0.46270477771759033,False
1,XGBoost_Technical,2025-08-19,3016.199951171875,1,0,0.39142554998397827,False
1,XGBoost_Technical,2025-08-20,3098.60009765625,1,1,0.5752822160720825,True
1,XGBoost_Technical,2025-08-21,3102.60009765625,0,1,0.612041711807251,False
1,XGBoost_Technical,2025-08-22,3054.0,1,1,0.5680469870567322,True
1,XGBoost_Technical,2025-08-25,3140.60009765625,1,0,0.4387899339199066,False
1,XGBoost_Technical,2025-08-26,3157.199951171875,0,0,0.4235193133354187,True
1,XGBoost_Technical,2025-08-28,3093.699951171875,0,1,0.5861998796463013,False
1,XGBoost_Technical,2025-08-29,3084.699951171875,1,1,0.5458466410636902,True
1,XGBoost_Technical,2025-09-01,3112.60009765625,0,1,0.546639621257782,False
1,XGBoost_Technical,2025-09-02,3111.5,0,0,0.46891605854034424,True
1,XGBoost_Technical,2025-09-03,3097.5,0,0,0.4603193700313568,True
1,XGBoost_Technical,2025-09-04,3095.699951171875,0,0,0.35325756669044495,True
1,XGBoost_Technical,2025-09-05,3048.300048828125,0,1,0.5866302251815796,False
1,XGBoost_Technical,2025-09-08,3019.0,1,0,0.46809062361717224,False
1,XGBoost_Technical,2025-09-09,3049.39990234375,1,0,0.42809540033340454,False
1,XGBoost_Technical,2025-09-10,3110.0,1,0,0.4880659282207489,False
1,XGBoost_Technical,2025-09-11,3124.199951171875,1,0,0.4052606523036957,False
1,XGBoost_Technical,2025-09-12,3133.39990234375,0,0,0.4876485764980316,True
1,XGBoost_Technical,2025-09-15,3111.89990234375,1,0,0.4651818871498108,False
1,XGBoost_Technical,2025-09-16,3145.699951171875,1,1,0.5024601221084595,True
1,XGBoost_Technical,2025-09-17,3172.800048828125,1,1,0.5659928917884827,True
1,XGBoost_Technical,2025-09-18,3176.699951171875,0,0,0.496983140707016,True
1,XGBoost_Technical,2025-09-19,3169.199951171875,0,0,0.36448681354522705,True
1,Logistic_Tech_News,2025-06-26,3441.800048828125,0,0,0.42800950678572075,True
1,Logistic_Tech_News,2025-06-27,3441.10009765625,1,0,0.4179459027581698,False
1,Logistic_Tech_News,2025-06-30,3462.0,0,0,0.3618383387072845,True
1,Logistic_Tech_News,2025-07-01,3429.699951171875,0,0,0.36536849219520007,True
1,Logistic_Tech_News,2025-07-02,3423.300048828125,0,0,0.41431647040205377,True
1,Logistic_Tech_News,2025-07-03,3400.800048828125,1,0,0.3438376099639431,False
1,Logistic_Tech_News,2025-07-04,3419.800048828125,0,0,0.33374841370751746,True
1,Logistic_Tech_News,2025-07-07,3411.699951171875,0,0,0.3209300311522629,True
1,Logistic_Tech_News,2025-07-08,3406.199951171875,0,0,0.33178289090692414,True
1,Logistic_Tech_News,2025-07-09,3383.800048828125,0,0,0.3453374124338643,True
1,Logistic_Tech_News,2025-07-10,3382.0,0,0,0.327221376019326,True
1,Logistic_Tech_News,2025-07-11,3266.0,0,0,0.370421673199019,True
1,Logistic_Tech_News,2025-07-14,3222.699951171875,1,0,0.4663183767794688,False
1,Logistic_Tech_News,2025-07-15,3252.300048828125,0,0,0.4443067103715304,True
1,Logistic_Tech_News,2025-07-16,3233.10009765625,0,0,0.4310421160550089,True
1,Logistic_Tech_News,2025-07-17,3209.199951171875,0,0,0.4744235462636134,True
1,Logistic_Tech_News,2025-07-18,3189.89990234375,0,0,0.47634429022360364,True
1,Logistic_Tech_News,2025-07-21,3158.199951171875,1,0,0.46361268027007047,False
1,Logistic_Tech_News,2025-07-22,3159.60009765625,1,0,0.44158770130055447,False
1,Logistic_Tech_News,2025-07-23,3179.10009765625,0,0,0.42849658665409,True
1,Logistic_Tech_News,2025-07-24,3148.0,0,0,0.4179653374974692,True
1,Logistic_Tech_News,2025-07-25,3135.800048828125,0,0,0.4135028494566169,True
1,Logistic_Tech_News,2025-07-28,3079.300048828125,0,0,0.42570063898608174,True
1,Logistic_Tech_News,2025-07-29,3056.0,0,0,0.435291319889784,True
1,Logistic_Tech_News,2025-07-30,3053.60009765625,0,0,0.453828283412832,True
1,Logistic_Tech_News,2025-07-31,3036.800048828125,0,0,0.47151919348402543,True
1,Logistic_Tech_News,2025-08-01,3003.0,1,0,0.4799702662417256,False
1,Logistic_Tech_News,2025-08-04,3074.39990234375,0,1,0.5162419626980157,False
1,Logistic_Tech_News,2025-08-05,3063.89990234375,0,0,0.44030889543432344,True
1,Logistic_Tech_News,2025-08-06,3032.300048828125,1,0,0.42427165602387323,False
1,Logistic_Tech_News,2025-08-07,3047.0,0,0,0.39181231571840913,True
1,Logistic_Tech_News,2025-08-08,3036.39990234375,1,0,0.3664208854010448,False
1,Logistic_Tech_News,2025-08-11,3040.800048828125,0,0,0.34965004938477884,True
1,Logistic_Tech_News,2025-08-12,3035.39990234375,1,0,0.3922188110015914,False
1,Logistic_Tech_News,2025-08-13,3036.199951171875,0,0,0.34453374672619247,True
1,Logistic_Tech_News,2025-08-14,3022.300048828125,0,0,0.36651086044639003,True
1,Logistic_Tech_News,2025-08-18,3011.199951171875,1,0,0.398172048166158,False
1,Logistic_Tech_News,2025-08-19,3016.199951171875,1,0,0.3521794191046084,False
1,Logistic_Tech_News,2025-08-20,3098.60009765625,1,0,0.4158823952478522,False
1,Logistic_Tech_News,2025-08-21,3102.60009765625,0,0,0.4134490763829351,True
1,Logistic_Tech_News,2025-08-22,3054.0,1,0,0.36014035437443603,False
1,Logistic_Tech_News,2025-08-25,3140.60009765625,1,0,0.39883813422130526,False
1,Logistic_Tech_News,2025-08-26,3157.199951171875,0,0,0.3479430183985445,True
1,Logistic_Tech_News,2025-08-28,3093.699951171875,0,0,0.3619962442818275,True
1,Logistic_Tech_News,2025-08-29,3084.699951171875,1,0,0.35249786818425083,False
1,Logistic_Tech_News,2025-09-01,3112.60009765625,0,0,0.34949308366832765,True
1,Logistic_Tech_News,2025-09-02,3111.5,0,0,0.37900375540899944,True
1,Logistic_Tech_News,2025-09-03,3097.5,0,0,0.39609256417295796,True
1,Logistic_Tech_News,2025-09-04,3095.699951171875,0,0,0.3702042572236682,True
1,Logistic_Tech_News,2025-09-05,3048.300048828125,0,0,0.4190375768841733,True
1,Logistic_Tech_News,2025-09-08,3019.0,1,0,0.42490611202483725,False
1,Logistic_Tech_News,2025-09-09,3049.39990234375,1,0,0.42639368743976963,False
1,Logistic_Tech_News,2025-09-10,3110.0,1,0,0.45421675153064206,False
1,Logistic_Tech_News,2025-09-11,3124.199951171875,1,0,0.4394456952849581,False
1,Logistic_Tech_News,2025-09-12,3133.39990234375,0,0,0.41403868377477687,True
1,Logistic_Tech_News,2025-09-15,3111.89990234375,1,0,0.37807145502315204,False
1,Logistic_Tech_News,2025-09-16,3145.699951171875,1,0,0.3765165968483024,False
1,Logistic_Tech_News,2025-09-17,3172.800048828125,1,0,0.37227034593547803,False
1,Logistic_Tech_News,2025-09-18,3176.699951171875,0,0,0.36949932775927985,True
1,Logistic_Tech_News,2025-09-19,3169.199951171875,0,0,0.3748704723755822,True
1,RandomForest_Tech_News,2025-06-26,3441.800048828125,0,1,0.5022559364004588,False
1,RandomForest_Tech_News,2025-06-27,3441.10009765625,1,1,0.5108396796672605,True
1,RandomForest_Tech_News,2025-06-30,3462.0,0,1,0.5336887182689604,False
1,RandomForest_Tech_News,2025-07-01,3429.699951171875,0,1,0.5484813904314548,False
1,RandomForest_Tech_News,2025-07-02,3423.300048828125,0,1,0.5409523251958452,False
1,RandomForest_Tech_News,2025-07-03,3400.800048828125,1,1,0.5197771261335908,True
1,RandomForest_Tech_News,2025-07-04,3419.800048828125,0,1,0.5110887557723711,False
1,RandomForest_Tech_News,2025-07-07,3411.699951171875,0,1,0.5118231528404579,False
1,RandomForest_Tech_News,2025-07-08,3406.199951171875,0,1,0.5256222458065569,False
1,RandomForest_Tech_News,2025-07-09,3383.800048828125,0,1,0.5318101062629682,False
1,RandomForest_Tech_News,2025-07-10,3382.0,0,0,0.4836342883513895,True
1,RandomForest_Tech_News,2025-07-11,3266.0,0,0,0.49189597145033576,True
1,RandomForest_Tech_News,2025-07-14,3222.699951171875,1,1,0.5764157536971315,True
1,RandomForest_Tech_News,2025-07-15,3252.300048828125,0,1,0.6375792303592249,False
1,RandomForest_Tech_News,2025-07-16,3233.10009765625,0,1,0.5960877103616575,False
1,RandomForest_Tech_News,2025-07-17,3209.199951171875,0,1,0.6445556851211669,False
1,RandomForest_Tech_News,2025-07-18,3189.89990234375,0,1,0.63291143482775,False
1,RandomForest_Tech_News,2025-07-21,3158.199951171875,1,1,0.6171662225981882,True
1,RandomForest_Tech_News,2025-07-22,3159.60009765625,1,1,0.6226968720559387,True
1,RandomForest_Tech_News,2025-07-23,3179.10009765625,0,1,0.6367652229228894,False
1,RandomForest_Tech_News,2025-07-24,3148.0,0,1,0.5843684235366053,False
1,RandomForest_Tech_News,2025-07-25,3135.800048828125,0,1,0.5866973939286513,False
1,RandomForest_Tech_News,2025-07-28,3079.300048828125,0,1,0.5680308182483179,False
1,RandomForest_Tech_News,2025-07-29,3056.0,0,1,0.5343416878084465,False
1,RandomForest_Tech_News,2025-07-30,3053.60009765625,0,1,0.518229264544259,False
1,RandomForest_Tech_News,2025-07-31,3036.800048828125,0,1,0.528044104219294,False
1,RandomForest_Tech_News,2025-08-01,3003.0,1,1,0.5330639929769131,True
1,RandomForest_Tech_News,2025-08-04,3074.39990234375,0,1,0.5579918886945773,False
1,RandomForest_Tech_News,2025-08-05,3063.89990234375,0,1,0.5561958162467008,False
1,RandomForest_Tech_News,2025-08-06,3032.300048828125,1,1,0.5625663303698152,True
1,RandomForest_Tech_News,2025-08-07,3047.0,0,1,0.5827267182807799,False
1,RandomForest_Tech_News,2025-08-08,3036.39990234375,1,1,0.5588817016177229,True
1,RandomForest_Tech_News,2025-08-11,3040.800048828125,0,1,0.5253715368909617,False
1,RandomForest_Tech_News,2025-08-12,3035.39990234375,1,1,0.557817176275183,True
1,RandomForest_Tech_News,2025-08-13,3036.199951171875,0,1,0.5450509939654942,False
1,RandomForest_Tech_News,2025-08-14,3022.300048828125,0,1,0.557859717382105,False
1,RandomForest_Tech_News,2025-08-18,3011.199951171875,1,1,0.5853504077744877,True
1,RandomForest_Tech_News,2025-08-19,3016.199951171875,1,1,0.5506490511090759,True
1,RandomForest_Tech_News,2025-08-20,3098.60009765625,1,1,0.596722495538176,True
1,RandomForest_Tech_News,2025-08-21,3102.60009765625,0,1,0.5851882013174362,False
1,RandomForest_Tech_News,2025-08-22,3054.0,1,1,0.563784596897294,True
1,RandomForest_Tech_News,2025-08-25,3140.60009765625,1,1,0.5241192474521922,True
1,RandomForest_Tech_News,2025-08-26,3157.199951171875,0,1,0.5276105955826041,False
1,RandomForest_Tech_News,2025-08-28,3093.699951171875,0,1,0.5405035716747899,False
1,RandomForest_Tech_News,2025-08-29,3084.699951171875,1,1,0.5504602989734032,True
1,RandomForest_Tech_News,2025-09-01,3112.60009765625,0,1,0.5105322313921637,False
1,RandomForest_Tech_News,2025-09-02,3111.5,0,1,0.5187226755517044,False
1,RandomForest_Tech_News,2025-09-03,3097.5,0,1,0.5241634811062404,False
1,RandomForest_Tech_News,2025-09-04,3095.699951171875,0,0,0.49821068497052173,True
1,RandomForest_Tech_News,2025-09-05,3048.300048828125,0,1,0.5836327152231765,False
1,RandomForest_Tech_News,2025-09-08,3019.0,1,1,0.5588515831475819,True
1,RandomForest_Tech_News,2025-09-09,3049.39990234375,1,1,0.531402895030927,True
1,RandomForest_Tech_News,2025-09-10,3110.0,1,1,0.5577297072834704,True
1,RandomForest_Tech_News,2025-09-11,3124.199951171875,1,0,0.49645701980135143,False
1,RandomForest_Tech_News,2025-09-12,3133.39990234375,0,1,0.5040521154142109,False
1,RandomForest_Tech_News,2025-09-15,3111.89990234375,1,1,0.5086273163073346,True
1,RandomForest_Tech_News,2025-09-16,3145.699951171875,1,0,0.4830964736565538,False
1,RandomForest_Tech_News,2025-09-17,3172.800048828125,1,1,0.5028563303613133,True
1,RandomForest_Tech_News,2025-09-18,3176.699951171875,0,1,0.5155686103075672,False
1,RandomForest_Tech_News,2025-09-19,3169.199951171875,0,0,0.4970168599114878,True
1,XGBoost_Tech_News,2025-06-26,3441.800048828125,0,0,0.4015651345252991,True
1,XGBoost_Tech_News,2025-06-27,3441.10009765625,1,0,0.43207818269729614,False
1,XGBoost_Tech_News,2025-06-30,3462.0,0,1,0.5162369012832642,False
1,XGBoost_Tech_News,2025-07-01,3429.699951171875,0,1,0.5283328890800476,False
1,XGBoost_Tech_News,2025-07-02,3423.300048828125,0,0,0.4794861376285553,True
1,XGBoost_Tech_News,2025-07-03,3400.800048828125,1,0,0.37327852845191956,False
1,XGBoost_Tech_News,2025-07-04,3419.800048828125,0,0,0.3515893816947937,True
1,XGBoost_Tech_News,2025-07-07,3411.699951171875,0,0,0.3903357982635498,True
1,XGBoost_Tech_News,2025-07-08,3406.199951171875,0,0,0.35403260588645935,True
1,XGBoost_Tech_News,2025-07-09,3383.800048828125,0,0,0.4111693501472473,True
1,XGBoost_Tech_News,2025-07-10,3382.0,0,0,0.3909984827041626,True
1,XGBoost_Tech_News,2025-07-11,3266.0,0,1,0.5114091038703918,False
1,XGBoost_Tech_News,2025-07-14,3222.699951171875,1,1,0.7519189119338989,True
1,XGBoost_Tech_News,2025-07-15,3252.300048828125,0,1,0.7833858132362366,False
1,XGBoost_Tech_News,2025-07-16,3233.10009765625,0,1,0.6229579448699951,False
1,XGBoost_Tech_News,2025-07-17,3209.199951171875,0,1,0.679996907711029,False
1,XGBoost_Tech_News,2025-07-18,3189.89990234375,0,1,0.7557764053344727,False
1,XGBoost_Tech_News,2025-07-21,3158.199951171875,1,1,0.7141480445861816,True
1,XGBoost_Tech_News,2025-07-22,3159.60009765625,1,1,0.6745977401733398,True
1,XGBoost_Tech_News,2025-07-23,3179.10009765625,0,1,0.7383304834365845,False
1,XGBoost_Tech_News,2025-07-24,3148.0,0,1,0.6253395080566406,False
1,XGBoost_Tech_News,2025-07-25,3135.800048828125,0,0,0.49591362476348877,True
1,XGBoost_Tech_News,2025-07-28,3079.300048828125,0,1,0.6404987573623657,False
1,XGBoost_Tech_News,2025-07-29,3056.0,0,1,0.6103318333625793,False
1,XGBoost_Tech_News,2025-07-30,3053.60009765625,0,1,0.6079890131950378,False
1,XGBoost_Tech_News,2025-07-31,3036.800048828125,0,1,0.6107367873191833,False
1,XGBoost_Tech_News,2025-08-01,3003.0,1,1,0.6267291307449341,True
1,XGBoost_Tech_News,2025-08-04,3074.39990234375,0,1,0.5401899218559265,False
1,XGBoost_Tech_News,2025-08-05,3063.89990234375,0,0,0.45890194177627563,True
1,XGBoost_Tech_News,2025-08-06,3032.300048828125,1,0,0.4937494695186615,False
1,XGBoost_Tech_News,2025-08-07,3047.0,0,1,0.5645061135292053,False
1,XGBoost_Tech_News,2025-08-08,3036.39990234375,1,0,0.45514968037605286,False
1,XGBoost_Tech_News,2025-08-11,3040.800048828125,0,0,0.430990070104599,True
1,XGBoost_Tech_News,2025-08-12,3035.39990234375,1,1,0.5228062272071838,True
1,XGBoost_Tech_News,2025-08-13,3036.199951171875,0,0,0.3846186101436615,True
1,XGBoost_Tech_News,2025-08-14,3022.300048828125,0,0,0.46071529388427734,True
1,XGBoost_Tech_News,2025-08-18,3011.199951171875,1,0,0.4829044044017792,False
1,XGBoost_Tech_News,2025-08-19,3016.199951171875,1,0,0.397286057472229,False
1,XGBoost_Tech_News,2025-08-20,3098.60009765625,1,1,0.6105917692184448,True
1,XGBoost_Tech_News,2025-08-21,3102.60009765625,0,1,0.5973194241523743,False
1,XGBoost_Tech_News,2025-08-22,3054.0,1,1,0.5539159178733826,True
1,XGBoost_Tech_News,2025-08-25,3140.60009765625,1,0,0.48561468720436096,False
1,XGBoost_Tech_News,2025-08-26,3157.199951171875,0,0,0.4743363559246063,True
1,XGBoost_Tech_News,2025-08-28,3093.699951171875,0,1,0.5547963380813599,False
1,XGBoost_Tech_News,2025-08-29,3084.699951171875,1,1,0.5483116507530212,True
1,XGBoost_Tech_News,2025-09-01,3112.60009765625,0,1,0.6063910722732544,False
1,XGBoost_Tech_News,2025-09-02,3111.5,0,1,0.5179080367088318,False
1,XGBoost_Tech_News,2025-09-03,3097.5,0,0,0.4749469459056854,True
1,XGBoost_Tech_News,2025-09-04,3095.699951171875,0,0,0.3644453287124634,True
1,XGBoost_Tech_News,2025-09-05,3048.300048828125,0,1,0.5819644331932068,False
1,XGBoost_Tech_News,2025-09-08,3019.0,1,0,0.4563893675804138,False
1,XGBoost_Tech_News,2025-09-09,3049.39990234375,1,0,0.46067261695861816,False
1,XGBoost_Tech_News,2025-09-10,3110.0,1,0,0.4908636212348938,False
1,XGBoost_Tech_News,2025-09-11,3124.199951171875,1,0,0.4215466380119324,False
1,XGBoost_Tech_News,2025-09-12,3133.39990234375,0,0,0.4854273498058319,True
1,XGBoost_Tech_News,2025-09-15,3111.89990234375,1,0,0.4856410026550293,False
1,XGBoost_Tech_News,2025-09-16,3145.699951171875,1,1,0.5054612159729004,True
1,XGBoost_Tech_News,2025-09-17,3172.800048828125,1,1,0.5435459613800049,True
1,XGBoost_Tech_News,2025-09-18,3176.699951171875,0,0,0.4946032762527466,True
1,XGBoost_Tech_News,2025-09-19,3169.199951171875,0,0,0.41219019889831543,True
2,Logistic_Technical,2025-09-22,3073.800048828125,0,0,0.3766570311704641,True
2,Logistic_Technical,2025-09-23,3062.39990234375,0,0,0.42463609921837864,True
2,Logistic_Technical,2025-09-24,3035.39990234375,0,0,0.4073905501392404,True
2,Logistic_Technical,2025-09-25,2957.39990234375,0,0,0.49367470233162813,True
2,Logistic_Technical,2025-09-26,2899.10009765625,0,1,0.5167968622496562,False
2,Logistic_Technical,2025-09-29,2896.10009765625,0,1,0.5421454780046931,False
2,Logistic_Technical,2025-09-30,2888.39990234375,1,1,0.530203828913944,True
2,Logistic_Technical,2025-10-01,2914.199951171875,0,1,0.5495646230186241,False
2,Logistic_Technical,2025-10-03,2901.89990234375,1,1,0.5143175318381691,True
2,Logistic_Technical,2025-10-06,2988.39990234375,0,1,0.5328811033926728,False
2,Logistic_Technical,2025-10-07,2973.699951171875,1,0,0.45738329796801175,False
2,Logistic_Technical,2025-10-08,3027.199951171875,1,0,0.46359348448884313,False
2,Logistic_Technical,2025-10-09,3061.699951171875,0,0,0.4166839239545678,True
2,Logistic_Technical,2025-10-10,3028.300048828125,0,0,0.4462247594839083,True
2,Logistic_Technical,2025-10-13,3007.199951171875,0,0,0.44317467098235147,True
2,Logistic_Technical,2025-10-14,2960.300048828125,1,1,0.5038620232741408,True
2,Logistic_Technical,2025-10-15,2969.800048828125,1,0,0.4853391931651275,False
2,Logistic_Technical,2025-10-16,2970.699951171875,0,1,0.502320069378424,False
2,Logistic_Technical,2025-10-17,2962.199951171875,1,1,0.5146582817406267,True
2,Logistic_Technical,2025-10-20,3015.199951171875,0,1,0.5600280599748855,False
2,Logistic_Technical,2025-10-21,3006.699951171875,1,1,0.508377587467631,True
2,Logistic_Technical,2025-10-23,3073.199951171875,0,1,0.5566603464922799,False
2,Logistic_Technical,2025-10-24,3063.199951171875,1,0,0.47152867506446156,False
2,Logistic_Technical,2025-10-27,3084.89990234375,0,0,0.42611746412172846,True
2,Logistic_Technical,2025-10-28,3057.89990234375,0,0,0.4279259338376472,True
2,Logistic_Technical,2025-10-29,3057.60009765625,0,0,0.42720594465767586,True
2,Logistic_Technical,2025-10-30,3035.300048828125,1,0,0.4210251607969284,False
2,Logistic_Technical,2025-10-31,3058.0,0,0,0.4604635287122005,True
2,Logistic_Technical,2025-11-03,3016.800048828125,0,0,0.47457006559911497,True
2,Logistic_Technical,2025-11-04,2990.199951171875,1,1,0.5264141040930618,True
2,Logistic_Technical,2025-11-06,3010.89990234375,0,1,0.5159679401642296,False
2,Logistic_Technical,2025-11-07,2991.800048828125,1,1,0.5044219580451677,True
2,Logistic_Technical,2025-11-10,3025.199951171875,1,1,0.5233239621605298,True
2,Logistic_Technical,2025-11-11,3047.0,1,0,0.4788075705083669,False
2,Logistic_Technical,2025-11-12,3131.800048828125,0,0,0.496760078304431,True
2,Logistic_Technical,2025-11-13,3105.699951171875,1,0,0.401478021142055,False
2,Logistic_Technical,2025-11-14,3106.0,0,0,0.37404580822113637,True
2,Logistic_Technical,2025-11-17,3102.199951171875,0,0,0.380507719385948,True
2,Logistic_Technical,2025-11-18,3087.10009765625,1,0,0.36535002565114405,False
2,Logistic_Technical,2025-11-19,3147.699951171875,0,0,0.41634747683483153,True
2,Logistic_Technical,2025-11-20,3144.800048828125,1,0,0.3790883535020849,False
2,Logistic_Technical,2025-11-21,3150.60009765625,0,0,0.38641448469532036,True
2,Logistic_Technical,2025-11-24,3141.199951171875,0,0,0.44436756788404425,True
2,Logistic_Technical,2025-11-25,3119.199951171875,1,0,0.4352573536164184,False
2,Logistic_Technical,2025-11-26,3162.89990234375,0,0,0.4545752470763618,True
2,Logistic_Technical,2025-11-27,3136.60009765625,1,0,0.4655924075568769,False
2,Logistic_Technical,2025-11-28,3137.5,0,0,0.4182206388958523,True
2,Logistic_Technical,2025-12-01,3133.39990234375,1,0,0.40933613999304885,False
2,Logistic_Technical,2025-12-02,3135.699951171875,1,0,0.39007847221398245,False
2,Logistic_Technical,2025-12-03,3180.0,1,0,0.46767319887215203,False
2,Logistic_Technical,2025-12-04,3229.199951171875,1,0,0.4810865993501687,False
2,Logistic_Technical,2025-12-05,3238.199951171875,0,0,0.4904835949548383,True
2,Logistic_Technical,2025-12-08,3236.5,0,1,0.5046614403579954,False
2,Logistic_Technical,2025-12-09,3208.300048828125,0,0,0.49822620009778024,True
2,Logistic_Technical,2025-12-10,3189.199951171875,1,0,0.4926749632286711,False
2,Logistic_Technical,2025-12-11,3191.89990234375,1,1,0.5010638629988635,True
2,Logistic_Technical,2025-12-12,3220.5,1,0,0.46472602085712383,False
2,Logistic_Technical,2025-12-15,3230.199951171875,0,0,0.4510346448090472,True
2,Logistic_Technical,2025-12-16,3205.10009765625,1,0,0.4306075821120457,False
2,Logistic_Technical,2025-12-17,3217.800048828125,1,0,0.43625630791836123,False
2,RandomForest_Technical,2025-09-22,3073.800048828125,0,0,0.44259290436288123,True
2,RandomForest_Technical,2025-09-23,3062.39990234375,0,0,0.47105838381088183,True
2,RandomForest_Technical,2025-09-24,3035.39990234375,0,0,0.47837407721737774,True
2,RandomForest_Technical,2025-09-25,2957.39990234375,0,1,0.5063879053637368,False
2,RandomForest_Technical,2025-09-26,2899.10009765625,0,1,0.5726261822928203,False
2,RandomForest_Technical,2025-09-29,2896.10009765625,0,1,0.59856844595598,False
2,RandomForest_Technical,2025-09-30,2888.39990234375,1,1,0.578267782758016,True
2,RandomForest_Technical,2025-10-01,2914.199951171875,0,1,0.6427736499364787,False
2,RandomForest_Technical,2025-10-03,2901.89990234375,1,1,0.6006473419829271,True
2,RandomForest_Technical,2025-10-06,2988.39990234375,0,1,0.6614735226332255,False
2,RandomForest_Technical,2025-10-07,2973.699951171875,1,1,0.5934643939425563,True
2,RandomForest_Technical,2025-10-08,3027.199951171875,1,1,0.6272887189647421,True
2,RandomForest_Technical,2025-10-09,3061.699951171875,0,1,0.5918155958767747,False
2,RandomForest_Technical,2025-10-10,3028.300048828125,0,1,0.5546278960439653,False
2,RandomForest_Technical,2025-10-13,3007.199951171875,0,1,0.5838698905740073,False
2,RandomForest_Technical,2025-10-14,2960.300048828125,1,1,0.5806390027467977,True
2,RandomForest_Technical,2025-10-15,2969.800048828125,1,1,0.5518386613598856,True
2,RandomForest_Technical,2025-10-16,2970.699951171875,0,1,0.5367080581844978,False
2,RandomForest_Technical,2025-10-17,2962.199951171875,1,1,0.5580914375415119,True
2,RandomForest_Technical,2025-10-20,3015.199951171875,0,1,0.6258940606872307,False
2,RandomForest_Technical,2025-10-21,3006.699951171875,1,1,0.5789301153631162,True
2,RandomForest_Technical,2025-10-23,3073.199951171875,0,1,0.6168343566098319,False
2,RandomForest_Technical,2025-10-24,3063.199951171875,1,1,0.5897906763694128,True
2,RandomForest_Technical,2025-10-27,3084.89990234375,0,1,0.5581142034014068,False
2,RandomForest_Technical,2025-10-28,3057.89990234375,0,1,0.5582369742786157,False
2,RandomForest_Technical,2025-10-29,3057.60009765625,0,1,0.5280196171373127,False
2,RandomForest_Technical,2025-10-30,3035.300048828125,1,1,0.5560463866535857,True
2,RandomForest_Technical,2025-10-31,3058.0,0,1,0.5640540404845775,False
2,RandomForest_Technical,2025-11-03,3016.800048828125,0,1,0.5695384748705022,False
2,RandomForest_Technical,2025-11-04,2990.199951171875,1,1,0.5759121448888009,True
2,RandomForest_Technical,2025-11-06,3010.89990234375,0,1,0.5754683810511598,False
2,RandomForest_Technical,2025-11-07,2991.800048828125,1,1,0.5481886244434154,True
2,RandomForest_Technical,2025-11-10,3025.199951171875,1,1,0.5829453773871,True
2,RandomForest_Technical,2025-11-11,3047.0,1,1,0.5412459489579892,True
2,RandomForest_Technical,2025-11-12,3131.800048828125,0,1,0.584438189367754,False
2,RandomForest_Technical,2025-11-13,3105.699951171875,1,1,0.5626728444764181,True
2,RandomForest_Technical,2025-11-14,3106.0,0,1,0.526565637936238,False
2,RandomForest_Technical,2025-11-17,3102.199951171875,0,1,0.5429662054112918,False
2,RandomForest_Technical,2025-11-18,3087.10009765625,1,1,0.5390497538781276,True
2,RandomForest_Technical,2025-11-19,3147.699951171875,0,1,0.5572065812204746,False
2,RandomForest_Technical,2025-11-20,3144.800048828125,1,0,0.46622245629743003,False
2,RandomForest_Technical,2025-11-21,3150.60009765625,0,0,0.4591568147739886,True
2,RandomForest_Technical,2025-11-24,3141.199951171875,0,0,0.48839042910018704,True
2,RandomForest_Technical,2025-11-25,3119.199951171875,1,1,0.5267035258917508,True
2,RandomForest_Technical,2025-11-26,3162.89990234375,0,1,0.5595590456947785,False
2,RandomForest_Technical,2025-11-27,3136.60009765625,1,1,0.5300347032580874,True
2,RandomForest_Technical,2025-11-28,3137.5,0,0,0.4790896664673643,True
2,RandomForest_Technical,2025-12-01,3133.39990234375,1,0,0.4586852480703938,False
2,RandomForest_Technical,2025-12-02,3135.699951171875,1,0,0.42036862599556507,False
2,RandomForest_Technical,2025-12-03,3180.0,1,1,0.5368597912220963,True
2,RandomForest_Technical,2025-12-04,3229.199951171875,1,1,0.5014238292937727,True
2,RandomForest_Technical,2025-12-05,3238.199951171875,0,0,0.4681142447240197,True
2,RandomForest_Technical,2025-12-08,3236.5,0,0,0.4622574000123606,True
2,RandomForest_Technical,2025-12-09,3208.300048828125,0,0,0.4758125079744505,True
2,RandomForest_Technical,2025-12-10,3189.199951171875,1,1,0.500518179236354,True
2,RandomForest_Technical,2025-12-11,3191.89990234375,1,0,0.46112325461306986,False
2,RandomForest_Technical,2025-12-12,3220.5,1,0,0.4584626329634562,False
2,RandomForest_Technical,2025-12-15,3230.199951171875,0,0,0.433234898042002,True
2,RandomForest_Technical,2025-12-16,3205.10009765625,1,0,0.4123167169589593,False
2,RandomForest_Technical,2025-12-17,3217.800048828125,1,0,0.4376833820714121,False
2,XGBoost_Technical,2025-09-22,3073.800048828125,0,0,0.4331827461719513,True
2,XGBoost_Technical,2025-09-23,3062.39990234375,0,0,0.4763382375240326,True
2,XGBoost_Technical,2025-09-24,3035.39990234375,0,0,0.42802882194519043,True
2,XGBoost_Technical,2025-09-25,2957.39990234375,0,0,0.47979801893234253,True
2,XGBoost_Technical,2025-09-26,2899.10009765625,0,1,0.6576248407363892,False
2,XGBoost_Technical,2025-09-29,2896.10009765625,0,1,0.6525893211364746,False
2,XGBoost_Technical,2025-09-30,2888.39990234375,1,1,0.5409995913505554,True
2,XGBoost_Technical,2025-10-01,2914.199951171875,0,1,0.6643733382225037,False
2,XGBoost_Technical,2025-10-03,2901.89990234375,1,1,0.5878764390945435,True
2,XGBoost_Technical,2025-10-06,2988.39990234375,0,1,0.6823095679283142,False
2,XGBoost_Technical,2025-10-07,2973.699951171875,1,1,0.5216243267059326,True
2,XGBoost_Technical,2025-10-08,3027.199951171875,1,1,0.5096185207366943,True
2,XGBoost_Technical,2025-10-09,3061.699951171875,0,1,0.5682640075683594,False
2,XGBoost_Technical,2025-10-10,3028.300048828125,0,0,0.40710338950157166,True
2,XGBoost_Technical,2025-10-13,3007.199951171875,0,0,0.4039950668811798,True
2,XGBoost_Technical,2025-10-14,2960.300048828125,1,1,0.5402258634567261,True
2,XGBoost_Technical,2025-10-15,2969.800048828125,1,0,0.34071987867355347,False
2,XGBoost_Technical,2025-10-16,2970.699951171875,0,0,0.3772903084754944,True
2,XGBoost_Technical,2025-10-17,2962.199951171875,1,0,0.4076969623565674,False
2,XGBoost_Technical,2025-10-20,3015.199951171875,0,1,0.5302289128303528,False
2,XGBoost_Technical,2025-10-21,3006.699951171875,1,1,0.5694426894187927,True
2,XGBoost_Technical,2025-10-23,3073.199951171875,0,1,0.5703098177909851,False
2,XGBoost_Technical,2025-10-24,3063.199951171875,1,1,0.5039381384849548,True
2,XGBoost_Technical,2025-10-27,3084.89990234375,0,0,0.4929680824279785,True
2,XGBoost_Technical,2025-10-28,3057.89990234375,0,1,0.554294764995575,False
2,XGBoost_Technical,2025-10-29,3057.60009765625,0,0,0.41323551535606384,True
2,XGBoost_Technical,2025-10-30,3035.300048828125,1,0,0.39411646127700806,False
2,XGBoost_Technical,2025-10-31,3058.0,0,0,0.44932910799980164,True
2,XGBoost_Technical,2025-11-03,3016.800048828125,0,0,0.47127100825309753,True
2,XGBoost_Technical,2025-11-04,2990.199951171875,1,0,0.48231106996536255,False
2,XGBoost_Technical,2025-11-06,3010.89990234375,0,1,0.5359578132629395,False
2,XGBoost_Technical,2025-11-07,2991.800048828125,1,0,0.4661104381084442,False
2,XGBoost_Technical,2025-11-10,3025.199951171875,1,1,0.5793200135231018,True
2,XGBoost_Technical,2025-11-11,3047.0,1,1,0.5158795118331909,True
2,XGBoost_Technical,2025-11-12,3131.800048828125,0,1,0.5581799745559692,False
2,XGBoost_Technical,2025-11-13,3105.699951171875,1,1,0.5508525967597961,True
2,XGBoost_Technical,2025-11-14,3106.0,0,0,0.4913845360279083,True
2,XGBoost_Technical,2025-11-17,3102.199951171875,0,1,0.5663527846336365,False
2,XGBoost_Technical,2025-11-18,3087.10009765625,1,1,0.5040791630744934,True
2,XGBoost_Technical,2025-11-19,3147.699951171875,0,1,0.5239076614379883,False
2,XGBoost_Technical,2025-11-20,3144.800048828125,1,0,0.4036285877227783,False
2,XGBoost_Technical,2025-11-21,3150.60009765625,0,0,0.31996282935142517,True
2,XGBoost_Technical,2025-11-24,3141.199951171875,0,0,0.3829484283924103,True
2,XGBoost_Technical,2025-11-25,3119.199951171875,1,1,0.5291553139686584,True
2,XGBoost_Technical,2025-11-26,3162.89990234375,0,1,0.546735405921936,False
2,XGBoost_Technical,2025-11-27,3136.60009765625,1,1,0.5573557615280151,True
2,XGBoost_Technical,2025-11-28,3137.5,0,0,0.49827611446380615,True
2,XGBoost_Technical,2025-12-01,3133.39990234375,1,0,0.4232272505760193,False
2,XGBoost_Technical,2025-12-02,3135.699951171875,1,0,0.37047114968299866,False
2,XGBoost_Technical,2025-12-03,3180.0,1,1,0.5058090686798096,True
2,XGBoost_Technical,2025-12-04,3229.199951171875,1,0,0.3477610945701599,False
2,XGBoost_Technical,2025-12-05,3238.199951171875,0,0,0.36309030652046204,True
2,XGBoost_Technical,2025-12-08,3236.5,0,0,0.425113320350647,True
2,XGBoost_Technical,2025-12-09,3208.300048828125,0,0,0.43500247597694397,True
2,XGBoost_Technical,2025-12-10,3189.199951171875,1,1,0.5364366769790649,True
2,XGBoost_Technical,2025-12-11,3191.89990234375,1,0,0.45791515707969666,False
2,XGBoost_Technical,2025-12-12,3220.5,1,0,0.2988397777080536,False
2,XGBoost_Technical,2025-12-15,3230.199951171875,0,0,0.3284200429916382,True
2,XGBoost_Technical,2025-12-16,3205.10009765625,1,0,0.3668905198574066,False
2,XGBoost_Technical,2025-12-17,3217.800048828125,1,0,0.38648930191993713,False
2,Logistic_Tech_News,2025-09-22,3073.800048828125,0,0,0.37626904369397196,True
2,Logistic_Tech_News,2025-09-23,3062.39990234375,0,0,0.41722463946546023,True
2,Logistic_Tech_News,2025-09-24,3035.39990234375,0,0,0.3985497743782912,True
2,Logistic_Tech_News,2025-09-25,2957.39990234375,0,0,0.4800658121144377,True
2,Logistic_Tech_News,2025-09-26,2899.10009765625,0,1,0.5040719790845523,False
2,Logistic_Tech_News,2025-09-29,2896.10009765625,0,1,0.5269426679122461,False
2,Logistic_Tech_News,2025-09-30,2888.39990234375,1,1,0.5143345984751683,True
2,Logistic_Tech_News,2025-10-01,2914.199951171875,0,1,0.533322103910084,False
2,Logistic_Tech_News,2025-10-03,2901.89990234375,1,0,0.4970550655042553,False
2,Logistic_Tech_News,2025-10-06,2988.39990234375,0,1,0.5139719813740479,False
2,Logistic_Tech_News,2025-10-07,2973.699951171875,1,0,0.4395860753510446,False
2,Logistic_Tech_News,2025-10-08,3027.199951171875,1,0,0.4484871559893011,False
2,Logistic_Tech_News,2025-10-09,3061.699951171875,0,0,0.40386426183681556,True
2,Logistic_Tech_News,2025-10-10,3028.300048828125,0,0,0.43927402067232724,True
2,Logistic_Tech_News,2025-10-13,3007.199951171875,0,0,0.43721506111437597,True
2,Logistic_Tech_News,2025-10-14,2960.300048828125,1,0,0.49517681020077337,False
2,Logistic_Tech_News,2025-10-15,2969.800048828125,1,0,0.4804598098272044,False
2,Logistic_Tech_News,2025-10-16,2970.699951171875,0,0,0.49707712233341766,True
2,Logistic_Tech_News,2025-10-17,2962.199951171875,1,1,0.5094875624328277,True
2,Logistic_Tech_News,2025-10-20,3015.199951171875,0,1,0.5581904439182858,False
2,Logistic_Tech_News,2025-10-21,3006.699951171875,1,1,0.5075657885434044,True
2,Logistic_Tech_News,2025-10-23,3073.199951171875,0,1,0.5518228515094682,False
2,Logistic_Tech_News,2025-10-24,3063.199951171875,1,0,0.473200799042068,False
2,Logistic_Tech_News,2025-10-27,3084.89990234375,0,0,0.4284611650735116,True
2,Logistic_Tech_News,2025-10-28,3057.89990234375,0,0,0.43038197058631567,True
2,Logistic_Tech_News,2025-10-29,3057.60009765625,0,0,0.4317809071166624,True
2,Logistic_Tech_News,2025-10-30,3035.300048828125,1,0,0.4251577203808319,False
2,Logistic_Tech_News,2025-10-31,3058.0,0,0,0.46361522693962015,True
2,Logistic_Tech_News,2025-11-03,3016.800048828125,0,0,0.47681265392668154,True
2,Logistic_Tech_News,2025-11-04,2990.199951171875,1,1,0.5276917828330608,True
2,Logistic_Tech_News,2025-11-06,3010.89990234375,0,1,0.518628396419099,False
2,Logistic_Tech_News,2025-11-07,2991.800048828125,1,1,0.5057768948644481,True
2,Logistic_Tech_News,2025-11-10,3025.199951171875,1,1,0.5218630234902235,True
2,Logistic_Tech_News,2025-11-11,3047.0,1,0,0.47393995974386754,False
2,Logistic_Tech_News,2025-11-12,3131.800048828125,0,0,0.4895220592798173,True
2,Logistic_Tech_News,2025-11-13,3105.699951171875,1,0,0.3972576021033479,False
2,Logistic_Tech_News,2025-11-14,3106.0,0,0,0.37259989449134145,True
2,Logistic_Tech_News,2025-11-17,3102.199951171875,0,0,0.37844137827810903,True
2,Logistic_Tech_News,2025-11-18,3087.10009765625,1,0,0.3634879419721045,False
2,Logistic_Tech_News,2025-11-19,3147.699951171875,0,0,0.4092606833466895,True
2,Logistic_Tech_News,2025-11-20,3144.800048828125,1,0,0.3745233134542784,False
2,Logistic_Tech_News,2025-11-21,3150.60009765625,0,0,0.38188964696957467,True
2,Logistic_Tech_News,2025-11-24,3141.199951171875,0,0,0.4395555505525881,True
2,Logistic_Tech_News,2025-11-25,3119.199951171875,1,0,0.43235776008423277,False
2,Logistic_Tech_News,2025-11-26,3162.89990234375,0,0,0.4513307278440369,True
2,Logistic_Tech_News,2025-11-27,3136.60009765625,1,0,0.45889909607179463,False
2,Logistic_Tech_News,2025-11-28,3137.5,0,0,0.41464419521851115,True
2,Logistic_Tech_News,2025-12-01,3133.39990234375,1,0,0.40420881800214714,False
2,Logistic_Tech_News,2025-12-02,3135.699951171875,1,0,0.3870790426832298,False
2,Logistic_Tech_News,2025-12-03,3180.0,1,0,0.45820430010065055,False
2,Logistic_Tech_News,2025-12-04,3229.199951171875,1,0,0.4690189683280583,False
2,Logistic_Tech_News,2025-12-05,3238.199951171875,0,0,0.48241371200831823,True
2,Logistic_Tech_News,2025-12-08,3236.5,0,0,0.4984795635808098,True
2,Logistic_Tech_News,2025-12-09,3208.300048828125,0,0,0.49729501988906283,True
2,Logistic_Tech_News,2025-12-10,3189.199951171875,1,0,0.4894276872205638,False
2,Logistic_Tech_News,2025-12-11,3191.89990234375,1,0,0.49699336435470487,False
2,Logistic_Tech_News,2025-12-12,3220.5,1,0,0.4614973373391159,False
2,Logistic_Tech_News,2025-12-15,3230.199951171875,0,0,0.4466150832367766,True
2,Logistic_Tech_News,2025-12-16,3205.10009765625,1,0,0.4270933985217894,False
2,Logistic_Tech_News,2025-12-17,3217.800048828125,1,0,0.4298526640041804,False
2,RandomForest_Tech_News,2025-09-22,3073.800048828125,0,0,0.4627625388428285,True
2,RandomForest_Tech_News,2025-09-23,3062.39990234375,0,0,0.4818871122698786,True
2,RandomForest_Tech_News,2025-09-24,3035.39990234375,0,0,0.49649534818225777,True
2,RandomForest_Tech_News,2025-09-25,2957.39990234375,0,0,0.4333322166282453,True
2,RandomForest_Tech_News,2025-09-26,2899.10009765625,0,1,0.5161627293651883,False
2,RandomForest_Tech_News,2025-09-29,2896.10009765625,0,1,0.5154168892393752,False
2,RandomForest_Tech_News,2025-09-30,2888.39990234375,1,1,0.5423210054341243,True
2,RandomForest_Tech_News,2025-10-01,2914.199951171875,0,1,0.5913145477187096,False
2,RandomForest_Tech_News,2025-10-03,2901.89990234375,1,1,0.603090055970346,True
2,RandomForest_Tech_News,2025-10-06,2988.39990234375,0,1,0.646147279557313,False
2,RandomForest_Tech_News,2025-10-07,2973.699951171875,1,1,0.5655114732430385,True
2,RandomForest_Tech_News,2025-10-08,3027.199951171875,1,1,0.5780304581273092,True
2,RandomForest_Tech_News,2025-10-09,3061.699951171875,0,1,0.5415032807409691,False
2,RandomForest_Tech_News,2025-10-10,3028.300048828125,0,1,0.5437777353723048,False
2,RandomForest_Tech_News,2025-10-13,3007.199951171875,0,0,0.4936214044375466,True
2,RandomForest_Tech_News,2025-10-14,2960.300048828125,1,1,0.5756747531155474,True
2,RandomForest_Tech_News,2025-10-15,2969.800048828125,1,0,0.4797202040300102,False
2,RandomForest_Tech_News,2025-10-16,2970.699951171875,0,0,0.49354877878087194,True
2,RandomForest_Tech_News,2025-10-17,2962.199951171875,1,0,0.47427642241282014,False
2,RandomForest_Tech_News,2025-10-20,3015.199951171875,0,1,0.5952874567907389,False
2,RandomForest_Tech_News,2025-10-21,3006.699951171875,1,1,0.525538566597423,True
2,RandomForest_Tech_News,2025-10-23,3073.199951171875,0,1,0.5933487586359965,False
2,RandomForest_Tech_News,2025-10-24,3063.199951171875,1,1,0.560980917184892,True
2,RandomForest_Tech_News,2025-10-27,3084.89990234375,0,0,0.47039799255704934,True
2,RandomForest_Tech_News,2025-10-28,3057.89990234375,0,0,0.4704487999164837,True
2,RandomForest_Tech_News,2025-10-29,3057.60009765625,0,0,0.4479176977185746,True
2,RandomForest_Tech_News,2025-10-30,3035.300048828125,1,0,0.47000785646859045,False
2,RandomForest_Tech_News,2025-10-31,3058.0,0,0,0.48605828834757986,True
2,RandomForest_Tech_News,2025-11-03,3016.800048828125,0,1,0.5467045345090409,False
2,RandomForest_Tech_News,2025-11-04,2990.199951171875,1,1,0.5490099245786588,True
2,RandomForest_Tech_News,2025-11-06,3010.89990234375,0,1,0.569214482585386,False
2,RandomForest_Tech_News,2025-11-07,2991.800048828125,1,1,0.5377876289547637,True
2,RandomForest_Tech_News,2025-11-10,3025.199951171875,1,1,0.563940886520715,True
2,RandomForest_Tech_News,2025-11-11,3047.0,1,1,0.5271357634146107,True
2,RandomForest_Tech_News,2025-11-12,3131.800048828125,0,1,0.5361173541666527,False
2,RandomForest_Tech_News,2025-11-13,3105.699951171875,1,1,0.5391280984127917,True
2,RandomForest_Tech_News,2025-11-14,3106.0,0,0,0.4427414476852569,True
2,RandomForest_Tech_News,2025-11-17,3102.199951171875,0,0,0.48358994516483117,True
2,RandomForest_Tech_News,2025-11-18,3087.10009765625,1,0,0.481864351991604,False
2,RandomForest_Tech_News,2025-11-19,3147.699951171875,0,0,0.4395820566351126,True
2,RandomForest_Tech_News,2025-11-20,3144.800048828125,1,0,0.38652182512802996,False
2,RandomForest_Tech_News,2025-11-21,3150.60009765625,0,0,0.3856539981494912,True
2,RandomForest_Tech_News,2025-11-24,3141.199951171875,0,0,0.40086043149289885,True
2,RandomForest_Tech_News,2025-11-25,3119.199951171875,1,0,0.43498593089761317,False
2,RandomForest_Tech_News,2025-11-26,3162.89990234375,0,0,0.47716274754588633,True
2,RandomForest_Tech_News,2025-11-27,3136.60009765625,1,0,0.4179052231025742,False
2,RandomForest_Tech_News,2025-11-28,3137.5,0,0,0.3845119084153657,True
2,RandomForest_Tech_News,2025-12-01,3133.39990234375,1,0,0.358820123846842,False
2,RandomForest_Tech_News,2025-12-02,3135.699951171875,1,0,0.33318483726267717,False
2,RandomForest_Tech_News,2025-12-03,3180.0,1,0,0.41384081311270293,False
2,RandomForest_Tech_News,2025-12-04,3229.199951171875,1,0,0.4655185836162975,False
2,RandomForest_Tech_News,2025-12-05,3238.199951171875,0,0,0.4457448599205145,True
2,RandomForest_Tech_News,2025-12-08,3236.5,0,0,0.4475655401095826,True
2,RandomForest_Tech_News,2025-12-09,3208.300048828125,0,0,0.4557911811215592,True
2,RandomForest_Tech_News,2025-12-10,3189.199951171875,1,0,0.467620601313833,False
2,RandomForest_Tech_News,2025-12-11,3191.89990234375,1,0,0.4586436862904145,False
2,RandomForest_Tech_News,2025-12-12,3220.5,1,0,0.4313048347656491,False
2,RandomForest_Tech_News,2025-12-15,3230.199951171875,0,0,0.4356430162701249,True
2,RandomForest_Tech_News,2025-12-16,3205.10009765625,1,0,0.3945660951816865,False
2,RandomForest_Tech_News,2025-12-17,3217.800048828125,1,0,0.4236916762220687,False
2,XGBoost_Tech_News,2025-09-22,3073.800048828125,0,1,0.5283542275428772,False
2,XGBoost_Tech_News,2025-09-23,3062.39990234375,0,1,0.515191912651062,False
2,XGBoost_Tech_News,2025-09-24,3035.39990234375,0,0,0.45256972312927246,True
2,XGBoost_Tech_News,2025-09-25,2957.39990234375,0,1,0.5254817008972168,False
2,XGBoost_Tech_News,2025-09-26,2899.10009765625,0,1,0.7103037238121033,False
2,XGBoost_Tech_News,2025-09-29,2896.10009765625,0,1,0.7312830686569214,False
2,XGBoost_Tech_News,2025-09-30,2888.39990234375,1,1,0.6275039315223694,True
2,XGBoost_Tech_News,2025-10-01,2914.199951171875,0,1,0.6981157660484314,False
2,XGBoost_Tech_News,2025-10-03,2901.89990234375,1,1,0.6133198738098145,True
2,XGBoost_Tech_News,2025-10-06,2988.39990234375,0,1,0.6760087013244629,False
2,XGBoost_Tech_News,2025-10-07,2973.699951171875,1,1,0.5153000950813293,True
2,XGBoost_Tech_News,2025-10-08,3027.199951171875,1,1,0.5024268627166748,True
2,XGBoost_Tech_News,2025-10-09,3061.699951171875,0,0,0.46887463331222534,True
2,XGBoost_Tech_News,2025-10-10,3028.300048828125,0,0,0.3708830773830414,True
2,XGBoost_Tech_News,2025-10-13,3007.199951171875,0,0,0.35572338104248047,True
2,XGBoost_Tech_News,2025-10-14,2960.300048828125,1,0,0.47830092906951904,False
2,XGBoost_Tech_News,2025-10-15,2969.800048828125,1,0,0.3322133719921112,False
2,XGBoost_Tech_News,2025-10-16,2970.699951171875,0,0,0.3526726961135864,True
2,XGBoost_Tech_News,2025-10-17,2962.199951171875,1,0,0.38074517250061035,False
2,XGBoost_Tech_News,2025-10-20,3015.199951171875,0,0,0.49560755491256714,True
2,XGBoost_Tech_News,2025-10-21,3006.699951171875,1,1,0.5759750604629517,True
2,XGBoost_Tech_News,2025-10-23,3073.199951171875,0,1,0.5505428314208984,False
2,XGBoost_Tech_News,2025-10-24,3063.199951171875,1,0,0.45653268694877625,False
2,XGBoost_Tech_News,2025-10-27,3084.89990234375,0,0,0.40603598952293396,True
2,XGBoost_Tech_News,2025-10-28,3057.89990234375,0,0,0.48476213216781616,True
2,XGBoost_Tech_News,2025-10-29,3057.60009765625,0,0,0.33184516429901123,True
2,XGBoost_Tech_News,2025-10-30,3035.300048828125,1,0,0.31507280468940735,False
2,XGBoost_Tech_News,2025-10-31,3058.0,0,0,0.3491019308567047,True
2,XGBoost_Tech_News,2025-11-03,3016.800048828125,0,0,0.40252330899238586,True
2,XGBoost_Tech_News,2025-11-04,2990.199951171875,1,0,0.4556960463523865,False
2,XGBoost_Tech_News,2025-11-06,3010.89990234375,0,1,0.5008084774017334,False
2,XGBoost_Tech_News,2025-11-07,2991.800048828125,1,0,0.45675405859947205,False
2,XGBoost_Tech_News,2025-11-10,3025.199951171875,1,1,0.5452007055282593,True
2,XGBoost_Tech_News,2025-11-11,3047.0,1,1,0.5727320909500122,True
2,XGBoost_Tech_News,2025-11-12,3131.800048828125,0,1,0.5053296685218811,False
2,XGBoost_Tech_News,2025-11-13,3105.699951171875,1,1,0.5176041722297668,True
2,XGBoost_Tech_News,2025-11-14,3106.0,0,0,0.4738748371601105,True
2,XGBoost_Tech_News,2025-11-17,3102.199951171875,0,1,0.5922509431838989,False
2,XGBoost_Tech_News,2025-11-18,3087.10009765625,1,0,0.48895159363746643,False
2,XGBoost_Tech_News,2025-11-19,3147.699951171875,0,0,0.42297741770744324,True
2,XGBoost_Tech_News,2025-11-20,3144.800048828125,1,0,0.31784823536872864,False
2,XGBoost_Tech_News,2025-11-21,3150.60009765625,0,0,0.2682289481163025,True
2,XGBoost_Tech_News,2025-11-24,3141.199951171875,0,0,0.32683223485946655,True
2,XGBoost_Tech_News,2025-11-25,3119.199951171875,1,0,0.45034921169281006,False
2,XGBoost_Tech_News,2025-11-26,3162.89990234375,0,0,0.4967363774776459,True
2,XGBoost_Tech_News,2025-11-27,3136.60009765625,1,1,0.5123834013938904,True
2,XGBoost_Tech_News,2025-11-28,3137.5,0,0,0.43667104840278625,True
2,XGBoost_Tech_News,2025-12-01,3133.39990234375,1,0,0.3748071491718292,False
2,XGBoost_Tech_News,2025-12-02,3135.699951171875,1,0,0.3160683512687683,False
2,XGBoost_Tech_News,2025-12-03,3180.0,1,0,0.4188588559627533,False
2,XGBoost_Tech_News,2025-12-04,3229.199951171875,1,0,0.3204750120639801,False
2,XGBoost_Tech_News,2025-12-05,3238.199951171875,0,0,0.33969059586524963,True
2,XGBoost_Tech_News,2025-12-08,3236.5,0,0,0.3669711947441101,True
2,XGBoost_Tech_News,2025-12-09,3208.300048828125,0,0,0.3874915540218353,True
2,XGBoost_Tech_News,2025-12-10,3189.199951171875,1,0,0.4804534614086151,False
2,XGBoost_Tech_News,2025-12-11,3191.89990234375,1,0,0.4452047348022461,False
2,XGBoost_Tech_News,2025-12-12,3220.5,1,0,0.3167272210121155,False
2,XGBoost_Tech_News,2025-12-15,3230.199951171875,0,0,0.3189511001110077,True
2,XGBoost_Tech_News,2025-12-16,3205.10009765625,1,0,0.3840359151363373,False
2,XGBoost_Tech_News,2025-12-17,3217.800048828125,1,0,0.437486469745636,False
3,Logistic_Technical,2025-12-18,3280.800048828125,1,1,0.5601877659881902,True
3,Logistic_Technical,2025-12-19,3282.0,1,1,0.5399338306290065,True
3,Logistic_Technical,2025-12-22,3324.89990234375,0,1,0.5027395670857097,False
3,Logistic_Technical,2025-12-23,3310.0,1,0,0.4538846314099307,False
3,Logistic_Technical,2025-12-24,3319.0,0,0,0.4374736842790968,True
3,Logistic_Technical,2025-12-26,3280.0,0,0,0.456153289060467,True
3,Logistic_Technical,2025-12-29,3251.5,0,0,0.4781191340691583,True
3,Logistic_Technical,2025-12-30,3246.800048828125,0,0,0.4846779660557337,True
3,Logistic_Technical,2025-12-31,3206.199951171875,1,1,0.5340754521261392,True
3,Logistic_Technical,2026-01-01,3227.39990234375,1,1,0.5428702273616259,True
3,Logistic_Technical,2026-01-02,3250.699951171875,0,1,0.5158905287480791,False
3,Logistic_Technical,2026-01-05,3216.10009765625,1,1,0.5042655087464806,True
3,Logistic_Technical,2026-01-06,3255.800048828125,1,0,0.49804382167026245,False
3,Logistic_Technical,2026-01-07,3295.60009765625,0,0,0.48444431214758493,True
3,Logistic_Technical,2026-01-08,3203.89990234375,1,1,0.534610486072295,True
3,Logistic_Technical,2026-01-09,3207.800048828125,1,0,0.4856379388570346,False
3,Logistic_Technical,2026-01-12,3239.60009765625,1,1,0.5168520818391353,True
3,Logistic_Technical,2026-01-13,3268.0,0,1,0.5428478276235663,False
3,Logistic_Technical,2026-01-14,3192.5,0,1,0.5771271274450019,False
3,Logistic_Technical,2026-01-15,3192.5,1,1,0.5160860206433149,True
3,Logistic_Technical,2026-01-19,3163.60009765625,0,1,0.5369642457846346,False
3,Logistic_Technical,2026-01-20,3102.300048828125,1,1,0.5406797049594397,True
3,Logistic_Technical,2026-01-21,3122.60009765625,1,1,0.5042253822881289,True
3,Logistic_Technical,2026-01-22,3150.39990234375,1,1,0.5103226218583631,True
3,Logistic_Technical,2026-01-23,3162.5,0,1,0.5467538749681755,False
3,Logistic_Technical,2026-01-27,3158.0,1,1,0.5252771212984394,True
3,Logistic_Technical,2026-01-28,3200.10009765625,0,0,0.489462049154125,True
3,Logistic_Technical,2026-01-29,3144.39990234375,0,0,0.4987229743930174,True
3,Logistic_Technical,2026-01-30,3123.89990234375,1,0,0.4804660450242981,False
3,Logistic_Technical,2026-02-02,3169.60009765625,1,1,0.5609975116589857,True
3,Logistic_Technical,2026-02-03,3225.300048828125,0,1,0.7160920345555518,False
3,Logistic_Technical,2026-02-04,2999.10009765625,0,1,0.5405071621960865,False
3,Logistic_Technical,2026-02-05,2991.5,0,1,0.5763241882460708,False
3,Logistic_Technical,2026-02-06,2941.60009765625,1,1,0.6078988212689608,True
3,Logistic_Technical,2026-02-09,2948.199951171875,1,1,0.6382000495695445,True
3,Logistic_Technical,2026-02-10,2984.60009765625,0,1,0.6772158899153663,False
3,Logistic_Technical,2026-02-11,2909.800048828125,0,1,0.6918585627658903,False
3,Logistic_Technical,2026-02-12,2750.10009765625,0,1,0.7496947593748106,False
3,Logistic_Technical,2026-02-13,2692.199951171875,1,1,0.702395441083335,True
3,Logistic_Technical,2026-02-16,2706.60009765625,1,1,0.7781181189816169,True
3,Logistic_Technical,2026-02-17,2717.39990234375,0,1,0.7959250830378306,False
3,Logistic_Technical,2026-02-18,2694.89990234375,0,1,0.8067507635710254,False
3,Logistic_Technical,2026-02-19,2677.89990234375,1,1,0.8140707853073552,True
3,Logistic_Technical,2026-02-20,2686.199951171875,0,1,0.7740005104925314,False
3,Logistic_Technical,2026-02-23,2676.300048828125,0,1,0.7678516347521892,False
3,Logistic_Technical,2026-02-24,2573.699951171875,1,1,0.784167847543774,True
3,Logistic_Technical,2026-02-25,2629.300048828125,1,1,0.7866377960592059,True
3,Logistic_Technical,2026-02-26,2647.699951171875,0,1,0.7719074417296754,False
3,Logistic_Technical,2026-02-27,2637.39990234375,0,1,0.7981791696220768,False
3,Logistic_Technical,2026-03-02,2613.5,0,1,0.7333089433469524,False
3,Logistic_Technical,2026-03-04,2587.800048828125,0,1,0.8236511794338592,False
3,Logistic_Technical,2026-03-05,2578.800048828125,0,1,0.816390762696055,False
3,Logistic_Technical,2026-03-06,2557.60009765625,0,1,0.8161688018721608,False
3,Logistic_Technical,2026-03-09,2527.39990234375,0,1,0.8014541377904892,False
3,Logistic_Technical,2026-03-10,2513.10009765625,0,1,0.8337562114132896,False
3,Logistic_Technical,2026-03-11,2464.89990234375,0,1,0.8361523902001469,False
3,Logistic_Technical,2026-03-12,2442.39990234375,0,1,0.8526637128493562,False
3,Logistic_Technical,2026-03-13,2410.5,0,1,0.8614479462118675,False
3,Logistic_Technical,2026-03-16,2409.199951171875,0,1,0.8451543004944388,False
3,Logistic_Technical,2026-03-17,2391.699951171875,1,1,0.8589328875354941,True
3,RandomForest_Technical,2025-12-18,3280.800048828125,1,1,0.5322851733150759,True
3,RandomForest_Technical,2025-12-19,3282.0,1,1,0.5734897470712643,True
3,RandomForest_Technical,2025-12-22,3324.89990234375,0,0,0.43868557539041786,True
3,RandomForest_Technical,2025-12-23,3310.0,1,0,0.4851105600921284,False
3,RandomForest_Technical,2025-12-24,3319.0,0,0,0.4579069823452652,True
3,RandomForest_Technical,2025-12-26,3280.0,0,1,0.5702000253174867,False
3,RandomForest_Technical,2025-12-29,3251.5,0,1,0.5993880166256469,False
3,RandomForest_Technical,2025-12-30,3246.800048828125,0,1,0.5483226333485808,False
3,RandomForest_Technical,2025-12-31,3206.199951171875,1,1,0.6031420742315434,True
3,RandomForest_Technical,2026-01-01,3227.39990234375,1,1,0.5557333326335028,True
3,RandomForest_Technical,2026-01-02,3250.699951171875,0,1,0.579179545623741,False
3,RandomForest_Technical,2026-01-05,3216.10009765625,1,1,0.5997436853051541,True
3,RandomForest_Technical,2026-01-06,3255.800048828125,1,1,0.5834949578745955,True
3,RandomForest_Technical,2026-01-07,3295.60009765625,0,1,0.607675538099578,False
3,RandomForest_Technical,2026-01-08,3203.89990234375,1,1,0.5143192996869107,True
3,RandomForest_Technical,2026-01-09,3207.800048828125,1,1,0.5265676822709835,True
3,RandomForest_Technical,2026-01-12,3239.60009765625,1,1,0.5844910848886574,True
3,RandomForest_Technical,2026-01-13,3268.0,0,1,0.5319383627577214,False
3,RandomForest_Technical,2026-01-14,3192.5,0,0,0.49463765803691373,True
3,RandomForest_Technical,2026-01-15,3192.5,1,1,0.5006909710627021,True
3,RandomForest_Technical,2026-01-19,3163.60009765625,0,1,0.5063801627795097,False
3,RandomForest_Technical,2026-01-20,3102.300048828125,1,0,0.46536703455530243,False
3,RandomForest_Technical,2026-01-21,3122.60009765625,1,1,0.5322239382530135,True
3,RandomForest_Technical,2026-01-22,3150.39990234375,1,0,0.4989116951390594,False
3,RandomForest_Technical,2026-01-23,3162.5,0,1,0.547803318976607,False
3,RandomForest_Technical,2026-01-27,3158.0,1,1,0.5126940937757581,True
3,RandomForest_Technical,2026-01-28,3200.10009765625,0,1,0.5016199464484695,False
3,RandomForest_Technical,2026-01-29,3144.39990234375,0,1,0.5347730659016341,False
3,RandomForest_Technical,2026-01-30,3123.89990234375,1,1,0.5257458747533823,True
3,RandomForest_Technical,2026-02-02,3169.60009765625,1,1,0.5537456580933601,True
3,RandomForest_Technical,2026-02-03,3225.300048828125,0,1,0.5931849690549239,False
3,RandomForest_Technical,2026-02-04,2999.10009765625,0,0,0.4836838984186731,True
3,RandomForest_Technical,2026-02-05,2991.5,0,1,0.5391624099093046,False
3,RandomForest_Technical,2026-02-06,2941.60009765625,1,1,0.591373148016261,True
3,RandomForest_Technical,2026-02-09,2948.199951171875,1,1,0.5572598730825274,True
3,RandomForest_Technical,2026-02-10,2984.60009765625,0,1,0.582981978340855,False
3,RandomForest_Technical,2026-02-11,2909.800048828125,0,1,0.5531500159396515,False
3,RandomForest_Technical,2026-02-12,2750.10009765625,0,1,0.5273761250143686,False
3,RandomForest_Technical,2026-02-13,2692.199951171875,1,1,0.5600115674405264,True
3,RandomForest_Technical,2026-02-16,2706.60009765625,1,1,0.5644031680101455,True
3,RandomForest_Technical,2026-02-17,2717.39990234375,0,1,0.5981739677501475,False
3,RandomForest_Technical,2026-02-18,2694.89990234375,0,1,0.664340475312518,False
3,RandomForest_Technical,2026-02-19,2677.89990234375,1,1,0.6921208631626763,True
3,RandomForest_Technical,2026-02-20,2686.199951171875,0,1,0.5761287503132243,False
3,RandomForest_Technical,2026-02-23,2676.300048828125,0,1,0.6111444148175018,False
3,RandomForest_Technical,2026-02-24,2573.699951171875,1,1,0.5474732046914303,True
3,RandomForest_Technical,2026-02-25,2629.300048828125,1,1,0.5890190834273912,True
3,RandomForest_Technical,2026-02-26,2647.699951171875,0,1,0.5713637293203625,False
3,RandomForest_Technical,2026-02-27,2637.39990234375,0,1,0.6609703550889808,False
3,RandomForest_Technical,2026-03-02,2613.5,0,1,0.5697160899808247,False
3,RandomForest_Technical,2026-03-04,2587.800048828125,0,1,0.6280174965873235,False
3,RandomForest_Technical,2026-03-05,2578.800048828125,0,1,0.6177298479033021,False
3,RandomForest_Technical,2026-03-06,2557.60009765625,0,1,0.5850367746135897,False
3,RandomForest_Technical,2026-03-09,2527.39990234375,0,1,0.5696219097342445,False
3,RandomForest_Technical,2026-03-10,2513.10009765625,0,1,0.6167383100200368,False
3,RandomForest_Technical,2026-03-11,2464.89990234375,0,1,0.5565013249977007,False
3,RandomForest_Technical,2026-03-12,2442.39990234375,0,1,0.5489794549485882,False
3,RandomForest_Technical,2026-03-13,2410.5,0,1,0.5888261854297877,False
3,RandomForest_Technical,2026-03-16,2409.199951171875,0,1,0.5647846781105536,False
3,RandomForest_Technical,2026-03-17,2391.699951171875,1,1,0.61600453746,True
3,XGBoost_Technical,2025-12-18,3280.800048828125,1,1,0.6388759016990662,True
3,XGBoost_Technical,2025-12-19,3282.0,1,1,0.6431983113288879,True
3,XGBoost_Technical,2025-12-22,3324.89990234375,0,0,0.4011780917644501,True
3,XGBoost_Technical,2025-12-23,3310.0,1,0,0.3950921297073364,False
3,XGBoost_Technical,2025-12-24,3319.0,0,0,0.38933321833610535,True
3,XGBoost_Technical,2025-12-26,3280.0,0,0,0.4973602294921875,True
3,XGBoost_Technical,2025-12-29,3251.5,0,1,0.6005640029907227,False
3,XGBoost_Technical,2025-12-30,3246.800048828125,0,1,0.5523446202278137,False
3,XGBoost_Technical,2025-12-31,3206.199951171875,1,1,0.6199421882629395,True
3,XGBoost_Technical,2026-01-01,3227.39990234375,1,1,0.5650120973587036,True
3,XGBoost_Technical,2026-01-02,3250.699951171875,0,1,0.5742764472961426,False
3,XGBoost_Technical,2026-01-05,3216.10009765625,1,1,0.59800124168396,True
3,XGBoost_Technical,2026-01-06,3255.800048828125,1,1,0.5796376466751099,True
3,XGBoost_Technical,2026-01-07,3295.60009765625,0,1,0.6416738033294678,False
3,XGBoost_Technical,2026-01-08,3203.89990234375,1,0,0.45608919858932495,False
3,XGBoost_Technical,2026-01-09,3207.800048828125,1,1,0.5009245276451111,True
3,XGBoost_Technical,2026-01-12,3239.60009765625,1,1,0.6184155941009521,True
3,XGBoost_Technical,2026-01-13,3268.0,0,0,0.49669215083122253,True
3,XGBoost_Technical,2026-01-14,3192.5,0,0,0.49202096462249756,True
3,XGBoost_Technical,2026-01-15,3192.5,1,0,0.4337148070335388,False
3,XGBoost_Technical,2026-01-19,3163.60009765625,0,0,0.4324919283390045,True
3,XGBoost_Technical,2026-01-20,3102.300048828125,1,0,0.4484807252883911,False
3,XGBoost_Technical,2026-01-21,3122.60009765625,1,1,0.5897364616394043,True
3,XGBoost_Technical,2026-01-22,3150.39990234375,1,0,0.4610709547996521,False
3,XGBoost_Technical,2026-01-23,3162.5,0,1,0.5448125600814819,False
3,XGBoost_Technical,2026-01-27,3158.0,1,0,0.4565698504447937,False
3,XGBoost_Technical,2026-01-28,3200.10009765625,0,1,0.5017155408859253,False
3,XGBoost_Technical,2026-01-29,3144.39990234375,0,1,0.5389436483383179,False
3,XGBoost_Technical,2026-01-30,3123.89990234375,1,0,0.48096561431884766,False
3,XGBoost_Technical,2026-02-02,3169.60009765625,1,1,0.5796874165534973,True
3,XGBoost_Technical,2026-02-03,3225.300048828125,0,1,0.7049789428710938,False
3,XGBoost_Technical,2026-02-04,2999.10009765625,0,0,0.3703455328941345,True
3,XGBoost_Technical,2026-02-05,2991.5,0,0,0.46691685914993286,True
3,XGBoost_Technical,2026-02-06,2941.60009765625,1,1,0.6335407495498657,True
3,XGBoost_Technical,2026-02-09,2948.199951171875,1,1,0.5541847944259644,True
3,XGBoost_Technical,2026-02-10,2984.60009765625,0,1,0.6571103930473328,False
3,XGBoost_Technical,2026-02-11,2909.800048828125,0,1,0.6115443110466003,False
3,XGBoost_Technical,2026-02-12,2750.10009765625,0,0,0.4985203444957733,True
3,XGBoost_Technical,2026-02-13,2692.199951171875,1,0,0.47085312008857727,False
3,XGBoost_Technical,2026-02-16,2706.60009765625,1,1,0.5471528172492981,True
3,XGBoost_Technical,2026-02-17,2717.39990234375,0,1,0.6263242363929749,False
3,XGBoost_Technical,2026-02-18,2694.89990234375,0,1,0.7381292581558228,False
3,XGBoost_Technical,2026-02-19,2677.89990234375,1,1,0.7901994585990906,True
3,XGBoost_Technical,2026-02-20,2686.199951171875,0,1,0.627982497215271,False
3,XGBoost_Technical,2026-02-23,2676.300048828125,0,1,0.6088060736656189,False
3,XGBoost_Technical,2026-02-24,2573.699951171875,1,0,0.47886085510253906,False
3,XGBoost_Technical,2026-02-25,2629.300048828125,1,1,0.6652738451957703,True
3,XGBoost_Technical,2026-02-26,2647.699951171875,0,0,0.4893295168876648,True
3,XGBoost_Technical,2026-02-27,2637.39990234375,0,1,0.6866266131401062,False
3,XGBoost_Technical,2026-03-02,2613.5,0,0,0.4796943664550781,True
3,XGBoost_Technical,2026-03-04,2587.800048828125,0,1,0.595365047454834,False
3,XGBoost_Technical,2026-03-05,2578.800048828125,0,1,0.6368488073348999,False
3,XGBoost_Technical,2026-03-06,2557.60009765625,0,1,0.5322028994560242,False
3,XGBoost_Technical,2026-03-09,2527.39990234375,0,0,0.3750048875808716,True
3,XGBoost_Technical,2026-03-10,2513.10009765625,0,1,0.5789003968238831,False
3,XGBoost_Technical,2026-03-11,2464.89990234375,0,0,0.4781547784805298,True
3,XGBoost_Technical,2026-03-12,2442.39990234375,0,0,0.4630632698535919,True
3,XGBoost_Technical,2026-03-13,2410.5,0,1,0.5246186852455139,False
3,XGBoost_Technical,2026-03-16,2409.199951171875,0,0,0.4736837148666382,True
3,XGBoost_Technical,2026-03-17,2391.699951171875,1,1,0.6046516299247742,True
3,Logistic_Tech_News,2025-12-18,3280.800048828125,1,1,0.553785882554933,True
3,Logistic_Tech_News,2025-12-19,3282.0,1,1,0.5383161091195132,True
3,Logistic_Tech_News,2025-12-22,3324.89990234375,0,1,0.5043711854883272,False
3,Logistic_Tech_News,2025-12-23,3310.0,1,0,0.4499638835110745,False
3,Logistic_Tech_News,2025-12-24,3319.0,0,0,0.43120477990677913,True
3,Logistic_Tech_News,2025-12-26,3280.0,0,0,0.45193676594939786,True
3,Logistic_Tech_News,2025-12-29,3251.5,0,0,0.4733625091810141,True
3,Logistic_Tech_News,2025-12-30,3246.800048828125,0,0,0.4787217465859021,True
3,Logistic_Tech_News,2025-12-31,3206.199951171875,1,1,0.5256794620102043,True
3,Logistic_Tech_News,2026-01-01,3227.39990234375,1,1,0.5361793705191308,True
3,Logistic_Tech_News,2026-01-02,3250.699951171875,0,1,0.5120890453846056,False
3,Logistic_Tech_News,2026-01-05,3216.10009765625,1,1,0.5003734297839829,True
3,Logistic_Tech_News,2026-01-06,3255.800048828125,1,0,0.4932721142090187,False
3,Logistic_Tech_News,2026-01-07,3295.60009765625,0,0,0.480917177171249,True
3,Logistic_Tech_News,2026-01-08,3203.89990234375,1,1,0.5328766365053309,True
3,Logistic_Tech_News,2026-01-09,3207.800048828125,1,0,0.47414955830773586,False
3,Logistic_Tech_News,2026-01-12,3239.60009765625,1,1,0.5056514888412276,True
3,Logistic_Tech_News,2026-01-13,3268.0,0,1,0.5340027520190163,False
3,Logistic_Tech_News,2026-01-14,3192.5,0,1,0.5692613527213184,False
3,Logistic_Tech_News,2026-01-15,3192.5,1,1,0.5070662627870559,True
3,Logistic_Tech_News,2026-01-19,3163.60009765625,0,1,0.5261058695555325,False
3,Logistic_Tech_News,2026-01-20,3102.300048828125,1,1,0.5361196562146285,True
3,Logistic_Tech_News,2026-01-21,3122.60009765625,1,0,0.49823929510047893,False
3,Logistic_Tech_News,2026-01-22,3150.39990234375,1,1,0.5107239724322403,True
3,Logistic_Tech_News,2026-01-23,3162.5,0,1,0.5546121089036141,False
3,Logistic_Tech_News,2026-01-27,3158.0,1,1,0.5262024146510127,True
3,Logistic_Tech_News,2026-01-28,3200.10009765625,0,0,0.4900986015477075,True
3,Logistic_Tech_News,2026-01-29,3144.39990234375,0,1,0.5005004240058907,False
3,Logistic_Tech_News,2026-01-30,3123.89990234375,1,0,0.4765452306491785,False
3,Logistic_Tech_News,2026-02-02,3169.60009765625,1,1,0.5709418000137715,True
3,Logistic_Tech_News,2026-02-03,3225.300048828125,0,1,0.7427132096625965,False
3,Logistic_Tech_News,2026-02-04,2999.10009765625,0,1,0.5206067865931767,False
3,Logistic_Tech_News,2026-02-05,2991.5,0,1,0.5617074856704535,False
3,Logistic_Tech_News,2026-02-06,2941.60009765625,1,1,0.5949854327775381,True
3,Logistic_Tech_News,2026-02-09,2948.199951171875,1,1,0.6304007178108855,True
3,Logistic_Tech_News,2026-02-10,2984.60009765625,0,1,0.6697205427659699,False
3,Logistic_Tech_News,2026-02-11,2909.800048828125,0,1,0.6910329989005981,False
3,Logistic_Tech_News,2026-02-12,2750.10009765625,0,1,0.7466211549014728,False
3,Logistic_Tech_News,2026-02-13,2692.199951171875,1,1,0.6682181279185717,True
3,Logistic_Tech_News,2026-02-16,2706.60009765625,1,1,0.7749667920069192,True
3,Logistic_Tech_News,2026-02-17,2717.39990234375,0,1,0.7943426580903832,False
3,Logistic_Tech_News,2026-02-18,2694.89990234375,0,1,0.8082757307996399,False
3,Logistic_Tech_News,2026-02-19,2677.89990234375,1,1,0.8158433470697503,True
3,Logistic_Tech_News,2026-02-20,2686.199951171875,0,1,0.7719413913225045,False
3,Logistic_Tech_News,2026-02-23,2676.300048828125,0,1,0.7652832555497397,False
3,Logistic_Tech_News,2026-02-24,2573.699951171875,1,1,0.7773701140739394,True
3,Logistic_Tech_News,2026-02-25,2629.300048828125,1,1,0.7824795700128911,True
3,Logistic_Tech_News,2026-02-26,2647.699951171875,0,1,0.7690884064695962,False
3,Logistic_Tech_News,2026-02-27,2637.39990234375,0,1,0.7970389158896236,False
3,Logistic_Tech_News,2026-03-02,2613.5,0,1,0.7167194103530641,False
3,Logistic_Tech_News,2026-03-04,2587.800048828125,0,1,0.8225081313536176,False
3,Logistic_Tech_News,2026-03-05,2578.800048828125,0,1,0.8189904459810046,False
3,Logistic_Tech_News,2026-03-06,2557.60009765625,0,1,0.8160273622542283,False
3,Logistic_Tech_News,2026-03-09,2527.39990234375,0,1,0.7997141107196605,False
3,Logistic_Tech_News,2026-03-10,2513.10009765625,0,1,0.8356003068886809,False
3,Logistic_Tech_News,2026-03-11,2464.89990234375,0,1,0.8371116290779922,False
3,Logistic_Tech_News,2026-03-12,2442.39990234375,0,1,0.8544510346178067,False
3,Logistic_Tech_News,2026-03-13,2410.5,0,1,0.8672818575284487,False
3,Logistic_Tech_News,2026-03-16,2409.199951171875,0,1,0.8533976567765923,False
3,Logistic_Tech_News,2026-03-17,2391.699951171875,1,1,0.8683729253122183,True
3,RandomForest_Tech_News,2025-12-18,3280.800048828125,1,1,0.5303881075683603,True
3,RandomForest_Tech_News,2025-12-19,3282.0,1,1,0.5488467823438391,True
3,RandomForest_Tech_News,2025-12-22,3324.89990234375,0,0,0.4474622173443466,True
3,RandomForest_Tech_News,2025-12-23,3310.0,1,0,0.4924435821483239,False
3,RandomForest_Tech_News,2025-12-24,3319.0,0,0,0.4664751786453278,True
3,RandomForest_Tech_News,2025-12-26,3280.0,0,1,0.5424250339635693,False
3,RandomForest_Tech_News,2025-12-29,3251.5,0,1,0.5662271961463561,False
3,RandomForest_Tech_News,2025-12-30,3246.800048828125,0,1,0.5553999674619599,False
3,RandomForest_Tech_News,2025-12-31,3206.199951171875,1,1,0.5414561012752341,True
3,RandomForest_Tech_News,2026-01-01,3227.39990234375,1,0,0.4408103504670779,False
3,RandomForest_Tech_News,2026-01-02,3250.699951171875,0,0,0.4485834755098073,True
3,RandomForest_Tech_News,2026-01-05,3216.10009765625,1,0,0.4728217343808189,False
3,RandomForest_Tech_News,2026-01-06,3255.800048828125,1,1,0.5143009383444385,True
3,RandomForest_Tech_News,2026-01-07,3295.60009765625,0,1,0.5191230857989378,False
3,RandomForest_Tech_News,2026-01-08,3203.89990234375,1,1,0.5155674628286158,True
3,RandomForest_Tech_News,2026-01-09,3207.800048828125,1,1,0.5124956183948387,True
3,RandomForest_Tech_News,2026-01-12,3239.60009765625,1,1,0.50436094673402,True
3,RandomForest_Tech_News,2026-01-13,3268.0,0,0,0.47964620014824044,True
3,RandomForest_Tech_News,2026-01-14,3192.5,0,1,0.5103771003363629,False
3,RandomForest_Tech_News,2026-01-15,3192.5,1,1,0.5182274557608428,True
3,RandomForest_Tech_News,2026-01-19,3163.60009765625,0,1,0.5316583208467754,False
3,RandomForest_Tech_News,2026-01-20,3102.300048828125,1,1,0.5083487566116038,True
3,RandomForest_Tech_News,2026-01-21,3122.60009765625,1,1,0.544774106512385,True
3,RandomForest_Tech_News,2026-01-22,3150.39990234375,1,1,0.508678119470844,True
3,RandomForest_Tech_News,2026-01-23,3162.5,0,1,0.5523489344918084,False
3,RandomForest_Tech_News,2026-01-27,3158.0,1,1,0.512326194932156,True
3,RandomForest_Tech_News,2026-01-28,3200.10009765625,0,1,0.5158975303602858,False
3,RandomForest_Tech_News,2026-01-29,3144.39990234375,0,0,0.4402593547468565,True
3,RandomForest_Tech_News,2026-01-30,3123.89990234375,1,0,0.4329488667456897,False
3,RandomForest_Tech_News,2026-02-02,3169.60009765625,1,0,0.4294702720349984,False
3,RandomForest_Tech_News,2026-02-03,3225.300048828125,0,1,0.5301159267314054,False
3,RandomForest_Tech_News,2026-02-04,2999.10009765625,0,0,0.45136242518535397,True
3,RandomForest_Tech_News,2026-02-05,2991.5,0,1,0.536375250676359,False
3,RandomForest_Tech_News,2026-02-06,2941.60009765625,1,1,0.5962119708390299,True
3,RandomForest_Tech_News,2026-02-09,2948.199951171875,1,1,0.5724713559119138,True
3,RandomForest_Tech_News,2026-02-10,2984.60009765625,0,1,0.5809184850174165,False
3,RandomForest_Tech_News,2026-02-11,2909.800048828125,0,1,0.5228801812907686,False
3,RandomForest_Tech_News,2026-02-12,2750.10009765625,0,0,0.4221931296574415,True
3,RandomForest_Tech_News,2026-02-13,2692.199951171875,1,0,0.46135990538905847,False
3,RandomForest_Tech_News,2026-02-16,2706.60009765625,1,0,0.4617713564117218,False
3,RandomForest_Tech_News,2026-02-17,2717.39990234375,0,1,0.5385149161691946,False
3,RandomForest_Tech_News,2026-02-18,2694.89990234375,0,1,0.5959132280567857,False
3,RandomForest_Tech_News,2026-02-19,2677.89990234375,1,1,0.678834579526789,True
3,RandomForest_Tech_News,2026-02-20,2686.199951171875,0,1,0.6094369346378248,False
3,RandomForest_Tech_News,2026-02-23,2676.300048828125,0,1,0.6261690737557138,False
3,RandomForest_Tech_News,2026-02-24,2573.699951171875,1,1,0.5464238628412084,True
3,RandomForest_Tech_News,2026-02-25,2629.300048828125,1,1,0.6015071852906334,True
3,RandomForest_Tech_News,2026-02-26,2647.699951171875,0,1,0.5611916897948452,False
3,RandomForest_Tech_News,2026-02-27,2637.39990234375,0,1,0.631040611186841,False
3,RandomForest_Tech_News,2026-03-02,2613.5,0,1,0.5715596752782992,False
3,RandomForest_Tech_News,2026-03-04,2587.800048828125,0,1,0.6232014355611212,False
3,RandomForest_Tech_News,2026-03-05,2578.800048828125,0,1,0.6302913925290955,False
3,RandomForest_Tech_News,2026-03-06,2557.60009765625,0,1,0.5742775926474369,False
3,RandomForest_Tech_News,2026-03-09,2527.39990234375,0,1,0.5400032218471132,False
3,RandomForest_Tech_News,2026-03-10,2513.10009765625,0,1,0.5895758979763194,False
3,RandomForest_Tech_News,2026-03-11,2464.89990234375,0,1,0.5669224944678155,False
3,RandomForest_Tech_News,2026-03-12,2442.39990234375,0,1,0.5737714492311178,False
3,RandomForest_Tech_News,2026-03-13,2410.5,0,1,0.5587303698770679,False
3,RandomForest_Tech_News,2026-03-16,2409.199951171875,0,1,0.569304766911968,False
3,RandomForest_Tech_News,2026-03-17,2391.699951171875,1,1,0.608640057145885,True
3,XGBoost_Tech_News,2025-12-18,3280.800048828125,1,1,0.6813184022903442,True
3,XGBoost_Tech_News,2025-12-19,3282.0,1,1,0.706658124923706,True
3,XGBoost_Tech_News,2025-12-22,3324.89990234375,0,0,0.4745054841041565,True
3,XGBoost_Tech_News,2025-12-23,3310.0,1,0,0.4724128246307373,False
3,XGBoost_Tech_News,2025-12-24,3319.0,0,0,0.44859644770622253,True
3,XGBoost_Tech_News,2025-12-26,3280.0,0,1,0.5726839303970337,False
3,XGBoost_Tech_News,2025-12-29,3251.5,0,1,0.6686335206031799,False
3,XGBoost_Tech_News,2025-12-30,3246.800048828125,0,1,0.6169866323471069,False
3,XGBoost_Tech_News,2025-12-31,3206.199951171875,1,1,0.5518842339515686,True
3,XGBoost_Tech_News,2026-01-01,3227.39990234375,1,0,0.4770200848579407,False
3,XGBoost_Tech_News,2026-01-02,3250.699951171875,0,1,0.503105103969574,False
3,XGBoost_Tech_News,2026-01-05,3216.10009765625,1,1,0.502405047416687,True
3,XGBoost_Tech_News,2026-01-06,3255.800048828125,1,1,0.5086422562599182,True
3,XGBoost_Tech_News,2026-01-07,3295.60009765625,0,1,0.514643669128418,False
3,XGBoost_Tech_News,2026-01-08,3203.89990234375,1,0,0.48299968242645264,False
3,XGBoost_Tech_News,2026-01-09,3207.800048828125,1,1,0.5132495760917664,True
3,XGBoost_Tech_News,2026-01-12,3239.60009765625,1,1,0.5037776231765747,True
3,XGBoost_Tech_News,2026-01-13,3268.0,0,0,0.3766615092754364,True
3,XGBoost_Tech_News,2026-01-14,3192.5,0,0,0.4851635694503784,True
3,XGBoost_Tech_News,2026-01-15,3192.5,1,1,0.5079904794692993,True
3,XGBoost_Tech_News,2026-01-19,3163.60009765625,0,0,0.48923802375793457,True
3,XGBoost_Tech_News,2026-01-20,3102.300048828125,1,0,0.46203359961509705,False
3,XGBoost_Tech_News,2026-01-21,3122.60009765625,1,1,0.6005708575248718,True
3,XGBoost_Tech_News,2026-01-22,3150.39990234375,1,0,0.48809126019477844,False
3,XGBoost_Tech_News,2026-01-23,3162.5,0,1,0.5625259876251221,False
3,XGBoost_Tech_News,2026-01-27,3158.0,1,0,0.447805255651474,False
3,XGBoost_Tech_News,2026-01-28,3200.10009765625,0,0,0.4549562633037567,True
3,XGBoost_Tech_News,2026-01-29,3144.39990234375,0,0,0.3646397590637207,True
3,XGBoost_Tech_News,2026-01-30,3123.89990234375,1,0,0.37964001297950745,False
3,XGBoost_Tech_News,2026-02-02,3169.60009765625,1,0,0.43210569024086,False
3,XGBoost_Tech_News,2026-02-03,3225.300048828125,0,1,0.6092299818992615,False
3,XGBoost_Tech_News,2026-02-04,2999.10009765625,0,0,0.3206932842731476,True
3,XGBoost_Tech_News,2026-02-05,2991.5,0,1,0.5305522680282593,False
3,XGBoost_Tech_News,2026-02-06,2941.60009765625,1,1,0.6714165806770325,True
3,XGBoost_Tech_News,2026-02-09,2948.199951171875,1,1,0.6775819659233093,True
3,XGBoost_Tech_News,2026-02-10,2984.60009765625,0,1,0.6743428111076355,False
3,XGBoost_Tech_News,2026-02-11,2909.800048828125,0,1,0.6735700964927673,False
3,XGBoost_Tech_News,2026-02-12,2750.10009765625,0,0,0.46798205375671387,True
3,XGBoost_Tech_News,2026-02-13,2692.199951171875,1,0,0.463039755821228,False
3,XGBoost_Tech_News,2026-02-16,2706.60009765625,1,1,0.5465952754020691,True
3,XGBoost_Tech_News,2026-02-17,2717.39990234375,0,1,0.6081081628799438,False
3,XGBoost_Tech_News,2026-02-18,2694.89990234375,0,1,0.7260537147521973,False
3,XGBoost_Tech_News,2026-02-19,2677.89990234375,1,1,0.8134766817092896,True
3,XGBoost_Tech_News,2026-02-20,2686.199951171875,0,1,0.6788186430931091,False
3,XGBoost_Tech_News,2026-02-23,2676.300048828125,0,1,0.6990358829498291,False
3,XGBoost_Tech_News,2026-02-24,2573.699951171875,1,1,0.5739162564277649,True
3,XGBoost_Tech_News,2026-02-25,2629.300048828125,1,1,0.7227388620376587,True
3,XGBoost_Tech_News,2026-02-26,2647.699951171875,0,1,0.5483877062797546,False
3,XGBoost_Tech_News,2026-02-27,2637.39990234375,0,1,0.7135484218597412,False
3,XGBoost_Tech_News,2026-03-02,2613.5,0,1,0.5872142314910889,False
3,XGBoost_Tech_News,2026-03-04,2587.800048828125,0,1,0.6864299178123474,False
3,XGBoost_Tech_News,2026-03-05,2578.800048828125,0,1,0.7068526744842529,False
3,XGBoost_Tech_News,2026-03-06,2557.60009765625,0,1,0.5529553294181824,False
3,XGBoost_Tech_News,2026-03-09,2527.39990234375,0,0,0.4798869490623474,True
3,XGBoost_Tech_News,2026-03-10,2513.10009765625,0,1,0.6353833675384521,False
3,XGBoost_Tech_News,2026-03-11,2464.89990234375,0,1,0.5740088820457458,False
3,XGBoost_Tech_News,2026-03-12,2442.39990234375,0,1,0.6251392960548401,False
3,XGBoost_Tech_News,2026-03-13,2410.5,0,1,0.6921185255050659,False
3,XGBoost_Tech_News,2026-03-16,2409.199951171875,0,1,0.5373966693878174,False
3,XGBoost_Tech_News,2026-03-17,2391.699951171875,1,1,0.6947584748268127,True
4,Logistic_Technical,2026-03-18,2440.800048828125,0,1,0.607969670575644,False
4,Logistic_Technical,2026-03-19,2356.0,1,1,0.5466034079211954,True
4,Logistic_Technical,2026-03-20,2390.60009765625,0,1,0.610942718499347,False
4,Logistic_Technical,2026-03-23,2383.800048828125,1,1,0.5752668394693905,True
4,Logistic_Technical,2026-03-24,2398.800048828125,0,1,0.5906399680562242,False
4,Logistic_Technical,2026-03-25,2377.39990234375,1,1,0.57322774562496,True
4,Logistic_Technical,2026-03-27,2389.800048828125,0,1,0.5803853995665765,False
4,Logistic_Technical,2026-03-30,2358.89990234375,1,1,0.5673586023712992,True
4,Logistic_Technical,2026-04-01,2408.199951171875,1,1,0.6573867315223368,True
4,Logistic_Technical,2026-04-02,2450.699951171875,1,1,0.6314856874100745,True
4,Logistic_Technical,2026-04-06,2473.89990234375,1,1,0.6095694929267448,True
4,Logistic_Technical,2026-04-07,2539.800048828125,1,1,0.6263253690057957,True
4,Logistic_Technical,2026-04-08,2559.199951171875,1,1,0.6166779619095945,True
4,Logistic_Technical,2026-04-09,2589.0,0,1,0.6037699462417342,False
4,Logistic_Technical,2026-04-10,2524.300048828125,0,1,0.5955767180668813,False
4,Logistic_Technical,2026-04-13,2472.60009765625,1,1,0.6122979054747844,True
4,Logistic_Technical,2026-04-15,2554.89990234375,1,1,0.7080262681063825,True
4,Logistic_Technical,2026-04-16,2576.89990234375,1,1,0.7026898277583831,True
4,Logistic_Technical,2026-04-17,2581.5,0,1,0.7077772253995579,False
4,Logistic_Technical,2026-04-20,2579.60009765625,1,1,0.7166461003408495,True
4,Logistic_Technical,2026-04-21,2610.5,0,1,0.6800416807876838,False
4,Logistic_Technical,2026-04-22,2538.5,0,1,0.669227652363449,False
4,Logistic_Technical,2026-04-23,2521.800048828125,0,1,0.6906704879266308,False
4,Logistic_Technical,2026-04-24,2396.89990234375,1,1,0.7184623169044708,True
4,Logistic_Technical,2026-04-27,2447.60009765625,0,1,0.7774632301019558,False
4,Logistic_Technical,2026-04-28,2444.699951171875,1,1,0.7846949766760678,True
4,Logistic_Technical,2026-04-29,2474.699951171875,0,1,0.7724171466059854,False
4,Logistic_Technical,2026-04-30,2473.89990234375,0,1,0.7537182413997396,False
4,Logistic_Technical,2026-05-01,2473.89990234375,0,1,0.710390269442642,False
4,Logistic_Technical,2026-05-05,2427.300048828125,1,1,0.7041948621524833,True
4,Logistic_Technical,2026-05-06,2435.39990234375,0,1,0.7099607811093189,False
4,Logistic_Technical,2026-05-07,2401.39990234375,0,1,0.6802566240295235,False
4,Logistic_Technical,2026-05-08,2394.39990234375,0,1,0.6827749685190299,False
4,Logistic_Technical,2026-05-11,2392.89990234375,0,1,0.654400335646724,False
4,Logistic_Technical,2026-05-12,2300.300048828125,0,1,0.6674885760575564,False
4,Logistic_Technical,2026-05-13,2272.800048828125,0,1,0.6700055555352146,False
4,Logistic_Technical,2026-05-14,2246.0,1,1,0.6761495904471813,True
4,Logistic_Technical,2026-05-15,2264.0,1,1,0.6681097052449539,True
4,Logistic_Technical,2026-05-18,2283.199951171875,1,1,0.6555951145140732,True
4,Logistic_Technical,2026-05-19,2327.10009765625,1,1,0.6923036619793499,True
4,Logistic_Technical,2026-05-20,2327.39990234375,0,1,0.6279622508914452,False
4,Logistic_Technical,2026-05-21,2327.199951171875,0,1,0.6325004936727859,False
4,Logistic_Technical,2026-05-22,2317.300048828125,0,1,0.6133647264196573,False
4,Logistic_Technical,2026-05-25,2308.199951171875,0,1,0.59072857668214,False
4,Logistic_Technical,2026-05-26,2276.199951171875,1,1,0.5748998817316183,True
4,Logistic_Technical,2026-05-27,2284.199951171875,0,1,0.5718417532029156,False
4,Logistic_Technical,2026-05-28,2284.199951171875,0,1,0.5357065284631344,False
4,Logistic_Technical,2026-06-01,2297.39990234375,1,1,0.6597334189155912,True
4,Logistic_Technical,2026-06-02,2446.89990234375,0,1,0.7189687108613174,False
4,Logistic_Technical,2026-06-03,2241.699951171875,0,1,0.6577093962575757,False
4,Logistic_Technical,2026-06-04,2241.0,0,1,0.6764448247489938,False
4,Logistic_Technical,2026-06-05,2198.89990234375,0,1,0.6748517887616479,False
4,Logistic_Technical,2026-06-08,2151.39990234375,0,1,0.6491918914121365,False
4,Logistic_Technical,2026-06-09,2151.0,1,1,0.6940023406326588,True
4,Logistic_Technical,2026-06-10,2153.89990234375,0,1,0.6658221831336182,False
4,Logistic_Technical,2026-06-11,2135.60009765625,1,1,0.6457303881484024,True
4,Logistic_Technical,2026-06-12,2161.39990234375,1,1,0.6500985180319689,True
4,Logistic_Technical,2026-06-15,2162.0,1,1,0.6267242425757367,True
4,Logistic_Technical,2026-06-16,2199.0,1,1,0.5832808253407337,True
4,Logistic_Technical,2026-06-17,2223.0,0,1,0.5523388646667866,False
4,RandomForest_Technical,2026-03-18,2440.800048828125,0,0,0.343153072876282,True
4,RandomForest_Technical,2026-03-19,2356.0,1,0,0.2667511868754628,False
4,RandomForest_Technical,2026-03-20,2390.60009765625,0,0,0.27440795166672294,True
4,RandomForest_Technical,2026-03-23,2383.800048828125,1,0,0.2705995011411878,False
4,RandomForest_Technical,2026-03-24,2398.800048828125,0,0,0.27751952760591225,True
4,RandomForest_Technical,2026-03-25,2377.39990234375,1,0,0.3364405199980468,False
4,RandomForest_Technical,2026-03-27,2389.800048828125,0,0,0.3387979341118193,True
4,RandomForest_Technical,2026-03-30,2358.89990234375,1,0,0.27501471953623896,False
4,RandomForest_Technical,2026-04-01,2408.199951171875,1,0,0.39650418675445637,False
4,RandomForest_Technical,2026-04-02,2450.699951171875,1,0,0.42203296859202416,False
4,RandomForest_Technical,2026-04-06,2473.89990234375,1,0,0.3877215963287506,False
4,RandomForest_Technical,2026-04-07,2539.800048828125,1,0,0.3689086236795992,False
4,RandomForest_Technical,2026-04-08,2559.199951171875,1,0,0.31136357738121373,False
4,RandomForest_Technical,2026-04-09,2589.0,0,0,0.3197639932979013,True
4,RandomForest_Technical,2026-04-10,2524.300048828125,0,0,0.3336347105750113,True
4,RandomForest_Technical,2026-04-13,2472.60009765625,1,0,0.3525049229719885,False
4,RandomForest_Technical,2026-04-15,2554.89990234375,1,0,0.3794348881646203,False
4,RandomForest_Technical,2026-04-16,2576.89990234375,1,0,0.3177229085595248,False
4,RandomForest_Technical,2026-04-17,2581.5,0,0,0.3219305081590479,True
4,RandomForest_Technical,2026-04-20,2579.60009765625,1,0,0.3376162792999672,False
4,RandomForest_Technical,2026-04-21,2610.5,0,0,0.3201873472643313,True
4,RandomForest_Technical,2026-04-22,2538.5,0,0,0.3434871377451521,True
4,RandomForest_Technical,2026-04-23,2521.800048828125,0,0,0.42242884062024316,True
4,RandomForest_Technical,2026-04-24,2396.89990234375,1,0,0.33750289798191774,False
4,RandomForest_Technical,2026-04-27,2447.60009765625,0,0,0.4062853504342929,True
4,RandomForest_Technical,2026-04-28,2444.699951171875,1,0,0.3584971127199749,False
4,RandomForest_Technical,2026-04-29,2474.699951171875,0,0,0.36661677394316877,True
4,RandomForest_Technical,2026-04-30,2473.89990234375,0,0,0.3720243297116749,True
4,RandomForest_Technical,2026-05-01,2473.89990234375,0,0,0.39738950797700895,True
4,RandomForest_Technical,2026-05-05,2427.300048828125,1,0,0.3795063219874298,False
4,RandomForest_Technical,2026-05-06,2435.39990234375,0,0,0.3788488579123336,True
4,RandomForest_Technical,2026-05-07,2401.39990234375,0,0,0.3750192884554928,True
4,RandomForest_Technical,2026-05-08,2394.39990234375,0,0,0.3509400620866239,True
4,RandomForest_Technical,2026-05-11,2392.89990234375,0,0,0.3687406135643755,True
4,RandomForest_Technical,2026-05-12,2300.300048828125,0,0,0.3292176610759609,True
4,RandomForest_Technical,2026-05-13,2272.800048828125,0,0,0.3674580489280161,True
4,RandomForest_Technical,2026-05-14,2246.0,1,0,0.37120458915612586,False
4,RandomForest_Technical,2026-05-15,2264.0,1,0,0.3696854643560205,False
4,RandomForest_Technical,2026-05-18,2283.199951171875,1,0,0.3522621548819264,False
4,RandomForest_Technical,2026-05-19,2327.10009765625,1,0,0.36685175296330313,False
4,RandomForest_Technical,2026-05-20,2327.39990234375,0,0,0.35595175269977425,True
4,RandomForest_Technical,2026-05-21,2327.199951171875,0,0,0.3468490943962524,True
4,RandomForest_Technical,2026-05-22,2317.300048828125,0,0,0.38976524437944976,True
4,RandomForest_Technical,2026-05-25,2308.199951171875,0,0,0.4033576716164681,True
4,RandomForest_Technical,2026-05-26,2276.199951171875,1,0,0.39128839416932204,False
4,RandomForest_Technical,2026-05-27,2284.199951171875,0,0,0.35352292272609276,True
4,RandomForest_Technical,2026-05-28,2284.199951171875,0,0,0.38477303142589697,True
4,RandomForest_Technical,2026-06-01,2297.39990234375,1,0,0.41248535209146914,False
4,RandomForest_Technical,2026-06-02,2446.89990234375,0,0,0.3535536662508467,True
4,RandomForest_Technical,2026-06-03,2241.699951171875,0,0,0.3416128539261594,True
4,RandomForest_Technical,2026-06-04,2241.0,0,0,0.40435167628921304,True
4,RandomForest_Technical,2026-06-05,2198.89990234375,0,0,0.2755803865943858,True
4,RandomForest_Technical,2026-06-08,2151.39990234375,0,0,0.27286276445735247,True
4,RandomForest_Technical,2026-06-09,2151.0,1,0,0.34896989061162986,False
4,RandomForest_Technical,2026-06-10,2153.89990234375,0,0,0.3399305245380058,True
4,RandomForest_Technical,2026-06-11,2135.60009765625,1,0,0.3531770626758513,False
4,RandomForest_Technical,2026-06-12,2161.39990234375,1,0,0.36064702598098797,False
4,RandomForest_Technical,2026-06-15,2162.0,1,0,0.3670270083081156,False
4,RandomForest_Technical,2026-06-16,2199.0,1,0,0.39710478131765375,False
4,RandomForest_Technical,2026-06-17,2223.0,0,0,0.3725885909857138,True
4,XGBoost_Technical,2026-03-18,2440.800048828125,0,0,0.4315619170665741,True
4,XGBoost_Technical,2026-03-19,2356.0,1,0,0.2823461592197418,False
4,XGBoost_Technical,2026-03-20,2390.60009765625,0,0,0.2709084749221802,True
4,XGBoost_Technical,2026-03-23,2383.800048828125,1,0,0.3099879026412964,False
4,XGBoost_Technical,2026-03-24,2398.800048828125,0,0,0.30148032307624817,True
4,XGBoost_Technical,2026-03-25,2377.39990234375,1,0,0.3472459614276886,False
4,XGBoost_Technical,2026-03-27,2389.800048828125,0,0,0.37086841464042664,True
4,XGBoost_Technical,2026-03-30,2358.89990234375,1,0,0.2623050808906555,False
4,XGBoost_Technical,2026-04-01,2408.199951171875,1,0,0.44556060433387756,False
4,XGBoost_Technical,2026-04-02,2450.699951171875,1,1,0.5367890000343323,True
4,XGBoost_Technical,2026-04-06,2473.89990234375,1,1,0.5033742785453796,True
4,XGBoost_Technical,2026-04-07,2539.800048828125,1,0,0.3635704219341278,False
4,XGBoost_Technical,2026-04-08,2559.199951171875,1,0,0.2979213297367096,False
4,XGBoost_Technical,2026-04-09,2589.0,0,0,0.31648996472358704,True
4,XGBoost_Technical,2026-04-10,2524.300048828125,0,0,0.30819272994995117,True
4,XGBoost_Technical,2026-04-13,2472.60009765625,1,0,0.3887995183467865,False
4,XGBoost_Technical,2026-04-15,2554.89990234375,1,0,0.44412490725517273,False
4,XGBoost_Technical,2026-04-16,2576.89990234375,1,0,0.35022103786468506,False
4,XGBoost_Technical,2026-04-17,2581.5,0,0,0.34466084837913513,True
4,XGBoost_Technical,2026-04-20,2579.60009765625,1,0,0.3494185209274292,False
4,XGBoost_Technical,2026-04-21,2610.5,0,0,0.359182745218277,True
4,XGBoost_Technical,2026-04-22,2538.5,0,0,0.3651118278503418,True
4,XGBoost_Technical,2026-04-23,2521.800048828125,0,1,0.5565596222877502,False
4,XGBoost_Technical,2026-04-24,2396.89990234375,1,0,0.3679761588573456,False
4,XGBoost_Technical,2026-04-27,2447.60009765625,0,1,0.5429701209068298,False
4,XGBoost_Technical,2026-04-28,2444.699951171875,1,0,0.4433484375476837,False
4,XGBoost_Technical,2026-04-29,2474.699951171875,0,0,0.4398292303085327,True
4,XGBoost_Technical,2026-04-30,2473.89990234375,0,0,0.45046576857566833,True
4,XGBoost_Technical,2026-05-01,2473.89990234375,0,0,0.49628153443336487,True
4,XGBoost_Technical,2026-05-05,2427.300048828125,1,0,0.4455138146877289,False
4,XGBoost_Technical,2026-05-06,2435.39990234375,0,0,0.43602100014686584,True
4,XGBoost_Technical,2026-05-07,2401.39990234375,0,0,0.45086973905563354,True
4,XGBoost_Technical,2026-05-08,2394.39990234375,0,0,0.30905699729919434,True
4,XGBoost_Technical,2026-05-11,2392.89990234375,0,0,0.32111474871635437,True
4,XGBoost_Technical,2026-05-12,2300.300048828125,0,0,0.23992985486984253,True
4,XGBoost_Technical,2026-05-13,2272.800048828125,0,1,0.5398895144462585,False
4,XGBoost_Technical,2026-05-14,2246.0,1,1,0.5196412205696106,True
4,XGBoost_Technical,2026-05-15,2264.0,1,0,0.43376126885414124,False
4,XGBoost_Technical,2026-05-18,2283.199951171875,1,0,0.4359850585460663,False
4,XGBoost_Technical,2026-05-19,2327.10009765625,1,0,0.38521748781204224,False
4,XGBoost_Technical,2026-05-20,2327.39990234375,0,0,0.4154855012893677,True
4,XGBoost_Technical,2026-05-21,2327.199951171875,0,0,0.35016438364982605,True
4,XGBoost_Technical,2026-05-22,2317.300048828125,0,0,0.4633163809776306,True
4,XGBoost_Technical,2026-05-25,2308.199951171875,0,1,0.5031298995018005,False
4,XGBoost_Technical,2026-05-26,2276.199951171875,1,0,0.4551216661930084,False
4,XGBoost_Technical,2026-05-27,2284.199951171875,0,0,0.318311482667923,True
4,XGBoost_Technical,2026-05-28,2284.199951171875,0,0,0.43575283885002136,True
4,XGBoost_Technical,2026-06-01,2297.39990234375,1,1,0.5640143752098083,True
4,XGBoost_Technical,2026-06-02,2446.89990234375,0,0,0.36950787901878357,True
4,XGBoost_Technical,2026-06-03,2241.699951171875,0,0,0.3578779995441437,True
4,XGBoost_Technical,2026-06-04,2241.0,0,0,0.49222779273986816,True
4,XGBoost_Technical,2026-06-05,2198.89990234375,0,0,0.27279606461524963,True
4,XGBoost_Technical,2026-06-08,2151.39990234375,0,0,0.22401674091815948,True
4,XGBoost_Technical,2026-06-09,2151.0,1,0,0.3755894899368286,False
4,XGBoost_Technical,2026-06-10,2153.89990234375,0,0,0.352753221988678,True
4,XGBoost_Technical,2026-06-11,2135.60009765625,1,0,0.35971176624298096,False
4,XGBoost_Technical,2026-06-12,2161.39990234375,1,0,0.3956102728843689,False
4,XGBoost_Technical,2026-06-15,2162.0,1,0,0.4343230724334717,False
4,XGBoost_Technical,2026-06-16,2199.0,1,1,0.5528711676597595,True
4,XGBoost_Technical,2026-06-17,2223.0,0,0,0.47057777643203735,True
4,Logistic_Tech_News,2026-03-18,2440.800048828125,0,1,0.5940228560940619,False
4,Logistic_Tech_News,2026-03-19,2356.0,1,1,0.5259370057321476,True
4,Logistic_Tech_News,2026-03-20,2390.60009765625,0,1,0.5990935539503593,False
4,Logistic_Tech_News,2026-03-23,2383.800048828125,1,1,0.5579087541384514,True
4,Logistic_Tech_News,2026-03-24,2398.800048828125,0,1,0.5832759585829084,False
4,Logistic_Tech_News,2026-03-25,2377.39990234375,1,1,0.566645898366197,True
4,Logistic_Tech_News,2026-03-27,2389.800048828125,0,1,0.5799061532526727,False
4,Logistic_Tech_News,2026-03-30,2358.89990234375,1,1,0.5603971498399701,True
4,Logistic_Tech_News,2026-04-01,2408.199951171875,1,1,0.6619958407534168,True
4,Logistic_Tech_News,2026-04-02,2450.699951171875,1,1,0.6284158582972252,True
4,Logistic_Tech_News,2026-04-06,2473.89990234375,1,1,0.6136778911098345,True
4,Logistic_Tech_News,2026-04-07,2539.800048828125,1,1,0.6310096783224541,True
4,Logistic_Tech_News,2026-04-08,2559.199951171875,1,1,0.6225614606041365,True
4,Logistic_Tech_News,2026-04-09,2589.0,0,1,0.6099019905040118,False
4,Logistic_Tech_News,2026-04-10,2524.300048828125,0,1,0.5911863881147139,False
4,Logistic_Tech_News,2026-04-13,2472.60009765625,1,1,0.6054816790355517,True
4,Logistic_Tech_News,2026-04-15,2554.89990234375,1,1,0.7124574210033301,True
4,Logistic_Tech_News,2026-04-16,2576.89990234375,1,1,0.7048662701571323,True
4,Logistic_Tech_News,2026-04-17,2581.5,0,1,0.7085335071001692,False
4,Logistic_Tech_News,2026-04-20,2579.60009765625,1,1,0.7209253048509793,True
4,Logistic_Tech_News,2026-04-21,2610.5,0,1,0.6747360500406776,False
4,Logistic_Tech_News,2026-04-22,2538.5,0,1,0.6559723036750573,False
4,Logistic_Tech_News,2026-04-23,2521.800048828125,0,1,0.6810180998501464,False
4,Logistic_Tech_News,2026-04-24,2396.89990234375,1,1,0.7037204613166325,True
4,Logistic_Tech_News,2026-04-27,2447.60009765625,0,1,0.7697411926893735,False
4,Logistic_Tech_News,2026-04-28,2444.699951171875,1,1,0.7765270686391296,True
4,Logistic_Tech_News,2026-04-29,2474.699951171875,0,1,0.7640735149775082,False
4,Logistic_Tech_News,2026-04-30,2473.89990234375,0,1,0.7407672088172769,False
4,Logistic_Tech_News,2026-05-01,2473.89990234375,0,1,0.7001579246604489,False
4,Logistic_Tech_News,2026-05-05,2427.300048828125,1,1,0.6964254165441246,True
4,Logistic_Tech_News,2026-05-06,2435.39990234375,0,1,0.7063729758253117,False
4,Logistic_Tech_News,2026-05-07,2401.39990234375,0,1,0.6713835152827448,False
4,Logistic_Tech_News,2026-05-08,2394.39990234375,0,1,0.6746059654302837,False
4,Logistic_Tech_News,2026-05-11,2392.89990234375,0,1,0.6474106028187526,False
4,Logistic_Tech_News,2026-05-12,2300.300048828125,0,1,0.663066805100394,False
4,Logistic_Tech_News,2026-05-13,2272.800048828125,0,1,0.6698752608721859,False
4,Logistic_Tech_News,2026-05-14,2246.0,1,1,0.6776075386746453,True
4,Logistic_Tech_News,2026-05-15,2264.0,1,1,0.6690658114453054,True
4,Logistic_Tech_News,2026-05-18,2283.199951171875,1,1,0.6575872940434102,True
4,Logistic_Tech_News,2026-05-19,2327.10009765625,1,1,0.691698613563956,True
4,Logistic_Tech_News,2026-05-20,2327.39990234375,0,1,0.6244167592243793,False
4,Logistic_Tech_News,2026-05-21,2327.199951171875,0,1,0.6246750944881203,False
4,Logistic_Tech_News,2026-05-22,2317.300048828125,0,1,0.6086638983772122,False
4,Logistic_Tech_News,2026-05-25,2308.199951171875,0,1,0.5891823352965573,False
4,Logistic_Tech_News,2026-05-26,2276.199951171875,1,1,0.5715776480180206,True
4,Logistic_Tech_News,2026-05-27,2284.199951171875,0,1,0.5687549688794485,False
4,Logistic_Tech_News,2026-05-28,2284.199951171875,0,1,0.5330362186139094,False
4,Logistic_Tech_News,2026-06-01,2297.39990234375,1,1,0.6500753703861667,True
4,Logistic_Tech_News,2026-06-02,2446.89990234375,0,1,0.7159044304437305,False
4,Logistic_Tech_News,2026-06-03,2241.699951171875,0,1,0.6248229931807411,False
4,Logistic_Tech_News,2026-06-04,2241.0,0,1,0.6505265824917029,False
4,Logistic_Tech_News,2026-06-05,2198.89990234375,0,1,0.650180766019822,False
4,Logistic_Tech_News,2026-06-08,2151.39990234375,0,1,0.6126258644307788,False
4,Logistic_Tech_News,2026-06-09,2151.0,1,1,0.6689915029237883,True
4,Logistic_Tech_News,2026-06-10,2153.89990234375,0,1,0.6386212376479531,False
4,Logistic_Tech_News,2026-06-11,2135.60009765625,1,1,0.6179395396607551,True
4,Logistic_Tech_News,2026-06-12,2161.39990234375,1,1,0.6316276717991298,True
4,Logistic_Tech_News,2026-06-15,2162.0,1,1,0.6130461887657409,True
4,Logistic_Tech_News,2026-06-16,2199.0,1,1,0.5770851605338309,True
4,Logistic_Tech_News,2026-06-17,2223.0,0,1,0.5487462928884945,False
4,RandomForest_Tech_News,2026-03-18,2440.800048828125,0,0,0.32421291044869427,True
4,RandomForest_Tech_News,2026-03-19,2356.0,1,0,0.2717001386528774,False
4,RandomForest_Tech_News,2026-03-20,2390.60009765625,0,0,0.31883393230415646,True
4,RandomForest_Tech_News,2026-03-23,2383.800048828125,1,0,0.2936988871915493,False
4,RandomForest_Tech_News,2026-03-24,2398.800048828125,0,0,0.2872031573916681,True
4,RandomForest_Tech_News,2026-03-25,2377.39990234375,1,0,0.3373853457207791,False
4,RandomForest_Tech_News,2026-03-27,2389.800048828125,0,0,0.33754756605087144,True
4,RandomForest_Tech_News,2026-03-30,2358.89990234375,1,0,0.2891892681136877,False
4,RandomForest_Tech_News,2026-04-01,2408.199951171875,1,0,0.3359450832444917,False
4,RandomForest_Tech_News,2026-04-02,2450.699951171875,1,0,0.40418496891552963,False
4,RandomForest_Tech_News,2026-04-06,2473.89990234375,1,0,0.3864325604739471,False
4,RandomForest_Tech_News,2026-04-07,2539.800048828125,1,0,0.35610454790283974,False
4,RandomForest_Tech_News,2026-04-08,2559.199951171875,1,0,0.337366108677922,False
4,RandomForest_Tech_News,2026-04-09,2589.0,0,0,0.34058359065560084,True
4,RandomForest_Tech_News,2026-04-10,2524.300048828125,0,0,0.31525530621979203,True
4,RandomForest_Tech_News,2026-04-13,2472.60009765625,1,0,0.3839141417712434,False
4,RandomForest_Tech_News,2026-04-15,2554.89990234375,1,0,0.36303605294303815,False
4,RandomForest_Tech_News,2026-04-16,2576.89990234375,1,0,0.3196445845708576,False
4,RandomForest_Tech_News,2026-04-17,2581.5,0,0,0.32865726373476256,True
4,RandomForest_Tech_News,2026-04-20,2579.60009765625,1,0,0.30839204840555406,False
4,RandomForest_Tech_News,2026-04-21,2610.5,0,0,0.3268165763798917,True
4,RandomForest_Tech_News,2026-04-22,2538.5,0,0,0.36284630286883846,True
4,RandomForest_Tech_News,2026-04-23,2521.800048828125,0,0,0.44416722205589976,True
4,RandomForest_Tech_News,2026-04-24,2396.89990234375,1,0,0.3740067635622868,False
4,RandomForest_Tech_News,2026-04-27,2447.60009765625,0,0,0.4313575563501674,True
4,RandomForest_Tech_News,2026-04-28,2444.699951171875,1,0,0.3970012153246199,False
4,RandomForest_Tech_News,2026-04-29,2474.699951171875,0,0,0.3826080366472821,True
4,RandomForest_Tech_News,2026-04-30,2473.89990234375,0,0,0.4058387250976167,True
4,RandomForest_Tech_News,2026-05-01,2473.89990234375,0,0,0.4326747911574131,True
4,RandomForest_Tech_News,2026-05-05,2427.300048828125,1,0,0.3834769792988951,False
4,RandomForest_Tech_News,2026-05-06,2435.39990234375,0,0,0.39261119645099024,True
4,RandomForest_Tech_News,2026-05-07,2401.39990234375,0,0,0.3878827417374491,True
4,RandomForest_Tech_News,2026-05-08,2394.39990234375,0,0,0.36751298178583036,True
4,RandomForest_Tech_News,2026-05-11,2392.89990234375,0,0,0.3568042917050554,True
4,RandomForest_Tech_News,2026-05-12,2300.300048828125,0,0,0.342405657549201,True
4,RandomForest_Tech_News,2026-05-13,2272.800048828125,0,0,0.37343671090331093,True
4,RandomForest_Tech_News,2026-05-14,2246.0,1,0,0.4076531757717705,False
4,RandomForest_Tech_News,2026-05-15,2264.0,1,0,0.37205378669295586,False
4,RandomForest_Tech_News,2026-05-18,2283.199951171875,1,0,0.3832811106867403,False
4,RandomForest_Tech_News,2026-05-19,2327.10009765625,1,0,0.386548668912016,False
4,RandomForest_Tech_News,2026-05-20,2327.39990234375,0,0,0.391447891314328,True
4,RandomForest_Tech_News,2026-05-21,2327.199951171875,0,0,0.3843762631500743,True
4,RandomForest_Tech_News,2026-05-22,2317.300048828125,0,0,0.4106248215734139,True
4,RandomForest_Tech_News,2026-05-25,2308.199951171875,0,0,0.415841135517139,True
4,RandomForest_Tech_News,2026-05-26,2276.199951171875,1,0,0.38616543746279197,False
4,RandomForest_Tech_News,2026-05-27,2284.199951171875,0,0,0.37861998946849623,True
4,RandomForest_Tech_News,2026-05-28,2284.199951171875,0,0,0.4086962289736082,True
4,RandomForest_Tech_News,2026-06-01,2297.39990234375,1,0,0.4140969147281701,False
4,RandomForest_Tech_News,2026-06-02,2446.89990234375,0,0,0.36914320055377337,True
4,RandomForest_Tech_News,2026-06-03,2241.699951171875,0,0,0.39705515903891775,True
4,RandomForest_Tech_News,2026-06-04,2241.0,0,0,0.3967239778404144,True
4,RandomForest_Tech_News,2026-06-05,2198.89990234375,0,0,0.3024796558742129,True
4,RandomForest_Tech_News,2026-06-08,2151.39990234375,0,0,0.28344925168540674,True
4,RandomForest_Tech_News,2026-06-09,2151.0,1,0,0.33896039250243376,False
4,RandomForest_Tech_News,2026-06-10,2153.89990234375,0,0,0.344084700380097,True
4,RandomForest_Tech_News,2026-06-11,2135.60009765625,1,0,0.35523911288957627,False
4,RandomForest_Tech_News,2026-06-12,2161.39990234375,1,0,0.3660029409242061,False
4,RandomForest_Tech_News,2026-06-15,2162.0,1,0,0.3789226939426205,False
4,RandomForest_Tech_News,2026-06-16,2199.0,1,0,0.3985210938280084,False
4,RandomForest_Tech_News,2026-06-17,2223.0,0,0,0.3800652882573937,True
4,XGBoost_Tech_News,2026-03-18,2440.800048828125,0,0,0.424486368894577,True
4,XGBoost_Tech_News,2026-03-19,2356.0,1,0,0.3216076195240021,False
4,XGBoost_Tech_News,2026-03-20,2390.60009765625,0,0,0.35899657011032104,True
4,XGBoost_Tech_News,2026-03-23,2383.800048828125,1,0,0.33583828806877136,False
4,XGBoost_Tech_News,2026-03-24,2398.800048828125,0,0,0.28995272517204285,True
4,XGBoost_Tech_News,2026-03-25,2377.39990234375,1,0,0.3972477912902832,False
4,XGBoost_Tech_News,2026-03-27,2389.800048828125,0,0,0.3627355694770813,True
4,XGBoost_Tech_News,2026-03-30,2358.89990234375,1,0,0.2661525309085846,False
4,XGBoost_Tech_News,2026-04-01,2408.199951171875,1,0,0.37782588601112366,False
4,XGBoost_Tech_News,2026-04-02,2450.699951171875,1,0,0.46080806851387024,False
4,XGBoost_Tech_News,2026-04-06,2473.89990234375,1,0,0.46516793966293335,False
4,XGBoost_Tech_News,2026-04-07,2539.800048828125,1,0,0.3686597943305969,False
4,XGBoost_Tech_News,2026-04-08,2559.199951171875,1,0,0.325591117143631,False
4,XGBoost_Tech_News,2026-04-09,2589.0,0,0,0.3463423550128937,True
4,XGBoost_Tech_News,2026-04-10,2524.300048828125,0,0,0.32191818952560425,True
4,XGBoost_Tech_News,2026-04-13,2472.60009765625,1,0,0.39129212498664856,False
4,XGBoost_Tech_News,2026-04-15,2554.89990234375,1,0,0.3858308494091034,False
4,XGBoost_Tech_News,2026-04-16,2576.89990234375,1,0,0.30062463879585266,False
4,XGBoost_Tech_News,2026-04-17,2581.5,0,0,0.3027793765068054,True
4,XGBoost_Tech_News,2026-04-20,2579.60009765625,1,0,0.3123357892036438,False
4,XGBoost_Tech_News,2026-04-21,2610.5,0,0,0.2988487184047699,True
4,XGBoost_Tech_News,2026-04-22,2538.5,0,0,0.3123507797718048,True
4,XGBoost_Tech_News,2026-04-23,2521.800048828125,0,1,0.5078463554382324,False
4,XGBoost_Tech_News,2026-04-24,2396.89990234375,1,0,0.3521328866481781,False
4,XGBoost_Tech_News,2026-04-27,2447.60009765625,0,1,0.5212191343307495,False
4,XGBoost_Tech_News,2026-04-28,2444.699951171875,1,0,0.4595167934894562,False
4,XGBoost_Tech_News,2026-04-29,2474.699951171875,0,0,0.47903183102607727,True
4,XGBoost_Tech_News,2026-04-30,2473.89990234375,0,0,0.44118762016296387,True
4,XGBoost_Tech_News,2026-05-01,2473.89990234375,0,0,0.49334126710891724,True
4,XGBoost_Tech_News,2026-05-05,2427.300048828125,1,0,0.4949803948402405,False
4,XGBoost_Tech_News,2026-05-06,2435.39990234375,0,0,0.47833091020584106,True
4,XGBoost_Tech_News,2026-05-07,2401.39990234375,0,0,0.4826604723930359,True
4,XGBoost_Tech_News,2026-05-08,2394.39990234375,0,0,0.36397141218185425,True
4,XGBoost_Tech_News,2026-05-11,2392.89990234375,0,0,0.2597692906856537,True
4,XGBoost_Tech_News,2026-05-12,2300.300048828125,0,0,0.2642625570297241,True
4,XGBoost_Tech_News,2026-05-13,2272.800048828125,0,1,0.5192776918411255,False
4,XGBoost_Tech_News,2026-05-14,2246.0,1,1,0.5084637999534607,True
4,XGBoost_Tech_News,2026-05-15,2264.0,1,0,0.4271491467952728,False
4,XGBoost_Tech_News,2026-05-18,2283.199951171875,1,0,0.4700332283973694,False
4,XGBoost_Tech_News,2026-05-19,2327.10009765625,1,0,0.36487892270088196,False
4,XGBoost_Tech_News,2026-05-20,2327.39990234375,0,0,0.42234882712364197,True
4,XGBoost_Tech_News,2026-05-21,2327.199951171875,0,0,0.3533240854740143,True
4,XGBoost_Tech_News,2026-05-22,2317.300048828125,0,0,0.4518980085849762,True
4,XGBoost_Tech_News,2026-05-25,2308.199951171875,0,1,0.5187078714370728,False
4,XGBoost_Tech_News,2026-05-26,2276.199951171875,1,0,0.45795294642448425,False
4,XGBoost_Tech_News,2026-05-27,2284.199951171875,0,0,0.3907700777053833,True
4,XGBoost_Tech_News,2026-05-28,2284.199951171875,0,1,0.5106316804885864,False
4,XGBoost_Tech_News,2026-06-01,2297.39990234375,1,1,0.5457429885864258,True
4,XGBoost_Tech_News,2026-06-02,2446.89990234375,0,0,0.3910732865333557,True
4,XGBoost_Tech_News,2026-06-03,2241.699951171875,0,0,0.4173751175403595,True
4,XGBoost_Tech_News,2026-06-04,2241.0,0,0,0.4997095465660095,True
4,XGBoost_Tech_News,2026-06-05,2198.89990234375,0,0,0.29976823925971985,True
4,XGBoost_Tech_News,2026-06-08,2151.39990234375,0,0,0.28430867195129395,True
4,XGBoost_Tech_News,2026-06-09,2151.0,1,0,0.4155629277229309,False
4,XGBoost_Tech_News,2026-06-10,2153.89990234375,0,0,0.4016861021518707,True
4,XGBoost_Tech_News,2026-06-11,2135.60009765625,1,0,0.38673320412635803,False
4,XGBoost_Tech_News,2026-06-12,2161.39990234375,1,0,0.4030859172344208,False
4,XGBoost_Tech_News,2026-06-15,2162.0,1,0,0.4552643597126007,False
4,XGBoost_Tech_News,2026-06-16,2199.0,1,1,0.5167896747589111,True
4,XGBoost_Tech_News,2026-06-17,2223.0,0,0,0.47956255078315735,True
5,Logistic_Technical,2026-06-18,2203.300048828125,0,0,0.40365438182026064,True
5,Logistic_Technical,2026-06-19,2125.0,1,0,0.34372673492321437,False
5,Logistic_Technical,2026-06-22,2127.800048828125,0,0,0.39272539835316983,True
5,Logistic_Technical,2026-06-23,2059.60009765625,1,0,0.3931087004769855,False
5,Logistic_Technical,2026-06-24,2109.0,0,0,0.44559095454504527,True
5,Logistic_Technical,2026-06-25,2094.699951171875,0,0,0.4592362339428972,True
5,Logistic_Technical,2026-06-26,2094.699951171875,1,0,0.4424703636393962,False
5,Logistic_Technical,2026-06-30,2031.5,0,0,0.4719382449359654,True
5,Logistic_Technical,2026-07-01,1982.5999755859373,1,1,0.5307460953840492,True
5,Logistic_Technical,2026-07-02,2068.10009765625,1,1,0.5370931858056283,True
5,Logistic_Technical,2026-07-03,2093.5,0,1,0.5021834776059595,False
5,Logistic_Technical,2026-07-06,2057.60009765625,1,0,0.4716677461475766,False
5,Logistic_Technical,2026-07-07,2096.10009765625,0,0,0.4975205696648405,True
5,Logistic_Technical,2026-07-08,2057.5,0,0,0.4634533686764568,True
5,Logistic_Technical,2026-07-09,2049.5,1,0,0.4740926867177354,False
5,Logistic_Technical,2026-07-10,2069.0,1,1,0.5297385393090824,True
5,Logistic_Technical,2026-07-13,2181.5,1,1,0.5168325583642626,True
5,Logistic_Technical,2026-07-14,2200.60009765625,0,0,0.41564134882536724,True
5,Logistic_Technical,2026-07-15,2189.199951171875,1,0,0.37794019638089227,False
5,Logistic_Technical,2026-07-16,2201.0,1,0,0.38768912983026155,False
5,Logistic_Technical,2026-07-17,2269.0,0,0,0.3954678885324823,True
5,Logistic_Technical,2026-07-20,2251.10009765625,0,0,0.3845487514770654,True
5,Logistic_Technical,2026-07-21,2221.10009765625,0,0,0.40470734023052474,True
5,Logistic_Technical,2026-07-22,2208.300048828125,1,0,0.41818736242452265,False
5,Logistic_Technical,2026-07-23,2242.89990234375,1,0,0.46749422290320897,False
5,Logistic_Technical,2026-07-24,2254.300048828125,1,0,0.4697009399413416,False
5,Logistic_Technical,2026-07-27,2295.60009765625,1,1,0.5121064983749438,True
5,Logistic_Technical,2026-07-28,2398.0,1,1,0.5162632170843052,True
5,Logistic_Technical,2026-07-29,2446.60009765625,0,0,0.4613081900944793,True
5,Logistic_Technical,2026-07-30,2431.800048828125,0,0,0.41525369960416686,True
5,Logistic_Technical,2026-07-31,2365.60009765625,1,0,0.3659661239511023,False
5,Logistic_Technical,2026-08-03,2473.699951171875,0,0,0.46753659813376364,True
5,Logistic_Technical,2026-08-04,2460.0,0,0,0.4168015742853804,True
5,Logistic_Technical,2026-08-05,2413.0,0,0,0.47152355424884157,True
5,Logistic_Technical,2026-08-06,2373.0,1,1,0.5086848825764023,True
5,Logistic_Technical,2026-08-07,2452.699951171875,0,1,0.5619152613369105,False
5,Logistic_Technical,2026-08-10,2425.699951171875,1,1,0.5363559556496508,True
5,Logistic_Technical,2026-08-11,2445.699951171875,0,1,0.5701679535559174,False
5,Logistic_Technical,2026-08-12,2349.699951171875,1,1,0.6008495634760698,True
5,Logistic_Technical,2026-08-13,2375.0,0,1,0.5700744667116413,False
5,Logistic_Technical,2026-08-14,2361.0,0,1,0.5925742993230364,False
5,Logistic_Technical,2026-08-17,2313.199951171875,0,1,0.5788801525353927,False
5,Logistic_Technical,2026-08-18,2280.0,1,1,0.580238617746833,True
5,Logistic_Technical,2026-08-19,2289.0,1,1,0.6295662749752595,True
5,Logistic_Technical,2026-08-20,2298.0,1,1,0.6434072261086029,True
5,Logistic_Technical,2026-08-21,2302.0,0,1,0.5937050458260273,False
5,RandomForest_Technical,2026-06-18,2203.300048828125,0,0,0.477913447342052,True
5,RandomForest_Technical,2026-06-19,2125.0,1,0,0.45070007018668407,False
5,RandomForest_Technical,2026-06-22,2127.800048828125,0,0,0.4587700054620681,True
5,RandomForest_Technical,2026-06-23,2059.60009765625,1,0,0.411839620313828,False
5,RandomForest_Technical,2026-06-24,2109.0,0,1,0.5514557062070599,False
5,RandomForest_Technical,2026-06-25,2094.699951171875,0,1,0.5304096022336631,False
5,RandomForest_Technical,2026-06-26,2094.699951171875,1,0,0.45925208974832615,False
5,RandomForest_Technical,2026-06-30,2031.5,0,0,0.44609789391168825,True
5,RandomForest_Technical,2026-07-01,1982.5999755859373,1,0,0.4630079511788275,False
5,RandomForest_Technical,2026-07-02,2068.10009765625,1,1,0.5928134748262933,True
5,RandomForest_Technical,2026-07-03,2093.5,0,1,0.5206207382252118,False
5,RandomForest_Technical,2026-07-06,2057.60009765625,1,0,0.49344990876030304,False
5,RandomForest_Technical,2026-07-07,2096.10009765625,0,1,0.5818213899062018,False
5,RandomForest_Technical,2026-07-08,2057.5,0,0,0.49022791830410894,True
5,RandomForest_Technical,2026-07-09,2049.5,1,1,0.5297684459821163,True
5,RandomForest_Technical,2026-07-10,2069.0,1,1,0.5552497495864905,True
5,RandomForest_Technical,2026-07-13,2181.5,1,0,0.4572102323283049,False
5,RandomForest_Technical,2026-07-14,2200.60009765625,0,0,0.45324401662700303,True
5,RandomForest_Technical,2026-07-15,2189.199951171875,1,0,0.4649922205894355,False
5,RandomForest_Technical,2026-07-16,2201.0,1,0,0.43187817928174527,False
5,RandomForest_Technical,2026-07-17,2269.0,0,0,0.42689592938627813,True
5,RandomForest_Technical,2026-07-20,2251.10009765625,0,1,0.5155207512578878,False
5,RandomForest_Technical,2026-07-21,2221.10009765625,0,0,0.4932762766349307,True
5,RandomForest_Technical,2026-07-22,2208.300048828125,1,1,0.5006167762447098,True
5,RandomForest_Technical,2026-07-23,2242.89990234375,1,1,0.51640080528895,True
5,RandomForest_Technical,2026-07-24,2254.300048828125,1,0,0.49506435170793417,False
5,RandomForest_Technical,2026-07-27,2295.60009765625,1,0,0.44703194341125624,False
5,RandomForest_Technical,2026-07-28,2398.0,1,0,0.4168110145733187,False
5,RandomForest_Technical,2026-07-29,2446.60009765625,0,0,0.4180366097099615,True
5,RandomForest_Technical,2026-07-30,2431.800048828125,0,0,0.4651454679377507,True
5,RandomForest_Technical,2026-07-31,2365.60009765625,1,0,0.4478827282258315,False
5,RandomForest_Technical,2026-08-03,2473.699951171875,0,0,0.40545769523381364,True
5,RandomForest_Technical,2026-08-04,2460.0,0,0,0.4567898311779549,True
5,RandomForest_Technical,2026-08-05,2413.0,0,0,0.4638059309355779,True
5,RandomForest_Technical,2026-08-06,2373.0,1,0,0.4716898757669908,False
5,RandomForest_Technical,2026-08-07,2452.699951171875,0,0,0.49159509296918985,True
5,RandomForest_Technical,2026-08-10,2425.699951171875,1,0,0.4994192324635965,False
5,RandomForest_Technical,2026-08-11,2445.699951171875,0,0,0.4995416200085049,True
5,RandomForest_Technical,2026-08-12,2349.699951171875,1,0,0.4303753498870574,False
5,RandomForest_Technical,2026-08-13,2375.0,0,0,0.4993968975673991,True
5,RandomForest_Technical,2026-08-14,2361.0,0,1,0.5146778287954571,False
5,RandomForest_Technical,2026-08-17,2313.199951171875,0,1,0.5022001018353659,False
5,RandomForest_Technical,2026-08-18,2280.0,1,1,0.5477944921548843,True
5,RandomForest_Technical,2026-08-19,2289.0,1,1,0.5555895798326707,True
5,RandomForest_Technical,2026-08-20,2298.0,1,1,0.5597699321065195,True
5,RandomForest_Technical,2026-08-21,2302.0,0,1,0.5331985826746901,False
5,XGBoost_Technical,2026-06-18,2203.300048828125,0,1,0.5140227675437927,False
5,XGBoost_Technical,2026-06-19,2125.0,1,0,0.3675028681755066,False
5,XGBoost_Technical,2026-06-22,2127.800048828125,0,0,0.3639872968196869,True
5,XGBoost_Technical,2026-06-23,2059.60009765625,1,0,0.2586956322193146,False
5,XGBoost_Technical,2026-06-24,2109.0,0,0,0.4865366518497467,True
5,XGBoost_Technical,2026-06-25,2094.699951171875,0,1,0.5138267278671265,False
5,XGBoost_Technical,2026-06-26,2094.699951171875,1,0,0.4765801727771759,False
5,XGBoost_Technical,2026-06-30,2031.5,0,0,0.30684882402420044,True
5,XGBoost_Technical,2026-07-01,1982.5999755859373,1,0,0.2799453139305115,False
5,XGBoost_Technical,2026-07-02,2068.10009765625,1,1,0.5487251877784729,True
5,XGBoost_Technical,2026-07-03,2093.5,0,1,0.5253543257713318,False
5,XGBoost_Technical,2026-07-06,2057.60009765625,1,0,0.4633215069770813,False
5,XGBoost_Technical,2026-07-07,2096.10009765625,0,1,0.6079646944999695,False
5,XGBoost_Technical,2026-07-08,2057.5,0,0,0.4661059081554413,True
5,XGBoost_Technical,2026-07-09,2049.5,1,1,0.5442290902137756,True
5,XGBoost_Technical,2026-07-10,2069.0,1,1,0.6165089011192322,True
5,XGBoost_Technical,2026-07-13,2181.5,1,0,0.4224194288253784,False
5,XGBoost_Technical,2026-07-14,2200.60009765625,0,0,0.39211493730545044,True
5,XGBoost_Technical,2026-07-15,2189.199951171875,1,0,0.4290706217288971,False
5,XGBoost_Technical,2026-07-16,2201.0,1,0,0.37029096484184265,False
5,XGBoost_Technical,2026-07-17,2269.0,0,0,0.4416227340698242,True
5,XGBoost_Technical,2026-07-20,2251.10009765625,0,1,0.5847316980361938,False
5,XGBoost_Technical,2026-07-21,2221.10009765625,0,1,0.5798174142837524,False
5,XGBoost_Technical,2026-07-22,2208.300048828125,1,1,0.5235351920127869,True
5,XGBoost_Technical,2026-07-23,2242.89990234375,1,1,0.6195921897888184,True
5,XGBoost_Technical,2026-07-24,2254.300048828125,1,1,0.6228323578834534,True
5,XGBoost_Technical,2026-07-27,2295.60009765625,1,1,0.5029134750366211,True
5,XGBoost_Technical,2026-07-28,2398.0,1,0,0.42603573203086853,False
5,XGBoost_Technical,2026-07-29,2446.60009765625,0,0,0.3950929045677185,True
5,XGBoost_Technical,2026-07-30,2431.800048828125,0,0,0.4752691090106964,True
5,XGBoost_Technical,2026-07-31,2365.60009765625,1,0,0.3829266428947449,False
5,XGBoost_Technical,2026-08-03,2473.699951171875,0,0,0.44025537371635437,True
5,XGBoost_Technical,2026-08-04,2460.0,0,0,0.43778619170188904,True
5,XGBoost_Technical,2026-08-05,2413.0,0,0,0.4467889070510864,True
5,XGBoost_Technical,2026-08-06,2373.0,1,1,0.5556286573410034,True
5,XGBoost_Technical,2026-08-07,2452.699951171875,0,1,0.5640081167221069,False
5,XGBoost_Technical,2026-08-10,2425.699951171875,1,1,0.5959402918815613,True
5,XGBoost_Technical,2026-08-11,2445.699951171875,0,1,0.54543536901474,False
5,XGBoost_Technical,2026-08-12,2349.699951171875,1,0,0.3915899991989136,False
5,XGBoost_Technical,2026-08-13,2375.0,0,1,0.5379719734191895,False
5,XGBoost_Technical,2026-08-14,2361.0,0,1,0.5632917881011963,False
5,XGBoost_Technical,2026-08-17,2313.199951171875,0,1,0.5503682494163513,False
5,XGBoost_Technical,2026-08-18,2280.0,1,1,0.700740396976471,True
5,XGBoost_Technical,2026-08-19,2289.0,1,1,0.689052164554596,True
5,XGBoost_Technical,2026-08-20,2298.0,1,1,0.7554087042808533,True
5,XGBoost_Technical,2026-08-21,2302.0,0,1,0.6619876623153687,False
5,Logistic_Tech_News,2026-06-18,2203.300048828125,0,0,0.40219101842254773,True
5,Logistic_Tech_News,2026-06-19,2125.0,1,0,0.3452682645737003,False
5,Logistic_Tech_News,2026-06-22,2127.800048828125,0,0,0.39225767418628127,True
5,Logistic_Tech_News,2026-06-23,2059.60009765625,1,0,0.39294483068531516,False
5,Logistic_Tech_News,2026-06-24,2109.0,0,0,0.44350852240256944,True
5,Logistic_Tech_News,2026-06-25,2094.699951171875,0,0,0.45681268041642475,True
5,Logistic_Tech_News,2026-06-26,2094.699951171875,1,0,0.43805348303722297,False
5,Logistic_Tech_News,2026-06-30,2031.5,0,0,0.46937141660423487,True
5,Logistic_Tech_News,2026-07-01,1982.5999755859373,1,1,0.5310874141320826,True
5,Logistic_Tech_News,2026-07-02,2068.10009765625,1,1,0.5362278373027999,True
5,Logistic_Tech_News,2026-07-03,2093.5,0,1,0.5023040891215015,False
5,Logistic_Tech_News,2026-07-06,2057.60009765625,1,0,0.4720355106901119,False
5,Logistic_Tech_News,2026-07-07,2096.10009765625,0,0,0.49700842067897283,True
5,Logistic_Tech_News,2026-07-08,2057.5,0,0,0.4630408034073643,True
5,Logistic_Tech_News,2026-07-09,2049.5,1,0,0.4733637361502195,False
5,Logistic_Tech_News,2026-07-10,2069.0,1,1,0.5278497630073846,True
5,Logistic_Tech_News,2026-07-13,2181.5,1,1,0.515769992352517,True
5,Logistic_Tech_News,2026-07-14,2200.60009765625,0,0,0.4159275509001243,True
5,Logistic_Tech_News,2026-07-15,2189.199951171875,1,0,0.3797541255745786,False
5,Logistic_Tech_News,2026-07-16,2201.0,1,0,0.38879708132537705,False
5,Logistic_Tech_News,2026-07-17,2269.0,0,0,0.3943535041029366,True
5,Logistic_Tech_News,2026-07-20,2251.10009765625,0,0,0.38367848842166097,True
5,Logistic_Tech_News,2026-07-21,2221.10009765625,0,0,0.4039483154085767,True
5,Logistic_Tech_News,2026-07-22,2208.300048828125,1,0,0.4175220118497047,False
5,Logistic_Tech_News,2026-07-23,2242.89990234375,1,0,0.46661706882820203,False
5,Logistic_Tech_News,2026-07-24,2254.300048828125,1,0,0.4697606315404895,False
5,Logistic_Tech_News,2026-07-27,2295.60009765625,1,1,0.5100379350809932,True
5,Logistic_Tech_News,2026-07-28,2398.0,1,1,0.5108037900408117,True
5,Logistic_Tech_News,2026-07-29,2446.60009765625,0,0,0.4545931315810801,True
5,Logistic_Tech_News,2026-07-30,2431.800048828125,0,0,0.40959858148559664,True
5,Logistic_Tech_News,2026-07-31,2365.60009765625,1,0,0.3624128223852418,False
5,Logistic_Tech_News,2026-08-03,2473.699951171875,0,0,0.4620404631304347,True
5,Logistic_Tech_News,2026-08-04,2460.0,0,0,0.41313415153171046,True
5,Logistic_Tech_News,2026-08-05,2413.0,0,0,0.4686706754627926,True
5,Logistic_Tech_News,2026-08-06,2373.0,1,1,0.5062641447137846,True
5,Logistic_Tech_News,2026-08-07,2452.699951171875,0,1,0.5590636508458153,False
5,Logistic_Tech_News,2026-08-10,2425.699951171875,1,1,0.5337528472921044,True
5,Logistic_Tech_News,2026-08-11,2445.699951171875,0,1,0.5667123426490368,False
5,Logistic_Tech_News,2026-08-12,2349.699951171875,1,1,0.5990663999800986,True
5,Logistic_Tech_News,2026-08-13,2375.0,0,1,0.5670913266163511,False
5,Logistic_Tech_News,2026-08-14,2361.0,0,1,0.5897935301100408,False
5,Logistic_Tech_News,2026-08-17,2313.199951171875,0,1,0.5765029970717571,False
5,Logistic_Tech_News,2026-08-18,2280.0,1,1,0.5775307190245252,True
5,Logistic_Tech_News,2026-08-19,2289.0,1,1,0.6260080611782801,True
5,Logistic_Tech_News,2026-08-20,2298.0,1,1,0.6392713017302281,True
5,Logistic_Tech_News,2026-08-21,2302.0,0,1,0.5895701230602978,False
5,RandomForest_Tech_News,2026-06-18,2203.300048828125,0,1,0.5084221217543885,False
5,RandomForest_Tech_News,2026-06-19,2125.0,1,0,0.4851176641918063,False
5,RandomForest_Tech_News,2026-06-22,2127.800048828125,0,0,0.49817667545138167,True
5,RandomForest_Tech_News,2026-06-23,2059.60009765625,1,0,0.4003943169809269,False
5,RandomForest_Tech_News,2026-06-24,2109.0,0,1,0.5475223230994614,False
5,RandomForest_Tech_News,2026-06-25,2094.699951171875,0,1,0.5531971524767179,False
5,RandomForest_Tech_News,2026-06-26,2094.699951171875,1,1,0.5002095091860358,True
5,RandomForest_Tech_News,2026-06-30,2031.5,0,0,0.4439937536409138,True
5,RandomForest_Tech_News,2026-07-01,1982.5999755859373,1,0,0.44113315227121597,False
5,RandomForest_Tech_News,2026-07-02,2068.10009765625,1,1,0.5745642803133544,True
5,RandomForest_Tech_News,2026-07-03,2093.5,0,1,0.5103577860534889,False
5,RandomForest_Tech_News,2026-07-06,2057.60009765625,1,1,0.5033575278741378,True
5,RandomForest_Tech_News,2026-07-07,2096.10009765625,0,1,0.5474919058490151,False
5,RandomForest_Tech_News,2026-07-08,2057.5,0,1,0.5081109086473306,False
5,RandomForest_Tech_News,2026-07-09,2049.5,1,1,0.5340469006274594,True
5,RandomForest_Tech_News,2026-07-10,2069.0,1,1,0.5683368526307442,True
5,RandomForest_Tech_News,2026-07-13,2181.5,1,1,0.5012606525915334,True
5,RandomForest_Tech_News,2026-07-14,2200.60009765625,0,0,0.4603438657694438,True
5,RandomForest_Tech_News,2026-07-15,2189.199951171875,1,0,0.45511141201594363,False
5,RandomForest_Tech_News,2026-07-16,2201.0,1,0,0.4388597032222873,False
5,RandomForest_Tech_News,2026-07-17,2269.0,0,0,0.41571952841083826,True
5,RandomForest_Tech_News,2026-07-20,2251.10009765625,0,0,0.4735162373277329,True
5,RandomForest_Tech_News,2026-07-21,2221.10009765625,0,0,0.4709098161896177,True
5,RandomForest_Tech_News,2026-07-22,2208.300048828125,1,0,0.46209135889361114,False
5,RandomForest_Tech_News,2026-07-23,2242.89990234375,1,0,0.48446237811278436,False
5,RandomForest_Tech_News,2026-07-24,2254.300048828125,1,0,0.485659843038274,False
5,RandomForest_Tech_News,2026-07-27,2295.60009765625,1,0,0.45068856969815896,False
5,RandomForest_Tech_News,2026-07-28,2398.0,1,0,0.43907756735295367,False
5,RandomForest_Tech_News,2026-07-29,2446.60009765625,0,0,0.4040903887366183,True
5,RandomForest_Tech_News,2026-07-30,2431.800048828125,0,0,0.44739864143142155,True
5,RandomForest_Tech_News,2026-07-31,2365.60009765625,1,0,0.3965416327680113,False
5,RandomForest_Tech_News,2026-08-03,2473.699951171875,0,0,0.4272943689150877,True
5,RandomForest_Tech_News,2026-08-04,2460.0,0,0,0.4525755188794631,True
5,RandomForest_Tech_News,2026-08-05,2413.0,0,0,0.45685026480219837,True
5,RandomForest_Tech_News,2026-08-06,2373.0,1,1,0.5022874101883954,True
5,RandomForest_Tech_News,2026-08-07,2452.699951171875,0,0,0.48547799390227886,True
5,RandomForest_Tech_News,2026-08-10,2425.699951171875,1,0,0.48367209433131736,False
5,RandomForest_Tech_News,2026-08-11,2445.699951171875,0,0,0.4694106110580288,True
5,RandomForest_Tech_News,2026-08-12,2349.699951171875,1,0,0.4604750045498994,False
5,RandomForest_Tech_News,2026-08-13,2375.0,0,1,0.506563761991021,False
5,RandomForest_Tech_News,2026-08-14,2361.0,0,1,0.5178499544357233,False
5,RandomForest_Tech_News,2026-08-17,2313.199951171875,0,1,0.5250298096072401,False
5,RandomForest_Tech_News,2026-08-18,2280.0,1,1,0.5513677211988439,True
5,RandomForest_Tech_News,2026-08-19,2289.0,1,1,0.5302706496956947,True
5,RandomForest_Tech_News,2026-08-20,2298.0,1,1,0.5703900122094765,True
5,RandomForest_Tech_News,2026-08-21,2302.0,0,1,0.5257421523845878,False
5,XGBoost_Tech_News,2026-06-18,2203.300048828125,0,1,0.53724604845047,False
5,XGBoost_Tech_News,2026-06-19,2125.0,1,0,0.43652233481407166,False
5,XGBoost_Tech_News,2026-06-22,2127.800048828125,0,0,0.43384525179862976,True
5,XGBoost_Tech_News,2026-06-23,2059.60009765625,1,0,0.2855503261089325,False
5,XGBoost_Tech_News,2026-06-24,2109.0,0,1,0.5025739669799805,False
5,XGBoost_Tech_News,2026-06-25,2094.699951171875,0,1,0.5257004499435425,False
5,XGBoost_Tech_News,2026-06-26,2094.699951171875,1,0,0.47251924872398376,False
5,XGBoost_Tech_News,2026-06-30,2031.5,0,0,0.3595946431159973,True
5,XGBoost_Tech_News,2026-07-01,1982.5999755859373,1,0,0.3055494427680969,False
5,XGBoost_Tech_News,2026-07-02,2068.10009765625,1,1,0.5214893221855164,True
5,XGBoost_Tech_News,2026-07-03,2093.5,0,1,0.5139186978340149,False
5,XGBoost_Tech_News,2026-07-06,2057.60009765625,1,0,0.45210522413253784,False
5,XGBoost_Tech_News,2026-07-07,2096.10009765625,0,1,0.5618111491203308,False
5,XGBoost_Tech_News,2026-07-08,2057.5,0,0,0.4275960326194763,True
5,XGBoost_Tech_News,2026-07-09,2049.5,1,1,0.5426203012466431,True
5,XGBoost_Tech_News,2026-07-10,2069.0,1,1,0.5902608036994934,True
5,XGBoost_Tech_News,2026-07-13,2181.5,1,0,0.4447444677352905,False
5,XGBoost_Tech_News,2026-07-14,2200.60009765625,0,0,0.4431268870830536,True
5,XGBoost_Tech_News,2026-07-15,2189.199951171875,1,0,0.48403671383857727,False
5,XGBoost_Tech_News,2026-07-16,2201.0,1,0,0.44756993651390076,False
5,XGBoost_Tech_News,2026-07-17,2269.0,0,0,0.43746981024742126,True
5,XGBoost_Tech_News,2026-07-20,2251.10009765625,0,1,0.5920933485031128,False
5,XGBoost_Tech_News,2026-07-21,2221.10009765625,0,1,0.5835230946540833,False
5,XGBoost_Tech_News,2026-07-22,2208.300048828125,1,1,0.560935914516449,True
5,XGBoost_Tech_News,2026-07-23,2242.89990234375,1,1,0.5972126126289368,True
5,XGBoost_Tech_News,2026-07-24,2254.300048828125,1,1,0.5823827981948853,True
5,XGBoost_Tech_News,2026-07-27,2295.60009765625,1,1,0.5134772658348083,True
5,XGBoost_Tech_News,2026-07-28,2398.0,1,0,0.38948696851730347,False
5,XGBoost_Tech_News,2026-07-29,2446.60009765625,0,0,0.3662768304347992,True
5,XGBoost_Tech_News,2026-07-30,2431.800048828125,0,0,0.424611896276474,True
5,XGBoost_Tech_News,2026-07-31,2365.60009765625,1,0,0.3332996070384979,False
5,XGBoost_Tech_News,2026-08-03,2473.699951171875,0,0,0.42133787274360657,True
5,XGBoost_Tech_News,2026-08-04,2460.0,0,0,0.4382752776145935,True
5,XGBoost_Tech_News,2026-08-05,2413.0,0,0,0.4505329430103302,True
5,XGBoost_Tech_News,2026-08-06,2373.0,1,1,0.5789446234703064,True
5,XGBoost_Tech_News,2026-08-07,2452.699951171875,0,1,0.5799201726913452,False
5,XGBoost_Tech_News,2026-08-10,2425.699951171875,1,1,0.600012481212616,True
5,XGBoost_Tech_News,2026-08-11,2445.699951171875,0,1,0.5595663189888,False
5,XGBoost_Tech_News,2026-08-12,2349.699951171875,1,0,0.38931041955947876,False
5,XGBoost_Tech_News,2026-08-13,2375.0,0,1,0.5286465287208557,False
5,XGBoost_Tech_News,2026-08-14,2361.0,0,1,0.5518333315849304,False
5,XGBoost_Tech_News,2026-08-17,2313.199951171875,0,1,0.5784183144569397,False
5,XGBoost_Tech_News,2026-08-18,2280.0,1,1,0.7108789682388306,True
5,XGBoost_Tech_News,2026-08-19,2289.0,1,1,0.6848347187042236,True
5,XGBoost_Tech_News,2026-08-20,2298.0,1,1,0.755549430847168,True
5,XGBoost_Tech_News,2026-08-21,2302.0,0,1,0.6665530204772949,False
