Date,Close,High,Low,Open,Volume,Daily_Return,Daily_Return_Percent,SMA_20,SMA_50,RSI_14,MACD,MACD_Signal,MACD_Histogram,Future_Close_5D,Future_Return_5D,Target,Volatility_20,Volume_SMA_20,Volume_Ratio,Price_vs_SMA20,Price_vs_SMA50,High_Low_Range,Open_Close_Change
2018-03-14,1163.1885986328125,1177.7542017544838,1158.4140602105922,1165.626281980383,3668668,3.473785513152805e-05,0.0034737855131528,1208.6406860351562,1189.0736181640625,39.41818970319127,0.0483472151238402,8.152337564603318,-8.103990349479478,1151.040283203125,-0.0104439773945226,0,0.0175965069904179,6652067.6,0.551507925144958,-0.03760595512587406,-0.021769063862687177,0.01662683211185495,-0.0020913078104493016
2018-03-15,1156.25830078125,1169.494248351658,1150.5771937161774,1166.4521858443015,2348906,-0.005958017349644,-0.5958017349644074,1207.7925537109377,1190.9299340820312,38.07313407428988,-3.871357645280568,5.747598522626541,-9.61895616790711,1140.8062744140625,-0.0133638187563687,0,0.0171553721472656,6627136.3,0.3544375569882273,-0.04266813267837166,-0.029113075680229694,0.016360578447479124,-0.008739222393134786
2018-03-16,1138.529541015625,1157.1847323849083,1130.1891275555947,1155.895409738505,7197482,-0.0153328713434067,-1.533287134340677,1205.7749084472655,1192.547448730469,34.80158297581619,-8.312493484219658,2.9355801212573014,-11.24807360547696,1135.4874267578125,-0.0026719677867108,0,0.0174109659291607,6863748.6,1.04862261417908,-0.05576942011360608,-0.04529623351452294,0.02371093929212604,-0.01502373707566546
2018-03-19,1140.6651611328125,1147.5147929728894,1136.2330464127629,1139.8593220928035,3489940,0.0018757704918945,0.1875770491894579,1203.7190063476562,1194.1477783203125,35.52034989918677,-11.526923736328172,0.0430793497402066,-11.57000308606838,1135.024169921875,-0.0049453524164227,0,0.0174042877393828,6912457.8,0.5048768615990683,-0.05238252854888681,-0.044787268509370426,0.00989049805722342,0.0007069635913750031
2018-03-20,1154.3038330078125,1157.668151415266,1135.8299367604347,1136.2328562129926,4024984,0.0119567707857888,1.1956770785788828,1202.535418701172,1195.87255859375,40.064648393736086,-12.82600582146938,-2.530737684501711,-10.29526813696767,1147.3941650390625,-0.0059860045259879,0,0.0176599702031088,7035295.8,0.5721129735582688,-0.04010824541488611,-0.03476016343649446,0.018918948400202952,0.015904289949024677
2018-03-21,1151.040283203125,1162.140735117148,1148.3205765743962,1157.3862653368255,3907678,-0.0028272883718869,-0.2827288371886949,1200.7625610351563,1197.2740014648436,39.350001066227165,-13.95798002277752,-4.816186152156873,-9.141793870620646,1147.9781494140625,-0.0026603185255524,0,0.0175601528199309,7136226.3,0.5475832513887627,-0.04140891750419551,-0.03861582077715919,0.012006668006694789,-0.005483028720626576
2018-03-22,1140.8062744140625,1158.7764268055632,1137.2605628022825,1152.3297141910637,2326094,-0.0088910952452361,-0.8891095245236125,1196.512762451172,1198.268173828125,37.11430872826267,-15.502177263125986,-6.953384374350696,-8.54879288877529,1172.354736328125,0.0276545305032323,1,0.0156227004070648,7098069.6,0.3277079728832188,-0.04655737053985898,-0.047954123016126005,0.018860225864668963,-0.010000123779755711
2018-03-23,1135.4874267578125,1141.9140707828917,1127.388804705208,1128.980316884259,3654122,-0.004662358347373,-0.4662358347373052,1191.837890625,1199.1993798828123,35.97045709735096,-16.959650956625865,-8.954637690805729,-8.005013265820136,1172.9993896484375,0.0330360002292,1,0.0155585791682154,7107625.2,0.5141129276203252,-0.0472803091011289,-0.05312874088646202,0.012792097680163718,0.0057637053332441
2018-03-26,1135.024169921875,1139.214493146931,1120.7406940955957,1135.830008878156,2964210,-0.0004079805949593,-0.0407980594959389,1186.62412109375,1199.3366845703124,35.86677360909239,-17.945228886233053,-10.752755929891194,-7.19247295634186,1172.8585205078125,0.033333519750986,1,0.0153172353871473,7087710.7,0.4182182548731849,-0.04348466397625028,-0.05362340323266168,0.01627612833355519,-0.0007094714437742659
2018-03-27,1147.3941650390625,1153.5588548066692,1137.4622359022296,1138.247909475669,2494574,0.0108984420288062,1.08984420288063,1182.9172729492188,1199.8508203125,40.77579847906595,-17.526121056648435,-12.107428955242645,-5.418692101405792,1191.815673828125,0.0387151252312236,1,0.0154829008260834,7144245.3,0.3491725011177878,-0.030030086399525646,-0.04371931442258392,0.01402884849418032,0.008035380945796441
2018-03-28,1147.9781494140625,1158.3936587016517,1138.2476820285792,1142.6394655956983,6865654,0.0005089657876899,0.0508965787689996,1179.0250732421875,1200.4903955078123,41.0053821091981,-16.951446698066093,-13.076232503807333,-3.87521419425876,1188.733154296875,0.0355015510561889,1,0.0154307830722711,7401638.0,0.927585758719894,-0.026332708720731013,-0.04374232921000332,0.017549094190821624,0.004672238251092565
2018-04-02,1172.354736328125,1174.107475579224,1144.2914312439932,1144.2914312439932,1662988,0.0212343648931858,2.1234364893185864,1176.4987670898438,1201.860690917969,49.760180144478,-14.363453339102762,-13.33367667086642,-1.029776668236341,1178.096435546875,0.0048975783871811,0,0.0163685098343849,7349444.2,0.2262739813712715,-0.003522341780237803,-0.02455022850219646,0.02543261302344048,0.024524613501320503
2018-04-03,1172.9993896484375,1180.5137989455511,1165.283520602136,1165.283520602136,1937290,0.0005498790599265,0.0549879059926539,1173.9513244628906,1202.4017602539063,49.971620647328905,-12.120711800527031,-13.091083696798544,0.9703718962715104,1183.6165771484375,0.0090513154513933,0,0.0163657084560016,7360402.5,0.2632043560117806,-0.0008108809919258331,-0.0244530335677986,0.01298404626449115,0.006621452127216699
2018-04-04,1172.8585205078125,1182.166001791824,1165.2433800892825,1180.3326981002415,2841820,-0.0001200931064996,-0.012009310649963,1170.0238647460938,1202.6337109375,49.922177290036245,-10.23668777097464,-12.520204511633764,2.283516740659124,1214.4599609375,0.0354701267904633,1,0.0153385960398757,7359585.1,0.3861386153412371,0.002422733285302625,-0.024758320142611367,0.014428527743665648,-0.006332263441027058
2018-04-05,1191.815673828125,1194.1526265205089,1176.665960177355,1179.1640413165176,1809424,0.0161632055263618,1.6163205526361857,1168.3144775390624,1203.0096533203125,56.20242183736555,-7.131691610919006,-11.442501931490812,4.310810320571807,1264.8651123046875,0.0612925640102777,1,0.0153563007383039,7354718.1,0.2460222098791251,0.02011547125442248,-0.00930497894284732,0.014672290965084048,0.010729323544739449
2018-04-06,1188.733154296875,1192.6414528977743,1179.1638183150094,1190.2239364391978,1129018,-0.0025864062698126,-0.2586406269812658,1166.760211181641,1202.9935327148437,54.99469337976953,-4.863628466805039,-10.12672723855366,5.26309877174862,1270.5257568359375,0.0688065292394759,1,0.0153345604256368,7315280.4,0.1543369410692719,0.018832441237416564,-0.01185407737461952,0.01133781331331408,-0.0012525224007700591
2018-04-09,1178.096435546875,1194.0520891103708,1174.5104908914227,1184.4625841249983,1235866,-0.0089479448870015,-0.8947944887001569,1165.1475219726562,1201.442297363281,50.92786139057725,-3.879743129202325,-8.877330416683392,4.997587287481068,1284.3665771484375,0.090204959793662,1,0.0153636340694043,7279482.4,0.1697738839233954,0.011113539985302179,-0.019431529810163717,0.01658743514479516,-0.005374714797619558
2018-04-10,1183.6165771484375,1191.5339074113165,1178.8217752076837,1178.8217752076837,1184532,0.0046856449395842,0.4685644939584232,1163.2034545898437,1200.1175048828125,52.87550452908039,-2.6243260203666523,-7.626729537420045,5.002403517053393,1275.8848876953125,0.0779545609011047,1,0.0152027672226325,7245087.2,0.1634945125298146,0.017549055995360385,-0.013749426757995842,0.010740076177590204,0.004067452808893923
2018-04-11,1214.4599609375,1218.8316775417509,1186.8399036011613,1188.85450141528,3124416,0.026058593960698,2.605859396069809,1162.4379272460938,1198.824541015625,61.96017862047198,0.8496106038639937,-5.931461509163238,6.781072113027232,1272.8631591796875,0.0480898507325866,1,0.016343729202351,7296741.0,0.4281933537177761,0.0447525261109214,0.013042292167817049,0.0263423867147449,0.021537925365751418
2018-04-12,1264.8651123046875,1269.1964971760024,1211.9617592724037,1212.78776396818,6114360,0.0415041689215323,4.15041689215323,1167.5237731933594,1198.9712036132812,71.59684478133657,7.582597405941897,-3.228649726142211,10.811247132084109,1285.7764892578125,0.0165324956390193,0,0.0135730907865206,3199101.3,1.9112742694331064,0.08337418161951793,0.05495870834330718,0.045249677097435555,0.04294019933554835
2018-04-13,1270.5257568359375,1305.781204145641,1261.9838852758426,1269.1961031493158,8179118,0.0044752950146089,0.4475295014608971,1172.8906311035155,1198.6041455078123,72.44119830210924,13.222879536490607,0.0616561263843529,13.161223410106256,1370.91357421875,0.079012815633753,1,0.0135361434878515,3424623.8,2.388325981966253,0.08324316278369603,0.06000447403563269,0.034471807150820225,0.0010476345486109958
2018-04-16,1284.3665771484375,1289.322507723035,1253.3821003764835,1255.4974281999912,6270274,0.0108937738869367,1.0893773886936795,1179.296044921875,1198.8845776367189,74.44183414759586,18.59532693394067,3.768390287895616,14.826936646045052,1373.411865234375,0.0693301193524023,1,0.0133738337418597,3620692.2,1.7317887447046727,0.08909597609438547,0.07130127545741183,0.02798298241795316,0.02299419202302633
2018-04-17,1275.8848876953125,1287.3075961376364,1268.0681906211194,1284.366264206858,3301724,-0.0066037917865755,-0.6603791786575552,1186.1638122558593,1199.3217456054688,71.03848409033489,21.91599480253172,7.397911190822836,14.518083611708878,1364.144775390625,0.0691754315350032,1,0.0127931028036609,3425904.3,0.9637525484877087,0.07563970044645063,0.06383870080767307,0.015079264361591486,-0.00660354974115038
2018-04-18,1272.8631591796875,1286.7033863683405,1267.5244752704175,1275.6432646602998,2433066,-0.0023683394519102,-0.2368339451910284,1192.7737121582031,1199.4869506835937,69.81389833092778,24.0268531678164,10.72369958622155,13.303153581594849,1398.2313232421875,0.0984930415798153,1,0.012896194733423,3373060.6,0.7213229433233426,0.06714555007803669,0.06117299438253698,0.015067535704531726,-0.00217937534546747
2018-04-19,1285.7764892578125,1296.2725616305397,1275.5423735746062,1281.243645002039,4820952,0.0101451047467249,1.014510474672492,1199.347344970703,1199.7891381835936,72.03267666011686,26.43697248396893,13.866354165771025,12.570618318197903,1426.03271484375,0.1090828979668911,1,0.0128553126169437,3412859.0,1.4125845808455608,0.0720634807335323,0.07166871939214126,0.01612269957424679,0.003537847210759187
2018-04-20,1370.91357421875,1378.9317321155252,1305.459314379897,1309.48850979465,18465662,0.0662145292531217,6.621452925312177,1210.3410095214845,1202.2006103515623,81.62319527773292,34.815528896824844,18.05618911198179,16.759339784843053,1390.8582763671875,0.0145484752091709,0,0.0185253032698704,4140758.2,4.45948811983274,0.1326672098475361,0.140336781078368,0.05359376339788471,0.04690767728365359
2018-04-23,1373.411865234375,1433.54761597407,1365.716159839532,1379.596720487214,15185910,0.001822354860735,0.1822354860735009,1221.9712890625,1205.5158374023438,81.82020564874506,41.18246065290873,22.681443420167177,18.50101723274156,1423.1522216796875,0.0362166351583281,1,0.0181334010186519,4783749.0,3.174478844939398,0.12393137017814926,0.13927318300007996,0.04938901275835581,-0.004483089268764584
2018-04-24,1364.144775390625,1387.3126535964198,1346.7588330933738,1373.955907508872,8314336,-0.0067474951093192,-0.6747495109319268,1233.4041564941406,1208.9857885742188,78.46009967531522,44.96222667765642,27.137600071665027,17.82462660599139,1410.1175537109375,0.0337008059186005,1,0.018224712247244,5016759.7,1.6573119896494144,0.10599982026013666,0.12833813952386341,0.02972838457812022,-0.007140791101539577
2018-04-25,1398.2313232421875,1403.3685466040024,1355.844213687526,1363.8824376269158,8196574,0.0249874855414826,2.498748554148267,1246.5645141601562,1212.9831567382812,81.47381803048822,50.13034659201185,31.736149375734392,18.39419721627745,1402.9053955078125,0.0033428462000026,0,0.0183916220570351,5278377.9,1.5528585022303916,0.12166783777269097,0.15272113670732224,0.033988891627944676,0.02518463810930578
2018-04-26,1426.03271484375,1434.3932937327822,1396.921783531336,1396.921783531336,12135034,0.0198832561818864,1.9883256181886464,1260.4964416503906,1217.5566943359374,83.50138272647523,55.82593221857428,36.55410594430237,19.27182627427191,1402.4619140625,-0.0165289341092238,0,0.0185076756639522,5760400.9,2.106630113192295,0.13132625188264702,0.17122489776257743,0.02627675354948086,0.020839342370926005
2018-04-27,1390.8582763671875,1427.947044762899,1377.9850149799984,1420.2915724574543,4501330,-0.0246659407672962,-2.4665940767296224,1272.640447998047,1221.4621997070312,72.66554154538552,56.84615455785252,40.6125156670124,16.233638890840112,1378.3673095703125,-0.0089807617419515,0,0.0200563257908161,5642184.7,0.7977991220315775,0.09289177359960976,0.13868302817785616,0.0359217259097005,-0.02072341810726932
2018-04-30,1423.1522216796875,1429.9615229173949,1385.076323140467,1390.8581598231506,3458558,0.0232187174360058,2.32187174360059,1285.180322265625,1226.4608251953125,75.77389993349387,59.57380981090091,44.40477449579011,15.169035315110804,1386.526611328125,-0.0257355536488814,-1,0.0201205232346325,5731963.2,0.6033810545050254,0.10735606282146781,0.16037315863965906,0.03153928237132062,0.023218803174468314
2018-05-02,1410.1175537109375,1423.192272123545,1398.6545133367165,1422.507328631035,3158046,-0.0091590117839718,-0.9159011783971828,1297.03623046875,1231.08552734375,72.20486637422493,59.99215525882073,47.52225064839624,12.469904610424493,1405.9072265625,-0.0029857986927099,0,0.0204727383914693,5793001.0,0.5451485335493641,0.08718439823482771,0.1454261482169119,0.01740121504214579,-0.008709814473870592
2018-05-03,1402.9053955078125,1420.6942532908868,1398.2918882249064,1414.166976622289,3761550,-0.0051145794080394,-0.5114579408039499,1308.53857421875,1235.5079711914063,70.2336858156147,59.06091864188375,49.82998424709374,9.230934394790005,1390.575927734375,-0.0087885240251531,0,0.0206254148396002,5838987.5,0.6442127166739097,0.07211619370518241,0.13548874488845586,0.015968550080222136,-0.007963402696175638
2018-05-04,1402.4619140625,1409.0093553046215,1398.130529856173,1406.9947579993536,2347244,-0.0003161164300404,-0.031611643004048,1319.070886230469,1239.9976977539063,70.10694518164429,57.62288096469297,51.38856359061359,6.234317374079375,1392.8721923828125,-0.0068377769004144,0,0.0206614386104074,5865878.5,0.4001521681705476,0.06321951966534489,0.13101977253899455,0.007756948933419389,-0.003221649484536108
2018-05-07,1378.3673095703125,1406.1889180087285,1374.3179493159985,1406.1889180087285,3484426,-0.01718022019036,-1.718022019036003,1328.5525939941406,1243.8350952148437,63.41166714241535,53.91746554911629,51.89434398231414,2.0231215668021463,1383.4444580078125,0.003683450994701,0,0.0213160399154897,5983648.9,0.5823246079829316,0.037495478764908885,0.10815920444199345,0.023122261005062105,-0.019785114277399877
2018-05-08,1386.526611328125,1404.7788849785618,1368.596692962559,1383.9076344882108,2992820,0.0059195409678978,0.5919540967897818,1338.974102783203,1247.0495825195312,64.64306956562234,51.05080272216082,51.72563573028348,-0.6748330081226541,1403.1270751953125,0.0119726976255336,0,0.0209634608596689,6071496.6,0.4929295356930612,0.03551413611815102,0.11184561605545418,0.02609556262417827,0.001892450604828678
2018-05-09,1405.9072265625,1408.103118469109,1386.1238370133467,1386.1238370133467,2615050,0.0139778169968267,1.3977816996826764,1350.0886352539062,1250.5880297851563,67.44569499651594,49.76909827276222,51.33432823877924,-1.5652299660170144,1407.760498046875,0.0013182032564882,0,0.0209801760873391,6143022.5,0.4256943548554477,0.04134439017635039,0.12419693222557604,0.01563352192840098,0.014272454611111927
2018-05-10,1390.575927734375,1414.710766495073,1386.123647574815,1411.406846260895,3858678,-0.0109049150174799,-1.090491501747992,1358.89443359375,1253.6135571289062,63.17929700541328,46.97473507087284,50.46240960519796,-3.487674534325123,1406.914306640625,0.0117493612397487,0,0.0210122659974383,6179735.6,0.6244082675640686,0.02331416875175485,0.10925405985489456,0.02055775477634937,-0.014758975118836476
2018-05-11,1392.8721923828125,1404.1741011635374,1387.050026759104,1391.7641640389963,2627876,0.0016513047598765,0.1651304759876515,1365.2947875976563,1257.040378417969,63.55119013787086,44.43327236247728,49.25658215665383,-4.823309794176545,1411.04443359375,0.0130465963139445,0,0.0193953009216549,6005411.4,0.4375846757143066,0.02019886476947641,0.10805684232338897,0.012294074429857783,0.0007961322560573649
2018-05-14,1383.4444580078125,1398.5337756716328,1374.2780381298148,1392.8929019005575,2433894,-0.0067685566748746,-0.6768556674874637,1370.94072265625,1260.1928247070311,60.83446406715476,41.18366581900523,47.64199888912411,-6.458333070118883,1433.0841064453125,0.0358812008318585,1,0.0195736442651832,5718150.2,0.4256435936222871,0.009120551417668876,0.09780378913793197,0.017532859668791295,-0.006783324030047747
2018-05-15,1403.1270751953125,1408.5262564700292,1383.5049117545318,1390.0725204379444,1952890,0.0142272550759596,1.4227255075959675,1376.8787475585937,1263.7977490234375,64.2687075244534,39.73847156977217,46.06129342525372,-6.32282185548155,1413.80419921875,0.007609520343659,0,0.0196455146869869,5502281.0,0.354923712547578,0.019063644989263606,0.11024653769128623,0.017832557833020585,0.009391276041666709
2018-05-16,1407.760498046875,1413.8446222608684,1400.2460882052103,1402.139790311008,1648450,0.003302211847717,0.3302211847717062,1383.4725280761718,1267.473994140625,65.04572551077577,38.522954575543054,44.55362565531159,-6.030671079768538,1408.244384765625,0.0003437280129832,0,0.0194719977227479,5419617.3,0.3041635430605036,0.017555802141208776,0.11068195841080519,0.009659692877108486,0.004008664310582217
2018-05-17,1406.914306640625,1423.5749686702711,1400.5481589714966,1415.4360145778994,2968048,-0.0006010904606458,-0.0601090460645825,1390.1750854492188,1270.5841259765623,64.7687132620546,37.064115968448505,43.05572371793898,-5.991607749490477,1452.0010986328125,0.0320465800790981,1,0.0194402775128049,5446366.4,0.5449592961648706,0.012041088469080918,0.10729724846773148,0.016366888580269703,-0.006020553277935134
2018-05-18,1411.04443359375,1417.3500852208088,1393.2958076941122,1402.4823931329347,1874996,0.0029355924050462,0.2935592405046261,1396.4384826660155,1274.2849462890624,65.54010265775322,35.82823697660433,41.610226369672056,-5.781989393067725,1444.78857421875,0.0239143005150148,1,0.0194104691222392,5299068.6,0.3538350116848837,0.010459430264231573,0.10732253229778377,0.01704714391270681,0.006104918323922046
2018-05-21,1433.0841064453125,1447.28702055291,1417.4911395669478,1421.7821934178012,3446178,0.0156194038450159,1.5619403845015922,1399.5470092773437,1278.5502587890626,69.39146302351,36.20980725916911,40.53014254757147,-4.320335288402362,1411.04443359375,-0.0153791900645878,0,0.0133364024444871,4548094.4,0.7577191009931543,0.023962822931746786,0.1208664630850036,0.020791439143002747,0.007949117016540217
2018-05-22,1413.80419921875,1440.4170519619795,1407.6798424708238,1433.5875860865517,1857416,-0.0134534373382908,-1.3453437338290852,1401.5666259765626,1282.619338378906,62.78126156964048,34.55811266180399,39.33573657041798,-4.77762390861399,1419.687255859375,0.0041611537466617,0,0.0137950049039252,3881669.7,0.478509544488033,0.00873135319818319,0.10227887332936025,0.023155405472162157,-0.01379991502424136
2018-05-23,1408.244384765625,1428.3500341926792,1402.5631788504136,1420.291641898221,1507298,-0.003932520823037,-0.3932520823037078,1403.7716064453125,1286.334267578125,60.97734194921615,32.42670733527916,37.953930723390215,-5.527223388111054,1415.899169921875,0.0054356937184052,0,0.0137201495920137,3541317.8,0.4256319497786954,0.00318625786401161,0.09477327959009374,0.018311349664325044,-0.0084822417996454
2018-05-24,1452.0010986328125,1456.554109020846,1411.1652630624544,1414.247558136423,2962316,0.0310718184574689,3.107181845746898,1406.4600952148437,1290.7788793945313,68.61950101587306,33.87783182002522,37.13871094271722,-3.260879122691996,1414.680419921875,-0.025702927322905,-1,0.0143185209610308,3279604.9,0.9032539254957206,0.032379875954470005,0.12490305025281034,0.031259512132001274,0.026695142784010077
2018-05-25,1444.78857421875,1480.6484050387903,1439.4498915404856,1460.582996883663,3769772,-0.0049672995570414,-0.4967299557041449,1407.3978881835938,1296.4116870117186,66.3141723068305,34.05332248222271,36.52163325061832,-2.468310768395611,1407.692626953125,-0.025675692573693,-1,0.0137506293862039,2861341.8,1.3174839860096408,0.02656724608519423,0.1144519821084351,0.028515254227133014,-0.010813779633620603
2018-05-28,1411.04443359375,1457.1585565430182,1404.577555124834,1457.1585565430182,3716798,-0.0233557637616609,-2.335576376166093,1408.407196044922,1301.3688037109375,56.71414531508805,31.11090283742351,35.439487167979365,-4.328584330555856,1417.2806396484375,0.0044195674538785,0,0.0136257625205187,2822115.2,1.3170256125618116,0.00187249650259802,0.08427713156337036,0.03726388777443898,-0.03164660615840596
2018-05-29,1419.687255859375,1427.9471079226978,1405.3836096033774,1422.2659020339647,3525312,0.0061251240994677,0.6125124099467749,1408.2339477539062,1306.6373828125,58.37621623364422,29.14050400485371,34.17969053535424,-5.03918653050053,1398.876708984375,-0.0146585431327287,0,0.0126470425868327,2825452.9,1.247698023916803,0.008133100415407934,0.08651969898759404,0.01589328792393934,-0.0018130549082995182
2018-05-30,1415.899169921875,1423.514307594808,1403.16687693148,1413.8644071817423,3779106,-0.0026682538156665,-0.2668253815666599,1408.5230285644532,1312.184775390625,57.33704342895453,26.962475226431707,32.73624747356973,-5.773772247138027,1402.2484130859375,-0.0096410515140641,0,0.0124831064933889,2856505.9,1.3229820390008646,0.005236791453057998,0.07903947407130629,0.01437067772590818,0.0014391498433634006
2018-05-31,1414.680419921875,1429.3062186321035,1402.53282203613,1408.951942418684,5049371,-0.0008607604452987,-0.0860760445298702,1409.1117797851562,1317.6650805664062,56.98556700933599,24.85155552565743,31.159309083987274,-6.307753558329843,1410.2115478515625,-0.0031589269260963,0,0.0124224754059401,2920896.95,1.728705629275966,0.0039518796284336855,0.07362670589537523,0.018925402669708297,0.00406577210387829
2018-06-01,1407.692626953125,1428.0469055955266,1394.5701131166174,1425.2029999513818,1603856,-0.0049394851800775,-0.4939485180077585,1409.3733154296874,1322.7328564453126,54.90730125590216,22.357061671125848,29.39885960141499,-7.041797930289143,1419.596435546875,0.008456255553114,0,0.0124811657871174,2883727.55,0.5561745942330787,-0.0011925076614991426,0.0642304831953231,0.023781322596942107,-0.012286230802807833
2018-06-04,1417.2806396484375,1421.1402257389234,1391.563588281689,1417.8900479785143,1681483,0.00681115501476,0.681115501476004,1411.3189819335937,1328.0576635742189,57.21309438503736,20.912760528071885,27.70163978674637,-6.788879258674484,1421.7086181640625,0.0031242778541893,0,0.0118539198443445,2793580.4,0.6019096497097417,0.004224174542509118,0.06718305877930919,0.020868582149383693,-0.00042979942693415244
2018-06-05,1398.876708984375,1423.496849079537,1390.3856579204455,1417.0777271522852,2449568,-0.0129853821107919,-1.298538211079192,1411.9364868164062,1333.219072265625,51.743711118185225,18.074743676089383,25.77626056461497,-7.701516888525589,1447.141845703125,0.0345027809876052,1,0.0122274155308142,2766417.8,0.8854656733339411,-0.009249550496055248,0.0492474478385414,0.02366984234309769,-0.01284405069613676
2018-06-06,1402.2484130859375,1409.6832137316374,1393.676030511858,1400.0139161217269,2236512,0.0024102939736629,0.2410293973662991,1411.7535461425782,1338.5542919921877,52.63702774656386,15.91421406310974,23.803851264313927,-7.889637201204188,1482.162353515625,0.0569898597737188,1,0.0118239724875893,2747490.9,0.8140198025769622,-0.006732855803771254,0.047584264213110794,0.011415369110350583,0.0015960533952409214
2018-06-07,1410.2115478515625,1421.140230935882,1400.6641506454469,1401.6391643021136,2414762,0.0056788331449064,0.567883314490647,1412.7353271484376,1344.0580395507814,54.76677630731496,14.675368688795515,21.978154749210248,-7.302786060414732,1452.464111328125,0.0299618617794852,1,0.0116031513945585,2675295.1,0.9026151918717304,-0.0017864487766220405,0.049219234850074844,0.014519864286766224,0.006115970335144808
2018-06-08,1419.596435546875,1427.884448722578,1409.7646672153344,1409.7646672153344,2582138,0.006654950251691,0.665495025169105,1414.0715393066407,1349.5020849609375,57.20892593956556,14.286174679613625,20.439758735290926,-6.153584055677303,1495.1221923828125,0.0532022728042724,1,0.0116769752221963,2673008.2,0.9660045188039452,0.003907083967578773,0.05194089832618998,0.01276403705554768,0.006974049329070653
2018-06-11,1421.7086181640625,1432.5154962395195,1416.2646114268196,1419.596022975917,2179378,0.0014878754019791,0.1487875401979144,1415.9847473144532,1354.9766943359375,57.7616504669404,13.986938389122995,19.14919466605734,-5.162256276934343,1486.1436767578125,0.0453222677069784,1,0.0115323602011493,2660282.4,0.8192280639078017,0.004042325216048415,0.04924949935085765,0.011430531267149307,0.001488166460002294
2018-06-12,1447.141845703125,1450.392023907961,1424.3905982692747,1427.6407764741105,4608875,0.0178891984012208,1.788919840122083,1418.1854858398438,1360.4724365234374,63.82148758657807,15.621960148816015,18.443747762609075,-2.8217876137930595,1482.487548828125,0.0244244910959827,1,0.0117728294340931,2793081.65,1.650103927323428,0.020417893253316777,0.06370537678893617,0.017967434025828243,0.013659647125782548
2018-06-13,1482.162353515625,1488.297103962435,1460.9549626056355,1475.5807631211535,5370983,0.0241997755206122,2.419977552061225,1421.9055786132812,1366.6556958007814,70.16808306890826,19.5185908099852,18.6587163720843,0.8598744379008991,1480.8214111328125,-0.0009047203092372,0,0.0128122941999022,2979208.3,1.8028222464337256,0.04237747977689876,0.0845177450836756,0.018447467169804322,0.00446033897904043
2018-06-14,1452.464111328125,1488.8254814752404,1449.579538378856,1486.9565892563378,3819998,-0.0200371046512259,-2.003710465122599,1424.1830688476562,1372.2478076171874,60.47890339804377,19.97998194198408,18.922969486064257,1.0570124559198213,1478.302978515625,0.0177896768574012,0,0.0137733977981518,3021805.8,1.2641441087974614,0.019857729739303664,0.05845613544847095,0.02702024978813297,-0.02319669462943992
2018-06-15,1495.1221923828125,1500.8505702369866,1453.3167282580152,1462.5797531991172,9183574,0.0293694561689934,2.9369456168993446,1428.3869567871093,1378.3139379882812,67.43484332944394,23.516702463531143,19.841716081557635,3.674986381973511,1470.5428466796875,-0.0164396902329115,0,0.0151038391526119,3387234.7,2.711230491350363,0.04672069797235601,0.08474720538995562,0.03179261348747393,0.022250027126736033
2018-06-18,1486.1436767578125,1517.792240805985,1480.5777675708323,1517.792240805985,4674987,-0.0060052052405767,-0.6005205240576794,1431.0399353027344,1384.2621484375,64.84776395809902,25.30340587114165,20.93405403947444,4.36935183166721,1478.2213134765625,-0.0053308192237062,0,0.0149263300940599,3448675.15,1.35558926157484,0.03850608225228935,0.0735998802216129,0.025040965969279846,-0.020851710265277438
2018-06-19,1482.487548828125,1494.269444941037,1479.643642869836,1480.578088950787,3245034,-0.0024601443231004,-0.2460144323100488,1434.474102783203,1390.349970703125,63.77482212044959,26.12322989272866,21.971889210125283,4.151340682603376,1504.83251953125,0.0150726194771675,0,0.0145273049695411,3518056.05,0.9223940590713444,0.033471113874949054,0.06626934229976955,0.009865716634694394,0.0012896718461442552
2018-06-20,1480.8214111328125,1492.0752297314891,1477.693135222503,1488.581249351117,3107695,-0.0011238797227197,-0.1123879722719767,1438.1029541015623,1396.2940673828125,63.26114242999391,26.334930265654062,22.844497421231043,3.4904328444230224,1509.7078857421875,0.0195070616836079,0,0.0144755950108928,3598075.9,0.8637102402425697,0.029704727960828015,0.060536921071673966,0.009712241058146154,-0.005212908748976357
2018-06-21,1478.302978515625,1488.5816874064644,1476.8810254845323,1488.5816874064644,2910659,-0.0017006997591025,-0.1700699759102586,1439.4180480957032,1401.570927734375,62.4424380393467,25.999778608134648,23.47555365861177,2.524224949522882,1497.2755126953125,0.0128339957744914,0,0.0128481645057448,3595493.05,0.8095298640613421,0.027014341296724087,0.05474717637393267,0.007914928192650227,-0.006905035160514355
2018-06-22,1470.5428466796875,1484.5185702273902,1462.214266852194,1484.5185702273902,2949458,-0.0052493514176163,-0.5249351417616399,1440.70576171875,1405.684482421875,59.87126122434736,24.82185977150584,23.74481488119058,1.0770448903152603,1501.3790283203125,0.0209692507159853,1,0.0128551844565744,3554477.35,0.8297866914245493,0.020710047640360774,0.04614005850449954,0.015167394425505337,-0.009414313722974852
2018-06-25,1478.2213134765625,1480.7401811321292,1467.4551008045469,1472.2491323224249,2083217,0.0052215185801707,0.5221518580170725,1444.0646057128906,1409.8383935546874,61.55800123436815,24.228645957128265,23.84158109637812,0.3870648607501437,1504.3040771484375,0.0176446946300159,0,0.0115298573207642,3472798.3,0.5998669718307568,0.02365317149145807,0.04850408403863815,0.008987206588394926,0.004056501731277433
2018-06-26,1504.83251953125,1512.145420544091,1479.6436382647985,1481.2687273787628,4679712,0.0180021799253466,1.8002179925346695,1448.3218688964844,1414.2477124023435,66.77096904450963,25.610598625928787,24.195384602288257,1.4152140236405302,1522.7490234375,0.0119059786878017,0,0.0120274447076285,3530518.3,1.3255028305617338,0.03901801930107052,0.06405158469376815,0.02159827213822881,0.01590784421283598
2018-06-27,1509.7078857421875,1531.7684917464949,1504.2232096233718,1511.3329749625773,4081208,0.0032398065217624,0.3239806521762478,1453.0123046875,1418.9241723632813,67.63684815501823,26.79038450434109,24.714384582698827,2.075999921642264,1516.3297119140625,0.0043861638628319,0,0.0119536219096958,3545623.4,1.1510551289795752,0.039019339940745246,0.06398066587850271,0.01824543832834362,-0.001075268817204244
2018-06-28,1497.2755126953125,1520.2705586828515,1483.9498640055867,1515.3952923268405,4888125,-0.0082349527112413,-0.8234952711241306,1457.142059326172,1423.4124194335936,63.11997516545819,26.4176583881972,25.055039343798505,1.3626190443986914,1527.8271484375,0.0204048189415655,1,0.012199275207456,3537561.1,1.381778253950158,0.02754258111779384,0.05189156161157471,0.0242578565997398,-0.01195713073894116
2018-06-29,1501.3790283203125,1517.3455468218715,1496.9507006813878,1499.063296443191,3506276,0.0027406550031752,0.2740655003175218,1461.8263793945312,1427.7244702148437,63.97512793411422,26.151926542064984,25.274416783451805,0.8775097586131793,1554.357177734375,0.0352863257143885,1,0.0120592111132524,3632682.1,0.9652030933287556,0.027057008604649324,0.051588776155377714,0.013584075543735717,0.0015447859223930807
2018-07-02,1504.3040771484375,1509.5450481177745,1495.97549692638,1504.8322508536878,2650290,0.0019482414320102,0.1948241432010222,1466.1775512695312,1430.3922802734376,64.60514790362426,25.87904165127543,25.39534175701653,0.4836998942588977,1530.021484375,0.0170958834834193,0,0.0120335917174928,3681122.45,0.7199679000083249,0.0260040305799889,0.051672396372882234,0.00902048422092762,-0.0003509851047853863
2018-07-03,1522.7490234375,1527.5023888111675,1508.935767268261,1511.2920669117902,3242233,0.0122614480471441,1.226144804714413,1472.3711669921877,1433.3790234375,68.36250843144657,26.841716820852525,25.684616769783734,1.1571000510687917,1523.6019287109375,0.0005601088953661,0,0.0115782694345847,3720755.7,0.8713909918890939,0.03421545977990448,0.062349175297455206,0.012192831029366595,0.007580901651340744
2018-07-04,1516.3297119140625,1527.50219711946,1509.0168125068933,1527.50219711946,2700614,-0.0042156070531874,-0.4215607053187464,1478.0752319335938,1436.4227221679687,65.74666216569496,26.777979161860912,25.90328924819917,0.8746899136617401,1608.7567138671875,0.0609544225288933,1,0.0117294358780365,3743960.8,0.7213253942188711,0.025881280704788567,0.055629160213708895,0.012190874100351638,-0.007314218746438798
2018-07-05,1527.8271484375,1533.6774279578726,1513.0387820699646,1521.8955351338254,2472571,0.0075824119471512,0.7582411947151257,1483.956011962891,1439.014638671875,68.10099881560805,27.34005451737744,26.190642302034828,1.1494122153426112,1601.8094482421875,0.0484232132413333,1,0.0117516204005814,3746851.25,0.6599063680470368,0.029563636739190713,0.06171758603344979,0.013508495322271956,0.0038975167261746254
2018-07-06,1554.357177734375,1560.8982015439333,1528.9245908604937,1529.8996047210455,3713781,0.0173645489439084,1.7364548943908489,1490.6940490722657,1441.5811279296877,72.75451840765807,29.585214987491327,26.86955683912613,2.7156581483652005,1609.7318115234375,0.0356254241832474,1,0.0121136214569569,3803433.4,0.9764285605737174,0.04270703884658977,0.07823080340032584,0.02057031108515495,0.015986390831043414
2018-07-09,1530.021484375,1563.6608507091291,1524.7399444661112,1563.3358130310671,6151747,-0.015656435797367,-1.5656435797367083,1496.1096923828125,1444.3643920898437,63.590473679630605,29.06578152671864,27.308801776644632,1.756979750074006,1616.313232421875,0.0563990433651488,1,0.01292585842925,4002051.85,1.5371482505905063,0.022666648150763136,0.05930435058788697,0.025438143608105472,-0.021309771309771106
2018-07-10,1523.6019287109375,1542.9405243965432,1520.067380538108,1542.2092146258606,5303302,-0.0041957290989838,-0.4195729098983802,1499.9326965332032,1446.373386230469,61.39364311078883,27.8154827050289,27.41013796232149,0.4053447427074097,1630.11376953125,0.069907919393636,1,0.0125940859769375,4036773.2,1.313747822146659,0.015780196159761672,0.053394609729193965,0.015012545880528881,-0.012065344791392126
2018-07-11,1608.7567138671875,1623.4637480030783,1539.0810299876762,1543.8343949979226,22903802,0.0558904419531001,5.589044195310011,1506.2624145507812,1450.3461694335938,74.15053419516497,33.31189261269333,28.59048889239586,4.721403720297467,1628.566650390625,0.0123138174670411,0,0.0167542367616141,4913414.15,4.661484112834249,0.0680454470126135,0.10922257580440808,0.052452131069936556,0.042052644428453925
2018-07-12,1601.8094482421875,1617.694731583203,1592.9933609811794,1612.0881551576945,6921701,-0.0043184066087282,-0.4318406608728287,1513.7296813964845,1454.3242504882812,72.05853747262152,36.68437613593278,30.20926634110325,6.475109794829532,1613.2197265625,0.0071233680965199,0,0.015902649529347,5068499.3,1.3656312431571216,0.05818724963128519,0.10141149589191611,0.01542091703175476,-0.006376020369991187
2018-07-13,1609.7318115234375,1623.382598140494,1603.9627656890175,1604.7753101498529,4148185,0.0049458837253981,0.494588372539817,1519.4601623535157,1458.4696484375,72.99422094481655,39.54056313371643,32.075525699625885,7.465037434090547,1625.594970703125,0.0098545354363561,0,0.0148366938051093,4816729.85,0.8612035819281001,0.0594103428352466,0.1037129317349792,0.012064017317951769,0.0030885952333861494
2018-07-16,1616.313232421875,1621.8385738514976,1606.7658360076691,1616.963307597435,2582159,0.0040885201195153,0.4088520119515326,1525.9686401367187,1463.2285668945312,73.77975701527971,41.85272540440542,34.0309656405818,7.821759763823621,1632.9637451171875,0.0103015383165325,0,0.0146561144760836,4712088.45,0.5479861058210823,0.059204750287045194,0.10462115693397211,0.00932538170292868,-0.0004020345869974744
2018-07-17,1630.11376953125,1635.6908938163583,1612.8938081882557,1619.4072612248565,3315492,0.0085382813383865,0.8538281338386522,1533.349951171875,1468.1003100585938,75.39589347172758,44.28819196248082,36.082410904961606,8.205781057519218,1627.54931640625,-0.0015731743225121,0,0.0145950674330455,4715611.35,0.7030884765344371,0.06310615413358334,0.1103558512743521,0.013984965990844984,0.006611374768256585
2018-07-18,1628.566650390625,1637.8889894118056,1622.7045829675744,1632.434012765006,2013869,-0.0009490866033662,-0.0949086603366233,1540.7372131347656,1472.5534985351562,74.83898775866207,45.56819538038144,37.97956780004557,7.588627580335867,1613.301025390625,-0.0093736568879992,0,0.0145913497451764,4660920.05,0.4320754225337978,0.057004813349813555,0.10594735743771966,0.009323785698662728,-0.0023690773067331725
2018-07-19,1613.2197265625,1636.871646580396,1603.9380348084594,1630.0732488991744,1746318,-0.0094235773675237,-0.942357736752375,1547.4830505371094,1477.0063745117188,69.36555124872395,44.82749535534958,39.34915331110638,5.478342044243206,1599.6226806640625,-0.008428514525675,0,0.0148737104375054,4602703.0,0.3794114023868148,0.04247973895583179,0.09222258915152737,0.020414833286295415,-0.010339119636529172
2018-07-20,1625.594970703125,1628.3632080342638,1615.3363023699897,1616.0690856910858,1934995,0.0076711460546012,0.7671146054601286,1555.2356567382812,1481.660830078125,71.19498785140125,44.72351913777766,40.42402647644063,4.299492661337027,1582.565673828125,-0.0264698757381048,-1,0.0147086064528724,4551979.85,0.4250886567522921,0.04524029118031203,0.09714378466589468,0.008013623257360105,0.005894478829143394
2018-07-23,1632.9637451171875,1636.4646672205931,1616.965052888614,1629.1777798741775,2086201,0.0045329707257124,0.4532970725712459,1562.9727783203125,1486.6512158203125,72.25737077416284,44.72020901586984,41.28326298432647,3.436946031543372,1583.2576904296875,-0.0304391661089407,-1,0.0147091746137736,4552129.05,0.4582912692248916,0.04478066909910772,0.09841752237503942,0.011941241433121764,0.002323850281890268
2018-07-24,1627.54931640625,1640.5762243914926,1615.4587373099307,1640.5762243914926,2038423,-0.003315706626756,-0.3315706626756065,1569.1086181640626,1491.1396606445312,70.2083615278794,43.77606336488884,41.78182306043895,1.994240304449896,1579.6749267578125,-0.0294150162860488,-1,0.0144951400162368,4420064.6,0.46117493395911,0.037244520593205266,0.09148013386134268,0.015432704145041304,-0.007940446650124049
2018-07-25,1613.301025390625,1629.991750104482,1602.6352650851063,1629.910351812629,1535492,-0.0087544450247973,-0.8754445024797386,1574.2882751464845,1495.2504711914062,64.98589474470673,41.400859786778256,41.70563040570681,-0.3047706189285577,1609.22998046875,-0.0025234254846452,0,0.0147747490997366,4292778.8,0.3576918521867467,0.024781198500960944,0.07895035412037488,0.016956838549552093,-0.01019033126793303
2018-07-26,1599.6226806640625,1616.1506082515234,1591.8065565419402,1607.9680427469734,3503036,-0.0084784826336118,-0.8478482633611839,1579.4056335449218,1499.104638671875,60.345179872794674,37.9769906258914,40.95990244974374,-2.9829118238523336,1586.351806640625,-0.008296252725004,0,0.0147849611699693,4223524.35,0.8294106319050819,0.012800414719152498,0.0670520518709361,0.015218621243527967,-0.0051900049385646485
2018-07-27,1582.565673828125,1599.5820911759656,1579.756786727936,1596.488160971844,2033977,-0.0106631439039465,-1.0663143903946517,1583.4649658203125,1502.5350634765623,55.06448219250251,33.501012924598626,39.46812454471471,-5.967111620116086,1611.6322021484375,0.0183667122325499,0,0.0151170959744443,4149909.4,0.4901256398513182,-0.0005679266744759159,0.05326372228970677,0.012527318629421181,-0.008720695514111376
2018-07-30,1583.2576904296875,1591.4809056000822,1572.6326790349274,1581.955019606516,1579251,0.0004372751241903,0.0437275124190339,1587.412646484375,1505.53853515625,55.23563323047966,29.66761846673512,37.5080233291188,-7.840404862383679,1608.4564208984375,0.0159157480308282,0,0.0151250485550015,4096357.45,0.3855256820910489,-0.0026174391793397644,0.05162216274017295,0.011904711835026388,0.0008234562974460726
2018-07-31,1579.6749267578125,1585.2114007836103,1569.7419520856708,1581.1404932315213,2204803,-0.0022629062176875,-0.2262906217687543,1590.2589416503906,1508.8559497070312,54.087032020926046,26.040349712912075,35.214488605877456,-9.17413889296538,1601.7801513671875,0.0139935275511049,0,0.0149882073501042,4044485.95,0.5451380044972093,-0.006655529244560587,0.04693554548035683,0.00979280511192868,-0.0009269046488800577
2018-08-01,1609.22998046875,1613.341637426529,1587.4913708543645,1587.6134185880885,2425180,0.0187095795535587,1.8709579553558784,1594.903955078125,1512.8756616210935,61.246199269173154,25.259384464345658,33.2234677775711,-7.964083313225444,1607.1947021484375,-0.0012647529222141,0,0.0153644990077236,4030714.25,0.6016750009008949,0.00898237498566079,0.06368951612613682,0.01606374905135344,0.01361575911841671
2018-08-02,1586.351806640625,1616.150840035328,1583.5835686996031,1612.0799311183623,1509287,-0.0142168453892841,-1.4216845389284138,1597.8301879882813,1515.56267578125,54.20077828083464,22.534621363489123,31.08569849475471,-8.551077131265586,1607.4794921875,0.0133184111232025,0,0.0157959847749022,3982550.05,0.3789750238041579,-0.0071837304326487494,0.046708151362255146,0.020529665109211618,-0.015959583629261306
2018-08-03,1611.6322021484375,1613.7491544406953,1592.9467686903038,1592.9467686903038,1505131,0.0159361847743899,1.593618477438996,1600.6939392089844,1518.8995483398437,59.71538131045647,22.15970038351543,29.300498872506854,-7.140798488991425,1622.745361328125,0.0068955926574765,0,0.0157259213103382,3872117.55,0.3887100483300152,0.006833450587598655,0.061052525764426324,0.012907650841587952,0.011730105377907012
2018-08-06,1608.4564208984375,1627.5081898959008,1605.7695819950015,1625.920575608578,1532249,-0.001970537226649,-0.1970537226649082,1604.6156860351562,1522.8477880859375,58.758239404655335,21.36008800167292,27.71241669834007,-6.352328696667151,1628.4854736328125,0.0124523440449741,0,0.0152098813393984,3641142.65,0.4208154272670421,0.0023935543549193916,0.05621614548890741,0.013515198558352445,-0.01074108721676256
2018-08-07,1601.7801513671875,1611.3875340050556,1596.2030272829804,1610.61400185238,1353521,-0.0041507307531035,-0.4150730753103571,1608.5245971679688,1526.4896459960937,56.70070756616124,19.9576113524181,26.16145562915568,-6.2038442767375805,1631.2535400390625,0.0184003957389022,0,0.0152088248982776,3443653.6,0.39304795348754,-0.004192939177091737,0.049322643994721416,0.00947976956083178,-0.0054847719410315325
2018-08-08,1607.1947021484375,1610.6957232707994,1597.4245215882647,1605.566338721742,1315062,0.0033803332976929,0.3380333297692939,1608.4464965820312,1530.315556640625,57.98566441327318,19.063297671279315,24.741824037580407,-5.678526366301092,1635.2840576171875,0.017477257379707,0,0.0086420782399543,2364216.6,0.5562358372748081,-0.0007782630235160237,0.050237446240551265,0.008257370227013687,0.0010141987829614032
2018-08-09,1607.4794921875,1612.73102336897,1600.6810954084906,1612.0796383056008,2060297,0.0001771969747546,0.01771969747546,1608.729998779297,1534.1715380859375,58.05616989372984,18.168097295482767,23.427078689160883,-5.258981393678116,1638.7440185546875,0.019449409164556,0,0.0085824655902942,2121146.4,0.971312965479422,-0.0007773253390847001,0.04778341422825694,0.007496162793393745,-0.00285354768386994
2018-08-10,1622.745361328125,1625.513598704025,1605.606897918885,1612.853034801882,2784105,0.0094967738094442,0.9496773809444248,1609.3806762695312,1538.4725927734376,61.76057250342452,18.47747576674078,22.43715810467686,-3.95968233793608,1636.4644775390625,0.0084542630888861,0,0.0087728082216973,2052942.4,1.3561534897423329,0.00830424103859162,0.05477690597189455,0.012267297913486358,0.006133433309041849
2018-08-13,1628.4854736328125,1631.8235985746676,1620.2215098733134,1626.5721666016502,3559575,0.0035372846790882,0.3537284679088204,1609.989288330078,1542.696689453125,63.08090901399248,18.967197479163133,21.743165979574115,-2.775968500410982,1642.733642578125,0.0087493374525029,0,0.0087615981778459,2101813.2,1.6935734345944728,0.011488390287316408,0.055609624864171536,0.007124465578113115,0.0011762816740923906
2018-08-14,1631.2535400390625,1648.3920026201838,1614.0335797902374,1621.8497030600347,3311765,0.0016997796118347,0.1699779611834762,1610.0462768554687,1547.3442260742188,63.73125810957997,19.355546597038938,21.26564210306708,-1.9100955060281424,1656.94140625,0.0157473167600434,0,0.0085588500028534,2101626.85,1.575810187236616,0.01317183455435389,0.05422795558408544,0.021062588976281205,0.005798217283195265
2018-08-16,1635.2840576171875,1644.6878966579309,1624.2926039065417,1628.607806970134,2152065,0.0024708100115622,0.2470810011562241,1610.382147216797,1552.004938964844,64.70616554745979,19.760755466597857,20.96466477577324,-1.20390930917538,1663.373291015625,0.0171769750139723,0,0.0085715787806037,2108536.65,1.0206438669206912,0.015463354734420065,0.053659055175358406,0.012472018336134021,0.0040993605817682445
2018-08-17,1638.7440185546875,1646.193800086509,1631.619929540973,1639.639598438931,1213731,0.0021158164671044,0.2115816467104458,1611.6583618164063,1556.5755883789063,65.56195021638189,20.129041288570534,20.7975400783327,-0.6684987897621646,1669.8052978515625,0.0189543204705453,0,0.0082698832741065,2081907.3,0.5829899342780536,0.01680607837243775,0.05278794733081704,0.008893317309185137,-0.0005462053277416287
2018-08-20,1636.4644775390625,1647.90377024459,1631.375841884898,1647.90377024459,1587032,-0.0013910293430913,-0.1391029343091321,1612.201837158203,1560.91294921875,64.45310632249283,20.00634979982624,20.63930202263141,-0.6329522228051694,1684.70458984375,0.0294782520285632,1,0.0081215422992748,2064509.15,0.768721223638074,0.015049381424615316,0.04840214078442151,0.010099778263776976,-0.006941723729310784
2018-08-21,1642.733642578125,1647.9036762303183,1631.6200430659871,1636.6272801415007,1376866,0.0038309203316715,0.3830920331671539,1612.69033203125,1565.3334497070311,66.14877095709988,20.18233573284533,20.5479087646742,-0.3655730318288626,1686.9842529296875,0.0269371791047725,1,0.0081040757372169,2029042.4,0.6785792154959404,0.01862931149902436,0.0494464568463544,0.009912521873464178,0.0037310648005918286
2018-08-23,1656.94140625,1659.3025534115357,1644.8915749155829,1646.9270294707983,3046791,0.0086488541438629,0.8648854143862961,1614.1599365234374,1569.5294409179687,69.67885182868605,21.223601178603985,20.68304724746016,0.5405539311438297,1695.4520263671875,0.0232419927294502,1,0.0082609214924321,2079460.8,1.4651831859489728,0.026503860465465934,0.05569310332968769,0.008697337420378563,0.006080643890105804
2018-08-24,1663.373291015625,1665.8158362300385,1653.6031101579708,1656.9412354068522,1570533,0.0038817816619005,0.3881781661900563,1616.6635498046876,1573.153659667969,71.14580544825405,22.31062786323878,21.00856337061588,1.3020644926228968,1692.1951904296875,0.0173273789892733,0,0.0079591531770819,2081212.85,0.7546239203741222,0.028892679133255994,0.05734953530648612,0.007342143906020511,0.0038818851696894472
2018-08-27,1669.8052978515625,1676.4002496403184,1656.859887332709,1663.3733414352455,1532702,0.0038668450856333,0.3866845085633397,1620.1726806640625,1577.5004833984376,72.57474651092332,23.421129339671324,21.49107656442697,1.930052775244352,1671.4332275390625,0.0009749218604075,0,0.0076107887283917,1982696.15,0.7730392778540475,0.030634152630667044,0.05851333513018697,0.011702180088152126,0.003866814656754796
2018-08-28,1684.70458984375,1686.9843381637986,1670.7007055560398,1673.1432504472036,1987983,0.0089227720210001,0.8922772021000114,1625.2796264648437,1581.2921313476563,75.59032832867618,25.21282040645633,22.235425332832847,2.977395073623484,1708.8858642578125,0.0143534211041149,0,0.0071156795439205,1980396.45,1.0038308238736744,0.03656291656603239,0.06539744076760856,0.009665571463344243,0.006909951908455069
2018-08-29,1686.9842529296875,1690.7295677501663,1665.4898390959602,1687.3913437243134,1525867,0.0013531530095427,0.1353153009542751,1630.4659545898437,1585.3089428710937,76.02471251646377,26.51109484561971,23.09055923539022,3.4205356102294893,1692.8868408203125,0.0034988992223101,0,0.0071001921702746,1977727.25,0.7715254972595438,0.03466389358253208,0.06413595943920769,0.014961448875633413,-0.00024125452352232281
2018-08-30,1695.4520263671875,1697.568978464179,1681.6924340612768,1683.727888471905,2408020,0.0050194739060513,0.5019473906051397,1636.2548095703123,1589.568232421875,77.61800021616219,27.901632588176422,24.05277390594746,3.8488586822289648,1689.67138671875,-0.0034094976198315,0,0.0069910886624123,1987888.1,1.2113458498997,0.03617848299093507,0.066611669625523,0.009364195598574748,0.006963202293883037
2018-08-31,1692.1951904296875,1703.2681412209804,1688.6128704074154,1695.370618370859,2504554,-0.0019209248547588,-0.1920924854758809,1640.4030700683593,1593.7957080078124,75.53872784924786,28.4133133363257,24.92488179202311,3.488431544302589,1693.3756103515625,0.0006975672360676,0,0.00610489572095,1991856.8,1.257396616061958,0.031572801408601414,0.061739081067592405,0.008660508490065928,-0.0018729992762424846
2018-09-03,1671.4332275390625,1701.6394426091713,1667.7694105573682,1697.405738296394,1439711,-0.0122692482569656,-1.2269248256965626,1644.657141113281,1597.6583129882813,63.80443295426796,26.834179408856244,25.30674131538974,1.527438093466504,1694.108642578125,0.0135664498380523,0,0.0058331151896578,1988378.0,0.7240630302688925,0.016280649477894427,0.046176904004456176,0.020264065290643788,-0.015301297840196359
2018-09-04,1708.8858642578125,1713.648906639267,1674.7309822246712,1677.0514795438055,4420803,0.0224074980092943,2.240749800929432,1649.51982421875,1602.4251733398437,72.19526106382719,28.2788383274758,25.90116071780696,2.377677609668844,1666.01904296875,-0.0250846602372007,-1,0.0067217534671724,2134161.6,2.071447166887456,0.035989891826355924,0.06643723069831631,0.022773858236283216,0.01898235391239549
2018-09-05,1692.8868408203125,1715.6839222405213,1689.4673183622365,1709.7811065156457,1681106,-0.0093622539527814,-0.9362253952781452,1653.7413452148437,1606.7184838867188,65.23789088082809,27.8121522678191,26.283359027809382,1.528793240009719,1664.146484375,-0.0169771279168228,0,0.0071935073833646,2141604.45,0.7849750218813749,0.023670869521849713,0.05363002778504722,0.015486329768846898,-0.009880952380952377
2018-09-06,1689.67138671875,1694.7192736978334,1677.4586607492724,1689.427092444393,2238097,-0.001899391042584,-0.1899391042584075,1658.1359069824218,1610.4152612304688,63.90496937537769,26.87306397630755,26.401300017509016,0.4717639587985331,1681.6109619140625,-0.0047704097187444,0,0.0070995451592397,2185833.25,1.0239102182199855,0.019018633878882918,0.04921471337009309,0.010215366777370906,0.00014460184487951206
2018-09-07,1693.3756103515625,1696.754384342133,1681.6105276974913,1692.9277707350925,1312182,0.0021922745818676,0.2192274581867659,1662.4449523925782,1614.0886157226562,64.79728879087196,26.126558921173228,26.34635179824186,-0.219792877068631,1688.73486328125,-0.002740530241456,0,0.0070985085867199,2185689.25,0.6003515824584853,0.018605523096851595,0.049121834982652546,0.0089429991503762,0.00026453557216769705
2018-09-10,1694.108642578125,1704.4079620006005,1688.8164613085069,1697.080326396514,1530539,0.0004328822395229,0.043288223952298,1666.776409912109,1618.0252783203125,64.98178079064051,25.30242723028164,26.13756688464981,-0.8351396543681773,1685.966796875,-0.0048059761331095,0,0.0070940705889348,2159201.35,0.7088449625135701,0.016398259840656904,0.04702235822718137,0.009203365297969442,-0.0017510566660677274
2018-09-11,1666.01904296875,1700.825305198152,1662.7215678446892,1700.825305198152,3679745,-0.0165807545652018,-1.6580754565201803,1668.9400939941406,1621.3180786132812,53.42683227469848,22.12762747820534,25.33557900336092,-3.207951525155579,1691.7882080078125,0.0154675092987792,0,0.0080955527095968,2203983.35,1.6695883841409236,-0.0017502431848227529,0.027570755513749434,0.022871129543371893,-0.02046433700335077
2018-09-12,1664.146484375,1684.460276062609,1660.9305067272303,1670.9857292558218,2307661,-0.001123971902754,-0.1123971902754039,1670.72314453125,1624.5149267578124,52.75338853867376,19.23870416664181,24.1162040360171,-4.8774998693752885,1712.3460693359375,0.0289635470275562,1,0.0080962993521401,2141387.65,1.0776474777931964,-0.00393641530482014,0.02439593318867428,0.01413924168112862,-0.004092940329219705
2018-09-14,1681.6109619140625,1686.6182991051635,1643.1409723563504,1664.1875514044057,3642038,0.0104945554391033,1.049455543910338,1673.241015625,1627.6921655273438,58.06279789085593,18.14923591520937,22.922810411855554,-4.77357449664618,1789.9375,0.064418311095354,1,0.0083641529428387,2157901.3,1.6877685740307031,0.005002235906783614,0.033125917497581536,0.02585456906116134,0.01046961954195201
2018-09-17,1688.73486328125,1691.7067456978882,1672.777021512128,1685.3560887967326,1033857,0.0042363552144539,0.4236355214453979,1675.913555908203,1631.1402685546875,60.03565325021619,17.65712345217912,21.869673019920267,-4.212549567741146,1777.521484375,0.0525758205294795,1,0.0083836271804425,2101990.9,0.4918465631796979,0.007650339319619004,0.03530940645441594,0.011209411611826025,0.002004783740942069
2018-09-18,1685.966796875,1692.520999476686,1675.2603867657588,1687.798705745201,1456507,-0.0016391361761025,-0.1639136176102562,1678.2746948242188,1634.3030615234377,58.87665648817186,16.849530060392908,20.8656444280148,-4.016114367621888,1744.0992431640625,0.0344801845426689,1,0.0084144647364208,2114129.7,0.688939283148049,0.004583339112782525,0.03161208992865938,0.010237812952734553,-0.0010853835021707614
2018-09-19,1691.7882080078125,1700.825705098696,1682.791658534945,1686.9031174235176,1301268,0.003452862264905,0.3452862264905043,1681.0408813476563,1637.0516821289064,60.59936824750402,16.489168831720463,19.99034930875593,-3.5011804770354686,1782.1214599609375,0.0533951303866209,1,0.0083979295944081,2099841.5,0.6196982010308874,0.006393257165489219,0.033436040215739427,0.010659754263795935,0.0028958927954061014
2018-09-21,1712.3460693359375,1726.8792913972277,1669.1944415923954,1691.0552985535323,4508530,0.0121515572876189,1.2151557287618964,1684.521502685547,1640.698173828125,66.01388892634253,17.6588671336458,19.524052873733908,-1.8651857400881084,1777.9285888671875,0.0382998044061755,1,0.0087095166540183,2256424.7,1.9980857327080312,0.016517786567895598,0.04366915051818565,0.03368761188981091,0.01259022741634559
2018-09-24,1789.9375,1799.74842804173,1708.2750457086966,1721.9940851880838,3032226,0.0453129376435881,4.5312937643588125,1691.1713073730468,1646.0248852539062,78.19403780808702,24.56368657264443,20.53197961351601,4.031706959128414,1836.42724609375,0.025972832064667,1,0.0129727313026913,2255696.45,1.3442526808072957,0.0584010574188194,0.08743040037568739,0.05110423259640822,0.0394562416888297
2018-09-25,1777.521484375,1800.8884598923537,1753.584621410849,1795.189187874715,2868778,-0.0069365637766681,-0.6936563776668181,1696.8787170410155,1649.4001806640624,73.64571005602451,28.7030659513739,22.1661968810876,6.536869070286308,1760.952880859375,-0.0093211832662887,0,0.0131991380461513,2320608.7,1.2362178940378874,0.04752417867236125,0.07767751283945823,0.026612245701287476,-0.009841694468219975
2018-09-26,1744.0992431640625,1790.3855521602654,1738.3594212186092,1780.61537179377,1970951,-0.018802721376214,-1.880272137621408,1700.5934143066406,1652.2459765625,63.01923469969607,28.952907294504485,23.52353896377097,5.42936833073351,1681.122314453125,-0.0361085694852362,-1,0.0141000682040615,2342521.15,0.8413802368443931,0.02558273393947008,0.055592973385635736,0.029829799620389074,-0.020507589234682173
2018-09-27,1782.1214599609375,1799.0970269159443,1738.9290866824708,1743.8954751365973,3311802,0.0218004892473302,2.1800489247330246,1705.4642578125,1655.69376953125,68.57456223821931,31.85181558651425,25.18919428831963,6.662621298194619,1711.939208984375,-0.0393812950202063,-1,0.0147009884052515,2408712.1,1.3749264596628217,0.044947996885470465,0.07635934419532253,0.03376197503103537,0.021919883025871167
2018-09-28,1777.9285888671875,1783.0579734773632,1757.69629231432,1773.2877928007752,2904371,-0.0023527414870151,-0.2352741487015142,1710.011474609375,1658.9260766601562,67.3726407331678,33.425582331048645,26.83647189686544,6.589110434183212,1691.503173828125,-0.0486101722983872,-1,0.0147450121122489,2477637.3,1.1722341280541748,0.039717344161873,0.07173466851917465,0.014264735559037515,0.002617057471016907
2018-10-01,1836.42724609375,1853.0364703054577,1783.3426484639072,1783.7902892993122,3772208,0.0329027035128757,3.290270351287572,1717.060235595703,1663.0523461914063,74.17392020234328,38.9442316979048,29.258023857073308,9.68620784083149,1703.1048583984375,-0.0725987854835531,-1,0.0162174891588107,2545846.7,1.4817105837519595,0.06951824288018327,0.10425101789453195,0.03795076662568348,0.0295084893724329
2018-10-03,1760.952880859375,1835.9796412340213,1755.0500638310173,1832.153027191292,3902322,-0.0410984782516791,-4.109847825167911,1720.4981201171877,1665.7000708007813,57.51555837149418,36.803403841868885,30.767099854032423,6.036303987836462,1663.861572265625,-0.0551356652691171,-1,0.0190966844857891,2615735.1,1.4918643711284068,0.02351340014218195,0.057184850819392175,0.045957832422812483,-0.03886146259358452
2018-10-04,1681.122314453125,1755.9047799088014,1674.2425192501266,1755.8642298460636,4762419,-0.0453337322502866,-4.53337322502867,1720.9825744628906,1667.0581225585938,45.79918435925414,28.338454738870723,30.28137083100009,-1.9429160921293624,1612.0390625,-0.041093531005564,-1,0.0216699709616971,2781870.5,1.7119484893347838,-0.023161338529070097,0.008436533618243258,0.048576037541468116,-0.04256702433051514
2018-10-05,1711.939208984375,1726.0653421196794,1645.3799490707202,1669.0726185591238,3417624,0.0183311435856319,1.8331143585631928,1721.1352416992188,1668.785007324219,50.03087558367382,23.84175452404179,28.993447569608428,-5.151693045566638,1561.8448486328125,-0.08767505269104,-1,0.0214714611788056,2731711.55,1.2510925613650534,-0.005343004135900942,0.025859653263155202,0.047130991933309725,0.025682879192073148
2018-10-08,1691.503173828125,1727.85630600329,1667.5661133864846,1711.9390145474613,2010154,-0.0119373603040343,-1.193736030403436,1721.0660583496094,1669.9557958984376,47.38862092926881,18.41677286720665,26.87811262912808,-8.46133976192143,1587.2470703125,-0.061635180547535,-1,0.0215401184770562,2748163.95,0.7314534491291904,-0.017177077183099687,0.012902963050045901,0.03564296747984199,-0.011937248082834511
2018-10-09,1703.1048583984375,1716.0095155823244,1671.6773737830497,1693.7825202140734,1867130,0.0068588015380759,0.6858801538075943,1721.7377319335938,1671.4669067382813,49.034221122119206,14.882043866836966,24.478898876669856,-9.59685500983289,1597.6688232421875,-0.0619081289307105,-1,0.0215845974001285,2729615.6,0.6840267179012312,-0.010822132308287546,0.01892825489551253,0.026030189263251645,0.005503857828917635
2018-10-10,1663.861572265625,1714.6257774175638,1651.9745402516946,1709.781436435958,2749573,-0.0230422019755823,-2.3042201975582377,1720.262030029297,1672.4781176757813,44.01875402234601,8.812554800490034,21.34563006143389,-12.533075260943855,1570.8822021484375,-0.0558816740929839,-1,0.0222160358303703,2801485.15,0.9814697750584186,-0.03278596910187659,-0.005151963017686945,0.03765411631002393,-0.02685715448288707
2018-10-11,1612.0390625,1638.947808196797,1580.3267241480294,1616.1507199556097,4700256,-0.0311459262173234,-3.1145926217323483,1716.1585510253906,1672.7264453125,38.428817411241,-0.1771602590108614,17.041071997344943,-17.218232256355805,1557.6923828125,-0.0337130042017824,-1,0.0232343443686368,2959971.0,1.587939881843437,-0.06067008695856224,-0.036280518540592666,0.03636455555726812,-0.00254410520308566
2018-10-12,1561.8448486328125,1610.4514580411708,1549.387828439003,1610.4514580411708,9373289,-0.031137095269481,-3.113709526948105,1710.9498413085937,1672.3120288085938,33.933889992873475,-11.222462220857096,11.388365153704536,-22.61082737456163,1549.387939453125,-0.0079757660887967,0,0.0239254953446807,3244648.2,2.8888460080202223,-0.08714749496206187,-0.06605656018301886,0.03909711624405003,-0.03018197733664051
2018-10-15,1587.2470703125,1592.172908875049,1563.228712490382,1579.512344912157,2638151,0.016264241420602,1.626424142060201,1707.1048706054687,1672.39181640625,37.893097477691896,-17.721909467560863,5.566310229451457,-23.28821969701232,1504.2275390625,-0.0523041011086289,-1,0.0243082260706361,3261172.7,0.8089577715402806,-0.07021115243520926,-0.05091196049781854,0.018235470032380328,0.004896907216494819
2018-10-16,1597.6688232421875,1605.4849478489714,1575.4416226100864,1594.167802103643,2815425,0.0065659298571807,0.6565929857180741,1702.907763671875,1672.7516943359376,39.49513820884166,-21.78074500300817,0.0968991829595298,-21.877644185967707,1508.18505859375,-0.0560089571422229,-1,0.0242169581882818,3219842.05,0.8743984817516127,-0.061799554077296204,-0.04488584369574178,0.01880447612285341,0.0021961434260086045
2018-10-17,1570.8822021484375,1619.4074119088464,1563.228874240817,1603.937959507505,2779207,-0.0167660660983489,-1.6766066098348964,1697.0151306152345,1671.9847387695313,36.86312719026891,-26.849355210589465,-5.292351695750269,-21.557003514839195,1511.8565673828125,-0.0375748319542342,-1,0.0243744858001693,3307109.55,0.8403734312339306,-0.0743263428777261,-0.0604685762236673,0.03576241273291913,-0.020609124662912367
2018-10-19,1557.6923828125,1570.5564933789678,1522.5605220998796,1570.5564933789678,3428776,-0.0083964407502347,-0.8396440750234713,1690.6014099121094,1671.4115502929687,35.6048989778411,-31.566692326397742,-10.547219821879764,-21.01947250451797,1467.879638671875,-0.0576575613591068,-1,0.0243966727835609,3405723.0,1.0067689004654812,-0.07861641799205588,-0.06803780161776185,0.030812226989534924,-0.008190797733605495
2018-10-22,1549.387939453125,1559.9723026758736,1536.320282026992,1558.343939103143,1778496,-0.0053312473316334,-0.5331247331633482,1683.481396484375,1670.1666650390623,34.79952621299134,-35.56534005176604,-15.550843867857022,-20.01449618390902,1526.54248046875,-0.0147448282012822,0,0.0243407844820869,3429584.4,0.5185747870791575,-0.07965247332775893,-0.07231537313859182,0.015265396126182561,-0.005747126436781523
2018-10-23,1504.2275390625,1548.5714920585272,1498.8018076456872,1540.412527400685,2752811,-0.0291472517893516,-2.9147251789351625,1673.0754699707031,1668.082087402344,30.728859360766847,-41.89541975320958,-20.819759044927537,-21.075660708282044,1545.960693359375,0.0277439105541739,1,0.0246390693049503,3341798.45,0.8237513546036865,-0.10092069003388104,-0.0982293075246734,0.033086539848790834,-0.02349045317051789
2018-10-24,1508.18505859375,1528.9904245629905,1477.6705019195113,1511.0815317340564,2735913,0.0026309314438668,0.2630931443866835,1658.9878479003903,1666.210185546875,31.48521576836424,-46.06174366206756,-25.868155968355545,-20.19358769371201,1581.3302001953125,0.0484987841410946,1,0.0216071415694132,3326982.8,0.822340590399205,-0.09090047856438244,-0.09484105206166338,0.03402760314528679,-0.0019168212167761205
2018-10-25,1511.8565673828125,1531.3565182036489,1489.0522947237578,1504.513497168865,2507233,0.0024343887828233,0.2434388782823315,1645.7046020507812,1664.3034228515626,32.2245700993073,-48.50815350307562,-30.396155475299565,-18.111998027776053,1579.3720703125,0.0446573467260615,1,0.0217395457430527,3308905.55,0.7577227461206925,-0.0813317496354905,-0.09159799431737792,0.027981638200721845,0.004880694143166889
2018-10-26,1467.879638671875,1512.590814795832,1461.352465491546,1512.590814795832,2285970,-0.0290880296846323,-2.908802968463231,1631.893621826172,1661.51142578125,28.28706426195916,-53.380187965102095,-34.99296197326007,-18.387225991842023,1561.1776123046875,0.0635596892107772,1,0.0221307804278354,3324656.5,0.6875808072202346,-0.1005053153959613,-0.11653954592477656,0.034906369673910205,-0.029559333354799044
2018-10-29,1526.54248046875,1532.2129217841166,1455.8450228515824,1475.7120843856874,2609483,0.0399643405708336,3.996434057083365,1619.1146728515623,1659.5873681640626,38.99534900052032,-51.90933085651045,-38.37623574991015,-13.5330951066003,1542.7381591796875,0.0106093861901337,0,0.0237468698555795,3289540.55,0.7932667071089913,-0.05717457443565466,-0.08016745020329663,0.0500267106285075,0.034444656665004146
2018-10-30,1545.960693359375,1557.8727620728127,1505.3290087321373,1523.2787313294853,2404883,0.0127203881575981,1.2720388157598128,1607.5162780761718,1657.9368725585937,42.0784882589557,-48.61635937723327,-40.42426047537478,-8.192098901858486,1576.8834228515625,0.0200022740714012,1,0.024152585273699,3264566.15,0.7366623586414385,-0.03829235545313714,-0.06753947092473589,0.03398776797261115,0.014890224332150566
2018-10-31,1581.3302001953125,1586.021606194119,1530.173417632877,1550.203721344748,2769190,0.022878658550548,2.2878658550548048,1594.76142578125,1656.9384057617187,47.30272426724802,-42.660864261232064,-40.87158123254624,-1.78928302868583,1584.59423828125,0.0020641091187243,0,0.0233794203393471,3214415.25,0.8614910596880724,-0.008422090833654083,-0.04563127108617415,0.035317221257359116,0.02007896021792764
2018-11-01,1579.3720703125,1586.3887621610336,1551.2644682437983,1585.8176742977032,2769759,-0.0012382802039514,-0.1238280203951447,1585.6823852539062,1655.820166015625,47.049714627825104,-37.66491845716814,-40.23024867747062,2.565330220302478,1557.7099609375,-0.0137156467321306,0,0.0219945511050279,3157787.1,0.8771202466436068,-0.003979557949365664,-0.04616932277560126,0.02223940424012022,-0.004064530298577807
2018-11-02,1561.1776123046875,1594.7517838275337,1554.2833245358752,1578.1074700391334,1818635,-0.0115200580976542,-1.1520058097654218,1579.6851501464844,1654.268837890625,44.65944680789105,-34.772895819767655,-39.13877810593003,4.365882286162375,1562.3199462890625,0.0007317130193076,0,0.0199515408511869,3010597.9,0.604077681712327,-0.01171596621015314,-0.05627333565966164,0.02592175225464384,-0.010727949810684383
2018-11-05,1542.7381591796875,1572.5183868747004,1537.761209539051,1558.3625999308065,1713366,-0.0118112461898417,-1.181124618984175,1571.22509765625,1652.3943115234374,42.31327501698601,-33.5817473267075,-38.02737195008552,4.445624623378023,1578.7193603515625,0.0233229475512597,1,0.0193444683005797,2925385.0,0.5856890631489531,-0.01813039934192473,-0.06636197642356423,0.02252953758149775,-0.010026190792703013
2018-11-06,1576.8834228515625,1580.7997666282356,1542.860572229158,1545.3082621903886,1398710,0.0221328962848956,2.213289628489568,1565.494110107422,1651.0773071289063,47.7836842088019,-29.54197465516632,-36.33029249110168,6.788317835935366,1534.4158935546875,-0.0269313055622582,-1,0.0201844367971558,2894812.8,0.4831780486807299,0.007275219159629254,-0.0449366507291904,0.024059606340759297,0.0204329203652984
2018-11-07,1584.59423828125,1590.1831123174452,1580.3923491836283,1582.8400399670825,144530,0.0048899083584401,0.4889908358440165,1559.5685791015626,1649.6303637695312,48.96075528726526,-25.42514213287086,-34.14926241945552,8.724120286584657,1528.0523681640625,-0.0356822388667248,-1,0.0201369831226284,2808682.8,0.0514582850010688,0.01604652691458064,-0.039424665620041544,0.006178719382721317,0.0011082600072487463
2018-11-09,1557.7099609375,1600.7485124464802,1554.2832345897095,1599.9734504096696,2570479,-0.0169660324985848,-1.696603249858486,1554.2609985351562,1647.5170971679688,45.14006864092325,-24.05457305441564,-32.13032454644755,8.075751492031905,1539.2706298828125,-0.011837461091659,0,0.0198692108057221,2799728.1,0.9181173700403265,0.0022190368320342824,-0.05451059438766648,0.029829223040215864,-0.026415119239227437
2018-11-12,1562.3199462890625,1587.816720941914,1557.1390215989582,1557.1390215989582,2552008,0.0029594632294627,0.2959463229462722,1551.7750427246094,1645.3673901367188,45.91939738684364,-22.338891063998062,-30.17203784995765,7.833146785959588,1552.2022705078125,-0.0064760587645842,0,0.0187688635278932,2692315.7,0.9478858664308945,0.00679538159470483,-0.05047349567366566,0.019635990320563776,0.003327207537824261
2018-11-13,1578.7193603515625,1582.0237819938163,1552.651499295633,1562.4422601950273,1418432,0.0104968345961742,1.0496834596174232,1552.6187683105468,1643.247685546875,48.71069240991761,-19.4319061484116,-28.02401150964844,8.592105361236843,1532.4578857421875,-0.0293031654461202,-1,0.0175672259508201,2294572.85,0.6181682137483672,0.016810689509709098,-0.039268775950740076,0.018605132385050727,0.010417729071475227
2018-11-14,1534.4158935546875,1574.5987993460578,1525.7265752256303,1570.6008862616782,2422318,-0.0280629147329954,-2.806291473299549,1549.9772094726563,1640.196318359375,42.3511802708564,-20.467087327706626,-26.51262667326008,6.045539345553458,1478.4051513671875,-0.0365029731657323,-1,0.0182798535889883,2283781.2,1.0606611526533276,-0.01003970627623818,-0.06449253886296713,0.03185070248927638,-0.023038948356331107
2018-11-15,1528.0523681640625,1549.3880903277957,1515.6099414249898,1520.83170109058,1829123,-0.0041471972607655,-0.4147197260765511,1546.49638671875,1636.8483251953126,41.51282795133358,-21.55251520785714,-25.520604380179496,3.9680891723223546,1478.853759765625,-0.0321969386805434,-1,0.0181867755857838,2234466.1,0.818595099742171,-0.011926325022860729,-0.0664667308244753,0.022105360789034988,0.00474784097958015
2018-11-16,1539.2706298828125,1550.0405256301558,1525.9307393154345,1541.2288018002168,1829729,0.0073415427065688,0.7341542706568838,1544.9158081054688,1633.789833984375,43.63124735970384,-21.26240488901089,-24.66896448194578,3.406559592934883,1506.2269287109375,-0.0214671160031103,-1,0.0179588441645081,2186992.2,0.8366417584845524,-0.003654036157205942,-0.057852731199248275,0.01566312372019781,-0.0012705264235375823
2018-11-19,1552.2022705078125,1556.2001833130175,1521.0758984310366,1549.3874673962632,1740628,0.0084011481632599,0.8401148163259986,1544.6413024902345,1631.40521484375,46.056746915898046,-19.76122000371538,-23.6874155862997,3.92619558258432,1542.2489013671875,-0.0064124175887003,0,0.0179807561663556,2102584.8,0.8278515092470944,0.004894966880264251,-0.04854890962422431,0.022628677685473143,0.001816719943062107
2018-11-20,1532.4578857421875,1551.8354312161005,1529.1534644647743,1551.8354312161005,1190182,-0.0127202395852478,-1.2720239585247817,1543.7947998046875,1627.8766552734376,43.0134670890065,-19.934929547778893,-22.936918378595543,3.00198883081665,1618.657470703125,0.0562492357949464,1,0.0181704727204166,2073169.1,0.5740882400765089,-0.007343536889704683,-0.05861547877239037,0.014801037576534136,-0.012486855941114637
2018-11-21,1478.4051513671875,1526.5839021265606,1467.43137813422,1526.543067443713,3840461,-0.0352719215829031,-3.5271921582903154,1542.503680419922,1623.587021484375,36.00030935767473,-24.155747123067613,-23.18068412748996,-0.9750629955776516,1599.60595703125,0.0819807787817699,1,0.0187237785216272,2127551.6,1.805108275634772,-0.04155486295843691,-0.08942044263476201,0.04001103752759381,-0.031533939070016066
2018-11-22,1478.853759765625,1507.4508823658052,1476.7323484439407,1484.932150984516,3194219,0.0003034407706321,0.0303440770632157,1541.0371154785155,1619.3706689453124,36.09343923202139,-27.1515898853354,-23.97486527905905,-3.1767246062763483,1605.8885498046875,0.0859008466524746,1,0.0187092214950604,2150466.9,1.4853606907411596,-0.04035162754245647,-0.08677254187344607,0.02077185368669103,-0.0040933797647663955
2018-11-26,1506.2269287109375,1517.567913142485,1455.96771021654,1484.1161473151506,4333177,0.0185097199534123,1.850971995341233,1540.755633544922,1615.6276953125,41.67092643297485,-27.005725696200216,-24.581037362487283,-2.424688333712933,1617.433837890625,0.0738314440274021,1,0.019195167357355,2241764.1,1.9329317478141432,-0.022410240846916007,-0.06771409460172806,0.04089702670411281,0.014898282345210373
2018-11-27,1542.2489013671875,1548.4905317060422,1497.4561478490712,1512.6726428434154,3344839,0.0239153689059843,2.3915368905984336,1544.4740966796876,1612.5905004882814,48.09130116620699,-23.71013940226294,-24.40685777044241,0.6967183681794786,1640.6458740234375,0.0638009679040925,1,0.018619746418216,2294707.55,1.4576319322259608,-0.001440746282041161,-0.04362024897194605,0.03309088682879245,0.01955231930960077
2018-11-28,1618.657470703125,1622.8185239220338,1535.9255260348057,1541.2288545443548,5313249,0.0495436043223647,4.954360432236471,1549.0798461914062,1611.6432690429688,58.52082857975819,-14.76265584144221,-22.47801738464237,7.715361543200167,1637.3004150390625,0.0115175351631615,0,0.0197210559717045,2429895.85,2.186615940761412,0.044915453959835316,0.004352204855061714,0.05368214057634003,0.050238234205432775
2018-11-29,1599.60595703125,1629.345345251857,1584.9198197180135,1629.345345251857,4035441,-0.0117699476366666,-1.1769947636666611,1551.762109375,1610.3524584960935,55.52520814528612,-9.104062622698848,-19.80322643225367,10.699163809554822,1625.8372802734375,0.0163986156258575,0,0.0198533109839157,2511423.75,1.6068339721641958,0.030831947350177247,-0.006673384704165675,0.027772793254842564,-0.018252354117113224
2018-11-30,1605.8885498046875,1624.4501982274269,1599.034998160017,1604.052782378263,5268901,0.0039275877573607,0.3927587757360795,1552.9900268554688,1608.8380102539063,56.31928073669514,-4.065766373976658,-16.655734420598268,12.58996804662161,1627.8768310546875,0.0136922834730182,0,0.0192418386114849,2636409.3,1.998514039530964,0.03406237131884793,-0.0018332861546161983,0.01582625398910834,0.001144455747710973
2018-12-03,1617.433837890625,1623.6346336576,1605.9297129182355,1618.7392528526022,1610576,0.007189345790741,0.7189345790741042,1554.893115234375,1607.4119897460937,57.8100347810128,0.8489418889885201,-13.15479915868091,14.00374104766943,1612.048828125,-0.00332935396767,0,0.019283727911438,2578450.15,0.6246294891526214,0.040221878946851586,0.006234772546467315,0.010946302917994088,-0.0008064393074281718
2018-12-04,1640.6458740234375,1647.6218307098504,1608.1324101555265,1617.9231706435355,3270615,0.0143511503154183,1.4351150315418335,1558.8665283203125,1606.5055712890626,60.71310206113042,6.541494642487805,-9.215540398447168,15.757035040934973,1631.7930908203125,-0.0053959134894935,0,0.0192414350476576,2651049.15,1.233705908470237,0.052460774683027456,0.021251281878207573,0.024069435811569787,0.0140443648945728
2018-12-05,1637.3004150390625,1646.4792513012724,1619.5546649321236,1636.688492621582,2501539,-0.0020391109607161,-0.2039110960716184,1563.594641113281,1605.4158154296874,60.07153242787125,10.660050702544368,-5.240422178248862,15.90047288079323,1645.50048828125,0.0050082887458327,0,0.0189768575830054,2690457.8,0.9297819129517662,0.047138671358775364,0.01986064875089144,0.016444499813130745,0.0003738783649051308
2018-12-06,1625.8372802734375,1645.6636095077995,1615.1490536461604,1630.1615725317718,2321216,-0.0070012409820048,-0.700124098200483,1566.042333984375,1603.6856396484377,57.817035897160345,12.850919478236392,-1.6221538469518104,14.473073325188205,1617.5966796875,-0.0050685272664873,0,0.0185564771855849,2736583.1,0.8482168876947314,0.03818220299123731,0.013812956902111928,0.01876851775505301,-0.0026526770911537807
2018-12-07,1627.8768310546875,1634.9751911218666,1609.7639666563025,1619.5955603714392,1680420,0.0012544618123819,0.1254461812381979,1568.2064636230468,1600.4444262695313,58.11821294558355,14.58366209156202,1.6190093407509556,12.964652750811062,1623.4305419921875,-0.0027313424318591,0,0.0185413079141519,2813377.6,0.5972962889873012,0.03805007109445491,0.017140491937666535,0.015487181821507936,0.005113172007799936
2018-12-10,1612.048828125,1640.7683537016562,1599.1576197191678,1611.396070890488,2010786,-0.0097230961383194,-0.9723096138319454,1570.923406982422,1597.1349731445312,54.84554161857594,14.512395676368442,4.197686607874453,10.31470906849399,1627.1427001953125,0.0093631605984716,0,0.0182295402830459,2785392.95,0.7219038879236052,0.02617913830794305,0.00933788016118986,0.025812328545213217,0.00040508801424046147
2018-12-11,1631.7930908203125,1639.952056274414,1599.9731255493164,1607.3161944580077,2942014,0.0122479309254406,1.224793092544063,1574.3970642089844,1594.8888500976564,58.02110390495811,15.866217638149235,6.53139281392941,9.334824824219826,1621.88037109375,-0.0060747405920068,0,0.018376405790341,2804893.25,1.0488862633185774,0.03645587756489199,0.02313906747821104,0.024499999999999963,0.015228426395939184
2018-12-12,1645.50048828125,1649.743111240988,1619.5140989633712,1632.6908504586595,2219993,0.0084002056008503,0.8400205600850308,1577.7361206054688,1592.1564306640626,60.11808617009279,17.839560367047852,8.7930263245531,9.046534042494752,1606.0518798828125,-0.0239736230279956,-1,0.0183333383849976,2844971.3,0.7803217557941622,0.04295038111301919,0.03350428173376052,0.01837071000154569,0.007845721570003279
2018-12-13,1617.5966796875,1656.025392014432,1610.9879367364715,1651.37482094435,3748429,-0.0169576422446984,-1.6957642244698423,1581.8951599121094,1588.949792480469,54.18431871159873,16.9563819293096,10.4256974455044,6.530684483805199,1594.3028564453125,-0.0144002664784694,0,0.0175175068249149,2911276.85,1.2875549778098223,0.022568827998294294,0.018028818369591804,0.027842203092714853,-0.020454557516829334
2018-12-14,1623.4305419921875,1630.936752178019,1611.6000392361193,1617.9232389850522,2473761,0.0036064999254414,0.3606499925441486,1586.6640686035155,1584.6898583984375,55.18034602674649,16.53657721830109,11.64787340006374,4.888703818237351,1546.776611328125,-0.0472172530214917,-1,0.0174415846742089,2943508.75,0.84041231404527,0.02317218503664198,0.024446855255894073,0.011911019561188507,0.0034039334341906856
2018-12-17,1627.1427001953125,1635.7911846132124,1619.5548216456252,1630.9773745438815,1227921,0.0022866135058476,0.228661350584769,1591.0576721191403,1582.0136547851562,55.838243806910285,16.315345951312338,12.58136791031346,3.7339780409988776,1565.297607421875,-0.0380084013319876,-1,0.0174146408946018,2913418.35,0.4214708814475614,0.02267989948353688,0.028526331156278895,0.00997845054747704,-0.0023511511615183674
2018-12-18,1621.88037109375,1633.425330285603,1612.5383929345724,1625.1847928443758,1768742,-0.0032340919459189,-0.3234091945918949,1594.5415771484377,1580.8288159179688,54.61437986295645,15.53629980581104,13.172354289412976,2.363945516398063,1541.3916015625,-0.0496268226472034,-1,0.0174163387342378,2914824.05,0.6068091828733196,0.017145237438212835,0.025968374793283955,0.012878223155845369,-0.002033259088551065
2018-12-19,1606.0518798828125,1619.3918711086271,1599.1984270216003,1619.3918711086271,2498833,-0.0097593456909914,-0.975934569099146,1598.221276855469,1578.7110693359375,50.9939024977376,13.486212503411252,13.235125932212632,0.2510865711986199,1557.506103515625,-0.0302267797044822,-1,0.0172937282968437,2980256.6,0.8384623659586896,0.0048995737578656495,0.017318438489428933,0.0125733448215261,-0.008237654803517163
2018-12-20,1594.3028564453125,1611.3142813335392,1587.7348487072811,1594.0988822869483,1940277,-0.0073154694344975,-0.7315469434497568,1604.016162109375,1576.7670629882812,48.42765126815837,10.789085681691631,12.745917882108431,-1.9568322004168013,1546.9810791015625,-0.0296817992594327,-1,0.0150674820621919,2885247.4,0.6724820200860419,-0.006055615830758865,0.011121359564549405,0.014789807677338786,0.00012795577528513263
2018-12-21,1546.776611328125,1590.9981614117453,1539.229568767582,1589.366368425682,3729956,-0.0298100482759925,-2.981004827599254,1607.4123046875,1573.640498046875,39.719908728112415,4.761732171774384,11.149080740041622,-6.387348568267239,1544.5333251953125,-0.0014502974226422,0,0.0168442513400307,2912034.25,1.280876418263281,-0.037722551446539576,-0.01707117143470327,0.03346869371118353,-0.026796689513282845
2018-12-24,1565.297607421875,1581.941917771982,1554.283003460345,1554.93576057084,1864116,0.0119739307913682,1.1973930791368217,1610.3658386230468,1571.66921875,43.94957953967317,1.4626402820613291,9.211792648445565,-7.749152366384235,1552.4879150390625,-0.0081835507331482,0,0.0165761429371123,2788581.2,0.6684818788852195,-0.027986330882247,-0.0040540409216593964,0.01767006745585749,0.006663842400300131
2018-12-26,1541.3916015625,1567.989906684354,1525.9304029909945,1567.989906684354,2446614,-0.0152724988181317,-1.5272498818131752,1610.3229736328126,1570.25626953125,40.04390169282237,-3.045818392758747,6.760270440204702,-9.80608883296345,1569.214111328125,0.0180502538987636,0,0.0161671071550635,2743669.95,0.891730435725332,-0.04280592974141495,-0.01838213833552571,0.02728670874469805,-0.01696331399103099
2018-12-27,1557.506103515625,1584.2267228062583,1527.440327378191,1557.5469381929463,4968201,0.0104545152165029,1.045451521650298,1607.2654052734374,1570.1694946289062,43.677352651825984,-5.257889068875556,4.356638538388651,-9.614527607264208,1550.162841796875,-0.0047147563031533,0,0.0115892064655147,2726417.55,1.8222450922823616,-0.030958982626361653,-0.008064983529866732,0.036459822083450166,-2.621730127033977e-05
2018-12-28,1546.9810791015625,1566.521766506516,1544.492554165018,1562.4422827395715,2239130,-0.0067576135915649,-0.6757613591564904,1604.6341613769532,1569.3641748046875,41.89166904557519,-7.770676998363797,1.9311754310381617,-9.701852429401958,1531.3154296875,-0.0101265940648482,0,0.0114165229263422,2636602.0,0.8492483886456886,-0.035929113104458676,-0.014262524952763589,0.014240130431518911,-0.009895535859986765
2018-12-31,1544.5333251953125,1557.5468380369034,1538.9036179095606,1556.7309413171354,1879740,-0.0015822778567347,-0.1582277856734704,1601.5664001464845,1568.30146484375,41.4670681958047,-9.84609318637149,-0.4242782924437687,-9.421814893927722,1548.490234375,0.0025618800935791,0,0.0113421269841399,2467143.95,0.7619093324489639,-0.035610808859348975,-0.015155338550171815,0.012070455083890999,-0.007835404178131507
2019-01-01,1552.4879150390625,1558.3623300571255,1537.964917360043,1546.9397789467594,1094883,0.0051501574708621,0.5150157470862116,1598.3191040039062,1567.9335791015626,43.47223154891888,-10.725371144581231,-2.4844968628712616,-8.24087428170997,1544.941162109375,-0.0048610703224041,0,0.0112651706182126,2441359.3,0.4484727012529454,-0.028674617509127698,-0.009850968349916056,0.013138532351518658,0.0035865236435258076
2019-01-02,1569.214111328125,1578.311279556454,1550.2036790047823,1554.2831623705847,2100463,0.010773801281823,1.0773801281823037,1594.747515869141,1568.164013671875,47.54161381492259,-9.957754215338127,-3.979148333364635,-5.978605881973492,1539.5565185546875,-0.0188996470012218,0,0.011017796597855,2382851.7,0.88149128206342,-0.016010938588670642,0.0006696350937114293,0.017911896374601523,0.009606324844160113
2019-01-03,1550.162841796875,1586.8781920290396,1544.57396951422,1565.7057132338628,2611668,-0.0121406437743066,-1.214064377430668,1590.3906372070312,1568.17951171875,43.6841492537411,-10.7626256525798,-5.335843797207668,-5.426781855372132,1540.8619384765625,-0.0059999524369526,0,0.0112409875121071,2388358.15,1.0934993145814418,-0.025294285862247246,-0.011488907862422293,0.027290179698658396,-0.009927070780680086
2019-01-04,1531.3154296875,1551.1824908870074,1502.0655581033166,1550.2034548594793,4280862,-0.0121583433696088,-1.215834336960886,1585.6645446777345,1568.72126953125,40.20833467932562,-12.774069190168348,-6.823488875799804,-5.950580314368544,1503.3304443359375,-0.0182751279122639,0,0.0114035368771274,2486340.45,1.721752143798328,-0.03427529181544531,-0.023844796759163844,0.03207499371551049,-0.01218422337582225
2019-01-07,1548.490234375,1557.383527563526,1534.701561405277,1543.5132848501344,1856423,0.0112157197364652,1.121571973646529,1581.69521484375,1569.527373046875,44.53891263910415,-12.834343164032134,-8.02565973344627,-4.808683430585864,1479.4249267578125,-0.0446017069297589,-1,0.0118062557998441,2495140.6,0.744015387349314,-0.02099328629000763,-0.013403486318965152,0.01464779412535583,0.0032244293416294517
2019-01-08,1544.941162109375,1555.4254142827472,1536.5782213350228,1554.6095176218348,1691756,-0.0022919565050131,-0.2291956505013126,1578.3398315429688,1570.1890649414063,43.83241881838331,-13.01842291786079,-9.024212370329174,-3.994210547531616,1523.9320068359375,-0.0135986766284049,0,0.0116809242108169,2479189.1,0.6823828000857215,-0.021160632688933423,-0.016079530418187882,0.012199294969907763,-0.006219153686418945
2019-01-09,1539.5565185546875,1565.7060523898017,1523.0346073713142,1556.2416688658432,2414376,-0.0034853389156488,-0.3485338915648839,1573.7280029296876,1571.6226025390624,42.72508517389036,-13.443831066472512,-9.908136109557844,-3.5356949569146696,1525.8492431640625,-0.0089033921297628,0,0.0111860346579399,2452807.2,0.9843317485369416,-0.021713716926549997,-0.020403170540160165,0.027716712250711515,-0.010721439121544317
2019-01-10,1540.8619384765625,1554.2834009717017,1527.440376384646,1542.0449489955463,3053461,0.0008479194535193,0.0847919453519363,1568.496075439453,1571.9089916992189,43.10037811723967,-13.519785934819764,-10.630466074610228,-2.889319860209538,1548.865966796875,0.0051945136163373,0,0.0109105171849204,2494480.6,1.2240868900724262,-0.017618237874868936,-0.019751177317902324,0.017420785027369247,-0.0007671699322087718
2019-01-11,1503.3304443359375,1529.8062513539994,1497.1703846584476,1525.7267680170555,9209862,-0.0243574672093802,-2.4357467209380257,1562.782763671875,1571.05638671875,35.83102897881837,-16.419188444773226,-11.788210548642828,-4.6309778961304,1554.057861328125,0.0337433577450068,1,0.0115098096194575,2767552.25,3.3278005862400613,-0.038042599853257864,-0.04310853700436712,0.021709043955381348,-0.0146791182737299
2019-01-14,1479.4249267578125,1510.2250320853225,1476.773262060742,1509.4091352554549,3615370,-0.0159017052226895,-1.5901705222689522,1555.5824829101562,1569.01828125,32.11553479018667,-20.410679694475903,-13.512704377809442,-6.897975316666461,1560.6396484375,0.0548961425556557,1,0.0116927541169416,2824632.7,1.2799434064471462,-0.04895758147769158,-0.057101536395618435,0.022611333241417505,-0.019864864864865023
2019-01-15,1523.9320068359375,1525.1965870547697,1475.1413407918349,1476.77313431041,7711653,0.0300840409493863,3.0084040949386326,1550.4219482421877,1567.9094799804689,43.80000929318814,-19.75489374776044,-14.761142251799642,-4.993751495960792,1555.0799560546875,0.0204391987825105,1,0.0139790150279244,3148819.3,2.4490617800773773,-0.017085633647203946,-0.028048477100271918,0.032846115206190844,0.03193372863432324
2019-01-16,1525.8492431640625,1529.806322264968,1506.9612145191445,1525.726838738928,2359280,0.0012580852160888,0.1258085216088833,1545.6203918457031,1567.2029125976562,44.24520629137308,-18.863032415779344,-15.581520284595584,-3.28151213118376,1533.5760498046875,0.0050639384429633,0,0.0140141171335779,3178346.2,0.7422979913264326,-0.01279172349559321,-0.026386927373079905,0.014972060869166184,8.022695939173697e-05
2019-01-17,1548.865966796875,1551.8912153325928,1530.0601196142356,1535.5383047389937,2625816,0.0150845332433262,1.508453324332626,1542.7610961914063,1567.32546875,49.42491288944456,-16.11322541385175,-15.687861310446818,-0.4253641034049327,1554.7938232421875,0.0038272236412886,0,0.01447268855983,3184695.35,0.8245108908140931,0.003957106917292563,-0.011777708153908328,0.014094890188274208,0.008679472219448602
2019-01-18,1554.057861328125,1556.960442820906,1533.9028808053886,1537.991108099646,1683728,0.0033520618585138,0.3352061858513888,1540.748846435547,1566.8689575195312,50.54109356241403,-13.361023493451285,-15.222493747047713,1.861470253596428,1570.5338134765625,0.0106018910610941,0,0.0144518468070789,3171867.9,0.5308316906892623,0.008638017106660678,-0.008176239710362965,0.014837003556490579,0.01044658395218631
2019-01-21,1560.6396484375,1579.690825124216,1549.8058474887962,1555.161464485641,2409803,0.0042352265466809,0.4235226546680959,1541.4419982910156,1566.3898657226562,51.98770850098629,-10.527434715256277,-14.283481940689429,3.75604722543315,1598.4967041015625,0.0242573970884083,1,0.0128141104241937,3105860.25,0.7758890632635516,0.012454344806855255,-0.003671000056236551,0.019149185185279877,0.0035225821092929287
2019-01-22,1555.0799560546875,1568.448439670701,1545.3499548951518,1559.3316726202504,2457093,-0.0035624446606741,-0.3562444660674124,1540.9311157226562,1566.337265625,50.6403089511893,-8.63092398549611,-13.152970349650763,4.522046364154654,1621.1866455078125,0.0425101546680859,1,0.012551702746553,3135509.1,0.7836344662498348,0.009182007026573569,-0.007187027862623596,0.014853567294476074,-0.0027266274649693062
2019-01-23,1533.5760498046875,1558.5142403185953,1528.9972544592663,1554.3442677684843,2578169,-0.0138281675911742,-1.3828167591174223,1540.5403381347655,1565.7623876953126,45.70606277610519,-8.76210697231636,-12.274797674183883,3.512690701867525,1620.0828857421875,0.0564085725963947,1,0.0124645904510463,3142086.85,0.820527605721656,-0.004520678983654602,-0.020556336097714678,0.019247161471443303,-0.013361401585514252
2019-01-24,1554.7938232421875,1557.8190716346105,1533.0852955333391,1541.0982612687565,1962927,0.013835488263006,1.3835488263006068,1540.4047241210938,1565.283876953125,50.80003309644372,-7.072446679542281,-11.234327475255563,4.161880795713284,1646.820068359375,0.0591887128322174,1,0.0126381358592722,2991823.15,0.6560972696531211,0.00934111593906195,-0.006701694092292487,0.01590807458296586,0.008886884319858844
2019-01-25,1570.5338134765625,1582.144341849233,1554.34438958935,1555.1620352440525,2327080,0.0101235224883724,1.012352248837245,1541.5823608398437,1566.0062353515625,54.2306274374593,-4.412429318307204,-9.869947843865893,5.457518525558688,1659.779296875,0.0568249359756745,1,0.0127272713021372,2996220.65,0.7766717714865226,0.018780347629915983,0.00289116225899555,0.017700957484222814,0.009884357953798488
2019-01-28,1598.4967041015625,1604.2202217121562,1574.376165599774,1580.508505896839,2769033,0.017804704607474,1.7804704607474076,1544.2805297851562,1567.4151220703125,59.61775549239745,-0.0474280957635073,-7.905443894245415,7.858015798481908,1676.3775634765625,0.0487213137037858,1,0.0132607707893192,3040685.3,0.9106608303069048,0.0351077238045272,0.019829834224258436,0.01867007672634283,0.011381272633212583
2019-01-29,1621.1866455078125,1626.3378521784484,1583.4932072134443,1604.2205010648486,2557626,0.014194550009412,1.4194550009412057,1547.7154663085937,1569.0534423828126,63.38384841459506,5.183008963944758,-5.287753322607381,10.47076228655214,1671.717041015625,0.0311687711268955,1,0.0135323950717395,3113822.45,0.821378238826687,0.047470727532659796,0.03322589385217434,0.026427953304280823,0.010575942915392333
2019-01-30,1620.0828857421875,1626.705794624803,1598.2108676440655,1618.611083852608,2429575,-0.0006808344792892,-0.0680834479289238,1550.2589050292968,1570.4110546875,63.075679814668746,9.133814895929165,-2.4034396789000727,11.537254574829236,1696.4510498046875,0.0471384302214354,1,0.0133945364446817,3130278.05,0.7761530960484485,0.045040206178703635,0.031629827685192735,0.017588561197400425,0.0009092992777957733
2019-01-31,1646.820068359375,1651.4397862008846,1623.026600128113,1624.661891412877,4094319,0.0165035893240355,1.6503589324035506,1555.091766357422,1572.698298339844,67.23180030109918,14.257967274827251,0.9288417118453922,13.32912556298186,1703.0740966796875,0.034159183144006,1,0.0133701938723714,3204410.6,1.2777135988752502,0.05898578076637451,0.04713031742818985,0.017253363994451393,0.013638638946118426
2019-02-01,1659.779296875,1663.704034854038,1633.73730995163,1643.0584877941712,3064163,0.0078692437410818,0.7869243741081888,1561.514959716797,1576.32578125,69.05016957401327,19.14391722791902,4.5718568150601175,14.5720604128589,1685.494140625,0.0154929295710672,0,0.0129081897903163,3143575.65,0.9747381139054184,0.06292884774925533,0.05294179453109149,0.01805464434869658,0.010176636562266675
2019-02-04,1676.3775634765625,1680.6292798407644,1654.0967252350133,1659.7793211193143,1590764,0.0100002853589109,1.0000285358910954,1567.909326171875,1580.2762573242187,71.2506890363315,24.07785464396534,8.473056380841163,15.604798263124176,1689.173828125,0.0076332831739287,0,0.0128758208777242,3130292.7,0.5081837874138735,0.06918017228044548,0.060812978557980735,0.015827314313803183,0.010000270605886773
2019-02-05,1671.717041015625,1680.261396025089,1658.1849689240296,1676.173168784152,1111404,-0.0027801150304542,-0.2780115030454277,1574.2481201171877,1583.5860595703125,69.75109223448867,27.29730405117516,12.237905914907962,15.059398136267198,1677.4814453125,0.0034481937764856,0,0.0128889402040395,3101275.1,0.3583700136759876,0.06191458617792844,0.05565278938438367,0.013205839600490762,-0.0026585127667682375
2019-02-06,1696.4510498046875,1706.3037187383595,1668.8555121222748,1676.0915555644751,1789812,0.0147955713689655,1.4795571368965588,1582.0928466796877,1586.6701025390626,72.99904130204378,31.48166763200629,16.08665825832763,15.39500937367866,1671.7581787109375,-0.0145556048296193,0,0.0129758553006561,3070046.9,0.5829917451749679,0.07228286466562417,0.06918952281885726,0.022074439825656097,0.012147006034736382
2019-02-07,1703.0740966796875,1715.3797040130514,1690.0736102948606,1696.4103642763723,1339945,0.0039040601117035,0.3904060111703522,1590.2034545898437,1588.3584350585938,73.8099715212989,34.9295839473923,19.855243396140565,15.074340551251735,1659.5750732421875,-0.0255414743975648,-1,0.0129430346610218,2984371.1,0.4489873930222686,0.07097874285460937,0.07222277987705072,0.014859067945151402,0.003928137049644641
2019-02-08,1685.494140625,1708.4700561165791,1676.990708348937,1696.6141978664282,1684474,-0.0103224845524697,-1.0322484552469755,1599.3116394042968,1590.0761987304688,67.97426478834421,35.830495290441604,23.05029377500077,12.78020151544083,1611.007080078125,-0.0441930106735668,-1,0.0115696397309976,2608101.7,0.6458620842891211,0.053887246923810306,0.06000840838364452,0.018676628419467094,-0.006554263930722835
2019-02-11,1689.173828125,1713.7850385361442,1675.2738540529033,1684.3497993246451,1778730,0.0021831505736564,0.2183150573656478,1609.7990844726562,1591.741904296875,68.53503319106431,36.421549102911285,25.72454484058288,10.697004262328406,1557.451171875,-0.0779805216353686,-1,0.0104355033591192,2516269.7,0.7068916340724525,0.049307236174970015,0.061210880711948024,0.022798828540925638,0.002864030263956524
2019-02-12,1677.4814453125,1692.5260413877602,1650.0084789954108,1692.5260413877602,2422903,-0.0069219535715152,-0.692195357151526,1617.4765563964845,1592.9428564453126,64.66066100865746,35.53683936863081,27.687003746192467,7.849835622438341,1565.5865478515625,-0.0667041044022352,-1,0.0092894026346282,2251832.2,1.0759696037742066,0.037097841498054285,0.053070697749847184,0.025346070152465247,-0.00888884171195653
2019-02-14,1671.7581787109375,1696.6146249860367,1662.3144318893364,1684.390863154215,1724085,-0.0034118211069072,-0.3411821106907298,1624.772003173828,1593.5651025390623,62.78954095784572,33.982155610096925,28.94603411897336,5.036121491123566,1565.1370849609375,-0.063777820923965,-1,0.009441941452204,2220072.45,0.7765895207609103,0.028918627010637188,0.04906801488517054,0.020517436991484318,-0.007499853341415818
2019-02-15,1659.5750732421875,1677.8086082757145,1644.2442197308962,1675.3556717139077,1930065,-0.0072876003383122,-0.7287600338312217,1630.3074584960937,1594.010595703125,58.883356217603136,31.40496584040397,29.43782046325948,1.9671453771444936,1574.4990234375,-0.0512637549071406,-1,0.0094620152936409,2185284.9,0.8832097819373574,0.017952205636777352,0.04113177021269521,0.020224688286770917,-0.009419252722364583
2019-02-18,1611.007080078125,1669.5913043597725,1604.7520716081435,1666.034566150645,2942184,-0.0292653185427633,-2.926531854276337,1633.1549194335937,1593.7139916992187,46.47167448351321,25.153538892765937,28.58096414916077,-3.4274252563948338,1623.1492919921875,0.0075370319995575,0,0.0119680147213437,2248207.7,1.308679798579108,-0.013561382996752025,0.010850810414526402,0.04024763984804128,-0.03302901823919567
2019-02-19,1557.451171875,1611.5792634792267,1546.9852696614394,1610.7616179878623,4408554,-0.0332437447764213,-3.3243744776421336,1632.9954956054687,1592.305478515625,37.16809126204775,15.696781069805638,26.004127533289747,-10.307346463484109,1666.9339599609375,0.0702961287409944,1,0.0142875336402083,2348145.25,1.8774622225775848,-0.046261195412825695,-0.021889208516142844,0.0414741694534303,-0.0330964219146573
2019-02-20,1565.5865478515625,1581.1627328267436,1538.23634882768,1565.790959203939,4645778,0.0052235191211602,0.5223519121160258,1633.5208251953125,1591.3762329101562,39.16060682657301,8.757735490747109,22.55484912478122,-13.797113634034112,1682.79638671875,0.0748664064775168,1,0.0143074374636063,2457579.5,1.8903876761667324,-0.041587640816043714,-0.01620590060681748,0.027418723070896947,-0.00013054830287213717
2019-02-21,1565.1370849609375,1586.232380251265,1551.1145435094925,1565.586829941294,4683919,-0.0002870891368106,-0.0287089136810636,1635.098876953125,1590.0431127929687,39.0868583370972,3.185503476098802,18.680979995044737,-15.495476518945935,1621.759033203125,0.0361769897258557,1,0.0139118917110055,2562867.0,1.8276090799873728,-0.04278749926276981,-0.015663743725969126,0.022437546895548194,-0.00028726926654924913
2019-02-22,1574.4990234375,1578.055761279372,1557.696369060404,1567.5898593115587,2271955,0.0059815453652714,0.5981545365271401,1636.0841369628906,1588.6230834960938,41.55575053900367,-0.4696860982285216,14.850846776390084,-15.320532874618609,1631.5296630859375,0.0362214512676712,1,0.0136420642301525,2578318.4,0.8811770493512361,-0.037641776565178864,-0.008890755903855352,0.012930711239514553,0.004407507540891849
2019-02-25,1623.1492919921875,1627.1148534569022,1578.4649369841957,1580.100228294203,2934880,0.0308988877290457,3.08988877290457,1638.714910888672,1588.7341357421874,52.36146867943828,0.5528470384781485,11.991246828807698,-11.43839979032955,1625.56103515625,0.0014858418606107,0,0.0151080432153288,2608708.4,1.125031835677763,-0.009498674109240435,0.02166199836445437,0.029972545786589727,0.027244514573900293
2019-02-26,1666.9339599609375,1672.2078336986876,1612.6014525301734,1622.208787841229,6453309,0.026975132962052,2.6975132962052006,1642.1367736816403,1589.6042041015626,59.60090832779363,4.840470763735993,10.561091615793355,-5.720620852057364,1634.964111328125,-0.0191788333555588,0,0.0157463619102914,2792922.2,2.310593900539012,0.015100560852615352,0.04864717623408743,0.03575809396186937,0.027570539905178923
2019-02-27,1682.79638671875,1696.5735944673547,1653.2793025082626,1667.996922411897,4732082,0.0095159299281324,0.9515929928132438,1645.2172607421876,1590.7172778320312,61.86209134419341,9.409936833849317,10.330860659404548,-0.9209238255552332,1646.1656494140625,-0.0217677774885843,-1,0.0155930537987304,2901645.0,1.6308273410427534,0.022841436734993836,0.05788527613920946,0.02572758790117844,0.008872596890318723
2019-02-28,1621.759033203125,1693.6301971297414,1616.975826677089,1684.3498402491025,8454295,-0.0362713837499024,-3.6271383749902464,1645.3010681152343,1590.7148510742188,50.21519922295597,8.013690462077875,9.867426619939213,-1.8537361578613376,1653.8516845703125,0.0197887914974652,0,0.0177891968349559,3202881.0,2.639590730970024,-0.014308648653026057,0.019515868672466352,0.04726618991062625,-0.03716021787773067
2019-03-01,1631.5296630859375,1639.3790390214504,1619.2240598016094,1631.243507155885,4148548,0.0060247112442559,0.6024711244255965,1644.5365478515623,1591.2244067382812,51.78022740852647,7.60786460063423,9.415514216078217,-1.807649615443987,1647.3922119140625,0.0097225010289558,0,0.017434610312322,3205592.45,1.294159524240207,-0.007909149105027269,0.02532971224987346,0.012353424933579833,0.00017542195803212324
2019-03-05,1625.56103515625,1641.0145554159376,1616.1581116947236,1639.3792643791503,2449622,-0.003658301816222,-0.3658301816222065,1642.825634765625,1591.8495703125,50.731080914590684,6.727080690860021,8.877827511034578,-2.150746820174557,1645.4703369140625,0.0122476494743852,0,0.0173398855408226,3174865.4,0.7715671977778964,-0.010509088270854727,0.021177544331109077,0.015290993806839586,-0.008428939857387671
2019-03-06,1634.964111328125,1647.555873449542,1623.0674278104602,1626.5424215882074,2635047,0.0057845112970311,0.578451129703117,1640.7549621582032,1593.6133203125,52.36845159977628,6.7104488813474745,8.444351785097158,-1.7339029037496836,1635.69970703125,0.000449915504584,0,0.0172256863728306,3227079.55,0.8165423130024794,-0.00352938187824281,0.0259478196426699,0.014977971363046775,0.005177663753580067
2019-03-07,1646.1656494140625,1654.9553381350763,1635.4544140081723,1639.3791521518826,2539884,0.0068512440171168,0.6851244017116898,1639.477392578125,1595.2306811523438,54.31618163527692,7.51451589919634,8.258384607916994,-0.7438687087206546,1624.98876953125,-0.0128643675017458,0,0.0173109020745265,3298503.55,0.7700109948343091,0.004079505375441661,0.031929531486270646,0.011846270837837725,0.004139675225997457
2019-03-08,1653.8516845703125,1662.2734740184617,1643.508547770047,1655.7323093395892,2031071,0.0046690532990927,0.4669053299092729,1637.3474243164062,1597.4798828125,55.65609700086574,8.671978436764903,8.341103373686577,0.3308750630783255,1667.9559326171875,0.008528121462439,0,0.0169810313849743,3310566.5,0.6135116150060722,0.010079876762133733,0.0352879572158149,0.011346196532302705,-0.0011358265817901305
2019-03-11,1647.3922119140625,1662.2733202578916,1638.2754445241362,1658.9209936321106,3111689,-0.0039057145912865,-0.3905714591286524,1634.563330078125,1599.2776049804688,54.21687162763045,8.964710772119133,8.465824853373089,0.4988859187460441,1653.933349609375,0.0039706013225062,0,0.0169488721145141,3399153.7,0.9154305084821552,0.00784850705987905,0.030085212713387044,0.014567190229625295,-0.006949566472606089
2019-03-12,1645.4703369140625,1655.568336787062,1637.7436283171348,1646.7786493160638,2658550,-0.0011666165386122,-0.1166616538612275,1632.5621398925782,1601.2473901367186,53.77133884385431,8.938585555976488,8.560376993893769,0.3782085620827189,1653.933349609375,0.0051432180243273,0,0.0168218728420563,3447857.5,0.7710730504378444,0.007906710994984634,0.027617810370681006,0.010832591794608614,-0.0007944676733237253
2019-03-13,1635.69970703125,1648.2914668024853,1617.7932518860068,1645.9202750581887,1833163,-0.0059378948763892,-0.5937894876389294,1629.8884338378907,1603.0707177734375,51.45626127129822,8.03682939249552,8.455667473614119,-0.418838081118599,1647.5966796875,0.0072733232176478,0,0.01683733341697,3450579.15,0.5312624114128783,0.0035654423166102678,0.020354054812461442,0.018645363073294098,-0.006209637357178436
2019-03-14,1624.98876953125,1641.6687585439242,1619.755818102338,1639.3383889018894,1905495,-0.0065482297599968,-0.6548229759996804,1627.2638000488282,1604.5207348632812,48.96734186779548,6.384303715779424,8.04139472204718,-1.6570910062677555,1639.910888671875,0.0091829060116701,0,0.0168311725226688,3424708.75,0.5563962190945434,-0.0013980711163794624,0.012756478756077216,0.013484979621063658,-0.008753299177146394
2019-03-15,1667.9559326171875,1691.6676526121369,1627.9322244808443,1634.3916440277242,5184318,0.0264415138686355,2.644151386863558,1627.073687744141,1606.4955712890626,57.788023912126754,8.4444142298712,8.121998623611985,0.3224156062592147,1622.4132080078125,-0.0273045130982051,-1,0.017935824775958,3597720.4,1.441000807066608,0.025126240551359258,0.03825741099230595,0.03821169785420253,0.02053625807015811
2019-03-18,1653.933349609375,1688.110971274051,1644.2850928302823,1670.449748708238,2349915,-0.0084070464534453,-0.8407046453445366,1626.7916015625,1608.5709814453126,54.47857458273988,8.84361767784003,8.266322434457594,0.5772952433824354,1621.1048583984375,-0.0198487388979071,0,0.0179616227613833,3618712.9,0.6493786782587809,0.016684219429708103,0.028200414335029178,0.026497971308287294,-0.009887396559899654
2019-03-19,1653.933349609375,1659.8203572578184,1631.2845094788747,1659.8203572578184,2373993,0.0,0.0,1628.9379150390623,1611.02333984375,54.47857458273988,9.05560194416512,8.4241783363991,0.6314236077660187,1609.0443115234375,-0.02714077813144,-1,0.016593353322175,3590303.35,0.6612235147205597,0.015344620773783957,0.026635250219147588,0.017253323893422455,-0.003546773976293004
2019-03-20,1647.5966796875,1671.9216344196216,1635.2910744283283,1658.185149470325,3091165,-0.0038312728402094,-0.3831272840209454,1633.4451904296875,1613.00546875,52.89111368570201,8.612999401857905,8.461942549490862,0.1510568523670432,1635.536376953125,-0.0073199362945198,0,0.0145323699501187,3524433.9,0.8770670943779085,0.008663583780297968,0.021445191357166493,0.02223272263345479,-0.006385577500924651
2019-03-22,1639.910888671875,1648.3735005205326,1621.636529796309,1647.5558549349569,3148149,-0.0046648497841612,-0.4664849784161262,1637.1614074707031,1614.90486328125,50.95179596105852,7.554965654908074,8.280547170574305,-0.7255815156662315,1661.1695556640625,0.0129633062009877,0,0.0146177497264339,3449552.45,0.9126253465141544,0.0016794197497116414,0.015484519217940917,0.016303916821893385,-0.004640186395006123
2019-03-25,1622.4132080078125,1641.668800936112,1616.648766865895,1641.668800936112,2429205,-0.0106698972394978,-1.066989723949785,1640.025213623047,1616.5619970703126,46.749205345616026,5.24409898361273,7.6732575331819906,-2.4291585495692605,1700.1304931640625,0.0479022759261682,1,0.014900701259174,3336816.75,0.7280007210464884,-0.010738862713169595,0.0036195400783292087,0.015421493086178389,-0.011729279935952656
2019-03-26,1621.1048583984375,1631.1618380869872,1600.990799211097,1622.208659853124,2316539,-0.000806421941659,-0.080642194165903,1642.3555053710938,1618.16685546875,46.440755277874345,3.269459326623973,6.792497891870387,-3.523038565246414,1700.1304931640625,0.048748009332165,1,0.0148802308725483,3339045.95,0.6937727227144028,-0.012939127310231613,0.0018156365765114035,0.01861140488203676,-0.0006804312429119504
2019-03-27,1609.0443115234375,1633.6554167079948,1603.4025386208098,1630.384835293164,2266166,-0.0074397080562174,-0.7439708056217409,1641.6502563476563,1620.2811328125,43.585897328711226,0.7230232711301596,5.578602967722342,-4.855579696592183,1647.1468505859375,0.0236802298045009,1,0.0132865069469676,3305610.25,0.6855514802448353,-0.019861687773107373,-0.006935105927918461,0.018801768149282205,-0.013089255559647846
2019-03-28,1635.536376953125,1647.228648027092,1613.0511251067528,1618.938132938796,4054489,0.0164644722584457,1.6464472258445717,1640.0803771972655,1623.4033618164062,50.748029648143984,0.833039862827718,4.629490346743418,-3.7964504839157,1674.783447265625,0.0239964520909123,1,0.0123215395598766,3185669.25,1.2727275438277217,-0.00277059606792307,0.007473814223929676,0.0208968283444782,0.01025254991319462
2019-04-01,1661.1695556640625,1667.9559536551717,1642.0366303613166,1643.467510034232,2095740,0.0156726435878424,1.5672643587842483,1638.9990356445312,1626.1481127929687,56.502323598556,2.954553843374015,4.294503046069537,-1.3399492026955224,1693.1392822265625,0.0192453121076614,0,0.012666945483731,3053852.15,0.6862611210565646,0.013526865811005706,0.02153644098934082,0.015603057018158319,0.01077115642490664
2019-04-02,1700.1304931640625,1705.6086786219212,1665.544045231473,1665.6257898273627,3719663,0.0234539197802869,2.345391978028699,1642.9176086425782,1629.6337377929688,63.48539736159588,7.691033556413004,4.973809148138231,2.717224408274773,1710.10546875,0.0058671823286773,0,0.0106937712477528,2817120.55,1.3203776458909435,0.034823952351910714,0.04325926356100629,0.023565622492826992,0.020715759534604763
2019-04-03,1700.1304931640625,1708.552282555951,1682.7964468049488,1704.791033042524,2939886,0.0,0.0,1646.3476501464845,1632.6590283203125,63.48539736159588,11.314303604447332,6.241908039400052,5.07239556504728,1668.201171875,-0.0187805120944803,0,0.0106716082069935,2756687.45,1.066456046731014,0.03266797447841152,0.0413261211761804,0.015149328745388714,-0.0027337895308752044
2019-04-04,1647.1468505859375,1700.457296965243,1641.341587530284,1699.1899065231974,4397518,-0.031164456370357,-3.116445637035703,1647.4269409179688,1634.5208081054689,50.65866359125486,9.797494648903694,6.953025361300781,2.844469287602913,1651.235107421875,0.0024820232843738,0,0.0129780114661992,2854082.25,1.5407818047289985,-0.00017001684570916442,0.007724614099653637,0.03588976260005584,-0.030628157416346658
2019-04-05,1674.783447265625,1679.7709654295577,1650.6629031477837,1658.7166919844026,3152103,0.0167784655447427,1.6778465544742716,1649.4179077148438,1636.8036840820312,55.68779549642079,10.70208799836564,7.702837888713753,2.9992501096518884,1647.1468505859375,-0.0165015941164268,0,0.0134279637609237,2879935.05,1.0945048916988598,0.015378479542472956,0.02320361540785143,0.01738019463310194,0.009686256464930718
2019-04-08,1693.1392822265625,1696.6142753205927,1662.0278335429757,1683.5319483783614,2194294,0.010960124421403,1.096012442140304,1651.7665893554688,1639.5648706054687,58.69884943779334,12.753136995559087,8.71289771008282,4.040239285476268,1727.929931640625,0.0205480138458018,1,0.0135484280830581,2862655.55,0.7665239361403435,0.02504754190919778,0.03267599384543374,0.02042740496347949,0.005706653715395886
2019-04-09,1710.10546875,1715.4201642063113,1682.4280902562516,1692.526091471432,2690970,0.0100205498162715,1.002054981627154,1654.579278564453,1643.095458984375,61.31539398890376,15.568177305821564,10.08395362923057,5.484223676590995,1743.0565185546875,0.0192684313376139,0,0.0136667434454501,2895650.5,0.9293145011803048,0.03355909922534672,0.040782785564415835,0.019292420586301717,0.010386473429951693
2019-04-10,1668.201171875,1705.19962943037,1664.726178623943,1703.1555157532778,3313062,-0.0245039254249213,-2.4503925424921302,1655.6197265625,1645.3636059570313,52.47315646556018,14.25348517932298,10.917859939249052,3.3356252400739272,1757.978759765625,0.0538170032513034,1,0.014841972704959,2905719.15,1.1401865868557874,0.007599236171594859,0.013879950811653607,0.024261732630805017,-0.020523283725396056
2019-04-11,1651.235107421875,1680.2615230264685,1646.4519011504906,1672.085067926583,3422442,-0.0101702748680219,-1.0170274868021911,1655.9079650878907,1646.9776318359377,49.36892859400037,11.707604608975544,11.075808873194353,0.6317957357811927,1767.2998046875,0.070289625471227,1,0.0150378657469529,2943913.75,1.1625483253373168,-0.0028219307863330823,0.0025850233200745976,0.020475353100241372,-0.012469437652811706
2019-04-12,1647.1468505859375,1667.1791652244856,1641.0145093700553,1666.3615197290349,3198471,-0.0024758780972872,-0.247587809728722,1656.480322265625,1647.950634765625,48.62248787322082,9.253420088497478,10.711331116254977,-1.4579110277574987,1762.0672607421875,0.0697693773420198,1,0.0149823186487674,3012179.15,1.0618462052630568,-0.005634520105208263,-0.00048774772904636166,0.015884834946636832,-0.011530912659470094
2019-04-15,1727.929931640625,1733.2446263343068,1668.8141338160465,1692.5258486032417,9189201,0.0490442494705014,4.9044249470501455,1661.6273803710938,1650.0855004882812,61.1289575387147,13.669408253870188,11.30294654377802,2.366461710092169,1785.2879638671875,0.0331946516905941,1,0.0183850872586228,3376364.45,2.721625919263544,0.03990217786055239,0.0471759985342024,0.0372876766230244,0.020917897984601277
2019-04-16,1743.0565185546875,1762.802575285417,1729.7697806910292,1733.408262828062,5771952,0.0087541668426913,0.8754166842691369,1665.382409667969,1652.5449731445312,62.94774329850976,18.1801306073055,12.678383356483517,5.501747250821985,1794.731689453125,0.0296462968058464,1,0.0176195136229611,3405746.15,1.6947687072919395,0.04664040429141125,0.05477100283566094,0.018951074874943342,0.005566060767983319
2019-04-18,1757.978759765625,1762.0260650954594,1728.6660885328963,1757.8559931674574,3413728,0.0085609623394833,0.8560962339483336,1670.5846801757812,1654.7681469726565,64.70234676012271,22.69736957788018,14.682180600762848,8.015188977117333,1830.34033203125,0.0411618012240786,1,0.0174822301795847,3458936.8,0.986929856596397,0.05231346882736165,0.062371645829531364,0.01897632515594825,6.983882561754176e-05
2019-04-22,1767.2998046875,1779.1965864927863,1754.3402434414472,1756.3025127695337,2007135,0.0053021373950603,0.5302137395060358,1676.2530029296877,1656.9185571289063,65.79204599440466,26.72141657619636,17.09002779584955,9.63138878034681,1848.16552734375,0.0457566522905541,1,0.0174713622829599,3440593.9,0.5833687608409699,0.05431566809943633,0.0666183905561788,0.01406458767517052,0.006261616001804021
2019-04-23,1762.0672607421875,1770.6116176801288,1744.8967024548251,1768.5675035983,2163524,-0.002960756251675,-0.2960756251675023,1681.976531982422,1658.6323510742188,64.58663148505678,29.152231470109427,19.502468530701528,9.6497629394079,1811.4114990234373,0.0280036065481779,1,0.0174533056161694,3394211.85,0.6374157228871851,0.047617031056532255,0.06236156529865022,0.014593605929930559,-0.003675428188569078
2019-04-24,1785.2879638671875,1794.731808982054,1762.9254800059157,1764.4789265527436,3003071,0.0131781025857204,1.3178102585720497,1689.2453857421874,1660.90376953125,67.4378062801828,32.57686069360125,22.11734696328148,10.459513730319774,1743.220458984375,-0.0235634282727634,-1,0.0174695893847929,3386957.95,0.8866573026098538,0.05685531476695593,0.07488946477076275,0.017815797574325908,0.011793304528209049
2019-04-25,1794.731689453125,1802.9081436191984,1772.6961853996495,1778.378781120978,4211526,0.0052897492040897,0.5289749204089755,1697.861309814453,1662.8693823242188,68.54691107645984,35.64207411266693,24.82229239315857,10.819781719508368,1764.3563232421875,-0.0169247394412438,0,0.0171057104652216,3476074.0,1.2115754727891292,0.05705435366170053,0.0792980546340929,0.01683369073889527,0.009195402298850663
2019-04-26,1830.34033203125,1834.755537781941,1793.219107409098,1801.2729952478437,2716958,0.0198406496009302,1.984064960093024,1708.3230834960937,1665.41470703125,72.36862494520554,40.47799259124213,27.95343243277528,12.524560158466848,1759.5321044921875,-0.0386858259635692,-1,0.0173456261485647,3496094.95,0.7771407924718978,0.07142515939399896,0.0990297637601596,0.02269328258026605,0.016137107956479862
2019-04-30,1848.16552734375,1853.561869160774,1823.4317450592632,1830.3408112609063,3488395,0.0097387327375986,0.973873273759862,1720.2791442871094,1668.668134765625,74.06728478233532,45.22748284763316,31.408242515746856,13.8192403318863,1760.2681884765625,-0.0475592351262588,-1,0.0170559923206565,3557206.4,0.9806557752735404,0.07434048333454468,0.10756925768426484,0.016302719456527722,0.009738468362383497
2019-05-02,1811.4114990234373,1847.387895823271,1807.8957835779995,1843.7903359914696,2457699,-0.0198867621847361,-1.9886762184736173,1729.072900390625,1671.1128881835937,65.17091058760167,45.50123525831191,34.22684106425987,11.274394194052036,1776.3759765625,-0.0193415590437763,0,0.0179193595280661,3477366.9,0.7067701139042878,0.04762008508386817,0.08395519646332228,0.021801844730787234,-0.01756101891629731
2019-05-03,1743.220458984375,1787.4142445970822,1737.4969396537508,1786.555676773386,3780886,-0.0376452507206812,-3.7645250720681256,1733.1754455566406,1672.4276684570314,52.55759754195186,39.75743996147344,35.33296084370259,4.424479117770851,1746.3271484375,0.0017821552271908,0,0.0201213451481164,3561624.2,1.0615623063208073,0.0057957279821190255,0.04232935860996401,0.02863510733026499,-0.024256292906178402
2019-05-06,1764.3563232421875,1770.2024083916897,1724.005440228119,1725.2319084094524,2891422,0.0121246077332792,1.212460773327928,1736.386737060547,1674.2796313476565,55.43653180484489,36.49029105190698,35.564426885343465,0.925864166563514,1740.56298828125,-0.0134855610782831,0,0.0196576573063956,3520212.15,0.8213772002349348,0.016107924337747992,0.05380026741532218,0.02618346847233163,0.02267777140106638
2019-05-07,1759.5321044921875,1786.0239371198295,1748.780146561119,1766.1551125542162,2201698,-0.0027342655712169,-0.273426557121692,1739.3568176269532,1676.2787719726562,54.62178507010277,33.129877264618244,35.07751696119842,-1.947639696580176,1710.8006591796875,-0.0276956840901543,-1,0.0196820790483661,3483302.75,0.632071961014586,0.011599280067651652,0.04966556512647258,0.021166871842590987,-0.003749958321865908
2019-05-08,1760.2681884765625,1772.6554379108184,1741.911887368231,1758.7554644585657,1824895,0.0004183407523488,0.0418340752348811,1745.0128845214845,1679.263994140625,54.73110805984303,30.17824493128387,34.09766255521551,-3.919417623931636,1713.2943115234375,-0.0266856364618955,-1,0.0180921661114778,3354671.6,0.5439861833271549,0.008742229980302607,0.048237915312054236,0.017465265090767016,0.0008601104864015202
2019-05-09,1776.3759765625,1785.8198231047108,1746.5728345619186,1753.8498005060253,2264162,0.0091507579307434,0.9150757930743492,1750.092510986328,1683.642490234375,57.16317004250515,28.80675260938688,33.03948056604978,-4.232727956662906,1724.2100830078125,-0.0293664709740303,-1,0.0178762234850847,3310274.55,0.6839801248509735,0.015018329266124786,0.055079084108417664,0.022093852349174322,0.012843845607517466
2019-05-10,1746.3271484375,1792.2787816562354,1738.1916163371957,1778.3788093532444,2039633,-0.0169158041548996,-1.6915804154899683,1752.751904296875,1687.2573022460938,51.594465132327706,25.00688199269393,31.432960851378617,-6.426078858684683,1713.335205078125,-0.0188921894668442,0,0.0183125528143127,3302541.5,0.617594964363052,-0.003665524963130662,0.03500938838004841,0.03097195469212823,-0.01802296605603439
2019-05-13,1740.56298828125,1771.8379309949355,1734.7576249489418,1744.037981916104,1701744,-0.0033007332912434,-0.3300733291243474,1754.2747802734375,1690.7658203125,50.576621881385215,21.284977628203023,29.4033642067435,-8.118386578540477,1752.99072265625,0.0071400658629838,0,0.0182363409179041,3253080.2,0.5231177516004677,-0.007816216790194175,0.029452433548453394,0.021303627789195537,-0.001992498827941872
2019-05-14,1710.8006591796875,1765.9508087917145,1694.4477490133052,1745.673160261303,2456110,-0.0170992542653982,-1.7099254265398267,1756.404754638672,1693.4918530273435,45.57698007291577,15.75218895130388,26.67312915565558,-10.920940204351702,1725.0272216796875,0.0083157335857126,0,0.0177593724881351,3210232.6,0.7650878631037514,-0.025964456847741957,0.010220779108799594,0.04179508547342645,-0.01997653505562042
2019-05-15,1713.2943115234375,1736.6790528172878,1704.382055366119,1714.60262417978,2346876,0.0014575937473308,0.1457593747330898,1759.50771484375,1695.2947534179686,46.05811717504472,11.436794716752956,23.625862267875057,-12.1890675511221,1702.134033203125,-0.0065139294779943,0,0.0175493805167275,3156454.3,0.7435165463982799,-0.026264962029118655,0.010617362006918984,0.018850816951846892,-0.0007630413239150878
2019-05-16,1724.2100830078125,1736.6791778582544,1698.2907585542728,1713.7851020672792,1946529,0.0063712179576833,0.6371217957683362,1763.3608764648438,1696.4402758789065,48.21627266578594,8.79622778853036,20.65993537200612,-11.863707583475762,1679.485107421875,-0.0259394003240699,-1,0.0175423326226811,3093857.2,0.6291592902219275,-0.022202371607291327,0.01636945757758479,0.022264351474510963,0.006083015267175545
2019-05-17,1713.335205078125,1745.6731241879988,1708.879077073966,1727.357945028317,1947908,-0.0063071652560555,-0.6307165256055569,1762.6311401367188,1697.0510522460938,46.23176954801315,5.759654003782316,17.67987909836136,-11.920225094579044,1674.5380859375,-0.0226442082236066,-1,0.0137605187108602,2731792.55,0.7130512161327917,-0.02796724393214234,0.009595558607667476,0.021475101314079998,-0.008118027876360167
2019-05-20,1752.99072265625,1759.0821406398652,1676.1729813147213,1737.496383070138,2625116,0.0231452184374607,2.314521843746076,1763.1278503417968,1699.6756860351563,53.71311963178984,6.4783380076760295,15.439570880224297,-8.961232872548266,1680.3836669921875,-0.0414189617353156,-1,0.0146107115147682,2574450.75,1.0196800230107337,-0.00574951367456511,0.031367770368864845,0.047295834629127065,0.008917624080882145
2019-05-21,1725.0272216796875,1756.874467113781,1719.1402152731232,1756.343077501551,1863157,-0.0159518818982625,-1.5951881898262577,1761.4802734375,1701.5456372070312,48.57996833155097,4.736875676326235,13.299031839444684,-8.562156163118448,1695.59228515625,-0.0170634620448344,0,0.0149138881419141,2496922.2,0.74618143889305,-0.020694555770797818,0.01380014967520915,0.021874583407394232,-0.01783014732315926
2019-05-22,1702.134033203125,1735.003352296557,1696.6149244128662,1725.2325255475412,2595795,-0.0132712041809236,-1.3271204180923646,1758.2219848632812,1703.0770971679688,44.804869473637766,1.4922633653002322,10.937678144615791,-9.44541477931556,1723.2288818359375,0.0123931771654406,0,0.0150885909511985,2526355.2,1.027486158715924,-0.031900381261878996,-0.0005537412054991142,0.022553116931367845,-0.013388625592417085
2019-05-23,1679.485107421875,1729.6068262912893,1676.173602575609,1715.420594245672,2541294,-0.0133061940713496,-1.3306194071349695,1754.0928771972656,1703.9675170898438,41.378954186946245,-2.87356957164684,8.175428601363267,-11.048998173010109,1754.9127197265625,0.0449111528118721,1,0.0153073834438221,2545243.7,0.9984482036042364,-0.04253353442412966,-0.01436788519876342,0.031815241159062084,-0.0209484991286344
2019-05-24,1674.5380859375,1692.5262880325315,1661.6601685285568,1692.5262880325315,2274208,-0.0029455584110352,-0.2945558411035276,1748.5553833007812,1704.5349658203124,40.64786557292168,-6.655980913345729,5.209146698421468,-11.865127611767196,1795.99951171875,0.0725342867990064,1,0.0148684197793776,2508800.55,0.9064921482100282,-0.04233054215506593,-0.01759827782023604,0.018432617187499865,-0.010628019323671365
2019-05-27,1680.3836669921875,1691.6672121136553,1668.07816505074,1680.0976109079936,2329820,0.0034908618106554,0.3490861810655499,1742.8379821777344,1705.06560546875,41.952951851029184,-9.07724281016226,2.3518687967047223,-11.429111606866982,1833.4063720703125,0.0910641468873765,1,0.0148204145825932,2414715.25,0.9648425419933054,-0.035834837101443084,-0.014475653251932785,0.014037893563401935,0.000170261586193966
2019-05-28,1695.59228515625,1715.0113649741938,1672.0849780082128,1684.349659998493,5872979,0.0090506819738882,0.9050681973888252,1736.1005798339845,1706.0296069335936,45.32167146232912,-9.65757540785512,-0.050020044207246,-9.607555363647874,1799.4468994140625,0.061249756304619,1,0.0141179971526511,2572516.3,2.282970568544114,-0.023332919272227914,-0.006117901902126799,0.02531645569620253,0.006674757281553407
2019-05-29,1723.2288818359375,1736.4337773367845,1698.331615296979,1700.702707492883,3281320,0.0162990814016004,1.6299081401600413,1729.8537475585938,1707.5847778320312,50.89817344276802,-7.797565310142318,-1.5995290973942604,-6.1980362127480575,1785.4342041015625,0.0360981195947407,1,0.0145177274383349,2562162.55,1.280683772385948,-0.003829725912960158,0.009161538687272763,0.022110911929012753,0.013245215782752378
2019-05-30,1754.9127197265625,1763.29358678521,1728.829706376618,1735.861538098415,4971725,0.0183863201369216,1.8386320136921648,1727.02880859375,1709.9690380859374,56.38948125537974,-3.723945654732006,-2.0244124088618096,-1.6995332458701964,1798.333984375,0.0247426918503406,1,0.0147497734721271,2687863.85,1.8496937633206385,0.0161455969895008,0.02628333065663746,0.01963851536386481,0.01097505832695479
2019-05-31,1795.99951171875,1802.8676550218847,1759.777771127464,1766.1145246301878,4265370,0.0234124418441672,2.341244184416724,1729.6677612304688,1713.3892529296877,62.28053282022015,2.787653671872249,-1.061999192714998,3.849652864587247,1839.3409423828125,0.0241322062624533,1,0.0130963246847653,2712088.05,1.5727254872864471,0.03834941713956286,0.04821453073071913,0.023992146775799698,0.01692131890190977
2019-06-03,1833.4063720703125,1837.7806553114497,1787.0866390812105,1799.6375761734955,3682419,0.0208278789094795,2.082787890947957,1733.120263671875,1716.69826171875,66.69200702630731,10.841588970939029,1.3187184400158074,9.52287053092322,1856.8975830078125,0.0128128773278852,0,0.0136002596045634,2751637.9,1.3382643842781785,0.05786448321016491,0.06798405576220179,0.0276501800160074,0.01876422027629494
2019-06-04,1799.4468994140625,1833.159143088923,1792.7702950622336,1833.159143088923,2408658,-0.0185226107935374,-1.8522610793537453,1735.1160034179688,1719.6085327148437,59.84868227083651,14.319083606222648,3.918791473257176,10.400292132965472,1863.573974609375,0.0356371033878208,1,0.0143287646206448,2761985.9,0.872074690895417,0.03707584730321756,0.046428221993742635,0.022445145805547725,-0.018390243859599895
2019-06-06,1785.4342041015625,1812.5523465270628,1773.8120280701407,1812.5523465270628,3735467,-0.0077872235724559,-0.7787223572455981,1736.3743041992188,1722.2385498046874,57.23875177410653,15.762614151886964,6.287556008983134,9.47505814290383,1857.969482421875,0.0406261278929696,1,0.0144696943830309,2857514.5,1.3072434103134034,0.028254219026219163,0.03669390300434383,0.021697981571052263,-0.01496130165700316
2019-06-07,1798.333984375,1804.9693350721448,1765.6520699201287,1791.945952575341,2659446,0.0072250101649244,0.7225010164924495,1737.4722045898438,1725.2532958984375,59.010853083135856,17.742996747631423,8.578644156712791,9.164352590918632,1858.2994384765625,0.0333450041107925,1,0.0144175783481326,2877278.7,0.924292109763298,0.0350289228365086,0.042359396530528226,0.021863160844219107,0.0035648574057037556
2019-06-10,1839.3409423828125,1842.926563141273,1801.4248844174936,1810.6565800227447,2080593,0.0228027487463982,2.2802748746398205,1742.1228942871094,1729.241896972656,64.10356814202862,22.36358948568818,11.33563322250787,11.027956263180313,1853.9307861328125,0.0079321040563036,0,0.0145959152385706,2879326.7,0.722597057152285,0.05580435709473042,0.06366896707910241,0.02256334199249388,0.01584196731536328
2019-06-11,1856.8975830078125,1866.088024353751,1838.928630104312,1843.874202395045,3048937,0.0095450714005507,0.954507140055072,1747.9396240234375,1733.931584472656,66.0485153491932,27.12938601709243,14.494383781424784,12.635002235667644,1855.2908935546875,-0.0008652547495497,0,0.0146006467225127,2946686.35,1.0347002150398532,0.06233508153649714,0.07091744543805323,0.014626220906295766,0.007063052672384737
2019-06-12,1863.573974609375,1868.519546872908,1829.037475463375,1850.468288605352,2404448,0.003595454947358,0.3595454947358023,1755.5782897949218,1738.780966796875,66.78551805979646,31.08669503963233,17.812846033066293,13.27384900656604,1862.7501220703125,-0.0004420820156791,0,0.0137864153847724,2944103.25,0.8166996181265043,0.06151573270313615,0.07177040133030066,0.021186210983553232,0.007082361845768473
2019-06-13,1857.969482421875,1883.4391035909607,1848.861344977901,1866.1295976060983,3320916,-0.0030073891693377,-0.3007389169337737,1762.8120483398438,1743.7594702148438,65.50013764889385,33.385804497723484,20.92743772599773,12.45836677172575,1877.6279296875,0.0105806082670421,0,0.0138720454671318,2992805.25,1.1096331777685835,0.05398047634837022,0.06549642548634282,0.0186105094514187,-0.004372748385048507
2019-06-14,1858.2994384765625,1865.3881750680248,1841.4020605706987,1860.5661599029588,2131408,0.0001775895986502,0.0177589598650218,1769.516516113281,1748.2147314453125,65.54218528901654,34.83295735389265,23.70854165157672,11.124415702315932,1854.4666748046875,-0.0020625113437138,0,0.0138890341538083,3002049.2,0.7099843666786007,0.05017354828554632,0.06296978571976619,0.01290756161288513,-0.0012182965998449315
2019-06-17,1853.9307861328125,1864.4813841683945,1847.5427530968689,1859.5358102050827,1489497,-0.0023508871892742,-0.2350887189274231,1776.5462951660156,1752.0699560546875,64.42264714098965,35.22131330946536,26.011095983154448,9.21021732631091,1875.609375,0.0116933107909642,0,0.0137644780143939,2979128.65,0.4999774011102206,0.04355894984406561,0.05813742181133863,0.009136603803240446,-0.0030142060408355695
2019-06-18,1855.2908935546875,1862.8328131667267,1839.0940184862689,1849.644616259352,1877447,0.0007336344118391,0.0733634411839156,1781.6613037109375,1755.1731640625,64.6252389595626,35.23269690592451,27.855416167708466,7.377280738216051,1869.2620849609373,0.0075304586762032,0,0.0130194177017132,2941745.2,0.6382085708850651,0.041326367525853724,0.05704151108398681,0.012795187408576665,0.0030526281890595297
2019-06-19,1862.7501220703125,1876.020824389216,1848.9437297994336,1858.711317661548,1652817,0.0040205169666591,0.4020516966659171,1788.547448730469,1758.425556640625,65.77625451818807,35.43514163481359,29.371361261129486,6.063780373684104,1858.0516357421875,-0.0025223384889128,0,0.0122382279470019,2931228.2,0.5638650037550812,0.041487673918024104,0.059328394674263984,0.014536085258546676,0.0021729056956761306
2019-06-20,1877.6279296875,1882.614755956364,1823.2678809875115,1838.104599729725,2199377,0.0079870120210496,0.7987012021049678,1797.3221435546875,1763.0351782226562,68.01191394341754,36.376766555572885,30.77244232001817,5.604324235554717,1856.6920166015625,-0.011150192620655,0,0.011571672038864,2911407.3,0.7554343220888401,0.04468079716304296,0.06499742766356298,0.031607366949814066,0.021502220256446027
2019-06-21,1854.4666748046875,1889.6213825172376,1847.996135050664,1883.4394150717071,3871804,-0.0123353804641515,-1.2335380464151502,1806.071221923828,1766.6288427734376,61.298606453993145,34.852335359754306,31.5884209279654,3.2639144317889084,1835.796630859375,-0.0100676082234149,0,0.0114926871970701,2977932.8,1.3001650003653542,0.026795982513529326,0.04972059207034851,0.022445939866219303,-0.01538288942833691
2019-06-24,1875.609375,1879.3185563612392,1855.2501308866133,1858.011289602844,1382424,0.011400959899988,1.1400959899988017,1816.124786376953,1770.2782446289064,64.72186865576595,34.94739998989576,32.260216740351474,2.687183249544283,1845.97607421875,-0.0157992923133315,0,0.011416138740644,2933343.6,0.4712792596135004,0.03275358007844531,0.05949975982062283,0.012832323081465662,0.009471463115230911
2019-06-25,1869.2620849609373,1874.743348763841,1855.0023069178524,1871.0754217745048,1386077,-0.0033841215146744,-0.3384121514674487,1825.5687072753904,1773.461376953125,62.92245184157083,34.117283329598195,32.63163005820082,1.485653271397375,1856.3212890625,-0.006922943552192,0,0.0115898510410396,2886156.45,0.4802501264267915,0.02393411845383686,0.05401905519498906,0.010560874264135671,-0.0009691414854072299
2019-06-26,1858.0516357421875,1868.4374189769603,1854.5897750758863,1866.9537069097253,1762224,-0.0059972591906415,-0.5997259190641535,1833.691674804688,1777.258386230469,59.762165682919445,32.18382522981119,32.542069092522894,-0.3582438627117028,1844.410888671875,-0.007341425183194,0,0.0118266689267471,2680618.7,0.6573945037390062,0.013284654815316266,0.04545948419074808,0.007452776679988563,-0.004768233478200657
2019-06-27,1856.6920166015625,1866.1297793462163,1847.4190660637328,1858.711418915953,2813464,-0.0007317445406095,-0.0731744540609535,1840.364831542969,1781.3675244140625,59.37268457580006,30.19378074463112,32.07241142294454,-1.878630678313428,1848.531982421875,-0.0043949314731386,0,0.0115538569928495,2657225.9,1.058797447367949,0.008871711075300714,0.042284644328113075,0.010077445863493887,-0.0010864528478380772
2019-06-28,1835.796630859375,1864.439740737676,1831.9226389791256,1862.832469783048,2372928,-0.0112540936005282,-1.1254093600528203,1844.4090270996087,1785.140520019531,53.59201721553483,26.62367203470444,30.98266354529652,-4.35899151059208,1782.9617919921875,-0.0287803332782315,-1,0.0114851667458681,2527286.05,0.9389233957113798,-0.00466946111935751,0.028376539701922,0.01771280174064182,-0.014513295941648335
2019-07-01,1845.97607421875,1858.7108823674007,1818.8166805084888,1842.225641725562,2769940,0.0055449733310655,0.5544973331065517,1846.9078552246087,1787.5014428710938,55.847329027991165,24.33521001388908,29.653172839015035,-5.317962825125953,1793.0999755859375,-0.0286439783111439,-1,0.0104017795408263,2452514.55,1.129428569547121,-0.0005045086592830872,0.0327130540682159,0.021611440373513938,0.0020358160304810293
2019-07-02,1856.3212890625,1860.3600940181484,1826.9362160162293,1850.3864392492471,1771746,0.0056041976861094,0.5604197686109424,1848.0536010742187,1789.76673828125,58.07712501102131,23.09019041230863,28.34057635367376,-5.250385941365128,1758.43994140625,-0.0527286673018134,-1,0.0094176046919132,2356980.9,0.7517014669062444,0.004473727376454573,0.037186159155669474,0.01800543806659632,0.0032073569538592166
2019-07-03,1844.410888671875,1861.8441611565147,1839.7538860765044,1856.4039482033024,1656881,-0.0064161309040635,-0.6416130904063566,1850.301800537109,1791.495380859375,54.65489835875228,20.90149422136483,26.852759927211974,-5.951265705847145,1737.70947265625,-0.0578512177904451,-1,0.0084598884988786,2319392.05,0.714360041028855,-0.0031837573003085096,0.029537060702393036,0.011976873057780037,-0.006460371700369829
2019-07-04,1848.531982421875,1856.2389163210464,1838.187650337876,1841.4021931888176,984140,0.0022343685863661,0.2234368586366164,1853.456689453125,1793.1200244140623,55.62915236760937,19.277258311407195,25.33765960405102,-6.060401292643824,1733.052490234375,-0.0624709192405766,-1,0.0081876889828455,2181825.7,0.4510626123800815,-0.002657039174032705,0.03090253706018342,0.009765189974976983,0.0038719348002461728
2019-07-05,1782.9617919921875,1854.5901025704347,1763.9212531114356,1852.1173157670075,4088470,-0.0354714936247843,-3.54714936247843,1852.6880798339844,1793.5379150390625,40.660236280257145,12.554354492275706,22.78099858169596,-10.226644089420253,1737.2149658203125,-0.0256577714549676,-1,0.0115615641732513,2253276.9,1.8144552052169,-0.037635200766253596,-0.005896793682582779,0.050852940240346124,-0.03733863032654658
2019-07-08,1793.0999755859375,1804.1452102152548,1757.4095819969782,1771.339533196909,2788062,0.005686147420143,0.5686147420143062,1850.3760314941403,1793.6941552734374,43.20493797763242,7.952796578869993,19.815358181130765,-11.862561602260772,1768.6195068359375,-0.0136525955514557,0,0.0103235680316134,2288650.35,1.2182122970422284,-0.030953738555483556,-0.00033126031311025983,0.02606415083074474,0.01228473817764075
2019-07-09,1758.43994140625,1792.275745585193,1734.7011484957648,1791.9461211814512,3977224,-0.0193296718819939,-1.932967188199397,1845.4531494140624,1792.9683203125,37.31362579224305,1.4920542155275598,16.150697388010126,-14.658643172482568,1739.95068359375,-0.0105145802123408,0,0.0107489959454126,2335064.7,1.703260727636369,-0.04715004985926596,-0.019257662567195855,0.032741861540852464,-0.01869820714983895
2019-07-10,1737.70947265625,1753.9063450952235,1707.294278970669,1714.4653196277045,6343581,-0.0117891252705631,-1.1789125270563194,1839.1599243164064,1791.115703125,34.30096772360206,-5.240497043108462,11.87245850178641,-17.112955544894874,1749.245361328125,0.0066385600432052,0,0.0108276200048691,2532021.35,2.50534261885272,-0.055161299634051364,-0.029817297886211902,0.026823854538413527,0.013557668832632297
2019-07-11,1733.052490234375,1754.854184691325,1719.4521642374718,1754.0299225096944,2400346,-0.0026799545580863,-0.2679954558086339,1832.9140747070312,1788.8134423828126,33.643812811227505,-10.827064324490266,7.332553936531074,-18.15961826102134,1706.862060546875,-0.0151123118515342,0,0.010828546344192,2485992.85,0.9655482315647046,-0.05448241456087777,-0.03117203327483975,0.020427552340936527,-0.011959563520618033
2019-07-12,1737.2149658203125,1747.2296703215554,1725.2631647967662,1732.6815240527606,1560725,0.0024018173767919,0.2401817376791903,1826.8598510742188,1787.32951171875,34.845353718409896,-14.748569819293152,2.9163291853662288,-17.664899004659382,1715.949951171875,-0.0122408654466065,0,0.0108787175899314,2457458.7,0.6350971432398843,-0.04907047751976912,-0.028038783878326812,0.012644667445871702,0.002616431066309393
2019-07-15,1768.6195068359375,1775.1312994896568,1729.3022369298517,1751.5573181486818,2900415,0.0180775215695863,1.8077521569586308,1822.594287109375,1787.8374926757813,43.201724839544426,-15.147693988398714,-0.6964754493867602,-14.451218539011954,1743.1729736328125,-0.0143877940420599,0,0.0118855793402988,2528004.6,1.1473139724508412,-0.029614259550347466,-0.010749291207156064,0.025912335797875146,0.009741153492647137
2019-07-16,1739.95068359375,1761.8446499352667,1734.993559139067,1756.474431776027,2735399,-0.0162097178796111,-1.620971787961112,1816.827276611328,1787.3493798828124,38.36442387682169,-17.574746470825175,-4.072129653674443,-13.502616817150733,1745.279541015625,0.003062648540629,0,0.0122571319020409,2570902.2,1.0639840753179952,-0.042313649738331294,-0.026518987738239574,0.015432098765432039,-0.009407337723424313
2019-07-17,1749.245361328125,1755.6483140027233,1728.466827847119,1741.6031274907014,1802969,0.0053419202176336,0.5341920217633689,1811.1520385742188,1787.1436450195313,40.68335451028782,-18.53454553128517,-6.964612829196589,-11.569932702088586,1732.349853515625,-0.009658740955398,0,0.0123011981490087,2578409.8,0.699256184955549,-0.03418082851554982,-0.021206064659112567,0.015538978554138657,0.00438804554079698
2019-07-18,1706.862060546875,1748.3779832795767,1701.9462851615035,1748.3779832795767,3072096,-0.0242294773038987,-2.4229477303898794,1802.613745117188,1786.0755224609377,34.33897999702242,-22.456309010990022,-10.062952065555278,-12.393356945434748,1758.04443359375,0.0299862386246234,1,0.0128736764339468,2622045.75,1.1716408838404135,-0.05311824833782586,-0.04435056688135941,0.027202958687356716,-0.023745393232890565
2019-07-19,1715.949951171875,1732.5150495692642,1704.011583088511,1715.9913008847695,1953177,0.0053243263384086,0.5324326338408625,1795.6879089355468,1784.867001953125,36.62125863704957,-24.548043436559283,-12.95997033975608,-11.588073096803203,1742.4705810546875,0.015455363289996,0,0.0129262589370456,2526114.4,0.7731941989642275,-0.04440524289710179,-0.038611868954850026,0.01661089617519859,-2.4096691441980902e-05
2019-07-22,1743.1729736328125,1749.4107297709952,1709.2167874700851,1715.9914848157,1920167,0.0158646949127776,1.5864694912777644,1789.0660888671875,1784.8039184570312,43.01135364633293,-23.7354798023116,-15.115072232267185,-8.620407570044417,1759.779541015625,0.0095266319716993,0,0.0132372181215536,2553001.55,0.7521213608350532,-0.02565199548521646,-0.023325220431053673,0.0230579196149106,0.015840107050433195
2019-07-23,1745.279541015625,1759.7791702951542,1736.976317265304,1758.0440960646122,3538588,0.0012084672116172,0.120846721161727,1782.866961669922,1784.8982495117189,43.48618786221853,-22.66032081272192,-16.624121948358134,-6.0361988643637865,1800.3861083984375,0.0315746366629294,1,0.0132803880370417,2660627.1,1.3299826946812652,-0.021082571757957025,-0.02219662017536972,0.013065444528491189,-0.007260656929800951
2019-07-24,1732.349853515625,1752.1783519495175,1715.578208249107,1743.2554873130823,2413196,-0.0074083762492717,-0.7408376249271709,1776.5818725585937,1785.3292333984375,41.21622261571183,-22.59115056945097,-17.817527672576702,-4.773622896874272,1822.3212890625,0.051936065549512,1,0.0132989783203475,2693175.7,0.8960410566603582,-0.024897259015294715,-0.029674851501739208,0.021127455072734985,-0.006255901029324396
2019-07-25,1758.04443359375,1763.9104459699872,1728.838824282406,1742.346869905961,2544464,0.0148322118802852,1.483221188028527,1771.6494934082032,1786.2242358398437,47.12327226204069,-20.229798257870243,-18.29998178963541,-1.9298164682348329,1801.1298828125,0.0245075996917072,1,0.0139055760545254,2679725.7,0.9495240501667764,-0.007679317983085077,-0.015776184020280137,0.019949223704140803,0.009009436616163682
2019-07-26,1742.4705810546875,1759.613969651357,1730.8626077119054,1759.613969651357,1720592,-0.0088586228206,-0.8858622820600015,1766.9831909179688,1786.5894458007813,44.22261279384169,-19.391555501111043,-18.51829653193053,-0.8732589691805046,1821.990966796875,0.0456365729251251,1,0.0138375648997991,2647108.9,0.649989125872381,-0.01387257671112696,-0.024694461757731268,0.016500342819015513,-0.00974269862159945
2019-07-29,1759.779541015625,1769.6937919509244,1737.7203730257745,1743.9167798603366,1647090,0.0099335737137442,0.993357371374426,1762.6733642578124,1787.5183325195312,48.05003328852872,-17.133054478263603,-18.241248121197152,1.10819364293355,1857.7652587890625,0.0556806778858713,1,0.0140058528180541,2590966.4,0.6357048860224509,-0.0016417240430736113,-0.015518045884770348,0.018168991160504678,0.009096053973721579
2019-07-30,1800.3861083984375,1805.219385146292,1751.8889506123462,1759.7790802570255,2851672,0.0230748036537447,2.30748036537447,1759.8766052246094,1788.466240234375,55.725603521436014,-11.929054803292502,-16.978809457616222,5.049754654323721,1829.9224853515625,0.0164055792340007,0,0.0150316398325299,2644962.7,1.078152066189818,0.023018377000731727,0.006664855000282577,0.029621665200131344,0.023075071522887475
2019-07-31,1822.3212890625,1827.278412867379,1773.9479822587102,1794.2722705410686,3000677,0.0121835980414086,1.2183598041408672,1758.7721252441406,1790.4121215820312,59.22986976828122,-5.9660884545062345,-14.776265256994224,8.810176802487991,1828.7244873046875,0.0035137592260043,0,0.0152796328821903,2712152.5,1.106382107938252,0.036132687632593585,0.01782224723337622,0.02926510869886445,0.01563253190831131
2019-08-01,1801.1298828125,1832.0705606202373,1789.728456344347,1817.612281111397,2375236,-0.0116287980485054,-1.162879804850547,1756.4020202636718,1792.3920385742188,54.72355050330805,-2.916741660391608,-12.404360537673702,9.487618877282094,1865.6138916015625,0.0358019759731982,1,0.0154628582180943,2781707.3,0.8538770416283554,0.025465617798659634,0.004874962647809955,0.02350863459650797,-0.009068159623579663
2019-08-02,1821.990966796875,1825.874006922908,1789.1086705844152,1795.3050755852848,2500816,0.0115822207956486,1.1582220795648634,1758.3534790039062,1795.2421557617188,58.10285543939399,1.169718985151576,-9.689544633108646,10.859263618260222,1855.8236083984373,0.0185690501314841,0,0.0134154725729275,2702324.6,0.9254313860000386,0.03619152153014138,0.014899834514974897,0.02017866005292413,0.014864265452427538
2019-08-05,1857.7652587890625,1860.7807624258623,1813.9773220997204,1817.5297669192068,3039682,0.0196347252231881,1.9634725223188096,1761.5867431640625,1798.90669921875,63.178337243550736,7.211821484766915,-6.309271409533534,13.521092894300448,1817.157958984375,-0.0218581436016067,-1,0.0140119814021928,2714905.6,1.1196271428369369,0.054597660886258614,0.032719072976866714,0.025193409180581633,0.022137459645602715
2019-08-06,1829.9224853515625,1860.5327704313609,1827.0721790166808,1844.71136159296,2885467,-0.0149872398064159,-1.498723980641592,1765.160870361328,1801.8974755859367,57.35477697175945,9.64240053093522,-3.118937021439784,12.761337552375004,1821.247802734375,-0.0047404645205618,0,0.0136963431888772,2660317.75,1.0846324654263575,0.036688789150972845,0.015553054569052316,0.01828525070462295,-0.008016905272718039
2019-08-07,1828.7244873046875,1849.4205223227448,1823.6021656899163,1842.3979293186155,2165362,-0.00065467147186,-0.0654671471860046,1769.71162109375,1804.5601196289065,57.11084581519619,11.341248651334354,-0.2268998868849561,11.56814853821931,1788.77880859375,-0.0218434646597927,-1,0.0133240130662202,2451406.8,0.8833140219730157,0.033346035313067235,0.013390724649700259,0.014118232031158232,-0.007421546559697313
2019-08-08,1865.6138916015625,1884.533502815061,1833.227183410725,1841.489057601059,2073298,0.0201722044807555,2.017220448075552,1776.3396911621094,1807.407819824219,62.41207143254277,15.485754516909536,2.915630993873943,12.570123523035594,1787.0438232421875,-0.042114860268287,-1,0.0138145908194401,2435054.4,0.8514380623282995,0.05025739214386893,0.03220417170874268,0.027501038470661942,0.013100720800335058
2019-08-09,1855.8236083984373,1873.710486479262,1851.7753704692768,1867.1836861348777,1744550,-0.0052477542363926,-0.5247754236392677,1782.2701232910156,1809.426037597656,60.28247089614634,17.775407409439595,5.887586276987074,11.88782113245252,1806.665771484375,-0.0264884209316019,-1,0.0139599669060068,2444245.65,0.7137375901640656,0.04126954951789408,0.025642148303769652,0.011819612548692099,-0.00608407079646036
2019-08-13,1817.157958984375,1855.8235722498976,1812.9031742701552,1854.7908379303376,1647281,-0.0208347653511264,-2.0834765351126494,1784.6970458984374,1809.849206542969,52.64266760501015,16.282286988397573,7.966526419269174,8.315760569128399,1806.211181640625,-0.0060241198568495,0,0.0145076034211929,2381588.95,0.6916730949730011,0.018188472469620853,0.004038321212056495,0.02361951957315308,-0.02028955404370831
2019-08-14,1821.247802734375,1832.3601869407044,1790.6788625754111,1801.9977936747064,1945002,0.0022506814720091,0.225068147200913,1788.7619018554688,1809.60603515625,53.31660515229494,15.253165510505596,9.423854237516458,5.829311272989138,1830.8311767578125,0.0052619824765467,0,0.0138990807022493,2342069.1,0.8304631148585667,0.018161109561428468,0.006433316065460382,0.022886135704715167,0.010682593023831198
2019-08-16,1788.77880859375,1851.816759528484,1770.7265293039777,1851.816759528484,3755507,-0.0178278837684124,-1.782788376841249,1790.73857421875,1809.392673339844,47.53328715450216,11.682929315634285,9.875669253140025,1.807260062494258,1857.0213623046875,0.0381503589952445,1,0.0145875592696474,2439696.0,1.539333998990038,-0.0010943895737852705,-0.011392698251642686,0.04533273193696623,-0.03404113857938349
2019-08-19,1787.0438232421875,1806.0461385147585,1782.6649885120985,1801.0890127914788,974884,-0.0009699272728562,-0.0969927272856274,1794.7476623535156,1809.424865722656,47.23842323234026,8.614193530175726,9.623374108547164,-1.0091805783714385,1880.650634765625,0.0523808147880833,1,0.0133243895504628,2334835.4,0.4175386410536691,-0.004292435796364735,-0.012369147182870077,0.013083702648231738,-0.007798165137614657
2019-08-20,1806.665771484375,1821.7436954947048,1789.9354722400358,1794.47950413356,1843611,0.0109801158690041,1.098011586900416,1799.2834533691407,1809.591501464844,50.9447228091653,7.677029529205583,9.234105192678848,-1.557075663473265,1847.768310546875,0.0227504941485274,1,0.0134495484831059,2329357.1,0.7914677401760339,0.004102921138640525,-0.0016167902966501835,0.017606036355321555,0.00679097605893184
2019-08-21,1806.211181640625,1819.264985273056,1802.947781159004,1805.1784472030267,1214408,-0.0002516181193694,-0.0251618119369467,1802.4353637695312,1808.92890625,50.85559283887091,6.819033136018788,8.751090781346836,-1.932057645328048,1850.0404052734373,0.0242658356222782,1,0.0130952049808186,2294069.15,0.5293685240481962,0.002094842315564227,-0.0015023943727058287,0.009033940371928513,0.0005720954840771562
2019-08-22,1830.8311767578125,1847.065677584159,1792.8265584677133,1806.871743487968,2131601,0.0136307400637529,1.3630740063752975,1806.7129455566403,1808.407578125,55.40603467119837,8.033092174796138,8.607491060036697,-0.5743988852405586,1845.24853515625,0.007874761245856,0,0.0133547445654877,2223719.8,0.958574457087624,0.013349232516702614,0.012399637617124926,0.029625407194833094,0.01326017375400066
2019-08-23,1857.0213623046875,1867.100808154848,1829.0961880891325,1829.9637251926831,2826425,0.014305079506705,1.430507950670501,1812.9465209960936,1808.2765258789063,59.68270834525512,10.98197839210934,9.082388526451226,1.8995898656581147,1866.8536376953125,0.005294648510894,0,0.0133910856602471,2244381.25,1.2593337250522834,0.024311164614154057,0.02695651673191346,0.020465365039500246,0.014785887140552689
2019-08-26,1880.650634765625,1885.3598631448267,1838.2671759409463,1856.4433008266544,2345475,0.0127242868286727,1.272428682867277,1819.0768310546875,1808.730148925781,63.119283379144704,15.052164788402932,10.276343778841568,4.775821009561366,1860.24365234375,-0.0108510225368988,0,0.0133057695609896,2234431.8,1.049696392613102,0.033848929665734495,0.03976297176367538,0.025040635582881273,0.013039630097073963
2019-08-27,1847.768310546875,1879.4526812849017,1841.57190440822,1875.445591299533,3432106,-0.0174845468961054,-1.7484546896105455,1824.3417175292968,1808.519526367188,55.96964796430059,15.446431231998758,11.310361269473006,4.136069962525752,1855.12158203125,0.003979541938458,0,0.0138545851968618,2320007.5,1.4793512520972454,0.012841121152074919,0.02170216224235455,0.02050082613737991,-0.01475770925110111
2019-08-28,1850.0404052734373,1860.6981436054768,1830.8315454218769,1850.6600459138103,1294621,0.0012296426524869,0.1229642652486928,1828.854760742188,1808.44171875,56.3376729672005,15.760551458222835,12.200399307222972,3.560152150999864,1830.2528076171875,-0.0106957651302351,0,0.0137626915892408,2302384.05,0.5622958515543921,0.011584104427544428,0.023002503255781015,0.016143754535558743,-0.000334821428571502
2019-08-29,1845.24853515625,1857.4348014655864,1835.9539252592983,1835.9539252592983,1670652,-0.0025901434928277,-0.2590143492827712,1831.097882080078,1808.240871582032,55.28808225067124,15.444792179298249,12.849277881638027,2.59551429766022,1815.5467529296875,-0.0160963586534144,0,0.0129234624640641,2243333.05,0.7447186676093415,0.0077279610307325886,0.020466113865593494,0.011641183177782117,0.005062550736745182
2019-08-30,1866.8536376953125,1872.1411578116893,1832.484151820974,1851.486467191525,2583625,0.0117085054546504,1.1708505454650409,1833.3244995117188,1808.3229418945311,58.99719959038179,16.74487736639867,13.628397778590156,3.116479587808513,1803.4429931640625,-0.0339665859448586,-1,0.0129028454887454,2222480.45,1.162496165039382,0.01828870895061052,0.0323673910476745,0.021242696904548507,0.008299909708277592
2019-09-03,1860.24365234375,1897.0914897924447,1848.1398857682232,1875.4454199997087,2545060,-0.0035407089329845,-0.3540708932984526,1836.280187988281,1807.9752563476563,57.42757215992013,17.045345534897933,14.311787329851713,2.733558205046222,1779.6077880859375,-0.0433469369220629,-1,0.0125999214634748,2230971.65,1.1407854510387885,0.013050004303385654,0.028909906710605338,0.026314619572842854,-0.008105683851871897
2019-09-04,1855.12158203125,1875.4458779549072,1844.8769363318536,1871.314939897738,2228092,-0.0027534405539009,-0.2753440553900921,1837.93671875,1807.988354492188,56.18025018605789,16.677907915090827,14.785011446899537,1.8928964681912923,1762.75390625,-0.0497906318787542,-1,0.0124140337837576,2217335.45,1.0048511153330453,0.009350084312444551,0.026069430935190097,0.016478133788720442,-0.008653464748896254
2019-09-05,1830.2528076171875,1861.936970268568,1823.64330906701,1852.477165809804,2055943,-0.0134054687600758,-1.3405468760075867,1836.5610961914065,1807.081223144532,50.450719950566,14.21613395297959,14.671235948115548,-0.4551019951359585,1769.652099609375,-0.0331105668875922,-1,0.011991365487346,2168148.5,0.948248240376524,-0.003434837309415295,0.012822657983427188,0.02092260754480836,-0.011997102368007483
2019-09-06,1815.5467529296875,1845.2894983701733,1811.4985154826488,1830.831219336604,1890550,-0.0080349854546301,-0.8034985454630106,1835.8423095703124,1806.0069165039065,47.373907451422944,10.952253877075009,13.92743953390744,-2.975185656832432,1776.303466796875,-0.0216151338815632,-1,0.0116506362577703,2118402.65,0.8924412929713811,-0.011055174256973777,0.005282281224176177,0.018612014718429635,-0.008348375451263436
2019-09-09,1803.4429931640625,1819.9667388404189,1800.9230816072422,1817.6120243991857,1703945,-0.0066667298686159,-0.6666729868615939,1834.5782348632813,1804.914743652344,44.944400973232206,7.304728777874061,12.602897382700766,-5.298168604826705,1753.706787109375,-0.0275784741980823,-1,0.0117367032989264,2095331.8,0.8132101082988383,-0.01697133494093761,-0.000815412746478672,0.01055961142401589,-0.007795410156249792
2019-09-11,1779.6077880859375,1813.4814739315843,1773.45273185273,1806.045786794735,2627440,-0.0132165004208462,-1.3216500420846211,1830.2779296875,1803.3730590820312,40.53579916197533,2.462352539756239,10.57478841411186,-8.112435874355622,1766.843505859375,-0.0071725254924238,0,0.0109716847478731,2123038.9,1.2375844832612346,-0.027684397423845875,-0.013178233353552948,0.022493013543117456,-0.014638609332113415
2019-09-12,1762.75390625,1788.696115651432,1751.8069207846968,1780.4342398285614,2118859,-0.0094705597203891,-0.9470559720389128,1825.624444580078,1801.912204589844,37.71842478419258,-2.7040621811770507,7.919018295054079,-10.62308047623113,1736.60498046875,-0.0148341329374093,0,0.0110715792122021,2141754.35,0.9893100018683282,-0.03443782674839191,-0.02173152401104761,0.020927024887558734,-0.00993034911542921
2019-09-13,1769.652099609375,1782.8710982971168,1747.8408324569657,1763.9101373955696,2291174,0.0039133048208923,0.391330482089236,1823.249151611328,1800.3857250976562,39.56974006472797,-6.170724248041552,5.1010697864349535,-11.271794034476503,1706.4490966796875,-0.0357149311684701,-1,0.0102697845959605,2173949.0,1.0539226081200617,-0.02939644971428379,-0.017070578298777672,0.01979500142874607,0.0032552464505269524
2019-09-16,1776.303466796875,1795.636177334508,1756.8053573626696,1784.5239936624848,2597948,0.0037585733314295,0.3758573331429593,1821.001934814453,1798.7853686523438,41.37913456820702,-8.285854989197105,2.423684831308542,-10.709539820505649,1665.428955078125,-0.0624186766457675,-1,0.0103025016915563,2206596.3,1.177355368537507,-0.024546084857473005,-0.012498379321548736,0.02186046511627887,-0.004606565613465555
2019-09-17,1753.706787109375,1781.7146639184557,1739.6204518327272,1780.392683258006,2796530,-0.0127211819995192,-1.2721181999519215,1819.2483337402343,1796.9712866210937,37.29374741730386,-11.651167140510324,-0.3912855630552312,-11.259881577455094,1689.3055419921875,-0.0367229263127502,-1,0.0099250273938719,2158647.45,1.2955010323709877,-0.03602671796659607,-0.024076344365563274,0.024002993199970526,-0.014988769836886458
2019-09-18,1766.843505859375,1770.4786505625489,1745.8582201100949,1756.8052056461431,1454663,0.0074908296224667,0.7490829622466721,1818.2383178710936,1795.3375170898437,40.94415738581745,-13.107087505322625,-2.9344459515087102,-10.172641553813914,1725.450927734375,-0.0234274161733792,-1,0.0101025348283588,2182636.4,0.6664706040822924,-0.02826626823699041,-0.015871116689332054,0.013934697878338054,0.005713951769365259
2019-09-19,1736.60498046875,1764.57151133045,1727.5582666160408,1763.9105209111656,1652691,-0.0171144333328588,-1.7114433332858892,1814.7352783203123,1794.410380859375,35.78072680844552,-16.510587394894173,-5.649674240185803,-10.86091315470837,1724.7489013671875,-0.0068271594489854,0,0.0103690707831555,2173090.4,0.7605256550762913,-0.043053275474910224,-0.03221414733620798,0.021313565912046663,-0.015480116547131103
2019-09-20,1706.4490966796875,1759.2837520767066,1699.4678519702466,1739.0421563677758,6941979,-0.017364849305524,-1.7364849305524066,1809.7471740722656,1792.67736328125,31.51269120196814,-21.39458986254772,-8.798657364658187,-12.595932497889532,1698.765380859375,-0.0045027512600657,0,0.0109154616831349,2459468.95,2.822551998471052,-0.05707873390963136,-0.048100270783658194,0.035052847590265925,-0.01874196066423327
2019-09-23,1665.428955078125,1734.1677210203522,1631.7204616556437,1734.1677210203522,6323401,-0.024038303680653,-2.403830368065308,1801.4770629882807,1790.8171435546874,26.825281252904205,-28.24953654060528,-12.688833199847604,-15.560703340757671,1734.4158935546875,0.0414229248664206,1,0.0111813855452867,2669058.95,2.3691499957316413,-0.07552031091890776,-0.07001730407140994,0.06151403760114328,-0.03963789955782514
2019-09-24,1689.3055419921875,1702.7724385920103,1663.115438566578,1664.7678135676376,4620978,0.0143365988931918,1.4336598893191832,1793.0912719726562,1789.849064941406,33.06625482661167,-31.39360422353866,-16.429787404585817,-14.963816818952845,1701.90478515625,0.0074582382232668,0,0.0111842016783266,2758786.6,1.6750037860847953,-0.05788089630612592,-0.056174302581491586,0.023475327014357096,0.014739429861972717
2019-09-25,1725.450927734375,1728.3839331629003,1701.9872877179637,1706.076874752098,4002232,0.0213965945435552,2.1396594543555247,1785.3312866210938,1789.6970336914062,41.23698144572772,-30.615750648414405,-19.26698005335153,-11.34877059506287,1702.1527099609375,-0.0135026835008454,0,0.0120298926065818,2841624.45,1.4084310120572054,-0.03354019466048119,-0.035897755177320745,0.015298404040732188,0.01135590855780872
2019-09-26,1724.7489013671875,1740.7768562861295,1704.4246105924467,1733.2584702443908,4234281,-0.0004068654494331,-0.0406865449433135,1779.1803161621094,1789.4477124023438,41.13195946701832,-29.713425869292905,-21.35626921653981,-8.357156652753094,1717.9324951171875,-0.0039521151424399,0,0.0116391897116757,2881733.2,1.4693521940199044,-0.03059353473083415,-0.03615574268347732,0.021076833656694494,-0.0049095787058253395
2019-09-27,1698.765380859375,1722.7661685476858,1694.8409901571774,1722.6009713856226,2046795,-0.0150651033824202,-1.5065103382420286,1771.6165649414063,1788.0506298828125,37.34132183945944,-30.74062118690881,-23.233139610613613,-7.5074815762951985,1691.7840576171875,-0.0041096453464667,0,0.0118680019778422,2919341.9,0.701115206821099,-0.04112130441975226,-0.04993440763435719,0.016438513937917364,-0.01383697729316547
2019-09-30,1734.4158935546875,1738.2989354361855,1701.9466763301057,1703.4752042703683,2620039,0.0209861309260244,2.0986130926024416,1766.074932861328,1787.9399340820312,44.85102521841719,-28.35116783114813,-24.25674525472052,-4.094422576427615,1668.9813232421875,-0.0377271509997476,-1,0.0131381130252277,2966811.25,0.8831161739729819,-0.017926215200477214,-0.029936151381295795,0.02095936692068465,0.01816327540709447
2019-10-01,1701.90478515625,1731.647533144263,1685.1744894129924,1731.647533144263,3342877,-0.0187447016135247,-1.8744701613524704,1757.827490234375,1786.9931225585938,40.12781041294589,-28.74947749210969,-25.155291702198355,-3.594185789911336,1656.051513671875,-0.0269423247906112,-1,0.0131071307132672,3004773.85,1.1125219956237304,-0.03181353425680511,-0.04761536926371346,0.02730648866881463,-0.017175982651623782
2019-10-03,1702.1527099609375,1719.4199471468776,1690.503486976355,1710.2080376746223,2317618,0.0001456748972386,0.0145674897238601,1749.9229431152344,1786.898935546875,40.179545825359874,-28.71413661537099,-25.86706068483288,-2.847075930538108,1641.5107421875,-0.0356266317461193,-1,0.0131476777712935,2993401.75,0.7742422145640825,-0.027298478108559343,-0.04742642345354642,0.01698817033354561,-0.00471014492753625
2019-10-04,1717.9324951171875,1725.037584262297,1697.773405708254,1702.4414845751176,2163251,0.0092704873445885,0.9270487344588574,1743.0634887695312,1786.9385864257813,43.5244889197756,-27.10043498591336,-26.11373554504898,-0.986699440864374,1669.7247314453125,-0.0280615005588951,-1,0.0134947895541348,2990159.7,0.7234566769126076,-0.014417715599151393,-0.038616935037828704,0.015870343352567734,0.00909929103726938
2019-10-07,1691.7840576171875,1730.4496719118092,1686.2486418582014,1718.4699534860652,2177916,-0.0152208760089938,-1.52208760089938,1736.140051269531,1785.9108081054687,39.57542671941641,-27.613217213706776,-26.41363187878054,-1.1995853349262369,1683.19189453125,-0.0050787587501204,0,0.0135690718337373,2996258.35,0.7268785750734745,-0.025548626460122792,-0.05270517993456392,0.026126874676820917,-0.015528869628906225
2019-10-09,1668.9813232421875,1701.9462241623326,1665.1808809704762,1701.9462241623326,2066920,-0.0134785135681658,-1.3478513568165873,1728.8117797851562,1784.38484375,36.46801837307953,-29.519310678915872,-27.034767638807608,-2.484543040108264,1690.7100830078125,0.0130191749080896,0,0.0137115279186397,3005076.85,0.6878093650084189,-0.03460784872162548,-0.06467412055870447,0.022028612711156918,-0.019368943890321674
2019-10-10,1656.051513671875,1684.637682193233,1649.9790556454589,1675.508269868787,2881452,-0.0077471265797,-0.7747126579700003,1721.442205810547,1782.858876953125,34.799483076750846,-31.70772414953012,-27.969358940952112,-3.73836520857801,1715.6729736328125,0.0360021771477034,1,0.0137242510916177,3063952.2,0.9404363423163064,-0.03798599332463937,-0.07112585573680497,0.02092847128343702,-0.011612450112487786
2019-10-11,1641.5107421875,1648.2441910080777,1590.4110614990225,1595.3681868855128,12593069,-0.0087803859749111,-0.8780385974911153,1714.537353515625,1780.528203125,32.972417929169964,-34.220899105037915,-29.219666973769275,-5.00123213126864,1737.9747314453125,0.0587653719093321,1,0.0136055917155979,3562233.65,3.535160867395658,-0.042592604458797756,-0.07807652846695201,0.03523164851908673,0.02892282526459734
2019-10-14,1669.7247314453125,1679.4324333723202,1625.9367993490227,1648.2438590961892,3510704,0.0171878188382819,1.718781883828191,1709.8858947753906,1779.0732861328124,39.59896588480733,-33.54924046437054,-30.08558167188953,-3.463658792481013,1732.9482421875,0.037864630948756,1,0.0143224895133304,3631825.9,0.9666498606114352,-0.023487627714101733,-0.06146377191981334,0.03203859475507182,0.013032581453634088
2019-10-15,1683.19189453125,1691.2058732278297,1671.1294759157397,1678.8130602828285,2261310,0.0080654989605863,0.8065498960586392,1705.5628845214844,1777.541533203125,42.52006547028056,-31.566381049990923,-30.38174154750981,-1.1846395024811116,1748.745361328125,0.0389459258982058,1,0.0144515335608969,3630332.7,0.6228933232483073,-0.013116484999326716,-0.05307872525591972,0.01192757485187452,0.002608291746124388
2019-10-16,1690.7100830078125,1698.641462662883,1665.593963389286,1683.7700879897643,3034082,0.004466625879669,0.4466625879669061,1701.2832153320312,1775.3480126953125,44.14409112266368,-29.05338634771715,-30.11607050755128,1.0626841598341308,1758.798095703125,0.0402718439900602,1,0.0144682778345038,3652139.4,0.8307683983804124,-0.006214798470315364,-0.04767399353944335,0.019546520486117096,0.0041216999087647305
2019-10-17,1715.6729736328125,1721.6285995852031,1688.9362822446485,1701.3542686774283,3818774,0.0147647375359531,1.4764737535953198,1699.381524658203,1773.2150463867188,49.269324153895305,-24.76208143029225,-29.04527269209948,4.283191261807222,1795.08056640625,0.0462836414595362,1,0.0147359085090567,3703251.6,1.0311948558936692,0.009586693004613123,-0.032450701831771456,0.01905509840335773,0.008416063143930064
2019-10-18,1737.9747314453125,1743.507768848983,1710.6465424557955,1721.206089014165,3087901,0.0129988396129347,1.2998839612934798,1697.9380859375,1771.951943359375,53.38463362883228,-19.33870138253451,-27.103958430186488,7.765257047651978,1787.2667236328125,0.0283617427202227,1,0.0149526742460587,3784913.5,0.8158445364735548,0.023579567381991184,-0.019175018849352354,0.018907769945458223,0.009742379217791365
2019-10-22,1732.9482421875,1783.7186251195176,1723.3602975471028,1757.1085674869034,5552505,-0.002892153244157,-0.2892153244157036,1697.7552490234375,1770.1710888671876,52.35379573936413,-15.27020389123868,-24.737207522396925,9.467003631158246,1854.1297607421875,0.0699279503014584,1,0.0144619496103663,3979904.2,1.3951353401923594,0.020729132296487318,-0.021027824323754052,0.03482985013806554,-0.01375004695012024
2019-10-23,1748.745361328125,1760.3608618275866,1733.8774381923618,1740.2131657375228,2348134,0.0091157478083039,0.9115747808303932,1699.8700622558597,1767.9906909179688,55.27664425454683,-10.648446165857422,-21.919455251089023,11.271009085231604,1903.0830078125,0.0882562149398125,1,0.0139936582181629,3750211.95,0.6261336775912092,0.028752373582839663,-0.010885424730291637,0.015144242392792644,0.004902960027305717
2019-10-24,1758.798095703125,1773.1590791934962,1741.3115276424903,1760.4876231725805,2798671,0.0057485409810409,0.5748540981040939,1704.5385192871097,1766.568203125,57.080985741885975,-6.1041335685831655,-18.75639091458785,12.652257346004689,1917.3173828125,0.0901293260986859,1,0.0126760227984652,3573975.45,0.7830694528133929,0.031832414346792515,-0.004398419154228006,0.01810756540435868,-0.0009596928982725633
2019-10-25,1795.08056640625,1799.346664299883,1752.926940663942,1768.9351713821384,3954245,0.0206291278070893,2.0629127807089365,1709.8272705078125,1765.8953247070312,62.89891333151955,0.4201162268934695,-14.92108948629159,15.34120571318506,1859.24072265625,0.0357422153917295,1,0.0130498266876747,3540638.8,1.116816829776593,0.04986076510121262,0.016527164034516373,0.02585940960236298,0.014780301419233583
2019-10-27,1787.2667236328125,1798.5021233784298,1781.4379359313857,1798.5021233784298,224405,-0.0043529203756468,-0.4352920375646829,1712.9180603027344,1764.3283813476562,60.9816993227905,4.903593808637652,-10.956152827305743,15.859746635943395,1853.369140625,0.0369851998686727,1,0.0124063302256283,3351747.45,0.0669516433882869,0.043404681784333654,0.013001175137042909,0.009547644580076611,-0.006247087284229595
2019-10-29,1854.1297607421875,1859.9162685650256,1792.1662584679202,1792.1662584679202,5064173,0.0374107771522029,3.741077715220298,1719.3871032714844,1764.2945043945313,69.53809139451386,13.694212038858725,-6.026079854072849,19.72029189293157,1860.04296875,0.003189209370894,0,0.014714047040644,3393242.05,1.4924290473177415,0.07836667915813011,0.050918515091382455,0.036540058593302435,0.0345746394797313
2019-10-30,1903.0830078125,1909.1652629773123,1838.923269537205,1879.598544302885,5195136,0.0264022767482665,2.640227674826656,1729.602984619141,1766.0130053710936,74.02861975808365,24.33049147795896,0.045234412333512,24.285257065625444,1848.7647705078125,-0.0285422323050026,-1,0.0148478955191832,3550659.1,1.4631469408031876,0.10030048787847079,0.0776155113379835,0.03690957943071911,0.012494403967696695
2019-10-31,1917.3173828125,1930.2423055266825,1889.7359372132653,1900.717862641863,4879261,0.0074796395856435,0.7479639585643572,1738.7480590820312,1767.9343969726565,75.1746026243475,33.52199398462744,6.7405863267922985,26.781407657835143,1846.1044921875,-0.0371419417898033,-1,0.0144218190520461,3663620.2,1.3318140892442945,0.10269994137318794,0.08449577433169542,0.021126584819253374,0.008733289930555475
2019-11-01,1859.24072265625,1921.8378080432744,1854.2566983098843,1912.5454054549327,4172620,-0.0302905823922889,-3.029058239228899,1746.6148559570313,1769.3436352539063,62.966679186440686,35.70840062001298,12.534149185436435,23.174251434576544,1799.3040771484375,-0.03223716261022,-1,0.0156096937240313,3705107.35,1.1261805950102903,0.06448237074996532,0.050808155980080816,0.036348768026573074,-0.02787106786936819
2019-11-04,1853.369140625,1883.1470588369152,1842.344933911088,1864.393347338912,2646411,-0.0031580536934784,-0.3158053693478435,1754.1756774902344,1770.6701416015626,61.872702852590415,36.54607562108413,17.336534472565976,19.209541148518152,1774.80615234375,-0.0423892826092683,-1,0.0156760513706569,3721547.0,0.711105086137566,0.056547051933068415,0.04670491532016041,0.022015109689410166,-0.0059130262021408145
2019-11-05,1860.04296875,1867.772473831821,1832.292399702044,1855.9457824552285,2693475,0.0036009168269357,0.3600916826935751,1761.281201171875,1771.737685546875,62.66666266481013,37.31827935416186,21.33288344888516,15.985395905276704,1840.4022216796875,-0.0105592975002677,0,0.0156341850592405,3748058.2,0.7186321172920954,0.05607382143885564,0.04984105938677286,0.019074868014269896,0.0022076002076695123
2019-11-06,1848.7647705078125,1867.6030362853048,1840.7395179056537,1858.4795499735835,2540719,-0.0060634073683614,-0.6063407368361418,1769.1302368164063,1772.5887573242187,60.37846286488482,36.59831741227731,24.38597024156359,12.21234717071372,1855.77734375,0.0037931127605062,0,0.0151657137387233,3766198.35,0.6746110437863688,0.0450133811712532,0.042974442249416045,0.014530522653929838,-0.005227272727272733
2019-11-07,1846.1044921875,1862.28163505338,1837.5300166189115,1862.28163505338,1915598,-0.0014389490554721,-0.1438949055472149,1777.986395263672,1772.8942236328126,59.82357937209498,35.404953889097214,26.58976697107032,8.815186918026896,1836.8958740234373,-0.0049881348553305,0,0.014642120090473,3758632.25,0.5096529462279796,0.038311933716301816,0.04129421122748833,0.013407485079644371,-0.008686732748355857
2019-11-08,1799.3040771484375,1849.694346512648,1794.2777752879178,1849.694346512648,2788759,-0.0253509025286036,-2.5350902528603614,1785.1490234375,1771.7398779296875,50.952219930653214,30.333140767944546,27.338441730445165,2.9946990374993767,1818.4381103515625,0.0106341298539427,0,0.0159310606740819,3753997.6,0.7428771398255556,0.00792934008594992,0.01555770097073128,0.030798891598442422,-0.027242484391658914
2019-11-11,1774.80615234375,1806.9494505310624,1766.4007952596778,1803.5703959251127,2983768,-0.0136152221938562,-1.361522219385625,1791.8137939453125,1769.62298828125,47.0214462414918,24.05957077956828,26.68266754026979,-2.6230967607015145,1781.4376220703125,0.0037364473397869,0,0.016174450674982,3273532.55,0.9114826122624016,-0.009491857724855501,0.002928965150669871,0.02284680792763617,-0.01594850062207224
2019-11-13,1840.4022216796875,1844.7949515338908,1789.2094605664608,1789.2094605664608,3823365,0.0369595683727563,3.695956837275638,1800.3476684570312,1769.4756665039065,56.66227269008931,24.102932350749143,26.166720502365663,-2.063788151616521,1781.2264404296875,-0.032153721916284,-1,0.0175650852399451,3289165.6,1.162411828702088,0.022248232341137042,0.04008337414207919,0.030202903643910223,0.028611944124763963
2019-11-14,1855.77734375,1858.480546933667,1813.4545906165376,1847.920998371544,2995915,0.0083542183818274,0.8354218381827483,1808.9769409179687,1769.5904052734377,58.56554628893349,25.088733264255097,25.95112305474355,-0.8623897904884537,1789.2940673828125,-0.035825028574195,-1,0.0175678348990568,3325895.85,0.9007843706230309,0.025871199225061536,0.04870445625141406,0.0242625854167099,0.004251450892857
2019-11-15,1836.8958740234373,1868.1944016294976,1832.080763524293,1855.100567930535,2724180,-0.0101744262533179,-1.0174426253317992,1816.28623046875,1769.4233520507812,55.35070067905328,24.06895880788284,25.57469020537141,-1.5057313974885744,1750.096923828125,-0.0472530595897047,-1,0.0178949183958354,3310400.75,0.8229154733003248,0.011347134173542717,0.0381324920881454,0.019660144385921747,-0.009813319138490673
2019-11-18,1818.4381103515625,1848.131466802956,1815.1856881695123,1840.232845070036,1611089,-0.0100483451092118,-1.004834510921182,1821.4244873046875,1768.4550415039062,52.3267832511383,21.52328589179592,24.764409342656315,-3.241123450860393,1758.37548828125,-0.0330297862371024,-1,0.017991563595481,3200016.5,0.5034627165203679,-0.001639583180054971,0.028263692135000795,0.018117624375500067,-0.011843465774921609
2019-11-19,1781.4376220703125,1820.1699115846911,1778.227478959832,1818.776134062004,2975313,-0.0203474003710231,-2.034740037102312,1823.5976318359376,1766.8789208984374,46.80644692653868,16.331927295311516,23.07791293318736,-6.74598563787584,1728.935791015625,-0.0294716078768293,-1,0.0185587836721288,3194387.1,0.9314190506216355,-0.02311914044502228,0.008239784288372354,0.02354414889706625,-0.020529471050568925
2019-11-20,1781.2264404296875,1803.5703977863564,1769.357469865819,1792.5461908748468,2894129,-0.0001185456274239,-0.0118545627423971,1826.011541748047,1765.4010180664063,46.77611506695273,12.061658323368649,20.874662011223617,-8.81300368785497,1735.39794921875,-0.0257286160651658,-1,0.0185353830667785,3061468.3,0.945340182029649,-0.024526187427866164,0.00896420824579236,0.01920751182667384,-0.006314900281389554
2019-11-21,1789.2940673828125,1796.4745588003727,1780.2549308407392,1784.1409263396383,2052574,0.0045292539847874,0.4529253984787429,1828.038977050781,1764.5818432617189,48.15824040131742,9.222122580091536,18.544154124997203,-9.322031544905666,1754.869873046875,-0.0192389808715397,0,0.0184649217888797,3046690.3,0.6737061525419896,-0.021194794068601697,0.014004578033861348,0.00906481961534575,0.002888303814512237
2019-11-22,1750.096923828125,1779.9171238190256,1740.6356115942583,1771.4694867814412,3742049,-0.0219064849480112,-2.1906484948011284,1827.603918457032,1763.2728466796875,42.39754560498888,3.765482012419852,15.588419702481731,-11.82293769006188,1734.510986328125,-0.0089057567542646,0,0.0191380786248961,3093859.2,1.2095084999343215,-0.04240907663097093,-0.00747242429121131,0.02244533527825634,-0.012064877838876997
2019-11-25,1758.37548828125,1761.2898815439894,1733.6238727804964,1752.504422326229,2737010,0.0047303462684893,0.4730346268489338,1825.7686645507813,1762.371496582031,43.923256815985226,0.1078230965454167,12.492300381294472,-12.384477284749057,1707.309814453125,-0.0290413931315887,-1,0.0185541139632186,3032997.45,0.9024109136656214,-0.03691222090620827,-0.0022674040680589203,0.015733845784290094,0.0033501005077225393
2019-11-26,1728.935791015625,1772.229831120594,1719.1365519047874,1765.429647762969,6561580,-0.0167425543985495,-1.6742554398549547,1822.852117919922,1761.358056640625,39.87815553130862,-5.107558720233101,8.972328560988958,-14.079887281222058,1732.6103515625,0.0021253308341291,0,0.0188804856494634,3349856.2,1.9587646777195984,-0.05152163797657161,-0.018407538150895797,0.030708647187307165,-0.020671374129003897
2019-11-27,1735.39794921875,1750.0967537391389,1728.851031150906,1733.4549516407144,2907521,0.0037376507772617,0.3737650777261736,1816.91552734375,1760.8109375,41.15913694791725,-8.619978478197709,5.4538671531516245,-14.073845631349332,1755.8414306640625,0.0117802844324645,0,0.0165916699924958,3242023.6,0.8968228978962398,-0.04486591528235495,-0.014432547947101693,0.012242565227069313,0.0011208814951877205
2019-11-28,1754.869873046875,1769.2729284688687,1740.213141037318,1746.1687660934626,2924429,0.0112204372702473,1.1220437270247352,1809.5048706054688,1760.51529296875,44.96428128686117,-9.720325066060925,2.4190287093091154,-12.139353775370038,1791.9971923828125,0.02115673640888,1,0.0154772071058468,3128488.25,0.934773848039864,-0.030193340977475613,-0.0032066861017464587,0.016559511265126368,0.004982970215919348
2019-11-29,1734.510986328125,1761.3322325552858,1728.2175383041506,1761.3322325552858,2064271,-0.011601365452472,-1.1601365452472034,1800.36455078125,1759.679443359375,41.912420682927824,-12.095717771255067,-0.4839205868037211,-11.611797184451346,1793.9400634765625,0.0342627274297326,1,0.0153240760744487,2987738.75,0.6909141570694559,-0.03657790552727147,-0.014302864721316144,0.01909166013484724,-0.015227817745803358
2019-12-02,1707.309814453125,1746.7179608080091,1703.043716276722,1740.2133211954597,3809860,-0.0156823289615383,-1.5682328961538317,1792.7680053710938,1758.75150390625,38.18343822014944,-15.988831547162135,-3.584902778875404,-12.40392876828673,1740.59375,0.0194949594180926,0,0.0143677678792688,2969600.75,1.2829536091678315,-0.04766829319908539,-0.029248981074854075,0.025580737697145216,-0.018907743287317924
2019-12-03,1732.6103515625,1741.9027522778524,1697.975039805278,1712.9273160717537,4664774,0.0148189490244798,1.4818949024479888,1786.730065917969,1758.0668408203126,43.24172656040631,-16.838506541815377,-6.2356235314634,-10.602883010351976,1700.382568359375,-0.0186007102947649,0,0.0149826365549344,3070518.9,1.5192135765716994,-0.030289810076970847,-0.014479818779776665,0.025353486104339438,0.011490876061154362
2019-12-04,1755.8414306640625,1758.7981037491356,1727.964227290517,1734.2999553299594,3334301,0.0134081382352426,1.3408138235242673,1781.519989013672,1758.4515698242187,47.49047620859745,-15.459123016227522,-8.080323428416225,-7.378799587811297,1724.923095703125,-0.0176088423595541,0,0.0153742674840162,3102560.2,1.0746934096556773,-0.014413848010667807,-0.0014843395206028953,0.017560740918932016,0.012420847540185008
2019-12-05,1791.9971923828125,1796.6433925106776,1747.2669978545914,1759.6427029714537,3902721,0.0205917009858207,2.059170098582075,1778.681610107422,1760.1625317382814,53.34417838656695,-11.318016777690218,-8.727862098271023,-2.5901546794191947,1707.1829833984375,-0.0473294318455922,-1,0.0162062508723042,3170660.3,1.2308858820353603,0.007486208998689792,0.018086205148959866,0.027553834830751356,0.01838696535195629
2019-12-06,1793.9400634765625,1797.6569408201588,1774.848323619903,1794.277886420121,1829461,0.0010841931572262,0.1084193157226298,1776.073388671875,1762.73275390625,53.64323733171548,-7.789593206939344,-8.540208320004687,0.7506151130653436,1749.716552734375,-0.0246516099632028,-1,0.0162160265041555,3166353.45,0.5777816750053598,0.01005964895293432,0.01770393697011441,0.012714258221121237,-0.00018827793961861389
2019-12-09,1740.59375,1797.6153136920364,1734.7226820977244,1797.6153136920364,2244747,-0.0297369541840657,-2.9736954184065745,1773.137872314453,1763.7585180664062,45.09586229391444,-9.191934866653128,-8.670553629334375,-0.521381237318753,1796.60107421875,0.0321771373812815,1,0.0165837844317597,3139152.85,0.7150805033275139,-0.018353971691988935,-0.013133752624934991,0.036132860751862395,-0.03172067085639278
2019-12-10,1700.382568359375,1740.931328494229,1692.272857580631,1740.2131968631472,4520045,-0.0231019912835059,-2.3101991283505985,1769.4166931152345,1763.2571508789065,39.93103868269488,-13.393613792271935,-9.615165661921887,-3.778448130350048,1828.870849609375,0.0755643368974152,1,0.0170761024081266,3215966.7,1.4055011825837624,-0.03901518790032321,-0.035658203619472806,0.028616190155693392,-0.022888361366049662
2019-12-11,1724.923095703125,1730.0761338762002,1695.2296297148753,1710.9844940385951,4943024,0.0144323564593042,1.4432356459304296,1763.6427368164063,1763.260634765625,44.136095101318105,-14.575244800109658,-10.60718148955944,-3.9680633105502174,1831.236083984375,0.0616334655997599,1,0.0149859835686997,3271949.65,1.510727403766742,-0.021954356347235637,-0.021742411930835037,0.02020177261706878,0.008146538857070118
2019-12-12,1707.1829833984375,1760.1918024977156,1676.0111822179515,1732.6949090323626,7137306,-0.0102845815844654,-1.0284581584465435,1756.2130187988282,1763.4289868164062,41.85508558957628,-16.75009007784797,-11.835763207217148,-4.914326870630825,1883.0206298828125,0.1029987108554353,1,0.0148129250256069,3479019.2,2.051528200821657,-0.027918045747050146,-0.03189581425646859,0.04930966457514019,-0.014723841745557182
2019-12-13,1749.716552734375,1754.91176621829,1695.4404931021802,1708.9567102868511,5711133,0.0249144759229424,2.491447592294249,1751.854052734375,1763.735,48.70059352060276,-14.870153182293734,-12.442641202232466,-2.427511980061269,1877.8251953125,0.0732167975309616,1,0.0160747865055236,3628366.85,1.5740230346333364,-0.0012201358878405344,-0.007948159596325333,0.033989089846107316,0.023850716757291206
2019-12-16,1796.60107421875,1804.4151379011405,1757.3618443267555,1770.6245922475607,5574177,0.0267954951966968,2.6795495196696884,1750.7622009277345,1765.62892578125,54.99096109010709,-9.4877319271111,-11.851659347208194,2.3639274200970952,1885.2587890625,0.0493474684591863,1,0.0172116755022721,3826521.25,1.45672182011272,0.026182238379789835,0.01754170878447492,0.026190173349888497,0.014670801526717625
2019-12-17,1828.870849609375,1832.2921833160703,1790.0540048163914,1796.3897315913432,6059673,0.0179615696849437,1.796156968494378,1753.1338623046877,1768.1632885742188,58.74098215113688,-2.588385819358564,-9.999004641638267,7.410618822279705,1871.658203125,0.0233955030366217,1,0.0170128236474459,3980739.25,1.5222481603134392,0.04320091519145186,0.034333684805835096,0.023095222119539235,0.01808133137638133
2019-12-18,1831.236083984375,1861.3940997991224,1818.7758223127016,1836.515855879152,8251081,0.0012932757802472,0.1293275780247293,1755.634344482422,1770.4293603515623,59.01055054778658,3.0352617174205534,-7.392151369826505,10.427413087247055,1860.1270751953125,0.015776770381281,0,0.0170088904624927,4248586.85,1.942076575414717,0.0430623493665141,0.03434574967777193,0.023272956370372837,-0.0028748850045999482
2019-12-19,1883.0206298828125,1889.314078410644,1831.0676605905007,1841.416016262547,6251505,0.0282784652133796,2.827846521337962,1760.3206726074218,1774.254091796875,64.48207505251855,11.537624426539423,-3.60619621055332,15.143820637092745,1857.212890625,-0.0137055000079412,0,0.0180282776239377,4458533.4,1.402143808096178,0.06970318487122307,0.06130268409063344,0.030932437433661135,0.022593815440309303
2019-12-20,1877.8251953125,1897.930613146204,1865.4494892805028,1875.3754630149288,5548338,-0.0027590959375924,-0.2759095937592493,1766.7070861816403,1778.4309692382812,63.565300065076094,17.653086191020293,0.6456602697614029,17.00742592125889,1844.2880859375,-0.017859548087179,0,0.0171386681534729,4548847.85,1.2197238032483326,0.06289560391757854,0.055888717523171705,0.01729720314051693,0.0013062623170044879
2019-12-23,1885.2587890625,1893.9176155224563,1866.9274611223248,1866.9274611223248,2247329,0.003958618602283,0.3958618602283081,1773.051251220703,1783.0151147460938,64.34636860904635,22.83622085047409,5.083772385903941,17.75244846457015,1826.1253662109373,-0.0313662098777264,-1,0.0171370189272323,4524363.8,0.4967171295995251,0.06328499402628363,0.057343133813515745,0.01431641881566468,0.009818982430712737
2019-12-24,1871.658203125,1895.2693030898004,1867.8988403361284,1891.4255876906232,1805896,-0.0072141745294624,-0.7214174529462491,1780.1873718261718,1787.6180639648437,61.73857030716483,25.551892479242724,9.1773964045717,16.374496074671026,1831.109619140625,-0.0216645239588474,-1,0.0166668588436211,4286579.6,0.4212906719380646,0.05138269866783429,0.04701235731180731,0.014623643733654514,-0.010451050622487652
2019-12-26,1860.1270751953125,1882.977970686272,1854.4249211791025,1872.3338673595715,1880367,-0.0061609154440883,-0.6160915444088366,1786.423828125,1791.4261108398437,59.535517323182304,26.46850372130325,12.635617867918011,13.83288585338524,1822.704345703125,-0.0201183725516485,-1,0.0168245890983666,4235221.9,0.4439831121953728,0.04125742497941842,0.038349873287969904,0.01535005316998116,-0.0065195595598948625
2019-12-27,1857.212890625,1880.781714040961,1838.205708437571,1865.2381453263588,2720261,-0.0015666588638878,-0.1566658863887848,1791.5409790039062,1794.9065307617188,58.962883449255685,26.65254049826217,15.439002393986843,11.213538104275326,1859.0289306640625,0.0009778308390113,0,0.0167630444425374,4225013.5,0.6438467001348043,0.03665666171789561,0.034712871559300584,0.022924676981464488,-0.004302536231884009
2019-12-30,1844.2880859375,1879.5992501778328,1839.1351510637187,1864.393503434821,2288830,-0.0069592477807702,-0.6959247780770283,1797.029833984375,1797.9780908203124,56.37309436815752,25.46195765045786,17.44359344528105,8.018364205176812,1858.8602294921875,0.0079012295670066,0,0.0165818032575821,4236241.45,0.5402973430610287,0.026297978508427855,0.02575670713321032,0.021940226921514348,-0.010783891630323898
2019-12-31,1826.1253662109373,1855.9455614506044,1822.535121041996,1849.187452897302,1909289,-0.0098480925323172,-0.984809253231722,1802.9706115722656,1800.187138671875,52.85950996762203,22.79012213452688,18.512899183130216,4.277222951396666,1863.4219970703125,0.0204239158764671,1,0.0162806547296285,4141212.9,0.4610458448055158,0.012842557992933434,0.014408628404155133,0.018295808725297052,-0.012471470455972985
2020-01-01,1831.109619140625,1844.8791005065225,1819.6207519521904,1831.447442076299,1354908,0.0027294144322793,0.2729414432279364,1807.895574951172,1802.0498364257808,53.71211854027964,20.83469144111428,18.977257634727028,1.857433806387245,1905.15283203125,0.0404362535790592,1,0.0160610476625029,3975719.6,0.3407956637585809,0.012840367834895616,0.0161259595197889,0.013794012270104461,-0.0001844568006226947
2020-01-02,1822.704345703125,1841.5426177806585,1815.5661335653608,1841.5426177806585,2380752,-0.0045902622921312,-0.459026229213122,1811.238720703125,1803.8449584960936,52.00395886500907,18.394720322302646,18.860750172242152,-0.4660298499395061,1870.602783203125,0.0262787750591129,1,0.0159445462404604,3928042.15,0.6060912559199498,0.006330267164092573,0.010455104313818131,0.014251616986888234,-0.01022961504971114
2020-01-03,1859.0289306640625,1877.9094795882163,1828.0684272734595,1828.0684272734595,4655761,0.0199289506532256,1.992895065322564,1814.590307617188,1806.0506298828125,58.19194887828992,19.171123285105523,18.92282479481483,0.2482984902906935,1869.9267578125,0.0058621073446902,0,0.0159044919447414,3965694.15,1.1740090949777355,0.024489617772305072,0.029333784947483732,0.026810261794555878,0.01693618407751846
2020-01-06,1858.8602294921875,1880.4017036924104,1848.2584038826744,1862.70394554869,3023209,-9.074693195587624e-05,-0.0090746931955876,1817.8363159179687,1808.0518725585937,58.154449052095806,19.54748422190869,19.0477566802336,0.4997275416750888,1850.327880859375,-0.0045900969300652,0,0.0159100574142638,4025381.55,0.751036631546145,0.022567440871871014,0.02810116109207339,0.017291940136089198,-0.002063514207766503
2020-01-07,1863.4219970703125,1870.8557522661133,1844.79491716744,1858.9024290045927,2429317,0.0024540670168466,0.2454067016846695,1823.9777282714845,1809.418701171875,58.92524787385498,19.983492235927542,19.23490379137239,0.7485884445551534,1864.3089599609373,0.0004759860579188,0,0.0140621371842356,4034610.05,0.6021194043275633,0.02162541142221497,0.029845660301544452,0.01398547142818235,0.002431310000568421
2020-01-08,1905.15283203125,1909.1654585481097,1860.211456290635,1862.7034673002577,5197454,0.0223947313204131,2.239473132041314,1834.216241455078,1811.776423339844,65.23414283604217,23.42631734651945,20.073186502401803,3.3531308441176506,1881.20361328125,-0.0125707598610163,0,0.0131833228910118,4068480.5,1.2774926658736596,0.038674060872941673,0.051538593552992173,0.025695577506651038,0.02278911564625854
2020-01-09,1870.602783203125,1902.3657780018257,1866.9279782156032,1899.6625751187048,3734173,-0.0181350536540882,-1.8135053654088296,1841.500225830078,1812.1058837890623,57.37655747517076,23.100591616716656,20.67866752526477,2.4219240914518814,1891.2567138671875,0.0110413236040929,0,0.0140421453145708,4008037.95,0.9316710686334694,0.015803721859403375,0.0322811707292443,0.01894458839922211,-0.015297344010561422
2020-01-10,1869.9267578125,1887.2021344919167,1865.238277957992,1882.1335522148568,1915807,-0.0003613944107724,-0.036139441077243,1849.6374145507807,1811.4427587890625,57.2312972332596,22.52821083865365,21.04857618794255,1.4796346507110982,1874.6151123046875,0.00250723964059,0,0.0136756172633844,3746963.0,0.5112959482119253,0.010969362482671663,0.03228586646730891,0.01174583787421634,-0.006485615427232597
2020-01-13,1850.327880859375,1874.4879940782985,1845.5548431691143,1873.5588779397413,2843893,-0.0104810933750434,-1.0481093375043438,1854.6679809570312,1810.10296875,53.038924868793465,20.259589436917395,20.89077883773752,-0.6311894008201264,1833.4332275390625,-0.0091306267905696,0,0.0131972270426613,3603601.0,0.7891808776831841,-0.002340095446850099,0.02222244413927066,0.01563676968200162,-0.012399395265289027
2020-01-14,1864.3089599609373,1883.654172777295,1854.2563542498435,1854.2563542498435,2948452,0.0075560008829727,0.7556000882972702,1858.0533752441409,1810.2043334960936,55.54088978849538,19.36660075206987,20.58594322060399,-1.2193424685341192,1834.0240478515625,-0.016244577889069,0,0.0120101469895517,3472314.75,0.8491315483424998,0.0033667411281845805,0.029888684643876617,0.015768748184349944,0.005421367810364399
2020-01-15,1881.20361328125,1884.667225865554,1853.5798901700723,1869.461484016348,2620681,0.0090621531533414,0.9062153153341468,1860.6700134277344,1810.7610229492188,58.423490477464405,19.7939853720909,20.42755165090137,-0.6335662788104699,1864.3089599609373,-0.0089807680577673,0,0.0115401747583977,3300365.15,0.7940578938666832,0.011035594546766836,0.03890220158223867,0.016525237074820537,0.006281022297220659
2020-01-16,1891.2567138671875,1899.873260996988,1871.1512997369173,1881.2461831080443,3117214,0.0053439726114508,0.5343972611450809,1863.671044921875,1811.3852978515624,60.0820364848303,20.70521513113272,20.48308434694764,0.2221307841850759,1855.037841796875,-0.0191506905459984,0,0.0115723286864352,3043671.8,1.0241623291972546,0.014801790809852333,0.04409410637833844,0.015186706833331374,0.005321223159961232
2020-01-17,1874.6151123046875,1903.71717901775,1869.461971504496,1892.904162968233,3281059,-0.0087992293380795,-0.8799229338079528,1863.2507690429688,1811.9023046875,56.09300058629718,19.855649545554343,20.35759738666898,-0.5019478411146387,1848.645263671875,-0.0138534296786313,0,0.0099414902768739,2895149.5,1.1332951890740013,0.006099202238653012,0.034611583336996654,0.018273195008622293,-0.009661899963739751
2020-01-20,1833.4332275390625,1894.1293838742167,1821.4796958176069,1854.172014194848,5817599,-0.0219681813591031,-2.1968181359103167,1861.0311706542968,1811.6488793945311,47.66014864879363,15.678595677595013,19.42179704485419,-3.743201367259178,1836.6650390625,0.0017627102393991,0,0.0110681477566096,2908612.55,2.0001285492631187,-0.014829382522126955,0.01202459725629157,0.039624943502373625,-0.011184931331622518
2020-01-21,1834.0240478515625,1847.1178836003253,1823.042121094536,1833.0947253987536,1902980,0.0003222480664284,0.0322248066428443,1858.46943359375,1812.3432788085936,47.78143853501838,12.274432635859512,17.992324163055258,-5.717891527195746,1848.942138671875,0.0081340759069044,0,0.0110097428620701,2891395.1,0.6581528757519164,-0.013153504330128851,0.011962837999002884,0.013127288343897361,0.0005069691380006513
2020-01-22,1864.3089599609373,1866.9278099736464,1836.262845873815,1842.4296622409609,1773686,0.0165128217074643,1.6512821707464376,1858.1019714355468,1814.1333349609367,53.70377729144506,11.883364180137733,16.770532166471753,-4.8871679863340205,1824.2608642578125,-0.0214814693075142,-1,0.0116034362398024,2889784.6,0.6137779265624157,0.003340499402513908,0.027658179271084826,0.016448434652416164,0.011875241789889808
2020-01-23,1855.037841796875,1877.728960191243,1848.899397444993,1870.9978797955555,2069866,-0.0049729515671353,-0.4972951567135397,1857.847509765625,1814.4260473632808,51.76815115039923,10.70197218401904,15.556820169981211,-4.85484798596217,1810.0791015625,-0.0242360232343432,-1,0.0115739574013665,2899259.55,0.7139291823665805,-0.0015123243183207125,0.022382722344959305,0.015541226220120897,-0.00853022773089644
2020-01-24,1848.645263671875,1855.037753655786,1837.2998083684977,1855.037753655786,1319430,-0.0034460634607905,-0.3446063460790571,1857.4191284179688,1814.2834057617188,50.41876133245854,9.144471115162103,14.27435035901739,-5.129879243855285,1760.2940673828125,-0.0477924012925956,-1,0.0115943308142052,2829218.0,0.4663585485459233,-0.004723686007027772,0.018939630821199982,0.009595104932168698,-0.0034460161100835244
2020-01-27,1836.6650390625,1857.1547033540303,1833.0666403458856,1853.9796456629,1549101,-0.0064805427221765,-0.6480542722176574,1857.0379760742187,1814.2787890625,47.89891504244657,6.864308814709602,12.792342050155836,-5.928033235446232,1780.14892578125,-0.0307710508335792,-1,0.0115800571499291,2792231.55,0.5547895911426114,-0.01097066256813295,0.012338925051076588,0.013115109448830195,-0.009339156792203715
2020-01-28,1848.942138671875,1852.371242709425,1822.0599805022896,1840.686987737908,1743024,0.0066844521718787,0.6684452171878741,1858.1788146972656,1814.888869628906,50.6224141244746,5.979000897841388,11.429673819692946,-5.450672921851558,1784.5938720703125,-0.034802747612094,-1,0.0114400751614062,2783918.3,0.6261045807270997,-0.004970821942610226,0.01876328055829224,0.016393840333428923,0.0044848206071755655
2020-01-29,1824.2608642578125,1851.6508990940788,1820.366044919788,1849.9999107673195,2306761,-0.0133488625186461,-1.3348862518646198,1857.836376953125,1815.745334472656,45.47584587352795,3.248370230252021,9.79341310180476,-6.54504287155274,1817.4456787109373,-0.0037358612906756,0,0.0118464211182906,2831510.95,0.8146749353026517,-0.018072373386496365,0.004689826058470681,0.017149331429098438,-0.013912998784324978
2020-01-30,1810.0791015625,1833.066433974516,1799.1991557486583,1828.8330241962835,2098567,-0.0077739773807417,-0.7773977380741703,1857.2051147460936,1816.3223876953125,42.78427174656505,-0.0593399406220669,7.822862493319397,-7.882202433941464,1802.03564453125,-0.0044437047111955,0,0.0119307314928356,2817401.7,0.7448589954354041,-0.025374694916256657,-0.0034373226774649934,0.01871038574867957,-0.01025458441840272
2020-01-31,1760.2940673828125,1815.582437480852,1753.9863284914206,1811.3911966562785,3287223,-0.027504341736619,-2.7504341736619087,1852.2683715820312,1815.7423876953128,34.961378758392584,-6.6216302376567455,4.933963947124168,-11.555594184780912,1808.978271484375,0.0276568585917837,1,0.0124070822955928,2748974.8,1.1957996122772752,-0.04965495584242097,-0.030537547995935554,0.034991942613890506,-0.02820877641880354
2020-02-03,1780.14892578125,1858.212965750666,1772.2747417474332,1822.059685270512,4728073,0.0112792849594485,1.127928495944852,1848.3328063964843,1816.343427734375,39.696978481604816,-10.103702247849697,1.926430708129395,-12.030132955979091,1830.4837646484373,0.0282756336496379,1,0.0127853242906456,2834218.0,1.668210772777535,-0.03688939588112694,-0.01992712468383373,0.04827586206896554,-0.023001858736059907
2020-02-04,1784.5938720703125,1809.105273070461,1766.6866315922948,1802.5858634267324,3509339,0.0024969519261495,0.2496951926149515,1844.3914001464843,1816.8677954101563,40.73730451879758,-12.362096828242557,-0.9312747991449952,-11.43082202909756,1823.2449951171875,0.021658217957476,1,0.0127861288452535,2888219.1,1.2150529023230958,-0.032421278949480326,-0.017763495737761148,0.023769352871842012,-0.009981211836542969
2020-02-05,1817.4456787109373,1826.0394201725248,1781.673356529371,1790.7328145328584,2439322,0.0184085618329021,1.8408561832902184,1840.0060424804688,1818.6379931640624,47.89230520052952,-11.3699587551871,-3.0190115903534163,-8.350947164833682,1837.93505859375,0.0112737234035766,0,0.012410062424051,2750312.5,0.8869253948414952,-0.012261027001366998,-0.0006556084595212841,0.02441121853755843,0.014917280769798928
2020-02-06,1802.03564453125,1840.8558886361448,1791.1556985873144,1816.1328165775417,2640065,-0.0084789517288996,-0.8478951728899675,1836.577685546875,1819.9707470703124,45.1392695642275,-11.6923608974098,-4.7536814517646935,-6.938679445645105,1855.8843994140625,0.0298821807694151,1,0.0119396964230461,2695607.1,0.9793953280505902,-0.018807830067552822,-0.009854610338069114,0.027580026066442474,-0.007762192234848478
2020-02-07,1808.978271484375,1821.212783710414,1794.1189626603289,1811.052600816632,2083442,0.0038526579505762,0.385265795057621,1833.5302612304688,1821.0529150390623,46.62782797244718,-11.257881099216776,-6.05452138125511,-5.203359717961664,1849.322509765625,0.0223022238117571,1,0.0120033860904859,2703988.85,0.7705068754259101,-0.01339055605748063,-0.006630583578856819,0.014977416521345512,-0.0011453722168653444
2020-02-10,1830.4837646484373,1834.7595492870007,1794.1188209225454,1812.661070555055,2383032,0.0118881987158505,1.1888198715850562,1832.5380554199216,1822.9723706054688,51.0577724779006,-9.073643841399871,-6.658345873284064,-2.415297968115808,1865.4525146484373,0.0191035564889132,0,0.0121719913901858,2680945.8,0.8888773506722889,-0.001121008518982003,0.004120410250910034,0.022202179090214852,0.009832336768795304
2020-02-11,1823.2449951171875,1841.3641145292136,1818.334404725857,1831.3732252640093,1335820,-0.0039545663671264,-0.3954566367126433,1830.4848571777345,1825.29107421875,49.56645104310586,-7.836395196413378,-6.893955737909927,-0.9424394585034506,1876.035400390625,0.0289540930674785,1,0.0120440645721808,2600314.2,0.5137148426140195,-0.003955160859243301,-0.0011209604486990266,0.012631165786842797,-0.004438325314955966
2020-02-12,1837.93505859375,1850.0002777967725,1820.3664060700507,1821.297839008113,1620407,0.0080570979302856,0.8057097930285639,1828.32142944336,1827.397568359375,52.592657890841245,-5.605880280457086,-6.636340646419359,1.0304603659622726,1859.609619140625,0.0117928870476298,0,0.0120017012992793,2550300.5,0.6353788504531133,0.005258172329860367,0.005766391734796539,0.016123459633767122,0.009134815420797797
2020-02-13,1855.8843994140625,1860.1601844662648,1838.146454472581,1839.7974428802167,1645948,0.0097660364746761,0.976603647467611,1826.5528137207032,1829.398427734375,56.06186489435253,-2.362584935788391,-5.781589504293165,3.419004568504774,1826.12353515625,-0.0160359472105097,0,0.0121661559123294,2476737.2,0.6645630388238203,0.01605843831781173,0.01447796788176392,0.011861584698181663,0.008743873732459101
2020-02-14,1849.322509765625,1872.860307229109,1838.1463503591297,1852.539942232048,1500115,-0.0035357211098434,-0.3535721109843459,1825.28818359375,1830.5449340820312,54.49192909802441,-0.3180731142194872,-4.68888622627843,4.370813112058943,1791.0289306640625,-0.0315215863072744,-1,0.0120419683901721,2387690.0,0.6282704203644527,0.013167414541935152,0.010257915735354617,0.018771175220475066,-0.001736768202982094
2020-02-17,1865.4525146484373,1877.0943946331945,1854.4032708482737,1860.118375568064,1774724,0.0087221156924415,0.8722115692441523,1826.8891479492188,1831.975183105469,57.63269421313024,2.574101188080021,-3.23628874340674,5.810389931486761,1825.5732421875,-0.0213778009077079,-1,0.0110952338397387,2185546.25,0.8120276567013853,0.021108761165124834,0.018273900133417342,0.012163871021502353,0.002867634205669429
2020-02-18,1876.035400390625,1880.48048031934,1850.8889895643536,1862.6577851680308,2486223,0.0056730930747825,0.5673093074782587,1828.989715576172,1834.684016113281,59.60264014850838,5.6549340346932695,-1.458044187786738,7.112978222480008,1798.0135498046875,-0.0415886878092449,-1,0.0111443460680178,2214708.4,1.122596094366193,0.025722224905804003,0.022538695445194712,0.01577341810758201,0.0071820037631804496
2020-02-19,1859.609619140625,1888.1003784910376,1854.656448020008,1876.035163067945,1760463,-0.0087555817158779,-0.875558171587798,1828.7547485351563,1837.8685571289063,55.304408454530446,6.693929538054817,0.1723505573815731,6.521578980673244,1782.688720703125,-0.0413640033078809,-1,0.010741087141672,2214047.25,0.7951334371929054,0.01687206588537027,0.01182949777740494,0.017984382381547932,-0.008755456321223048
2020-02-20,1826.12353515625,1874.8922878199871,1821.424409341684,1866.510219822774,2317278,-0.0180070503183619,-1.8007050318361917,1827.309033203125,1839.8925659179688,47.74518902351286,4.760418693922702,1.089964184689799,3.6704545092329033,1693.49072265625,-0.0726307995853365,-1,0.0114276268176879,2226417.85,1.0408100168618393,-0.000648767135352557,-0.007483605845675645,0.02927944218939617,-0.02163753738801316
2020-02-24,1791.0289306640625,1844.8777842220093,1783.7050070141838,1825.446472803773,3092877,-0.0192180889280224,-1.9218088928022456,1824.4282165527345,1841.569484863281,41.36401534483867,0.3917403956513681,0.9503194268821128,-0.5585790312307447,1694.464599609375,-0.0539155618323173,-1,0.0121469992883414,2315090.2,1.3359639291808154,-0.018306714172498406,-0.027444283050210738,0.0341551027794645,-0.01885431463068175
2020-02-25,1825.5732421875,1842.9302225273927,1787.3456340251305,1791.1557028802288,2674567,0.0192874112371983,1.9287411237198349,1823.8736267089844,1843.086618652344,48.64036777216271,-0.2798059603342153,0.7042943494388473,-0.9841003097730626,1724.0135498046875,-0.0556316723075531,-1,0.0129333193091094,2371363.5,1.1278604060490938,0.0009318712950427965,-0.009502199347337092,0.03044774497004448,0.019215269365989152
2020-02-26,1798.0135498046875,1832.1346609134027,1788.9962646258791,1823.752593792832,2686842,-0.0150964594276091,-1.5096459427609177,1821.327197265625,1843.1148681640625,43.95405804823897,-3.001251575073411,-0.0368148354636044,-2.9644367396098064,1763.8074951171875,-0.0190243586825114,0,0.0132345797567251,2418554.4,1.110928908607555,-0.012800362008505983,-0.024470161430741766,0.02399225316862023,-0.014113232285863574
2020-02-27,1782.688720703125,1794.9232326807137,1766.347718872245,1794.9232326807137,2349001,-0.0085232000077124,-0.852320000771245,1819.2485900878903,1842.1912255859368,41.5564481801772,-6.321729502699327,-1.293797768910749,-5.027931733788578,1799.2415771484375,0.0092853318995498,0,0.0130462335323748,2420666.4,0.9703943509109724,-0.020096137264560943,-0.03229985251063505,0.016029446687247793,-0.00681617561956478
2020-02-28,1693.49072265625,1752.2080882726752,1684.8968812092892,1750.9380654978945,4298076,-0.0500356551376471,-5.003565513764718,1813.419171142578,1839.436318359375,30.96791763579391,-15.96671086281026,-4.228380387690652,-11.738330475119607,1791.9600830078125,0.058145792612972,1,0.0170095943889006,2530641.85,1.6984133886824009,-0.0661338814515593,-0.0793425650273647,0.03974701848842021,-0.03280946595064678
2020-03-02,1694.464599609375,1739.042320849433,1681.2562787259355,1722.9977395064852,2667076,0.0005750707341327,0.0575070734132765,1810.1276977539064,1835.6651977539063,31.17411482573523,-23.26367518158986,-8.035439346470493,-15.228235835119367,1669.953125,-0.0144656162277014,0,0.0160269897509416,2499634.5,1.0669863934107169,-0.06389775610198756,-0.07692067067420705,0.0341028323263991,-0.016560172566031876
2020-03-03,1724.0135498046875,1744.1646192721464,1703.5238902793974,1710.2973451115222,2757585,0.017438517276858,1.743851727685808,1807.3209289550784,1832.58896484375,37.29425990584811,-26.358375698596543,-11.700026616895704,-14.65834908170084,1654.162353515625,-0.0405166167614957,-1,0.0163471107086855,2401110.1,1.148462538223466,-0.0460944029451128,-0.059247009079485546,0.0235733234215898,0.008019777807858858
2020-03-04,1763.8074951171875,1773.3326654249663,1714.530655400164,1740.7777913593766,3237002,0.023082153453497,2.3082153453497067,1806.2816101074216,1830.159938964844,44.45728748473433,-25.308172481025167,-14.4216557897216,-10.886516691303568,1498.5001220703125,-0.150417420144395,-1,0.0172341429579416,2387493.25,1.3558161892185454,-0.023514669447201042,-0.036254997410328005,0.03333811098296498,0.013229548235347707
2020-03-05,1799.2415771484375,1818.4612166906688,1764.5276160801952,1765.9245586589109,3937056,0.0200895404568488,2.0089540456848853,1805.371405029297,1828.7116064453128,49.940837119495214,-21.370301051876368,-15.811384842152556,-5.558916209723812,1529.3616943359375,-0.1499964686455414,-1,0.0173347226656518,2462379.95,1.598882414551824,-0.003395327888645716,-0.01611518688513147,0.029975741609946177,0.018866614842724894
2020-03-06,1791.9600830078125,1798.0561520844574,1753.9865192180112,1776.3388414022,2595027,-0.0040469797013946,-0.404697970139467,1804.867626953125,1827.3482666015625,48.873041674968746,-18.62239788581951,-16.373587450885946,-2.248810434933564,1436.311279296875,-0.1984691551354087,-1,0.0172535917148762,2460128.05,1.0548341172728797,-0.007151518345476782,-0.019365867054758956,0.02459297686613374,0.008794066335497978
2020-03-09,1669.953125,1761.013706796278,1638.329574808366,1756.865047921116,4940975,-0.0680857565772465,-6.808575657724658,1797.9163696289063,1823.6030712890624,35.26659883436558,-25.99001002829777,-18.296871966368315,-7.69313806192946,1403.7987060546875,-0.1593783771297847,-1,0.0229397280630478,2603004.7,1.8981813594112984,-0.0711730794549238,-0.0842562445238979,0.0734656141847766,-0.049469891283885556
2020-03-11,1654.162353515625,1682.6109474688976,1625.6292153997167,1636.6360798789856,6796449,-0.0094558172010815,-0.9455817201081572,1789.1002990722657,1819.800556640625,33.94922646816414,-32.725835956021,-21.182664764298853,-11.543171191722148,1400.7506103515625,-0.1531964154700301,-1,0.0226695941414815,2823675.55,2.4069511102293606,-0.07542223631990475,-0.09101997607406509,0.03444748452174387,0.010708717626422684
2020-03-12,1498.5001220703125,1615.8079549068543,1488.7632790375558,1612.082533423374,8728786,-0.0941033575782209,-9.410335757822097,1772.863055419922,1813.2480517578124,24.309168235614365,-50.04774839695688,-26.95568149083046,-23.092066906126416,1395.591064453125,-0.0686747075302265,-1,0.0302029270496419,3193323.85,2.7334484098754968,-0.1547569805297926,-0.17358238955909788,0.08478122490492354,-0.07045694559562092
2020-03-13,1529.3616943359375,1540.961196063312,1275.1454310842842,1429.1145277232897,8029720,0.0205949748092024,2.059497480920247,1757.4343872070312,1807.2130932617188,28.635797375329147,-60.586810802176615,-33.68190735309969,-26.90490344907693,1532.9879150390625,0.0023710680845183,0,0.0307082334583283,3513789.5,2.285202343509764,-0.12977593617793826,-0.1537457867928047,0.17380830575493614,0.07014634913294927
2020-03-16,1436.311279296875,1559.799820917011,1418.911923898886,1485.9268208491542,7844271,-0.0608426478730826,-6.084264787308269,1736.4557312011718,1799.4852319335937,24.15288406937829,-75.57628812217763,-42.06078350691528,-33.51550461526235,1424.033935546875,-0.008547829378608,0,0.0324832566586051,3823705.65,2.0514840100204887,-0.1728488935889403,-0.20182102425285198,0.09809008607597548,-0.033390299479166594
2020-03-17,1403.7987060546875,1465.606489855648,1374.2918600754497,1464.7598078857718,5713248,-0.0226361609149957,-2.263616091499576,1714.179541015625,1790.3806274414062,22.8092535942866,-89.05250795492111,-51.45912839651645,-37.59337955840466,1452.5623779296875,0.034736940321058,1,0.032495517672162,4034362.3,1.4161464873890974,-0.1810667013194206,-0.21592164004766656,0.06504823617969703,-0.0416184971098267
2020-03-18,1400.7506103515625,1450.831867349641,1378.18651617059,1419.7163063179903,7258778,-0.0021713196414687,-0.2171319641468772,1690.9444458007813,1781.2184350585935,22.681858873514383,-98.83910938475653,-60.93512459416446,-37.90398479059205,1492.775390625,0.0656967625738467,1,0.0321992552510777,4308565.0,1.684732155601691,-0.17161642191727455,-0.21359975689591126,0.05186173087643227,-0.013358792796861654
2020-03-19,1395.591064453125,1437.4668784384946,1319.1740832641362,1330.218686442073,5135111,-0.003683415063544,-0.3683415063544082,1666.9222290039063,1771.86181640625,22.453253100098664,-105.79189069763947,-69.90647781485947,-35.88541288278,1527.44384765625,0.0944780935916873,1,0.0319699404202532,4441009.4,1.1562936570231082,-0.16277373942809514,-0.21235897092488287,0.08476178888456304,0.04914408335813041
2020-03-20,1532.9879150390625,1594.0106768146877,1387.616570988495,1390.175175606175,8547498,0.0984506522616477,9.845065226164774,1650.5911437988282,1764.4185180664062,39.84149168077325,-99.0731883667163,-75.73981992523083,-23.33336844148546,1556.05810546875,0.0150491665350798,0,0.0407178863925506,4780361.15,1.7880444032978553,-0.07124915773454499,-0.13116536731940687,0.13463518127012347,0.10273003139378838
2020-03-23,1424.033935546875,1492.5192909408574,1379.7274759540412,1381.646429328108,7003490,-0.0710729539504629,-7.1072953950462985,1630.4866638183594,1755.4871411132813,33.438415123807005,-101.37169415392556,-80.86619477096978,-20.50549938295576,1516.826171875,0.065161534435266,1,0.043012405746237,5014671.75,1.3965998871212255,-0.12662031088804038,-0.18880981683306886,0.07920584767771038,0.030678982204861118
2020-03-24,1452.5623779296875,1509.5765916570176,1392.6057066848948,1409.8337053945918,6350865,0.0200335411050838,2.003354110508382,1613.5633361816406,1747.139853515625,36.32409325808133,-99.74151161303712,-84.64125813938327,-15.10025347365385,1557.42236328125,0.0721896607986072,1,0.0435327399929238,5177571.15,1.2266108598044083,-0.0997797574112883,-0.16860554980368836,0.08052727149579587,0.030307597535509753
2020-03-25,1492.775390625,1543.691585245777,1432.818708957407,1449.8760745402328,2765520,0.0276841898883732,2.768418988837329,1596.9234436035156,1739.9888037109374,40.25590279095523,-94.1197720100024,-86.5369609135071,-7.5828110964953055,1457.338134765625,-0.0237391747492152,-1,0.0438643139397553,5182118.8,0.5336658819940601,-0.0652179372753785,-0.14207758840671636,0.074272979702559,0.029588264016544234
2020-03-26,1527.44384765625,1562.496804475078,1469.107761856149,1562.1129514230572,4556067,0.0232241616849906,2.322416168499064,1583.3949584960938,1733.2515014648438,43.49523149162703,-85.87711025573026,-86.40499078195174,0.5278805262214803,1410.814208984375,-0.0763560891949216,-1,0.0444215489314058,5275580.05,0.8636144190438357,-0.03533616836382125,-0.1187407907246335,0.06114073703084256,-0.022193724042313505
2020-03-27,1556.05810546875,1577.806245610955,1492.8605896422032,1552.2201983848315,4331250,0.0187334269972716,1.8733426997271647,1572.063427734375,1726.748591308594,46.09321336410859,-76.15790899590775,-84.35557442474295,8.197665428835208,1514.011474609375,-0.0270212472860765,-1,0.0447945289122021,5374692.5,0.8058600561799582,-0.010181091922411456,-0.09885080358483944,0.05459028533074137,0.0024725274725274347
2020-03-30,1516.826171875,1624.714004735381,1504.0758332718217,1506.1653188255552,8513547,-0.0252123834295582,-2.5212383429558227,1563.2302001953126,1719.25998046875,43.162966482799206,-70.80486671154927,-81.64543288210423,10.840566170554965,1454.5234375,-0.0410744062373248,-1,0.0438383693114415,5585466.05,1.5242321632229776,-0.029684705627178176,-0.11774473371883942,0.07953328713628033,0.007078142695356746
2020-03-31,1557.42236328125,1582.070271349587,1518.105166038957,1567.0598141253336,3927593,0.0267639048949608,2.676390489496084,1556.3780883789063,1712.9161254882813,46.92309815067705,-62.56555202659251,-77.82945671100188,15.263904684409368,1506.293212890625,-0.032829341350219,-1,0.0443878307741557,5648491.9,0.6953348025514562,0.0006709647932858775,-0.09077721897369984,0.04107113575527804,-0.006150021050385225
2020-04-01,1457.338134765625,1564.799498324056,1451.5812760035662,1557.2516376579952,4941878,-0.0642627400731313,-6.426274007313138,1543.0443176269532,1705.3942236328126,39.91262981868385,-63.38117781567507,-74.93980093193653,11.558623116261458,1500.407958984375,0.0295537618835979,1,0.0461087577555638,5757706.55,0.8583066811558849,-0.055543565328788236,-0.14545381087240994,0.07768836869056334,-0.0641601527179214
2020-04-03,1410.814208984375,1483.9903252891293,1407.2322050155535,1483.9903252891293,5735369,-0.0319239061075775,-3.192390610757756,1525.3946533203125,1696.930026855469,37.135209413995504,-67.00921856385185,-73.35368445831959,6.344465894467746,1479.85400390625,0.0489361352346853,1,0.0458379683383845,5882624.9,0.9749676543204376,-0.0751152785848117,-0.1686079056549472,0.05440696569737047,-0.04931037288972702
2020-04-07,1514.011474609375,1523.094541087107,1454.14017305764,1458.4045137410935,5427577,0.0731473109413112,7.314731094131122,1511.1331481933594,1689.9240771484374,46.095689733620766,-60.85580230742221,-70.85410802814012,9.998305720717909,1463.564453125,-0.0333201051183517,-1,0.0490964728400023,5957150.95,0.9111028150126026,0.0019047470565096702,-0.1040949738025484,0.045544151537727146,0.03812862641630114
2020-04-08,1454.5234375,1540.27934171858,1450.728217200058,1501.0474205009418,6285615,-0.0392916685949974,-3.929166859499744,1494.261315917969,1681.9137890625,42.34848178479388,-60.0867207100282,-68.70063056451774,8.613909854489535,1540.4501953125,0.0590755402059308,1,0.0495981143531953,6141680.35,1.0234357116941133,-0.026593660690169663,-0.13519738826164662,0.061567330033842856,-0.030994345925071082
2020-04-09,1506.293212890625,1517.0820165904263,1476.4854064262772,1492.9031195012265,5307397,0.0355922593310737,3.5592259331073794,1486.0783203125,1675.066748046875,46.42981407916992,-54.66963229674889,-65.89443091096396,11.224798614215077,1551.068603515625,0.029725547617037,1,0.0485267065422677,6160001.45,0.8615902192685361,0.013602844683094695,-0.10075630439983341,0.02695133312473929,0.008969164317824003
2020-04-13,1500.407958984375,1524.075044879965,1489.107458511706,1501.9004779147276,2990438,-0.0039071104190637,-0.3907110419063775,1478.3906005859376,1668.3416064453124,46.030868202984585,-50.27193789941634,-62.76993230865444,12.497994409238096,1481.986083984375,-0.0122779107440017,0,0.0485098615390987,5969700.9,0.5009359849167653,0.014892788407685487,-0.10065902978871866,0.023305385817820153,-0.0009937535491198882
2020-04-15,1479.85400390625,1545.3968921123296,1473.58544461949,1522.369454978205,4761399,-0.0136989109895404,-1.3698910989540458,1477.4582946777343,1660.95984375,44.5898549425541,-47.89318300290165,-59.794582447503885,11.901399444602234,1509.1502685546875,0.0197967262791509,0,0.0437228085295822,5771331.55,0.8250087451655762,0.0016215071769847267,-0.10903685632451032,0.04852603520569239,-0.02792715719100117
2020-04-16,1463.564453125,1505.2270420759608,1428.5968584332818,1458.3618740414963,6245533,-0.0110075390803766,-1.100753908037666,1474.1684326171876,1653.7459155273436,43.42947092663277,-46.78314623173901,-57.19229520435091,10.409148972611902,1601.8995361328125,0.0945192968525845,1,0.0435204253975553,5682122.2,1.0991549952938358,-0.00719319397808682,-0.11500041246765458,0.05235859854279621,0.0035674129830931415
2020-04-17,1540.4501953125,1579.4689077146468,1495.0776577259724,1535.1624551664293,9895823,0.0525332123387758,5.253321233877584,1479.3753784179687,1648.3533374023436,50.03829667251022,-39.246982476050334,-53.6032326586908,14.356250182640466,1550.9835205078125,0.0068378226231298,0,0.0427338313579664,5784699.8,1.710689118214916,0.04128419181874188,-0.06546117245704686,0.0547834978667094,0.0034444173177082386
2020-04-20,1551.068603515625,1560.7486357074638,1537.2947627665046,1560.7486357074638,3244282,0.0068930551831121,0.6893055183112118,1486.7388732910156,1644.168828125,50.89157044323122,-32.04826910737188,-49.292239948427024,17.243970841055145,1566.37744140625,0.0098698651084332,0,0.0422593323483988,5661251.5,0.5730679868223484,0.04326901743156175,-0.056624491972363855,0.01512110611213394,-0.0062021724513319715
2020-04-21,1481.986083984375,1530.5568743820374,1473.4999850160173,1505.3120026942368,5122541,-0.0445386615232032,-4.453866152320329,1490.8006469726563,1638.2055712890624,45.45274958087685,-31.553885329761897,-45.744569024694,14.190683694932105,1585.5242919921875,0.0698644940912307,1,0.0437188094214282,5554439.65,0.9222426244202688,-0.005912636948596006,-0.09536012454271059,0.03850028686681092,-0.015495736875885244
2020-04-22,1509.1502685546875,1526.63406652325,1466.2083758294884,1481.986437410874,3829836,0.0183295814069188,1.8329581406918871,1496.4786071777344,1632.69669921875,47.8144372425004,-28.64001567696846,-42.32365835514889,13.683642678180432,1625.2684326171875,0.0769427448558228,1,0.0437995602908207,5489175.9,0.6977069180821842,0.00846765287266682,-0.07567016624899148,0.04003954540036052,0.01832933855404941
2020-04-23,1601.8995361328125,1620.449417624035,1501.7727986639625,1518.1052438793593,5934366,0.0614579406111432,6.145794061114329,1499.9241882324218,1628.3857763671874,54.9814702366163,-18.631885450718983,-37.58530377426292,18.953418323543936,1718.06005859375,0.0725142369048708,1,0.0402770792857283,5358519.3,1.1074637726881007,0.0679870014100934,-0.01626533504453953,0.07408493247121657,0.05519662921348305
2020-04-24,1550.9835205078125,1579.4692353525088,1541.8151872765093,1569.874468017424,2987102,-0.0317847745607803,-3.1784774560780327,1506.2716674804688,1623.3647338867188,50.85260380852075,-14.640105061768963,-32.99626403176413,18.356158969995164,1646.4193115234375,0.0615324339386778,1,0.0373255063719953,5157699.9,0.5791538976511603,0.02968379077469674,-0.04458715399441293,0.024277529437367003,-0.012033412794762331
2020-04-27,1566.37744140625,1599.1275953816398,1556.4841928381295,1562.7101712534295,3374741,0.009925263998548,0.9925263998548096,1511.962420654297,1618.5127172851562,52.02561834231322,-10.117797904035116,-28.42057080621833,18.30277290218321,1648.380615234375,0.0523521162016382,1,0.0371784945002322,5008893.7,0.6737497743264146,0.03598966482804844,-0.03221184197202742,0.027224219026817868,0.002346737239112626
2020-04-28,1585.5242919921875,1593.1574189239216,1562.9658709981445,1590.5988149320738,2678505,0.0122236506220032,1.2223650622003257,1516.5998657226562,1613.6135278320312,53.5118215343765,-4.931993127968781,-23.722855270568424,18.790862142599643,1623.5196533203125,0.0239639099318904,1,0.0368286847355645,5004542.95,0.5352147092673067,0.045446678341019675,-0.017407660109036716,0.019041996441342333,-0.003190322344168835
2020-04-29,1625.2684326171875,1631.1532444770737,1577.8489778293676,1598.27513116481,4241510,0.0250668758755263,2.506687587552636,1521.4910949707032,1609.6539965820311,56.522690859823285,2.357637138213704,-18.506756788812,20.864393927025706,1613.327880859375,-0.0073468182351787,0,0.0368824713921096,4988815.1,0.8502038890958297,0.06820765365602255,0.00970049219789626,0.03279720788145108,0.016889020498432526
2020-04-30,1718.06005859375,1733.0279350110477,1656.4403399399368,1688.6787949418672,5915544,0.0570931078918077,5.709310789180777,1529.5911926269532,1607.256496582031,62.61120360701234,15.444199252148335,-11.716565580619932,27.16076483276827,1614.8206787109375,-0.0600906699194875,-1,0.038657251825668,5068029.8,1.1672275486620067,0.12321518774118734,0.06893956393852019,0.04457794981497829,0.01739896523832069
2020-05-04,1646.4193115234375,1676.738816507597,1632.0911887821817,1676.738816507597,3729348,-0.0416986278867056,-4.169862788670564,1536.070849609375,1603.0671948242189,56.08135563672423,19.806270096464004,-5.411998445203146,25.21826854166715,1650.5555419921875,0.0025122582320311,0,0.039516653530767,4828819.85,0.7723104435134395,0.07183813294948216,0.027043231150377434,0.027118017514081938,-0.018082425650114437
2020-05-05,1648.380615234375,1686.120023965003,1643.476624269378,1667.4421940763468,2905528,0.0011912540731331,0.1191254073133141,1540.6187622070313,1599.0483569335938,56.21598383706718,23.154591765145145,0.3013195968665112,22.85327216827863,1662.6661376953125,0.0086663979962577,0,0.0391824322360993,4777716.6,0.6081415544823232,0.06994712492853727,0.030851010907126497,0.025869874531108686,-0.011431627980681322
2020-05-06,1623.5196533203125,1666.248323228811,1614.9909725357868,1654.3935402262186,3517431,-0.0150820518539813,-1.508205185398137,1548.9278381347656,1594.2096997070312,53.958100351343,23.53084007919915,4.94722369333304,18.58361638586611,1662.79443359375,0.0241911332536783,1,0.0361254943616517,4706494.25,0.7473569100822762,0.04815706280763288,0.018385256104430647,0.03157174635255944,-0.018661754990704636
2020-05-07,1613.327880859375,1649.830571233355,1606.2490343422685,1628.9779888834803,3166754,-0.0062775787407894,-0.6277578740789491,1559.0535217285155,1588.9555493164062,53.017984448597865,22.74444491436111,8.506667937538655,14.237776976822456,1622.4537353515625,0.0056565404964838,0,0.0351495083558182,4578063.5,0.6917234765310704,0.034812377108571546,0.015338586125618336,0.027013440608161913,-0.009607317060700159
2020-05-08,1614.8206787109375,1654.1378821039598,1608.7226502287158,1653.7967140002902,2686530,0.0009252910516659,0.0925291051665944,1564.0939819335938,1584.0597705078126,53.1467502195867,21.988210982326336,11.202976546496192,10.785234435830144,1614.394287109375,-0.0002640488861604,0,0.0315556663526846,4441011.15,0.6049365581980131,0.03243200048288242,0.019419032523793955,0.028124009355328293,-0.023567609585506685
2020-05-11,1650.5555419921875,1664.286696468931,1628.1250711335667,1628.1250711335667,2449841,0.0221293074533674,2.2129307453367497,1573.8955871582032,1580.5484106445313,56.238715816793736,23.995786471318297,13.761538531460614,10.234247939857685,1659.340087890625,0.005322175276716,0,0.030107273954289,4249222.45,0.5765386559133895,0.048707141350081695,0.0442929371072589,0.021908760060093433,0.013776872094355602
2020-05-12,1662.6661376953125,1668.6362135936797,1629.191069265181,1648.9349839510398,3256595,0.0073372845657213,0.7337284565721358,1581.7142333984375,1577.981154785156,57.2679327006353,26.261304400876725,16.261491705343836,9.999812695532889,1661.941650390625,-0.0004357382930115,0,0.0293366087086507,4146682.35,0.7853495216483124,0.05117985448164264,0.053666663035457196,0.02372403180302636,0.008327286325972186
2020-05-13,1662.79443359375,1700.6191157730443,1642.3255976967826,1700.6191157730443,2656665,7.716275416269625e-05,0.0077162754162696,1589.8335571289062,1574.7255786132812,57.27939538105396,27.74724314213404,18.55864199270188,9.18860114943216,1666.1630859375,0.0020258982563885,0,0.0292838796533845,4129993.7,0.6432612718029085,0.045892147726837695,0.05592647771557946,0.035057561475157005,-0.02224171293176396
2020-05-14,1622.4537353515625,1640.1507498024264,1612.8589684806122,1628.9781976457857,2263146,-0.024260784993729,-2.426078499372908,1596.9635437011718,1571.2143823242188,52.50973527635608,25.37717086434509,19.922347767030523,5.454823097314566,1698.23095703125,0.0467053204837719,1,0.0297410326018326,4005081.05,0.5650687144021718,0.015961661586409104,0.032611306008762275,0.016821300186966752,-0.004005248384326092
2020-05-15,1614.394287109375,1635.2895586630975,1590.7697747643338,1634.0955223237638,3173682,-0.0049674441043098,-0.4967444104309826,1604.5050354003906,1567.8484936523437,51.58554036373051,22.58815915314653,20.455510044253728,2.1326491088928066,1723.092529296875,0.0673306657830954,1,0.0295999768518654,3851488.5,0.8240144037818106,0.0061634282789997386,0.029687685797115337,0.027576772449113326,-0.01205635468994658
2020-05-18,1659.340087890625,1665.6086473518733,1596.6542850584003,1626.4194013748595,3727694,0.0278406589642528,2.7840658964252807,1610.449530029297,1567.1654809570311,56.213913562122094,23.731041103810185,21.110616256165024,2.620424847645161,1657.122802734375,-0.001336245156994,0,0.0279991051114751,3543082.05,1.0521049039775978,0.030358329739422985,0.05881612889872034,0.04155529224941987,0.02024120376818962
2020-05-19,1661.941650390625,1677.1226419910054,1623.008195965995,1623.008195965995,3198693,0.0015678295962264,0.1567829596226477,1615.993182373047,1566.5150219726563,56.47329500262423,24.563554271950125,21.801203859322044,2.7623504126280807,1710.2564697265625,0.029071309046609,1,0.0279964067726787,3540802.6,0.9033807758726792,0.028433577888060002,0.0609165102660818,0.03256097830648346,0.02398845213560821
2020-05-20,1666.1630859375,1674.0948008476576,1647.485253875746,1663.0927816241688,2778505,0.0025400624299192,0.2540062429919221,1625.2020324707032,1565.3580126953125,56.91925566149365,25.272634327400965,22.49548995293783,2.777144374463134,1709.40380859375,0.0259522750331007,1,0.0255916349120365,3423600.8,0.8115738844318532,0.025203668619910635,0.06439745567764166,0.01597055366098166,0.0018461413261217992
2020-05-21,1698.23095703125,1704.0305018848192,1655.54497013815,1659.6813596936229,3400908,0.0192465379676241,1.92465379676241,1634.6560668945312,1564.0464819335937,60.25092882755905,28.098294921601337,23.616050946670534,4.482243974930803,1682.154296875,-0.0094667101018781,0,0.0256153538445884,3402154.4,0.9996336439051678,0.03889190602491466,0.08579315042591773,0.028550611179193726,0.0232271074881165
2020-05-22,1723.092529296875,1733.0284662763954,1672.6880312424116,1686.2059736047224,3663418,0.0146396885315802,1.4639688531580264,1640.7157165527344,1562.5235009765624,62.661808921077245,31.97518240637669,25.287877238611763,6.687305167764926,1744.3287353515625,0.0123244722460453,0,0.0222161050281267,3288607.0,1.1139725725816432,0.05020785253232063,0.10276263251078044,0.03501868530450092,0.021875474449481135
2020-05-26,1657.122802734375,1726.2051223542846,1641.7711761521728,1718.5293090631835,4575317,-0.0382856552627615,-3.828565526276151,1646.0226806640626,1559.8267553710937,53.40554453511404,29.385698032980144,26.10744139748544,3.278256635494703,1745.9490966796875,0.0536027226218494,1,0.0228052287080664,3368017.75,1.3584598834136192,0.0067436021390874235,0.062376188271071165,0.05095213587236241,-0.0357320099255583
2020-05-27,1710.2564697265625,1714.2649082162516,1655.6302254103475,1670.76863442569,3482160,0.0320638077663966,3.2063807766396613,1653.2166320800782,1560.632822265625,58.6975299308148,31.26060310695516,27.138073739379383,4.122529367575773,1750.22607421875,0.0233705325485935,1,0.0236519331735138,3373388.7,1.0322439273007584,0.034502337164801444,0.09587370285069596,0.03428414617561928,0.023634532326761166
2020-05-28,1709.40380859375,1717.6765886528392,1681.259157439061,1695.9284491242158,3475681,-0.0004985574666171,-0.0498557466617199,1659.4106079101562,1561.7376513671877,58.58254419047052,32.30528108757221,28.171515209017954,4.133765878554257,1789.0599365234375,0.0465987776142939,1,0.0236090870621992,3413247.5,1.018291524420658,0.03012708273966913,0.09455247307208814,0.02130417109795559,0.007945712259554876
2020-05-29,1682.154296875,1707.9962407301268,1673.6683013241882,1690.3844944738016,7237735,-0.0159409447795526,-1.5940944779552657,1662.254901123047,1565.4107348632813,54.88235572173522,30.58185941291231,28.653584049796827,1.9282753631154816,1752.022216796875,0.0415347867027842,1,0.0234664315636787,3563058.75,2.0313263147850145,0.01197132626200026,0.07457695249669727,0.0204071288048373,-0.004868831692261585
2020-06-01,1744.3287353515625,1756.908541657117,1689.6172179532232,1697.2077659697393,3747773,0.0369611982634805,3.6961198263480544,1663.5683349609376,1569.7100756835937,60.943888390645256,33.84287331365476,29.69144190256841,4.1514314110863495,1772.1236572265625,0.0159344516384396,0,0.0213107841561589,3454670.2,1.084842483661682,0.04854648810835971,0.11124261885872411,0.03857720298939609,0.027763819095477416
2020-06-02,1745.9490966796875,1774.8186634393649,1739.8937534889687,1757.0789638427254,2443886,0.0009289311672082,0.0928931167208269,1668.54482421875,1575.90283203125,61.09060362413628,36.14138455763487,30.981430433581703,5.1599541240531615,1772.38037109375,0.0151386283049874,0,0.0188021738677374,3390397.1,0.720825887917377,0.046390286516384105,0.10790402884755101,0.02000339529761414,-0.006334301071305847
2020-06-03,1750.22607421875,1765.2806576112569,1727.8579907327626,1755.1017757530449,3699799,0.0024496576373251,0.2449657637325186,1673.6370971679687,1582.8313793945313,61.50169428079058,37.87152821848304,32.35944999056197,5.512078227921066,1803.7723388671875,0.0305939132305173,1,0.0187975312518756,3430110.65,1.078623804745191,0.04576199773557876,0.1057564924497838,0.021381618883262652,-0.0027780164100186756
2020-06-04,1789.0599365234375,1796.287814773662,1750.7390880419011,1750.7390880419011,4048593,0.0221879121084525,2.21879121084525,1681.914111328125,1590.5975659179687,65.10653071885699,41.89332747315712,34.266225487081,7.627101986076113,1768.6160888671875,-0.0114271451944629,0,0.0187402021884077,3456668.75,1.1712412420195022,0.06370469483171437,0.12477220816752088,0.02545958679297946,0.021888383450897858
2020-06-05,1752.022216796875,1794.5771321078207,1745.2220258653117,1789.1028144749243,3573289,-0.0207023358862618,-2.07023358862618,1688.848828125,1597.7261889648437,59.394284244010855,41.6123170252913,35.73544379472307,5.876873230568236,1744.5374755859375,-0.0042720583901164,0,0.019462094494648,3476995.5,1.027694456320119,0.03740618320587741,0.09657225931309221,0.028170365517819866,-0.020725805905644365
2020-06-08,1772.1236572265625,1792.01113159872,1763.8693696758032,1777.6835962983484,2957841,0.011473279412197,1.1473279412197002,1696.7139770507813,1602.5089038085937,61.37498413091465,42.521471414940606,37.092649318766576,5.428822096174031,1736.325927734375,-0.0202004692766261,-1,0.0195083529429394,3490561.05,0.847382686516828,0.04444454468799619,0.10584325180025833,0.015880247299987948,-0.0031276314206663937
2020-06-09,1772.38037109375,1792.4388794215986,1762.286901134979,1764.724804188766,2909439,0.0001448622764785,0.0144862276478585,1702.805218505859,1609.4758325195312,61.400879121247605,42.76967528894375,38.22805451280201,4.541620776141734,1749.9266357421875,-0.0126686887971492,0,0.0190979083474259,3513540.95,0.8280646337706694,0.04085913751717318,0.10121589605927928,0.01701213733709576,0.0043381080646753825
2020-06-10,1803.7723388671875,1823.659811008817,1773.620364975039,1776.6569885092654,5168397,0.0177117554930181,1.7711755493018178,1709.860528564453,1616.5000317382812,64.53225070731683,44.98093586401865,39.57863078304534,5.402305080973306,1751.636962890625,-0.0289035233843893,-1,0.0193401092710461,3609131.05,1.4320336192835117,0.0549236670090163,0.11585048156635391,0.027741553052756177,0.015262006416147738
2020-06-11,1768.6160888671875,1800.564429619036,1763.612270264472,1796.2875544892995,2269513,-0.019490403108232,-1.9490403108232024,1715.151611328125,1622.016845703125,58.78099335164041,43.39631453834795,40.34216753410586,3.0541470042420897,1743.3399658203125,-0.0142914695879898,0,0.0200448890399447,3589773.45,0.6322162196614385,0.03117186678188899,0.09038083886268988,0.02089326201834571,-0.015404808407738066
2020-06-12,1744.5374755859375,1752.834572095224,1720.1592858069723,1720.330319056604,2842642,-0.0136143810026474,-1.3614381002647449,1721.2557983398438,1626.3587182617186,55.15533304759583,39.73945614920876,40.22162525712644,-0.4821691079176773,1748.9000244140625,0.0025006908072637,0,0.0194061862427905,3618748.25,0.7855318479255914,0.013525983336438951,0.0726646317305264,0.018730056960958728,0.0140712258925997
2020-06-15,1736.325927734375,1761.2173221373507,1711.5627560630369,1744.1953368488598,2399022,-0.0047070057057986,-0.4707005705798628,1727.3523803710937,1629.9640747070312,53.933568313936206,35.766472612303005,39.33059472816176,-3.564122115858752,1734.657958984375,-0.0009606311369066,0,0.019400070841776,3580015.25,0.6701150225547223,0.00519497206548758,0.0652541087732017,0.028597491566059275,-0.0045117705272059985
2020-06-16,1749.9266357421875,1774.0053642245175,1737.2670409448092,1766.3497979079425,2146528,0.0078330385963649,0.7833038596364972,1731.8817077636718,1634.626083984375,55.68452985460286,33.33109785766055,38.13069535406152,-4.799597496400963,1740.945068359375,-0.0051325393872887,0,0.0185957313842632,3500956.95,0.6131260768573575,0.01041926125648418,0.07053634643879492,0.02099420771667189,-0.009297797177663523
2020-06-17,1751.636962890625,1761.0888983860686,1733.4602441808431,1750.0972461276745,2703527,0.0009773707728679,0.0977370772867969,1736.366473388672,1638.5103759765625,55.91147451253271,31.17963549640376,36.740483382529966,-5.560847886126204,1746.846923828125,-0.0027346072068468,0,0.0185983016495186,3476198.65,0.7777251164860789,0.00879450838056739,0.0690423378287357,0.015773048177535352,0.0008797892610581372
2020-06-18,1743.3399658203125,1761.388359499441,1732.305606176288,1749.2420748778984,1944389,-0.0047367104292093,-0.4736710429209312,1740.2253173828126,1644.230412597656,54.45458869374173,28.47682464369745,35.087751634763464,-6.610926991066009,1724.52197265625,-0.010794218874692,0,0.0186745921573986,3434492.85,0.566135695987837,0.0017897960720305583,0.0602771682504506,0.016682204213375292,-0.0033740950680013148
2020-06-19,1748.9000244140625,1787.7340774093918,1738.1223183233894,1746.6760698899416,5681758,0.0031893140195027,0.3189314019502731,1742.758770751953,1650.99212890625,55.29525056510344,26.478253012802725,33.36585191037132,-6.887598897568594,1812.4119873046875,0.0363153765246835,1,0.0182540894537791,3548535.35,1.6011558120732825,0.003523869031776261,0.05930246049850929,0.028367407166469634,0.0012732495523689513
2020-06-22,1734.657958984375,1755.4436164800434,1727.1307204644606,1753.5190224310336,3196138,-0.0081434417238681,-0.8143441723868161,1743.3370422363282,1655.40505859375,52.61623766985233,23.474554885798625,31.387592505456784,-7.913037619658159,1797.6988525390625,0.0363419734871521,1,0.0181097587691495,3525171.35,0.9066617428398196,-0.004978431044417975,0.04787523149044226,0.016321889781752513,-0.010756121379573116
2020-06-23,1740.945068359375,1748.3867903287544,1719.3040354994112,1733.8454129140828,4205944,0.0036244086867021,0.3624408686702107,1747.5281555175782,1661.1334912109376,53.68305389617285,21.355249638022546,29.38112393196993,-8.025874293947396,1781.0194091796875,0.0230187279016664,1,0.0156436420628163,3506702.7,1.1994013635658365,-0.0037670850323172633,0.0480464559716125,0.016705153630579582,0.0040947453518129975
2020-06-24,1746.846923828125,1765.7079858625095,1737.7799689815522,1739.8328900299598,2560937,0.0033900296890536,0.3390029689053664,1749.3576782226562,1665.9445654296876,54.71379184847994,19.922263915613712,27.489351928698696,-7.567088013084984,1789.4876708984375,0.0244101223116146,1,0.0140306424056428,3460641.55,0.7400179888610539,-0.001435243590140023,0.04856245524446412,0.015987672703315366,0.004031441087450887
2020-06-25,1724.52197265625,1762.0729659695623,1718.6626732399725,1740.6885853145918,3043931,-0.0127801416754658,-1.2780141675465817,1750.1135864257812,1670.426845703125,50.1659627766804,16.791612171632778,25.349803977285514,-8.558191805652736,1845.1724853515625,0.0699617138014638,1,0.0143713081901971,3439054.05,0.8851070543657201,-0.014622830179723656,0.03238401435673466,0.02517236278684566,-0.00928748128455157
2020-06-26,1812.4119873046875,1823.6600886527071,1727.8152471989367,1732.1349341096304,6300722,0.0509648563729587,5.096485637295878,1756.6264709472655,1677.0780053710937,63.15152021542172,21.15863419976654,24.51157002178172,-3.35293582201518,1881.5257568359373,0.0381335866322709,1,0.0177284673270595,3392203.4,1.857412795470932,0.03175718758657875,0.0806962952827277,0.05288248043222514,0.04634572723765421
2020-06-29,1797.6988525390625,1819.8960016857504,1788.8458462565998,1803.130567525189,3076341,-0.0081179857938953,-0.8117985793895333,1759.2949768066403,1683.760693359375,60.31796571123737,23.165268808029168,24.24230977903121,-1.0770409710020417,1935.884765625,0.0768682212211262,1,0.0160917308515701,3358631.8,0.9159506558593294,0.021829128280767662,0.06766885557374702,0.017272167351776162,-0.0030123802923387737
2020-06-30,1781.0194091796875,1806.466821665913,1774.946370490481,1796.287940204158,3071725,-0.0092782188383871,-0.9278218838387198,1761.0484924316406,1688.5720776367189,57.18544268518071,23.14287287634147,24.022422398493266,-0.8795495221517946,1941.6160888671875,0.0901712125425229,1,0.0162759159145973,3390023.75,0.90610722122522,0.011340355949239767,0.05474882166259398,0.017697982971420688,-0.008500046502976144
2020-07-01,1789.4876708984375,1808.2203036382573,1778.7526707201755,1778.923703988262,2503466,0.0047547273629378,0.4754727362937805,1763.011572265625,1693.340458984375,58.36760307550149,23.53712061253964,23.92536204130254,-0.3882414287629032,1897.9915771484373,0.0606340619242846,1,0.0162939874102798,3330207.1,0.7517448389320892,0.015017541035643012,0.056779610623447496,0.016467077922524692,0.0059384035900423866
2020-07-02,1845.1724853515625,1851.88726404492,1794.5771270051923,1797.998627723982,3758699,0.0311177413282583,3.11177413282584,1765.8171997070312,1700.6041870117188,65.1766021981916,28.01986833245905,24.744263299533845,3.2756050329252098,1885.546630859375,0.0218809600881946,1,0.0170052161167927,3315712.4,1.1336022388431517,0.044939694583163714,0.08500996260268967,0.03105950120907435,0.026236870762963837
2020-07-03,1881.5257568359373,1886.1020971576845,1847.824061399042,1850.732253208873,4185208,0.0197018282967991,1.970182829679912,1772.2923767089844,1708.0516967773438,68.76784835063083,34.112653948443494,26.617941429315778,7.494712519127717,1900.9427490234373,0.0103198120551655,0,0.016601393672321,3346308.35,1.2506940670903803,0.06163395022315177,0.10156253489627676,0.020344146562741028,0.01663855134835046
2020-07-06,1935.884765625,1941.6157366765628,1886.101979629705,1886.101979629705,5190366,0.0288909192933268,2.889091929332688,1780.4804321289062,1714.7314013671876,73.21584711210893,42.83378692478459,29.861110528409544,12.972676396375046,1898.932861328125,-0.0190878635717478,0,0.0174649769905649,3457934.6,1.5010017829718352,0.08728224735965129,0.1289725983215113,0.028676168144200043,0.026394535678854813
2020-07-07,1941.6160888671875,1969.6724372790973,1909.325674968736,1945.978585933223,5630055,0.0029605704554098,0.2960570455409872,1788.9422180175782,1722.544052734375,73.64207516054427,49.63564866716615,33.816018156160865,15.819630511005286,1857.8321533203125,-0.0431516487874581,-1,0.0174387436840029,3593965.4,1.5665301062720305,0.08534309789993966,0.12717935183431517,0.03108068719474297,-0.0022418011675824426
2020-07-08,1897.9915771484373,1945.4648914788727,1888.32600634119,1941.701324866476,2793358,-0.0224681449483674,-2.2468144948367463,1793.6531799316406,1729.1763354492186,65.14437520168167,50.91907617816673,37.23662976056204,13.682446417604694,1910.8223876953125,0.0067602041554644,0,0.0181617940482744,3475213.45,0.8037946561239281,0.058170887429181306,0.09762754569236143,0.03010492028817581,-0.022511056236233673
2020-07-09,1885.546630859375,1919.889865708541,1874.170097574213,1906.6315485249893,3443998,-0.0065569028013072,-0.6556902801307274,1799.49970703125,1735.1767822265624,62.914040293410345,50.35157693235124,39.85961919491988,10.491957737431356,1915.837890625,0.0160649751482513,0,0.0175499116167678,3533937.7,0.9745497211227012,0.047817136891943335,0.08665967074539771,0.024247487379026152,-0.011058726937528136
2020-07-10,1900.9427490234373,1924.4655619471416,1861.2960335265864,1886.3157527272533,9610320,0.0081653340798286,0.8165334079828668,1807.319970703125,1740.6902685546877,64.53187547598145,50.56132823794951,41.99996100352581,8.561367234423706,1886.6898193359373,-0.00749782164393,0,0.0171121131309918,3872321.6,2.481797999422362,0.05180199402316621,0.0920626049123654,0.03323063172365767,0.00775426716075297
2020-07-13,1898.932861328125,1920.274429872632,1890.379109700521,1898.932861328125,2963503,-0.001057311008627,-0.1057311008627048,1815.4503173828125,1744.307724609375,64.13851664525322,49.98913291207782,43.59779538523621,6.39133752684161,1892.8192138671875,-0.0032195174381581,0,0.0170287022744619,3900545.65,0.7597662650096147,0.045984482828294926,0.08864556095076459,0.015743221248592263,0.0
2020-07-14,1857.8321533203125,1915.1851031557253,1851.8873373524543,1890.379221962552,2976738,-0.0216441080381675,-2.164410803816752,1820.8455932617187,1748.5359814453125,56.54764981905232,45.69246604460841,44.01672951711065,1.6757365274977616,1907.52197265625,0.0267461294859883,1,0.0179849120637195,3942056.15,0.7551231861575589,0.020312848159925068,0.06250724779747308,0.03407076666756218,-0.01721721666431027
2020-07-15,1910.8223876953125,1933.1477617509145,1865.6587486455223,1868.99462806449,5569321,0.028522616685418,2.8522616685418,1828.804864501953,1753.784816894531,62.68022277949533,46.03256094423091,44.419895802534704,1.6126651416962048,1878.2880859375,-0.0170263348217585,0,0.0188441291205624,4085345.85,1.3632434570992318,0.04484760773845364,0.08954209734741103,0.03531935439943856,0.022379818006293014
2020-07-16,1915.837890625,2000.067031582112,1903.278616431416,1923.767860638774,8582118,0.0026247876108134,0.2624787610813417,1837.429760742188,1759.631181640625,63.20948230532596,46.174526572864806,44.77082195660073,1.4037046162640792,1861.356689453125,-0.0284372709395061,-1,0.018725222567693,4417232.3,1.9428722369887588,0.04267272227654617,0.08877241470495689,0.05052014871629921,-0.004122103386809305
2020-07-17,1886.6898193359373,1923.6819726733424,1877.516815158558,1917.7667276403463,4509135,-0.0152142680921473,-1.521426809214732,1844.319250488281,1765.0984204101562,58.056479751821726,43.43434550588222,44.50352666645704,-1.0691811605748145,1849.5260009765625,-0.0196978952122905,0,0.0192579606974113,4358601.15,1.0345371932001624,0.022973554516897643,0.06888646974004242,0.024468864485118827,-0.01620473848904793
2020-07-20,1892.8192138671875,1909.107798791396,1878.159613015568,1886.9039693779807,2952646,0.0032487558200784,0.3248755820078441,1852.227313232422,1770.6583911132811,58.81678984732851,41.28145625070079,43.85911258330579,-2.5776563326050024,1891.87646484375,-0.0004980660680802,0,0.0190480587420289,4346426.55,0.6793272510264783,0.02191518305813478,0.06899175095942645,0.01635031256503261,0.0031348942952071565
2020-07-21,1907.52197265625,1919.181044963241,1887.0325213773183,1911.765535909535,2665286,0.0077676508571695,0.7767650857169572,1860.5561584472653,1775.7977197265625,60.65899206844393,40.29714535587459,43.14671913781955,-2.8495737819449616,1980.134765625,0.0380665565113442,1,0.0190600752304401,4269393.65,0.6242774076360936,0.025242889872338026,0.07417750989677496,0.01685355348287572,-0.0022197090456838077
2020-07-22,1878.2880859375,1912.622749545332,1872.5013519350653,1912.622749545332,2861534,-0.0153255832109977,-1.532558321099775,1867.1282165527343,1780.1101586914062,55.3567438726258,36.73468693528844,41.86431269731333,-5.129625762024894,1951.243896484375,0.0388416511253442,1,0.0195826119271805,4284423.5,0.667892424733456,0.00597702358404173,0.05515272567078999,0.021360619763629688,-0.017951613100907652
2020-07-23,1861.356689453125,1878.2882459396003,1854.3269205187987,1878.2882459396003,2265766,-0.0090142702874698,-0.9014270287469816,1873.969952392578,1784.0814038085937,52.49473163391183,32.1743054111721,39.92631124008509,-7.752005828912985,1954.201416015625,0.0498801369391366,1,0.0194321844836621,4245515.25,0.5336845745637117,-0.006730771175572525,0.04331376666982045,0.012873043386349304,-0.009014354704650463
2020-07-24,1849.5260009765625,1854.3269311202928,1821.8355720806048,1847.039932084452,3665100,-0.0063559491545053,-0.6355949154505325,1875.825653076172,1788.622849121094,50.52891569916196,27.290939547581274,37.39923690158432,-10.10829735400305,1955.8302001953125,0.0574764556770872,1,0.0160789118926875,4113734.15,0.8909423570796378,-0.01402030730120396,0.034050304056775005,0.017567397821134867,0.0013459746315852158
2020-07-27,1891.87646484375,1898.9062338720664,1854.755592317027,1856.0415333331928,4248480,0.0228980094601676,2.2898009460167623,1880.5345336914063,1794.1724926757813,56.76981357291026,26.53231737551141,35.225852996369746,-8.693535620858334,1932.46923828125,0.0214563552070259,1,0.0166258187905719,4172341.1,1.0182484840465225,0.006031227264984063,0.05445628698846883,0.02333695797557571,0.01930718190675543
2020-07-28,1980.134765625,1988.922028899232,1898.9061612119813,1898.9061612119813,8092319,0.0466511965349383,4.665119653493832,1890.490301513672,1800.5883862304688,66.30866253024374,32.676140894182936,34.715910575932384,-2.039769681749448,1928.654052734375,-0.0259985904920849,-1,0.0190362928314208,4423370.8,1.8294462223243868,0.04741863210805786,0.09971539346114056,0.04545946531009897,0.0427765237020319
2020-07-29,1951.243896484375,2007.7823894598785,1925.5250785152048,1964.917692844595,6090431,-0.0145903549809681,-1.4590354980968168,1898.5781127929688,1806.374431152344,61.52306107280254,34.8126154472327,34.73525155019245,0.0773638970402501,1937.0556640625,-0.0072713782461732,0,0.0195595457135057,4602719.05,1.323224583955434,0.02773959277026017,0.0801990234325971,0.042156345033483304,-0.006958966479875565
2020-07-30,1954.201416015625,2021.4989861657573,1947.986035332969,1959.6880131740008,7098496,0.0015157098180185,0.1515709818018518,1904.029559326172,1812.135197753906,61.826783396570605,36.32569404317201,35.053340048788364,1.2723539943836428,1978.719970703125,0.0125465852631967,0,0.0185337292542883,4769708.9,1.4882451212064534,0.026350355982503126,0.07839714080815074,0.03761789866198747,-0.002799729916952188
2020-07-31,1955.8302001953125,2001.609819577999,1935.2980533555435,1974.4763423339816,4723290,0.0008334781493548,0.083347814935486,1907.7447814941409,1817.287182617188,62.00466338839056,37.22711795981559,35.48809563099381,1.7390223288217754,1967.7896728515625,0.0061147806466306,0,0.018116268839899,4796613.0,0.9847135885259036,0.025205372944860693,0.07623617164272312,0.03390466422690139,-0.009443588529720218
2020-08-03,1932.46923828125,1975.0769186658213,1912.365735301378,1963.58905317711,4012337,-0.0119442689409998,-1.194426894099987,1907.574005126953,1821.474716796875,57.8415331056755,35.645568591279925,35.51959022305103,0.1259783682288926,1957.0308837890625,0.0127099800717438,0,0.0172158027711845,4737711.55,0.8468934753953098,0.01305072992575207,0.060936624846246845,0.03245132296140403,-0.01584843572309985
2020-08-04,1928.654052734375,1945.757024248175,1907.521841734408,1937.4413152447512,2927928,-0.0019742542190571,-0.197425421905717,1906.9259033203125,1826.905341796875,57.166466502508165,33.69590036898671,35.15485225223817,-1.4589518832514583,1954.544189453125,0.0134239402250724,0,0.017207266457202,4602605.2,0.6361458071615614,0.011394333348888841,0.05569457191330107,0.019824800855061806,-0.004535498670970649
2020-08-05,1937.0556640625,1971.776068751383,1931.48325343342,1937.484311033968,3800641,0.0043562044298268,0.4356204429826871,1908.879107666016,1831.4413256835933,58.320092875480135,32.45459767548505,34.61480133688755,-2.1602036614025053,1935.212158203125,-0.0009517051541557,0,0.0164066762767357,4652969.35,0.8168205535246005,0.014760786203446674,0.05766733386311773,0.02080106218189863,-0.00022123893805324067
2020-08-06,1978.719970703125,1988.4930366349488,1942.0706595084089,1950.34346123928,4748047,0.0215090910465858,2.150909104658582,1913.537774658203,1836.8276489257807,63.56129030383066,34.43586250318458,34.57901357014696,-0.1431510669623819,1932.726318359375,-0.0232441442067249,-1,0.016905893138028,4718171.8,1.006331944080544,0.03406371011231535,0.07724857683861974,0.02346081194604006,0.014549493475274386
2020-08-07,1967.7896728515625,1995.7802354752105,1960.6311849363424,1978.6343571635675,3165491,-0.0055239235533052,-0.5523923553305221,1916.8801208496093,1842.5403564453125,61.380631834606056,34.72377144267443,34.60796514465246,0.1158062980219725,1922.1815185546875,-0.0231773521967839,-1,0.0169435968620456,4395930.35,0.7200958040656855,0.026558547635930907,0.0679764304581556,0.017862198904587664,-0.005480893563149895
2020-08-10,1957.0308837890625,1993.208650554113,1951.244148997132,1987.2075922513693,2929353,-0.0054674486866826,-0.5467448686682697,1919.7850219726563,1846.7943994140624,59.226716236052766,33.69537765019277,34.42544764576052,-0.730069995567753,1931.826171875,-0.0128790568012207,0,0.0170121768295951,4394222.85,0.6666373326969524,0.019401058655064807,0.05969071836582085,0.021442942931862385,-0.015185483680705282
2020-08-11,1954.544189453125,1982.0634061039973,1950.857993292014,1957.2018841416204,2774423,-0.0012706464453554,-0.1270646445355461,1924.620623779297,1850.9663012695312,58.71387637179253,32.30729433127726,34.00181698286387,-1.6945226515866096,1945.843017578125,-0.0044517652360853,0,0.0161315128935381,4384107.1,0.6328365016447706,0.015547773573717727,0.05595881897609489,0.01596557037716012,-0.0013579052370783088
2020-08-12,1935.212158203125,1968.689312183436,1925.953343709496,1961.7882648365555,3415751,-0.0098908130879399,-0.9890813087939933,1925.840112304688,1854.6660229492188,54.74516378617424,29.30943403205538,33.06334039270217,-3.753906360646795,1934.5697021484373,-0.0003319822335574,0,0.0151472345800858,4276428.6,0.7987391628612718,0.004866471436832498,0.043428916180728194,0.022083350547787452,-0.0135468781773168
2020-08-13,1932.726318359375,1971.776099937764,1929.3400490912773,1948.629163112408,2695682,-0.0012845309147179,-0.1284530914717918,1926.6845336914064,1857.5393505859367,54.237485277244325,26.42837182681524,31.736346679524782,-5.307974852709549,1931.3548583984373,-0.0007095986368633,0,0.0151468786025761,3982106.8,0.6769486945955342,0.0031358453147454224,0.040476648717951313,0.021956575249882898,-0.008161042159315953
2020-08-14,1922.1815185546875,1955.744701793377,1914.4231758592864,1952.058296001479,2270405,-0.0054559198084696,-0.54559198084696,1928.459118652344,1860.9425366210933,52.03317257145163,23.02877072060573,29.99483148774097,-6.966060767135243,1927.7109375,0.0028766372436408,0,0.0147648279197988,3870170.3,0.5866421433702801,-0.003255241470736192,0.03290750828060807,0.021497202805883214,-0.015305269062911662
2020-08-17,1931.826171875,1946.0573356709467,1918.838251790968,1940.0562778076444,2625630,0.0050175559525535,0.5017555952553598,1930.4094665527343,1864.1365869140625,53.87946693064632,20.872203500887053,28.170305890370194,-7.298102389483141,1927.2823486328125,-0.0023520870088312,0,0.014784076589107,3853819.5,0.6813059096306924,0.0007338885074965606,0.03631149425214186,0.01408982043843024,-0.004242199582965089
2020-08-18,1945.843017578125,1962.3459267480243,1927.4541035060088,1939.884866257362,3493374,0.0072557489422149,0.7255748942214924,1932.325518798828,1867.60583984375,56.50004504619216,20.06287837342643,26.548820386981443,-6.485942013555015,1922.6103515625,-0.0119396404569888,0,0.0147724051947354,3895223.9,0.8968352242858235,0.006995456328548588,0.0418916968801728,0.01793146873967425,0.0030713942999400913
2020-08-19,1934.5697021484373,1958.573933875812,1931.0547130682417,1951.501258456139,2843005,-0.0057935379821744,-0.5793537982174413,1935.139599609375,1870.221787109375,53.84987616535763,18.300859126768955,24.899228134938948,-6.598369008169993,1931.9117431640625,-0.0013739277429098,0,0.0143627650049756,3894297.45,0.730043104437233,-0.0002944994051347072,0.034406569040412505,0.014224982835722476,-0.008676169812514822
2020-08-20,1931.3548583984373,1951.672684199287,1920.3814534135008,1934.912544753965,2895164,-0.001661787500564,-0.1661787500564004,1938.6395080566408,1873.4765625,53.08517647232879,16.45534814574944,23.210452137101047,-6.755103991351607,1927.53955078125,-0.0019754565561044,0,0.014170305901022,3925767.35,0.7374772221283057,-0.0037576092037379105,0.030893525468609795,0.016201699366492506,-0.0018386807017058754
2020-08-21,1927.7109375,1946.9142350503232,1921.2383273992507,1937.484003176456,1975294,-0.0018867174422099,-0.1886717442209917,1942.5487548828123,1877.140031738281,52.18067423056424,14.531226500394268,21.47460700975969,-6.943380509365426,1919.09521484375,-0.004469405909697,0,0.0140674420308897,3841277.05,0.5142284647237304,-0.007638324312589706,0.026940401305537653,0.013319376443633693,-0.0050442045768808435
2020-08-24,1927.2823486328125,1937.4411549681524,1911.7652465439023,1929.42558321414,2167966,-0.0002223304639975,-0.0222330463997555,1944.3190490722657,1880.95916015625,52.06830008317159,12.823936338698104,19.744472875547377,-6.920536536849273,1935.12646484375,0.0040700399796127,0,0.0131970153566169,3737251.35,0.5800963855428134,-0.008762296726754881,0.024627429163700976,0.013322338806487926,-0.0011108148456066488
2020-08-25,1922.6103515625,1928.911546333977,1914.809101555284,1924.6250762310128,1663419,-0.0024241373214602,-0.2424137321460295,1941.442828369141,1884.412834472656,50.78439371012605,10.967479193997178,17.98907413923734,-7.02159494524016,1925.781982421875,0.0016496482799011,0,0.0076680572304201,3415806.35,0.4869769622625123,-0.009700247945215401,0.020270248849442396,0.007335050894338446,-0.0010468141007796987
2020-08-26,1931.9117431640625,1937.398340232176,1900.148963303465,1922.0528636227327,2618149,0.0048378973898706,0.4837897389870615,1940.476220703125,1888.018330078125,53.25565726186291,10.129995813014377,16.417258473992746,-6.287262660978371,1941.899169921875,0.0051697117081834,0,0.0071266369340333,3242192.25,0.8075242916270619,-0.004413595718250618,0.023248404100039144,0.019281096592800015,0.00512934879571809
2020-08-27,1927.53955078125,1960.9313161416896,1921.8386299783936,1942.628007374168,3579393,-0.0022631429195889,-0.2263142919588956,1939.1431274414065,1891.702321777344,51.93552700599105,9.00962743768332,14.93573226673086,-5.92610482904754,1971.3475341796875,0.0227274109009496,1,0.0071212072292253,3066237.1,1.1673568883502192,-0.005983868078611954,0.018944433588385712,0.020281133088787442,-0.0077670333875773205
2020-08-28,1919.09521484375,1954.587096977224,1916.1375928826703,1944.6853110203404,2941136,-0.0043808885447136,-0.4380888544713635,1937.306378173828,1895.1062255859367,49.38908974659222,7.355549890057546,13.419695791396196,-6.064145901338652,1962.1748046875,0.0224478647596739,1,0.0071589010514144,2977129.4,0.9879100317238478,-0.009400249508931369,0.01265838765866345,0.02003522482738525,-0.013158990830842293
2020-08-31,1935.12646484375,1951.3721407858,1910.050620742884,1920.3381465278549,6018154,0.0083535459189321,0.8353545918932115,1937.439239501953,1899.115595703125,54.00025251742276,7.254642410976885,12.186685115312336,-4.932042704335451,1994.9656982421875,0.0309226474266988,1,0.0069500065340894,3077420.25,1.9555840642824127,-0.001193727581773052,0.01896191533685565,0.0213533951365047,0.007700892857142768
2020-09-01,1925.781982421875,1952.9152470641936,1921.45260693686,1945.1996029800944,3610908,-0.0048288742837432,-0.4828874283743234,1937.295635986328,1902.812333984375,51.07892276357617,6.347481059969141,11.018844304243698,-4.671363244274557,2013.097900390625,0.0453404999972744,1,0.0070235862612513,3111569.25,1.1604781092370031,-0.0059431577455606455,0.012071420826563095,0.016337591905271613,-0.009982328049250621
2020-09-02,1941.899169921875,1944.9855116439287,1921.752763520274,1926.33936954883,2084137,0.0083691651739989,0.8369165173998994,1937.5378112792969,1906.71337890625,55.54591462183169,6.850107710205748,10.185096985436108,-3.33498927523036,1995.4798583984373,0.0275919003965163,1,0.0072109453410971,3025744.05,0.6888014866954791,0.002250979886528448,0.018453634093556603,0.011963931229544469,0.008077393121384013
2020-09-03,1971.3475341796875,1992.3512369791663,1944.3427734375,1944.3427734375,4654146,0.0151647236447385,1.5164723644738531,1937.169189453125,1911.6498901367188,62.3165101041832,9.514996875998122,10.05107696354851,-0.5360800875503884,1998.480712890625,0.0137637723640788,0,0.0063044182836057,3021049.0,1.540572827517859,0.017643448446653887,0.03122833545566195,0.02435312024353101,0.013888888888888888
2020-09-04,1962.1748046875,1992.565839086713,1940.013668180283,1950.344104086166,5231303,-0.0046530250669395,-0.4653025066939542,1936.888446044922,1914.645146484375,59.28750201353207,10.762712281432869,10.193404027125382,0.5693082543074865,2035.3016357421875,0.0372682550402709,1,0.0062683808644171,3124339.6,1.6743708014327252,0.013055144551154862,0.02482426484635969,0.026782614260914144,0.006065955528846166
2020-09-07,1994.9656982421875,2009.0681402340024,1957.501998805791,1962.34562534484,4620401,0.0167115047427743,1.6711504742774386,1938.785186767578,1918.5904833984373,65.70502146479474,14.233412870891698,11.001405795878648,3.232007075013051,2135.862060546875,0.070625957342943,1,0.0071703237241214,3208892.0,1.43987426189476,0.028977171817717418,0.03980798169522104,0.02584813436824887,0.016623000798656532
2020-09-08,2013.097900390625,2049.318574975452,1994.9662144665103,2002.5960479962075,7453998,0.0090889794067208,0.908897940672082,1941.712872314453,1923.2320532226563,68.64799742077571,18.236862075375484,12.448497051778014,5.7883650235974695,2135.862060546875,0.0609827073648174,1,0.0073702252559974,3442870.75,2.1650531028502886,0.03676394645882097,0.04672647121151363,0.02699936277236944,0.005244119204632212
2020-09-09,1995.4798583984373,2022.3561031330428,1988.9216444547087,1993.2081135160345,3866535,-0.0087517065060617,-0.8751706506061718,1944.7262573242188,1927.3518969726565,62.99171144804957,19.760212238197028,13.910840089061818,5.84937214913521,2145.807373046875,0.0753340175375609,1,0.007281411397371,3465409.95,1.1157511104854996,0.026098069526788503,0.03534796190191902,0.01675509704476216,0.0011397429435481398
2020-09-10,1998.480712890625,2013.3548466809589,1992.608374898401,2001.781378326608,2308813,0.0015038259993243,0.1503825999324304,1948.0139770507808,1930.4180615234368,63.5427217377874,20.967917000602483,15.322255471369951,5.645661529232532,2109.757080078125,0.0556804809121969,1,0.0072507176578165,3446066.5,0.6699850394645606,0.025906762700054653,0.03525798516072465,0.010381121843577808,-0.0016488640926124948
2020-09-11,2035.3016357421875,2042.93146812207,1997.6233994710933,1998.309276486205,4145424,0.0184244574461287,1.842445744612875,1953.669982910156,1933.4935791015623,69.53620303770091,24.61245540944265,17.180295458984492,7.4321599504581535,2100.284423828125,0.0319278415271557,1,0.0079436089937413,3539817.45,1.1710841190412231,0.041783747278767214,0.05265497529499541,0.0222611075701587,0.018511828820126065
2020-09-14,2135.862060546875,2148.164312433573,2041.9456758860929,2043.8745872710967,7512131,0.0494081186978545,4.940811869785455,1963.87177734375,1937.493125,79.4651556889205,35.209293401820105,20.786095047551616,14.42319835426849,2113.486572265625,-0.0104760923912478,0,0.013097867245926,3784142.5,1.985160706817991,0.08757714489677726,0.10238433003310665,0.049731037649633276,0.0450064176386656
2020-09-15,2135.862060546875,2175.812042285307,2112.886750156821,2135.862060546875,7318770,0.0,0.0,1973.3727294921875,1941.3780444335937,79.46515568892052,43.11041384141163,25.25095880632362,17.859455035088008,2162.909912109375,0.0126636696545723,0,0.0131358119719643,3975412.3,1.8410090445209923,0.08234092253646441,0.10017833294803902,0.02946130899126247,0.0
2020-09-16,2145.807373046875,2149.751010069455,2123.774954065032,2133.762347730431,3074003,0.004656345877249,0.4656345877249057,1983.934613037109,1946.3343603515625,80.20515647650333,49.60282186284167,30.121331417627232,19.48149044521444,2115.330322265625,-0.014203069280154,0,0.0129000780245918,3986962.2,0.7710138310315557,0.08159178177851478,0.1024865083609181,0.012105492939722228,0.005644970410718736
2020-09-17,2109.757080078125,2139.5909453979943,2100.884215060304,2126.0885684010923,4828176,-0.016800339779596,-1.6800339779596052,1992.8547241210936,1950.8185693359376,70.31378940135718,51.24838515434294,34.34674216497038,16.90164298937256,1999.423828125,-0.0522966615422091,-1,0.0137448349105136,4083612.8,1.182329529381434,0.05866075160525752,0.08147272803348926,0.018346534159400445,-0.007681471301663248
2020-09-18,2100.284423828125,2143.5777695284337,2088.710955175567,2130.3755260448897,4183256,-0.0044899274610559,-0.448992746105592,2001.4833984375,1954.8054028320312,67.94271812959323,51.19796347213583,37.71698642640347,13.480977045732352,2076.622802734375,-0.011265912761769,0,0.0138207682621502,4194010.9,0.997435652825795,0.049363899529596855,0.07442122923608174,0.026123516286838216,-0.014124787789235371
2020-09-21,2113.486572265625,2147.4352831776064,2102.2130325473,2113.2293422503303,4598809,0.0062858859913061,0.6285885991306195,2010.7936096191409,1959.0964770507808,69.48706755001767,51.62816956830284,40.49922305478334,11.128946513519494,2080.052978515625,-0.0158191654438379,0,0.013783140679886,4315553.05,1.065636071835567,0.05107086185037901,0.07880678518051476,0.021396989800521377,0.00012172366252531894
2020-09-22,2162.909912109375,2190.3862273893283,2107.228707210555,2130.375645817018,7499613,0.0233847427716415,2.33847427716416,2022.8085876464845,1965.1980322265624,74.44946010912813,55.31947302641629,43.46327304910994,11.856199977306352,2133.29052734375,-0.013694229519129,0,0.0142792406108087,4607362.75,1.627745286606747,0.06926079181119982,0.10060659365652103,0.0384470567697727,0.015271610129527186
2020-09-23,2115.330322265625,2160.2526594732817,2065.2215231023065,2151.808228720128,7502280,-0.0219979526550636,-2.1997952655063657,2031.9795166015624,1969.288190917969,63.70776489946627,53.78557571373972,45.52773358203589,8.257842131703825,2136.634033203125,0.0100711036537701,0,0.0155945695567049,4851569.3,1.5463615041013636,0.041019510769215284,0.07415985736428943,0.04492496295764914,-0.016952210688496103
2020-09-24,1999.423828125,2100.3701914058315,1974.005146059324,2100.3701914058315,8424708,-0.0547935671892999,-5.479356718929996,2035.57373046875,1970.9599096679688,46.21477998243348,42.72476118445616,44.96713910251995,-2.242377918063795,2163.33837890625,0.0819808929330228,1,0.0204802464148539,5093835.05,1.6539027898047072,-0.01775907293489465,0.014441652677667172,0.06320072991478193,-0.04806122448979603
2020-09-25,2076.622802734375,2091.7968610549296,2016.4408201493188,2030.071707777899,8228267,0.0386106104786045,3.861061047860459,2043.450109863281,1974.7585693359367,55.06484127560443,39.73031175075721,43.919773632167406,-4.189461881410196,2319.666259765625,0.1170378446731994,1,0.0219733821971589,5358191.6,1.5356425477580908,0.016233669082977187,0.051583132733381554,0.03628778457329199,0.02293076386322846
2020-09-28,2080.052978515625,2095.227044135589,2028.358095918496,2091.797867303943,4347166,0.0016518049290095,0.1651804929009515,2050.696435546875,1978.5032446289065,55.41587841847059,37.20509830518654,42.57683856677124,-5.371740261584698,2326.953125,0.1186989701870808,1,0.0219575185164177,5274642.2,0.8241632010603487,0.014315401567917219,0.051326544023821086,0.0321477139802527,-0.005614734086833896
2020-09-29,2133.29052734375,2152.708364039755,2080.052689997132,2087.382596318132,6995811,0.0255943234994506,2.559432349945068,2061.0718627929687,1983.018615722656,60.56501938168263,39.049534990185975,41.87137785145418,-2.821842861268209,2345.513916015625,0.0994817095710463,1,0.0223746825753437,5443887.35,1.2850763710237318,0.03503937240350141,0.07577937515545297,0.03405803059234025,0.021993060163763685
2020-09-30,2136.634033203125,2147.521625933625,2108.943393132422,2133.804920937642,3917166,0.0015672998199349,0.1567299819934975,2070.8086059570314,1988.1855346679688,60.8706702936188,40.31631593741304,41.56036546864596,-1.2440495312329176,2422.45556640625,0.1337718714396012,1,0.0223783641617123,5535538.8,0.7076395165001824,0.03178730620335246,0.0746653146533165,0.0180556109290127,0.0013258532857071312
2020-10-01,2163.33837890625,2177.526635656113,2136.6337560512884,2151.8078171247416,2610337,0.0124983246022207,1.2498324602220778,2080.4081481933595,1994.2251684570315,63.31625265874165,42.97962413235655,41.84421720138808,1.1354069309684718,2411.52490234375,0.1147238572834727,1,0.0223226710289791,5433348.35,0.4804287948885147,0.039862481208270406,0.08480146230431163,0.018902673758091987,0.005358546283615408
2020-10-05,2319.666259765625,2338.783958754555,2231.579296985746,2246.1103891317093,17412105,0.0722623341700303,7.226233417003036,2098.2827209472657,2003.6279736328124,73.68493407218347,57.047065503133126,44.88478686173708,12.162278641396044,2426.141845703125,0.0459012521690331,1,0.0267730498488964,6042388.45,2.881659321323508,0.10550701133277984,0.157733017452236,0.046215554206336815,0.03274811023974229
2020-10-06,2326.953125,2345.5563627715733,2271.9148925581817,2345.5563627715733,9846367,0.0031413420804384,0.314134208043848,2114.8820922851564,2012.3295068359373,74.05308386916502,67.9997445387844,49.50777839714655,18.49196614163785,2423.18408203125,0.0413549185831794,1,0.026732338809365,6303686.75,1.562001316134562,0.10027558202343956,0.156347962446149,0.031647165309095594,-0.007931268703170784
2020-10-07,2345.513916015625,2374.7048240339427,2317.2661152937712,2350.700587545513,9656101,0.0079764352862179,0.7976435286217942,2131.502893066406,2019.63708984375,75.0120242462462,77.28661036524136,55.06354479076552,22.22306557447584,2418.923095703125,0.0312976952241672,1,0.0267312473555037,6413791.9,1.5055214061435325,0.10040381537617327,0.16135415011470533,0.02448875205897045,-0.0022064364799872648
2020-10-08,2422.45556640625,2473.293141468768,2400.423152898631,2400.423152898631,19839329,0.0328037492616233,3.2803749261623327,2152.851678466797,2029.061323242188,78.55089521731406,89.81968122493436,62.01477207759929,27.804909147335067,2359.5166015625,-0.0259814733927693,-1,0.0269740085519597,7212431.6,2.7507129495689084,0.12523105545824587,0.19387991809703742,0.030081042385533156,0.009178553989955342
2020-10-09,2411.52490234375,2426.0132952436484,2383.277109399946,2408.995927127284,7739245,-0.0045122247912748,-0.4512224791274888,2173.5038879394533,2038.20779296875,76.88501005208799,97.74349081970875,69.16051582602118,28.582974993687586,2379.060546875,-0.0134621688696633,0,0.0271079431548257,7483953.2,1.0341118915601983,0.10951027772485267,0.18315949466135906,0.01772164401129236,0.0010498046874996647
2020-10-12,2426.141845703125,2446.716900224989,2401.0659980046034,2413.7110835961653,4623203,0.0060612865101119,0.6061286510111952,2193.0458984375,2047.6140258789064,77.57005157607357,104.00374178650829,76.12916101811861,27.874580768389663,2334.5068359375,-0.037769848423297,-1,0.0270414103174622,7507842.15,0.6157831914460269,0.10628867705491296,0.18486287700717496,0.01881625441696104,0.005150062155922674
2020-10-13,2423.18408203125,2447.48823818637,2410.88183101304,2439.0011124116168,4209878,-0.0012191223184717,-0.1219122318471765,2207.411999511719,2057.4283227539063,77.07229948338863,107.48732203126974,82.40079322074884,25.086528810520903,2358.13916015625,-0.0268427489093092,-1,0.0253955327440907,7342729.5,0.5733396552331119,0.09774889443713275,0.1777732692956091,0.015106738049650912,-0.006485044348638004
2020-10-14,2418.923095703125,2446.817767312512,2399.939122711301,2446.817767312512,4395936,-0.0017584245289995,-0.1758424528999547,2221.565051269531,2067.233703613281,76.31259170822979,108.65178830476545,87.65099223755216,21.00079606721328,2303.3828125,-0.047765174266336,-1,0.0254227385290154,7196587.8,0.6108361520997493,0.08883739160409099,0.17012560866975646,0.019379964863076547,-0.011400387876055575
2020-10-15,2359.5166015625,2434.548212916701,2347.8076126333103,2420.1273190730603,6629355,-0.0245590669030165,-2.455906690301657,2232.2505126953124,2075.682922363281,66.47448158127543,103.5869428234396,90.83818235472964,12.748760468709932,2299.724365234375,-0.0253408839287376,-1,0.026359142006611,7374355.4,0.8989741666098707,0.05701245811946132,0.1367423107552761,0.03676202160474302,-0.02504443342004627
2020-10-16,2379.060546875,2386.2493453117218,2351.510177333232,2367.6960614775485,5273773,0.0082830293711677,0.828302937116776,2245.715686035156,2083.689733886719,67.93887327222468,99.9973422254102,92.67001432886578,7.327327896544418,2313.1982421875,-0.0276841649843729,-1,0.0258549238477495,7396635.25,0.712996223519336,0.059377445537313944,0.14175374010089503,0.014602052908708448,0.004799807535414646
2020-10-19,2334.5068359375,2388.2730712233697,2330.245179453124,2388.2730712233697,3331194,-0.0187274388606978,-1.8727438860697831,2257.426806640625,2091.0240771484373,61.35901607677512,92.49126404988374,92.63426427306938,-0.1430002231856377,2314.4033203125,-0.0086114614510978,0,0.0263598633307688,7354032.15,0.4529751749861468,0.03414508460257948,0.11644187240593795,0.024856595353229167,-0.022512599557272764
2020-10-20,2358.13916015625,2376.132909028188,2340.016142827005,2346.0858749272656,3406273,0.0101230477696414,1.0123047769641458,2269.6594360351564,2099.0462426757813,63.38468355944661,87.44160172411648,91.5957317632788,-4.154130039162311,2264.42529296875,-0.0397406008817946,-1,0.0263788636430966,7294405.35,0.4669706215325695,0.038983700689323664,0.12343363962777087,0.015315790862312792,0.005137614678899182
2020-10-21,2303.3828125,2366.748741380843,2292.750218733415,2358.1392515977186,4570143,-0.0232201511180628,-2.322015111806286,2276.683081054688,2106.023015136718,56.05258423448427,78.12080035415238,88.90074548145353,-10.779945127301149,2257.58056640625,-0.0198847737532772,0,0.026800638009966,7147931.85,0.6393657768295595,0.011727469522434752,0.09371208004128562,0.03212602014995205,-0.023220188994614838
2020-10-22,2299.724365234375,2313.0690777980003,2271.2701624060755,2290.9858149552647,5262294,-0.001588293203271,-0.1588293203271029,2285.902783203125,2113.313259277344,55.58989766000335,69.63607071998103,85.04781052915904,-15.411739809178002,2266.57763671875,-0.0144133484067543,0,0.0261599982777201,7035932.55,0.7479170618257277,0.006046443502677024,0.0882079857960929,0.018175619662865492,0.0038143188063698022
2020-10-23,2313.1982421875,2326.28462736434,2298.8204332723008,2314.059191346406,3499091,0.0058589095096845,0.5858909509684596,2301.59150390625,2120.922697753906,56.99776817983869,63.26975625391378,80.69219967410999,-17.422443420196203,2294.300537109375,-0.0081695138503365,0,0.0221282904546544,6789651.7,0.5153564799207594,0.0050429184594880105,0.09065655463879807,0.0118728233452518,-0.0003720514851674835
2020-10-26,2314.4033203125,2333.1289631705963,2299.164563335476,2315.909981232117,2672752,0.0005209575655999,0.0520957565599999,2313.480529785156,2128.7671337890624,57.12867286137733,57.65701176478524,76.08516209224504,-18.428150327459804,2242.427734375,-0.0310989814548752,-1,0.0209197571488406,6511875.95,0.4104427081415763,0.0003988754240478176,0.0872036135737484,0.01467522948011251,-0.0006505697250008637
2020-10-27,2264.42529296875,2340.188817170804,2259.216718833988,2324.3474370965296,3537502,-0.02159434654501,-2.1594346545010024,2322.6991455078123,2135.4191162109373,50.29107310230733,48.61565123146738,70.59125992008951,-21.97560868862213,2267.396240234375,0.00131200939808,0,0.0217809380076099,6471392.75,0.5466368889448102,-0.025088850896495152,0.06041257932855815,0.035758343888951404,-0.02578020100240764
2020-10-28,2257.58056640625,2286.637596966471,2243.633233775872,2281.514992135864,3569445,-0.0030227212987566,-0.3022721298756692,2328.9136474609377,2141.6538671875,49.41869947305527,40.431921615119336,64.55939225909547,-24.12747064397614,2284.227294921875,0.0118032237308114,0,0.0212541679432747,6300074.45,0.5665718759879099,-0.03062933704410098,0.05412952157903517,0.019048871978489614,-0.010490584463443472
2020-10-29,2266.57763671875,2285.8199337978403,2238.682969061332,2245.355324800289,3105968,0.0039852709783119,0.3985270978311916,2335.4108276367188,2148.2940258789063,50.630960106364725,34.27712001339205,58.5029378099548,-24.225817796562744,2312.250244140625,0.0201504712135047,1,0.0212521984664731,6259514.55,0.4961995016051205,-0.029473696920221726,0.055059321217193036,0.020796536581357432,0.009451649671683274
2020-10-30,2294.300537109375,2302.479554428852,2257.064484575969,2269.548247853065,3427003,0.012231171763769,1.2231171763769089,2341.958935546875,2155.552939453125,54.26800290220621,31.275872977520063,53.05752484346785,-21.781651865947783,2330.976318359375,0.0159856046131638,0,0.0212461069521949,6300347.85,0.5439386969721045,-0.020349801063600403,0.0643675203316747,0.01979473443793135,0.010906262636066547
2020-11-02,2242.427734375,2294.2999089624423,2238.510374587549,2290.124222449726,2571196,-0.0226094192523401,-2.260941925234017,2338.097009277344,2161.847275390625,47.25326730972687,24.430047042086244,47.33202928319154,-22.90198224110529,2347.46337890625,0.0468401469180566,1,0.0145348557571734,5558302.4,0.462586562400779,-0.04091758148731106,0.03727389066825504,0.024879077938465957,-0.02082703095629696
2020-11-03,2267.396240234375,2294.429965127272,2239.372297496061,2241.9120559817698,2879269,0.0111345866253005,1.1134586625300535,2335.1191650390624,2168.6495532226563,50.56560219225164,20.779892750490035,42.02160197665124,-21.241709226161205,2281.1708984375,0.006075099693074,0,0.0147796700770606,5209947.5,0.5526483712167924,-0.029001913828904935,0.04553372252560539,0.024282331713454734,0.011367164998559815
2020-11-04,2284.227294921875,2343.3746733495504,2247.077420872264,2247.077420872264,4893928,0.0074230760326921,0.74230760326921,2332.054833984375,2175.881892089844,52.720919216461326,19.02592559966115,37.42246670125323,-18.39654110159208,2314.058837890625,0.0130597962098908,0,0.0147621113945512,4971838.85,0.984329570537066,-0.020508754067667168,0.04979378854427163,0.04215747386057737,0.01653252963362077
2020-11-05,2312.250244140625,2333.17134286982,2296.1505429645053,2311.647621994637,2816502,0.012268021348422,1.226802134842209,2326.544567871094,2183.488662109375,56.148982116883,19.670364087548023,33.872046178512186,-14.201682090964162,2299.637939453125,-0.0054545587007549,0,0.0128631104944406,4120697.5,0.6835012761795788,-0.006144014573315926,0.058970575055268926,0.016010723752382508,0.0002606894494879366
2020-11-06,2330.976318359375,2335.9698645772232,2308.4625861796503,2323.7013413780246,3884421,0.0080986364975863,0.8098636497586353,2322.517138671875,2191.5573974609374,58.32362181586987,21.44492022983832,31.386620988777413,-9.941700758939096,2287.41259765625,-0.0186890447406118,0,0.0130538540251681,3927956.3,0.9889165518465672,0.0036422464001009125,0.06361636754755473,0.011800754122175523,0.0031307710899870257
2020-11-09,2347.46337890625,2362.4438058429355,2320.343488277951,2351.337648996007,3646592,0.0070730279055255,0.7073027905525553,2318.583215332031,2200.1247607421874,60.1952670127282,23.906062547567217,29.890509300535378,-5.984446752968161,2299.035888671875,-0.0206297106355451,-1,0.0130870876066859,3879125.75,0.9400551142225796,0.012455953007527887,0.06696830143139687,0.017934387366076873,-0.0016476876859481183
2020-11-10,2281.1708984375,2335.884047483179,2271.48522072707,2322.151950901146,4760020,-0.0282400488392868,-2.824004883928688,2311.482556152344,2207.0456494140626,50.39521130964138,20.27358515172773,27.96712447077385,-7.69353931904612,2295.333740234375,0.0062085842873833,0,0.014380358469234,3906632.85,1.2184457006242602,-0.01311351350420753,0.0335857344151973,0.028230601574050978,-0.01764787719758934
2020-11-11,2314.058837890625,2318.3635830276367,2275.832574958379,2296.968915619634,3242441,0.0144171309022274,1.4417130902227404,2306.2393432617187,2214.8111865234373,54.36461270371515,19.820128400230715,26.337725256665223,-6.517596856434508,2261.411865234375,-0.0227509222298946,-1,0.0148945676850447,3848958.1,0.8424204461981543,0.0033905824439917076,0.04481088589902571,0.018379397867007798,0.007440206158114542
2020-11-12,2299.637939453125,2335.754709079128,2291.6310714675155,2312.5090853617908,2437505,-0.0062318633395879,-0.6231863339587917,2303.24541015625,2221.9659619140625,52.3851384940936,18.08860054691877,24.68790031471593,-6.599299767797163,2270.237060546875,-0.0127850034137294,0,0.0139760097469764,3639365.6,0.6697609605366386,-0.0015662554616271418,0.03495642096702234,0.019187210671130953,-0.005565879066223034
2020-11-13,2287.41259765625,2294.343069445796,2269.4617256505835,2286.4654696117364,2548093,-0.0053162028626916,-0.5316202862691632,2298.6630126953123,2228.287263183594,50.69977735194715,15.550611566403404,22.86044256505343,-7.309830998650025,2290.33984375,0.0012797193198765,0,0.01382077906357,3503081.6,0.7273861391067795,-0.004894329867808911,0.026533982152813884,0.010877505798781894,0.0004142323849196282
2020-11-14,2299.035888671875,2315.0925079317017,2290.168069455317,2305.578976784706,298819,0.005081414270226,0.5081414270226015,2296.8894653320312,2235.024484863281,52.27198897059225,14.31215781292758,21.150785614628266,-6.838627801700682,2345.43994140625,0.0201841358645262,1,0.0133083080967864,3351462.85,0.0891607675138037,0.0009344913511253328,0.028640135373062536,0.010841256806470837,-0.0028379370989735963
2020-11-17,2295.333740234375,2320.258178442934,2281.558552533044,2320.258178442934,2827273,-0.0016103047611139,-0.1610304761113901,2293.7491943359373,2241.031845703125,51.70638081776941,12.883429694103144,19.49731443052324,-6.613884736420097,2343.546630859375,0.0210047409576601,1,0.0130633620337006,3322512.85,0.8509441882218755,0.0006908104435963125,0.024230755415353356,0.016860130285863563,-0.010742096909786617
2020-11-18,2261.411865234375,2293.740545917812,2244.5373890213323,2290.985550841463,2893762,-0.0147786243043402,-1.477862430434029,2291.6506469726564,2245.998125,46.718186986009634,8.91121758170084,17.38009506075876,-8.46887747905792,2325.681396484375,0.0284200911112399,1,0.0124381380235503,3238693.8,0.8934966312653577,-0.013195196998385339,0.006862757391827623,0.021757715899920958,-0.01290871764609157
2020-11-19,2270.237060546875,2304.0293196111134,2265.0284855841223,2270.3232395515047,4167501,0.0039025157018821,0.3902515701882159,2290.176281738281,2251.4932690429687,48.1204344732771,6.401537432163877,15.184383535039784,-8.782846102875906,2342.29833984375,0.0317417421066663,1,0.0124813904330428,3183954.15,1.308907353455451,-0.008706413279361946,0.00832504887384089,0.017179190096384096,-3.795891401204572e-05
2020-11-20,2290.33984375,2303.8997920778124,2262.186850212692,2285.8198609740625,2711471,0.0088549268939703,0.8854926893970383,2289.0333618164063,2257.330451660156,51.266650133314606,5.965952642523462,13.34069735653652,-7.374744714013058,2307.041748046875,0.007292325784076,0,0.0125802042475359,3144573.15,0.8622699713632039,0.0005707570520321337,0.014623198861100306,0.01821255565148932,0.001977401129943532
2020-11-23,2345.43994140625,2350.3903973714096,2294.428721243519,2315.9524428311693,3706418,0.0240576077854166,2.4057607785416657,2290.5851928710936,2263.5332177734376,58.66581060033833,9.952143829571014,12.66298665114342,-2.710842821572406,2347.6357421875,0.0009361999608199,0,0.0137219926056906,3196256.45,1.1596122082131426,0.023947918944852598,0.036185342008535404,0.023859777920528614,0.012732342007434885
2020-11-24,2343.546630859375,2361.5834731674927,2328.867406094811,2354.179226542401,3120516,-0.0008072304532086,-0.0807230453208629,2294.541259765625,2267.6869091796875,58.33804586352559,12.810780028452882,12.692545326605314,0.1182347018475677,2367.222900390625,0.0101027516241773,0,0.0126882892855077,3175407.15,0.9827136655530928,0.02135737193008924,0.03345246708114957,0.013960066610957394,-0.00451647672494425
2020-11-25,2325.681396484375,2352.930346157085,2314.4028813766267,2349.529639907723,3302249,-0.0076231614680731,-0.7623161468073181,2297.9463012695314,2271.483295898437,55.203905090117736,13.479313567138432,12.84989897471194,0.6294145924264942,2332.6982421875,0.0030171139149721,0,0.0128212389308494,3162047.35,1.0443388837931222,0.012069514069811271,0.023860224146839304,0.01656609750531534,-0.010150220290170292
2020-11-26,2342.29833984375,2351.209037424096,2307.343720302402,2312.5094151986013,2341099,0.007144978406971,0.7144978406971036,2301.7323364257813,2275.413115234375,57.491451942672775,15.175051125350365,13.314929404839624,1.8601217205107403,2348.28173828125,0.0025544988593977,0,0.0128719914603612,3123803.9,0.7494385290958885,0.017624118485019435,0.029394760960796296,0.01872746796405979,0.012881644697040225
2020-11-27,2307.041748046875,2339.800897324147,2297.9158153784547,2328.866887800721,6086808,-0.0150521354163735,-1.505213541637351,2302.3693969726564,2279.35880859375,51.4841772679001,13.518193728468304,13.355582269565362,0.1626114589029423,2357.019775390625,0.0216632522519633,1,0.0131426737763132,3256794.15,1.8689569311588208,0.002029366391145704,0.012145055595790044,0.018155320327927355,-0.009371570298058893
2020-12-01,2347.6357421875,2355.4702518616264,2259.517529201016,2306.48233852835,3605017,0.0175956911811376,1.7595691181137685,2307.6297973632813,2284.3058349609373,57.04902607991656,15.304299930408432,13.745325801733976,1.558974128674457,2408.33349609375,0.0258548431579477,1,0.0125038361095322,3308485.2,1.0896276640439555,0.017336379028356275,0.027723917812277454,0.04087206585601006,0.017842496763017957
2020-12-02,2367.222900390625,2371.6567046663813,2326.6721092420767,2340.920860453286,2509032,0.008343354912834,0.8343354912834,2312.621130371094,2289.3805615234373,59.46501173103484,18.091771256617903,14.614614892710762,3.4771563639071417,2419.955810546875,0.0222762757776415,1,0.0124161262962264,3289973.35,0.7626298857405638,0.023610339498528088,0.034001485019768296,0.019003109262284323,0.01123576639504422
2020-12-03,2332.6982421875,2388.186363583756,2325.251117362909,2388.186363583756,2852548,-0.0145844559874053,-1.458445598740532,2315.044677734375,2292.776328125,53.728251700593006,17.3154097181382,15.15477385779625,2.160635860341948,2397.141357421875,0.027625997254554,1,0.0128975451632859,3187904.35,0.8948035093963844,0.007625582617438509,0.017412040403935736,0.026979591737433143,-0.02323441848691796
2020-12-04,2348.28173828125,2358.010505060864,2323.701599662372,2333.8608409880508,2686527,0.006680459483322,0.6680459483322077,2316.8462524414062,2297.4353564453127,55.80096007794758,17.752950540561415,15.674409194349284,2.0785413462121305,2396.5380859375,0.0205496414120947,1,0.0127026189515333,3181405.6,0.8444465553213334,0.013568222667653673,0.022131800876699748,0.014610216840336865,0.006178987641394283
2020-12-07,2357.019775390625,2362.4437955311305,2329.8567953969264,2337.476277283899,1996400,0.0037210343916274,0.3721034391627409,2318.148425292969,2304.587275390625,56.96502583022389,18.59049174587972,16.25762570465537,2.332866041224346,2408.67626953125,0.0219160206799979,1,0.0126085152433276,3087004.55,0.6467110649383397,0.01676827491869659,0.02275136227640262,0.013825509855471419,0.008360939658149248
2020-12-08,2408.33349609375,2415.436327751404,2352.500850441051,2359.001059632959,4277818,0.0217705940522374,2.177059405223747,2321.191931152344,2311.2214892578127,63.10948544121398,23.12822976344796,17.63174651641389,5.496483247034071,2377.553955078125,-0.0127804313918934,0,0.0134067703646755,3118565.85,1.371726045162715,0.03754173180248177,0.042017611590796644,0.02613237635586283,0.020912426579607728
2020-12-09,2419.955810546875,2445.0954826254792,2404.759932576233,2423.571754785466,3659996,0.0048258741872651,0.48258741872651,2328.1311767578127,2318.0195458984376,64.35100409179441,27.347004237707097,19.57479806067253,7.772206177034565,2422.8828125,0.0012095270253977,0,0.0114612720787214,3063564.65,1.194685413281551,0.039441348797595976,0.04397558460143536,0.016667887022338207,-0.0014919897591029391
2020-12-10,2397.141357421875,2434.1621800923785,2393.654470457389,2426.1553089646336,2127801,-0.0094276321185569,-0.9427632118556906,2332.285302734375,2323.2965625,60.07687170217398,28.52070872765125,21.36398019406828,7.156728533582978,2443.5458984375,0.0193582830949665,0,0.0114534634864981,3007832.65,0.7074200088891249,0.027807942112169082,0.03178448938193812,0.016898339978813622,-0.01195881872671225
2020-12-11,2396.5380859375,2417.286833886007,2380.1369629478827,2404.372596916649,1795408,-0.0002516628744095,-0.0251662874409586,2337.1303100585938,2328.494643554688,59.963457686474975,29.06713122982137,22.904610401218896,6.162520828602474,2463.17578125,0.0278058152730888,1,0.0113091439976781,2975727.8,0.6033508844458153,0.025419111473256706,0.02922207382832398,0.015501473210926164,-0.003258442967282138
2020-12-14,2408.67626953125,2414.1002886805645,2372.98998597568,2412.378391185072,2483658,0.005064882408911,0.5064882408911009,2343.193493652344,2333.401401367188,61.53682504560962,30.13227881900184,24.350144084775486,5.782134734226354,2428.0048828125,0.0080245791124979,0,0.0111871472580524,2972506.05,0.8355434634018659,0.027945953271165003,0.032259716703674224,0.017067591533537544,-0.0015346355560759486
2020-12-15,2377.553955078125,2406.0943327769764,2371.9146966102685,2398.6041178788414,2365509,-0.0129209204436516,-1.2920920443651671,2347.1193969726564,2334.5591552734377,55.5130151586731,28.140716616896952,25.10825859119978,3.0324580256971707,2473.075927734375,0.0401765741013904,1,0.0116935996954733,3075840.55,0.7690609970012913,0.012966770307775377,0.018416667535525066,0.014375966565850166,-0.008776005445755554
2020-12-16,2422.8828125,2427.70421133273,2376.6068003361715,2392.577447502868,2565149,0.0190653328077197,1.906533280771972,2353.4968505859374,2336.4777490234374,61.43440644954638,29.87566116323888,26.0617391056076,3.813922057631274,2504.284912109375,0.0335972087421685,1,0.0122805258492549,3062734.35,0.8375355831954541,0.029482071283327915,0.03698090577266444,0.02108950987350267,0.01266640920182616
2020-12-17,2443.5458984375,2456.8906106062614,2414.962427959719,2420.128122992788,2863460,0.0085283059630025,0.852830596300258,2362.603552246094,2338.438388671875,63.79981760440148,32.54282216563524,27.35795571761313,5.184866448022113,2504.80224609375,0.0250686298527971,1,0.0116144994557983,3061219.25,0.9353985344238248,0.03425980889364855,0.044947735324051497,0.017158745687303315,0.009676254419023443
2020-12-18,2463.17578125,2495.030903202552,2450.4336904304423,2469.202425943726,6076692,0.0080333595636783,0.8033359563678344,2372.25048828125,2339.25279296875,65.937255319961,35.82753642702073,29.051871859494653,6.775664567526079,2522.0634765625,0.0239072240644619,1,0.0116503893058195,3156678.8,1.925027025239312,0.03832870660915222,0.05297545808376669,0.01810557456418225,-0.0024407252440726223
2020-12-21,2428.0048828125,2485.128924676578,2397.7426139699537,2463.174728390677,2705195,-0.0142786798673587,-1.4278679867358757,2379.133740234375,2339.582392578125,59.19342523105569,35.18708377722896,30.27891424304152,4.908169534187447,2523.01123046875,0.0391293890423312,1,0.012289631892815,3156365.0,0.8570602576064555,0.020541570131870968,0.03779413390820441,0.03599099463317381,-0.014278258530670853
2020-12-22,2473.075927734375,2482.675424717114,2426.7137414089384,2439.929392236456,2881737,0.0185629959976301,1.856299599763012,2385.5155395507813,2340.52107421875,64.24076785629676,37.879723218854906,31.799076038204195,6.080647180650711,2504.759033203125,0.0128112142103842,0,0.0118474460710587,3115130.95,0.9250773229934364,0.03670501689545991,0.05663476179545657,0.02262837249782414,0.013585038814396495
2020-12-23,2504.284912109375,2513.109637626907,2467.005785689479,2476.131927374888,2790988,0.0126195010937617,1.2619501093761754,2393.552453613281,2342.1430908203124,67.26051882593988,42.04726884868887,33.84871460030113,8.198554248387744,2464.68212890625,-0.0158140086264255,0,0.0120162928987107,3098654.55,0.9007096321853626,0.04626280837461216,0.06922797412530168,0.018409986704984897,0.01136974343864371
2020-12-24,2504.80224609375,2515.1336348727555,2482.288301930581,2504.500829843972,1807144,0.0002065795237089,0.0206579523708949,2402.50849609375,2343.860673828125,67.30979949386872,44.87453757909407,36.05387919605972,8.820658383034349,2521.07421875,0.0064963103101756,0,0.0117634579868241,3023899.3,0.5976204300189494,0.0425778931339138,0.0686651617405083,0.013112944542187702,0.0001203498302680682
2020-12-28,2522.0634765625,2539.540780252204,2498.4735621546847,2505.3611529531813,2108994,0.0068912547869472,0.6891254786947298,2411.496752929688,2347.111611328125,68.98717958023269,47.95520767501967,38.43414489185171,9.521062783167956,2616.81201171875,0.0375678629966085,1,0.0117597769947008,3012294.05,0.7001288602618327,0.045849833095767734,0.07453921849731615,0.016283181799013554,0.0066666331078179715
2020-12-29,2523.01123046875,2541.5216353331343,2513.971265302423,2513.971265302423,1994151,0.0003757851120946,0.0375785112094684,2422.295227050781,2349.990625,69.08098933546194,49.89794429910626,40.72690477330262,9.171039525803636,2662.91552734375,0.0554513175309994,1,0.0109374087388656,2807661.2,0.7102534308626696,0.04157874824391006,0.07362608328224707,0.010919638286981668,0.0035958904109588082
2020-12-30,2504.759033203125,2537.819391590143,2498.474063300336,2526.3687275523416,2637968,-0.0072342909318853,-0.7234290931885323,2430.1513916015624,2353.3956689453125,65.00301495482853,49.39537811959053,42.4605994425602,6.93477867703033,2627.186279296875,0.0488778539056462,1,0.0107857642774377,2759308.75,0.956024946465306,0.03070082047538336,0.0643170063815266,0.015708228922720485,-0.008553658107600571
2020-12-31,2464.68212890625,2501.057229752041,2449.4002818053555,2496.7524840898177,4040956,-0.0160003033288291,-1.600030332882918,2435.024353027344,2355.5265283203125,57.04077826068388,45.24170138979662,43.01681983200749,2.224881557789125,2611.0859375,0.0594006857422704,1,0.0115342438249403,2835904.95,1.4249264595416005,0.012179662943425429,0.046340212803196223,0.02095886822111599,-0.012844827586206982
2021-01-01,2521.07421875,2531.1903707419106,2478.6724752945443,2479.533424400239,2681440,0.0228800660265164,2.288006602651649,2444.443151855469,2359.8803564453124,63.766260711512416,45.97033560453292,43.60752298651258,2.3628126180203424,2686.935791015625,0.0657900394332153,1,0.0117256266425163,2827349.55,0.9483935228313032,0.03134908939746217,0.0683059468944831,0.020831554682831092,0.016753472222222326
2021-01-04,2616.81201171875,2626.540779746348,2532.0085152654137,2539.800147587225,5113293,0.0379749998063201,3.797499980632013,2457.869665527344,2366.222109375,71.82952816649568,53.654527256269375,45.61692384046394,8.037603415805435,2734.761474609375,0.0450737241966245,1,0.0139797630004835,2948687.85,1.7340909788060477,0.06466671053418316,0.10590295025598406,0.036124973462975114,0.030322017346398306
2021-01-05,2662.91552734375,2681.210695451107,2616.940930153381,2616.940930153381,5801309,0.0176181993274782,1.7618199327478212,2473.164453125,2373.216455078125,74.74422822854456,62.7412310531422,49.0417852829996,13.699445770142605,2733.38427734375,0.0264630061586266,1,0.0142287800520763,3138933.3,1.848178487895872,0.07672400190734896,0.12207022736832007,0.024135112299951442,0.01756806837350905
2021-01-06,2627.186279296875,2680.5651255418056,2614.8746646566897,2668.942312246538,3726716,-0.0134173418871137,-1.3417341887113745,2484.1070922851563,2379.4721142578123,68.80293194728293,66.29524722013639,52.49247767042696,13.802769549709431,2719.695068359375,0.0352121163967324,1,0.0143788279608693,3111378.2,1.197770171430783,0.05759783362644755,0.10410467244173938,0.025004112347411074,-0.015645161290322444
2021-01-07,2611.0859375,2652.454575316985,2583.0620079986484,2647.417940036945,3717827,-0.0061283594253483,-0.6128359425348395,2493.6635986328124,2386.4053271484377,66.24747379467645,67.03987367805757,55.40195687195309,11.637916806104483,2804.012939453125,0.0738876492659004,1,0.0145713331136035,3114269.75,1.193803780163873,0.04708828365284168,0.0941502299695407,0.0265761330646884,-0.013723561356707374
2021-01-08,2686.935791015625,2693.0486133134364,2634.5040782414053,2660.3325495967133,5879039,0.0290491601315305,2.9049160131530583,2508.1533203125,2394.992431640625,71.5992295370991,72.90998387650097,58.90356227286267,14.006421603638302,2789.046875,0.0380028001881571,1,0.015242528672807,3301831.65,1.780538689790559,0.07128051911948097,0.12189740373209124,0.021788587307440658,0.009999968396035506
2021-01-11,2734.761474609375,2780.86533670378,2709.0191829689534,2780.86533670378,9508039,0.0177993399595426,1.7799339959542635,2525.064489746094,2404.3561083984373,74.35982120694248,80.49334430297085,63.22151867888431,17.271825624086546,2779.041015625,0.016191372237299,0,0.0153969841784365,3687463.2,2.5784769865635537,0.08304618979627221,0.13741948002495508,0.026271451606246186,-0.016578962485487677
2021-01-12,2733.38427734375,2763.64655350208,2711.989608576808,2734.761669759502,3611458,-0.0005035895373002,-0.050358953730023,2541.2998901367187,2413.137783203125,74.13634931979959,85.4075585953633,67.65872666218011,17.748831933183183,2812.638671875,0.0289949697845879,1,0.0154788942264833,3743853.2,0.9646366476121446,0.07558509247670786,0.13270957687113083,0.018898530057936538,-0.0005036608604629568
2021-01-13,2719.695068359375,2735.235241372653,2691.542075335617,2733.513343203706,3572801,-0.0050081538471706,-0.5008153847170682,2558.406945800781,2422.6831298828124,71.82571405581042,87.19240430608716,71.56546219096153,15.62694211512563,2854.129638671875,0.0494300158412965,1,0.0150528144653442,3804217.8,0.939168362021754,0.06304240332966682,0.12259627964261655,0.016065465038841067,-0.005055133489173245
2021-01-14,2804.012939453125,2817.641863076815,2691.617754288858,2721.463363847344,6931542,0.0310026929396221,3.10026929396221,2577.4634521484377,2433.415463867188,76.6525783581092,94.32335400366446,76.11704055350212,18.20631345016234,2823.982177734375,0.0071216640980069,0,0.0157816176476833,4022537.45,1.7231764989534155,0.08789629475283056,0.15229519212349496,0.04494419658867037,0.03033278959488916
2021-01-15,2789.046875,2824.1109663222087,2768.905376265818,2790.470059881596,4131692,-0.0053373735343902,-0.5337373534390233,2594.7385009765626,2443.51185546875,74.22195740668207,97.64149630033626,80.42193170286896,17.219564597467297,2849.212646484375,0.0215721621689757,1,0.0160342257181533,4085949.05,1.0111951836501731,0.0748855323765023,0.141409184800114,0.01979371180571876,-0.0005100161804483073
2021-01-18,2779.041015625,2809.231575273289,2749.411053561698,2803.4091101982617,4160906,-0.0035875551123535,-0.3587555112353535,2610.5317626953124,2452.8476708984376,72.56523202962526,98.33026861909184,84.00359908611354,14.3266695329783,2839.0341796875,0.0215877217087447,1,0.0161952238609979,3990159.75,1.042791833083876,0.06454978075260254,0.1329855696285791,0.02152559871382018,-0.008692307692307657
2021-01-19,2812.638671875,2828.4240632946203,2787.882455800004,2788.7450431935063,2975735,0.0120896582889922,1.2089658288992222,2629.7634521484374,2462.48091796875,74.61425708742864,100.42948710394012,87.28877668967887,13.14071041426125,2812.941162109375,0.0001075467806794,0,0.0155009773653356,4003686.75,0.7432487069574062,0.06954055870582554,0.14219714408795814,0.014414083081489336,0.008567878494239173
2021-01-20,2854.129638671875,2870.648105502872,2818.1597810756234,2820.661200655656,3453446,0.0147516164133574,1.475161641335743,2648.8161376953126,2472.6142431640624,76.9079617711331,104.23949908465192,90.6789211686735,13.560577915978428,2757.303955078125,-0.0339247672151312,-1,0.0153806773679606,4032272.2,0.8564516056232513,0.07751142031141578,0.15429636732158003,0.01839030845553089,0.011865458357224624
2021-01-21,2823.982177734375,2854.431348081658,2813.846774585608,2850.851694185324,2778546,-0.0105627510849607,-1.0562751084960742,2664.8010009765626,2483.47046875,71.8294983671205,103.63171102797696,93.2694791405342,10.36223188744276,2683.811767578125,-0.0496357276123838,-1,0.0158259389577797,4031650.1,0.6891833197528724,0.059734733175001775,0.13711123738699582,0.014371398593106747,-0.009425083916414473
2021-01-22,2849.212646484375,2868.1032271116046,2796.422126882678,2796.422126882678,3052459,0.008934358350038,0.8934358350038085,2682.021520996094,2494.173544921875,73.41186859613009,103.98722261003512,95.4130278344344,8.574194775600745,2707.96435546875,-0.0495744995340766,-1,0.0157738770406534,4093915.85,0.7456086328691881,0.06233772703888918,0.14234739290109055,0.025158213556777966,0.0188778793781557
2021-01-25,2839.0341796875,2880.8696719465147,2828.1223218457994,2854.258764282846,2272887,-0.0035723787796021,-0.3572378779602148,2697.870056152344,2504.9614697265624,71.66302729314054,102.26876028614151,96.78417432477582,5.484585961365696,2763.25537109375,-0.0266917563500737,-1,0.0159356850525759,4102110.5,0.5540774681715668,0.05232428567611658,0.13336441059007753,0.01857932901199566,-0.005333988910137052
2021-01-27,2812.941162109375,2852.1025525039727,2783.570014017095,2846.538904944659,2786662,-0.0091908078334573,-0.9190807833457382,2712.366552734375,2515.472041015625,67.24077553942433,97.6754364331423,96.96242674644913,0.7130096866931694,2760.32275390625,-0.0187058332082805,0,0.0162555303007576,4141736.05,0.6728246238675688,0.03708002123592369,0.11825578509457269,0.02436330322511478,-0.011803015506628793
2021-01-28,2757.303955078125,2824.973898403804,2746.3059650919727,2786.1574631585613,3083938,-0.0197790155658743,-1.977901556587436,2724.993798828125,2524.63740234375,58.895240093412895,88.52527232436023,95.27499586203136,-6.74972353767113,2750.316650390625,-0.0025341075200039,0,0.0170008582528496,4164034.55,0.7406129711387721,0.011856965055808466,0.09215840362595373,0.02853074401425663,-0.010356022034636255
2021-01-29,2683.811767578125,2774.8147510394783,2674.0213149781584,2768.9491137784144,5445659,-0.026653640185243,-2.665364018524308,2735.9502807617187,2532.406962890625,50.05732772711577,74.48488067418248,91.11697282446158,-16.632092150279107,2724.007568359375,0.0149771311337243,0,0.0178381139917429,4234269.7,1.28609167243173,-0.01905682042185275,0.05978691691586513,0.03755607501202515,-0.030747168944579777
2021-02-01,2707.96435546875,2730.089642266162,2625.8028899313563,2674.021450560854,3985846,0.008999359859138,0.8999359859138023,2745.294787597656,2541.3380126953125,52.57601759638408,64.56244544467245,85.80606734850376,-21.24362190383131,2772.4423828125,0.0238105155311725,1,0.0173452161849459,4299490.0,0.9270508827791204,-0.0135979685305756,0.0655663835117768,0.03851112446299309,0.012693579889112917
2021-02-02,2763.25537109375,2780.981583042147,2717.150119907805,2737.852216059484,2881837,0.020417925927769,2.041792592776903,2752.6169555664064,2551.19837890625,57.82025612529424,60.46338267431884,80.73753041366678,-20.27414773934794,2740.35400390625,-0.0082878214685004,0,0.0159050055369971,4187917.2,0.6881313221760926,0.0038648368803477773,0.08312054207184505,0.023100095561951688,0.009278497533671909
2021-02-03,2760.32275390625,2791.332727721468,2728.0618599311533,2771.493218222829,2505866,-0.001061290685681,-0.106129068568106,2757.4873168945314,2560.598037109375,57.45733239470262,56.32888388857919,75.85580110864926,-19.526917220070075,2771.752685546875,0.0041407953560683,0,0.0155360704456633,4023145.05,0.6228624543378072,0.0010282683783697788,0.07799924623168941,0.022921547018651137,-0.004030485892273575
2021-02-04,2750.316650390625,2792.928592710051,2739.5774797814165,2774.124145975899,2057261,-0.0036249759204661,-0.3624975920466178,2763.643835449219,2568.6955712890626,56.16202625869664,51.64947192256796,71.014535271433,-19.36506334886505,2765.455078125,0.0055042490224626,0,0.0151777074323916,3939672.3,0.5221908938974442,-0.004822323661119565,0.07070556788884819,0.01939817108733897,-0.00858198636128406
2021-02-05,2724.007568359375,2765.325627089388,2699.0357077171384,2759.373648262348,2366135,-0.0095658374563937,-0.9565837456393722,2769.2899169921875,2576.3047900390625,52.792093499055404,45.29593780513597,65.8708157781736,-20.57487797303763,2752.34423828125,0.0104025665167082,0,0.0152983703244898,3872087.7,0.6110747439940474,-0.016351609975886916,0.057331251679298756,0.024335438763914658,-0.012816705677117719
2021-02-08,2772.4423828125,2782.707089139848,2721.592684609688,2751.2226474927297,2526592,0.0177807194868759,1.7780719486875984,2773.5652465820312,2585.240009765625,57.81105393476523,43.66565054352122,61.42978273124312,-17.7641321877219,2708.394775390625,-0.0231015107181062,-1,0.0144422033690385,3704465.35,0.6820395823111154,-0.0004048449088821515,0.07241198973392282,0.022043525560362567,0.007712838268145419
2021-02-09,2740.35400390625,2799.786405962383,2729.2267099642486,2755.9669210922166,2658751,-0.0115740471669236,-1.157404716692367,2773.844873046875,2593.201123046875,53.73507692373319,39.33098898086337,57.01002398116718,-17.679035000303813,2681.611328125,-0.0214361632466152,-1,0.0142068669588115,3362000.95,0.7908239883156487,-0.012073807539149661,0.05674564905574231,0.025748387214774,-0.005665132286776152
2021-02-10,2771.752685546875,2777.014343377286,2723.4477815441405,2747.3414151555307,2127983,0.0114578925189474,1.1457892518947466,2775.763293457031,2602.495341796875,56.93468501608007,37.991408354889245,53.20630085591159,-15.214892501022348,2650.817626953125,-0.0436312587426569,-1,0.0144258749417717,3287827.2,0.6472307912045986,-0.0014448666857184156,0.06503655973237499,0.019325880736930395,0.008885415644623224
2021-02-11,2765.455078125,2776.927532139676,2747.383915038683,2773.218364370516,1165882,-0.0022720668603347,-0.2272066860334765,2778.0512939453124,2610.851728515625,56.09670977756168,36.00655561023086,49.76635180677545,-13.759796196544585,2637.23193359375,-0.0463660196636375,-1,0.0143808406872573,3167481.25,0.3680785797863839,-0.004534191232453355,0.059215675835131876,0.010683094198378242,-0.0027993779160186394
2021-02-12,2752.34423828125,2799.527732432653,2744.753426159513,2746.6510765417843,2777404,-0.0047409339415628,-0.474093394156283,2775.4678588867187,2618.5541552734376,54.30473627412509,32.99526147106599,46.41213373963356,-13.416872268567571,2649.739013671875,-0.0372792120921068,-1,0.0125519192954475,2959774.35,0.938383698068064,-0.00833143159321037,0.05109311286855611,0.019900964970626253,0.002072764825532113
2021-02-15,2708.394775390625,2768.042602007056,2701.235258795116,2768.042602007056,2630853,-0.0159680109338612,-1.5968010933861243,2771.43525390625,2626.0680859375,48.68985684398109,26.754031000717987,42.48051319185045,-15.726482191132462,2551.922119140625,-0.0577732085705386,-1,0.0129698703512856,2884732.4,0.911992044738708,-0.02274650956639579,0.031349792449777425,0.024666767126776967,-0.021548738654954706
2021-02-16,2681.611328125,2732.3744622498484,2674.020518084178,2717.149881279084,3435770,-0.0098890484906366,-0.9889048490636654,2766.56376953125,2632.734677734375,45.5958209284824,19.42271753409113,37.86895406029858,-18.44623652620745,2570.682861328125,-0.0413663477751031,-1,0.0131020320387421,2848475.6,1.206178490698674,-0.03070684375391919,0.01856497382891864,0.02176077627419324,-0.013079349578373128
2021-02-17,2650.817626953125,2702.357228065124,2627.0533001377667,2678.4204258750324,3678426,-0.011483282774393,-1.148328277439303,2758.472717285156,2638.610634765625,42.26999758961094,11.000991875198906,32.49536162327865,-21.49436974807974,2542.994140625,-0.0406755580737775,-1,0.0128540809250639,2883610.15,1.2756322140147829,-0.03902706365643638,0.004626295379342338,0.028407811673529806,-0.010305625903703906
2021-02-18,2637.23193359375,2672.209687664128,2614.5026691089115,2643.830643622175,4189909,-0.0051250954502631,-0.5125095450263184,2747.62783203125,2643.188603515625,40.85415500686924,3.193647323179448,26.63501876325881,-23.44137144007936,2583.708251953125,-0.020295401765323,-1,0.0121692892750384,2920433.3,1.4346874486056571,-0.04017862140954043,-0.00225359246553658,0.02188166229148429,-0.002495889834828661
2021-02-19,2649.739013671875,2662.9364315448893,2601.6927301955807,2637.792094735,3725028,0.0047425028943441,0.4742502894344191,2738.915673828125,2647.784267578125,42.7551372968634,-1.9618971181612324,20.915635586974805,-22.87753270513604,2496.587158203125,-0.0577988453498745,-1,0.0122076804844298,2967757.4,1.2551659377548852,-0.03255911126011757,0.0007382573110981117,0.02311310700159868,0.004529135924215194
2021-02-22,2551.922119140625,2670.57107987573,2538.724487383171,2670.57107987573,5366696,-0.0369156713270791,-3.691567132707918,2724.051147460937,2650.8798828125,33.6467815867599,-13.781840650272898,13.976140339525266,-27.757980989798163,2522.37841796875,-0.0115770387153602,0,0.0140005932157883,3083469.25,1.740473332107982,-0.06318861834909084,-0.03733015755013536,0.051665601980423734,-0.0444283103450016
2021-02-23,2570.682861328125,2611.914580107528,2560.159337436969,2561.8845121926547,3832829,0.0073516123579107,0.7351612357910708,2710.633581542969,2654.3627783203124,36.443399684818566,-21.38883873425993,6.903144524768226,-28.29198325902816,2593.239501953125,0.0087745715211817,0,0.0142858628594941,3161466.35,1.2123579933090225,-0.05163026134103299,-0.03152542586704754,0.020132877317982283,0.0034343269938971587
2021-02-24,2542.994140625,2590.6520971446007,2519.747240418704,2563.6098964027583,3774549,-0.0107709593896851,-1.0770959389685195,2697.13623046875,2657.0491357421874,34.15534003225268,-29.31377690476438,-0.340239761138295,-28.97353714362609,2638.741455078125,0.0376514097785505,1,0.0143154446790515,3210860.7,1.1755567595940863,-0.057150279656790204,-0.04292543693789419,0.027882430239681937,-0.008041689886860789
2021-02-25,2583.708251953125,2613.553651608383,2560.547694496672,2565.335097001332,4224073,0.0160103048126247,1.6010304812624776,2688.4564453125,2661.1722216796875,40.1096577720582,-31.940864574513853,-6.660364723813407,-25.280499850700444,2630.633056640625,0.0181618047053213,0,0.0145961978675058,3267867.45,1.2926084257181238,-0.03896220581962939,-0.029108965250534746,0.020515457606965323,0.0071620877027993865
2021-02-26,2496.587158203125,2563.9121577933784,2484.2521142672244,2553.2591174413137,5553153,-0.0337194006653582,-3.371940066535828,2679.09521484375,2662.64630859375,33.1926743519592,-40.584956528596194,-13.445283084769963,-27.13967344382623,2594.705810546875,0.0393011123290281,1,0.0152653431658104,3273242.15,1.6965298457983014,-0.06812301990217595,-0.0623662068276456,0.031907575613537895,-0.022195929449957724
2021-03-01,2522.37841796875,2557.572031379109,2503.0565414965754,2523.9311176442743,3265871,0.0103306065966419,1.0330606596641978,2669.81591796875,2664.222958984375,36.6742971451141,-44.83746418620558,-19.723719305057088,-25.11374488114849,2593.75732421875,0.0282982544337977,1,0.015325485812869,3237243.4,1.0088432028311496,-0.05522384483802667,-0.05324049195555969,0.021612732448937775,-0.0006151909870557522
2021-03-02,2593.239501953125,2609.3266714092324,2542.907447046088,2553.258494998786,3306469,0.0280929631650745,2.809296316507459,2661.3151245117188,2666.8242333984376,45.13443441592439,-42.00549665781591,-24.18007477560885,-17.82542188220706,2631.711181640625,0.0148353746958291,0,0.0160338174597825,3258475.0,1.0147289759780265,-0.025579692510515395,-0.027592643910971493,0.025612452807818292,0.015658816775760163
2021-03-03,2638.741455078125,2642.968049510322,2585.088345128961,2617.9530124881944,3509857,0.017546375138405,1.7546375138405068,2655.2360595703126,2671.03896484375,49.77454373275879,-35.67823812665256,-26.4797074458176,-9.198530680834963,2648.963134765625,0.003873695040425,0,0.0166818874672459,3308674.55,1.060804544828986,-0.0062121047327358125,-0.01209174040166583,0.02193458713811257,0.007940724104200983
2021-03-04,2630.633056640625,2658.02020976572,2601.6070715025844,2607.602012509075,3916760,-0.003072827927835,-0.3072827927835031,2649.2518798828123,2674.190107421875,48.97960554402996,-30.96121849039445,-27.376009654732968,-3.58520883566149,2637.7490234375,0.0027050396781533,0,0.0166797169464528,3401649.5,1.1514296225992713,-0.007027955093122706,-0.016287941033198416,0.021444700590502196,0.008832269656591205
2021-03-05,2594.705810546875,2642.27741665036,2584.829227925613,2601.6496805392176,3203686,-0.0136572624612381,-1.3657262461238109,2642.786791992188,2675.998525390625,45.511288905878125,-29.77870457783729,-27.856548639353832,-1.9221559384834563,2644.82275390625,0.0193150773223158,0,0.0168008913929288,3443527.05,0.9303501768629928,-0.018193288081732928,-0.030378460254152695,0.02214054036154448,-0.002669025750962514
2021-03-08,2593.75732421875,2616.227769700516,2584.312033637568,2601.563782860783,2003125,-0.000365546769992,-0.0365546769992009,2633.8525390625,2677.777626953125,45.41984790702458,-28.588537834027647,-28.0029464782886,-0.5855913557390515,2682.690673828125,0.0342874596551403,1,0.0161365835259876,3417353.7,0.586162620509548,-0.01522302947834031,-0.0313768783070969,0.012304827350246045,-0.003000679319669996
2021-03-09,2631.711181640625,2645.469409575345,2580.9480357307766,2593.7573332178704,1942397,0.0146327711800513,1.4632771180051352,2628.4203979492186,2679.9705810546875,49.7689869582294,-24.3026175670866,-27.2628806960482,2.9602631289616,2685.191650390625,0.0203215569866066,1,0.0164812458167393,3381536.0,0.5744126337853567,0.001252000514823992,-0.018007436258897447,0.024516890111150103,0.014632767659751834
2021-03-10,2648.963134765625,2668.15570731994,2639.5178434248423,2652.456656382807,3053778,0.0065554127844094,0.6555412784409409,2622.2809204101563,2682.489619140625,51.65475949975582,-19.29152574037153,-25.668609704912864,6.377083964541338,2619.245849609375,-0.0112184593157349,0,0.0163078080502439,3427825.75,0.890879006904012,0.010175192958081336,-0.012498271805331695,0.010810971100068406,-0.0013170890497966642
2021-03-12,2637.7490234375,2688.684850091769,2623.4301993562667,2652.4561803119,2938317,-0.0042333965244545,-0.4233396524454536,2615.895617675781,2685.1494189453124,50.33202390025281,-16.040183181623433,-23.74292440025497,7.702741218631544,2631.064453125,-0.0025341949719646,0,0.0163145659182225,3516447.5,0.8355924551695995,0.008354081720254536,-0.01765279621810789,0.02473876405817518,-0.0055447313262195225
2021-03-15,2644.82275390625,2673.1588393934207,2623.128761082734,2623.128761082734,3097083,0.0026817299166437,0.2681729916643727,2610.5195434570314,2688.7522314453126,51.18123913748245,-12.745754721488993,-21.543490464501783,8.79773574301279,2699.596435546875,0.0207097740518631,1,0.0163389431810306,3532431.45,0.8767567166802345,0.013140376801696663,-0.01633823936073453,0.0189162310543477,0.008270273707250858
2021-03-16,2682.690673828125,2709.387718589675,2639.518121262148,2639.518121262148,4894756,0.014317753379105,1.4317753379105014,2609.234338378906,2691.984560546875,55.5615767163496,-6.9985963077124325,-18.634511633143912,11.63591532543148,2710.767333984375,0.0104658581886316,0,0.0163662889330377,3645626.6,1.3426377786468862,0.028152448543528052,-0.003452429428815851,0.026044596944837156,0.016356225107230258
2021-03-17,2685.191650390625,2721.46349599781,2661.3411908355,2678.334122051727,3838390,0.0009322642326599,0.0932264232659907,2609.4133544921874,2693.3521533203125,55.84337578210327,-2.2165726815887865,-15.350923842832888,13.1343511612441,2692.2216796875,0.0026180735724588,0,0.01621243285701,3665757.6,1.0470932393347558,0.029040357200587952,-0.0030298685300499395,0.022390321805731608,0.002560370747785945
2021-03-18,2619.245849609375,2714.0872634976304,2576.590957671183,2696.4042271343856,3656306,-0.0245590666765467,-2.4559066676546726,2607.834765625,2692.478759765625,47.32205837699363,-3.705346567528068,-13.021808387771925,9.316461820243855,2643.701416015625,0.0093368732110035,0,0.0169547153239655,3664651.6,0.9977226757381248,0.004375692867811143,-0.02719906699008645,0.052494616283138604,-0.028615285775238135
2021-03-19,2631.064453125,2673.158766887321,2592.0755387210065,2613.6402270631115,5776626,0.0045122161851998,0.4512216185199813,2607.5263916015624,2692.556323242188,48.829088496016,-3.88674410008025,-11.19479553023359,7.3080514301533395,2645.383056640625,0.0054421333155174,0,0.016952138537035,3743987.45,1.5429074154615554,0.009026969621189762,-0.02283772843910037,0.030817651794888223,0.006666650551773794
2021-03-22,2699.596435546875,2708.0498337575755,2603.8492389926228,2629.770031169302,2821646,0.0260472457603526,2.604724576035266,2610.0192626953126,2694.326533203125,56.585180467046406,1.4823674747372024,-8.659362929239432,10.141730403976634,2724.525146484375,0.0092342361285011,0,0.017906951790708,3698818.35,0.7628506547232848,0.03432050258474262,0.001955925638116529,0.03859858214097994,0.026552285389960642
2021-03-23,2710.767333984375,2733.5395578340426,2693.7312322907105,2708.5245224357504,3305973,0.0041379882898078,0.4137988289807826,2617.9615234375,2694.8031640625,57.71038890519377,6.563169097033551,-5.614856523984836,12.178025621018389,2741.173828125,0.011216932474958,0,0.0155147617223462,3595782.2,0.9194030161226115,0.035449646496338305,0.005924057881024902,0.01468526090168739,0.0008280565784235986
2021-03-24,2692.2216796875,2719.134365061862,2683.638766387938,2683.6819378774467,2207104,-0.0068414777116323,-0.6841477711632349,2624.038464355469,2693.9523681640626,55.15465354811002,8.989634764927814,-2.693958266202306,11.68359303113012,2730.089111328125,0.0140654953959884,0,0.0156360369115442,3514495.95,0.6280001546167666,0.025984076170460613,-0.0006424346981835916,0.013184500719882725,0.0031820990742321364
2021-03-25,2643.701416015625,2700.632191713419,2630.89190724656,2684.5448082856474,3179786,-0.018022387992027,-1.8022387992027045,2629.073828125,2692.1587109375,49.03616622648255,6.917703530735707,-0.7716259068147031,7.689329437550411,2793.833740234375,0.0567886839675781,1,0.0160371556493037,3484757.8,0.9124840756508245,0.005563779812549852,-0.017999419842896436,0.026379788596537515,-0.015214271016807874
2021-03-26,2645.383056640625,2689.547489004796,2624.896606074921,2665.9556395899776,3697370,0.0006360932497189,0.0636093249718916,2632.157568359375,2690.672470703125,49.24631372074733,5.34970932553415,0.4526411396550674,4.897068185879082,2816.08935546875,0.0645298980046031,1,0.0156984899946469,3458422.65,1.0690914252484438,0.005024580762273079,-0.016832005588054644,0.02443913850872518,-0.007716776169807794
2021-03-30,2724.525146484375,2750.316422403273,2640.2933706563263,2659.3566341390606,4694008,0.0299170623494704,2.9917062349470447,2643.5544677734374,2689.08271484375,58.01969029516542,10.373587593034244,2.436830430330903,7.936757162703341,2821.8681640625,0.0357284342571522,1,0.0146409881645051,3415465.4,1.3743392042560292,0.030629472438725935,0.01318011954224474,0.04038246880889184,0.02450536776779924
2021-03-31,2741.173828125,2764.5929950000286,2701.624106190356,2721.463619102992,3530069,0.0061106727761746,0.6110672776174608,2654.49423828125,2688.12525390625,59.6017355609235,15.519556992258911,5.053375742716505,10.466181249542409,2861.50439453125,0.0438974592459748,1,0.0145825173124846,3428675.3,1.0295722665835405,0.03265390016437708,0.019734413097627357,0.02297150518642742,0.007242503219096636
2021-04-01,2730.089111328125,2773.218481175331,2712.837363389243,2752.602726625417,4285076,-0.0040437847038897,-0.4043784703889774,2661.33671875,2687.1462158203126,58.03360487920665,18.49018743814304,7.740738081801812,10.749449356341229,2865.731201171875,0.0496841254305298,1,0.0135533883121077,3477605.65,1.2321914648373085,0.02583378198397135,0.015980855546672723,0.022116903633491284,-0.008179028190127766
2021-04-05,2793.833740234375,2814.6221770509164,2718.0124057270723,2735.26415060633,5317862,0.0233489187740247,2.3348918774024785,2669.0913330078124,2686.7701171875,63.913525696928254,25.691931689540525,11.330976803349555,14.360954886190967,2800.433349609375,0.0023622054812919,0,0.013945226701916,3568005.9,1.4904297103320374,0.04673590809123418,0.039848449393559804,0.03457964227883494,0.021412772735335896
2021-04-06,2816.08935546875,2824.9740487941745,2786.157611482499,2824.9740487941745,2291562,0.0079659769705937,0.7965976970593758,2678.364147949219,2686.0093115234376,65.7194450292587,32.8169150768299,15.628164458045624,17.188750618784276,2677.514404296875,-0.0492082933742025,-1,0.0139126456417512,3486746.0,0.6572208012857834,0.051421390039507964,0.048428739017116085,0.013783808825630975,-0.003145053077289979
2021-04-07,2821.8681640625,2827.173202604607,2790.2975935030586,2811.1721651917283,2491268,0.0020520686186777,0.2052068618677793,2689.722265625,2685.96703125,66.19254160571023,38.48617266036945,20.19976609851039,18.286406561859057,2776.625732421875,-0.0160327942378044,0,0.0133237879801647,3451125.1,0.7218712529429895,0.049129941825719836,0.05059672409651794,0.01306780010886848,0.0038048181478213573
2021-04-08,2861.50439453125,2876.728977898369,2817.2536188096706,2820.6607969198403,2578118,0.0140460957650436,1.4046095765043676,2703.109619140625,2686.2128662109376,69.32002936883507,45.651174363950304,25.29004775159837,20.36112661235193,2756.09619140625,-0.0368366385620271,-1,0.0134479325618227,3479874.75,0.7408651705064959,0.058597244547182736,0.06525600801234033,0.020784647125604468,0.014480152188455577
2021-04-09,2865.731201171875,2893.420342992683,2853.4393298146024,2893.118353143342,2911129,0.0014771274329345,0.1477127432934599,2714.810620117188,2686.746806640625,69.64254676948588,51.081719540492486,30.4483821093772,20.63333743111529,2727.3291015625,-0.048295562247003,-1,0.0132730695721838,3528311.35,0.8250771293185336,0.055591568684880244,0.06661751456775455,0.01395141776092998,-0.009466308884913496
2021-04-12,2800.433349609375,2879.403273387137,2771.665973691975,2865.731177961672,3791828,-0.0227857558782198,-2.278575587821985,2722.384130859375,2686.496650390625,59.27571182469507,49.54534689558432,34.267775066618626,15.27757182896569,2712.44921875,-0.0314180413797913,-1,0.0145744302685085,3565213.85,1.063562568624039,0.028669436419820116,0.04241088452583153,0.03847165286407895,-0.022785747963541332
2021-04-13,2677.514404296875,2772.355844796707,2650.7741954640505,2772.355844796707,8654596,-0.0438928301327526,-4.38928301327527,2724.372399902344,2684.900859375,45.53470189539659,37.97151688509439,35.00852343031378,2.9629934547806087,2690.2373046875,0.0047517579626117,0,0.0179101648466144,3851027.8,2.2473470588812683,-0.01719955598109446,-0.0027511090595145893,0.045408401589751415,-0.03420969233723554
2021-04-15,2776.625732421875,2792.411124320326,2663.195486735529,2726.035064495398,6062760,0.0370161699096542,3.701616990965429,2730.962548828125,2686.757138671875,54.661145470847146,36.37729428416742,35.28227760108451,1.0950166830829104,2682.215576171875,-0.0340017580142686,-1,0.0196506815294295,3999311.65,1.5159508761964076,0.016720545513648544,0.03344872242320496,0.04653693008603307,0.018558333524532913
2021-04-16,2756.09619140625,2800.821434678752,2745.2708874426585,2785.2948606645173,3224657,-0.0073937012021128,-0.7393701202112801,2734.6328247070314,2687.719775390625,52.6916100987599,33.076019239070774,34.841025928681766,-1.765006689610992,2674.7109375,-0.0295291775954759,-1,0.0195699067994212,3915806.7,0.8234974928665401,0.007848719764240286,0.025440306925482048,0.020155518304950756,-0.010483151953004012
2021-04-19,2727.3291015625,2750.7914386004254,2704.2980582590685,2733.53968922068,2679106,-0.0104376218556697,-1.0437621855669763,2736.739697265625,2687.00125,49.9743359222148,27.817804908635026,33.43638172467242,-5.618576816037397,2701.6240234375,-0.00942500049234,0,0.0197525694505138,3857842.5,0.694457070240685,-0.003438615558698399,0.015008497507211782,0.017047220416018225,-0.0022719946897681908
2021-04-20,2712.44921875,2782.146321965287,2696.750170373957,2781.844332141803,3141893,-0.0054558442558234,-0.5455844255823461,2741.399865722656,2686.043779296875,48.57884367017202,22.19411009594478,31.18792739892689,-8.993817302982116,2694.80908203125,-0.0065033979610793,0,0.0188967217678915,3832121.85,0.8198833760988053,-0.010560534176222602,0.009830606506360473,0.031483041599828926,-0.024945721293604613
2021-04-22,2690.2373046875,2715.424811647797,2678.549204691652,2715.424811647797,1988980,-0.0081888773839372,-0.8188877383937254,2744.358508300781,2684.8421923828123,46.491816652706646,15.763266484480935,28.102995216037705,-12.339728731556768,2687.17529296875,-0.0011381939107805,0,0.0190180418227455,3642739.55,0.5460121352897711,-0.019720894135945466,0.0020094709178790637,0.013707194860428314,-0.00927571511177749
2021-04-23,2682.215576171875,2690.410156642572,2666.3008804288893,2678.3339327910185,1615309,-0.0029817921644488,-0.2981792164448826,2743.489465332031,2684.0063525390624,45.72775667229865,9.905307916025777,24.46345775603532,-14.55814984000954,2618.513427734375,-0.0237498242137633,-1,0.0181150052825338,3582422.7,0.4508984939158631,-0.022334289937847585,-0.0006672027305349992,0.008988567670646404,0.0014492753623188339
2021-04-26,2674.7109375,2719.737955733293,2663.712948620964,2675.789171703827,2490260,-0.002797925244542,-0.2797925244542032,2741.6866455078125,2682.0517236328124,44.98294692658205,4.604197600350744,20.49160572489841,-15.887408124547662,2619.677978515625,-0.0205752921606598,-1,0.0180946360971763,3541637.05,0.7031381151832032,-0.024428651654101574,-0.0027370039392340395,0.020946191353557693,-0.00040295932700121906
2021-04-27,2701.6240234375,2705.160716389788,2676.6089861834494,2679.196748658006,1471417,0.0100620540186877,1.006205401868776,2742.1567626953124,2681.2771240234374,48.23896495767676,2.545349392482421,16.902354458415207,-14.357005065932784,2630.675537109375,-0.0262614211720887,-1,0.0181780910496792,3504852.7,0.4198227788574395,-0.014781335556458886,0.007588510427273709,0.010568358127793753,0.008370895041854473
2021-04-28,2694.80908203125,2718.012596283586,2684.3716914105107,2717.1068374954057,1639037,-0.0025225350926435,-0.2522535092643552,2744.7121459960936,2679.738251953125,47.47280807042996,0.3596427995794329,13.593812126648052,-13.23416932706862,2670.3115234375,-0.0090906471842838,0,0.0176779408561907,3427815.25,0.4781579170581028,-0.01818152917698157,0.005623993338580879,0.01248359488521462,-0.008206433091423618
2021-04-29,2687.17529296875,2723.490305328415,2678.765066147004,2713.3549037740027,1621395,-0.0028327754694762,-0.2832775469476245,2746.8017578125,2678.17265625,46.58035530705654,-1.965867109242481,10.481876279469946,-12.447743388712428,2683.8984375,-0.0012194423926582,0,0.0176998033989644,3324016.5,0.4877818747289612,-0.0217075967255953,0.0033614848160521404,0.01664396040646815,-0.00964842850776338
2021-04-30,2618.513427734375,2701.6669817097545,2605.014018794562,2673.1584252464727,3072305,-0.0255516882036074,-2.5551688203607426,2741.501171875,2675.4960400390623,39.4048831125488,-9.242744553833743,6.536952112809208,-15.779696666642952,2702.400146484375,0.0320360086228703,1,0.0172595000323009,3242931.35,0.9473851489332328,-0.044861459627431044,-0.0212979617431448,0.036911387160164275,-0.020442109601887613
2021-05-03,2619.677978515625,2635.20455198065,2591.212593829746,2609.2405865604173,1545831,0.0004447373723257,0.0444737372325754,2735.426379394531,2673.7217041015624,39.57490020414418,-14.745772750905871,2.280407140066192,-17.026179890972063,2713.26806640625,0.0357257986127192,1,0.0171683839561169,3143719.45,0.4917204046308903,-0.04231457360754354,-0.020212921001850237,0.016792887718142854,0.004000164649043175
2021-05-04,2630.675537109375,2665.394674864487,2617.952374826446,2641.932343146011,1990777,0.0041980574268831,0.4198057426883173,2730.455700683594,2672.70298828125,41.25129307029938,-18.011920963345347,-1.778058480616116,-16.23386248272923,2693.515380859375,0.0238873410512074,1,0.0172187085777607,3029004.5,0.6572380463614366,-0.036543410519071284,-0.015724699435795464,0.018034265103697066,-0.004260822978998598
2021-05-05,2670.3115234375,2673.503054401822,2632.961450376518,2648.1430714400576,1939289,0.0150668471915307,1.506684719153073,2724.27958984375,2673.0928662109377,46.96240081328095,-17.203759873259514,-4.863198759144796,-12.34056111411472,2663.324951171875,-0.0026163884641561,0,0.0166753097817907,2860075.85,0.6780550942381476,-0.019810032203539385,-0.0010404961266385904,0.015182349950358841,0.00837131959995923
2021-05-06,2683.8984375,2703.349832111878,2651.5945704888045,2678.766082840918,1791671,0.0050881381978269,0.5088138197826941,2717.6700439453125,2674.0261962890627,48.7998245904688,-15.290674594009488,-6.948693926117734,-8.341980667891754,2632.18603515625,-0.0192676450126477,0,0.0165958731462265,2835081.3,0.6319645930435929,-0.0124266764909714,0.0036919014572998066,0.01928361405183526,0.0019159398395992022
2021-05-07,2702.400146484375,2725.6470468101074,2684.1996775869275,2702.486489466706,1912540,0.0068935950503437,0.6893595050343704,2711.696643066406,2675.0794189453127,51.27525515604101,-12.141646099046284,-7.987284360703445,-4.154361738342839,2647.927490234375,-0.0201571393196026,-1,0.0166972286789107,2806144.9,0.681554256161184,-0.003428295198801612,0.010213052870719608,0.015337243552587863,-3.194945938406058e-05
2021-05-10,2713.26806640625,2729.398405098987,2695.5850286185123,2713.6561885318547,2137153,0.0040215805701511,0.4021580570151117,2704.2848266601563,2678.306337890625,52.72124292198055,-8.669135619491499,-8.123654612461056,-0.5454810070304426,2664.360107421875,-0.0180254798963355,0,0.016335881227888,2784096.65,0.7676288824240352,0.0033218541395982903,0.013053670530892347,0.012462232132212757,-0.00014302553405436298
2021-05-11,2693.515380859375,2698.259611350448,2666.3868398499667,2695.58550629116,2415625,-0.0072800346532061,-0.7280034653206147,2695.674035644531,2680.76298828125,49.82694200000495,-7.4254269897396625,-7.984009087916778,0.5585820981771157,2658.49462890625,-0.0130018756165228,0,0.0163402220374895,2759321.45,0.8754416778806252,-0.0008007847969051518,0.0047570011350765995,0.011833149989406041,-0.0007679687500001979
2021-05-12,2663.324951171875,2691.272698807051,2648.6609653129904,2691.272698807051,1978558,-0.0112085603453534,-1.1208560345353449,2688.8186157226564,2683.169604492188,45.69761387768701,-8.774744511418703,-8.142156172617163,-0.6325883388015399,2639.517822265625,-0.0089388750312929,0,0.015797204257035,2668657.95,0.7414056192551765,-0.009481362707662422,-0.007395974256375282,0.01599944966359103,-0.010384584084535202
2021-05-14,2632.18603515625,2672.727651952037,2622.266277855153,2672.727651952037,2043935,-0.0116917449378167,-1.1691744937816773,2686.552197265625,2684.13916015625,41.84563252656229,-12.215921117839116,-8.956909161661553,-3.259011956177563,2657.200439453125,0.0095032812889268,0,0.012677211869671,2338124.9,0.8741769954205612,-0.020236406411425434,-0.019355600399263873,0.0191708995575947,-0.01516862998224948
2021-05-17,2647.927490234375,2652.628549124657,2618.8151674734304,2635.2043269536657,2890462,0.0059803732972811,0.5980373297281183,2680.11728515625,2687.165966796875,44.39723552689823,-13.517058269140762,-9.868938983157395,-3.648119285983366,2658.062744140625,0.0038276176155234,0,0.0092413905466497,2179510.0,1.3261980903964652,-0.012010591887212319,-0.014602178297633328,0.012769753618983684,0.004828150572831461
2021-05-18,2664.360107421875,2694.7231429706226,2655.04412101907,2674.021044561117,2098538,0.0062058410768814,0.6205841076881491,2675.530480957031,2690.0056005859374,47.01098042981353,-13.071563118944596,-10.509463810314836,-2.56209930862976,2699.23583984375,0.0130897217402123,0,0.0093488477128577,2123204.05,0.9883826286032188,-0.004175012624472396,-0.00953362073241637,0.014892514657092336,-0.003612887474798299
2021-05-19,2658.49462890625,2689.5477783678416,2645.6421596161504,2660.2198038763386,1986041,-0.0022014586163807,-0.2201458616380769,2672.088757324219,2691.310703125,46.17658858031656,-13.041466194892564,-11.015864287230382,-2.025601907662182,2737.809326171875,0.0298344395370309,1,0.0091199563369172,2088550.8,0.950918215635454,-0.00508745391810328,-0.012193342887034886,0.016515218151768377,-0.000648508430609657
2021-05-20,2639.517822265625,2664.3603850643035,2632.7034650661194,2645.642277920362,2329027,-0.0071381775363722,-0.7138177536372248,2668.4421875,2691.32623046875,43.4872991326373,-14.383084619518286,-11.689308353687965,-2.693776265830321,2756.44580078125,0.0442989918572551,1,0.009168539413351,2047907.5,1.1372715808697411,-0.01083941985697412,-0.019250140550260086,0.011993448095384118,-0.002314922053464981
2021-05-21,2657.200439453125,2663.8423201990017,2635.290804111499,2640.3799854458744,1685566,0.006699184615591,0.6699184615591047,2666.790344238281,2691.857578125,46.60764595290508,-13.85972122078374,-12.12339092710712,-1.7363302936766196,2724.89404296875,0.0254755352703301,1,0.0091860146679048,2032736.8,0.8292101564747586,-0.0035960475130244474,-0.012874803984249228,0.010744961374979708,0.00637046716759225
2021-05-24,2658.062744140625,2678.3335455319293,2649.8681648547786,2658.062744140625,1652260,0.0003245162369751,0.0324516236975158,2665.5827026367188,2693.124716796875,46.76202105203991,-13.222945292620809,-12.343301800209858,-0.8796434924109491,2738.37255859375,0.0302136639287986,1,0.0091702024428394,2034584.35,0.8120872452400413,-0.002821131187809467,-0.01301906756771054,0.010709070257991159,0.0
2021-05-25,2699.23583984375,2711.587834293902,2671.584793057056,2680.1660940259712,1841613,0.0154898885641003,1.5489888564100385,2666.808947753906,2695.234287109375,53.652673229910505,-9.288894463268209,-11.732420332821528,2.443525869553321,2733.0419921875,0.0125243418321339,0,0.0098092727674826,2002152.0,0.919816777147789,0.012159435762038706,0.0014846771405043757,0.014820135627408403,0.007115135834411454
2021-05-26,2737.809326171875,2743.443570471421,2690.3950356987057,2704.4372637822544,1923753,0.0142905209536481,1.4290520953648134,2668.618212890625,2697.35625,59.0059494735363,-3.02371733189284,-9.990679732635792,6.966962400742952,2712.62841796875,-0.0091974660040822,0,0.010068309266765,2024768.8,0.950109958233256,0.02592769282133589,0.014997305666196281,0.019376270752532697,0.012339743589743537
2021-05-27,2756.44580078125,2789.167759579833,2740.669958334037,2740.7998947132687,5959785,0.0068070754348088,0.6807075434808851,2671.700048828125,2699.5059033203124,61.32991481117995,3.406025886107728,-7.311338608887088,10.717364494994817,2722.857177734375,-0.0121854828552605,0,0.0101264321980989,2240806.2,2.659661063058465,0.03171978530684849,0.021092710851605467,0.017594324267885247,0.0057085181950571025
2021-05-28,2724.89404296875,2772.0482500019803,2718.002759352993,2764.680391926616,1763701,-0.0114465366246481,-1.1446536624648118,2673.585986328125,2701.2488037109374,55.5846725456178,5.887809540397484,-4.671508979030175,10.55931851942766,2725.024169921875,4.775486718866517e-05,0,0.0104829944104734,2247921.5,0.7845918996726532,0.01919072620181228,0.008753447377868095,0.019833978788439448,-0.014390939753488105
2021-05-31,2738.37255859375,2748.08096384286,2711.8917807222774,2730.441361193668,1652799,0.0049464365999036,0.4946436599903681,2679.5789428710937,2703.119799804688,57.41972157487137,8.840338612386404,-1.9691394607468584,10.809478073133263,2759.219970703125,0.0076130663973936,0,0.0084831681237598,2176946.2,0.7592282253001934,0.021941363541116976,0.013041508109115085,0.013215580548750092,0.0029047309027778467
2021-06-01,2733.0419921875,2747.734325938931,2714.839048376546,2746.5642636676007,1377441,-0.0019466183991367,-0.194661839913679,2685.247143554688,2704.126826171875,56.42679718401759,10.627598672137085,0.5502081658299298,10.077390506307154,2773.912109375,0.0149540758262509,0,0.0085270548811479,2168526.7,0.6351966982929008,0.017799050172172093,0.010692977021554473,0.012036140555621579,-0.004923340647432677
2021-06-02,2712.62841796875,2738.6326212021613,2700.10310240254,2731.1782099155653,2240078,-0.007469176938043,-0.7469176938043054,2689.344787597656,2704.6755615234374,52.67055674963629,10.278328141133445,2.4958321608906324,7.78249598024281,2773.99853515625,0.0226238569134562,1,0.0087754018018692,2180991.75,1.0270914596536187,0.008657733466705508,0.002940410509286062,0.014203758444908052,-0.0067918643607619966
2021-06-03,2722.857177734375,2734.385751842096,2706.7344847268523,2734.385751842096,1281706,0.0037707928214083,0.3770792821408353,2691.9720703125,2706.7477880859374,54.31175508752981,10.703520633575408,4.137369855427588,6.56615077814782,2788.3447265625,0.0240510407096032,1,0.0082061601332419,2148112.6,0.5966661151747817,0.011473041552875207,0.005951566569794453,0.010155239628929634,-0.004216147666785637
2021-06-04,2725.024169921875,2736.379424869507,2708.7715406778084,2711.3719613568587,1836060,0.0007958523147009,0.0795852314700917,2694.028356933594,2708.626982421875,54.67037209069756,11.08753668524787,5.527403221391644,5.560133463856225,2837.75244140625,0.0413678061019204,1,0.0081497370107424,2150332.05,0.853849525239602,0.011505377405737871,0.006053689786896799,0.010131243787276303,0.005035166240409255
2021-06-07,2759.219970703125,2765.504321386228,2716.226470934479,2726.1079859801675,2559821,0.0125488064137906,1.2548806413790636,2696.869348144531,2709.819453125,60.00530440213435,13.989920415572216,7.219906660227759,6.770013755344456,2839.962646484375,0.0292628629245077,1,0.0084645953783089,2182696.1,1.1727793896731662,0.023119630397183233,0.018230187816075993,0.01785934103658716,0.0121462483853339
2021-06-08,2773.912109375,2800.653187785545,2762.687001968259,2772.04855912664,2574057,0.0053247435245733,0.532474352457335,2699.9015502929688,2711.0823486328127,62.070768843780186,17.276460948305612,9.23121751784333,8.045243430462282,2828.17431640625,0.0195616172725372,0,0.0084934382792965,2204541.3,1.1676156849499713,0.027412317709881062,0.023175157616983633,0.013686874104255632,0.0006722646478267221
2021-06-09,2773.99853515625,2791.1179699095774,2761.8198569692045,2775.5154470964185,1710925,3.1156640096119403e-05,0.0031156640096119,2703.9257080078123,2712.717885742188,62.08317365859127,19.66139748558089,11.317253511390843,8.344143974190048,2838.228759765625,0.0231543830306157,1,0.0082662598813817,2169306.3,0.7886968290277865,0.025915219098259,0.02259012989745357,0.0105616901267479,-0.0005465334166147006
2021-06-10,2788.3447265625,2794.585694473738,2767.7146781807214,2782.450396793021,1874324,0.0051716650980286,0.5171665098028688,2710.176696777344,2715.610751953125,64.17752629815394,22.45030152314075,13.543863113740828,8.906438409399925,2875.847900390625,0.0313817631638393,1,0.0077346216451989,2164094.6,0.866100770271318,0.02884241085760375,0.026783652464574592,0.00963690609594868,0.002118395273559144
2021-06-11,2837.75244140625,2868.2640016376467,2783.316926339826,2783.7937124543178,3452954,0.017719371056627,1.771937105662702,2720.455017089844,2719.4581396484373,70.26839239098024,28.320852576876405,16.499261006367945,11.82159157050846,2858.122314453125,0.0071781712702114,0,0.0077253856204476,2234545.55,1.5452600641772554,0.0431168402269273,0.04349921774236454,0.0299346320906433,0.019383163598124448
2021-06-14,2839.962646484375,2868.003720504315,2834.761805496382,2842.2595999383007,1847360,0.0007788576078291,0.0778857607829142,2730.056774902344,2721.7668896484374,70.50995041585759,32.773855060230744,19.754179817140507,13.019675243090235,2837.145751953125,-0.0009918773173784,0,0.007735498354165,2182390.45,0.8464846425624708,0.04025772379256187,0.04342611311992428,0.011705053603111193,-0.0008081434412168104
2021-06-15,2828.17431640625,2858.729260748697,2818.46612109576,2858.729260748697,1304985,-0.0041508750450355,-0.4150875045035529,2738.2474853515623,2723.5068994140624,67.3661898565762,34.94880383656664,22.793104621025734,12.155699215540906,2861.5029296875,0.0117844975424288,0,0.0078923674130926,2142712.8,0.6090340245318925,0.03284101657565919,0.038431118722227486,0.0142364420111484,-0.010688295936931335
2021-06-16,2838.228759765625,2855.8681501125543,2819.722351048015,2827.6103771033627,1635552,0.0035551002995286,0.3555100299528657,2747.2341918945312,2725.6696923828126,68.6500744664111,37.05661042405609,25.645805781631804,11.410804642424283,2827.00390625,-0.0039548797738742,0,0.0077964117225019,2125188.35,0.7696033153955507,0.033122246417711665,0.04129593094033779,0.012735336762468824,0.003755249573365874
2021-06-17,2875.847900390625,2891.710505167781,2825.789813962305,2830.557250765002,2273413,0.0132544427560894,1.3254442756089446,2759.0506958007813,2727.309975585937,72.9397593169074,41.28668537380918,28.77398170006728,12.512703673741896,2924.25927734375,0.0168337751612486,0,0.007691519309411,2122407.65,1.0711481368812443,0.04233238800853001,0.05446316191938383,0.02292217582039789,0.016000612463634958
2021-06-18,2858.122314453125,2910.737448763456,2838.792479065014,2904.5830353811075,3380431,-0.0061636034141765,-0.6163603414176544,2769.096789550781,2728.150634765625,68.20414774325354,42.71633626679204,31.56245261341224,11.153883653379808,2930.501220703125,0.0253239358875545,1,0.0080135583480936,2207150.9,1.5315812797394144,0.03214966166523414,0.04764094695917187,0.02517211014190204,-0.01599565939828139
2021-06-21,2837.145751953125,2848.3274763254985,2818.5959573004056,2830.1245314068024,1130569,-0.0073392808956861,-0.733928089568614,2778.0509399414063,2728.4561865234373,62.99201296046787,41.67629324828204,33.5852207403862,8.091072507895838,2892.317626953125,0.0194462603699576,0,0.0083583512108243,2181066.35,0.5183560784384207,0.021272040466243203,0.03983555461382671,0.010479376677995962,0.002480887490428741
2021-06-22,2861.5029296875,2883.9099729657505,2847.460700066523,2863.930031360667,1708688,0.0085850992031717,0.8585099203171742,2786.1642944335936,2728.4561572265625,66.22006813201565,42.3295239419549,35.33408138069994,6.995442561254961,2895.871337890625,0.0120106143686102,0,0.0079614600644642,2174420.1,0.7858131922161683,0.02704027016799526,0.04876265726629003,0.012737807297373019,-0.0008474724056068121
2021-06-23,2827.00390625,2885.600136660066,2822.669871800225,2885.600136660066,1467104,-0.0120562600441815,-1.2056260044181588,2790.6240234375,2727.681611328125,58.44415991578738,39.60686778452509,36.18863866146497,3.4182291230601223,2900.119384765625,0.025863239295135,1,0.0081639548991482,2151587.65,0.6818704318181043,0.013036468727767536,0.036412715659110306,0.02226040958794339,-0.020306427652823696
2021-06-24,2924.25927734375,2932.407175979968,2841.8258724358034,2846.593309464444,4155204,0.0344022768694221,3.44022768694221,2799.014697265625,2730.1581298828123,69.3652746656233,44.78063552296862,37.9070380337657,6.873597489202922,2896.43505859375,-0.0095149629738967,0,0.0109428546715835,2061358.6,2.0157598973803004,0.0447459529957015,0.07109520336438147,0.030975811292097262,0.02728382998058765
2021-06-25,2930.501220703125,2946.8404060852245,2903.803522115531,2925.6903994090885,2722861,0.0021345382770041,0.2134538277004161,2809.295056152344,2735.2178662109377,69.91181449086143,48.82176942622391,40.08998431225734,8.731785113966566,2882.522216796875,-0.0163722859309159,0,0.0104064138972702,2109316.6,1.2908735464367938,0.04314469008349264,0.07139590483982583,0.014685844068465353,0.001644337109288168
2021-06-28,2892.317626953125,2939.7752998610995,2889.0671014114832,2939.7752998610995,1355238,-0.013029714330178,-1.3029714330178075,2816.9923095703125,2737.5317041015624,62.559217059549695,48.38554184984287,41.749095819774446,6.63644603006842,2878.665283203125,-0.0047202090194989,0,0.0110490686200398,2094438.55,0.6470650571247364,0.02673962478594838,0.05654214803052371,0.01753202966958859,-0.016143299425033196
2021-06-29,2895.871337890625,2917.931526763228,2883.4325767119,2896.8680809773546,1497322,0.0012286724336163,0.1228672433616351,2825.133776855469,2740.32720703125,62.949762161995686,47.77585283373446,42.95444722256645,4.821405611168011,2827.78369140625,-0.0235119722321539,-1,0.0110000413641786,2100432.6,0.7128636262834618,0.025038658917557743,0.05676115263179993,0.011913150145840816,-0.00034407610525132433
2021-06-30,2900.119384765625,2931.5411370477004,2893.83503430921,2900.336086505501,1693146,0.0014669321870128,0.1466932187012881,2834.5083251953124,2743.7830126953127,63.44068831564736,47.09259762500278,43.78207730305372,3.310520321949064,2838.748779296875,-0.0211614065928219,-1,0.0107325922767426,2073086.0,0.8167273330677068,0.023147245321917254,0.05697840220853978,0.013001569154897906,-7.471607890006252e-05
2021-07-01,2896.43505859375,2914.2045988305217,2888.50386064937,2910.737371467249,990310,-0.0012704050016798,-0.1270405001679853,2843.187219238281,2747.4627294921875,62.66514744616375,45.72670957453602,44.171003757350185,1.5557058171858316,2824.489990234375,-0.024839178819464,-1,0.0107825422229161,2058516.2,0.4810795270884922,0.01872822127054108,0.054221783430378645,0.008873231286473163,-0.004913639070875516
2021-07-02,2882.522216796875,2894.8742119230924,2856.3013148622726,2887.333036170578,1682274,-0.0048034364711874,-0.4803436471187416,2851.062121582031,2751.308427734375,59.69734962165739,43.02561093496661,43.94192519287347,-0.916314257906862,2780.8466796875,-0.0352731148148302,-1,0.0109186985658166,2050826.9,0.8202905862020827,0.011034517619485262,0.047691413925028625,0.01338164779305078,-0.0016661809751200394
2021-07-05,2878.665283203125,2924.6060420136537,2862.1959545729355,2896.8682253733346,1972858,-0.0013380412373841,-0.1338041237384124,2857.034387207031,2755.237421875,58.86505554742984,40.1113695952331,43.17581407334539,-3.064444478112293,2767.80126953125,-0.0385122974590902,-1,0.0107103273733807,2021478.75,0.9759479292077644,0.007571101031527805,0.044797540984373496,0.021680216802168018,-0.00628366247755838
2021-07-06,2827.78369140625,2884.732852326244,2822.4095319025464,2871.7307511288595,2159420,-0.0176754109252529,-1.7675410925252932,2859.7279663085938,2758.298876953125,49.13311845233803,33.31209205358073,41.20306966939246,-7.890977615811735,2762.989990234375,-0.0229132452276267,-1,0.0115557722230516,2000746.9,1.079306932825936,-0.011170389379231094,0.025191183969838438,0.022039635002175286,-0.015303335699328435
2021-07-07,2838.748779296875,2845.466531741208,2809.8409005907183,2838.7921619597746,2640710,0.0038776261154445,0.387762611544451,2862.965478515625,2761.0413720703127,51.01270073583965,28.48010563981643,38.65847686347725,-10.178371223660823,2786.393798828125,-0.0184429777127786,0,0.0115703594293049,2047236.15,1.2898902747492027,-0.008458606783937062,0.028144238624101092,0.012549765379137894,-1.5282084923629483e-05
2021-07-08,2824.489990234375,2858.728859227549,2801.4328444405023,2858.728859227549,2485811,-0.0050229133224081,-0.5022913322408118,2864.772741699219,2763.634990234375,48.50284558251221,23.232348431570244,35.573251177095855,-12.34090274552561,2782.39794921875,-0.0149025279470479,0,0.0116114723248217,2077810.5,1.1963607845855049,-0.014061412578559529,0.022019912258687713,0.02028543736573565,-0.011976955730745885
2021-07-09,2780.8466796875,2844.8604586920123,2774.649094537822,2817.1226358162826,6365067,-0.015451749058333,-1.545174905833302,2861.927453613281,2765.50841796875,41.73446302872666,15.374583983402772,31.53351773835724,-16.158933754954468,2775.317626953125,-0.0019882623428186,0,0.0114211502470969,2223416.15,2.8627420917132405,-0.028330827821443916,0.00554627193288959,0.025248196769366862,-0.012876953124999951
2021-07-12,2767.80126953125,2804.987201866084,2763.683936648412,2804.120394943381,1892226,-0.00469116483535,-0.4691164835350037,2858.319384765625,2768.494174804688,39.940332287993606,8.002347392079628,26.82728366910172,-18.82493627702209,2766.45751953125,-0.0004854936713818,0,0.0114430217070731,2225659.45,0.8501866716401738,-0.031668299811708045,-0.00025028236640123325,0.014922771252528241,-0.012952056365919508
2021-07-13,2762.989990234375,2785.916987210296,2752.111522835311,2785.916987210296,1809339,-0.0017383037394479,-0.1738303739447944,2855.060168457031,2771.3604150390624,39.26982160816435,1.7513779547730337,21.812102526235982,-20.06072457146295,2784.873291015625,0.0079201520304434,0,0.0114232473629462,2250877.15,0.8038372951629101,-0.03224806931911839,-0.003020330650342129,0.012235102007053434,-0.008229605218380651
2021-07-14,2786.393798828125,2792.851467065225,2760.779615953675,2762.5132295272724,2044279,0.0084704644882787,0.8470464488278706,2852.4684204101563,2774.4747802734373,44.17893222278591,-1.2990934596246009,17.189863329063865,-18.488956788688466,2794.038330078125,0.002743521484011,0,0.0115805507895892,2271313.5,0.900042640524965,-0.023164015106793223,0.004295954909892208,0.011510164544953462,0.008644508574874438
2021-07-15,2782.39794921875,2807.503464302064,2774.623139694448,2803.81149550316,2232968,-0.0014340577455547,-0.1434057745554717,2847.7959228515624,2776.7165087890626,43.53191871015144,-3.993016690915738,12.953287325067944,-16.946304015983685,2790.998291015625,0.0030909819349491,0,0.0110939927690239,2269291.25,0.9839935706798324,-0.022964417185950547,0.0020461002812870444,0.011817261659802514,-0.007637298840793627
2021-07-16,2775.317626953125,2797.078563789918,2772.885229072114,2791.127895052852,1256526,-0.002544683540905,-0.254468354090509,2843.6556884765623,2778.544892578125,42.348430252053554,-6.622947874046531,9.03804028524505,-15.66098815929158,2777.70703125,0.0008609480492141,0,0.0110449159882553,2163096.0,0.5808923875778051,-0.024031763690789187,-0.0011614948650355839,0.008717321031238064,-0.005664472820378516
2021-07-19,2766.45751953125,2779.661695228817,2758.986627079998,2762.461421320653,1597058,-0.003192466093188,-0.3192466093188018,2840.1212768554688,2779.8260400390627,40.85172174248627,-9.314749274836686,5.367482373228703,-14.68223164806539,2765.02392578125,-0.0005182055895956,0,0.0109664238441356,2186420.45,0.7304441375857054,-0.02593683513606082,-0.0048091212598414534,0.007473481158793287,0.0014465715900158316
2021-07-20,2784.873291015625,2792.8652736430404,2741.742289476744,2766.456927895607,1811945,0.0066568061697529,0.6656806169752949,2836.289794921875,2781.25814453125,45.18794476604786,-9.848495105478833,2.3242868774871965,-12.172781982966027,2777.923828125,-0.002495432346256,0,0.0108839957434317,2191583.3,0.8267744146435138,-0.018128085500398017,0.001299824143071282,0.018357382481718577,0.006657021453801233
2021-07-22,2794.038330078125,2801.5090094588377,2771.148041204873,2771.148041204873,2859334,0.0032910075629177,0.329100756291778,2834.6415161132813,2783.268603515625,47.26017164265109,-9.423324248654808,-0.0252353477412043,-9.398088900913605,2776.18701171875,-0.0063890742539941,0,0.0106236739592027,2261194.8,1.264523516505522,-0.014323922726860117,0.0038694528256801863,0.010866339207707146,0.008260218701018706
2021-07-23,2790.998291015625,2815.929897607345,2785.612190203211,2805.8963866869444,1776193,-0.0010880448667341,-0.1088044866734194,2827.978466796875,2785.8220703125,46.63043321879045,-9.225335106571492,-1.865255299507262,-7.36007980706423,2751.558837890625,-0.0141309485039663,0,0.0067325939418992,2142244.25,0.8291272108677616,-0.013076540792453795,0.0018580586169829605,0.010862675015505552,-0.00530956728908665
2021-07-26,2777.70703125,2800.901239619414,2771.886793507054,2779.8353002348217,1259611,-0.004762188428567,-0.4762188428567016,2820.338757324219,2788.732490234375,43.877602815795946,-10.025354818646065,-3.4972752033350227,-6.528079615311042,2796.688720703125,0.0068335822459228,0,0.0066694162764999,2069081.75,0.6087777827048158,-0.015115817546210497,-0.003953573540303346,0.010445466633427927,-0.0007656097412109035
2021-07-27,2765.02392578125,2788.522263282844,2746.0862555326894,2779.835278038972,1121367,-0.004566034259935,-0.456603425993507,2813.974072265625,2791.0744189453126,41.36792547520604,-11.54965953280862,-5.107752069229742,-6.441907463578877,2853.587158203125,0.0320298249849146,1,0.0062303814370147,2057388.2,0.5450439542717315,-0.017395379355774843,-0.009333500026812769,0.01534742877068034,-0.005328140258789181
2021-07-28,2777.923828125,2783.700587738903,2721.110824651444,2769.410541258795,1660654,0.0046653854324625,0.4665385432462532,2808.076696777344,2793.345693359375,44.824656178289146,-11.583243272519669,-6.402850309887727,-5.18039296263194,2844.0751953125,0.0238132401319837,1,0.006376455235808,2065554.8,0.8039747965050358,-0.010737907795377644,-0.005520929712007239,0.02253113006691211,0.00307404291973819
2021-07-29,2776.18701171875,2801.943840221094,2771.4091694472813,2780.052678048742,1731997,-0.0006252210333003,-0.0625221033300316,2801.880078125,2795.699541015625,44.44472695258632,-11.616102003873491,-7.445500648684881,-4.170601355188612,2852.76220703125,0.0275828663520372,1,0.006332602565902,2067497.35,0.8377263458161143,-0.009169937930906702,-0.006979480094554957,0.010998780213624187,-0.0013905011083118525
2021-07-30,2751.558837890625,2800.2494279850853,2747.12860308686,2796.340284995809,2999943,-0.008871222912637,-0.8871222912637089,2794.636267089844,2797.940361328125,39.35132369329995,-13.474109440610391,-8.651222407069984,-4.822887033540408,2875.21875,0.0449417655208761,1,0.0065020774294315,2167979.0,1.383750949617132,-0.015414324113125821,-0.016577023612999287,0.0193057201491458,-0.016014305320945922
2021-08-02,2796.688720703125,2801.466563913181,2751.16899022664,2762.4620741776803,2608669,0.0164015692454162,1.6401569245416248,2790.344592285156,2800.730126953125,50.53747692732127,-11.176157556251836,-9.156209436906355,-2.0199481193454822,2886.424560546875,0.0320864596690579,1,0.0077273712136997,2214298.75,1.178101645046767,0.0022736003415166905,-0.001442983103265516,0.01798468786111295,0.012389906397405722
2021-08-03,2853.587158203125,2858.017604673373,2796.296543772557,2805.0270047083045,3804735,0.02034493044535,2.034493044535002,2789.090686035156,2804.640615234375,60.44347771190393,-4.709497589232797,-8.266867067371644,3.557369478138847,2896.15380859375,0.01491689162823,0,0.009140473080843,2305892.6,1.6500052951295303,0.02312455184440565,0.01745198393793479,0.021629288849085403,0.017311831013858733
2021-08-04,2844.0751953125,2871.222021372472,2832.999290280032,2866.7048319330083,2929598,-0.0033333353296328,-0.3333335329632869,2789.905261230469,2807.53740234375,58.33997619231499,-0.3481456794042969,-6.683122789778174,6.3349771103738775,2905.101806640625,0.0214574535260905,1,0.0082309845130814,2344401.5,1.2496144538382183,0.019416406296943522,0.013014178524655806,0.013439423527000173,-0.007893954190340991
2021-08-05,2852.76220703125,2879.73533608023,2834.128667861765,2844.9873983899706,2534521,0.0030544240648304,0.3054424064830474,2790.605932617188,2809.8364599609376,59.71871391268504,3.765816389100564,-4.593334954002428,8.359151343102992,2911.660400390625,0.0206460227263973,1,0.0082142955752184,2339092.05,1.0835490634068892,0.022273397217273283,0.015276955681224669,0.015986845348013083,0.0027328095181297753
2021-08-06,2875.21875,2887.5542280518885,2836.301009202592,2842.859726234978,2292362,0.0078718593906639,0.7871859390663927,2793.142370605469,2812.2119189453124,63.11689698117923,8.737495894535186,-1.9271687842949048,10.664664678830093,3008.650634765625,0.0464075593433108,1,0.0082820907452921,2329419.6,0.9840914878538842,0.02938496091652487,0.022404723708844054,0.01782585024158473,0.011382560829998282
2021-08-09,2886.424560546875,2898.846991931317,2875.39213164299,2887.466956364992,1510489,0.0038973766941645,0.3897376694164567,2798.421264648437,2815.442529296875,64.71645752940526,13.427024600315235,1.143669892627123,12.283354707688112,3016.946044921875,0.0452190873647051,1,0.007345842039301,2086690.7,0.7238681803680823,0.03144747969512518,0.02521167827486326,0.008125921809604843,-0.0003610070119829407
2021-08-10,2896.15380859375,2910.0529844223115,2880.2567959075063,2880.2567959075063,2040777,0.003370691955667,0.3370691955667082,2804.8388916015624,2818.598154296875,66.09145856461144,17.724264603166375,4.459788834734973,13.264475768431405,3086.52978515625,0.0657340697851052,1,0.0071851155611074,2094118.25,0.9745280621091956,0.032556207511814206,0.027515683347285158,0.01028819271490037,0.0055193039415205565
2021-08-11,2905.101806640625,2918.8272868947324,2890.2471878777355,2910.140300921831,1929707,0.0030896142395213,0.3089614239521365,2811.944482421875,2822.0393505859374,67.3516132480969,21.602862573776747,7.888403582543328,13.714458991233418,3093.044189453125,0.064693905866876,1,0.0071233686852791,2100136.65,0.9188483044662832,0.03312914774850584,0.02943348611968899,0.009837899295531428,-0.0017313578591417373
2021-08-12,2911.660400390625,2925.776751999888,2889.2914124559466,2889.2914124559466,1310205,0.0022576123614697,0.2257612361469707,2818.2078125,2826.019990234375,68.28205527814907,24.91865635332761,11.294454136700184,13.62420221662742,3092.1318359375,0.0619823093114373,1,0.0069850235825086,2063432.95,0.6349636900002009,0.03316028983956465,0.030304247829877173,0.012530767509509868,0.007742032471437149
2021-08-13,3008.650634765625,3023.0711163036794,2916.655538215404,2919.4788086544804,4363584,0.0333109707306482,3.331097073064826,2829.520446777344,2831.735859375,78.18375194861866,34.969639904505584,16.029491290261266,18.94014861424432,3159.804443359375,0.0502397343337688,1,0.0097863064047798,2169963.75,2.0109017950184653,0.06330761390761452,0.062475733675835254,0.03536986875731601,0.03054374837275897
2021-08-16,3016.946044921875,3035.536317803578,2985.282030878575,3005.6964431368747,2083489,0.0027571862483448,0.2757186248344867,2841.601867675781,2837.574296875,78.79352414911118,43.10756982282692,21.4451069967744,21.66246282605252,3138.78125,0.0403836208085981,1,0.009671931790948,2211311.9,0.9421958973765756,0.061706102899458104,0.06321305780236863,0.01665733698141248,0.0037427604542991546
2021-08-17,3086.52978515625,3093.2621997032534,3008.3034291964027,3024.895658268676,4336019,0.0230642972059438,2.306429720594383,2857.6054809570314,2844.1204931640623,83.0685307738323,54.54302616131554,28.064690829682625,26.47833533163292,3178.568359375,0.0298194349723699,1,0.0103687975034179,2348259.95,1.8464816895591136,0.08011053510526933,0.0852317236821809,0.027525660343676154,0.020375620798388394
2021-08-18,3093.044189453125,3122.9708074862524,3072.2389047937404,3104.597920810114,2631309,0.0021105917487671,0.2110591748767154,2873.014025878906,2850.503134765625,83.40579963180409,63.40052390704659,35.13185744515542,28.26866646189117,3189.73046875,0.0312592621943659,1,0.0103928159767988,2389228.15,1.1013217804251971,0.07658513379756582,0.08508710330095548,0.01640193271906723,-0.003721490399624467
2021-08-20,3092.1318359375,3105.596660619908,3040.444283124385,3045.6564733240275,2836148,-0.0002949694410238,-0.0294969441023806,2887.918701171875,2856.86580078125,83.15596758688166,69.54486546263206,42.01445904865075,27.53040641398131,3231.688720703125,0.045132902531406,1,0.0104602332576108,2388068.85,1.187632425254406,0.0707129098484518,0.08235109786812989,0.021070375052676105,0.015259555048488221
2021-08-23,3159.804443359375,3190.7302007075746,3094.217694066312,3109.9412247571786,3744176,0.0218854211309387,2.188542113093872,2906.3590087890625,2864.294995117188,86.40808964740502,78.96465883513338,49.40449900594727,29.560159829186105,3215.313720703125,0.0175673141609784,0,0.0109891733245863,2486468.0,1.5058211084960675,0.08720376037642752,0.10317004664182527,0.030543822686271784,0.0160334922747904
2021-08-24,3138.78125,3185.8213991107027,3122.4496764479563,3176.8302851679027,2511141,-0.006653321031799,-0.6653321031799053,2924.4127197265625,2870.3155712890625,81.1653091631781,83.76789281813808,56.27717776838544,27.49071504975264,3289.282958984375,0.0479490913820053,1,0.0110968089341866,2549044.5,0.9851303105928516,0.07330310418478869,0.09353176403191421,0.020189913732518435,-0.011977043704710134
2021-08-25,3178.568359375,3212.2304320521744,3133.439506938269,3136.0021255380566,2123263,0.0126759739548589,1.2675973954858977,2945.08994140625,2877.087685546875,83.23811453597673,89.75039092797806,62.97182040030397,26.77857052767409,3227.17138671875,0.0152908548278969,0,0.0108851967166127,2599139.3,0.8169100440288061,0.07927717747637497,0.10478675201406662,0.02478818015082676,0.01357340720221615
2021-08-26,3189.73046875,3203.412469252929,3168.9249713334366,3179.436307347297,1902533,0.0035116782503916,0.351167825039167,2965.6802734375,2884.31880859375,83.77750858677032,94.30516152340306,69.23848862492379,25.06667289847927,3332.97900390625,0.0449092914149535,1,0.0109015380357273,2611233.25,0.7285955783536381,0.07554765674480635,0.10588692874251082,0.010812041411451121,0.003237731600068403
2021-08-27,3231.688720703125,3239.811136714947,3171.705257446776,3184.648780586405,3944728,0.0131541684678981,1.3154168467898186,2988.455358886719,2892.1880078125,85.64722201276967,100.14610831068376,75.42001256207578,24.72609574860797,3337.583251953125,0.0327675529427105,1,0.010830033531149,2721869.8,1.4492713795494554,0.0813909972230662,0.11738542306846966,0.021074393344837104,0.014770840792075798
2021-08-30,3215.313720703125,3249.2364387035072,3203.412593965281,3227.214847440969,2033114,-0.0050670102894183,-0.5067010289418361,3011.643103027344,2898.97732421875,81.69013401926773,102.27481467324696,80.79097298431003,21.48384168893693,3346.2265625,0.0407154178934201,1,0.0105539229179865,2673528.35,0.7604609840774645,0.06762774030928465,0.10911999684910434,0.014251749197339797,-0.0036877392118102054
2021-08-31,3289.282958984375,3304.615612737441,3217.180992996099,3222.3497059723213,3207480,0.0230052942594585,2.300529425945852,3036.272814941406,2907.600537109375,85.05022858399923,108.67775958175616,86.36833030379927,22.30942927795689,3314.865966796875,0.0077776853288411,0,0.0109314203442053,2703468.9,1.1864312550442138,0.08332918662575839,0.1312705844574007,0.026581665618800696,0.020771567061141506
2021-09-01,3227.17138671875,3315.5614573561893,3220.2652761964287,3297.5794411765964,2643336,-0.0188830128146844,-1.8883012814684408,3054.9520263671875,2915.401049804688,72.94512124116775,107.50104957627354,90.59487415829412,16.906175417979412,3278.597900390625,0.0159354764619932,0,0.0120950718900654,2645398.95,0.9992201743332512,0.05637383463476442,0.1069390905703862,0.029529321421213308,-0.02135143541309938
2021-09-02,3332.97900390625,3352.437765671095,3233.295850013439,3243.720232119877,3403717,0.0327864883851367,3.278648838513676,3079.397216796875,2924.8305712890624,78.54676048247576,113.79453627552448,95.23480658174022,18.559729693784263,3293.58349609375,-0.0118199087862025,0,0.0132335539655319,2669104.9,1.2752278863224895,0.08234786526602944,0.1395460087923328,0.03574637449501527,0.02751740760578464
2021-09-03,3337.583251953125,3350.483297959247,3305.007056859982,3322.771899500522,1746812,0.0013814212575233,0.1381421257523385,3103.6382690429687,2935.042158203125,78.75291617758796,117.79581730830114,99.7470087270524,18.048808581248736,3340.449951171875,0.0008589146703898,0,0.0132719935436275,2629719.45,0.6642579306321059,0.07537765764896798,0.13715002103971186,0.013625500149742339,0.004457529105392209
2021-09-06,3346.2265625,3368.4653285384056,3313.216020086968,3344.228513568609,1723693,0.0025896913707896,0.2589691370789682,3127.1886596679688,2943.48150390625,79.15781982519727,120.2778164823544,103.8531702781128,16.424646204241597,3375.675537109375,0.0088006517369145,0,0.0133263192287686,2601286.0,0.6626310986181451,0.07004307276276944,0.13682608776690897,0.0165109287788811,0.0005974618430781394
2021-09-07,3314.865966796875,3361.819155284344,3308.220509217382,3356.6504424908985,1585039,-0.0093719283848178,-0.9371928384817818,3148.610729980469,2951.168798828125,73.67197474627925,118.35001542038208,106.75253930656667,11.597476113815404,3435.311767578125,0.0363350440071144,1,0.0138456640437964,2605013.5,0.6084571154813593,0.0528027282742054,0.12323834818027679,0.016169174441388896,-0.012448265438988084
2021-09-08,3278.597900390625,3314.08431398627,3262.8311096546345,3309.7408220937587,4147175,-0.0109410355560455,-1.094103555604553,3167.7329345703124,2958.894404296875,67.81838923398767,112.5977327619812,107.9215779976496,4.6761547643316135,3390.791259765625,0.0342199204610094,1,0.0144035592711972,2710333.4,1.5301346321452556,0.03499820474460269,0.10804829521103554,0.015632659413808876,-0.009409474450459383
2021-09-09,3293.58349609375,3308.612022962336,3270.649939914643,3292.1067510212,1441148,0.0045707330262547,0.4570733026254769,3187.157019042969,2966.8486474609376,68.91732506852765,108.0032256895579,107.93790753603126,0.0653181535266327,3325.24755859375,0.0096138636040514,0,0.0143898855248426,2685905.45,0.536559468241892,0.03339229175559688,0.11012858674554749,0.011526072769285207,0.00044857144200800706
2021-09-13,3340.449951171875,3346.574106093032,3272.38733704224,3272.38733704224,1691473,0.014229624095976,1.4229624095976057,3208.5964965820312,2975.6552587890624,72.12342297193271,106.9113692636679,107.73259988155858,-0.8212306178906914,3321.46875,-0.0056822288761476,0,0.0144576764669786,2704968.85,0.6253206945433031,0.04109380993537237,0.12259306292465655,0.022208615646154582,0.02079907025650389
2021-09-14,3375.675537109375,3384.883826372717,3322.771881400139,3344.445867333789,1991188,0.0105451620148184,1.0545162014818477,3226.9477416992186,2985.240068359375,74.27151741069568,107.64758126388324,107.71559615802352,-0.0680148941402762,3355.738525390625,-0.0059060805754519,0,0.0131097513419756,2586349.05,0.7698837092387047,0.046089310182581666,0.1307886333458519,0.018399856351645993,0.009337771043213941
2021-09-15,3435.311767578125,3457.4201024494814,3358.388471374295,3372.374602351209,2461369,0.0176664581098386,1.766645810983869,3247.8660278320312,2996.295859375,77.44088508258643,111.75493860897905,108.52346464821464,3.2314739607644185,3355.0439453125,-0.0233655131459038,-1,0.0133462210737802,2605243.05,0.9447751909366,0.05771350731212732,0.1465195457349462,0.028827552715834908,0.018662566484469557
2021-09-16,3390.791259765625,3458.940621955318,3381.0618779429806,3413.9854697769574,2946666,-0.0129596702787434,-1.2959670278743451,3263.0791015625,3006.53837890625,70.46255591460628,110.1478995682828,108.84835163222829,1.2995479360545374,3361.2119140625,-0.0087234345723686,0,0.0134375917326746,2535775.4,1.162037458049321,0.03913854191949295,0.12780574615487295,0.022967719934998434,-0.006793880705311772
2021-09-17,3325.24755859375,3427.015500602913,3305.3977135092737,3405.2980386219065,6477148,-0.0193299133301427,-1.9329913330142776,3274.6892700195312,3016.48765625,61.65412029226509,102.4050193196299,107.5596851697086,-5.1546658500787,3362.9921875,0.0113509229737507,0,0.0144781481884827,2728067.35,2.374262497588265,0.015439110219430674,0.1023574227807682,0.036574054999102594,-0.02350762814891591
2021-09-20,3321.46875,3362.7319291879166,3307.873703164557,3308.87262161632,2002008,-0.0011363991784564,-0.1136399178456426,3286.156115722656,3026.1420556640624,61.17927370077544,94.87020796269826,105.02178972830652,-10.15158176560827,3333.152587890625,0.0035176720812517,0,0.0144916609002317,2686360.35,0.7452492365739392,0.010745878477407045,0.09759181456242993,0.016516255353406454,0.0038067734313468556
2021-09-21,3355.738525390625,3363.2094166504107,3319.861238160691,3351.438510620508,1568129,0.0103176570276704,1.0317657027670402,3295.9528198242188,3036.767026367188,63.89507919880618,90.6194950166314,102.14133078597152,-11.521835769340129,3282.941650390625,-0.021693250069752,-1,0.0139475637442728,2577558.0,0.6083777746223363,0.018139126630336566,0.1050365392715078,0.012917626972940013,0.001283035555177379
2021-09-22,3355.0439453125,3385.187953993705,3346.6176119821243,3355.348074632068,1744067,-0.0002069827767776,-0.0206982776777664,3306.765954589844,3048.250971679688,63.79766202667864,86.20105546556988,98.9532757218912,-12.752220256321324,3294.017578125,-0.0181894390005719,0,0.0137837202012241,2539204.3,0.6868557209043794,0.014599760426239117,0.10064557560487186,0.011496225575664706,-9.064016990286208e-05
2021-09-23,3361.2119140625,3369.6817250496706,3331.458988287055,3361.86343798459,2003869,0.0018384166796436,0.1838416679643684,3315.8981323242188,3060.1191845703124,64.3179247805351,82.24899856128468,95.6124202897699,-13.36342172848522,3279.814697265625,-0.0242166274778239,-1,0.0136129458853903,2533234.6,0.791031750474275,0.013665613336112825,0.09839248451836546,0.0113717128642502,-0.00019379844961234355
2021-09-24,3362.9921875,3426.49391383993,3348.8323610402954,3379.2368053039554,2320754,0.0005296522453854,0.0529652245385481,3324.5612182617188,3072.119228515625,64.47660755359183,78.35736327161658,92.16140888613924,-13.804045614522664,3240.4189453125,-0.0364476737838095,-1,0.0136220490419879,2554145.65,0.9086224193988311,0.011559711707873177,0.09468153328310702,0.02309299233233339,-0.004807185391227484
2021-09-27,3333.152587890625,3391.3988633473587,3303.573362252145,3387.9240694299947,1673362,-0.0088729315876161,-0.8872931587616151,3329.634411621094,3083.054404296875,59.68546368631808,72.03503293883114,88.13613369667763,-16.101100757846496,3277.860107421875,-0.0165886436371464,0,0.0136258480601305,2440577.35,0.6856418625699365,0.0010566253932420278,0.08112026282935081,0.026349079071352543,-0.016166679186698767
2021-09-28,3282.941650390625,3344.4890201802423,3258.705048558736,3344.4890201802423,2253075,-0.0150640980801229,-1.506409808012299,3333.0158081054688,3093.0652783203127,52.60223515990398,62.25529725999559,82.95996640934122,-20.70466914934564,3329.982177734375,0.0143287735065753,0,0.0140610483532226,2451575.4,0.9190314929738648,-0.015023678433528476,0.061387767468465526,0.02613021514144155,-0.01840262276785718
2021-09-29,3294.017578125,3306.2663111425195,3233.425861046127,3266.132485042677,2489161,0.0033737814782839,0.3373781478283932,3333.2525390625,3103.43927734375,53.90184412971527,54.767198900572566,77.3214129075875,-22.55421400701493,3310.522705078125,0.005010637181396,0,0.0131067892066173,2415659.45,1.0304271158751288,-0.011770773584570682,0.06140874164110177,0.022112951242310695,0.00853764910334261
2021-09-30,3279.814697265625,3305.3978259324667,3257.706362633929,3305.3978259324667,2252412,-0.0043117198140331,-0.431171981403311,3335.884704589844,3113.706420898437,51.93532268622664,47.143334203974064,71.28579716686482,-24.14246296289076,3381.75634765625,0.0310815274032443,1,0.0123776407409097,2396113.25,0.940027354717061,-0.016808137057936268,0.053347443179713405,0.014540901758351755,-0.007739803198915889
2021-10-01,3240.4189453125,3309.7411246713523,3235.9017557482384,3285.200393235141,1578374,-0.0120115785766705,-1.2011578576670567,3331.256701660156,3122.817333984375,46.83155100712624,37.49029379637295,64.52669649276645,-27.03640269639349,3418.892822265625,0.0550774081886233,1,0.0101537999323222,2304846.1,0.6848066775477981,-0.027268314778139513,0.03765881854449615,0.02278698222954406,-0.013631268282706421
2021-10-04,3277.860107421875,3286.8510096871387,3220.656226102049,3235.728229979652,1356860,0.0115544201972823,1.155442019728237,3328.270544433594,3132.49376953125,51.690532682061885,32.48688995530938,58.11873518527504,-25.631845229965656,3201.675048828125,-0.0232423154427025,-1,0.0105455123979719,2285348.5,0.5937212639560224,-0.01514613560968725,0.046405946375554175,0.02019451148485823,0.013020833162644165
2021-10-05,3329.982177734375,3335.802415573793,3250.3225635085573,3261.0943406416723,1877966,0.0159012491699943,1.5901249169994358,3327.4583251953127,3143.273447265625,57.51178916148615,32.354509193589365,52.9658899869379,-20.611380793348538,3173.2255859375,-0.0470743035338188,-1,0.0111752766719912,2293062.15,0.8189773661389859,0.0007584926067900621,0.05939945524980361,0.025669762630199353,0.021124147263751947
2021-10-06,3310.522705078125,3350.960658715592,3296.7104851126683,3332.327120129696,1678154,-0.0058437167581147,-0.5843716758114792,3327.241162109375,3153.929760742188,54.85419638263766,30.329757112044263,48.438663411959176,-18.10890629991492,3175.26708984375,-0.0408562717382671,-1,0.0110497463672515,2297717.9,0.7303568466781758,-0.005024720546752071,0.049650105175166326,0.016387192729325716,-0.006543299701837945
2021-10-07,3381.75634765625,3387.055493405651,3318.4717883990315,3327.115296164053,1647233,0.0215173399864792,2.15173399864792,3332.3990844726563,3166.2644091796874,61.81098466502894,34.08023044912261,45.56697681939187,-11.48674637026926,3143.281005859375,-0.0705181915196675,-1,0.0117225449125574,2172720.8,0.7581429698652492,0.014811330195586114,0.06805873124550321,0.020280498639161787,0.016422951003590047
2021-10-08,3418.892822265625,3466.019711142976,3387.9238086943383,3409.6412690064817,2934339,0.0109814163977581,1.098141639775818,3338.66455078125,3179.0837890625,64.85182993159951,39.59271060571109,44.37212357665571,-4.77941297094462,3174.35302734375,-0.0715260195725655,-1,0.0118939986705572,2247380.35,1.3056708447237246,0.024030048620967692,0.07543337927366922,0.022842454124339998,0.0027133509156049888
2021-10-11,3201.675048828125,3264.13438170408,3179.436283975231,3261.962635608468,11845402,-0.0635345372697453,-6.353453726974534,3331.7258056640626,3187.5935498046874,43.1892263240967,26.13249278345711,40.724197418016,-14.591704634558887,3163.037841796875,-0.0120678102686879,0,0.018525597435445,2755076.8,4.299481597028439,-0.03903405154615258,0.004417595531996277,0.02645430795978191,-0.0184819979610519
2021-10-12,3173.2255859375,3220.2655276267183,3153.8970431833336,3219.396829075969,5752877,-0.0088858058537321,-0.8885805853732109,3321.603308105469,3196.026884765625,41.24595612577394,13.019459070661924,35.18324974854518,-22.163790677883256,3141.017822265625,-0.0101498499869051,0,0.0183443183208133,2943161.25,1.954659127154518,-0.04467051252203824,-0.007134263775067318,0.020915148528205474,-0.01434158185206421
2021-10-13,3175.26708984375,3192.858236546606,3166.4064065140506,3170.749899527101,3545655,0.0006433529073057,0.0643352907305772,3308.60107421875,3203.598452148437,41.44954258324491,2.760199817310422,28.69863976229823,-25.93843994498781,3074.565673828125,-0.0317143135258521,-1,0.0177230762236627,2997375.55,1.182919837989604,-0.04029920240731466,-0.008843605941214916,0.008330584257671688,0.0014246441566780484
2021-10-14,3143.281005859375,3194.2409413041028,3140.452318377293,3155.074499244516,6442299,-0.0100735097487338,-1.0073509748733889,3296.2255615234376,3209.3923291015626,39.15999690551451,-7.86073307586139,21.386765194666307,-29.247498270527696,3045.277587890625,-0.0311787007862365,-1,0.0176559782122801,3172157.2,2.0308889483787245,-0.04639990583453135,-0.020599327368833964,0.017112253987646216,-0.003737944504310461
2021-10-18,3174.35302734375,3179.1835977264323,3134.577371767137,3136.31810253628,3590107,0.0098852191154572,0.9885219115457256,3288.6808349609373,3215.9978857421875,42.48363783467844,-13.613716015338014,14.386668952665444,-28.00038496800346,3040.142333984375,-0.0422796998957865,-1,0.0174965802164438,3027805.15,1.185712693566163,-0.0347640325573112,-0.01294928040315757,0.014052068429396226,0.012127253538699341
2021-10-19,3163.037841796875,3211.7349483513485,3155.248115175907,3193.370156269083,3135441,-0.0035645643220544,-0.3564564322054431,3280.759289550781,3222.2033984375,41.59255651135073,-18.86853265239597,7.735628631653162,-26.60416128404913,3031.1337890625,-0.0417016992308388,-1,0.0174974555194041,3084476.8,1.0165228021815564,-0.035882378853227315,-0.018361831742004564,0.01785841207114744,-0.009498527570523259
2021-10-20,3141.017822265625,3159.425962920744,3114.428120492601,3143.7593878979965,2933693,-0.0069616680648818,-0.6961668064881854,3270.0232543945312,3227.5193798828127,39.84122242026013,-24.52711097563315,1.2830807101958994,-25.81019168582905,3037.357177734375,-0.0330022465318198,-1,0.0172671794037054,3152755.0,0.9305172777459714,-0.03945092193321198,-0.02680125118887078,0.0143258793723386,-0.0008720659866417326
2021-10-21,3074.565673828125,3139.7995159026163,3056.07040968974,3136.883919403963,4871211,-0.0211562468593596,-2.1156246859359684,3255.9993408203127,3231.2822021484376,35.045425994012135,-33.98198491078347,-5.769932413999974,-28.21205249678349,2978.08544921875,-0.0313801150616659,-1,0.0177086829464582,3309112.2,1.4720597869120302,-0.05572288197898634,-0.04849979621591505,0.027232824110933987,-0.01986628997979591
2021-10-22,3045.277587890625,3099.893008187751,3033.222943991784,3098.5003387692245,2691670,-0.0095259262753146,-0.9525926275314678,3240.2026245117186,3234.264677734375,33.15135598000961,-43.33876211526558,-13.283698354253096,-30.055063761012484,2957.28369140625,-0.0288951972175797,-1,0.017686947428801,3343502.25,0.8050450691337205,-0.060158286135104766,-0.05843278416413855,0.021892934969566215,-0.017176938860603928
2021-10-25,3040.142333984375,3058.942308854021,3002.7601880545794,3048.889547465273,2595594,-0.0016863007584826,-0.1686300758482639,3224.0601318359377,3236.96548828125,32.816458399831745,-50.58533132366029,-20.744024948134538,-29.841306375525747,3025.73828125,-0.0047379534087462,0,0.0176589131197706,3357244.25,0.7731323093337639,-0.0570453993818133,-0.06080483558117378,0.018480095544016868,-0.002868983393698287
2021-10-26,3031.1337890625,3071.518647461256,3024.518928854595,3041.491049462556,3878763,-0.0029631984072497,-0.2963198407249789,3208.959191894531,3239.354956054688,32.20189102851883,-56.40500216362125,-27.87622039123188,-28.528781772389365,3032.526611328125,0.0004595053740783,0,0.0176380458827553,3467514.3,1.1186004337458682,-0.055415289568405246,-0.06427858935403208,0.015505656258478034,-0.0034053233205753445
2021-10-27,3037.357177734375,3056.070030896145,3031.482212206842,3031.482212206842,2510813,0.0020531553883669,0.2053155388366923,3196.679968261719,3239.9290869140623,33.1335204763849,-59.82532862949665,-34.26604203888484,-25.55928659061181,3039.533447265625,0.0007165010250369,0,0.0175177516616369,3480401.2,0.721414818498511,-0.04984008161879905,-0.06252356262915348,0.008095135754710074,0.0019379844961240913
2021-10-28,2978.08544921875,3061.9452338402966,2972.297604765382,3061.9452338402966,2424942,-0.0195142438137081,-1.9514243813708143,3180.8833618164062,3239.151875,29.040573102190123,-66.5515305156373,-40.72313973423533,-25.828390781401964,3053.807373046875,0.0254263771538152,1,0.0177749471390091,3477190.25,0.6973854824308219,-0.06375521813596174,-0.08059715501337827,0.03010243681840365,-0.027387748054647453
2021-10-29,2957.28369140625,3012.3342965071097,2947.0133383911043,2959.2855740900413,3960501,-0.0069849432352443,-0.6984943235244345,3164.7568115234376,3236.566953125,27.74520373470904,-72.72232429163796,-47.12297664571586,-25.5993476459221,3048.67236328125,0.0309029100388886,1,0.0177805397441992,3562594.7,1.111690027495971,-0.0655573658493257,-0.08628996889716556,0.022088160938304808,-0.0006764749915718765
2021-11-01,3025.73828125,3034.9642397600896,2970.513637481384,2992.2727731263512,2020718,0.0231477926999956,2.314779269999568,3154.0227783203127,3235.2208349609373,37.60808835614303,-71.26748234180423,-51.95187778493353,-19.315604556870696,3051.239990234375,0.0084282600191842,0,0.0187626858461282,3584711.9,0.5637044360524482,-0.040673294420096484,-0.06475061963226592,0.021300785556402937,0.01118397641558718
2021-11-02,3032.526611328125,3058.115477593055,3019.949875757492,3041.056233416435,3087414,0.0022435285035031,0.2243528503503178,3141.756103515625,3234.02873046875,38.50453699008065,-68.77396465588117,-55.31629515912306,-13.457669496758117,3032.614013671875,2.8821624655561703e-05,0,0.0184895313321865,3671239.6,0.8409731688446594,-0.03476701837716567,-0.0623068426208504,0.012585413659024063,-0.0028048222175515777
2021-11-03,3039.533447265625,3063.5989646219014,3016.729917190848,3049.9342708836666,1537639,0.0023105604123392,0.2310560412339235,3127.2336669921874,3231.623310546875,39.471260823462025,-65.47765517296875,-57.348567161892205,-8.129088011076547,3036.00830078125,-0.0011597656500691,0,0.0179731349941815,3654223.25,0.4207840886568712,-0.028044025188214805,-0.059440672634813785,0.015419816312012257,-0.0034101795954534298
2021-11-04,3053.807373046875,3057.811138748893,3050.630624440296,3057.549986639362,328991,0.0046960910379489,0.469609103794899,3114.397900390625,3229.9238330078124,41.48917072916251,-61.01023166764708,-58.08090006304318,-2.929331604603896,3068.95166015625,0.0049591494352392,0,0.0180826258386027,3586765.1,0.0917235979573906,-0.019454973090031524,-0.05452650559779049,0.0023513317742215436,-0.0012240563879057436
2021-11-08,3048.67236328125,3088.056397094248,3029.915946668684,3088.056397094248,2526082,-0.0016815106974156,-0.1681510697415622,3097.743701171875,3227.3259130859374,40.96013615056994,-57.22447064999369,-57.90961418043329,0.6851435304395963,3092.66943359375,0.0144315508751968,0,0.0170850392104863,3630707.55,0.6957547434521406,-0.015840993517979296,-0.05535652568595417,0.019070744080544093,-0.012753664036076875
2021-11-09,3051.239990234375,3076.7417393701817,3042.797488214472,3053.241873185459,1782692,0.0008422115095245,0.084221150952457,3079.3610595703126,3224.556103515625,41.36275876966776,-53.40146290884786,-57.00798392611621,3.606521017268342,3095.3671875,0.0144620539213093,0,0.0167317520883109,3573125.2,0.4989167466060243,-0.00913211175693096,-0.05374882858830998,0.011124739864563101,-0.0006556581608110617
2021-11-10,3032.614013671875,3063.4248618840948,3029.0454307612417,3044.537976398456,1516489,-0.0061043957938783,-0.6104395793878337,3070.9080078125,3220.574609375,39.27061129947381,-51.28349813192335,-55.86308676727764,4.579588635354284,3065.339111328125,0.0107910527052621,0,0.0097078546990972,3056679.55,0.4961229907138941,-0.012469925521442993,-0.058362441024026324,0.011336566726876844,-0.003916509768975373
2021-11-11,3036.00830078125,3055.025868233188,2990.5752730659246,3028.8713475755,1284514,0.0011192611700903,0.1119261170090313,3064.0471435546874,3216.9885009765626,39.86751756226442,-48.76892734775083,-54.44425488337228,5.675327535621449,3025.12841796875,-0.003583614316766,0,0.0096278213786056,2833261.4,0.4533693926017557,-0.009150917547864124,-0.05625764597553695,0.02122872824513629,0.002356307808010079
2021-11-12,3068.95166015625,3076.001491709849,3033.832334714238,3051.500793099573,1747259,0.0108508792174655,1.0850879217465526,3058.7313720703123,3212.581875,45.46960475543487,-43.61509048866719,-52.27842200443126,8.663331515764071,3010.0712890625,-0.0191858255241309,0,0.0100459349069121,2743341.6,0.6369090163616518,0.0033413486974569473,-0.04470865504206012,0.013740573871881588,0.005718781753601059
2021-11-15,3092.66943359375,3106.856432182133,3070.649146366676,3070.649146366676,1809157,0.0077282981499593,0.7728298149959345,3056.200793457031,3209.8918359375,49.143114583575176,-37.188129934671,-49.260363590479216,12.07223365580822,3015.163330078125,-0.0250612311402325,-1,0.010049267605006,2511684.5,0.7202962792500411,0.011932671509932824,-0.03651911289699694,0.011707454221314346,0.007171215654230368
2021-11-16,3095.3671875,3112.034811133801,3082.8340116924446,3106.333875700264,2013204,0.000872305936401,0.0872305936401085,3052.251501464844,3205.139599609375,49.55934743515692,-31.51376018691417,-45.711042909766206,14.197282722852036,2996.929443359375,-0.0318016371492679,-1,0.0097440681681614,2432839.35,0.8275121002132755,0.01412586283091799,-0.034248870820713595,0.00943371098565559,-0.0035304280348137586
2021-11-17,3065.339111328125,3100.9807362432443,3051.84845073497,3090.318762548654,1632914,-0.0097009738596238,-0.9700973859623874,3047.366564941406,3199.694716796875,45.131652482737735,-29.10429982062305,-42.38969429193757,13.285394471314518,2999.19189453125,-0.0215790861612747,-1,0.0099170557167705,2357713.0,0.692583872591787,0.0058977303857976615,-0.04199013260966655,0.01602833609068029,-0.008083195663585091
2021-11-18,3025.12841796875,3064.425535995087,3004.152743208787,3059.4642841407654,2136598,-0.0131178613194129,-1.311786131941295,3041.5720947265627,3193.27275390625,39.98055605941257,-30.0925636783154,-39.93026816921314,9.837704490897742,3000.018798828125,-0.0083003481741397,0,0.0101866945059603,2317858.25,0.9217983886633274,-0.005406308397661319,-0.052655801397426205,0.019924044357353572,-0.011222836086043216
2021-11-22,3010.0712890625,3060.16085491759,2994.317804519924,3027.4785951812783,3167936,-0.0049773519751469,-0.4977351975146926,3038.347375488281,3187.1768603515625,38.22137693494047,-31.72504776813548,-38.289224088997614,6.564176320862131,3048.01953125,0.0126070908437916,0,0.0091619184575826,2232694.5,1.4188846705180669,-0.009306403426381449,-0.055568165511068246,0.02187424950263326,-0.005749770170624755
2021-11-23,3015.163330078125,3029.698389726688,2966.0312458584126,2998.4087961663104,2153461,0.0016916679130249,0.1691667913024996,3036.841662597656,3181.9081689453124,39.195759509865184,-32.236317811412846,-37.07864283348066,4.8423250220678185,3071.64990234375,0.0187341666377196,0,0.0089547888115432,2205784.05,0.9762791602378302,-0.007138446757539496,-0.052404038713178,0.021115653415241672,0.0055878084179970915
2021-11-24,2996.929443359375,3040.230125174157,2980.131347413317,3022.0829202611835,2161746,-0.0060473960189338,-0.6047396018933893,3034.681018066406,3175.975087890625,36.948466284306704,-33.72407512987684,-36.4077292927599,2.683654162883066,3113.99267578125,0.039061057203487,1,0.0090389558206261,2184091.65,0.9897689046153352,-0.012440047069950388,-0.056375015413035356,0.020053451005997893,-0.008323225260686967
2021-11-25,2999.19189453125,3014.075227111931,2988.8781925600256,2997.451163819664,1849619,0.0007549230686387,0.0754923068638779,3033.083923339844,3169.1499267578124,37.427853401111406,-34.324896580718814,-35.99116275035169,1.6662661696328769,3170.65380859375,0.0571693709812783,1,0.009027684793605,2082634.45,0.8881150506273436,-0.01117411508062538,-0.053628902435814196,0.008401274555939472,0.0005807369716635153
2021-11-26,3000.018798828125,3037.574977522078,2969.5993607935234,2981.0012315223835,1941251,0.0002757090329508,0.0275709032950821,3031.217004394531,3161.636791992188,37.61454928255502,-34.338494849511335,-35.660629170183626,1.3221343206722906,3168.521484375,0.0561672098897165,1,0.0090100536461713,2054156.35,0.9450356590431882,-0.010292303560311411,-0.05111845660874459,0.02265839692574838,0.006379590556569257
2021-11-29,3048.01953125,3071.8241091591503,2964.8560774978537,3000.2799056225817,2981745,0.0160001438793067,1.6000143879306703,3034.7137084960937,3153.890947265625,47.42159860883469,-30.128708629304583,-34.554245062007816,4.4255364327032325,3077.9599609375,0.0098229126751105,0,0.0085709303588261,2081996.5,1.4321565862382573,0.004384539706877355,-0.0335685087993971,0.03509427369628069,0.015911723948806675
2021-11-30,3071.64990234375,3101.764629552227,3038.44554802296,3038.44554802296,5588446,0.0077526967434027,0.7752696743402732,3040.432019042969,3147.5081201171874,51.466466271103,-24.602052117341373,-32.56380647307453,7.961754355733156,3119.824462890625,0.015683610462936,0,0.0084634203555925,2163393.75,2.5831848686814407,0.010267581417790606,-0.024101039577496985,0.02061402944422565,0.010928072856989442
2021-12-01,3113.99267578125,3124.6110887936125,3076.7410024750475,3076.7410024750475,2102118,0.0137850258928242,1.3785025892824263,3044.8447387695314,3143.283022460937,57.74009606353888,-16.613914209907307,-29.373828020441085,12.759913810533778,3156.72802734375,0.013723651919566,0,0.0074232104492688,2167463.75,0.9698515142410108,0.022709840055641806,-0.009318393052864526,0.015372575115821411,0.012107510276697276
2021-12-02,3170.65380859375,3175.092756819471,3110.772843260999,3123.9152323855865,3152938,0.0181956538476073,1.8195653847607351,3051.7510986328125,3140.2667236328125,64.37613139718601,-5.646092842004691,-24.628280984753808,18.98218814274912,3134.83837890625,-0.0112959130354836,0,0.0083147682196729,2170739.95,1.452471540867896,0.038962125716676566,0.00967659362571105,0.02028600958708876,0.014961537919987502
2021-12-03,3168.521484375,3190.715800719207,3160.16610454034,3173.7436764559898,2486263,-0.0006725187760866,-0.067251877608665,3058.200500488281,3136.5223828125,63.969029975177264,2.8411725979276525,-19.13439026821752,21.975562866145168,3165.344482421875,-0.0010026764750663,0,0.0083405727307081,2218171.15,1.1208616611932762,0.03607382310908158,0.01020209571525732,0.009641625070089494,-0.001645435994006048
2021-12-06,3077.9599609375,3183.796473257268,3065.426784803744,3168.5215187563167,1849642,-0.0285816346469759,-2.858163464697594,3059.4081298828123,3130.980703125,49.61776697932798,2.2340804308041697,-14.86069612841318,17.09477655921735,3141.71435546875,0.0207131981378443,1,0.0107651125485487,2294203.7,0.8062239634606115,0.006063862769233763,-0.01693422835042735,0.038457189162873544,-0.02858164518774145
2021-12-07,3119.824462890625,3131.574394610258,3067.4285135724954,3100.6764260141867,1484458,0.0136013796424998,1.3601379642499856,3062.9657348632813,3126.1529541015625,54.679528397396616,5.072597202899033,-10.874037462150737,15.94663466504977,3154.0302734375,0.0109640176727066,0,0.0111417308206606,2242122.5,0.6620771166606642,0.018563292230195927,-0.0020243703055650153,0.020560734041532972,0.0061754385964911535
2021-12-08,3156.72802734375,3173.743712566218,3134.185649600943,3134.185649600943,1428660,0.0118287310366598,1.1828731036659823,3068.24013671875,3122.027670898437,58.62558404709608,10.182573066722853,-6.662715356376019,16.84528842309887,3107.5087890625,-0.0155918526572166,0,0.0113905256418018,2224420.9,0.6422615432178326,0.028839949509177343,0.01111468574374519,0.012531349746516296,0.007192419423424073
2021-12-09,3134.83837890625,3163.5604352688256,3103.722817846793,3142.018892996894,1567957,-0.0069342839319354,-0.6934283931935403,3073.351354980469,3118.06138671875,55.536683804177,12.323891910126347,-2.865393903075545,15.189285813201897,3117.30029296875,-0.0055945742069226,0,0.011422160723268,2226994.3,0.7040687082135775,0.020006506521338396,0.005380584314010228,0.019087943360866326,-0.0022853185595568307
2021-12-10,3165.344482421875,3169.8703393647284,3111.6429873202883,3120.259518567422,1510718,0.009731316204655,0.973131620465506,3079.8181640625,3115.709443359375,58.79504191338757,16.294655479166067,0.9666159733727776,15.32803950579329,3119.69384765625,-0.0144220115754025,0,0.0115597761058823,2238304.5,0.6749385528197794,0.02776992465248651,0.01593057374726925,0.018395265465668695,0.0144491070650278
2021-12-13,3141.71435546875,3187.278068783452,3134.7949930935406,3176.833684068705,1883864,-0.0074652623385386,-0.7465262338538614,3083.456298828125,3112.66337890625,55.40790544409765,17.334934125552536,4.240279603808729,13.094654521743806,3095.802490234375,-0.0146136344809504,0,0.0115598697997935,2245134.75,0.8390872752737892,0.01889375136036997,0.009333157179594709,0.016705234706826434,-0.011054821275684919
2021-12-14,3154.0302734375,3163.7783237110075,3113.035976873672,3137.6673609293484,1747007,0.0039201265854458,0.3920126585445826,3086.5243408203123,3110.1476904296874,56.80464195213019,18.93488453688905,7.179200590424795,11.755683946464265,3140.5390625,-0.0042774513139964,0,0.0114783799383846,2242027.25,0.7792086380752062,0.021871181031815956,0.014109485264267363,0.01608809758887715,0.00521499274011794
2021-12-15,3107.5087890625,3153.3334364504094,3096.8901625623257,3150.722340588044,1603233,-0.0147498534705874,-1.4749853470587435,3087.1314208984377,3107.4894873046874,50.38475706705984,16.26150921629096,8.995662315598029,7.265846900692932,3160.07861328125,0.0169170315475148,0,0.0120100292749986,2221528.7,0.7216800755263706,0.006600745282859366,6.2113670509234e-06,0.018163512227784232,-0.013715442636395176
2021-12-16,3117.30029296875,3140.6694726505343,3107.203970979604,3117.648354075334,2072320,0.0031509175261912,0.3150917526191232,3089.729479980469,3104.278291015625,51.623992878043,14.762756678813275,10.14908118824108,4.613675490572197,3187.88671875,0.0226434475820189,1,0.0117905786130376,2243499.0,0.9236999882772402,0.008923374414143037,0.004194856495570276,0.010735411582391868,-0.00011164219535177798
2021-12-17,3119.69384765625,3178.0083208796227,3110.424330014637,3135.490892346272,4333992,0.0007678293595578,0.0767829359557881,3094.457751464844,3100.0725244140626,51.94000315556241,13.611222652398284,10.84150948107252,2.769713171325764,3195.0234375,0.0241464686992742,1,0.0113207220190336,2353368.7,1.8416119837065903,0.008155256338355121,0.0063293110363267235,0.02166366129668786,-0.005038140831020346
2021-12-20,3095.802490234375,3138.5375147693103,3055.112909309398,3123.741303523864,2312310,-0.0076582378235043,-0.7658237823504388,3098.7443115234373,3095.7781201171874,48.53213533217816,10.64804671027241,10.8028169269125,-0.1547702166400881,3216.95703125,0.0391351003165749,1,0.0114181704287687,2310587.4,1.000745524709431,-0.0009493591575537863,7.87204904284522e-06,0.026947651125377906,-0.008944022751811
2021-12-21,3140.5390625,3169.173995034654,3104.0706300032657,3118.214065713996,2340989,0.0144507191291256,1.4450719129125655,3105.013098144532,3090.9537744140625,54.54607081120105,11.773854267286424,10.997024394987283,0.7768298722991389,3226.052490234375,0.0272289011639621,1,0.0117820016024602,2319963.8,1.009062727616698,0.011441486149188052,0.0160420671756365,0.020729996900456772,0.007159545918118969
2021-12-22,3160.07861328125,3165.344365511799,3138.7546647787667,3154.203647877505,1224328,0.0062217187534983,0.6221718753498306,3113.170556640625,3085.777490234375,56.91413765335163,14.080432851288151,11.613706086247458,2.466726765040693,3215.73876953125,0.0176135353139856,0,0.011653884791717,2273092.9,0.5386176693438267,0.01506761540596191,0.0240785744539318,0.008414252930696238,0.001862582781456885
2021-12-23,3187.88671875,3194.6756101132755,3159.4258179297617,3175.092392233545,1792861,0.0087998144577408,0.8799814457740807,3122.6052978515627,3085.5017236328126,60.10006742241151,17.94543094906703,12.880051058811372,5.06537989025566,3249.72607421875,0.0193982286462794,0,0.0117211779061931,2270255.0,0.7897178951263184,0.020906075110854516,0.033182608304182404,0.011057416807249533,0.0040295918782554405
2021-12-24,3195.0234375,3224.7029749788608,3172.3070339161004,3207.295671470203,2209923,0.0022386989813736,0.2238698981373632,3132.355529785156,3085.9376806640626,60.89916407959626,21.33836792369084,14.571714431787267,6.766653491903572,3253.730224609375,0.018374446465817,0,0.0117043049397572,2283688.6,0.9676989235747816,0.020006639450389052,0.035349306474803166,0.016399235275644315,-0.003826349431818255
2021-12-27,3216.95703125,3220.351370671129,3179.531326131389,3195.1107788469503,1534135,0.0068649242107476,0.6864924210747692,3140.8024047851563,3086.771479492188,63.3298861642982,25.50316798445056,16.758005142319927,8.745162842130629,3322.8369140625,0.0329130547234441,1,0.011352230395639,2211308.1,0.6937680913844615,0.024246869637140733,0.042175312498102135,0.012689023864231987,0.0068374006146145385
2021-12-28,3226.052490234375,3242.110687247403,3214.998893611058,3229.0552079698964,1456218,0.0028273486080232,0.282734860802325,3148.522534179688,3088.426909179688,64.32041820437064,29.20111726175446,19.24662756620684,9.954489695547627,3381.152099609375,0.0480772119624537,1,0.0112915377038984,2004696.7,0.7264031511599734,0.024624234133006295,0.04456170895468636,0.008404015036461833,-0.0009299059762465958
2021-12-29,3215.73876953125,3237.715494300175,3207.296268256941,3213.606416952969,1456923,-0.0031970095757417,-0.319700957574176,3153.609838867188,3089.2546240234374,62.26648621742593,30.9428477532756,21.58587160362059,9.356976149655011,3360.43701171875,0.0449968895354619,1,0.0110351348124408,1972436.95,0.7386411007966567,0.019700893210803594,0.04094325683749567,0.009459482944153547,0.0006635388101766174
2021-12-30,3249.72607421875,3255.1658567333443,3202.943944593237,3204.119022612992,1966475,0.0105690502628901,1.0569050262890125,3157.5634521484376,3090.988388671875,66.10734890759423,34.666064349871704,24.201910152870813,10.464154197000893,3313.872802734375,0.019739118636652,0,0.0105552479866174,1913113.8,1.027892329248788,0.029187892331222764,0.05135499250939635,0.01606963508536995,0.014233881851419168
2021-12-31,3253.730224609375,3272.573548475662,3247.5941067076774,3257.6033077203024,1207141,0.001232150125634,0.1232150125634046,3161.8238891601563,3093.24263671875,66.5394770943407,37.50747892993422,26.86302390828349,10.644455021650728,3353.952880859375,0.0308023865936926,1,0.0105452379942746,1849157.7,0.6528058693966448,0.02906750618347398,0.05188328454597624,0.0076771705223297815,-0.0011889363882178145
2022-01-03,3322.8369140625,3333.4988883136334,3259.5178424894407,3263.869668714393,2346158,0.0212392191984576,2.123921919845761,3174.067736816406,3098.2080615234377,72.9497047747065,44.81900713074583,30.454220552775965,14.364786577969866,3376.88720703125,0.0162663092913182,0,0.0088416779791069,1873983.5,1.2519629975397328,0.046870196095849526,0.07250283004835012,0.02226442276209804,0.01806666666666679
2022-01-04,3381.152099609375,3384.98162249956,3317.5718625357454,3334.4570793497937,2488606,0.0175498187407514,1.7549818740751455,3187.134118652344,3104.9255517578126,76.96073243188296,54.68857813363093,35.30109206894696,19.38748606468397,3408.263671875,0.0080184420774083,0,0.0091103549718458,1924190.9,1.2933259376707371,0.06087537384183572,0.08896398423955132,0.01993692030938292,0.014003785068568529
2022-01-05,3360.43701171875,3368.3138605317376,3318.180732029534,3363.9620338385444,1733031,-0.0061266359159111,-0.6126635915911116,3197.3195678710936,3111.3314453125,72.82948967048605,60.14543070434775,40.26995979602712,19.87547090832063,3359.52294921875,-0.0002720070326605,0,0.0091898241284948,1939409.45,0.8935869627736422,0.05101693477460767,0.08006397607736382,0.014918633596575708,-0.0010478780926585045
2022-01-06,3313.872802734375,3337.851412747996,3283.0183908436607,3317.833007925778,1810293,-0.0138565933008096,-1.3856593300809683,3206.2712890625,3116.986225585937,64.4539774048832,60.02080074015157,44.22012798485201,15.80067275529956,3392.5966796875,0.0237558535403554,1,0.009706317250904,1951526.25,0.9276293362694968,0.03355970345957138,0.06316568726941574,0.01654650771722172,-0.0011936119696026642
2022-01-07,3353.952880859375,3363.874960866469,3304.254934309088,3324.795641594086,2460591,0.0120946338350489,1.209463383504894,3215.701708984375,3123.3181396484374,67.87822144835613,62.43642964153514,47.86338831618864,14.573041325346502,3453.740234375,0.0297521632116837,1,0.0098086604158176,1999019.9,1.2308987019088704,0.042992536120106895,0.07384285906811217,0.01777604774879974,0.00876963350785351
2022-01-10,3376.88720703125,3462.313484143397,3360.480734609768,3462.313484143397,3937092,0.0068379989184579,0.6837998918457933,3227.4603515625,3131.2941748046874,69.67821351255735,65.44700902081331,51.380112457113576,14.066896563699736,3498.128662109375,0.0359033179508274,1,0.0095271837045622,2101681.3,1.873305909892237,0.046298587493540655,0.07843179800948641,0.030155804233436015,-0.024673178065296477
2022-01-11,3408.263671875,3416.1840817490493,3356.128871139957,3356.128871139957,1906106,0.0092915347537871,0.929153475378719,3240.172021484375,3140.3137744140627,71.99068409935995,69.56285605455514,55.016661176601886,14.546194877953257,3473.2802734375,0.0190761654090958,0,0.0096102845743072,2109636.25,0.9035235339741626,0.05187738468083536,0.08532583579516118,0.017620470829375078,0.015534207039354434
2022-01-12,3359.52294921875,3419.665276673529,3339.200046881566,3416.183815460321,3203744,-0.0143007488119122,-1.4300748811912234,3252.7727294921874,3146.9894677734374,63.84510983592847,68.10663461776267,57.634655864834045,10.47197875292862,3413.16259765625,0.0159664479892818,0,0.009564763588127,2189661.8,1.4631227525638892,0.032818222668519414,0.06753549181582885,0.023951385660477584,-0.016586012141719654
2022-01-13,3392.5966796875,3414.442932824278,3356.9988253640686,3410.091106501536,6684507,0.0098447699178365,0.984476991783656,3266.537548828125,3154.190869140625,66.60623853398297,68.8279366677225,59.87331202541174,8.954624642310755,3336.348388671875,-0.0165797164609635,0,0.0096520536424532,2420271.15,2.761883518712356,0.03859105519990069,0.07558382496105231,0.016932194682658504,-0.005130193378318258
2022-01-14,3453.740234375,3461.4430528434973,3359.653866015669,3375.146411994142,3348123,0.0180226417875088,1.8022641787508893,3283.2398681640625,3162.4750048828123,71.01348899281382,73.4862439278877,62.59589840590694,10.890345521980764,3342.408203125,-0.0322352069625604,-1,0.0100827159523037,2370977.7,1.4121275792682486,0.05193052382928043,0.09210040523402663,0.02947216059121149,0.023286048303434136
2022-01-17,3498.128662109375,3518.886959817252,3448.648521569268,3475.10754208303,3442604,0.0128522774505672,1.285227745056727,3303.3561767578126,3171.3614306640625,73.72464633956491,79.83942198314799,66.04460312135515,13.794818861792834,3288.220458984375,-0.0600058555303181,-1,0.0097492597616992,2427492.4,1.418172926102673,0.05896199953307124,0.10303689396162263,0.020078860737395007,0.006624577728189103
2022-01-18,3473.2802734375,3517.755818179657,3464.0543151392512,3511.010486284599,2389041,-0.0071033375475936,-0.7103337547593624,3319.993237304688,3179.853588867188,69.78949029730333,81.92492453144314,69.22066740337274,12.704257128070395,3286.955322265625,-0.0536452392272591,-1,0.0099747496520731,2429895.0,0.9831869278302148,0.04617088806399394,0.09227679085528084,0.01546132152106965,-0.010746254673544382
2022-01-19,3413.16259765625,3498.0416342208123,3409.5443196960337,3498.0416342208123,3102539,-0.0173086163650569,-1.7308616365056984,3332.6474365234376,3187.092041015625,61.26875714119186,77.8295358726973,70.94244109723766,6.887094775459644,3181.76220703125,-0.0677964743853393,-1,0.0111529817399743,2523805.55,1.2293098412435142,0.024159519621074654,0.07093317473460337,0.025928244551123334,-0.024264730223392286
2022-01-20,3336.348388671875,3417.8268980433213,3322.7903848069127,3409.107951874844,6176776,-0.022505288507826,-2.250528850782607,3340.070520019531,3193.166728515625,52.456097797213054,67.60632255016662,70.27521738782346,-2.668894837656836,3217.335693359375,-0.0356715430908209,-1,0.0125421101204343,2743001.3,2.251831233182427,-0.0011143870542094092,0.04484002005833543,0.028485188644894636,-0.021342698509431064
2022-01-21,3342.408203125,3358.1459444240563,3288.0020610960582,3319.3029944689906,3112358,0.0018163014611125,0.1816301461112557,3347.439758300781,3199.2947265625,53.03006923242298,59.30964406239127,68.08210272273703,-8.772458660345762,3257.61669921875,-0.0253683867299553,-1,0.0125426689587935,2788123.05,1.116291477881509,-0.0015031055191669918,0.044732820447670685,0.02098603134782183,0.006960861570790606
2022-01-24,3288.220458984375,3356.4896498685425,3260.973747148441,3348.0759503995805,3258414,-0.0162121861985504,-1.6212186198550471,3351.0029296875,3203.6801025390623,47.50701136075728,47.81083495605208,64.02784916940004,-16.217014213347966,3313.766357421875,0.0077689129290894,0,0.0131504940485713,2874337.0,1.1336228145829803,-0.018735426981252967,0.026388513752765297,0.029047901109891944,-0.01787757873535156
2022-01-25,3286.955322265625,3321.395158492782,3245.365992989606,3286.6066495763694,3330501,-0.0003847481440282,-0.0384748144028224,3354.0480712890626,3207.5658203125,47.38293175614168,38.15602107516133,58.85348355055231,-20.69746247539097,3362.200439453125,0.0228920413605242,1,0.0131489096755418,2968051.15,1.1221171171527822,-0.02000351443909143,0.024750700811929205,0.02313057466530162,0.00010608896239547826
2022-01-27,3181.76220703125,3255.1320717987264,3160.7060320416385,3253.0396093535915,5718297,-0.0320032081123231,-3.200320811232316,3352.3492431640625,3209.293720703125,38.40183781080412,21.76540817456862,51.43586847535557,-29.67046030078695,3334.6484375,0.0480508034607025,1,0.0150719554465469,3181119.85,1.7975735808885038,-0.05088581879727028,-0.008578683058602432,0.02967727743714459,-0.021911015813454827
2022-01-28,3217.335693359375,3251.9935142882946,3178.9286819330778,3178.9286819330778,3143862,0.0111804352473332,1.1180435247333254,3350.7297241210936,3212.33365234375,42.379330646028045,11.513492040170604,43.451393188318576,-31.93790114814797,3326.19140625,0.0338341171906011,1,0.0150960229641536,3239989.2,0.9703310122144851,-0.039810441827476284,0.0015571361997142041,0.02270973231236754,0.012081746798717824
2022-01-31,3257.61669921875,3276.5804096792403,3244.668977275617,3268.7333570749,2739393,0.0125199884931235,1.2519988493123524,3350.9240478515626,3216.98341796875,46.5852542243049,6.563455740860718,36.073805698827,-29.510349957966284,3294.889892578125,0.0114418597400713,0,0.0153684889908635,3316601.8,0.825963792216479,-0.027845259188323368,0.012630864375314799,0.009795944504851122,-0.003400906908509091
2022-02-01,3313.766357421875,3320.1748683247147,3257.747125465504,3287.042871214332,2105169,0.017236422632715,1.7236422632715076,3350.4705200195312,3223.0573193359373,51.8602093464344,7.089599969960091,30.27696455305362,-23.18736458309353,3263.894287109375,-0.0150499657891695,0,0.0151034809589455,3304552.35,0.6370511878863108,-0.010954927786513524,0.028143786814386118,0.01883890900135154,0.008129947571286305
2022-02-02,3362.200439453125,3369.00126096906,3313.766644280028,3337.525775843539,1984212,0.0146160220145792,1.4616022014579233,3349.5229370117186,3229.9980615234376,55.90533733479951,11.28471552550809,26.47851474754452,-15.193799222036423,3278.8037109375,-0.0248042108189093,-1,0.0149371076558695,3279332.65,0.6050657898337944,0.0037848680781737976,0.04092955333457193,0.016428115361859907,0.007393100538182213
2022-02-03,3334.6484375,3385.1310537087656,3327.193695504169,3357.666371624586,1960538,-0.0081946339753635,-0.8194633975363574,3348.233508300781,3236.75244140625,53.16837855330393,12.245005727747866,23.63181294358519,-11.386807215837322,3287.348388671875,-0.014184418452095,0,0.0149875521290417,3290708.0,0.5957799962804357,-0.004057384518463714,0.030245129297320483,0.017374352736275942,-0.006855336884899945
2022-02-04,3326.19140625,3334.7360179114785,3286.171519848865,3326.5402918909444,2307366,-0.0025361088008246,-0.2536108800824665,3348.8494384765627,3243.292431640625,52.32164679805837,12.18319064998468,21.342088484865087,-9.158897834880406,3221.60693359375,-0.0314427102600689,-1,0.0146578821958435,3315561.65,0.6959201015007518,-0.0067659154712162994,0.025560129515499908,0.014600632414406305,-0.0001048794273723118
2022-02-07,3294.889892578125,3340.9259728140128,3274.9670146178178,3305.352628410604,1919149,-0.0094106170838691,-0.9410617083869144,3345.8962890625,3249.189853515625,49.198608306267815,9.498933408396624,18.9734574695714,-9.474524061174767,3255.4365234375,-0.011974108521652,0,0.0145344751749821,3288489.55,0.5835958943521654,-0.015244464286329196,0.014065056559576572,0.020018562181628667,-0.0031653917172251213
2022-02-08,3263.894287109375,3312.938365711903,3244.3202929778845,3305.832508802573,2946443,-0.0094071748918131,-0.9407174891813196,3340.2466430664062,3253.5073486328124,46.25440051941482,4.8150489975837445,16.141775775173862,-11.326726777590116,3328.718994140625,0.0198611539862896,0,0.0145398511146742,3238957.1,0.909688800756268,-0.02285829883715962,0.003192535735604629,0.02102337474746741,-0.012686130220308353
2022-02-09,3278.8037109375,3293.974593822682,3266.204874886914,3269.605179127238,1638721,0.0045679861284138,0.4567986128413803,3333.773645019531,3257.650424804688,47.87041528225431,2.2798223828363007,13.36938509670635,-11.08956271387005,3324.621826171875,0.013974034213007,0,0.0143912392018435,3225587.85,0.5080379379529223,-0.01648880216092452,0.006493418069583035,0.008469466727493751,0.00281334635416665
2022-02-10,3287.348388671875,3304.3066986400545,3276.580403583315,3304.3066986400545,2112459,0.0026060351541847,0.2606035154184782,3330.1649169921875,3261.1175390625,48.82018997330262,0.949179556555464,10.885343988676174,-9.93616443212071,3299.423583984375,0.0036732326132851,0,0.0141143825305873,3171023.6,0.6661757421168357,-0.012857179565444632,0.008043515541888757,0.008434242975975358,-0.005132183999493444
2022-02-11,3221.60693359375,3271.784510768928,3217.291097864715,3271.784510768928,3851488,-0.0199983230571693,-1.999832305716931,3321.6154296875,3262.1366015625,42.41689498801958,-5.348496334158881,7.638575924109164,-12.987072258268045,3307.880615234375,0.0267797044825655,1,0.0144813575552238,3029372.65,1.2713813865058827,-0.030108390995509993,-0.012424270629665557,0.016914978775335845,-0.01533645538391082
2022-02-14,3255.4365234375,3307.314253104599,3234.729026301473,3246.935550929026,5951745,0.0105008433806703,1.0500843380670366,3311.700244140625,3263.87490234375,46.31873023576019,-7.522964621865412,4.606267814914249,-12.12923243677966,3242.925048828125,-0.0038432555877833,0,0.0140108323101659,3159553.75,1.8837296247927413,-0.016989376016948388,-0.0025853867438946354,0.022296618680950852,0.002618152524167557
2022-02-15,3328.718994140625,3343.7155375509287,3267.860713100621,3300.992705389261,3931683,0.0225107969931308,2.251079699313085,3303.2297607421874,3268.8900830078123,53.64610107601072,-3.294980977831983,3.0260180563650025,-6.320999034196985,3126.963134765625,-0.0606106612574208,-1,0.0147289035066723,3184007.7,1.23482207659234,0.007716457904735741,0.01830251541457839,0.02278799279357346,0.008399378982600427
2022-02-16,3324.621826171875,3360.3695095219214,3318.431288543338,3351.56328774582,3256906,-0.0012308542643467,-0.123085426434677,3295.796838378906,3272.9860302734373,53.20880333613421,-0.2717481490694808,2.366464815278106,-2.638212964347587,3107.259033203125,-0.0653797046201286,-1,0.0146881701215504,3227400.95,1.0091420466366288,0.008745984417882768,0.01577635694770252,0.012614433511938165,-0.008038476156022503
2022-02-17,3299.423583984375,3343.715873327904,3294.889774525724,3334.996927113229,3134372,-0.0075792807437934,-0.7579280743793437,3290.1098876953124,3275.83994140625,50.483233027184816,0.0898622191807589,1.911144296058637,-1.8212820768778777,2965.880615234375,-0.1010912846622785,-1,0.0143136643419482,3228992.6,0.9706965571862878,0.0028308161754397876,0.0071992658371462515,0.01479837237000577,-0.010666679432189555
2022-02-18,3307.880615234375,3327.1059324438424,3276.231013675727,3286.1705263010226,3688883,0.0025631844577491,0.2563184457749168,3288.6864990234376,3279.3007861328124,51.38333443246842,1.046786086395059,1.7382726541259212,-0.6914865677308621,3069.723388671875,-0.0719969231857013,-1,0.0134582917100853,3104597.95,1.188199908461577,0.005836408005639004,0.008715220397719659,0.015379913813640123,0.006606501019832857
2022-02-21,3242.925048828125,3337.4385616421955,3230.8494350012497,3321.918793472412,7465922,-0.0196366114626683,-1.9636611462668367,3283.7123413085938,3280.852397460937,44.66731252688921,-3.3970570481828872,0.7112067136641596,-4.108263761847047,3098.888427734375,-0.0444156491207835,-1,0.014116062111749,3322276.15,2.247231013592895,-0.012421091813485274,-0.011560211810249132,0.032868205412105715,-0.02377955319061681
2022-02-22,3126.963134765625,3198.0225543570805,3112.664146521412,3182.415724034496,5408531,-0.0357584317603653,-3.5758431760365306,3275.649475097656,3280.557373046875,35.69703879346707,-16.09051068797271,-2.649136766663214,-13.441373921309497,3091.869384765625,-0.0112229497079218,0,0.0157737762978736,3429782.0,1.5769314201310751,-0.04539140755516835,-0.04681955558624984,0.027297542106158,-0.017424684289383586
2022-02-23,3107.259033203125,3158.787893178811,3100.1529621726163,3148.412429195075,2426203,-0.0063013539697445,-0.6301353969744516,3266.664660644531,3279.6219482421875,34.43171837665763,-27.42399374193292,-7.604108161717155,-19.81988558021576,3090.343505859375,-0.005443874219367,0,0.0157896252603701,3384567.1,0.7168429309615401,-0.04879767101957577,-0.0525557267755955,0.018870306717155366,-0.013071157898608448
2022-02-24,2965.880615234375,3037.5505321408286,2956.68229614939,3028.9622839273047,5039136,-0.0454993988135613,-4.549939881356135,3255.870581054688,3276.789384765625,27.028755951429687,-47.2690295481907,-15.537092439011865,-31.73193710917884,3072.863037109375,0.0360710479462591,1,0.0173224330369789,3350609.05,1.503946275080944,-0.08906679752804403,-0.09488213401102918,0.02726618043088299,-0.020826165128454168
2022-02-25,3069.723388671875,3077.78841497173,3018.499572983606,3023.7309413943226,2549723,0.0350124589992284,3.5012458999228446,3248.4899658203126,3275.837846679688,37.63508354820379,-53.99470211878361,-23.228614374966213,-30.7660877438174,3038.465576171875,-0.0101826153507348,0,0.0191036120106235,3320902.1,0.7677802365808977,-0.05503066933540468,-0.06291961557765313,0.01931406660512682,0.015210495963091234
2022-02-28,3098.888427734375,3107.215065572524,3013.181127091719,3042.912824650469,3288942,0.0095008687656115,0.9500868765611514,3240.5535522460937,3275.42173828125,40.2613550493496,-56.32222364211066,-29.8473362283951,-26.47488741371556,3138.7783203125,0.0128723229339653,0,0.0189930233108188,3348379.55,0.9822488612439412,-0.04371633494948035,-0.05389636042395851,0.030344409188540523,0.01839540148191264
2022-03-02,3091.869384765625,3114.36431117706,3056.862896806409,3097.406001398964,2761341,-0.0022650195811927,-0.2265019581192739,3229.458703613281,3275.343076171875,39.82667139561228,-58.06385534430956,-35.49064005157799,-22.573215292731568,3167.24462890625,0.0243785343947635,1,0.018428272560721,3381188.15,0.8166777113542173,-0.04260445216212683,-0.05601663310967986,0.01859762079665263,-0.0017875010995775599
2022-03-03,3090.343505859375,3120.162475048833,3077.8755818754444,3106.4301334512893,1928039,-0.0004935133785949,-0.0493513378594934,3215.865856933594,3274.3391650390627,39.72625851240458,-58.8884077833477,-40.170193597931934,-18.718214185415768,3157.087158203125,0.0215974865632906,1,0.0179590062787766,3378379.5,0.5706993545278143,-0.03903220988014333,-0.05619321942706956,0.01368355753760437,-0.005178493286775394
2022-03-04,3072.863037109375,3104.9922381403285,3040.341313060864,3052.940152453584,2370257,-0.0056564808141413,-0.5656480814141385,3202.7765869140626,3272.594853515625,38.5278419602867,-60.25778503292577,-44.18771188493071,-16.07007314799506,3138.08056640625,0.0212237019708581,1,0.0179371495962627,3398865.45,0.6973671170184156,-0.040562788655159276,-0.06103163555112412,0.021039312295637182,0.006525802557832527
2022-03-07,3038.465576171875,3093.4822136519515,2991.9501243817053,3008.036538077574,3054130,-0.0111939453604341,-1.1193945360434163,3188.3902954101563,3269.6064306640624,36.21284324561356,-63.3879175393422,-48.027753015813005,-15.360164523529193,3176.312255859375,0.0453672013823409,1,0.0180061926471244,3436203.65,0.8888093696076482,-0.047022072377432944,-0.07069378513708213,0.0334155799119387,0.010115913722826077
2022-03-08,3138.7783203125,3146.669012528996,3016.75665928244,3016.75665928244,3300992,0.0330142769848351,3.3014276984835167,3180.584716796875,3268.4815283203125,46.339090119253065,-57.11577489880028,-49.84535739241046,-7.270417506389819,3133.502197265625,-0.0016809479703395,0,0.0197902667886699,3505295.8,0.9417156748939703,-0.013144248685970417,-0.03968301698632137,0.041389464303940325,0.04044796276643797
2022-03-09,3167.24462890625,3185.903089495152,3136.2487311522195,3143.1802511302744,2719654,0.0090692319395515,0.906923193955156,3175.752233886719,3267.4872802734376,48.82198552518871,-49.27999436783375,-49.73228478749512,0.4522904196613666,3187.55908203125,0.0064139198278521,0,0.0198690401836672,3493956.35,0.7783880871894693,-0.0026789259217671058,-0.03067881915635151,0.015677462324746195,0.007656060376213589
2022-03-10,3157.087158203125,3212.060163122713,3151.8994271684605,3212.060163122713,2005441,-0.0032070369968968,-0.3207036996896839,3169.66640625,3266.1079736328124,47.969080072118985,-43.389537262991325,-48.46373528259436,5.074198019603031,3202.25146484375,0.0143056888763029,0,0.0198239214517144,3512292.35,0.570977811684725,-0.003968634687256389,-0.033379427841886744,0.019055772913312133,-0.017114562656928678
2022-03-11,3138.08056640625,3173.5668605102896,3132.5877986142987,3141.6554207814643,1623423,-0.0060202936581873,-0.6020293658187348,3162.203015136719,3264.5548095703125,46.33781565335081,-39.796234463643486,-46.73023511880419,6.934000655160702,3162.100341796875,0.0076542889458484,0,0.0198190963012731,3487840.55,0.4654521835867755,-0.007628368139237285,-0.03874165101878291,0.013058639199604892,-0.0011378887549434219
2022-03-14,3176.312255859375,3180.97697745026,3121.382892115444,3121.382892115444,1765688,0.0121831446465723,1.218314464657233,3159.93828125,3263.086533203125,50.019665378081285,-33.47762901531678,-44.079713898106704,10.602084882789924,3226.838623046875,0.0159072418318739,0,0.0195974803118379,3383550.55,0.5218447231414941,0.005181738740447139,-0.0265926988024342,0.0187620361395144,0.01759776536312847
2022-03-15,3133.502197265625,3190.2626259339454,3126.091092504641,3190.2626259339454,3651133,-0.0134779124800397,-1.347791248003971,3153.8415649414064,3260.68197265625,46.19738841639481,-31.560690628632983,-41.57590924421197,10.01521861557898,3236.821533203125,0.0329724791728753,1,0.0196209519027753,3268519.95,1.1170600320184676,-0.0064490771831651195,-0.0390040416259978,0.020479172947541622,-0.0177917730681197
2022-03-16,3187.55908203125,3198.109090841097,3152.988549551286,3174.1319916049656,3090475,0.0172512675474734,1.7251267547473417,3146.783569335937,3257.976416015625,51.26192400042298,-25.38691971042772,-38.33811133745512,12.9511916270274,3269.474365234375,0.0256984360430818,1,0.0193118628012306,3226459.55,0.9578533225373924,0.012957838312317671,-0.021613825575352852,0.01415520155976479,0.004230161336011465
2022-03-17,3202.25146484375,3234.7295445021614,3191.3964177054013,3223.046239918665,3600452,0.0046092895643325,0.4609289564332597,3140.6650512695314,3254.3984033203124,52.56877629289882,-19.088568143196422,-34.48820269860338,15.399634555406957,3232.50634765625,0.0094480034265442,0,0.0193679583691923,3243636.85,1.1100046541893245,0.019609354251044264,-0.01602352632159576,0.01353208118490922,-0.006451900943077903
2022-03-21,3162.100341796875,3238.173151385832,3151.8992167802776,3222.5226847081344,2413831,-0.0125384041471066,-1.2538404147106608,3133.798889160156,3250.431669921875,48.72383484343104,-17.139367264994235,-31.01843561188155,13.879068346887315,3232.723876953125,0.0223343751059201,1,0.0194786936065038,3207609.8,0.7525326179013421,0.009031036654781666,-0.027175260733022233,0.02728374348694106,-0.018750013211072836
2022-03-22,3226.838623046875,3235.6012072887484,3160.618263654463,3173.696684055792,2907611,0.0204731900484891,2.047319004848913,3129.746789550781,3248.690986328125,54.5021460319213,-10.252587818938537,-26.86526605329295,16.612678234354412,3230.675048828125,0.001188911572413,0,0.0200985527256149,3168546.2,0.9176482893006264,0.031022264746864536,-0.006726513347441787,0.023237277221965363,0.016744492080185424
2022-03-23,3236.821533203125,3251.992627455648,3217.291178673667,3232.9852819842704,1596195,0.0030937122436025,0.3093712243602553,3129.441613769531,3246.348359375,55.33795055701207,-3.943766783850151,-22.28096619940439,18.33719941555424,3253.518798828125,0.0051585376128155,0,0.0196292088588291,2875059.85,0.555186703330715,0.0343128048662491,-0.002934628424692387,0.010720840931764447,0.0011865971800836914
2022-03-24,3269.474365234375,3276.7545581252484,3221.6508566813804,3226.010330100435,1879046,0.0100879309212136,1.0087930921213628,3136.567175292969,3244.2001025390623,58.05232686492237,3.648769252217335,-17.095019109080045,20.74378836129738,3260.842529296875,-0.0026401295661729,0,0.0178157012753201,2698585.6,0.6963077250541914,0.042373455600864585,0.0077905991913174155,0.01685399403335521,0.013472999366554021
2022-03-25,3232.50634765625,3295.3264108407147,3201.597719435667,3278.237187540887,1690133,-0.0113070216947471,-1.1307021694747177,3142.829541015625,3240.6849560546875,54.04738612584199,6.606740308405733,-12.35466722558289,18.961407533988623,3277.234375,0.0138369495782058,0,0.0179785279495104,2661782.1,0.6349629445625921,0.02853377998084028,-0.0025237283195816973,0.02899567126078698,-0.013949826467236599
2022-03-28,3232.723876953125,3237.3449613508205,3192.1807741513976,3221.6508570404744,1760990,6.729431390994911e-05,0.0067294313909949,3156.1717041015627,3238.148974609375,54.06746656190452,8.866301275729711,-8.110473525320371,16.976774801050084,3287.348388671875,0.016897363894325,0,0.0140918700222009,2497874.8,0.70499530240667,0.02425475545328526,-0.001675370002673926,0.013970938724896803,0.0034370639166103364
2022-03-29,3230.675048828125,3245.1920101542364,3218.163274981001,3221.4328800422795,2689063,-0.0006337776447925,-0.0633777644792554,3164.219287109375,3234.9105419921875,53.82887740804644,10.372132823909851,-4.413952255474327,14.78608507938418,3326.104248046875,0.0295384703742846,1,0.0121361628579003,2504841.8,1.0735460419097127,0.021002261755208362,-0.0013093076637149537,0.008366280967514716,0.0028689620830231856
2022-03-30,3253.518798828125,3259.142477223061,3231.416182436141,3259.142477223061,1583455,0.0070708906512544,0.7070890651254436,3171.9508056640625,3230.90611328125,56.152197582094885,13.256007879333993,-0.8799602285126631,14.135968107846656,3274.270263671875,0.0063781604247143,0,0.0120757466035881,2419567.45,0.6544372218265706,0.02571540296854824,0.006998868043216033,0.008521940858896215,-0.0017255086067080472
2022-03-31,3260.842529296875,3273.6593387691028,3243.6226090320506,3260.886166604706,2168110,0.0022510183347912,0.2251018334791243,3180.399462890625,3226.160390625,56.90098004070766,15.948617742152692,2.485755365620408,13.462862376532284,3212.19091796875,-0.0149199511755067,0,0.0120239433088399,2389905.9,0.9071947142354015,0.02529338447728713,0.010750283455422283,0.0092113401573945,-1.3382039605636721e-05
2022-04-01,3277.234375,3280.9399276687727,3250.4672488832616,3267.8615064848686,1387014,0.0050268743601855,0.5026874360185563,3189.744006347656,3222.23947265625,58.60485388998837,19.184073357520447,5.825418964000416,13.35865439352003,3213.499267578125,-0.0194478331815602,0,0.0120093521441666,2362854.65,0.5870077535238996,0.027428648969395786,0.017067292114826937,0.009298290966910509,0.0028681963713980785
2022-04-04,3287.348388671875,3295.762087691573,3258.35788882644,3280.067982512089,1472994,0.003086142922529,0.3086142922529067,3200.468273925781,3219.7231884765624,59.664445323909405,22.30716846751602,9.121768864703537,13.185399602812485,3222.87158203125,-0.0196136213803229,0,0.0118352164152239,2317991.5,0.6354613466011415,0.02714606342262682,0.021003420554084995,0.01137822781242989,0.0022195900202684185
2022-04-05,3326.104248046875,3344.239702036937,3288.7871089041378,3288.7871089041378,2314947,0.0117893982604799,1.1789398260479975,3214.850207519531,3219.5183056640626,63.51803732561389,27.59146061531873,12.815707214826578,14.77575340049216,3218.250244140625,-0.0324265254071886,-1,0.011448464995273,2281032.35,1.0148681144307312,0.03460629060325138,0.033106176844932556,0.016671934791388985,0.011346778586459414
2022-04-06,3274.270263671875,3321.3089461528684,3253.1702389534807,3321.3089461528684,2051729,-0.0155839927162347,-1.5583992716234785,3221.6248046875,3218.155546875,55.83479501679139,27.28223820986113,15.70901341383349,11.573224796027644,3192.835205078125,-0.0248712085551624,-1,0.0101868700534012,2218569.2,0.924798288915216,0.016341275653134923,0.017436918750358688,0.020810349089196652,-0.01416269405936451
2022-04-07,3212.19091796875,3265.681745359496,3207.700745208273,3265.681745359496,2494829,-0.0189597500218284,-1.895975002182848,3223.872119140625,3216.634956054688,48.29939410568096,21.776862728300785,16.92258327672695,4.854279451573834,3076.08837890625,-0.0423706257000955,-1,0.0110761816175155,2207327.95,1.1302484526596963,-0.0036233450770338793,-0.0013815798642531352,0.01805029701904751,-0.016379681659658297
2022-04-08,3213.499267578125,3230.3705185904314,3175.877088789648,3217.2920954382435,2296773,0.0004073075488932,0.0407307548893287,3226.692724609375,3215.165834960937,48.45727521614703,17.31973475314453,17.002013572010465,0.3177211811340648,3027.130615234375,-0.0579955484116876,-1,0.0110374139426248,2221894.55,1.0337002716893111,-0.004088848290581315,-0.0005183456992140512,0.016957660563542837,-0.0011788882537262474
2022-04-11,3222.87158203125,3236.778473211479,3187.734394843684,3217.2915409273724,2291660,0.0029165447609353,0.2916544760935391,3230.932275390625,3215.9880224609374,49.6435822167223,14.37795604233861,16.477202066076096,-2.0992460237374857,3101.155029296875,-0.0377664916632085,-1,0.0109209241836906,2255306.4,1.016119140175366,-0.0024948506103862345,0.0021404182858384413,0.01521750932964088,0.0017343908790650726
2022-04-12,3218.250244140625,3260.0139103467973,3180.9767499798,3211.1878127326167,4483476,-0.0014339193396319,-0.1433919339631995,3233.0291748046875,3216.0063134765624,49.04417398971752,11.54063857630308,15.489889368121494,-3.9492507918184128,3163.801025390625,-0.0169188890295693,0,0.0106333495883989,2391195.8,1.8749932565120768,-0.004571233312472445,0.0006977382645858565,0.02455904742364209,0.0021993205691691856
2022-04-13,3192.835205078125,3234.5990948262,3187.255163355914,3232.1141094342306,1621672,-0.0078971606104194,-0.7897160610419451,3235.9958251953126,3214.71068359375,45.77107991280574,7.158741279393325,13.82365975037586,-6.664918470982535,3149.763427734375,-0.0134901348103545,0,0.0103097441014549,2289722.75,0.7082394582488207,-0.013337662484339763,-0.006804804745654591,0.014828178853386045,-0.012152697283011842
2022-04-18,3076.08837890625,3147.5401125729736,3071.2493203707204,3147.5401125729736,3820792,-0.0365652527215285,-3.656525272152855,3230.4222900390623,3209.9571240234377,34.41048956495791,-5.669087366133681,9.925110327073952,-15.594197693207631,3093.656982421875,0.0057113454984254,0,0.0126085983047692,2326238.6,1.6424763994544669,-0.04777515051474779,-0.04170421595830953,0.024801235466901494,-0.02270081749913427
2022-04-19,3027.130615234375,3107.039878783788,2998.576068606461,3095.22566501056,3170014,-0.0159155907247641,-1.5915590724764117,3221.6662475585936,3203.2557275390627,30.942151509635224,-19.56023810934721,4.02804063978972,-23.58827874913693,3092.0,0.0214293312746938,1,0.0128997943055733,2304716.7,1.375446275023737,-0.06038354608322305,-0.054983156914542586,0.035830568271970425,-0.0220000275088029
2022-04-20,3101.155029296875,3111.922800837386,3034.193475539571,3051.631369077155,2640370,0.0244536571002136,2.445365710021364,3218.6189819335937,3198.585859375,40.67820485262448,-24.31562816118821,-1.6406931204058677,-22.674935040782348,3104.9912109375,0.0012370170482882,0,0.0140223203287362,2316043.65,1.1400346448565424,-0.03649514070974369,-0.030460595513656985,0.025064637066995896,0.01622858537946429
2022-04-21,3163.801025390625,3177.1846959049176,3110.397468139204,3121.38342791976,2280996,0.0202008591966309,2.020085919663095,3215.467102050781,3195.3380517578125,47.43264076584361,-22.76685853436948,-5.86592620319859,-16.900932331170885,3125.13232421875,-0.0122222291672405,0,0.0140006105514412,2284712.9,0.9983731435140056,-0.01606798484338523,-0.009869699498567419,0.021109806599631967,0.013589358196578305
2022-04-22,3149.763427734375,3153.64331680634,3113.9721056051544,3122.342380367201,1581465,-0.0044369407379267,-0.4436940737926775,3211.114196777344,3192.4355224609376,46.16421683322552,-22.41379201830796,-9.175499366220464,-13.238292652087496,3092.34912109375,-0.0182281329877282,0,0.0139890301863072,2283976.4,0.6924173997594721,-0.019105757467155926,-0.01336662696124502,0.012594981214103768,0.008782203879879876
2022-04-25,3093.656982421875,3124.870857781857,3080.49149910498,3102.201593746609,1960694,-0.0178129077309331,-1.7812907730933136,3202.3233276367187,3189.030776367188,41.39901029098302,-26.357472954945933,-12.61189408396556,-13.745578870980374,3088.599853515625,-0.001634676673912,0,0.0141866822240606,2288058.8,0.8569246559572683,-0.03393359573564303,-0.02990682769576747,0.014345274517840874,-0.002754370103463982
2022-04-26,3092.0,3128.270689253386,3067.456038200025,3117.154032609224,1943469,-0.0005356063814734,-0.053560638147343,3195.2980102539063,3185.2947021484374,41.263543573228425,-29.279062338331187,-15.945327734838685,-13.333734603492502,3033.975830078125,-0.018765902303323,0,0.0140450407188765,2300725.6,0.84472003093285,-0.0323281302471371,-0.02928919012909903,0.01966838649849971,-0.008069550733163086
2022-04-27,3104.9912109375,3111.3124472027903,3057.1242793987144,3091.7384547198044,1727648,0.0042015559306274,0.4201555930627432,3188.911376953125,3181.64755859375,42.84271988383168,-30.198056426159383,-18.795873473102827,-11.402182953056556,3063.314697265625,-0.0134224256497303,0,0.0141092854590645,2299058.5,0.7514589124200189,-0.026316242784961696,-0.024093286966747285,0.017451955294815365,0.0042865062526437625
2022-04-28,3125.13232421875,3142.65728057788,3084.8071929445496,3128.358292147701,1703660,0.0064866893053681,0.648668930536811,3183.634240722656,3179.71806640625,45.29823568716366,-28.96723014858935,-20.83014480820013,-8.13708534038922,2992.8662109375,-0.0423233641200505,-1,0.0142327067605622,2249788.35,0.7572534545305117,-0.018375828402519834,-0.017166849716708787,0.018511244207168872,-0.0010312015529193779
2022-04-29,3092.34912109375,3159.092707941327,3083.761085375679,3136.205470355331,2051115,-0.0104901808064065,-1.0490180806406513,3175.5757568359377,3176.456318359375,42.12594190751626,-30.287980976434937,-22.72171204184709,-7.566268934587846,3003.764892578125,-0.0286462572777983,-1,0.0142137388339038,2273171.35,0.9023142932009942,-0.026208360976125,-0.026478310682095607,0.024360646102922295,-0.013983889026445678
2022-05-02,3088.599853515625,3093.4389119139187,3045.3103646568115,3068.9822217914025,1324161,-0.0012124334709008,-0.1212433470900831,3166.963623046875,3171.653935546875,41.76570215575982,-31.276681962017392,-24.43270602588116,-6.843975936136239,2998.228271484375,-0.0292597248971516,-1,0.01417461529225,2230973.9,0.5935349579840445,-0.02474413313780277,-0.026186363241085808,0.015582642472227149,0.006392227229251093
2022-05-04,3033.975830078125,3091.259273972882,3021.376993207293,3085.199647886039,2305825,-0.0176856912608228,-1.768569126082287,3154.8006958007813,3165.841015625,36.82481919779871,-36.05234777237911,-26.756634375180745,-9.295713397198362,2974.90478515625,-0.0194698469039398,0,0.0144376455361358,2276914.45,1.012697249121503,-0.038298731797378194,-0.04165249767630619,0.023033235819742766,-0.01660308040129995
2022-05-05,3063.314697265625,3080.403918216015,3038.8582216741816,3062.181404468486,1612262,0.009670105772314,0.9670105772314086,3143.599011230469,3161.118837890625,40.87086368227472,-37.04269086500017,-28.81384567314464,-8.228845191855534,2971.98388671875,-0.0298143741576399,-1,0.0146748211574478,2283877.85,0.7059317992860257,-0.025538980537285205,-0.030939722813541404,0.013562333827118033,0.00037009329214955584
2022-05-06,2992.8662109375,3029.398518342552,2985.803777828197,3015.884148783102,2010812,-0.0229974695028912,-2.299746950289128,3126.937109375,3154.818549804688,35.06380504681019,-43.01628403935456,-31.654333346386625,-11.361950692967936,2977.433349609375,-0.0051565490203755,0,0.0148378797651252,2268671.1,0.8863391436511003,-0.04287610967151745,-0.05133491397697476,0.014566217612747664,-0.00763223542750789
2022-05-09,3003.764892578125,3013.2684608532413,2918.101227566889,2962.698561915311,2481830,0.0036415532377609,0.3641553237760941,3113.4118408203126,3150.035346679688,36.56540940829757,-46.33682506742434,-34.590831690594165,-11.745993376830178,2944.2138671875,-0.0198254615525226,0,0.0147494845415069,2290176.15,1.0836852003720323,-0.035217617792992706,-0.04643454374432332,0.03168265050353872,0.01386112350095636
2022-05-10,2998.228271484375,3020.941173809357,2983.6240334480644,2994.08677114572,1622685,-0.0018432271804728,-0.1843227180472806,3102.7137084960937,3147.4606494140626,36.10860019285903,-48.85200134398974,-37.44306562127328,-11.408935722716455,3009.43212890625,0.0037368260210315,0,0.0143387466234721,2246568.95,0.7222947686515474,-0.033675500490299326,-0.0474135802007466,0.012446397332788028,0.0013832265579498512
2022-05-11,2974.90478515625,3006.6853051327807,2948.878642613765,2994.9583637197297,1841769,-0.0077790895876577,-0.7779089587657717,3090.783984375,3144.813564453125,34.17188102762776,-52.12642609574732,-40.379737716168094,-11.746688379579226,3006.99072265625,0.010785534266541,0,0.0143429175713337,2223818.75,0.8282010393158166,-0.03749184666562266,-0.054028251854866816,0.019431432833565354,-0.006695778748180407
2022-05-12,2971.98388671875,3007.7752079636566,2920.934620561456,2945.260398386172,2807195,-0.0009818460248119,-0.0981846024811994,3078.239599609375,3144.9356298828125,33.92646536053044,-54.33083139090559,-43.1699564511156,-11.160874939789991,2844.076904296875,-0.0430375760088969,-1,0.0142738497338158,2249595.5,1.247866560899504,-0.03451833733284071,-0.05499373072081193,0.02921973695425307,0.009073387313128947
2022-05-13,2977.433349609375,2999.230718747237,2948.8787960387763,2994.958519542189,2187823,0.0018336111830812,0.1833611183081229,3066.1987548828124,3143.0898291015624,34.86632053670739,-55.00405979451625,-45.53677711979573,-9.467282674720522,2871.149169921875,-0.0356965772891084,-1,0.0143227398700208,2134812.85,1.0248312867331673,-0.028949657986809152,-0.05270497774463534,0.016911183827193536,-0.005851556814046646
2022-05-16,2944.2138671875,2990.5986195296737,2935.320584419605,2977.5201999107394,1195813,-0.0111570868332731,-1.11570868332731,3053.767687988281,3139.996337890625,31.88854506924688,-57.55467825499318,-47.94035734683523,-9.61432090815795,2896.21630859375,-0.0163023342592976,0,0.0143904105579366,2113519.9,0.5657921650039822,-0.035874968888989556,-0.062351178038203336,0.018775142568998825,-0.011185930064970796
2022-05-17,3009.43212890625,3022.859223466472,2921.1962062592934,2938.285429213155,1754076,0.0221513329740039,2.215133297400396,3050.434875488281,3138.3475927734376,42.306322865603526,-53.69453590595094,-49.09119305865838,-4.603342847292566,2866.79052734375,-0.0473981786106409,-1,0.0133363348971575,2010184.1,0.8725947041368002,-0.013441606936606898,-0.04107749701277086,0.03378146203421013,0.024213678829747762
2022-05-18,3006.99072265625,3047.272218421192,3001.97732773324,3021.1153753446147,1866781,-0.000811251473841,-0.081125147384109,3049.427880859375,3136.680537109375,42.04705657862812,-50.25306036575012,-49.32356652007672,-0.9294938456733915,2780.4609375,-0.075334381130429,-1,0.0128672732631692,1945022.45,0.9597734977300648,-0.013916432806787782,-0.041346197969093,0.015063196020751372,-0.0046753105835137115
2022-05-19,2844.076904296875,2968.8014850294667,2816.2199109090097,2961.826327355389,4642963,-0.0541783574960496,-5.41783574960496,3036.573974609375,3132.104814453125,29.19131811792913,-59.98003728610411,-51.454860673282205,-8.525176612821902,2832.5126953125,-0.004066067611218,0,0.016437752491238,2045152.1,2.270228703283242,-0.06339284730821115,-0.09195985677974206,0.05364889180385184,-0.03975568113868858
2022-05-20,2871.149169921875,2889.3716835160767,2851.139229667737,2885.9713794234453,3065125,0.0095188233426806,0.9518823342680616,3021.9413818359376,3128.758486328125,32.864681127778766,-64.75774402813522,-54.11543734425281,-10.64230668388241,2862.66455078125,-0.0029551300327791,0,0.0157633400833045,2084358.55,1.470536343183374,-0.049899118765318606,-0.08233595451101028,0.013316080630314383,-0.005135951661631342
2022-05-23,2896.21630859375,2911.1692180116047,2848.4800723039907,2881.437735548261,2293690,0.0087306988206945,0.8730698820694549,3009.264025878906,3123.90724609375,36.16677177621861,-65.76332378635061,-56.445014632672375,-9.318309153678236,2962.686279296875,0.0229506237175356,1,0.0160482348778527,2119969.8,1.0819446578908811,-0.03756656654682822,-0.07288658707287587,0.02164518773048845,0.005128888562527593
2022-05-24,2866.79052734375,2898.9199406322628,2855.9791153671536,2890.4623895266486,1711510,-0.0101600771885327,-1.0160077188532737,2997.920703125,3117.8981640625,34.049591850115746,-68.14908735718791,-58.785829177575486,-9.363258179612425,2953.11865234375,0.0301131611035383,1,0.0157923200022277,2107510.6,0.812100304501434,-0.04374037500210104,-0.08053747220260932,0.014978710462287036,-0.008189645459035087
2022-05-25,2780.4609375,2890.3576316315725,2768.5234246366185,2890.3576316315725,3548046,-0.0301136720734666,-3.01136720734666,2982.34375,3110.365639648437,28.734941495329863,-76.1283384915937,-62.25433104037913,-13.874007451214569,2945.086669921875,0.0592080723744656,1,0.0168330264861697,2187739.45,1.6217863603456069,-0.06769267040393989,-0.10606621226233903,0.0438179890793571,-0.03802183263720799
2022-05-26,2832.5126953125,2845.284259373515,2791.7843560328024,2800.956986475671,2813186,0.0187205499313007,1.872054993130079,2968.71982421875,3104.2542822265623,35.29298865142118,-77.36005213616681,-65.27547525953668,-12.084576876630138,3004.599853515625,0.0607542407445906,1,0.0175555237694239,2242016.35,1.2547571296703524,-0.045880762406433684,-0.08753844311979253,0.018887789427828178,0.011266045494163185
2022-05-27,2862.66455078125,2878.113137542295,2834.488114923966,2855.554544933507,3103153,0.0106449145024656,1.064491450246563,2955.596435546875,3097.981328125,38.80592735929021,-75.0381976933977,-67.22801974630889,-7.8101779470888175,3019.653076171875,0.0548400004980609,1,0.0177155447516269,2311991.0,1.3421994289770158,-0.0314426840037888,-0.07595810058873764,0.015239306542718578,0.002489886197536723
2022-05-30,2962.686279296875,2972.649031269277,2884.652794101805,2894.0009370688977,2094624,0.0349400800342911,3.4940080034291165,2949.1132934570314,3094.565009765625,48.746430063544224,-64.38500350259255,-66.65941649756563,2.2744129949730763,3011.57763671875,0.0165023741337466,0,0.0196742151342467,2314166.45,0.905131089425309,0.00460239553019437,-0.042616241718165804,0.029701503592326435,0.023733697300576288
2022-05-31,2953.11865234375,2969.839960148592,2918.5783982122985,2944.1652479237173,4840965,-0.0032293756581597,-0.3229375658159727,2942.339233398437,3089.876201171875,47.94414423166474,-56.06798110431828,-64.54112941891617,8.473148314597893,2951.669921875,-0.0004905764513052,0,0.0196753862453317,2490006.65,1.94415745837466,0.0036635540942919764,-0.04425987965998701,0.017358449819010763,0.0030410672180669297
2022-06-01,2945.086669921875,2973.877498481216,2931.7885726124696,2973.877498481216,1493835,-0.0027198305816463,-0.2719830581646376,2937.894775390625,3084.7329052734376,47.24121665726548,-49.553572055514,-61.54361794623574,11.990045890721746,2988.052978515625,0.0145891491182803,0,0.0193311836386945,2449407.15,0.60987614901018,0.0024479755338731035,-0.045270122127213486,0.0142912350589204,-0.00968124227512563
2022-06-02,3004.599853515625,3012.499765488059,2937.2750910103164,2944.911629723904,2657939,0.0202076170462339,2.020761704623397,2934.959033203125,3081.5828955078123,52.76702054577737,-39.13748682113192,-57.06239172121498,17.924904900083064,3008.1982421875,0.0011976265883339,0,0.0197843731700764,2501691.0,1.062456954116236,0.023728038287640585,-0.02498165540327002,0.02503650340983797,0.020268256333830004
2022-06-03,3019.653076171875,3052.262281379866,3011.797096532928,3036.550107803173,1913622,0.0050100590395212,0.5010059039521231,2936.298376464844,3077.4391845703126,54.07719782048337,-29.32989815698784,-51.51589300836956,22.18599485138172,2949.21240234375,-0.0233274061791977,-1,0.0191086156323949,2496831.5,0.7664201609119398,0.02838768034445671,-0.018777335613378132,0.013400607230760817,-0.005564548922764962
2022-06-06,3011.57763671875,3030.932461150583,2964.3536823588743,3000.210585639355,1084210,-0.002674293784557,-0.267429378455708,2936.689013671875,3072.934306640625,53.22426320173991,-21.95584069094729,-45.60388254488511,23.64804185393781,2826.0615234375,-0.0616009731973499,-1,0.0191082632806043,2426950.5,0.4467375828225586,0.025501039673669235,-0.01996680169481102,0.02210760831131998,0.0037887510742758783
2022-06-07,2951.669921875,3000.9567154912565,2945.7889201087964,2985.3324048192408,2308256,-0.0198924690213273,-1.989246902132736,2934.3610961914064,3066.5782177734377,47.268046516247885,-20.707199237101577,-40.6245458833284,19.917346646226825,2818.11767578125,-0.0452463349997187,-1,0.0196340737576125,2461229.05,0.9378468858881704,0.005898669289904124,-0.037471177233453945,0.01869036743356983,-0.0112759580440353
2022-06-08,2988.052978515625,2996.655145262253,2937.449753818976,2966.986552670218,2185707,0.0123262619478512,1.2326261947851247,2935.018505859375,3061.689150390625,50.86436785984442,-16.590587320595205,-35.81775417078176,19.22716685018656,2814.38671875,-0.0581202077119453,-1,0.019761281317294,2478425.95,0.8818932032244093,0.018069553071087485,-0.024050832157668567,0.019814036721895148,0.007100276820077884
2022-06-09,3008.1982421875,3016.888058060886,2943.243422200155,2971.244130502211,1279197,0.0067419365776715,0.6741936577671526,2936.8292236328125,3057.1986376953123,52.78448539820735,-11.569225471210755,-30.96804843086756,19.398822959656805,2757.947021484375,-0.0831897370304782,-1,0.0198081009379848,2402026.05,0.5325491786402566,0.024301385310516954,-0.0160278743106963,0.02448131071547282,0.01243725189254061
2022-06-10,2949.21240234375,2978.266606743859,2942.2781213691173,2968.6111594481968,1527582,-0.0196083619146245,-1.960836191462456,2935.418176269531,3051.569384765625,46.993783916921686,-12.208690158274294,-27.21617677634891,15.007486618074616,2711.33740234375,-0.0806571272421612,-1,0.0203224847873352,2369014.0,0.6448176329899274,0.004699237125985745,-0.03354240704238032,0.012202744483965109,-0.00653462378954763
2022-06-13,2826.0615234375,2890.4895994549984,2802.2299971584944,2887.8562958417688,3030921,-0.0417572090800857,-4.175720908008573,2929.5105590820312,3043.0202392578126,37.695740051307496,-22.39456661891427,-26.251854744861983,3.857288125947715,2731.964599609375,-0.0332961342305349,-1,0.0222455663196563,2460769.4,1.2316964767198422,-0.035312736908839515,-0.07129716490917215,0.03123060186925754,-0.021398146609042566
2022-06-14,2818.11767578125,2843.0022662978668,2786.64961194576,2800.079503206477,2611493,-0.0028109252365416,-0.2810925236541695,2919.944836425781,3034.1657421875,37.18465520009656,-30.75344267183528,-27.152172330256644,-3.60127034157863,2819.345947265625,0.0004358481886439,0,0.0215189734084374,2503640.25,1.0430783735802298,-0.03487297409672119,-0.07120509713832868,0.019996558282997984,0.0064420215762148
2022-06-15,2814.38671875,2838.7008420388174,2809.7345069159724,2825.0954422083905,1404536,-0.0013239181114804,-0.1323918111480471,2910.3146362304688,3024.9087890625,36.93139295823537,-37.24957925514264,-29.171653715233845,-8.07792553990879,2829.001953125,0.0051930441106868,0,0.0215164642556708,2480528.0,0.5662246102442706,-0.032961356234911254,-0.06959617132050666,0.010292237001356503,-0.003790570505476255
2022-06-16,2757.947021484375,2848.2255448740734,2750.091040842458,2843.9682844078216,2032028,-0.0200539950283351,-2.005399502833516,2906.008142089844,3014.32076171875,33.2428560863473,-46.41696035721225,-32.62071504362953,-13.796245313582716,2904.358154296875,0.0530869997400091,1,0.0183749704172477,2349981.25,0.8646996651569029,-0.05095000198416222,-0.08505191069585838,0.03558244711270698,-0.030246913580246948
2022-06-17,2711.33740234375,2737.538862021221,2654.238767217844,2714.0585687758285,5240434,-0.0169001140259535,-1.6900114025953594,2898.0175537109376,3002.025424804688,30.530951864224093,-56.78855949561103,-37.45428393402583,-19.334275561585194,2890.577392578125,0.066107593278297,1,0.0184997845884291,2458746.7,2.1313435824845235,-0.0644165012486353,-0.09683063309826911,0.030722880424756637,-0.0010026189056435283
2022-06-20,2731.964599609375,2755.0938684218168,2693.869560234665,2715.813756717515,1502769,0.0076077574291544,0.7607757429154427,2889.804968261719,2991.1793115234377,33.130820260143864,-62.62181875954184,-42.48779089912904,-20.1340278604128,2909.536865234375,0.0649980111932599,1,0.0184649500824614,2419200.65,0.6211841088915051,-0.054619730530565236,-0.08665970338703699,0.02241035926889595,0.005946962619182282
2022-06-21,2819.345947265625,2841.9923969951083,2743.375109267297,2747.412926444194,2964461,0.031984802317257,3.198480231725709,2887.4327392578125,2983.322412109375,42.88274889209666,-59.50780533551824,-45.89179378640688,-13.616011549111365,2912.5654296875,0.0330642227543183,1,0.0199223636316809,2481848.2,1.1944570179594385,-0.02358039065861961,-0.05496437937051846,0.034978782161677054,0.026182093026158045
2022-06-22,2829.001953125,2853.2284323936533,2793.935169090272,2808.769360580185,3336315,0.0034249099046324,0.34249099046324,2889.8597900390623,2975.6324658203125,43.857116192324746,-55.619619930928366,-47.83735901531118,-7.782260915617186,2888.294677734375,0.0209588842962369,1,0.0186844027443778,2471261.65,1.3500452289218343,-0.021059096750586592,-0.049277091300618636,0.020959074714630002,0.007203365583792761
2022-06-23,2904.358154296875,2912.4335752382617,2829.001702563437,2829.001702563437,3692578,0.0266370269163773,2.663702691637737,2893.4520629882813,2969.262197265625,50.89705809447731,-45.9281581109899,-47.45551883444693,1.5273607234570292,2867.75537109375,-0.0126027098789358,0,0.0191567379327633,2515231.25,1.4680868806794605,0.0037692317243127604,-0.021858643210599604,0.02872644083216486,0.026637117844487485
2022-06-24,2890.577392578125,2936.1334582739805,2876.8841283984966,2930.866851173937,2132118,-0.0047448561735962,-0.4744856173596212,2894.847705078125,2962.708740234375,49.67043473896534,-38.91105467850548,-45.74662600325864,6.835571324753161,2909.887939453125,0.0066805154307862,0,0.0190759342113402,2466679.5,0.8643676651141747,-0.001475142368459914,-0.024346418760874844,0.020497403054356225,-0.013746601480607811
2022-06-27,2909.536865234375,2951.845230064648,2902.33921218006,2940.5221112364125,2037686,0.0065590607277739,0.6559060727773902,2892.190234375,2957.0427734375,51.405606336868495,-31.457456681291205,-42.88879213886516,11.431335457573953,2839.622314453125,-0.0240294431793075,-1,0.0173709314505784,2463832.6,0.827039142188475,0.005997748921631185,-0.016065343602689963,0.017015085279079436,-0.010537328008395411
2022-06-28,2912.5654296875,2922.9670648721058,2872.5832738577947,2902.778403463079,1400046,0.0010409094620222,0.1040909462022288,2890.162573242188,2953.772314453125,51.69211156827592,-25.017658730731,-39.31456545723833,14.29690672650733,2823.164794921875,-0.0306948073524367,-1,0.0173652351108412,2291786.65,0.6108971792815008,0.007751417395243765,-0.013950596179670094,0.017298767094038114,0.0033716063936347434
2022-06-29,2888.294677734375,2925.599805770756,2871.1782072235646,2871.1782072235646,2133994,-0.0083331181870578,-0.8333118187057842,2887.3229736328126,2950.995595703125,49.18919047382332,-21.62325982292623,-35.77630433037591,14.153044507449678,2862.181640625,-0.0090409878571872,0,0.0174473648308382,2323794.6,0.9183229877545976,0.00033654153360607175,-0.02124737768502516,0.018842121258167695,0.005961479669825866
2022-06-30,2867.75537109375,2906.20143071572,2857.134294601676,2872.056347753205,2719603,-0.0071112226875467,-0.7111222687546714,2880.480749511719,2946.3276025390624,47.11032578078493,-20.355874771642448,-32.69221841862922,12.33634364698677,2885.969482421875,0.0063513476469152,0,0.0167700688202872,2326877.8,1.1687777501680578,-0.004417796723732992,-0.026667853017295462,0.01710994480513515,-0.0014975251661826473
2022-07-01,2909.887939453125,2925.599896381452,2854.54464022768,2861.5228509461544,1502879,0.0146918278958032,1.4691827895803256,2874.992492675781,2941.2493408203127,51.62659711615651,-15.7699308905826,-29.30776091301989,13.537830022437298,2866.306640625,-0.0149769680946254,0,0.0171249474396817,2306340.65,0.651629237857816,0.012137578399332272,-0.010662612289252915,0.02441855412725134,0.016901870446702452
2022-07-04,2839.622314453125,2912.389167827332,2830.84463784351,2907.16649310436,2622535,-0.0241471927655074,-2.4147192765507475,2866.3947265625,2935.046518554688,44.76181873360508,-17.60247564598467,-26.966703859612853,9.364228213628184,2733.193359375,-0.0374799685635734,-1,0.0178465163474605,2383256.9,1.1003996254033714,-0.009340099554774772,-0.032511990354603726,0.02871668164064504,-0.023233680909382465
2022-07-05,2823.164794921875,2872.0564215860604,2814.9575797580337,2857.134368050925,2170627,-0.005795671997464,-0.5795671997464003,2859.969470214844,2929.636674804688,43.30923983418847,-20.150482631815976,-25.60345961405348,5.452976982237502,2707.650390625,-0.0409166352969032,-1,0.017408230929555,2376375.45,0.9134192158061556,-0.012868904957298088,-0.03634303215770307,0.020225118254071597,-0.011889385920698992
2022-07-06,2862.181640625,2868.984341756593,2810.832219180068,2825.095947359216,2182144,0.0138202508664411,1.382025086644112,2853.6759033203125,2925.0403076171874,47.64682017905356,-18.804694343749816,-24.24370655999275,5.439012216242933,2667.317626953125,-0.0680823365316967,-1,0.0174763681078478,2376197.3,0.918334517087449,0.0029806248476889063,-0.021489846423140002,0.020317411638426496,0.013127233183159705
2022-07-07,2885.969482421875,2913.6628902111784,2865.9563300088125,2871.1790065280893,1989921,0.0083110874094212,0.8311087409421214,2847.5644653320314,2920.659873046875,50.151075544426114,-15.63839768589878,-22.52264478517396,6.884247099275175,2639.154541015625,-0.0855223670622897,-1,0.0175211625648516,2411733.5,0.8250998711093079,0.013486970201169957,-0.011877586618400215,0.016530514439927826,0.0051513597237083306
2022-07-08,2866.306640625,2901.0223978064614,2852.745171821785,2896.6335590805816,2136916,-0.0068132535415357,-0.6813253541535724,2843.4191772460936,2915.483359375,48.10282962146205,-14.5480113572944,-20.92771809959805,6.379706742303647,2635.502197265625,-0.080523290874785,-1,0.0170692876914286,2442200.2,0.8749962431417374,0.008049275169155212,-0.01686743249343814,0.01684300810681918,-0.01046971176609844
2022-07-11,2733.193359375,2830.8010937637823,2726.346727823352,2814.255085372196,6974600,-0.0464406980618704,-4.644069806187046,2838.775769042969,2908.300244140625,37.06613672045166,-24.146654061581103,-21.57150529199465,-2.575148769586445,2696.14013671875,-0.0135567513103876,0,0.0176751165945156,2639384.15,2.6425103750054726,-0.0371929374695078,-0.060209356003877,0.03821696901982665,-0.028803972468073275
2022-07-12,2707.650390625,2752.8554340083,2703.7443666293075,2734.158936312343,3734815,-0.0093454671483034,-0.934546714830342,2833.252404785156,2900.6812548828125,35.38825202725832,-33.42939837050517,-23.94308390769676,-9.486314462808409,2705.6005859375,-0.0007570418598343,0,0.017760428167289,2695550.25,1.3855482753474917,-0.0443313888829755,-0.06654673412767342,0.018137890899443797,-0.009695319952063958
2022-07-13,2667.317626953125,2729.8585996953416,2664.025996808798,2724.591991464418,3863530,-0.0148958535457619,-1.489585354576195,2825.8989501953124,2893.3480908203123,32.85890094536413,-43.53867037701457,-27.862201201560325,-15.676469175454244,2785.29248046875,0.0442297731336884,1,0.0179971101263764,2818499.95,1.3707752593715674,-0.056117124510495,-0.07812072960882632,0.02468120115178937,-0.021021262886597884
2022-07-14,2639.154541015625,2690.419485413844,2611.211846000286,2689.539400531471,4764908,-0.0105585797705205,-1.0558579770520549,2819.959326171875,2884.8648876953125,31.182902972880623,-53.209500936935,-32.931661148635264,-20.277839788299737,2796.2939453125,0.0595415697924242,1,0.0176318964779488,2955143.95,1.6124114698371967,-0.06411609680969921,-0.08517221992881019,0.03001250521050444,-0.01873363874345536
2022-07-15,2635.502197265625,2665.688935952516,2598.8905812888142,2656.580186606266,4574806,-0.0013839067372668,-0.1383906737266849,2816.1675659179687,2877.717607421875,30.962341153371995,-60.47134146465624,-38.439597211839455,-22.03174425281678,2790.748779296875,0.0589058822232517,1,0.0172820029294421,2921862.55,1.5657156768034828,-0.06415291861138006,-0.08416927690596054,0.025345588682493342,-0.007934256773768942
2022-07-18,2696.14013671875,2707.977235850919,2652.8400018798093,2660.496697666323,3202795,0.0230081156889332,2.300811568893324,2814.376342773437,2871.565112304688,38.71301595437713,-60.634471021856825,-42.87857197384293,-17.755899048013895,2787.009033203125,0.0337033284163648,1,0.0180256843433285,3006863.85,1.0651612975426206,-0.042011512198177,-0.06109037013795715,0.020450433276889196,0.01339728746278535
2022-07-19,2705.6005859375,2709.736941355733,2666.7008823385627,2666.7008823385627,1865074,0.003508886311178,0.3508886311178072,2808.689074707031,2865.71255859375,39.847655782527774,-59.31660824697792,-46.166179228469936,-13.150429018507984,2742.256591796875,0.0135481955651164,0,0.016373251663033,2951894.5,0.6318227158863571,-0.036703417867741006,-0.05587160937551239,0.01590628684841825,0.014587201683011496
2022-07-20,2785.29248046875,2791.5850009840688,2726.54681875147,2735.1276457438817,3402251,0.0294544194532824,2.945441945328242,2806.5036010742188,2861.9203125,48.4974467073967,-51.25093376562654,-47.18313013590127,-4.067803629725276,2806.458740234375,0.0075992951957644,0,0.0177940410328721,2955191.3,1.1512794450904076,-0.00755784549763272,-0.026774970531696085,0.02335057545613787,0.01834094829282633
2022-07-21,2796.2939453125,2802.190471485001,2767.031120822275,2787.229027384736,2420640,0.0039498418643266,0.3949841864326675,2801.100390625,2858.406513671875,49.57544038627036,-43.47000717571473,-46.44050554386396,2.9704983681492294,2869.516357421875,0.0261855203856946,1,0.0166509347470596,2891594.4,0.8371298547265136,-0.0017159132634397833,-0.02172978827968941,0.012573553192311734,0.003252304650497095
2022-07-22,2790.748779296875,2813.630983100634,2766.546448350592,2803.069965960437,2075886,-0.0019830411695167,-0.1983041169516752,2796.1089599609377,2854.672822265625,49.01851587403434,-37.32080434810496,-44.61656530471216,7.295760956607197,2905.951904296875,0.0412803638416443,1,0.0166363346034783,2888782.8,0.7186023123649172,-0.0019170142297092463,-0.02239277386541849,0.016871649321980386,-0.004395604395604268
2022-07-25,2787.009033203125,2804.3466638559003,2771.475619682265,2785.4688845307937,1797504,-0.001340051143798,-0.1340051143798093,2789.982568359375,2851.528725585937,48.621805931078505,-32.37607185704974,-42.16846661517968,9.792394758129936,2903.2236328125,0.0416986806375037,1,0.0165252537957359,2876773.7,0.6248332984968543,-0.0010657898690737966,-0.022626351894650676,0.011794380205455014,0.0005529225908372352
2022-07-26,2742.256591796875,2788.9010938413444,2725.1830298245063,2785.204780048454,2639367,-0.0160575157357188,-1.6057515735718897,2781.467126464844,2846.18521484375,44.02964202437956,-31.703030936555933,-40.07537947945493,8.372348542898997,2897.0634765625,0.0564523703685173,1,0.0167986917849397,2938739.75,0.8981288662937914,-0.014097069239068949,-0.03651505970337232,0.023235631635435888,-0.015420118678250886
2022-07-27,2806.458740234375,2811.079185829187,2737.063961878892,2741.464386254903,1389808,0.0234121593980494,2.341215939804941,2777.375329589844,2842.1745751953126,51.15667872306896,-25.69289266552414,-37.19888211666877,11.505989451144629,2939.043212890625,0.0472426231519005,1,0.0177296021833723,2901530.45,0.4789913543729999,0.010471544963577495,-0.012566376208077656,0.02637317373998299,0.02370789651886033
2022-07-28,2869.516357421875,2872.5966540791287,2817.7232833962703,2830.3525856367887,2106333,0.0224687490621129,2.2468749062112936,2777.46337890625,2842.6833642578126,56.95434142001198,-15.661061108698505,-32.891317915074715,17.23025680637621,2952.639892578125,0.028967785787753,1,0.0184377059241415,2870866.95,0.7336923085202537,0.0331428234894946,0.009439318322062906,0.019122863872488797,0.013837064676616958
2022-07-29,2905.951904296875,2919.5053390848148,2882.2777092112715,2895.478981161857,2430257,0.012697452231196,1.2697452231196005,2777.2665771484376,2843.3794189453124,59.91508720970207,-4.7163510372975,-27.25632453951928,22.539973502221773,2961.52978515625,0.0191255336253828,0,0.0183603953813778,2917235.85,0.8330683993205417,0.046335244951734245,0.022006379076476623,0.012810821066410896,0.003616991593845212
2022-08-01,2903.2236328125,2928.0419799310016,2878.757233650227,2928.0419799310016,1306913,-0.000938856379674,-0.0938856379674057,2780.446643066406,2843.519565429688,59.5846014300858,3.6946719604857208,-21.06612523951828,24.760797200004,2969.8017578125,0.0229324824472796,1,0.0174589776450223,2851454.75,0.4583320145620406,0.044157290359181145,0.020996538272030518,0.016975869762065086,-0.00847608992241513
2022-08-02,2897.0634765625,2915.633138775944,2879.3296371550764,2895.479280791604,1269114,-0.0021218331858342,-0.2121833185834254,2784.1415771484376,2844.1250244140624,58.79600783050476,9.750991793957382,-14.902701832823146,24.65369362678053,2952.024658203125,0.0189713418726464,0,0.0174001305768812,2806379.1,0.4522247190338611,0.040558964508449646,0.0186132647805608,0.012531137793343616,0.000547127303381254
2022-08-03,2939.043212890625,2947.4040185568806,2884.081959667972,2886.678166875655,2895824,0.0144904440885553,1.4490444088555376,2787.984655761719,2847.296669921875,62.44382624059669,17.73366018203842,-8.375429429850833,26.109089611889253,3012.090576171875,0.0248541304057268,1,0.0174258588589047,2842063.1,1.0189161528468529,0.05418199013998337,0.03222233353409831,0.02154512686685869,0.0181402439024391
2022-08-04,2952.639892578125,2981.638638223972,2910.747993021764,2948.2835166234595,2150567,0.0046262265310919,0.4626226531091904,2791.3181762695312,2849.699213867188,63.56880714241709,24.870429974756007,-1.726257548929465,26.59668752368547,2993.65283203125,0.0138902612391766,0,0.0173691212767957,2850095.4,0.7545596543891128,0.057794098028693064,0.036123348811694767,0.024009241824714724,0.0014775973647387468
2022-08-05,2961.52978515625,2972.04675691392,2952.684888790702,2958.141372288894,1106933,0.0030108285810508,0.3010828581050839,2796.0793334960936,2851.6765185546874,64.32133186799692,30.887657796083204,4.796525520073069,26.091132276010136,2985.86376953125,0.0082166941210473,0,0.0172666024846584,2798596.25,0.3955315097703,0.05917230232995019,0.038522344973839884,0.006537792805685496,0.0011454533238666551
2022-08-08,2969.8017578125,2973.7180917346627,2935.962544242779,2961.485000412756,1068836,0.0027931418072209,0.27931418072209,2807.9097534179687,2851.818828125,65.04486043566146,35.90988644011668,11.019197704081792,24.89068873603489,2993.256591796875,0.0078977776623216,0,0.0130169086112847,2503308.05,0.4269694255167677,0.05765570072096016,0.04137111674975191,0.012713154133120864,0.0028083064403786433
2022-08-10,2952.024658203125,2979.087267799829,2935.083024553156,2979.087267799829,1878359,-0.0059859549758194,-0.5985954975819441,2820.128466796875,2851.796948242188,62.12892830891165,38.01733527853912,16.41882521897326,21.59851005956586,2975.78662109375,0.0080493781867962,0,0.0128530169169091,2410485.25,0.7792451748045337,0.046769568464396505,0.035145458032247445,0.014906461951255537,-0.009084194977843284
2022-08-11,3012.090576171875,3017.547059589707,2970.330590557669,2992.2886658829434,1449248,0.0203473632247068,2.034736322470687,2837.3671142578123,2853.1370263671874,67.44019507492902,44.02680762206319,21.940421699591248,22.08638592247194,2979.7470703125,-0.0107378928493182,0,0.0124776430205306,2289771.15,0.6329226394524187,0.061579434341109573,0.05571185272060997,0.015675647142074377,0.006617647058823647
2022-08-12,2993.65283203125,3009.010270550342,2975.787065603493,3009.010270550342,1472354,-0.0061212449208808,-0.6121244920880842,2855.0920288085936,2852.9180859375,64.45211624689782,46.76253647688782,26.904844655050564,19.857691821837253,2952.28857421875,-0.013817319553528,0,0.012200918196258,2125143.45,0.6928257007779874,0.04853111627385154,0.049330104073949554,0.011097881688674748,-0.005103817248281769
2022-08-16,2985.86376953125,3005.357777498168,2981.2873713731783,3001.969364945804,839942,-0.0026018589786561,-0.2601858978656168,2872.610107421875,2852.242299804688,63.1785976180845,47.75165767110229,31.07420725826092,16.67745041284138,2890.726318359375,-0.03186262285061,-1,0.0122447318714431,1938400.25,0.4333171129130839,0.03942535111770473,0.04684786763582882,0.008061454903138017,-0.005365009917362966
2022-08-17,2993.256591796875,3008.0858922168222,2966.854046980335,2979.1752345613872,1622326,0.0024759409123296,0.247594091232961,2887.465930175781,2851.87587890625,63.90754191278569,48.57217254620764,34.573800315850264,13.998372230357376,2864.984130859375,-0.0428538138992277,-1,0.011617561331642,1859376.8,0.87251061753594,0.036637890863236544,0.04957463749959801,0.013774911696339159,0.0047265958283118255
2022-08-18,2975.78662109375,2985.2475323475046,2958.844989313771,2983.4873628119226,1430659,-0.0058364427396575,-0.5836442739657555,2900.975231933594,2852.358212890625,60.84229006306424,47.26788115242334,37.112616483164885,10.155264669258456,2832.289306640625,-0.0482216411069092,-1,0.0118785785309705,1837656.05,0.7785238157053384,0.025788358458438854,0.043272407948383496,0.00887245841035118,-0.0025811209439528787
2022-08-19,2979.7470703125,3011.2101014765467,2966.98584088932,2980.8471762972567,1398410,0.0013308915332426,0.1330891533242617,2910.697961425781,2852.1920947265626,61.29551345414468,46.023268389530585,38.89474686443803,7.128521525092559,2835.80908203125,-0.0483054383089482,-1,0.0103812586516128,1737464.0,0.80485696394285,0.02372252628125504,0.04472173379267641,0.014841615594772135,-0.0003690581635665285
2022-08-22,2952.28857421875,2978.295123607797,2945.995838840667,2961.4854176096087,1536532,-0.0092150425676466,-0.9215042567646604,2918.497692871094,2851.073901367188,56.41974439927692,42.3332413981384,39.5824457711781,2.750795626960297,2756.90966796875,-0.0661787970038471,-1,0.0107571827394008,1693258.6,0.9074408362668288,0.011578176481069624,0.035500543427873454,0.01094042264336475,-0.003105483260586852
2022-08-23,2890.726318359375,2941.1550002452464,2877.876995674506,2921.8371838740786,1849256,-0.0208523842814606,-2.0852384281460634,2923.4965698242186,2849.9041796875,47.32961838337859,34.04881532324407,38.47571968159129,-4.426904358347223,2826.084228515625,-0.0223618851197361,-1,0.0119568138846873,1681927.1,1.0994864165040208,-0.011209266261192785,0.014324039019568469,0.02189000188943993,-0.010647706753274174
2022-08-24,2864.984130859375,2911.320509491812,2860.451565234572,2897.239152734898,1691923,-0.008905093275869,-0.890509327586908,2927.3953247070312,2850.6826318359376,44.12800634974028,25.1166395913674,35.80390366354652,-10.68726407217912,2756.1611328125,-0.0379838048227627,-1,0.0121799240983782,1676648.05,1.0091104093074277,-0.0213197012787818,0.005016868192804225,0.017755401752253822,-0.011133020153022411
2022-08-25,2832.289306640625,2885.0503557407283,2829.2530565751263,2883.158259068392,1946930,-0.0114118692200025,-1.141186922000259,2931.8969604492186,2850.966064453125,40.39088412965663,15.224132574966006,31.68794944583042,-16.463816870864413,2755.01708984375,-0.0272826001975509,-1,0.0118687738403778,1642026.2,1.1856875365326085,-0.03397379074104023,-0.006551027753493255,0.01970042362366686,-0.01764348254826768
2022-08-26,2835.80908203125,2866.436074774527,2831.0567102540363,2846.458193615582,1457962,0.0012427315890266,0.1242731589026657,2933.3644775390626,2851.39451171875,40.97046360037103,7.580878304673661,26.86653521759907,-19.285656912925408,2757.65771484375,-0.0275587548127609,-1,0.0107114231941987,1645433.9,0.8860653715715958,-0.033257168093088985,-0.005465897343719495,0.012475933145382548,-0.0037411796906826637
2022-08-29,2756.90966796875,2765.842442693576,2711.5412538067208,2750.264984792601,2539173,-0.0278225408623014,-2.7822540862301404,2927.7341430664064,2851.3737646484374,33.182078593486224,-4.787788451164488,20.53567048384636,-25.323458935010848,2752.0693359375,-0.001755709331897,0,0.011193386872228,1667075.9,1.5231298107062792,-0.05834699011254518,-0.03312932799300494,0.019696397570713054,0.002416015624999924
2022-08-30,2826.084228515625,2839.593616184148,2765.314544774919,2776.667552785057,3431525,0.0250913409860982,2.509134098609822,2923.740759277344,2853.668701171875,43.35003139421894,-8.905579074350044,14.647420572207078,-23.55299964655712,2771.9150390625,-0.0191675778473088,0,0.0123316065751943,1717139.3,1.9983964026680887,-0.03340122767445919,-0.009666319234928111,0.026283389100629637,0.017797116432250574
2022-09-01,2756.1611328125,2807.4701123209047,2746.744269766001,2807.4701123209047,3546935,-0.0247420423629239,-2.474204236292399,2916.387634277344,2854.1526318359374,37.1894799608115,-17.608190996761095,8.196298258413444,-25.804489255174538,2789.560546875,0.0121180919594559,0,0.0133956180627997,1829140.4,1.939126706730659,-0.054940056521171954,-0.03433295680490789,0.02203276210231467,-0.018275877375587855
2022-09-02,2755.01708984375,2783.707937331414,2746.1283631926813,2783.707937331414,2052900,-0.0004150856621298,-0.0415085662129888,2909.2853149414063,2852.8660546875,37.09658962576955,-24.317076232661293,1.6936233601984965,-26.01069959285979,2831.804443359375,0.0278718247515408,1,0.0134036575690281,1868329.7,1.098788934308543,-0.05302615879761641,-0.03429847843118172,0.013640414165584773,-0.01030670175663917
2022-09-05,2757.65771484375,2770.462992067452,2739.044006672377,2749.076887768465,2147912,0.0009584786278584,0.0958478627858472,2900.2160400390626,2851.439169921875,37.48472715110763,-29.085559523093707,-4.462213216459944,-24.623346306633763,2854.071044921875,0.0349620366440539,1,0.0128342916118798,1830934.1,1.173123598495435,-0.049154381338223474,-0.032889165607097426,0.01139335938102652,0.0031213485201028383
2022-09-06,2752.0693359375,2764.214549676102,2733.8516227618284,2759.506009846509,1936453,-0.0020264947590011,-0.2026494759001185,2890.1875122070314,2848.3933935546875,36.96489313686397,-32.935887945178365,-10.15694816220363,-22.77893978297473,2842.102294921875,0.0327146405102125,1,0.0127090622162401,1820228.4,1.0638516572975127,-0.04778865581771907,-0.033816978313160106,0.01103276233552096,-0.002694929412175056
2022-09-07,2771.9150390625,2782.73990969169,2730.022918646201,2730.022918646201,1291534,0.0072111929978826,0.7211192997882643,2880.706774902344,2846.020146484375,40.13968088768112,-33.99405625512827,-14.924369780788558,-19.06968647433971,2746.216796875,-0.0092709342910421,0,0.0128550407750783,1829458.45,0.7059651997015839,-0.03776564028927665,-0.026038152791509672,0.019018256440976156,0.015344970230899342
2022-09-08,2789.560546875,2801.749806630052,2781.1559093890387,2789.868662483827,1346113,0.0063658184193364,0.6365818419336478,2871.694714355469,2843.620620117188,42.89370985774115,-33.02808999149829,-18.545113822930503,-14.482976168567788,2732.091796875,-0.0206013632019492,-1,0.0129673914732602,1843322.3,0.7302645880213134,-0.028601287967653377,-0.01901100057431715,0.0073824879922693865,-0.00011044090102529129
2022-09-09,2831.804443359375,2845.7538717723155,2788.548366386449,2811.8706108899173,1561185,0.0151435668000461,1.5143566800046138,2865.683703613281,2842.005400390625,48.94916533799452,-28.52500684612278,-20.54109242756896,-7.98391441855382,2647.91162109375,-0.0649383903245355,-1,0.013562311330472,1827463.6,0.8542906135038749,-0.011822400431418356,-0.003589351740798108,0.020201079039908445,0.007089171312597811
2022-09-12,2854.071044921875,2877.7014084575,2838.2735652602178,2851.386743228349,1785928,0.0078630435144331,0.7863043514433121,2857.782727050781,2841.320927734375,51.84754928080245,-22.89562583155657,-21.01199910836648,-1.8836267231900905,2665.60107421875,-0.066035486761432,-1,0.0127426815888401,1844297.6,0.9683513116321356,-0.0012987978735305994,0.004487390728391549,0.013814597666527722,0.0009414021790978423
2022-09-13,2842.102294921875,2872.1130614855856,2838.2738396110262,2872.1130614855856,1972678,-0.00419357115209,-0.419357115209007,2850.2052001953125,2840.8078662109374,50.19780240802533,-19.178995397562176,-20.64539836620562,1.4664029686434432,2675.721923828125,-0.0585413028204614,-1,0.0127220255367378,1869313.8,1.055295263962637,-0.0028429199669139926,0.0004556551417411736,0.011906405316593137,-0.010449019910165964
2022-09-14,2746.216796875,2764.698579511597,2740.4083655364684,2759.066122177662,5090269,-0.0337375252883045,-3.3737525288304537,2838.2228515625,2837.534443359375,39.385576647512586,-23.697527005464963,-21.255824094057488,-2.441702911407475,2641.310791015625,-0.038200190887606,-1,0.0145120513587925,2081830.15,2.445093323295371,-0.03241678314190477,-0.03218203983323753,0.008844973201958836,-0.004657128438995196
2022-09-15,2732.091796875,2761.486548220436,2728.263341401753,2754.665889866932,2138023,-0.0051434395187128,-0.5143439518712878,2825.1646118164062,2835.3838330078124,38.0842219054254,-28.094410436095583,-22.623541362465108,-5.470869073630478,2646.766357421875,-0.0312308098690978,-1,0.0144308442119952,2107615.0,1.014427682475215,-0.032944209534596314,-0.03642964840609919,0.012160355247464156,-0.008194856978834018
2022-09-16,2647.91162109375,2723.2910281150525,2640.2549247847733,2707.141382879321,5322221,-0.0308116205603107,-3.0811620560310726,2808.770861816406,2831.87876953125,31.420996561650952,-37.93432560291649,-25.685698210555383,-12.248627392361104,2624.456787109375,-0.0088578613415679,0,0.0155906938080588,2302193.1,2.311804774325837,-0.05727033233982992,-0.06496293217663096,0.03135909169656511,-0.0218790795930186
2022-09-19,2665.60107421875,2677.2181514295744,2629.517594860232,2671.937642255157,2072220,0.0066805300388739,0.6680530038873922,2793.0635620117187,2827.947158203125,34.03289393163698,-43.80023637489421,-29.308605843423152,-14.49163053147106,2635.326171875,-0.011357626854432,0,0.0157626730119988,2335883.6,0.8871246837813322,-0.045635369537083914,-0.05740775018141775,0.01789485944866034,-0.0023715254189310446
2022-09-20,2675.721923828125,2710.61720102937,2666.6570072003938,2684.258703617558,1544295,0.0037968358083519,0.3796835808351995,2779.2352294921875,2823.74220703125,35.545430551332544,-47.08952619749152,-32.86478991423683,-14.224736283254693,2655.612060546875,-0.0075156775829975,0,0.0158666714631631,2336271.75,0.6610082923786584,-0.037245248104809114,-0.05241989967587957,0.016429283415999658,-0.0031803118596310494
2022-09-21,2641.310791015625,2676.690161452811,2638.626489065098,2664.8971095952425,2253818,-0.0128605041151915,-1.286050411519157,2766.764453125,2819.2422900390625,32.79235719536874,-51.875019972917016,-36.66683592597287,-15.208184046944147,2671.62939453125,0.0114786202436885,0,0.0155379669479648,2356499.85,0.9564261164710024,-0.04534309451882601,-0.06311323423747739,0.014410902540203056,-0.008850742677716312
2022-09-22,2646.766357421875,2666.612308254682,2622.036108918616,2631.4529712273843,2017983,0.0020654768930665,0.2065476893066575,2755.853564453125,2817.51375,33.66950504360571,-54.59796826059619,-40.25306239289753,-14.344905867698657,2637.87841796875,-0.0033580370357217,0,0.0155636511141482,2372802.85,0.8504638301492262,-0.039583818399617,-0.06060215059398555,0.016841758325614457,0.005819365332357852
2022-09-23,2624.456787109375,2660.0561724828663,2621.772485633237,2643.774604512334,2652374,-0.0084289911914366,-0.8428991191436697,2745.4619384765624,2815.8498779296874,31.83948352766363,-57.88881405780239,-43.78021272587851,-14.10860133192388,2644.2587890625,0.0075451811782107,0,0.0155014125655446,2408075.05,1.1014498904425758,-0.044074605322823146,-0.06796991995930957,0.014587280323177127,-0.007306907846829226
2022-09-26,2635.326171875,2663.00501422092,2575.2165443379304,2604.9194100878144,2925489,0.0041415750562221,0.4141575056222146,2735.43779296875,2815.210048828125,33.72938390645555,-58.94033703376499,-46.81223758745581,-12.12809944630918,2627.009033203125,-0.0031560186972823,0,0.0155633726853525,2481451.4,1.1789426945859185,-0.0365980251318746,-0.06389714224983112,0.03331218382752579,0.011672822456400118
2022-09-27,2655.612060546875,2662.2567443196413,2619.1325854860343,2648.527334337031,2227447,0.0076976766247656,0.7697676624765615,2730.372912597656,2815.53919921875,37.227614482114575,-57.47424753929863,-48.944639577824375,-8.529607961474255,2720.47412109375,0.0244245240148208,1,0.0146466078064321,2465865.1,0.9033125940263318,-0.027381187275130947,-0.0568016025904563,0.01623887746040977,0.0026749681296445982
2022-09-28,2671.62939453125,2684.214650414333,2622.652760305555,2622.652760305555,2739767,0.0060315037058071,0.6031503705807184,2722.6501708984374,2816.2617431640624,39.92416235642426,-54.39288869970278,-50.03428940220006,-4.358599297502721,2729.97900390625,0.0218404579222102,1,0.0133716401937784,2431277.2,1.126883845248086,-0.018739380076270074,-0.05135614577866554,0.023042825563602962,0.01867446387374163
2022-09-29,2637.87841796875,2689.407429965768,2631.453755459116,2687.779187014094,2493902,-0.0126331057112888,-1.263310571128884,2716.73603515625,2815.0965087890627,36.37799627611015,-54.05124228392651,-50.83767997854535,-3.21356230538116,2697.371826171875,0.0225535065596149,1,0.0125722894869669,2378625.55,1.048463470847692,-0.02902660257273204,-0.062952758552688,0.02196980501901913,-0.018565799335911893
2022-09-30,2644.2587890625,2657.591987636285,2596.338215395767,2632.2016704566418,2817353,0.0024187510122861,0.2418751012286168,2711.1981201171875,2813.8696728515624,37.50803089021149,-52.65862654575221,-51.20186929198673,-1.4567572537654812,2744.58837890625,0.0379424246441935,1,0.0126083700996437,2416848.2,1.1657136761837172,-0.024689944478050174,-0.06027673755664009,0.02316481748831974,0.004580621135981023
2022-10-03,2627.009033203125,2658.472064233224,2617.372147790572,2635.8539282558045,1763331,-0.006523474907496,-0.6523474907496052,2704.6656860351563,2810.70400390625,35.66372560477372,-52.343496431454696,-51.43019471988033,-0.9133017115743628,2701.46435546875,0.0283422406716435,1,0.0126277943393798,2397619.15,0.7354508325477798,-0.02871210783387812,-0.06535550184147099,0.015645137082965707,-0.0033556089576376163
2022-10-04,2720.47412109375,2726.502788091317,2660.496426210475,2666.612972771875,2145875,0.0355785178921377,3.557851789213773,2703.085925292969,2809.187607421875,50.007528348827634,-44.044188089303134,-49.95299339376489,5.908805304461758,2728.922607421875,0.0031055198292893,0,0.0152130627869282,2408090.25,0.8911107048417309,0.006432720335701747,-0.031579765656712944,0.024262815576538078,0.02019833731847778
2022-10-06,2729.97900390625,2749.3849167299395,2721.6181983015977,2737.943814323573,1790816,0.0034938332031178,0.3493833203117802,2700.989123535156,2807.9722119140624,51.199094902384175,-36.28172864429234,-47.21874044387039,10.937011799578045,2731.167724609375,0.0004354321778388,0,0.0151368351004986,2433054.35,0.7360361678726988,0.010733060758553181,-0.027775633845980363,0.010171037355456299,-0.002909048160760271
2022-10-07,2697.371826171875,2732.663312710145,2691.387421404363,2725.9745822630443,1939879,-0.0119441130088246,-1.1944113008824695,2696.3796875,2806.1794677734374,47.05551819443847,-32.38770503918522,-44.25253336293336,11.864828323748135,2727.5146484375,0.0111748858548743,0,0.0152433306682394,2462742.65,0.787690504324518,0.0003679521383708195,-0.03877429895383555,0.015302262337469754,-0.01049267160349821
2022-10-10,2744.58837890625,2752.02505217605,2644.6547111573486,2649.0551349695907,3064063,0.0175046511112206,1.7504651111220682,2692.018884277344,2806.226103515625,52.988620580837136,-25.20117857729383,-40.44226240580545,15.24108382851162,2745.69189453125,0.0004020696267175,0,0.0153880258911196,2537886.55,1.2073285939436498,0.019527907079677886,-0.021964632333850598,0.03912074460560444,0.03606313914555652
2022-10-11,2701.46435546875,2767.8667110161023,2687.2070246042927,2728.2628948012457,4730645,-0.015712382872759,-1.5712382872759,2684.3885498046875,2804.1262158203126,47.72792277698189,-22.72360924658369,-36.898531773961096,14.174922527377404,2774.765380859375,0.0271338117944206,1,0.0155392862249505,2685122.4,1.7617986427732308,0.006361152771756862,-0.03661099838244264,0.029857764455979204,-0.009822564894153271
2022-10-12,2728.922607421875,2736.9752964040767,2694.863372830549,2714.973179114535,1665247,0.0101642103467105,1.0164210346710556,2678.729565429688,2801.3143408203123,51.05962608281497,-18.33313329895145,-33.185452078959166,14.852318780007714,2754.603759765625,0.0094107294482828,0,0.0157927849454426,2669750.85,0.6237462196144633,0.018737629449404825,-0.025842060044300008,0.015431703141377325,0.00513796173555183
2022-10-13,2731.167724609375,2737.0642509230306,2686.327438455416,2728.923464967713,2054781,0.0008227119308528,0.0822711930852815,2677.9771118164062,2797.8186572265627,51.33276528936156,-14.505279452670038,-29.44941755370134,14.944138101031305,2785.8828125,0.0200335876107538,1,0.0139050531396464,2517976.45,0.8160445662627225,0.019862235774259718,-0.02382246341986216,0.018576966918013485,0.0008223974290494673
2022-10-14,2727.5146484375,2772.267045256709,2702.740347931223,2767.866621375349,2245977,-0.0013375510185473,-0.1337551018547378,2677.748254394531,2794.304477539062,50.83561325141114,-11.632359815274867,-25.88600600601605,14.253646190741184,2768.32373046875,0.0149620028822312,0,0.0138595641666928,2523374.15,0.8900689578673856,0.01858516533856225,-0.02390213007867481,0.025490861200439596,-0.01457872739467417
2022-10-17,2745.69189453125,2760.3831460488755,2710.1326377090127,2711.19142977343,1517005,0.0066643990726733,0.6664399072673355,2682.6372680664062,2791.2770458984373,53.26124965914941,-7.798897621059496,-22.26858432902474,14.469686707965243,2789.76513671875,0.0160517799813166,0,0.0118631602876333,2333113.35,0.6502063005211469,0.023504715756928363,-0.016331288731862403,0.018301583087290154,0.012725204269586739
2022-10-18,2774.765380859375,2784.1626709744187,2760.515312292103,2779.4419453117853,1793722,0.010588765034428,1.0588765034428071,2688.0954833984374,2787.9914892578126,56.922110368269166,-2.3873440282359297,-18.29233626886698,15.90499224063105,2790.11865234375,0.005533178260866,0,0.0119780119199854,2319188.45,0.7734265837689903,0.03224212011671734,-0.004743955800940558,0.008522291234220308,-0.0016825551835318797
2022-10-19,2754.603759765625,2787.3834440777728,2745.91240201647,2787.3834440777728,1194289,-0.0072660633698354,-0.7266063369835485,2692.0395751953124,2784.0307666015624,53.77645392840069,0.2713489162497353,-14.579599231843638,14.850948148093371,2785.97119140625,0.0113872754037385,0,0.0121486101119149,2301688.15,0.5188752438074636,0.02324044012828952,-0.01056992874825824,0.015055175146073043,-0.011760019735280151
2022-10-20,2785.8828125,2788.265147865024,2739.735216493956,2739.735216493956,1587601,0.0113551913314153,1.1355191331415382,2699.268176269531,2780.5178271484374,57.683535661375394,4.846473248531765,-10.694384735768558,15.540857984300324,2791.133056640625,0.0018845890132448,0,0.0118424712330799,2268377.3,0.6998840095957582,0.032088192270755655,0.001929491441910569,0.0174199471540291,0.01684381604770515
2022-10-21,2768.32373046875,2788.6180658364588,2759.1472476011204,2786.324052829806,1021913,-0.0063028789123734,-0.6302878912373466,2705.346044921875,2776.4882666015624,54.87920053609776,6.975017412373745,-7.160504306140098,14.135521718513845,2817.515380859375,0.0177694717742766,0,0.012013931572527,2218573.8,0.4606170865264883,0.023278975961351867,-0.0029405981040956375,0.010645726838583352,-0.006460240094031723
2022-10-24,2789.76513671875,2804.1476868183136,2783.853351765821,2797.1771100771816,260949,0.0077452669332027,0.7745266933202766,2713.611462402344,2773.243076171875,57.59049908827346,10.27361841068432,-3.673679762775216,13.947298173459536,2876.236572265625,0.0309959553256804,1,0.0117949793393971,2099002.55,0.1243204778383904,0.028063588089721536,0.005957667645088538,0.007274567591866217,-0.0026498048091874696
2022-10-25,2790.11865234375,2809.66289628552,2780.4566102689723,2806.354036786087,2069643,0.0001267187765547,0.012671877655479,2721.351086425781,2768.8036376953123,57.63569931671691,12.769114816361707,-0.3851208469478302,13.154235663309535,2860.354736328125,0.0251731530934626,1,0.0118109104364265,2056210.25,1.006532770663895,0.025269641341385318,0.007698276020100758,0.010467757703427446,-0.005785223186212853
2022-10-27,2785.97119140625,2800.618494654253,2765.632908701152,2788.88303065682,2438421,-0.0014864819221992,-0.1486481922199245,2727.86904296875,2764.6500048828125,56.86989420252109,14.24790725523826,2.541484773489388,11.706422481748872,2829.515625,0.0156298937074688,0,0.0117940543761981,2066758.95,1.1798284458862511,0.0212994639853632,0.007712074398488422,0.012557770181191957,-0.0010440879802278522
2022-10-28,2791.133056640625,2804.58908417995,2775.0299417165147,2779.4417540244904,1355739,0.0018528063930802,0.1852806393080275,2733.8442260742186,2760.755390625,57.62455195749363,15.655908731684576,5.1643695651284265,10.49153916655615,2838.9130859375,0.0171185064729169,0,0.0117645130798229,1997557.55,0.6786983433843996,0.020955411438592808,0.011003389187894674,0.010590373824389585,0.004206349206349161
2022-10-31,2817.515380859375,2822.6772870116406,2803.971247418453,2822.6772870116406,1919414,0.0094521915234322,0.945219152343224,2742.82607421875,2757.24056640625,61.347118469893694,18.685201749408407,7.868536001984423,10.816665747423984,2853.295654296875,0.012699229143724,0,0.0113216278081986,1968833.15,0.9748992696511636,0.02723078482542829,0.02186055695955713,0.006639196974847405,-0.0018287269947640718
2022-11-01,2876.236572265625,2878.795552389022,2826.6036889900406,2836.3538362553886,2991060,0.0208414803358905,2.0841480335890505,2754.4249633789063,2755.249565429688,68.07048737481594,25.52995426294501,11.40081965417654,14.12913460876847,2837.72216796875,-0.0133905550983718,0,0.0119718118724765,1977518.5,1.5125319940116868,0.04422397070395778,0.043911451199909246,0.018145886851674883,0.014061269613275886
2022-11-02,2860.354736328125,2885.325640459638,2843.0163977761526,2885.325640459638,1405955,-0.0055217418798725,-0.5521741879872533,2766.092248535156,2752.86171875,64.78809276204291,29.33478536813209,14.987612796967651,14.347172571164435,2828.546142578125,-0.0111205066092022,0,0.0119262391569962,1959649.7,0.717452205871284,0.03407785399886332,0.03904773597815692,0.014791606840275506,-0.00865444918291277
2022-11-03,2829.515625,2848.309987196131,2819.147866804397,2848.309987196131,1422652,-0.0107815687811203,-1.0781568781120354,2771.544323730469,2750.406259765625,58.85351071777274,29.521378801940045,17.894365997962133,11.627012803977912,2925.8701171875,0.0340533522190746,1,0.0098595017818622,1923488.55,0.7396207271418381,0.020916606230385826,0.028762792752339283,0.010306400195875885,-0.0065984258316742865
2022-11-04,2838.9130859375,2841.2514758680345,2793.692006783395,2838.560227097683,1464013,0.0033212260269812,0.3321226026981261,2776.9910278320312,2749.3699951171875,60.05427727501201,30.080799272992408,20.331652652968188,9.74914662002422,2943.1201171875,0.0367066648733234,1,0.0098582127702627,1907148.4,0.7676450348593744,0.02229825645270833,0.03256858515926875,0.016752703462541544,0.00012430909037921997
2022-11-07,2853.295654296875,2861.325239443402,2819.2365900807545,2849.148593513063,1474498,0.0050662235595089,0.506622355950892,2784.787219238281,2749.1362255859376,61.8874541038487,31.32361792401798,22.53004570717815,8.79357221683983,2940.561767578125,0.0305843220802699,1,0.0093100143323735,1883879.35,0.7826923735853891,0.024600958588618216,0.03788805652536831,0.014750889659564335,0.001455543874845239
2022-11-09,2837.72216796875,2867.501904513535,2825.0160177906464,2867.501904513535,1162267,-0.0054580696201854,-0.5458069620185468,2789.4439086914062,2749.2448828125,58.74383132745778,30.69804253982511,24.163645073707546,6.534397466117568,2960.63525390625,0.0433139957550818,1,0.0088108037808612,1788789.55,0.6497505533839909,0.017307485239949516,0.032182395140347486,0.014971827475732105,-0.01038525432116045
2022-11-10,2828.546142578125,2845.6199484369868,2797.089995827984,2797.089995827984,1573092,-0.0032335883668249,-0.3233588366824969,2795.797998046875,2749.0996240234376,56.90954811807,29.12609350350067,25.15613475966617,3.9699587438345,2955.031982421875,0.0447176158591715,1,0.0079079254791293,1630911.9,0.964547502535238,0.011713344295305905,0.028899104950737886,0.01715720732940547,0.011246025975946365
2022-11-11,2925.8701171875,2948.502846331555,2872.1343229110385,2884.972741372326,3265394,0.0344077733590257,3.4407773359025784,2805.645373535156,2752.4788330078127,68.23783297629961,35.32632407347046,27.19017262242703,8.136151451043428,2950.135009765625,0.0082932227358916,0,0.0105789251280257,1710919.25,1.908561143373657,0.04285101202967034,0.0629945931283371,0.026101132436434252,0.014176000774177197
2022-11-14,2943.1201171875,2955.032010931176,2919.737510949914,2932.972948442887,1342074,0.0058956820737421,0.5895682073742137,2816.2429931640627,2754.81955078125,69.75552319376044,41.15754376135601,29.98364685021283,11.17389691114318,2897.23779296875,-0.0155896879474277,0,0.0105710864176822,1675283.9,0.801102428072042,0.04505190934568115,0.06835313999163706,0.011992205066706616,0.003459687123947035
2022-11-15,2940.561767578125,2947.04700361366,2904.737758867368,2930.3262749691767,1400708,-0.0008692644226222,-0.0869264422622251,2826.8953491210937,2758.5075634765626,69.22719326892164,45.05304646808145,32.997526773786554,12.055519694294894,2924.987548828125,-0.0052963413051605,0,0.0105596287225356,1633020.45,0.8577406363772113,0.04020892336618376,0.06599735542219021,0.014388150323105822,0.003492953223803038
2022-11-16,2960.63525390625,2971.7087315184385,2930.723034354456,2946.120217692935,1748235,0.0068264120650176,0.6826412065017662,2837.642517089844,2762.6199267578127,71.07816606219353,49.19295722496099,36.236612864021446,12.956344360939546,2919.11962890625,-0.0140225395699198,0,0.010561987558974,1644581.95,1.0630269899289604,0.043343280936790185,0.0716766447785766,0.013843548309406253,0.004926830930436865
2022-11-17,2955.031982421875,2964.7379698230816,2927.4581545775386,2947.090720002706,1417986,-0.0018925909488451,-0.1892590948845196,2846.6558471679687,2766.567412109375,69.8157860775112,51.42888892775136,39.27506807676743,12.153820850983928,2982.517578125,0.0093012853554967,0,0.0105101057817774,1625795.15,0.8721799914337302,0.038071386592701595,0.06812216810173632,0.012615706180949458,0.0026946107784431607
2022-11-18,2950.135009765625,2967.164649978448,2930.3260137026023,2955.9145275229503,1164540,-0.0016571640122272,-0.1657164012227263,2856.432409667969,2770.528725585937,68.66795313223685,52.203961372712456,41.86084673595644,10.343114636756011,2990.900146484375,0.0138180580155851,0,0.0102885234067492,1624307.7,0.7169454408176481,0.0328040669824734,0.0648274398027413,0.012487101828865881,-0.0019552384561567445
2022-11-21,2897.23779296875,2941.5323553991875,2887.972985042399,2931.649936695195,1304194,-0.017930439326259,-1.793043932625904,2862.0001586914063,2773.0351806640624,57.64332596711976,47.99657392701738,43.08799217416863,4.908581752848747,2995.841552734375,0.0340337130783412,1,0.0111567374980302,1610137.35,0.8099892844545218,0.012312240504366523,0.04478941095689404,0.01848635637943511,-0.011738148984198674
2022-11-22,2924.987548828125,2928.51699885532,2872.3105502563512,2894.1490222996185,1149739,0.00957800423794,0.9578004237940084,2869.833349609375,2775.743720703125,61.16570630213871,46.36687398624326,43.74376853658356,2.623105449659704,2997.69482421875,0.0248572939805349,1,0.0110981811401217,1616528.65,0.7112394822077543,0.01921860697111799,0.053767149687434124,0.019215961661610242,0.010655472918254548
2022-11-23,2919.11962890625,2938.266850281943,2903.8547159993614,2938.266850281943,1150011,-0.0020061350087544,-0.2006135008754461,2876.30107421875,2777.490024414062,60.02890512484937,44.093549947866,43.81372481884005,0.2798251290259443,2991.91455078125,0.0249372862811638,1,0.0110843357662772,1660981.75,0.6923682334258038,0.01488667339844807,0.050991939933993535,0.011788531700386403,-0.006516501853415934
2022-11-24,2982.517578125,2993.8118614360064,2919.1199604786734,2926.1346994104915,1296591,0.0217181744081191,2.1718174408119184,2885.9210205078125,2780.058955078125,67.13573821138637,46.86735128057262,44.424450111186566,2.4429011693860545,3066.783203125,0.0282531863745041,1,0.0118815929212992,1622329.15,0.7992157448443801,0.033471656684558315,0.07282529842651675,0.025043239143049442,0.019268722908028654
2022-11-25,2990.900146484375,3002.988685816619,2954.149832260228,2985.032521665577,1588981,0.0028105679647476,0.2810567964747656,2896.1674682617186,2783.034912109375,67.94722651225386,49.17515149548535,45.37459038804632,3.80056110743903,3034.576904296875,0.0146032149765478,0,0.0118271908524846,1579857.15,1.0057751107433983,0.032709668643407186,0.07469012820160792,0.016329148806187486,0.0019656820407182884
2022-11-28,2995.841552734375,3015.032938868525,2969.635427166336,2970.032447243622,2195437,0.0016521468481014,0.1652146848101443,2906.4028930664062,2788.0274072265624,68.44190979557888,50.81704274368758,46.463080859174575,4.353961884513005,3022.885986328125,0.009027324415427,0,0.0118288547433376,1621842.05,1.3536688113370845,0.030772973658034886,0.07453805689612625,0.015153508923311973,0.008689839572192432
2022-11-29,2997.69482421875,3025.6215158212262,2985.032834069177,2985.032834069177,1576028,0.0006186146535964,0.0618614653596472,2915.411865234375,2793.3394677734377,68.63740977254398,51.672152498227206,47.5048951869851,4.167257311242103,2987.106201171875,-0.0035322551719835,0,0.0117640105344116,1604672.75,0.9821491640585284,0.028223442445844737,0.07315808150170988,0.01353996458349531,0.004241826088161344
2022-11-30,2991.91455078125,3013.1793559501702,2977.973181396093,2985.032080789032,3410702,-0.0019282394561315,-0.1928239456131519,2921.195764160156,2800.2195263671874,67.23831592120013,51.29214941063583,48.26234603171525,3.029803378920576,2982.914794921875,-0.0030080256994722,0,0.0110434602989841,1625654.85,2.09804805737208,0.024208848817575124,0.06845714152374138,0.011767105629699293,0.002305660309821086
2022-12-01,3066.783203125,3070.6215662510285,3017.679815108769,3022.0916277039573,2180856,0.0250236599585373,2.502365995853739,2931.5171875,2808.2431689453124,74.49122042092223,56.38232838184649,49.8863425017415,6.495985880104989,2956.400146484375,-0.0359931072167561,-1,0.0120135490664873,1664399.9,1.3102956807435522,0.046141982793679315,0.09206468906921161,0.0172629584928966,0.014788292655109607
2022-12-02,3034.576904296875,3060.827188659679,3011.5032111008086,3051.297846000532,2411749,-0.0105016548921056,-1.050165489210564,2941.770251464844,2815.4202685546875,67.5621541510492,57.158663243294086,51.34080665005202,5.817856593242063,2905.3994140625,-0.0425685340356553,-1,0.011996114650956,1713854.75,1.4072073493976078,0.03154789290081994,0.07784153513063008,0.01625398832009466,-0.005479944124620234
2022-12-05,3022.885986328125,3034.5772909373013,3006.2094191292977,3029.1508470416434,1475065,-0.0038525693490238,-0.3852569349023893,2950.968896484375,2823.0517724609376,65.19157965189754,56.18291318859247,52.30922795776012,3.873685230832351,2899.840576171875,-0.0407046149648906,-1,0.0121107123171156,1714407.35,0.8603935348270643,0.024370670232894742,0.07078659194867898,0.009384367103590923,-0.0020681904038013883
2022-12-06,2987.106201171875,3007.047465925803,2971.797124472303,3000.0768878174986,1166999,-0.0118362999193731,-1.1836299919373183,2957.659423828125,2829.8585693359373,58.43402285211204,51.92394765533845,52.23217189727578,-0.3082242419373315,2940.120361328125,-0.015729551170734,0,0.0125561741575803,1699032.4,0.6868609450885104,0.009956108234272953,0.05556731122178937,0.011800833006764478,-0.004323451408293576
2022-12-07,2982.914794921875,2994.473614579414,2959.4438659290595,2972.0616929376706,1167505,-0.0014031661306034,-0.1403166130603428,2964.919055175781,2837.0277294921875,57.67975033536711,47.661068204437925,51.31795115870821,-3.656882954270287,2969.458740234375,-0.0045110422565228,0,0.012455484652283,1699294.3,0.6870528548233228,0.006069555158573214,0.051422502470851894,0.011743462706339903,0.0036517081761774837
2022-12-08,2956.400146484375,2982.915186541277,2946.605835144837,2964.7384302353,1285619,-0.0088888386898072,-0.8888838689807277,2971.3117553710936,2843.449208984375,53.017530059616185,41.66293066009166,49.38694705898491,-7.724016398893248,2916.296142578125,-0.0135651474493193,0,0.0126567610001638,1684920.65,0.7630145668877641,-0.005018527207642731,0.03972321261906542,0.01228160925361119,-0.0028124854678201828
2022-12-09,2905.3994140625,2977.1796968244453,2890.928753775441,2977.1796968244453,1797896,-0.0172509572097413,-1.7250957209741349,2970.288220214844,2848.444956054688,45.41371312594783,32.42030942035353,45.99361953125864,-13.573310110905105,2859.0751953125,-0.0159441825883852,0,0.0109071736643919,1611545.75,1.1156344770230693,-0.021845962863378476,0.019994930176463033,0.029686432313415854,-0.02411016131760821
2022-12-12,2899.840576171875,2908.2671822385046,2855.413747710101,2872.5314962917028,1527610,-0.0019132783822146,-0.1913278382214667,2968.1242431640626,2853.0091796875,44.66184597646265,24.366037227911875,41.66810307058928,-17.302065842677408,2825.369384765625,-0.025681132962337,-1,0.0108132770180594,1620822.55,0.9424905891147676,-0.02300566330720588,0.01641473740000543,0.01822632422027022,0.00950697317520345
2022-12-13,2940.120361328125,2943.958509197416,2883.3844058485947,2891.6785277132994,1378016,0.013890344692474,1.3890344692474077,2968.1021728515625,2859.0540185546874,50.99322149156882,20.99123660837313,37.532729778146056,-16.541493169772927,2862.340087890625,-0.0264547922801244,-1,0.0112930605330485,1619687.95,0.8507910428054984,-0.009427509530965494,0.02835425362631594,0.020602593058965224,0.016752150403500317
2022-12-14,2969.458740234375,2979.7381772420185,2947.8848046662138,2954.8555977030205,1213311,0.0099786319268226,0.997863192682269,2968.543347167969,2865.558017578125,55.02910469544239,20.44832917979329,34.115849658475504,-13.667520478682214,2884.046142578125,-0.0287636923520643,-1,0.0114139213611534,1592941.75,0.7616794524972429,0.0003083643926842239,0.036258460662423886,0.010726996184257685,0.004942083309487727
2022-12-15,2916.296142578125,2968.9289751611977,2910.869484401753,2963.678961806573,1415694,-0.0179031272386205,-1.790312723862053,2966.606555175781,2871.343759765625,47.40995144663711,15.549053983343583,30.402490523449124,-14.85343654010554,2876.236572265625,-0.0137364548571139,0,0.0121094485715898,1592827.15,0.8887932378601157,-0.01695890967067426,0.015655521098654424,0.019908640248077678,-0.015987838034779912
2022-12-16,2859.0751953125,2904.737456359463,2845.7955961171497,2889.7372933102192,2703680,-0.0196211030938165,-1.96211030938166,2962.053564453125,2874.11578125,40.85339313406596,6.968759344043519,25.715744287568004,-18.746984943524485,2848.5751953125,-0.0036725162098621,0,0.0128371212164275,1669784.15,1.6191793412340152,-0.03476586999520981,-0.0052331176202506935,0.02061570830279299,-0.010610687022900802
2022-12-19,2825.369384765625,2863.70799907164,2818.7075036309825,2847.384289941205,2120965,-0.0117890605333277,-1.178906053332773,2958.4601440429688,2876.023588867188,37.55844602026813,-2.5218923895645275,20.0682169521415,-22.59010934170603,2870.237060546875,0.0158802866708955,0,0.0124919292477818,1710622.7,1.2398789049157364,-0.04498649729837656,-0.017612582976593405,0.01592729633275567,-0.0077316241623412215
2022-12-20,2862.340087890625,2866.796062065357,2791.4863286526675,2822.589610027799,1529971,0.0130852635851248,1.308526358512485,2955.327770996094,2879.3229541015626,42.98982728570743,-6.979618798920001,14.6586498019292,-21.6382686008492,2876.060302734375,0.0047933559334176,0,0.0126742054548378,1729634.3,0.884563286007915,-0.031464423005143516,-0.005898215129617745,0.026310547000090563,0.014082981713531622
2022-12-21,2884.046142578125,2896.840399494086,2858.8546488077627,2866.7959117211176,1432566,0.0075833248394658,0.7583324839465888,2953.5740966796875,2882.112109375,45.96180330564561,-8.66106254856959,9.994707331829444,-18.655769880399035,2873.943115234375,-0.0035030740994728,0,0.0128149782562121,1743762.05,0.8215375486580867,-0.02354027758427446,0.0006710471798907491,0.013170992698600413,0.00601725110130041
2022-12-22,2876.236572265625,2906.5016446182144,2863.354210925507,2906.5016446182144,1384101,-0.0027078520683857,-0.2707852068385752,2948.260046386719,2885.6075537109373,45.0518142710061,-10.50271710614652,5.895222444234252,-16.39793955038077,2884.22265625,0.0027765741042935,0,0.0116987557830096,1748137.55,0.7917574907077535,-0.024429145661476914,-0.0032474899205406915,0.015001350761185892,-0.010412886711634702
2022-12-23,2848.5751953125,2882.54615313989,2838.56029430426,2838.56029430426,1360281,-0.0096172120262472,-0.9617212026247212,2941.143798828125,2888.00060546875,41.88834486534804,-14.032525338615416,1.909672887664318,-15.942198226279732,2873.58984375,0.0087814597552711,0,0.0117737135488928,1736702.55,0.7832550254503858,-0.031473674817432684,-0.013651454948310549,0.015441354298110664,0.003528162156123837
2022-12-26,2870.237060546875,2887.09027146601,2845.663392714749,2848.575232221792,870157,0.0076044561751507,0.7604456175150709,2934.86357421875,2890.7819921875,45.13724035245412,-14.910117748905575,-1.454285239649661,-13.455832509255917,2877.78125,0.0026284203339244,0,0.0119545538727416,1670438.55,0.5209153009549498,-0.0220202786390431,-0.007107049821172495,0.01443326034657494,0.007604443119512669
2022-12-27,2876.060302734375,2888.67812840142,2851.3541550195223,2884.619175108632,835883,0.0020288366656342,0.2028836665634248,2928.781848144531,2893.7529052734376,46.01107817153287,-14.96324213803473,-4.156076619326675,-10.807165518708054,2921.81103515625,0.0159074315578078,0,0.0119753964512547,1633431.3,0.5117344084198705,-0.018001185524813557,-0.006114068173139642,0.01297746550947228,-0.0029670718575649816
2022-12-28,2873.943115234375,2881.884378094464,2846.501554071851,2867.5018256081944,910795,-0.0007361415537731,-0.0736141553773106,2922.883276367188,2896.3179296875,45.72591414654791,-15.003234982645154,-6.325508291990371,-8.677726690654783,2924.722900390625,0.0176690293162287,0,0.0119787435921979,1508435.95,0.6038009104728643,-0.01674379593893327,-0.007725261865688671,0.012311595116498153,0.002246307070725025
2022-12-29,2884.22265625,2886.64915332218,2848.2663814531547,2851.00179159365,1037927,0.0035768074048281,0.357680740482813,2913.755249023437,2898.5070751953126,47.42953607417992,-14.043571005151987,-7.869120834622695,-6.174450170529294,2921.590576171875,0.0129559761417517,0,0.0102768419745393,1451289.5,0.7151757109797873,-0.010135577716534394,-0.004928198750161816,0.01330783938814551,0.011652347870949658
2022-12-30,2873.58984375,2910.9138197149614,2864.325037715745,2899.487268690152,1163131,-0.0036865435742137,-0.3686543574213718,2905.7058959960937,2900.886796875,45.82716601930348,-13.979858390247957,-9.091268345747748,-4.888590044500207,2833.751953125,-0.0138634574839017,0,0.0101273907530917,1388858.6,0.8374725836021032,-0.011052753924734038,-0.009409864995216566,0.0162127459145034,-0.0089317256950231
2023-01-02,2877.78125,2882.546136946802,2854.6192334296225,2877.3842299429016,709547,0.0014585958601978,0.1458595860197808,2898.450659179688,2902.724765625,46.59312827289197,-13.43626928010599,-9.960268532619397,-3.4760007474865926,2929.39990234375,0.017936961797826,0,0.0101643968357081,1350582.7,0.5253636078708842,-0.0071311923541723665,-0.008593138392034017,0.009704317698636633,0.0001379795068614436
2023-01-03,2921.81103515625,2929.4433843116235,2863.5309512487165,2869.442736681144,1245178,0.0152999068835582,1.52999068835582,2895.185900878906,2905.79451171875,53.95779969608841,-9.344912964480956,-9.837197418991709,0.4922844545107541,2899.796142578125,-0.0075346736367389,0,0.0106395694605112,1354491.65,0.9192954419467998,0.009196347035698604,0.005511925696365383,0.022558759710955154,0.0182503375326723
2023-01-04,2924.722900390625,2935.9290769595705,2899.6197292688294,2917.708161297688,1231668,0.000996596015053,0.0996596015053086,2892.276306152344,2908.493666992188,54.40559259176533,-5.800654089218824,-9.029888753037133,3.229234663818307,2937.119873046875,0.0042386828012301,0,0.0106489111885699,1357699.8,0.9071725575859996,0.011218359106722087,0.005579944554330085,0.012414628300647436,0.002404194904063678
2023-01-05,2921.590576171875,2944.70843071638,2895.869579901462,2938.443570763314,1826057,-0.0010709815341246,-0.1070981534124659,2890.5358276367188,2911.12310546875,53.79944408749644,-3.20758078742665,-7.865427159915035,4.657846372488385,2942.10546875,0.0070218232306202,0,0.0104836127060427,1384721.7,1.3187176889045649,0.01074359578533457,0.00359568122813525,0.016716528049221312,-0.00573534736522469
2023-01-06,2833.751953125,2913.1645955885083,2823.560620924734,2911.796890328632,2488376,-0.0300653430919703,-3.00653430919704,2886.953454589844,2912.078720703125,40.25505523101582,-8.146486668252692,-7.921639061582567,-0.2248476066701243,2977.575927734375,0.0507539040072893,1,0.0118599376045653,1419245.7,1.753308817493687,-0.01842825050755892,-0.02689720130890305,0.031620260398924835,-0.026803015506628818
2023-01-09,2929.39990234375,2935.620602249584,2842.2224274885925,2849.149060614339,2885060,0.0337531127638999,3.375311276389992,2888.4314208984374,2914.8440576171874,53.87300227933283,-4.2931265327229085,-7.195936555810636,2.902810023087728,3008.710205078125,0.0270739077552779,1,0.0141954634687168,1487118.2,1.9400340874047537,0.014183643464371842,0.0049936958680600885,0.031883040170195116,0.028166599929351298
2023-01-10,2899.796142578125,2910.0316341301827,2850.119304301601,2898.5609212000154,3864655,-0.0101057420470109,-1.010574204701098,2886.4152099609373,2916.4896728515623,50.06904462566568,-3.586741148209967,-6.474097474290503,2.8873563260805364,3048.732177734375,0.051360863948124,1,0.0140263697645597,1611450.15,2.398246697237268,0.0046358308295391115,-0.0057238434371397195,0.02066087644882354,0.00042614987633180857
2023-01-11,2937.119873046875,2955.4730552710416,2886.3398704670703,2903.0608113950348,2720512,0.0128711566722641,1.2871156672264128,2884.7982666015623,2917.7073388671874,54.43719705226286,-0.0150391582988049,-5.182285811092164,5.167246652793359,3059.2001953125,0.041564637312192,1,0.0141554715916477,1686810.2,1.6128145300520471,0.018137007031327146,0.006653352075820074,0.023537747110149342,0.011732121324552454
2023-01-12,2942.10546875,2955.914355616233,2925.5170107746744,2937.384743237744,2250391,0.0016974437267189,0.1697443726718983,2886.088732910156,2919.342353515625,55.00346718476869,3.1811855811492933,-3.509591532643872,6.690777113793166,3043.949462890625,0.0346160242120399,1,0.013549226408427,1728545.05,1.3018989583175746,0.019409221622704642,0.007797343537650825,0.010331833839550763,0.0016071185509913
2023-01-13,2977.575927734375,2981.502397129478,2916.2075828685784,2949.649029950219,1742837,0.0120561480073129,1.2056148007312917,2892.01376953125,2922.3035595703127,58.91569059791344,8.478649719571422,-1.111943282200813,9.590593001772234,3034.925048828125,0.0192603387740935,0,0.0129061446120966,1680502.9,1.0370925274809106,0.02958566764258297,0.018913972158385084,0.0219288494552622,0.009467871431682663
2023-01-16,3008.710205078125,3025.8110015993384,2976.2231200624447,2993.323916583658,1843607,0.0104562496807394,1.0456249680739438,2901.180810546875,2925.699501953125,62.03583779098531,15.016107852941332,2.113666944827616,12.902440908113716,3081.669921875,0.0242494995608859,1,0.0126000484798726,1666635.0,1.106185217519133,0.03706400998529302,0.028372942289385472,0.01648144160019098,0.005140201636456251
2023-01-17,3048.732177734375,3051.8005344403805,2996.933416683974,3005.0551874608955,1688475,0.0133020363970914,1.3302036397091488,2910.5004150390623,2929.608232421875,65.64746011040842,23.159560245077955,6.322845604877684,16.83671464020027,3100.982177734375,0.0171382715679633,0,0.0126090677529674,1674560.2,1.008309525092021,0.04749415666840151,0.04066207351350237,0.01799669979446351,0.014534505208333348
2023-01-18,3059.2001953125,3076.3009900989787,3043.182259186601,3050.1760059457965,2421189,0.0034335641728635,0.3433564172863557,2919.258117675781,2934.03779296875,66.54396691161674,30.110886909023066,11.080453865706762,19.030433043316304,3095.0712890625,0.0117256444364,0,0.0125678192651558,1723991.35,1.4044090186415377,0.047937548512543504,0.04265875601319591,0.010825944298488245,0.002958579881656781
2023-01-19,3043.949462890625,3056.4929982286035,3033.030105416692,3050.1760655484736,1585044,-0.0049852024869909,-0.4985202486990969,2927.643762207031,2938.345859375,63.92646870853014,33.99735635955358,15.663834364476129,18.33352199507745,3078.196044921875,0.0112507065076987,0,0.0126326649373205,1734038.5,0.9140765905716626,0.03972672569831914,0.03593981395304069,0.007708042823296523,-0.0020413912259615633
2023-01-20,3034.925048828125,3063.3961884764685,3028.1569071715403,3036.639556587615,1529349,-0.0029647056143731,-0.296470561437312,2936.9612548828127,2940.5269580078125,62.36325106502156,35.93498051826509,19.71806359523392,16.21691692303117,3098.591064453125,0.020977788446401,1,0.0123702178659435,1742491.9,0.8776792592263988,0.03335549414635408,0.03210244019808828,0.011611252580532479,-0.0005646069372213269
2023-01-23,3081.669921875,3085.3699271417267,3028.156662422473,3057.3949438889063,1067916,0.0154023154756077,1.5402315475607775,2947.5328979492188,2943.2979541015625,66.88094059916841,40.77248241822281,23.928947359831703,16.843535058391105,3030.95458984375,-0.0164570941460183,0,0.012634878315373,1752379.85,0.6094089703211321,0.04550823640309787,0.0470125586777963,0.018565669318809857,0.00793975866108314
2023-01-24,3100.982177734375,3115.104945700404,3083.836218260596,3090.784799878651,1387863,0.0062668151842897,0.6266815184289731,2958.7789916992188,2946.506362304688,68.56001637621506,45.63848315006862,28.270854517879087,17.367628632189536,3075.759765625,-0.0081336849629374,0,0.0126420431463067,1779978.85,0.779707579109718,0.048061442383531716,0.05242677138116192,0.010083491502893295,0.0032992843293794946
2023-01-25,3095.0712890625,3099.8089883897333,3072.736420805544,3091.055568934269,874110,-0.0019061343577903,-0.1906134357790301,2969.835400390625,2949.1950830078126,67.43315565103157,48.45925632911394,32.30853488012606,16.15072144898788,3122.72998046875,0.008936366507612,0,0.0126670535143064,1778144.6,0.4915854424887604,0.04216930293692456,0.04946305752887392,0.008746993221080015,0.0012991420046244693
2023-01-27,3078.196044921875,3109.735541536543,3052.25150144562,3091.6871634661047,1785879,-0.005452295784029,-0.545229578402906,2979.534069824219,2951.6583642578125,64.18942500767176,48.77084824644589,35.60099755339003,13.169850693055864,3142.493408203125,0.0208880013952723,1,0.0128348137593905,1815542.2,0.98366151995806,0.03311322266688377,0.042870029335485116,0.018674587080233326,-0.004363675181516349
2023-01-30,3098.591064453125,3120.971100823279,3055.1848405969054,3086.27313262084,1953798,0.006625640223564,0.6625640223564044,2990.784130859375,2954.6274853515624,66.2993559669945,50.0861329505924,38.49802463283051,11.588108317761892,3122.324951171875,0.0076595737304685,0,0.0127445898762265,1855075.55,1.0532174821666966,0.03604637743038053,0.04872478165701244,0.02123102366784378,0.003991199515716458
2023-01-31,3030.95458984375,3112.4430679566062,3024.0060077479234,3112.4430679566062,2820375,-0.0218281384030623,-2.1828138403062303,2998.4427978515623,2957.3018212890624,54.77359261306573,45.15034227473871,39.82848816121215,5.321854113526555,3133.695068359375,0.0338970695436653,1,0.013978860578257,1960616.95,1.4385140350847216,0.010842892189066644,0.02490539451349716,0.029177956180874987,-0.026181516041787513
2023-02-01,3075.759765625,3085.3704394695874,3027.615625744506,3034.834977460141,2205161,0.0147825295474188,1.4782529547418877,3006.140234375,2960.317265625,59.76370450320204,44.342938049428994,40.73137813885552,3.611559910573476,3176.605224609375,0.0327871702177244,1,0.0139547530954062,2008616.1,1.0978509034155406,0.023159109629652397,0.03899666476310171,0.018777413753361064,0.013485012683987496
2023-02-02,3122.72998046875,3130.490870407494,3086.362678464304,3092.5892801632986,1813847,0.0152710934607747,1.527109346077471,3016.0405883789062,2964.38947265625,64.22058028968951,46.95193548950647,41.97548960898571,4.976445880520757,3195.330322265625,0.0232489975921572,1,0.0142274001218968,2037725.05,0.8901333376649612,0.03537399082125359,0.0534142052766835,0.014131286476638085,0.009746105148453442
2023-02-03,3142.493408203125,3162.0758544483574,3115.9621601108056,3162.0758544483574,1804469,0.0063288942233195,0.6328894223319503,3027.085729980469,2967.5889892578125,65.93060118927123,50.037526744850766,43.58789703615873,6.4496297086920364,3192.35205078125,0.015865949773506,0,0.0142018362900505,2036645.65,0.8860004684663727,0.038125011485353966,0.058938222098288584,0.014674237411979036,-0.00619290843946205
2023-02-06,3122.324951171875,3134.2368393436204,3101.479201950612,3134.2368393436204,1138714,-0.006417979104937,-0.6417979104937022,3041.5143798828126,2970.2174853515626,62.640433970742826,50.27590478292768,44.92549858551252,5.350406197415161,3142.583984375,0.0064884448351607,0,0.0120617809180987,1969162.55,0.5782732360007558,0.026569189290558626,0.051210884916835786,0.010491424789310812,-0.0038005705319448828
2023-02-07,3133.695068359375,3152.149492409252,3123.632964557196,3130.4011068970385,1455647,0.0036415547277461,0.3641554727746188,3051.729138183594,2972.9745556640623,63.73905277887821,50.79674131452202,46.09974713131443,4.696994183207593,3158.556884765625,0.0079337063319522,0,0.0099730105332623,1897691.9,0.7670618186229282,0.026858848365739263,0.05406050730878631,0.009099968959961978,0.0010522490089461959
2023-02-08,3176.605224609375,3194.472944637688,3138.658461421749,3138.658461421749,1986946,0.0136931498802355,1.3693149880235511,3065.5695922851564,2976.552763671875,67.61014923285087,54.04895628868235,47.689588962788015,6.359367325894333,3177.101318359375,0.0001561710426454,0,0.0096895258665542,1803806.45,1.1015294905947366,0.03622022889437959,0.0672094455637049,0.01757048146352609,0.012090121831999786
2023-02-09,3195.330322265625,3201.421650359285,3163.249283575588,3172.0027035874955,1655427,0.0058946883015822,0.589468830158224,3078.480114746094,2980.6210791015624,69.15751467492969,57.47478542576073,49.64662825538256,7.828157170378169,3210.851806640625,0.0048575523684808,0,0.0095003412632969,1750552.2,0.9456598894908704,0.037957109730809124,0.07203506835185558,0.01194629754479701,0.007354224084281601
2023-02-10,3192.35205078125,3196.68370560134,3165.820802706398,3176.514554888765,1187821,-0.0009320699846341,-0.0932069984634131,3090.9924438476564,2983.132456054688,68.59619681669734,59.26627337285754,51.57055727887756,7.695716093979982,3159.504150390625,-0.0102895607589977,0,0.00955577548963,1697423.7,0.6997787293767608,0.032791929703788414,0.07013419545012867,0.009667762954712104,0.0049858093261718715
2023-02-13,3142.583984375,3202.6851807113194,3134.462212995343,3202.6851807113194,1087939,-0.0155897800789454,-1.5589780078945403,3099.242846679688,2985.29259765625,59.85376728320008,56.02435950557901,52.46131772421785,3.5630417813611643,3147.005615234375,0.0014070048346708,0,0.0103185155830158,1664678.8,0.6535428936801502,0.013984427758458873,0.05268876720567994,0.021709194743937593,-0.018765877051634173
2023-02-14,3158.556884765625,3180.891755402696,3153.954459659008,3162.9786498154,1579818,0.0050827282484868,0.5082728248486879,3106.7351806640627,2988.006015625,61.547610220274606,54.12013574322464,52.79308132801921,1.3270544152054242,3114.248046875,-0.0140281905652343,0,0.0101763064753142,1651489.35,0.9566019908030288,0.016680438173196865,0.057078489216144,0.008528355425103232,-0.0013979749910840982
2023-02-15,3177.101318359375,3181.929348066534,3122.504969647513,3146.7350075745903,1429449,0.0058711729027878,0.5871172902787825,3113.1536376953127,2991.80591796875,63.47442460183627,53.4907968913858,52.932624440692535,0.558172450693263,3069.623291015625,-0.0338289580891461,-1,0.0098921711274292,1638538.05,0.87239292367974,0.020541125850570996,0.0619342983706741,0.018703960769405798,0.00965010104495266
2023-02-16,3210.851806640625,3226.147763863208,3182.831654026723,3183.012093754283,1618931,0.0106230443726227,1.0623044372622736,3120.736218261719,2996.364658203125,66.74089188499302,55.08049005393195,53.36219756334042,1.71829249059153,3080.677490234375,-0.0405419883088424,-1,0.0100717656094686,1598425.15,1.0128287833809422,0.028876387517654756,0.07158245838012411,0.013490535361021568,0.008746342164696544
2023-02-17,3159.504150390625,3193.570467173406,3149.442266805479,3182.0646250812088,1061369,-0.0159919109763345,-1.599191097633457,3126.513952636719,3000.42673828125,58.21154768285837,51.60216892710741,53.010191836093824,-1.4080229089864105,3068.630859375,-0.0287618837292522,-1,0.0107766354876873,1572241.4,0.6750674546542281,0.010551751328691239,0.05301826239573515,0.013966811963982168,-0.007089885765600376
2023-02-20,3147.005615234375,3178.319508405955,3135.950983213372,3160.271129596154,1296082,-0.0039558533748735,-0.3955853374873586,3132.1179809570312,3005.258862304688,56.32466278124883,47.29189550841738,51.86653257055854,-4.574637062141157,3006.724609375,-0.0445760265505364,-1,0.0108025285105103,1560578.05,0.8305140521488176,0.0047532163117287585,0.047166237393933885,0.013463123480771806,-0.004197587427719896
2023-02-21,3114.248046875,3166.498020154709,3108.607927983963,3153.0520648453344,1139541,-0.0104091229455703,-1.0409122945570393,3133.7468872070312,3009.54701171875,51.60346344476259,40.7628223282577,49.64579052209838,-8.882968193840682,2989.57861328125,-0.0400319536906669,-1,0.0106414384462323,1564159.3,0.7285325733766375,-0.006222212908014946,0.034789632708364104,0.01858878653832225,-0.012306811677160748
2023-02-22,3069.623291015625,3110.6381891326687,3063.712402699568,3081.715617084995,1218430,-0.01432922335912,-1.4329223359120014,3132.1789428710936,3012.1370703125,45.95262440241662,31.623108431051605,46.04125410388903,-14.418145672837426,3055.3203125,-0.0046595224102865,0,0.0110508280242582,1555687.65,0.7832099200633238,-0.01997192784845403,0.019084862129850277,0.01528714828638621,-0.003923894210851298
2023-02-23,3080.677490234375,3115.510725383209,3075.443416881661,3087.174861840423,1441570,0.0036011582434574,0.3601158243457414,3131.4592529296874,3014.3614453125,47.48667512662864,24.98380308253036,41.8297638996173,-16.84596081708694,2997.339111328125,-0.0270519647611375,-1,0.0110812053972949,1584060.65,0.9100472257801492,-0.016216644890973075,0.02200003089377356,0.013006005538898371,-0.002104633490755582
2023-02-24,3068.630859375,3098.861897992003,3052.2520415048884,3088.529243781861,977592,-0.0039103836404694,-0.3910383640469472,3130.980993652344,3017.4081396484376,45.95583864235547,18.5363676203192,37.17108464375767,-18.63471702343848,3016.01953125,-0.0171448866077412,0,0.0110478673404396,1543646.3,0.6333005170938446,-0.01991392934155478,0.016975734589398384,0.015189137639255735,-0.006442673141891923
2023-02-27,3006.724609375,3059.200182190444,2992.421181163278,3059.200182190444,1128022,-0.0201738993176288,-2.0173899317628807,3126.3876708984376,3020.3611279296874,38.99829091559153,8.335327100121958,31.40393313503053,-23.068606034908576,3042.821533203125,0.0120053974067244,0,0.0117898388609898,1502357.5,0.7508346049458934,-0.0382751834128906,-0.004514863613025888,0.022209882747142317,-0.017153363523230002
2023-02-28,2989.57861328125,3061.004982816527,2977.8921119899733,3003.701381280899,4116217,-0.0057025495585091,-0.5702549558509129,3124.3188720703124,3023.6453125,37.31332041340698,-1.1197023644926958,24.89920603512589,-26.018908399618585,3059.561279296875,0.0234088729778592,1,0.0108346758734071,1567149.6,2.626562901206113,-0.04312628265749885,-0.011266764351597458,0.02780086479657149,-0.004701788296154326
2023-03-01,3055.3203125,3058.298339602881,2991.5193259910147,2998.73867881392,1669307,0.0219902895099299,2.1990289509929983,3123.2968994140624,3027.504916992188,46.80383832025293,-3.27037676673217,19.26528947475428,-22.53566624148645,3011.237060546875,-0.0144283569132737,0,0.011475291690743,1540356.9,1.0837144300778605,-0.021764369223692737,0.009187564106566848,0.021856632621679025,0.018868477632222144
2023-03-02,2997.339111328125,3041.061261510807,2994.2258102904307,3033.029821695641,1556538,-0.0189771268611873,-1.897712686118736,3117.0273559570314,3029.7707763671874,40.91975708637648,-9.54338983328853,13.503553613145716,-23.046943446434245,3005.957763671875,0.0028754345182955,0,0.0115887801477782,1527491.45,1.0190158511198213,-0.03839820154294349,-0.010704329612007513,0.015625676468627385,-0.011767345679299324
2023-03-03,3016.01953125,3030.3229603301693,3006.047977690829,3026.713284379806,1043190,0.0062323344900396,0.6232334490039682,3110.703662109375,3032.566435546875,43.3890997528848,-12.859211132882136,8.231000663940145,-21.09021179682228,2961.694091796875,-0.0180122969663295,0,0.011585154563381,1489427.5,0.700396628906073,-0.030438171277031634,-0.005456402901158786,0.008048682174574403,-0.003533123928518076
2023-03-06,3042.821533203125,3072.6914693231265,3031.22536115521,3033.8422880766893,1334132,0.0088865478739179,0.888654787391796,3106.7284912109376,3036.451362304688,46.82330103225279,-13.17248166897707,3.950304197356702,-17.12278586633377,2901.231689453125,-0.0465324180879418,-1,0.011780938281872,1499198.4,0.8898968942336118,-0.02057049986460291,0.002097899863478192,0.013627518970613369,0.0029596941020055734
2023-03-08,3059.561279296875,3064.614913806922,3005.8224042793245,3035.7375059029696,1844590,0.0055013893884627,0.5501389388462785,3103.0218017578127,3040.237846679688,48.90800715707048,-11.932443435715411,0.7737546707422789,-12.706198106457691,2886.74755859375,-0.0564831702742818,-1,0.0118285989667117,1518645.55,1.2146283904101256,-0.014005870805135157,0.006355895029163783,0.019215993458091007,0.007847771208011318
2023-03-09,3011.237060546875,3054.6884491786423,3005.82254630904,3054.6884491786423,1648500,-0.0157944928500027,-1.5794492850002784,3094.753393554688,3042.9413818359376,43.59477745652856,-14.67984468104305,-2.316965199614787,-12.362879481428264,2874.2041015625,-0.0455071972843905,-1,0.0117210075815329,1501723.25,1.0977388809822315,-0.02698642585924582,-0.010418972076923105,0.01622784984611203,-0.01422449109121117
2023-03-10,3005.957763671875,3011.5978825619827,2968.9585837527675,2989.623891239265,1024404,-0.0017531986917168,-0.1753198691716861,3085.284765625,3045.581674804688,43.04461196263016,-17.086215838425233,-5.2708153273768765,-11.815400511048356,2869.060546875,-0.0455419628483571,-1,0.0115526886072977,1470172.1,0.6967918925954315,-0.025711403639934516,-0.013010293390130268,0.014184929450615415,0.00546352083968636
2023-03-13,2961.694091796875,3040.97169171865,2952.7150665107374,3007.762627347276,1901233,-0.014725313978108,-1.4725313978108057,3073.7518676757813,3047.131103515625,38.6414165624009,-22.30783981969671,-8.678220225840843,-13.629619593855868,2836.57373046875,-0.0422462136365385,-1,0.0118319210375481,1505842.7,1.262570785115869,-0.03645635064343655,-0.028038508622151848,0.029799372410662103,-0.015316546303067684
2023-03-14,2901.231689453125,2981.9530185255367,2896.223220337673,2959.934084802029,2670334,-0.0204148033084223,-2.041480330842238,3061.684252929688,3047.6839404296875,33.587283354598085,-30.9678469456112,-13.136145569794914,-17.831701375816287,2803.003662109375,-0.0338573536546009,-1,0.012132982601443,1584962.45,1.684793226489372,-0.052406633153966764,-0.048053621648153744,0.029549449118289328,-0.019832331959794308
2023-03-15,2886.74755859375,2942.201372938956,2880.5209566826484,2932.861249755203,1780522,-0.004992407504726,-0.4992407504726071,3048.093786621094,3047.8632666015624,32.49093741844676,-38.55527211913432,-18.2199708796628,-20.33530123947152,2825.293701171875,-0.0212882686048971,-1,0.011947368706127,1594997.65,1.11631637827178,-0.052933485424738524,-0.05286185563942969,0.02136675099029254,-0.015723106971153863
2023-03-16,2874.2041015625,2905.608322308614,2862.47265625,2894.959735576924,1901060,-0.0043451866769259,-0.434518667692596,3032.94892578125,3046.911127929688,31.531049234564563,-45.0610773359922,-23.58819217092868,-21.47288516506352,2819.743408203125,-0.0189480953456884,0,0.0116999922216703,1618578.2,1.1745246537980063,-0.05234009147643637,-0.05668265962339991,0.015007864624215132,-0.007169576059850614
2023-03-17,2869.060546875,2907.0522516200167,2837.205114597425,2843.0708376396906,6739966,-0.0017895579109026,-0.1789557910902628,3015.859362792969,3045.797880859375,31.124981664307995,-50.05501367941679,-28.881556472626304,-21.173457206790484,2815.99853515625,-0.0184945597528589,0,0.0111476161331137,1874629.95,3.5953581132105565,-0.04867561721512759,-0.05802661269647613,0.024344950509556016,0.009141421624543834
2023-03-20,2836.57373046875,2860.3523392948427,2793.0320130478685,2860.3523392948427,2289468,-0.0113231546966252,-1.132315469662526,2999.712841796875,3044.0975439453123,28.61812482274292,-55.988755272291655,-34.30299623255937,-21.68575903973228,2817.623046875,-0.006680835893738,0,0.010964892298997,1936034.9,1.182555128525834,-0.054384909467001585,-0.06817252419828845,0.023732972467403267,-0.008313174744043892
2023-03-21,2803.003662109375,2848.711094996725,2795.197605797223,2836.5736038648693,1815297,-0.0118347244066973,-1.1834724406697306,2982.512744140625,3043.482578125,26.264091695821094,-62.67760379369929,-39.97791774478736,-22.699686048911936,2811.847412109375,0.0031550975546512,0,0.0110545000978887,1961995.65,0.925229880096829,-0.06018719698144093,-0.07901438889253543,0.019091480301253353,-0.011834680302233216
2023-03-22,2825.293701171875,2836.7543794303024,2803.0039939479107,2824.6168868615287,1123939,0.0079521976242178,0.7952197624217838,2968.0650268554687,3041.4004541015624,30.360206839769702,-65.42575716823558,-45.067485629477005,-20.35827153875857,2832.6025390625,0.0025869303030667,0,0.0114009946878217,1961215.55,0.5730828516019058,-0.048102492496552074,-0.07105501435638006,0.011945797163810877,0.00023961278200045115
2023-03-23,2819.743408203125,2839.326076534462,2798.4012872223343,2810.944823053039,1372218,-0.0019645012362601,-0.196450123626013,2955.571032714844,3039.7993994140625,29.914585608135724,-67.27603452564153,-49.50919540870992,-17.76683911693162,2893.064208984375,0.0260026499460721,1,0.0111900790450349,1968904.95,0.6969447661757364,-0.04595647440317285,-0.07239161612221989,0.01451365723316188,0.003130116634779695
2023-03-24,2815.99853515625,2860.668276380488,2802.9134594441,2841.6271470449155,1329577,-0.0013280900084668,-0.1328090008466897,2942.3370849609373,3037.37697265625,29.5989087657494,-68.25773988318178,-53.25890430360429,-14.998835579577497,2887.740234375,0.0254764689409787,1,0.0110633165043793,1963305.3,0.6772135744756559,-0.04293816315283416,-0.07288474216172114,0.02050953372856888,-0.009018991782689516
2023-03-27,2817.623046875,2845.1016629132937,2802.913572280926,2829.0837247587583,1524217,0.0005768865638489,0.057688656384891,2929.7866943359377,3034.88732421875,29.944270190150448,-68.11942559732915,-56.23100856234927,-11.888417034979888,2923.656982421875,0.0376324063875315,1,0.0111196240842374,1990636.55,0.7656932653024984,-0.03828389543777366,-0.07158891060302508,0.014972936383082933,-0.00405102110745612
2023-03-28,2811.847412109375,2842.21394514146,2806.6585026044622,2821.864351628328,1303530,-0.0020498252142104,-0.2049825214210487,2920.042834472656,3031.57275390625,29.392207749190334,-67.69550435071642,-58.52390772002271,-9.171596630693712,2906.421142578125,0.0336340194213466,1,0.0104686776914591,1999411.95,0.6519566915662378,-0.03705268329833267,-0.0724789934576876,0.012644869129055991,-0.0035497594039816437
2023-03-29,2832.6025390625,2842.619476774167,2801.1985382394446,2823.6686802623394,1740616,0.0073813133898168,0.7381313389816846,2912.1940307617188,3028.050600585937,34.09446832717603,-64.93623393787084,-59.80637296359234,-5.1298609742785,2944.9541015625,0.0396637230076002,1,0.0107160492953308,1880631.9,0.9255484818693122,-0.027330421963127405,-0.06454583734024033,0.014622926430204925,0.003163918933764764
2023-03-31,2893.064208984375,2899.471470294865,2844.423926040901,2878.6706738535167,2382581,0.021344918352677,2.1344918352677045,2904.0812255859373,3024.9372412109374,45.484251713246536,-57.2112451712137,-59.28734740511661,2.0761022339029083,2900.194091796875,0.0024644744455923,0,0.0106386749855728,1916295.6,1.2433264471305991,-0.0037936323903404734,-0.043595295277521595,0.019027418777300093,0.005000063140807429
2023-04-03,2887.740234375,2910.2555399514736,2864.0517402648925,2910.2555399514736,1521830,-0.0018402545622187,-0.1840254562218701,2898.601281738281,3021.5080419921874,44.750860822415056,-50.93162807020781,-57.616203538134855,6.684575467927047,2925.32666015625,0.0130158610992185,0,0.0099222184421199,1914560.2,0.794871845763847,-0.003746995984479695,-0.044271868801312064,0.015999984741211,-0.0077365390314999595
2023-04-05,2923.656982421875,2945.8114118907883,2874.6555889687143,2874.6555889687143,2655065,0.0124376658327263,1.243766583272632,2893.983154296875,3019.1021923828125,50.544300889196975,-42.56612903781479,-54.60618863807085,12.040059600256058,2877.678955078125,-0.0157262044146037,0,0.0102777201120266,1995153.95,1.3307569573766476,0.010253628491562417,-0.03161377253202813,0.024337951869829344,0.01704600496880395
2023-04-06,2906.421142578125,2939.4949346840967,2901.277397787005,2910.301588759904,1703464,-0.0058953016538459,-0.5895301653845997,2887.163134765625,3016.5321142578123,47.94603367080655,-36.90181782860009,-51.065314476176695,14.163496647576608,2833.14404296875,-0.0252121409853133,-1,0.010019459930395,2013620.55,0.845970706844445,0.0066702181046183195,-0.036502502711388884,0.013149345887014474,-0.0013333484738372037
2023-04-10,2944.9541015625,2952.7149931554736,2901.277109717252,2905.7892047556925,2203187,0.0132578718272722,1.3257871827272227,2881.4327758789063,3013.7977978515623,53.67893832001781,-28.96957935164528,-46.646167451270415,17.676588099625135,2825.247802734375,-0.040647933617917,-1,0.0104747629490718,2031550.4,1.0844855239623885,0.022045048635298548,-0.022842838473814964,0.017466446560552542,0.013478230541537286
2023-04-11,2900.194091796875,2953.572085045166,2880.656589162442,2945.495479433064,2348779,-0.0151988819594426,-1.5198881959442634,2875.8806274414064,3009.7820361328127,47.1789620703774,-25.995324009390515,-42.515998762894434,16.52067475350392,2788.1142578125,-0.0386456321324804,-1,0.0104338127025495,2066564.35,1.1365622367384784,0.008454267581022412,-0.03641059153796544,0.025141591760690772,-0.015379887001187389
2023-04-12,2925.32666015625,2942.7433920921726,2886.838575342086,2912.9635630873936,2417727,0.0086658228945648,0.8665822894564856,2871.849072265625,3006.387143554688,50.78272953390539,-21.36394671816469,-38.28558835394848,16.921641635783786,2801.830322265625,-0.0422162555630722,-1,0.0106944487374968,2136230.5,1.1317725311009277,0.018621308622056576,-0.02696275613479171,0.01911062361394552,0.004244164680094041
2023-04-13,2877.678955078125,2914.813409301973,2869.6924586935834,2896.765029058617,4174070,-0.0162879946800813,-1.6287994680081352,2867.6483154296875,3002.3768017578127,44.57376791228071,-21.292867516534443,-34.88704418646568,13.594176669931237,2852.4111328125,-0.0087806258655211,0,0.0108028235561539,2249872.35,1.855247476595728,0.0034978625497648075,-0.041533043622865806,0.015679633243578652,-0.006588754624221149
2023-04-17,2833.14404296875,2854.711765839504,2770.6515362079326,2828.2710691965544,5505048,-0.0154759835285954,-1.5475983528595472,2864.243933105469,2997.067861328125,39.689275878780286,-24.547167483907288,-32.81906884595401,8.27190136204672,2865.0,0.0112440301474645,0,0.0103935609279233,2391608.05,2.301818644572634,-0.010857975390035857,-0.054694730297742966,0.02967029856466026,0.0017229514615018362
2023-04-18,2825.247802734375,2848.801022746983,2807.064151110326,2847.0862947489463,2617302,-0.0027870945192397,-0.2787094519239752,2861.1689453125,2992.9537255859377,38.87583824500544,-27.446992405999936,-31.7446535579632,4.297661151963258,2866.0830078125,0.0144536720066124,0,0.0103621394509166,2433447.05,1.075553297944165,-0.01255470867491948,-0.05603358361938271,0.01477281801485266,-0.0076704707036275585
2023-04-19,2788.1142578125,2833.596094255852,2771.780383282436,2825.248717226595,3298034,-0.0131434647558829,-1.3143464755882903,2856.864453125,2987.200815429688,35.22012044026003,-32.36836887826212,-31.869396622022983,-0.498972256239135,2886.0712890625,0.0351337937372966,1,0.0106920147298021,2503295.75,1.3174767703736163,-0.02406491327836624,-0.06664652626929302,0.02217115414126375,-0.013143784187095615
2023-04-20,2801.830322265625,2809.230113386837,2777.6454510133904,2788.474478112857,2419999,0.0049194771751881,0.4919477175188147,2853.5029418945314,2980.782822265625,37.55590126634551,-34.76111887732668,-32.447741073083726,-2.313377804242954,2876.866455078125,0.0267811124093424,1,0.0107861302222518,2287297.4,1.0580167668620617,-0.018108486544821778,-0.060035403674254306,0.011272867640288214,0.004789659814927465
2023-04-21,2852.4111328125,2855.6597089636048,2798.220828776796,2806.523039363576,1929184,0.0180527743400158,1.805277434001584,2854.294812011719,2974.9811767578126,45.37764092111385,-32.20470599675946,-32.39913405781888,0.1944280610594191,2905.11181640625,0.0184758371566817,0,0.0113122719781037,2269283.2,0.8501292390478191,-0.0006599455638891527,-0.041200275451453994,0.02013695695058284,0.016350513715836
2023-04-24,2865.0,2870.5497889454005,2821.097181701511,2843.612712906917,1640676,0.0044134125837207,0.4413412583720744,2857.39462890625,2969.834677734375,47.15193892335221,-28.830573098203786,-31.68542186589585,2.854848767692072,2905.247802734375,0.0140480986856457,0,0.010970244575527,2260552.15,0.7257855121811723,0.0026616453383132566,-0.03529983622332511,0.01726094493678512,0.00752116735025416
2023-04-25,2866.0830078125,2879.7997338116465,2840.3640639451646,2872.3999413939505,2024090,0.0003780131980801,0.0378013198080173,2859.434094238281,2964.4824365234376,47.31050481332445,-25.772074356762914,-30.50275236406927,4.730678007306356,2869.602294921875,0.0012279082984623,0,0.0108532317608672,2305559.7,0.877916976081773,0.0023252550522554483,-0.03319278518861268,0.013759430469733913,-0.0021991831605402876
2023-04-26,2886.0712890625,2895.3210839802464,2870.5948910586885,2870.5948910586885,2000029,0.0069740761853425,0.6974076185342515,2862.75048828125,2958.6717578125,50.27585882178887,-21.487609039602376,-28.69972369917589,7.2121146595735155,2906.421142578125,0.0070510571214044,0,0.0109184237595206,2336950.25,0.8558286595959841,0.008146291783623694,-0.024538196424897518,0.008567422785176531,0.00539135565663315
2023-04-27,2876.866455078125,2887.018668292053,2861.254563139059,2874.20436323212,2434446,-0.0031893993815257,-0.3189399381525737,2865.793884277344,2952.30248046875,48.910704892228274,-18.620249931867875,-26.68382894571429,8.063579013846415,2915.44482421875,0.0134098574761885,0,0.0109491732923783,2392193.7,1.017662574732138,0.0038637010363964386,-0.025551590966603088,0.008955613878953717,0.0009262013098509278
2023-04-28,2905.11181640625,2912.3311670411026,2884.356183331048,2888.101133346039,2931312,0.0098180995778471,0.9818099577847184,2870.168322753906,2946.55767578125,53.11747676160206,-13.908355710950218,-24.12873429876148,10.22037858781126,2933.40283203125,0.0097383568732982,0,0.0111184332983787,2462548.45,1.1903570871874622,0.012174719292705527,-0.014065857157882111,0.00962957210530391,0.005889919457392025
2023-05-02,2905.247802734375,2919.325628047492,2896.765151787465,2919.325628047492,2321159,4.6809326703645127e-05,0.0046809326703645,2874.838342285156,2941.810952148437,53.13748355337485,-10.047353002164982,-21.312458039442184,11.265105037277202,2962.8671875,0.0198328640714897,0,0.0110921739301589,2513429.9,0.9235025810745708,0.01057779841110884,-0.012428789615919977,0.007765422363900711,-0.004822286756182317
2023-05-03,2869.602294921875,2902.1797112754293,2863.5109662368286,2902.1797112754293,2468285,-0.0122693519564668,-1.2269351956466834,2876.688330078125,2936.0318603515625,47.42449408506465,-9.751367423320062,-19.00023991621776,9.2488724928977,2966.070556640625,0.0336172932010343,1,0.011427106283418,2549813.35,0.9680257576500648,-0.002463261341925649,-0.02262562825927006,0.013475297642126216,-0.011225154743858861
2023-05-04,2906.421142578125,2909.805214192962,2867.887891187279,2869.828004119587,1953253,0.0128306447626578,1.2830644762657828,2877.3561767578126,2930.6182568359377,53.04059721402195,-6.471227143403667,-16.494437361654942,10.023210218251275,2961.874267578125,0.0190795216108325,0,0.0107568827317148,2528346.95,0.7725415216451997,0.01010127493255375,-0.008256658540009676,0.014422315607193996,0.012750986611744345
2023-05-05,2915.44482421875,2927.447040179334,2896.809961242115,2905.788985628069,1710027,0.0031047398838492,0.3104739883849294,2878.74140625,2924.7101171875,54.32824639796857,-3.1077326377394456,-13.817096416871845,10.709363779132396,2954.7900390625,0.0134954414218053,0,0.0107622834139281,2537756.8,0.6738340726739458,0.01274981416846388,-0.003167935486768858,0.010508543561762939,0.003322966202445689
2023-05-08,2933.40283203125,2937.2381121830967,2915.986103984148,2928.349198292563,928235,0.0061596116185502,0.6159611618550276,2879.2286987304688,2920.1880908203125,56.86326602827178,0.9954472436243124,-10.854587684772612,11.850034928396925,2937.419189453125,0.0013691803178268,0,0.0104847510064531,2451415.3,0.37865269095775,0.018815501986579886,0.004525304809124497,0.0072448311452105105,0.0017257619895993518
2023-05-09,2962.8671875,2976.177867775832,2929.2520796847634,2935.208133223178,1107375,0.010044428657058,1.004442865705801,2882.0510009765626,2916.505322265625,60.71603063781365,6.549278102670996,-7.373814527283891,13.923092629954889,2940.216796875,-0.0076447539466363,0,0.0106007210200639,2421610.85,0.4572885854058673,0.028041206243766492,0.015896376008791124,0.015837965430594795,0.009423200339271865
2023-05-10,2966.070556640625,2983.848165339088,2947.345364010718,2968.9582531273554,1559987,0.0010811720330021,0.1081172033002175,2883.106823730469,2913.5417724609374,61.12258379251856,11.081473856986577,-3.682756850429797,14.764230707416374,2895.592041015625,-0.0237615775751551,-1,0.0102028114753632,2389450.85,0.6528642344746283,0.02877580956324355,0.018029185191780872,0.01230678793080131,-0.0009726295355243414
2023-05-11,2961.874267578125,2986.7359537053417,2952.714803365684,2986.1043045039883,1719623,-0.0014147637361845,-0.1414763736184543,2886.190832519532,2911.386791992188,60.24305102635245,14.171308168265114,-0.1119438466908149,14.283252014955927,2887.60546875,-0.0250749330047873,-1,0.0095369897902836,2357993.05,0.7292739900145169,0.02622260254098463,0.017341383743583405,0.011486358726319661,-0.008114263419839927
2023-05-12,2954.7900390625,2968.9579707256435,2941.8854056430387,2959.166638227262,1027479,-0.0023918059565093,-0.239180595650934,2887.664001464844,2908.86904296875,58.70718469144254,15.865498494450549,3.083544621537458,12.78195387291309,2908.36083984375,-0.0157131974201053,0,0.0093945097725512,2288480.65,0.448978670630228,0.02324579229564261,0.0157865463915432,0.009162263553316438,-0.001478997197462266
2023-05-15,2937.419189453125,2970.7635294766205,2931.3730258472074,2963.5441770356083,1150390,-0.0058788778152529,-0.5878877815252981,2890.651013183594,2906.244809570313,55.00417139892786,15.62634338522139,5.5921043742742444,10.034239010947145,2976.80908203125,0.0134096940333048,0,0.0086736642246617,2137296.65,0.5382453577513444,0.01617911538135597,0.010726687504147625,0.01340990205648745,-0.008815454071825499
2023-05-16,2940.216796875,2964.446838614286,2933.268213645488,2938.4571236369734,986306,0.0009524031952674,0.0952403195267459,2896.0046508789064,2904.9146533203125,55.49109555013037,15.484064123778808,7.570496324175158,7.9135677996036495,2975.3203125,0.0119390909072791,0,0.0077540334732756,1911359.55,0.5160232673125263,0.015266600481002479,0.012152557912273654,0.010604192521427852,0.0005988425775798399
2023-05-17,2895.592041015625,2959.934565107148,2886.161805748151,2938.231342296513,1588815,-0.0151773692017556,-1.5177369201755608,2899.521862792969,2903.034921875,46.792669944857,11.636325612512792,8.383662181842686,3.252663430670106,2981.005615234375,0.0294977928550981,1,0.0085961950512707,1859935.2,0.8542313732220349,-0.0013553344183301341,-0.002563827532108265,0.02547760814162252,-0.014511893827788691
2023-05-18,2887.60546875,2913.865728945654,2883.228648558824,2911.1584719986504,1369364,-0.0027581828353222,-0.2758182835322254,2904.496423339844,2899.680625,45.4204060936222,7.852002488622475,8.277330243198644,-0.4253277545761698,2972.11669921875,0.0292668896022467,1,0.0079709182526846,1763501.7,0.77650279554593,-0.0058154502977220135,-0.004164305594861806,0.010609856754459144,-0.008090594680845428
2023-05-19,2908.36083984375,2918.873931901369,2890.492901561237,2896.7646688524947,1152449,0.0071877447658161,0.7187744765816184,2909.82294921875,2897.901059570313,49.560280976227205,6.453294572954746,7.912523109149865,-1.459228536195119,3004.062744140625,0.0329057876814269,1,0.0080337564043508,1700124.2,0.6778616526957266,-0.000502473655791591,0.0036094331926528334,0.009758428167275379,0.004003145687305342
2023-05-22,2976.80908203125,2985.607666012644,2903.1266694318583,2914.812949733468,1333243,0.0235349896236318,2.3534989623631875,2916.0428466796875,2897.1168505859373,60.26444352499328,10.744157610417917,8.478850009403477,2.265307601014438,2996.34716796875,0.0065634326552672,0,0.0086813810384123,1670327.15,0.7981927372730546,0.020838594817203404,0.027507427402935214,0.02770785573003702,0.021269334728134418
2023-05-23,2975.3203125,3003.204968703597,2969.0485451363493,2983.396917684391,1687418,-0.0005001226112337,-0.0500122611233777,2921.5588623046874,2895.766826171875,59.966360268381024,13.864742106103222,9.556028428743426,4.308713677359796,2992.60205078125,0.0058083622824223,0,0.0086841460732081,1672664.25,1.008820508957491,0.018401631707294364,0.027472338452503298,0.01147991475867278,-0.0027071842625150714
2023-05-24,2981.005615234375,2993.5039850346407,2956.324369747154,2956.324369747154,1016555,0.001910820394863,0.1910820394863011,2927.304992675781,2894.195712890625,60.76447748409218,16.605170152974097,10.96585677358956,5.639313379384536,2968.50732421875,-0.0041926425605348,0,0.0086765200054483,1622287.5,0.6266182782028463,0.018344730970279777,0.0299944823900824,0.012472172174879843,0.008348625658195956
2023-05-25,2972.11669921875,2983.396935666369,2948.2929279682253,2972.567908676655,1374917,-0.0029818514833378,-0.2981851483337849,2931.6072631835937,2893.4133056640626,58.79099927513271,17.853909138273593,12.343467246526368,5.5104418917472255,2999.640380859375,0.0092606328842537,0,0.0086619092077228,1591031.9,0.8641668341156453,0.013818166076981608,0.027200881879066552,0.011811113509564056,-0.00015179113539775236
2023-05-26,3004.062744140625,3012.8613300442594,2969.861149626693,2972.117197294292,1791115,0.0107485836374703,1.0748583637470333,2937.967077636719,2893.375405273437,63.392557625009744,21.177204985045137,14.110214794230124,7.066990190815012,2983.036376953125,-0.0069993102602505,0,0.0088234861880478,1558865.35,1.1489863444588078,0.022497075275967005,0.03825543642399465,0.014314008754123876,0.010748414253453738
2023-05-29,2996.34716796875,3042.95702357488,2988.811880806644,3032.8499743215725,1210372,-0.0025683804996829,-0.2568380499682998,2942.528845214844,2894.068466796875,61.60338047455731,22.924103575100617,15.872992550404224,7.051111024696393,2967.96533203125,-0.0094721453644973,0,0.0086945661775234,1472818.35,0.821806708206752,0.01828981994226697,0.035340802177039166,0.0180703836147738,-0.012035810100032377
2023-05-30,2992.60205078125,3002.3030557024185,2979.2012598943925,2991.5191919697595,1344224,-0.0012498942804544,-0.1249894280454411,2946.896557617188,2895.895874023437,60.70772545879136,23.732757183974627,17.444945477118303,6.287811706856324,2916.888671875,-0.0253001827912549,-1,0.0087114432803963,1423971.6,0.943996354983484,0.015509703944619924,0.03339421752877225,0.0077196350921416666,0.00036197622077680533
2023-05-31,2968.50732421875,3002.9796862307608,2946.5333332663195,2986.104494859353,5815424,-0.0080514302114474,-0.8051430211447497,2951.8418090820314,2897.531069335937,55.15202346391289,22.173772482990444,18.39071087829273,3.783061604697714,2955.331298828125,-0.0044386029581694,0,0.0084057846615669,1591328.55,3.654445840238334,0.005645802253170684,0.024495424961596513,0.01901506272324823,-0.0058930190389843975
2023-06-01,2999.640380859375,3014.079083053644,2975.7262803501167,2990.616191987957,1177314,0.0104877816492565,1.048778164925657,2956.5027709960937,2900.039794921875,60.21802962468743,23.183201836935496,19.349209070021285,3.83399276691421,2920.634033203125,-0.0263386065077625,-1,0.0082579561803379,1552531.6,0.7583188644920335,0.014590755769441577,0.03434455834430472,0.012785800240673995,0.003017501508750762
2023-06-02,2983.036376953125,3010.379496788302,2975.681529808237,3001.671241441304,2030661,-0.005535331505803,-0.5535331505803098,2959.8823486328124,2902.3193115234376,56.54921959439909,22.38533333440592,19.95643392289821,2.428899411507704,2896.13330078125,-0.0291324225354026,-1,0.0084005205055511,1568563.3,1.2945993317579214,0.007822617791213071,0.027811228457601533,0.011631761264509074,-0.006208163049605415
2023-06-05,2967.96533203125,3002.3475790890493,2964.491151573636,2991.518552654102,1861468,-0.005052249794308,-0.5052249794308072,2961.6104736328125,2904.9471435546875,53.37075587742399,20.302870572737906,20.02572125286615,0.2771493198717536,2930.06396484375,-0.012770151584473,0,0.0084247902746255,1615224.95,1.152451242162895,0.002145744166903274,0.021693402792674954,0.012755010008659527,-0.007873332626319698
2023-06-06,2916.888671875,2967.920505036819,2906.3304147456515,2959.934009597492,2022849,-0.0172093183181805,-1.720931831818051,2959.3115478515624,2907.22484375,44.28586726415629,14.365448276086228,18.893666657510167,-4.52821838142394,2927.17626953125,0.0035269078849131,0,0.0090042607226645,1660998.65,1.2178510801318232,-0.014335386893401303,0.0033240731778194643,0.021114995195060694,-0.014542668040205967
2023-06-07,2955.331298828125,2958.896029412764,2924.739389025935,2935.56841484152,1567196,0.0131793260825459,1.3179326082545906,2958.7745849609373,2909.825595703125,51.04086542086776,12.616561182080204,17.638245562424174,-5.02168438034397,2933.80908203125,-0.0072825056214201,0,0.0095246222875569,1661359.1,0.943321645513002,-0.0011637541265611118,0.015638635934812406,0.011557634976617772,0.006732217136105172
2023-06-08,2920.634033203125,2950.910235802077,2917.520731604928,2942.788464510879,1759366,-0.0117405671705093,-1.1740567170509308,2956.712573242188,2911.843408203125,45.65988346184522,8.334698979573204,15.77753624585398,-7.442837266280776,2924.03564453125,0.0011646824934086,0,0.009871011002305,1663346.25,1.0577268563295226,-0.012202247984998027,0.0030189209265978345,0.011432279367274794,-0.007528380505404804
2023-06-09,2896.13330078125,2932.8617095107734,2892.568789843888,2928.3496145730646,1775689,-0.008388840280343,-0.8388840280343035,2953.779736328125,2913.446103515625,42.27101521412271,2.930506929942567,13.208130382671698,-10.27762345272913,2886.39794921875,-0.0033614998176616,0,0.0100165695204506,1700756.75,1.0440581817476249,-0.019516159190169025,-0.005942379614808702,0.013912660600261697,-0.01100152578486144
2023-06-12,2930.06396484375,2936.832106886092,2897.667213061257,2901.2768888171727,2324605,0.0117158502522474,1.1715850252247415,2953.411975097656,2915.694921875,48.02432786754152,1.369776879748315,10.840459682087022,-9.470682802338708,2918.67138671875,-0.0038881670372024,0,0.0103290916169012,1759467.5,1.321198032927576,-0.007905436305794766,0.004928170934807463,0.013366566155126066,0.009922209127138357
2023-06-13,2927.17626953125,2946.3978370029945,2922.9349445796934,2941.885742306206,1371928,-0.0009855400247734,-0.0985540024773468,2952.7599487304688,2918.0014990234376,47.58963737356979,-0.0989847728792483,8.652570791093769,-8.751555563973017,2934.3994140625,0.0024676151574591,0,0.010328038106074,1778748.6,0.7712883090955067,-0.0086643274913758,0.0031441966396805743,0.008015537932417856,-0.005000014977952482
2023-06-14,2933.80908203125,2938.140736922636,2911.068169247874,2927.176214824085,1658544,0.0022659422901998,0.2265942290199829,2954.67080078125,2920.0256298828126,48.73739595215538,-0.7194826799477596,6.778160096885464,-7.497642776833223,2962.1279296875,0.009652587085402,0,0.0097123295365788,1782235.05,0.93059779067862,-0.00706058987839997,0.004720318892882602,0.009227787806839178,0.002265961021948103
2023-06-15,2924.03564453125,2952.354962814374,2918.3080796100494,2950.400421574456,2273810,-0.0033313133972688,-0.3331313397268887,2956.4923095703125,2920.64505859375,47.10060151938061,-1.9770759669108884,5.027112884126193,-7.004188851037082,2944.21875,0.0069024827062207,0,0.0097239101012317,1827457.35,1.2442479163740812,-0.010978098922834523,0.0011609031119763635,0.011643798962574827,-0.008935999619040333
2023-06-16,2886.39794921875,2908.6716434866084,2869.2154738515223,2906.489819361,4156189,-0.0128718319090579,-1.287183190905794,2955.3941650390625,2920.618212890625,41.34238826316244,-5.94227630536443,2.8332350462280687,-8.775511351592499,2924.08154296875,0.013055578064071,0,0.0100456526946831,1977644.35,2.1015856566930244,-0.023345859119743073,-0.011716787740635892,0.01366969154262514,-0.0069127612312323275
2023-06-19,2918.67138671875,2922.762472452538,2886.488267728523,2900.1252201744846,1468186,0.0111812155038204,1.1181215503820452,2952.4872802734376,2920.5185009765623,47.29269050125743,-6.406677267909345,0.985252583400586,-7.39192985130993,2899.807373046875,-0.0064632194489981,0,0.0088040012104724,1984391.5,0.7398671078766463,-0.011453357913046025,-0.0006324610705923384,0.012428327796366058,0.0063949537127743535
2023-06-20,2934.3994140625,2938.763283282626,2910.171183742042,2921.9443750875053,1528452,0.0053887626456747,0.5388762645674783,2950.4412353515627,2921.07806640625,49.95692443548985,-5.44285615680792,-0.3003691646411153,-5.1424869921668055,2906.807861328125,-0.0094027938399074,0,0.0089175416354656,1976443.2,0.7733346447800777,-0.005437092288723799,0.00456042165029813,0.009743765420468106,0.00426258592777686
2023-06-21,2962.1279296875,2965.0371018935944,2930.990220795414,2954.6731065482545,1645987,0.0094494687710597,0.9449468771059788,2949.497351074219,2921.42154296875,54.33903786960353,-2.4137374454680867,-0.7230428208065096,-1.690694624661577,2923.26318359375,-0.0131205494888433,0,0.0091869325844992,2007914.8,0.819749423630923,0.0042822817279972725,0.013933760027450282,0.011494061669973875,0.0025230618990384553
2023-06-22,2944.21875,2970.7198119240816,2936.5821435529915,2963.7650532654006,1529603,-0.0060460520654789,-0.6046052065478924,2948.1024536132813,2922.3020361328126,51.21937507328655,-1.441641821108078,-0.8667626208668233,-0.5748792002412548,3002.176025390625,0.0196851118452476,0,0.0092596697755606,2015649.1,0.7588637327796788,-0.0013173570709936744,0.00749981131183497,0.011594813860583579,-0.006595092024539874
2023-06-23,2924.08154296875,2954.128124015964,2917.535626765662,2943.1277797551047,1119505,-0.0068395757045056,-0.6839575704505663,2944.1033935546875,2922.277133789062,47.89010001024624,-2.269986359260656,-1.14740736854559,-1.1225789907150665,2974.94775390625,0.01739561985192,0,0.0089728205370095,1982068.6,0.5648164750705399,-0.006800661495031002,0.0006174668236711423,0.012514184954346603,-0.006471427070672254
2023-06-26,2899.807373046875,2921.853782825176,2884.6704423318647,2913.76261193622,1978803,-0.0083014681927201,-0.8301468192720152,2939.276403808594,2922.7197021484376,44.16353211106324,-4.8295064742674185,-1.883827189689956,-2.945679284577463,3008.176025390625,0.0373709831042623,1,0.0091057275691137,2020490.15,0.9793678034015656,-0.013428145345764864,-0.007839386405997129,0.012822693272292148,-0.004789422045631741
2023-06-27,2906.807861328125,2917.989986483776,2893.125405885089,2911.035228452272,863542,0.002414121829718,0.2414121829718007,2934.986694335937,2924.192978515625,45.48111779129314,-6.2213478812614085,-2.7513313280042464,-3.470016553257162,3018.267578125,0.0383443702212737,1,0.0091498253477574,1996456.05,0.4325374455400608,-0.009601008775335429,-0.005945270136147096,0.008553912671519483,-0.0014521868656307828
2023-06-28,2923.26318359375,2937.354704231224,2903.2168146828576,2916.4902067752564,1575872,0.0056609597368113,0.5660959736811355,2932.7244873046875,2926.1532861328124,48.554196111100055,-5.928248086278472,-3.386714679659092,-2.54153340661938,3020.948974609375,0.0334166939069555,1,0.0091400005595693,1784478.45,0.8830994848943119,-0.0032261140628428997,-0.000987679815940834,0.011678007556746374,0.0023223039812578093
2023-06-30,3002.176025390625,3009.2217863707983,2922.0362650887305,2927.4000459558824,2672406,0.0269947783831978,2.699477838319786,2932.85126953125,2930.434521484375,60.15372577650312,0.6639883988445945,-2.576574063958355,3.240562462802949,3026.72265625,0.0081762796890569,0,0.0108005482754978,1859233.05,1.43737010268831,0.023637324053754183,0.024481524285999035,0.029040775938753885,0.025543478260869536
2023-07-03,2974.94775390625,3017.222321791973,2971.720296267923,3013.1312345772258,1687264,-0.0090695119986617,-0.9069511998661794,2932.4468383789062,2933.8968701171875,55.50356100497962,3.649223379616615,-1.331414575243361,4.980637954859976,2974.629150390625,-0.0001070954994778,0,0.0109257427229442,1842063.2,0.9159642296746388,0.014493328564769037,0.013991931416261094,0.01529506710304536,-0.012672358984169275
2023-07-04,3008.176025390625,3013.7670882199945,2979.4929186666623,2991.0388296361334,1656681,0.0111693630386431,1.1169363038643132,2934.457373046875,2937.01216796875,59.60731135963629,8.597184427354932,0.6543052252762975,7.942879202078634,2975.0380859375,-0.0110159575681153,0,0.011137206791396,1831823.85,0.9043888144594252,0.025121732222406434,0.024230017906630597,0.011393671535189378,0.005729512965425582
2023-07-05,3018.267578125,3026.495253047851,3004.676122356007,3018.31307903841,1453008,0.0033547081850253,0.3354708185025368,2939.526318359375,2940.07751953125,60.79004499628586,13.180842623882654,3.1596127049975693,10.021229918885084,2963.674072265625,-0.0180876958209548,0,0.0103123905104707,1803331.8,0.8057352507175883,0.02678705724586683,0.026594556801419422,0.007229024639822775,-1.507494823045072e-05
2023-07-06,3020.948974609375,3025.9946921480014,3001.948240187536,3006.084827429316,1848238,0.0008883892547528,0.0888389254752874,2942.8072021484377,2943.174838867188,61.11584015846434,16.83571936209364,5.894834036416784,10.940885325676858,3036.995361328125,0.0053117039889178,0,0.0099561344557272,1817383.9,1.0169772055315336,0.026553480093391313,0.026425251641564618,0.007959900071987994,0.004944686538593136
2023-07-07,3026.72265625,3051.860025287149,3001.948850623264,3001.948850623264,1789326,0.0019112145518351,0.1911214551835183,2948.111633300781,2945.9878662109377,61.85087736427272,19.967945320775016,8.70945629328843,11.258489027486586,3195.275390625,0.0556881992563635,1,0.0094829105142901,1818881.9,0.9837505117841902,0.026664873223000818,0.027404997476415893,0.01649017116279915,0.008252574197455849
2023-07-10,2974.629150390625,3022.6312796193856,2968.492520226724,3022.6312796193856,1407431,-0.0172111923607553,-1.72111923607553,2952.03642578125,2947.9431201171874,52.25322269568781,18.03880627032413,10.575326288695573,7.463479981628559,3174.41064453125,0.0671618154869455,1,0.0101639252043716,1800469.0,0.7817024341990892,0.007653267558646704,0.00905242373617332,0.01820017106520727,-0.015880907986502782
2023-07-11,2975.0380859375,2995.58452074979,2964.4923069892843,2995.58452074979,1110172,0.0001374744636053,0.0137474463605347,2954.2851318359376,2949.3416455078127,52.315775953874976,16.354423738578134,11.731145778672085,4.62327795990605,3179.0927734375,0.0685889328491395,1,0.0098701393942463,1739747.35,0.6381225411839253,0.007024695713329976,0.008712602173039485,0.010451030495197135,-0.006858906724203297
2023-07-12,2963.674072265625,2990.266136197233,2954.764772000077,2982.811311383607,1515240,-0.0038197876274561,-0.3819787627456161,2956.1100219726563,2950.510170898437,50.34199977839275,13.941844610382304,12.17328554501413,1.7685590653681746,3154.728271484375,0.0644653205987308,1,0.009917478832446,1746912.95,0.8673815143450623,0.0025587851050012933,0.00446156786613594,0.011978835503330775,-0.0064158396627190814
2023-07-13,3036.995361328125,3061.4508783669453,2975.356280703942,2985.583996893055,4585146,0.0247399974743001,2.473999747430012,2961.2693359375,2953.8580322265625,60.65599310966238,17.741757587745724,13.286979953560447,4.454777634185275,3156.77880859375,0.0394414324074705,1,0.0112869323375129,1893243.05,2.421847527711775,0.025572150588136555,0.0281453367746638,0.028348610195226887,0.017219868705275487
2023-07-14,3195.275390625,3204.548699195468,3047.405405082493,3059.224101462586,6306101,0.0521173101916285,5.211731019162857,2974.8313232421874,2959.6351171875,73.46742623911226,33.14303923656735,17.25819181016183,15.884847426405518,3070.186767578125,-0.0391479943837979,-1,0.0158502637316392,2094857.6,3.0102766889739905,0.07410304767887022,0.07961801509553168,0.04917989058909808,0.04447248212295696
2023-07-17,3174.41064453125,3227.3219906075915,3161.0919726546085,3191.047775615765,2743228,-0.0065298741244549,-0.6529874124454937,2989.2319580078124,2964.81443359375,70.22134106334292,43.16744780025556,22.440043008180574,20.727404792074985,3094.296142578125,-0.0252375986991926,-1,0.015543591013293,2024209.55,1.3552094939972987,0.06194858382514101,0.07069454619574334,0.020863720976705215,-0.0052136891248219545
2023-07-18,3179.0927734375,3203.775575367843,3150.1368810015824,3160.1373155444444,2600090,0.0014749600573309,0.1474960057330943,3002.25302734375,2969.728232421875,70.53595101730215,50.902895587116745,28.13261352396781,22.770282063148937,3098.306640625,-0.0254116940177078,-1,0.0154879073498253,2080804.75,1.249559815739559,0.05890234583265941,0.07049956246160738,0.01687232748110774,0.005998301972453962
2023-07-19,3154.728271484375,3197.275622406531,3132.545354564023,3181.956685012128,2405370,-0.0076639795342556,-0.7663979534255683,3013.269470214844,2973.5654541015624,66.59322819199527,54.43973463085149,33.39403774534455,21.045696885506946,3088.416748046875,-0.0210197258625697,-1,0.0157171078481041,2124650.65,1.1321249448703483,0.04694528739225068,0.06092444245104045,0.02051849233026048,-0.00855712890625016
2023-07-20,3156.77880859375,3170.9979886535184,3131.940584552698,3147.4816096060504,1715404,0.0006499885038941,0.0649988503894194,3023.002014160156,2977.379619140625,66.76161976393078,56.75394214528478,38.0660186253326,18.687923519952182,3096.255126953125,-0.0191726076834589,0,0.0156720136817909,2128121.5,0.806064879284383,0.044252962388700245,0.060254053026971954,0.012372550143359346,0.0029538533154013567
2023-07-21,3070.186767578125,3130.8921637786366,3061.7554440058743,3102.772693816824,3770223,-0.0274305063059515,-2.7430506305951563,3029.3004150390625,2979.545869140625,54.31152016651169,51.01267191579928,40.655349283425934,10.35732263237334,3058.42822265625,-0.00382991192785,0,0.0170152360245855,2240152.5,1.683020687207679,0.01349696198372441,0.030421044823063292,0.02251873420303346,-0.010502195763046332
2023-07-24,3094.296142578125,3111.341046261028,3073.6508799072253,3081.7630924388072,1680132,0.0078527388804487,0.7852738880448795,3037.811145019531,2982.3359912109377,56.73096555584176,47.85643971986883,42.09556737071451,5.760872349154319,3118.6328125,0.0078650099410324,0,0.0169198451979151,2268183.85,0.7407388955705685,0.018593979303552333,0.03754109251846138,0.012180529793247238,0.004066844128955908
2023-07-25,3098.306640625,3105.2797075197404,3081.033863241791,3096.8027636160755,1272980,0.0012960938003605,0.1296093800360553,3047.7361083984374,2985.553740234375,57.13758003856182,45.15816146503175,42.70808618957796,2.450075275453792,3146.5244140625,0.0155626214672455,0,0.0167183326166003,2232892.7,0.5701035253507702,0.016592818547251698,0.03776616004968436,0.007825514737643398,0.0004856224705665373
2023-07-26,3088.416748046875,3118.0859374639376,3085.408771798231,3099.400300884362,1066803,-0.0031920315595779,-0.3192031559577923,3056.816552734375,2988.5177392578125,55.74634662795504,41.74056557292943,42.51458206624826,-0.7740164933188325,3136.133544921875,0.0154502454713005,0,0.016783430386669,2243055.75,0.4756025346226905,0.010337615871725436,0.03342761111194603,0.010580555777121619,-0.0035437671069312973
2023-07-27,3096.255126953125,3109.699668869432,3085.454052221402,3094.477757443632,1701769,0.0025379926174817,0.2537992617481777,3065.466149902344,2992.5310009765626,56.64732307449434,39.21256978020847,41.8541796090403,-2.6416098288318324,3099.03564453125,0.0008980259907913,0,0.0167735263885695,2249350.6,0.7565601378460076,0.010043815702144299,0.03466100299135211,0.007830626241671848,0.0005743681644560355
2023-07-28,3058.42822265625,3093.338502704607,3036.1878482954903,3085.4085459262187,2599831,-0.0122169855990189,-1.221698559901896,3068.278759765625,2995.947456054688,51.22703060283785,33.76754857670039,40.23685340257232,-6.46930482587193,3138.777099609375,0.0262712972493244,1,0.016100699233456,2245721.85,1.1576816603534403,-0.003210443991773282,0.020855094262514973,0.01868628270748863,-0.008744489706425381
2023-07-31,3118.6328125,3123.3725393934046,3063.441776018759,3066.63200676874,2743678,0.0196848137215599,1.9684813721559944,3075.4630126953125,3000.1528955078124,58.09899979940653,33.91933629850473,38.97334998175881,-5.054013683254077,3175.6923828125,0.0182963412953893,0,0.0164299781503007,2298542.55,1.193659869381143,0.014036845712819712,0.039491292983630855,0.019216998915176302,0.016956976127713536
2023-08-01,3146.5244140625,3153.770750326194,3112.753500683223,3112.753500683223,1956167,0.0089435349524655,0.8943534952465582,3082.3804321289062,3003.547202148437,60.851016298499495,35.876684224579094,38.35401683032286,-2.477332605743769,3163.4326171875,0.00537361256421,0,0.0163755233542313,2313516.85,0.8455382548867106,0.020809884875012452,0.047602785070862685,0.013035732206512026,0.010849209027269404
2023-08-02,3136.133544921875,3141.374638434765,3111.477796074465,3130.9380706417523,1914899,-0.0033023322794464,-0.3302332279446429,3088.27373046875,3006.763466796875,59.28872553729431,36.17246658023396,37.91770678030508,-1.7452402000711231,3156.04931640625,0.0063504220082155,0,0.0164221778009098,2336611.4,0.8195196685251129,0.015497270847769418,0.043026356929505516,0.00953302591616673,0.001659398609266561
2023-08-03,3099.03564453125,3129.3884555329005,3069.913440103345,3117.3111535491207,2026351,-0.0118291838849449,-1.1829183884944916,3092.178063964844,3009.1240673828124,53.96195663323536,33.03260638236134,36.940686700716334,-3.9080803183549975,3137.455078125,0.0123972222331638,0,0.0167128976686558,2345517.05,0.8639250778415788,0.002217718522203427,0.029879651066244683,0.019191458973538748,-0.005862587376644673
2023-08-04,3138.777099609375,3163.7975804799803,3100.2208356691253,3100.2208356691253,2248493,0.0128238134815439,1.2823813481543933,3097.7807861328124,3012.457275390625,58.2856630966478,33.366420519805615,36.22583346453419,-2.859412944728575,3143.5625,0.0015246066346095,0,0.0169072111634464,2368475.4,0.9493419268783624,0.013234091211386634,0.041932486561944815,0.02025525954639059,0.01243661854557145
2023-08-07,3175.6923828125,3179.292741496562,3136.680374620139,3148.2563099923013,1853889,0.0117610400584735,1.176104005847356,3107.833947753906,3015.8898681640626,61.86807257939502,36.19252062067608,36.21917089576257,-0.0266502750864958,3144.51904296875,-0.0098162340951115,0,0.0164127287306673,2390798.3,0.7754267685400312,0.021834639880820017,0.052986853510575305,0.013418291742314188,0.008714688423912268
2023-08-08,3163.4326171875,3181.06990066204,3150.67169533121,3175.6921726071587,1634225,-0.0038605016315031,-0.3860501631503199,3117.2536743164064,3019.2315771484373,60.02442240985797,37.01626423251855,36.37858956311377,0.637674669404781,3152.312744140625,-0.0035151287833534,0,0.0164787922200203,2417000.95,0.6761375083447939,0.014813982978533202,0.04776084124532631,0.009609246982430127,-0.0038604356950610592
2023-08-09,3156.04931640625,3160.1510411495938,3121.913896104317,3158.2368139229097,1794589,-0.0023339522837108,-0.2333952283710805,3126.872436523437,3022.5005224609376,58.88632493647497,36.65082837625505,36.43303732574203,0.2177910505130214,3131.666748046875,-0.0077256613933838,0,0.0164487922755592,2430968.4,0.7382197975095028,0.009331010610478474,0.0441848704252914,0.0121155093637184,-0.0006926325179341436
2023-08-10,3137.455078125,3158.236973179639,3126.471525696296,3144.655795135516,1096701,-0.0058916184181884,-0.5891618418188416,3131.8954223632813,3025.8794775390625,56.00627087261786,34.4635439151366,36.039138643620944,-1.5755947284843472,3069.092529296875,-0.0217891721557268,-1,0.0157565839530607,2256546.15,0.4860086730333435,0.001775172862420682,0.036873775513584395,0.010124590374159748,-0.0022898267663046066
2023-08-11,3143.5625,3159.832544464097,3111.842444634241,3133.809552661935,1679974,0.0019466165165462,0.1946616516546262,3129.309777832031,3028.757919921875,56.75442669439984,32.844314314088024,35.400173777714365,-2.5558594636263408,3100.5849609375,-0.0136716031771279,0,0.0103971184383054,2025239.8,0.8295185587405501,0.0045545897274008595,0.037904838588449064,0.015266151008562994,0.0031121697646816627
2023-08-14,3144.51904296875,3149.213150112812,3109.107396536846,3136.1787356940604,1190425,0.0003042862894406,0.030428628944068,3127.8151977539064,3031.9875732421874,56.87811546202293,31.277698375570708,34.57567869728563,-3.297980321714924,3082.81103515625,-0.0196239892235606,0,0.0103095805720269,1947599.65,0.611226747755885,0.005340419480933001,0.037114752949409135,0.012754177356834203,0.0026593851873827744
2023-08-16,3152.312744140625,3159.240191912721,3131.166114540913,3144.656278735975,1328445,0.0024785034103393,0.2478503410339394,3126.4761962890625,3035.674521484375,57.93382768456663,30.3155714702084,33.723657251870186,-3.4080857816617893,3097.48583984375,-0.017392596720863,0,0.0103217353971609,1884017.4,0.7051129145622541,0.008263791639363527,0.03842250604627284,0.008905866787485103,0.0024347543025362776
2023-08-17,3131.666748046875,3154.4997262763704,3111.112505717872,3149.2130144806674,1843241,-0.0065494758196583,-0.6549475819658368,3125.3231201171875,3039.9700830078127,54.15169592914174,27.56931769391076,32.4927893402783,-4.923471646367538,3087.915283203125,-0.0139706643023356,0,0.0102832324752461,1855910.95,0.9931731907718956,0.002029751064411389,0.03016367350179161,0.013854354262169744,-0.005571635311143269
2023-08-18,3069.092529296875,3108.195545534027,3059.430600758053,3108.195545534027,2526749,-0.0199811230837462,-1.9981123083746224,3120.938806152344,3042.245307617188,44.63973031679686,20.111838536482537,30.016599179519147,-9.90476064303661,3082.0361328125,0.0042174041323512,0,0.0111771372457029,1896478.2,1.3323374874543774,-0.016612397767384546,0.008824805025573479,0.015889043523606653,-0.012580616523093866
2023-08-21,3100.5849609375,3107.968154886351,3073.559239908139,3076.293723217665,1375579,0.0102611541815715,1.0261154181571586,3122.4587158203126,3045.844326171875,49.45207761155565,16.552106238757915,27.323700591366904,-10.77159435260899,3076.795166015625,-0.0076726795819462,0,0.0096165299341566,1776746.0,0.7742125210919287,-0.007005298347736888,0.01797223656352287,0.01109755591661264,0.007896267361111218
2023-08-22,3082.81103515625,3109.107740502868,3067.2246127209246,3099.0813009996327,1222012,-0.0057324427503756,-0.5732442750375655,3121.8844604492188,3049.577880859375,46.970402654342976,12.15665117122444,24.29029070733841,-12.133639536113977,3077.341796875,-0.0017741075333126,0,0.0095521404096664,1753840.0,0.6967636728549925,-0.012515974177771616,0.010897624391055016,0.013586018508533323,-0.005250028722426427
2023-08-23,3097.48583984375,3100.9039438382806,3077.205089476201,3088.143022258699,1330046,0.0047602024646171,0.4760202464617169,3121.8434204101563,3052.926318359375,49.23553619158315,9.745020923342508,21.38123675053924,-11.636215827196729,3090.831787109375,-0.0021482108646897,0,0.009610826958093,1756693.3,0.7571304564092093,-0.007802306934153069,0.014595675374281969,0.00765099683660703,0.0030253837072019485
2023-08-24,3087.915283203125,3110.9761369975763,3079.1194508870794,3106.3730455778173,1152881,-0.003089782209015,-0.3089782209015013,3121.818347167969,3056.1410986328124,47.80147933827067,6.98104944813258,18.501199290057905,-11.520149841925324,3059.705078125,-0.0091356797356377,0,0.0096090494808722,1760997.2,0.654675089772999,-0.010860037386736465,0.01039683167263683,0.010316567388938084,-0.005941901408450746
2023-08-25,3082.0361328125,3086.137857710432,3053.734186510207,3076.293673448832,1158046,-0.0019039221777245,-0.1903922177724504,3121.1073974609376,3059.1056396484373,46.89782476218194,4.266996558068513,15.654358743660028,-11.387362185591517,3080.1220703125,-0.0006210383063398,0,0.0095994988649815,1733811.05,0.6679193791041994,-0.012518398014827237,0.007495816053837867,0.01051372203435363,0.0018666811342592032
2023-08-28,3076.795166015625,3093.6121942799687,3062.712621128665,3093.6121942799687,1037485,-0.0017004884339536,-0.170048843395365,3122.025744628906,3062.160830078125,46.061867303857255,1.67389228082493,12.85826545109301,-11.18437317026808,3115.94384765625,0.0127238504769628,0,0.00918489650048,1655693.75,0.6266164862916225,-0.014487573874461201,0.004779087954412509,0.010042778762980794,-0.005436049255119318
2023-08-29,3077.341796875,3089.555955621917,3067.1787231057706,3081.8082530524075,944517,0.000177662414909,0.0177662414909018,3119.9611938476564,3065.97970703125,46.1696443179216,-0.3332119394108304,10.219969972992242,-10.553181912403073,3125.833251953125,0.0157575785463179,0,0.0079790550095705,1565735.7,0.6032416582185615,-0.01366023303645536,0.0037058594411740753,0.007271611017947384,-0.0014492972341753133
2023-08-30,3090.831787109375,3106.4640490627457,3083.631070604938,3097.25786691958,1188200,0.0043836502815755,0.4383650281575502,3117.1765625,3069.4229150390624,48.88413364872916,-0.8258076267179604,8.010814453050202,-8.836622079768162,3126.334716796875,0.0114865292364239,0,0.0077528661507697,1527337.35,0.7779551780096257,-0.008451486421255594,0.006974885072179804,0.00738732484667556,-0.002074764222520534
2023-08-31,3059.705078125,3114.9415166492786,3047.718790770656,3099.9930944161924,3417652,-0.0100706577155676,-1.00706577155677,3113.3551391601563,3071.9290283203127,43.44079997331848,-3.685375817785825,5.671576398882997,-9.356952216668825,3149.44140625,0.0293284240911189,1,0.0080084157494494,1602475.0,2.132733427978596,-0.017232232956767235,-0.003979242385686366,0.021970328565070987,-0.012996163237834467
2023-09-01,3080.1220703125,3089.054760630272,3059.704683185733,3068.090387808054,1277950,0.0066728627976169,0.6672862797616919,3112.409460449219,3074.2889111328127,47.56519216439128,-4.255073732380424,3.686246372630313,-7.941320105010737,3137.272705078125,0.0185546655168205,0,0.0077816632665465,1565054.95,0.8165527989927766,-0.010373760440908986,0.0018974011058505713,0.009528868263835227,0.003921554121174992
2023-09-04,3115.94384765625,3129.023882322115,3071.78198506352,3079.0283215980144,1828332,0.0116299862557445,1.1629986255744518,3111.2677978515626,3077.7234130859374,53.91494548941085,-1.7953497037738089,2.5899271573494884,-4.385276861123297,3172.5927734375,0.0181803423138899,0,0.0076797910785349,1544046.9,1.1841168814237444,0.0015029403151720633,0.012418411091720039,0.018370644676941432,0.011989342806394352
2023-09-05,3125.833251953125,3141.9210382883625,3103.7749105597304,3117.310690729968,1501842,0.003173806968413,0.3173806968413073,3108.7748413085938,3081.758447265625,55.516507419355065,0.9411426808255784,2.2601702620447064,-1.319027581219128,3263.879638671875,0.0441630680819247,1,0.0071924028283797,1526444.55,0.9838824476133116,0.005487181129319341,0.014301836254105638,0.012203506922449281,0.002733946683114006
2023-09-06,3126.334716796875,3139.095639063221,3097.349371389577,3130.071933045149,1314818,0.000160425973918,0.0160425973918076,3106.9199462890624,3086.288994140625,55.60076600240028,3.1143958166280754,2.4310153729613804,0.683380443666695,3252.075439453125,0.0402198529737338,1,0.0071574714235279,1510474.2,0.8704670361135596,0.006248880191136452,0.01297536385357212,0.013353102420337042,-0.001193971361750154
2023-09-07,3149.44140625,3153.771005173287,3119.4077066466084,3127.155409983017,1885092,0.0073909838665,0.7390983866500056,3106.58955078125,3091.1416650390624,59.415444864207295,6.624864003997573,3.269785099168619,3.3550789048289538,3244.966064453125,0.0303306668965355,1,0.0073584984926217,1514999.35,1.2442856823667945,0.01379385810976319,0.018860261847688742,0.010910918507163001,0.007126603364782622
2023-09-08,3137.272705078125,3158.328316199252,3131.029101522507,3149.441245179643,1518917,-0.0038637649037466,-0.3863764903746625,3106.580432128906,3095.42185546875,56.65480086969061,8.329011191171503,4.281630317569196,4.047380873602307,3279.830810546875,0.0454401382570279,1,0.0072878221291634,1536110.15,0.9888073456190626,0.009879761242230556,0.013520241040954062,0.008701575299003315,-0.003863713958830761
2023-09-11,3172.5927734375,3177.1958644886363,3140.0980883290167,3155.5934925384777,1783604,0.0112582079021068,1.1258207902106854,3108.031945800781,3098.830190429688,62.15171828002415,12.386807048068022,5.902665663668961,6.48414138439906,3286.98583984375,0.0360566497421304,1,0.0077028351194055,1541291.65,1.1572138212777576,0.020772253555484177,0.023803364003493144,0.011693204520359598,0.005387031295132842
2023-09-12,3263.879638671875,3272.174105327243,3174.7354296463814,3182.938880368982,4476016,0.0287735841796883,2.877358417968834,3113.9999755859376,3104.608828125,72.02597828611422,22.706974737574456,9.26352747845006,13.443447259124396,3286.894775390625,0.007051466128241,0,0.0099653477733945,1705571.2,2.6243501297395264,0.048130913378615414,0.051301410053344876,0.029853636306426748,0.02542956724745836
2023-09-13,3252.075439453125,3271.2168221792035,3231.2477030451937,3255.0377963035894,1754929,-0.0036166159679691,-0.3616615967969139,3118.9881103515627,3109.48681640625,69.50097353788489,29.592161739109542,13.329254330581955,16.262907408527585,3267.981201171875,0.0048909571794635,0,0.0100400137243803,1726895.4,1.016233525203669,0.0426700341241637,0.04585599858296563,0.012290341930300085,-0.0009100837028155083
2023-09-14,3244.966064453125,3279.283743631725,3231.79501333232,3254.081009523971,2604721,-0.0021861039611047,-0.2186103961104746,3124.653076171875,3114.0207861328126,67.95579347193775,34.082176777473705,17.479838819960307,16.6023379575134,3284.706787109375,0.0122468839016802,0,0.0098998823288827,1764969.4,1.4757881921352292,0.03850443084345545,0.04205022615887177,0.014634584570735123,-0.0028010811790389945
2023-09-15,3279.830810546875,3288.079880546778,3247.153642645778,3252.075846625595,2952897,0.0107442559956711,1.0744255995671192,3135.189990234375,3119.1984228515626,71.32294406030717,39.992827259141,21.982436507796443,18.010390751344552,3260.55224609375,-0.0058779143092172,0,0.0086419926549971,1786276.8,1.6531015797775577,0.046134626852928795,0.05149797028573211,0.012478155205260773,0.008534537701535706
2023-09-18,3286.98583984375,3298.9721261758623,3258.820748484001,3263.1959666407256,1395753,0.0021815238986921,0.2181523898692194,3144.5100341796874,3124.403686523437,71.97380286312872,44.73869162875508,26.53368753198817,18.205004096766903,3268.345703125,-0.0056708904835549,0,0.0084899759681659,1787285.5,0.780934551306996,0.045309381784571334,0.05203621863000052,0.01221525727466171,0.007290359955768982
2023-09-20,3286.894775390625,3304.167551602088,3263.150299237373,3263.150299237373,1649396,-2.77045468286552e-05,-0.0027704546828655,3154.714221191406,3130.6489990234377,71.95142009785236,47.93985439354492,30.814920904299527,17.124933489245393,3271.627197265625,-0.004644985364092,0,0.0082757956068513,1808654.7,0.911946321207691,0.041899375008776385,0.04990842998238576,0.012479028130689272,0.0072765499519900365
2023-09-21,3267.981201171875,3285.937597907689,3215.752523000923,3270.943558229628,2004073,-0.0057542378175164,-0.5754237817516494,3163.2389892578126,3136.507861328125,67.27209065160127,48.39278962037724,34.33049464751507,14.062294972862176,3223.727783203125,-0.013541515463088,0,0.0085050922191785,1842356.05,1.0877772513081825,0.033112329567813736,0.0419171083435701,0.02147658465158806,-0.0009056582619102573
2023-09-22,3284.706787109375,3312.1428582437647,3249.52323591542,3266.796010717758,1989083,0.0051180177938301,0.5118017793830143,3173.078564453125,3142.928515625,69.1808754475941,49.53040339572635,37.370476397157326,12.159926998569029,3216.299560546875,-0.0208259765623403,-1,0.0084076351280906,1884166.15,1.0556834385332738,0.03517978530591126,0.04511024376772421,0.019063991517931325,0.005482673645019539
2023-09-25,3260.55224609375,3299.6098718496296,3243.689598958607,3283.658719154224,1238778,-0.0073536368939894,-0.735363689398949,3182.004370117188,3147.3996533203126,63.42755206273418,47.930389225356976,39.48245896279726,8.447930262559716,3202.855224609375,-0.0176954752231,0,0.0086636799199518,1888202.75,0.6560619615663625,0.02468503082969331,0.03595113593345811,0.0171505526274014,-0.007036807121790509
2023-09-26,3268.345703125,3276.7770270409974,3223.0444721045315,3251.847786603666,1726062,0.002390226085347,0.2390226085347002,3191.581896972656,3148.8610595703126,64.4546953040514,46.75230188382466,40.93642754700274,5.815874336821921,3224.63916015625,-0.0133726805358932,0,0.0085985245354226,1922631.6,0.897760132518367,0.02405196188923031,0.037945352714607194,0.01644029114946134,0.005073397527799093
2023-09-27,3271.627197265625,3294.141066523065,3241.000893577568,3272.26519889812,1541134,0.0010040229641214,0.1004022964121498,3201.2961669921874,3150.805390625,64.90167677745808,45.558280828214265,41.86079820324505,3.6974826249692185,3271.672607421875,1.387999106006177e-05,0,0.0085859258641943,1952462.45,0.7893283683893639,0.0219695481469675,0.03834632472069566,0.016242734804842885,-0.00019497247127463796
2023-09-28,3223.727783203125,3283.932032157433,3215.159824951922,3281.37980335937,1755753,-0.0146408533657299,-1.4640853365729956,3207.940966796875,3151.6980908203127,54.189748257837145,40.28257567905303,41.54515369840664,-1.262578019353619,3300.88623046875,0.023934541764863,1,0.009446956273271,1980840.1,0.8863678597782829,0.004921167992069764,0.022854248823073187,0.021333131030430268,-0.017569444444444547
2023-09-29,3216.299560546875,3252.6224826131343,3195.289567953573,3224.138279675587,2243791,-0.0023042338422474,-0.2304233842247427,3215.7706909179688,3152.9295166015627,52.73610058212525,35.09756299212813,40.25563555715095,-5.158072565022813,3316.3359375,0.031102941461123,1,0.0090703295978282,1922147.05,1.1673357665325346,0.00016446123798563583,0.020098782294891482,0.01782573842400819,-0.002431260215520512
2023-10-03,3202.855224609375,3221.404005246326,3172.092283440465,3221.404005246326,1948148,-0.0041800633567894,-0.4180063356789443,3221.9073486328125,3153.851044921875,50.11577302289858,29.56277624818813,38.11706369535838,-8.554287447170253,3307.721923828125,0.0327416295351095,1,0.009134326958097,1955656.95,0.9961603951040596,-0.005913305989857842,0.015537886536018508,0.015396175708152755,-0.0057579802492151895
2023-10-04,3224.63916015625,3233.981977311674,3169.539370804724,3177.7428200143645,1788138,0.0068014112469076,0.6801411246907696,3227.3421142578127,3156.9400927734373,54.09576330588875,26.627256976782064,35.819102351643124,-9.19184537486106,3290.40380859375,0.0203944209479591,1,0.0089277346496803,1953647.25,0.9152819169376664,-0.000837517066945459,0.021444520768000297,0.019984439593491624,0.0147577519006631
2023-10-05,3271.672607421875,3303.2558002739493,3236.8989615455466,3239.4511904452584,2990768,0.0145856466195573,1.4585646619557302,3234.63408203125,3160.4876220703127,61.27900423996055,27.77586009898596,34.21045390111169,-6.4345938021257325,3229.0146484375,-0.0130385781534509,0,0.0093766803059854,2028093.55,1.4746696472655316,0.01145060753436633,0.03517969334071602,0.0202822368527555,0.0099465665887029
2023-10-06,3300.88623046875,3313.237025963605,3258.638592157678,3273.176885530309,2075691,0.0089292623536361,0.8929262353636114,3243.361657714844,3164.539213867188,64.94797361366096,30.689660279962027,33.506295176881764,-2.816634896919737,3254.809814453125,-0.0139588016061619,0,0.0094746848130619,2066137.2,1.0046239910882977,0.017736095700914056,0.04308589888982306,0.0165405379022026,0.008465581270885605
2023-10-09,3316.3359375,3353.388098061812,3309.636364246382,3322.4429058385053,4233074,0.0046804724405955,0.4680472440595551,3251.706384277344,3169.09759765625,66.74272282036193,33.855267703106165,33.57608968212664,0.279178020979522,3212.15234375,-0.0314152714662973,-1,0.0094242458476821,2183536.3,1.938632300273644,0.019875580875060805,0.04646065174914216,0.013192793082479996,-0.0018380957962508874
2023-10-10,3307.721923828125,3325.1315558006227,3282.610431250672,3317.885219860744,1848148,-0.0025974490625243,-0.2597449062524348,3260.228845214844,3173.32693359375,64.75198655258035,35.262471656780235,33.91336607705736,1.349105579722874,3196.656494140625,-0.033577619958742,-1,0.0093825047749373,2199997.85,0.8400680937029097,0.014567406420867623,0.042351447880025095,0.012855108600163067,-0.003063184938340262
2023-10-11,3290.40380859375,3326.954825968897,3285.937574689828,3326.954825968897,2426417,-0.0052356623782727,-0.5235662378272776,3266.1193969726564,3177.9664453125,60.82404634062683,34.58162827806518,34.04701851725893,0.534609760806255,3178.609375,-0.0339759008610948,-1,0.009314407420217,2232138.5,1.087036937896103,0.0074352491962181855,0.03538028648700653,0.012465719609228928,-0.010986328125000064
2023-10-12,3229.0146484375,3271.0344082831,3224.958542716829,3258.592598284596,4241281,-0.0186570292667167,-1.8657029266716751,3264.3761474609373,3180.17408203125,49.3872932178116,28.756970367426675,32.98900888729248,-4.232038519865803,3157.9560546875,-0.0220062779165107,-1,0.0080559243263957,2220401.75,1.9101412615982671,-0.010832544236956787,0.015357827951058223,0.01426932689468195,-0.009076909418706298
2023-10-13,3254.809814453125,3260.4154159090654,3213.017707877958,3217.575179804026,2890357,0.0079885565177313,0.7988556517731338,3264.5128662109373,3182.3397900390623,53.35604657283634,25.923511226521896,31.575909355138364,-5.652398128616468,3193.5048828125,-0.0188351808970212,0,0.0082360137464303,2277173.15,1.2692741436899515,-0.0029722816712541844,0.022772560190114977,0.014562358703920525,0.0115722656249999
2023-10-16,3212.15234375,3258.273833459736,3207.6404903319494,3250.389494786418,1671104,-0.0131059794995401,-1.3105979499540177,3262.872180175781,3183.860166015625,46.817988767744666,20.005264820987577,29.26178044830821,-9.256515627320631,3116.3759765625,-0.0298168819339641,-1,0.0087402732220224,2230492.3,0.7492085939951464,-0.01554453672256595,0.008886124471283008,0.015763057822056857,-0.011763867406583023
2023-10-17,3196.656494140625,3221.3578589700005,3193.2840093522973,3217.5752462064243,1672065,-0.0048241328402514,-0.4824132840251405,3258.7134643554687,3185.8125830078125,44.67634269280913,13.90434570455318,26.190293499557203,-12.285947795004024,3098.052734375,-0.0308459041333851,-1,0.0083744073158945,2166450.7,0.771799238265611,-0.019043395773711502,0.0034038132659313103,0.008782254104925486,-0.006501402598264894
2023-10-18,3178.609375,3210.921812346968,3175.6470177073625,3200.257370600043,1408245,-0.0056456235362494,-0.5645623536249422,3253.294641113281,3186.609228515625,42.252182732072754,7.526313010037484,22.457497401653264,-14.93118439161578,3049.298583984375,-0.0406815609469549,-1,0.0083884781745409,2167075.3,0.6498366715729722,-0.022956809742791573,-0.00251045953298501,0.011097555716359678,-0.0067644545713472
2023-10-19,3157.9560546875,3177.329916924604,3154.529105910934,3170.613008079076,1514545,-0.0064975962365617,-0.6497596236561765,3246.847705078125,3186.254501953125,39.60376313281692,0.7959505833077856,18.125188037984167,-17.32923745467638,3062.275634765625,-0.0302982113319316,-1,0.008447515264672,2160332.75,0.7010702402210955,-0.027377831812559816,-0.00888141460397418,0.007220116625697015,-0.003991957819930877
2023-10-20,3193.5048828125,3198.0284103099434,3147.355308667436,3153.158141056141,1481211,0.0112569103272457,1.125691032724574,3243.123889160156,3186.855947265625,45.89057746261764,-1.6503921009771148,14.17007201019191,-15.820464111169024,3087.498046875,-0.0331945119320251,-1,0.0088906796213936,2134189.65,0.6940390700517173,-0.015299756667792708,0.0020863621252098508,0.01586755101432001,0.012795660715844972
2023-10-23,3116.3759765625,3179.249112786493,3108.288510708511,3173.8117316083208,1106272,-0.0241518047037,-2.415180470370004,3234.7073486328127,3186.06248046875,36.9127089506697,-9.700967727114858,9.395864062730558,-19.096831789845417,3078.5419921875,-0.0121403786512089,0,0.0101330182954195,2090049.1,0.5293043115589964,-0.036581786021640195,-0.02187229670900781,0.022770231387887502,-0.018096774447523813
2023-10-25,3098.052734375,3129.946110609001,3086.263898370604,3098.418186283159,1518537,-0.0058796635339588,-0.5879663533958857,3226.582373046875,3185.27443359375,35.15322725873189,-17.35952957192785,4.044785335798877,-21.40431490772673,3043.72412109375,-0.0175363746002246,0,0.0101017674848192,2104037.05,0.7217254087802304,-0.039834606345569346,-0.02738278946983641,0.01409989305660086,-0.00011794789669665883
2023-10-26,3049.298583984375,3083.065403130757,3043.1300770713924,3077.9022236248165,1984471,-0.0157370305061835,-1.573703050618358,3215.630017089844,3183.3891552734376,30.928816929441155,-27.05121789094028,-2.1744153095489542,-24.876802581391324,3070.637451171875,0.0069979592354703,0,0.0104468370955992,2116957.5,0.937416551820242,-0.051725923760345904,-0.042121953914096566,0.013096561376152015,-0.009293225568015382
2023-10-27,3062.275634765625,3072.373754935252,3049.5274301662507,3061.407519046132,1108851,0.0042557494531392,0.4255749453139223,3205.162438964844,3181.744287109375,33.228874393113614,-33.30093867239248,-8.39971998211766,-24.901218690274817,3062.2294921875,-1.5068068204282524e-05,0,0.0105440096617412,2095343.35,0.529197756539519,-0.04458020675088359,-0.03754816275706663,0.007460570991595154,0.00028356751399216543
2023-10-30,3087.498046875,3091.4276593319496,3046.557388528169,3061.4074995333685,910972,0.0082364930912908,0.823649309129082,3198.350952148437,3180.4479931640626,37.579618184126325,-35.80590141070343,-13.880956267834812,-21.924945142868616,3089.051025390625,0.0005029893111014,0,0.0104837529717081,2053104.3,0.4437046866055465,-0.03465939383511796,-0.029225425628353507,0.014532890425370688,0.008522402635261161
2023-10-31,3078.5419921875,3106.1860427295915,3061.4529873832034,3106.1860427295915,999811,-0.0029007482924774,-0.2900748292477439,3191.4630737304688,3179.385498046875,36.6660237813093,-38.0748777031331,-18.71974055489447,-19.355137148238622,3080.095703125,0.0005046905130554,0,0.0104852007697383,1990905.3,0.5021891297391192,-0.03538223032327814,-0.03171792345449276,0.014530597750463798,-0.008899676375404411
2023-11-01,3043.72412109375,3081.14657643751,3025.767000563393,3065.9765288100825,1563475,-0.0113098574526864,-1.1309857452686425,3183.506518554688,3178.8781298828126,33.27883543380243,-42.19615793170988,-23.415024030257555,-18.78113390145232,3090.2392578125,0.0152823103764196,0,0.0106778639212343,1971671.65,0.7929692553017131,-0.04390831199692313,-0.04251625990897767,0.018194676544540517,-0.00725785325074513
2023-11-02,3070.637451171875,3085.1218868690776,3055.193202126613,3055.193202126613,1245384,0.0088422370120895,0.8842237012089527,3175.806433105469,3178.2791796875,38.04329608255775,-42.797280977135415,-27.29147541963313,-15.505805557502285,3059.076904296875,-0.003764868714992,0,0.0107805903870068,1944533.95,0.6404537190003805,-0.03311567759208611,-0.03386792740032629,0.00974673344488867,0.005055080979661725
2023-11-03,3062.2294921875,3096.0420483703,3056.198197111951,3090.6504056818926,1402598,-0.0027381803023233,-0.2738180302323312,3165.33427734375,3177.867548828125,37.15076024762279,-43.45124839920345,-30.523430015547195,-12.927818383656255,3046.283203125,-0.0052074114964874,0,0.0100136777290809,1865125.45,0.7520126863316352,-0.0325731111226496,-0.036388570279861976,0.013011386429397531,-0.009195771039695471
2023-11-06,3089.051025390625,3100.0629966023776,3069.631652773348,3084.253298038121,1099852,0.0087588253171597,0.8758825317159769,3154.742517089844,3177.6988525390625,41.83847331802082,-41.32883562935922,-32.6845111383096,-8.644324491049616,3044.547119140625,-0.014406983207528,0,0.0100028299702915,1816333.5,0.6055341708997825,-0.020823091375399283,-0.027896862245963217,0.009851356801456991,0.0015555555555556056
2023-11-07,3080.095703125,3110.8925036423684,3076.0291020236123,3086.99533768145,1191144,-0.0028990528780574,-0.2899052878057473,3142.9305053710937,3177.5424609375,40.7457122626146,-39.90937742198821,-34.129484395045324,-5.779893026942887,3111.02978515625,0.0100432210596135,0,0.0098280898091618,1664237.0,0.7157297908891582,-0.01999242494821707,-0.030667334586537476,0.011318934532905738,-0.0022350647803803356
2023-11-08,3090.2392578125,3108.8817673622384,3079.273023228274,3081.009254460664,992899,0.0032932595819046,0.3293259581904628,3132.0563720703126,3177.7065234375,42.57525310562527,-37.53328611724464,-34.810244739485185,-2.7230413777594578,3196.520263671875,0.034392484527107,1,0.0099485729337439,1621474.55,0.6123432526276776,-0.013351328740667356,-0.027525281198838236,0.009581375959518374,0.0029957726801608077
2023-11-09,3059.076904296875,3099.332169937544,3054.142187785448,3098.0528650963947,2112352,-0.0100841232395979,-1.0084123239597953,3120.490026855469,3177.352158203125,38.62920103860582,-37.7298321148628,-35.39416221456071,-2.335669900302093,3200.723876953125,0.0463038286017878,1,0.0100555021904776,1605771.3,1.3154749994597612,-0.019680602094562683,-0.037224471200302034,0.014772424350829746,-0.012580792677437738
2023-11-10,3046.283203125,3059.077144977572,3036.139568807074,3050.441278848814,1338557,-0.0041822097227777,-0.4182209722777719,3111.353454589844,3176.730986328125,37.1085478788989,-38.47443169804819,-36.0102161112582,-2.46421558678999,3216.396728515625,0.0558429778347973,1,0.0094144539856711,1460635.1,0.9164212197830928,-0.020913808866316108,-0.04106352843994032,0.007529692625744036,-0.001363106299618099
2023-11-13,3044.547119140625,3066.890781193562,3040.389043215429,3066.890781193562,1030990,-0.0005699023592402,-0.0569902359240259,3100.8403198242186,3175.80529296875,36.89629362825129,-38.75784340786686,-36.55974157057994,-2.19810183728692,3207.806396484375,0.0536235016096031,1,0.0090837965643749,1367666.75,0.7538312969881004,-0.018154175925700233,-0.041330674181673355,0.008704656863912658,-0.007285444330117709
2023-11-15,3111.02978515625,3118.9802615645867,3066.936378294108,3091.6561463483945,2059802,0.0218366356026018,2.183663560260185,3095.7841918945314,3176.831787109375,48.94057147121581,-33.23474425724362,-35.89474210791268,2.6599978506690576,3226.037841796875,0.0369678417061021,1,0.01036701479439,1387101.65,1.4849683150474229,0.004924630502873839,-0.02071308975820807,0.016728828350920037,0.006266427406792322
2023-11-16,3196.520263671875,3225.306628294285,3120.076339309424,3134.5609961485866,3951984,0.0274798007153542,2.7479800715354274,3095.777380371094,3179.1597509765625,59.614909708444216,-21.709033026793804,-33.05760029168891,11.348567264895102,3206.024169921875,0.0029732038172918,0,0.0121864089011972,1501097.6,2.632729544034978,0.032542030941741906,0.005460723604713502,0.03292026338165052,0.019766489661364812
2023-11-17,3200.723876953125,3220.874376961997,3191.6768229615204,3196.520287698974,2021292,0.0013150591688793,0.1315059168879306,3096.88310546875,3180.8553515625,60.05708498651298,-12.096190028628826,-28.86531823907689,16.769128210448066,3159.281005859375,-0.0129479682368605,0,0.0121138175065617,1531749.95,1.31959658298014,0.033530736533453176,0.006246283843389877,0.009122172084481885,0.0013150516423523716
2023-11-20,3216.396728515625,3229.464646386725,3190.4889097792343,3190.4889097792343,1475621,0.004896658432598,0.4896658432598011,3099.805139160156,3182.66662109375,61.73913213284495,-3.1766560446972107,-23.72758580020096,20.550929755503745,3171.206298828125,-0.0140500173025469,0,0.0120392526471316,1529803.75,0.9645818948999176,0.03761255437722699,0.010598064905171567,0.012117826218993167,0.008120328723594717
2023-11-21,3207.806396484375,3234.171141823176,3199.398994448308,3216.396747586853,1807236,-0.0026707936726494,-0.2670793672649441,3100.52021484375,3184.2960546875,60.2417165108944,3.1625153880231665,-18.349565562556133,21.5120809505793,3211.05078125,0.0010114029229384,0,0.0118145954796977,1546105.0,1.1688960322875872,0.03460263897877258,0.00738321481203541,0.010839852246998833,-0.0026707995861900698
2023-11-22,3226.037841796875,3228.3224741290987,3181.21353392554,3198.485265113703,1798051,0.0056834618611898,0.5683461861189842,3106.003308105469,3185.827983398437,62.32992636351543,9.547422941288003,-12.770167861787304,22.317590803075312,3187.153564453125,-0.012053261384588,0,0.0103601334073738,1580693.95,1.1375073587141902,0.03864597741353415,0.012621478186510382,0.014602723995735699,0.008614257812500045
2023-11-23,3206.024169921875,3238.694408381137,3198.484884123584,3225.900468844643,2729804,-0.0062037932772209,-0.6203793277220981,3111.4018798828124,3187.2030126953123,58.68598585006236,12.84450861901678,-7.64723256562649,20.491741184643267,3209.1318359375,0.0009693208319452,0,0.010372993882309,1641257.3,1.6632395176551538,0.03041146521471738,0.005905226981649525,0.012541865602508135,-0.006161473087818702
2023-11-24,3159.281005859375,3202.643282111628,3155.5341196594813,3193.230552452981,1989733,-0.0145797915377658,-1.4579791537765896,3116.9010009765625,3186.93677734375,51.16275177694093,11.552519824570028,-3.807282087587187,15.359801912157211,3209.863037109375,0.0160106148064029,0,0.0102729715120371,1641520.4,1.2121280978293052,0.013596840217104944,-0.008677853819059833,0.014911355578935722,-0.01063172421657017
2023-11-28,3171.206298828125,3181.3501544527285,3137.256755543617,3159.2806979209345,1689195,0.0037746857423042,0.3774685742304218,3122.3475341796875,3185.083310546875,52.82434141603292,11.35993066603396,-0.7738395368629574,12.13377020289692,3227.363037109375,0.0177083207428043,0,0.0102675373800577,1670537.6,1.0111685004875075,0.015648086612265466,-0.004356875587146702,0.013904298476389073,0.0037747835812875223
2023-11-29,3211.05078125,3214.934656261117,3176.37010665481,3181.122097340804,1441634,0.0125644561303372,1.2564456130337298,3128.5251708984374,3184.2628173828125,57.969734300714265,14.258061055068085,2.23254058152325,12.025520473544832,3293.617919921875,0.0257134328594246,1,0.0104542660561023,1697070.7,0.849483760458536,0.026378438990747544,0.008412610831289635,0.012009946971718288,0.009408216029876475
2023-11-30,3187.153564453125,3213.7008135539186,3181.1220458782195,3197.982587796699,3266235,-0.0074421796554622,-0.7442179655462233,3133.9557495117188,3183.1065673828125,54.15468281302154,14.459860321312137,4.678004529481028,9.781855791831108,3303.487060546875,0.0365007501964254,1,0.0106147547310641,1810391.9,1.804159088427208,0.016974654141078682,0.0012713985487580182,0.01022190083309938,-0.0033862045981416563
2023-12-01,3209.1318359375,3213.975301516175,3189.392744770605,3198.4855376057844,1172141,0.0068958934798444,0.6895893479844428,3142.2261352539062,3181.692587890625,56.960122969192014,16.20643285263486,6.983690194111794,9.222742658523067,3314.27001953125,0.0327621889560156,1,0.0102051125496639,1790825.2,0.6545256343276832,0.021292452485501157,0.008624104085764861,0.007660189111049256,0.003328543526785749
2023-12-04,3209.863037109375,3242.1678310288294,3196.657905420833,3239.289060113302,1625213,0.0002278501505257,0.0227850150525732,3149.1874145507813,3180.1501318359374,57.05428025724956,17.448470879744946,9.076646331238424,8.37182454850652,3329.074951171875,0.037139252573797,1,0.010113542664469,1809816.65,0.8979987005866037,0.01926707260363192,0.009343239797387826,0.014178151865626114,-0.009084099151959577
2023-12-05,3227.363037109375,3233.211606509697,3201.044028590681,3233.211606509697,1377656,0.0054519460169115,0.5451946016911569,3157.444091796875,3178.9594970703124,59.3465522895376,19.61874601916452,11.185066268823643,8.433679750340874,3355.759521484375,0.0397837128636138,1,0.0100658770623167,1808569.55,0.7617379160231907,0.022144159414936748,0.01522622105870508,0.00996713959636446,-0.0018089039976680252
2023-12-06,3293.617919921875,3301.614134238469,3221.469041972652,3228.277425791993,1896572,0.0205291075254558,2.052910752545589,3167.6724365234377,3179.4722314453124,66.61253335830614,26.380818378178446,14.224216690694606,12.15660168748384,3283.9765625,-0.0029272847234519,0,0.010760282810181,1848405.55,1.0260583777191103,0.03975962979829584,0.03590082886953683,0.024333451606832982,0.020240049262139174
2023-12-07,3303.487060546875,3317.788993602691,3282.285715953096,3294.440005254403,1967653,0.0029964436874432,0.2996443687443229,3178.842004394531,3179.8478369140626,67.54310534678363,32.16538408392262,17.81245016934021,14.352933914582408,3351.327392578125,0.0144817676456496,0,0.0106628197219945,1887231.0,1.0426137552848591,0.039210837147624966,0.0388821195144986,0.010747212566262524,0.0027461587638696406
2023-12-08,3314.27001953125,3330.993570970187,3291.743636477184,3320.0273369916845,1641155,0.0032641141880513,0.3264114188051392,3190.0435424804687,3180.9221923828127,68.57373486748331,37.19107321300044,21.688174778072256,15.50289843492818,3528.38623046875,0.0646043350951179,1,0.0106628601768508,1919643.8,0.854926835905703,0.03894193774991139,0.04192112195254527,0.011842708729735496,-0.0017341174864093894
2023-12-11,3329.074951171875,3338.304955567598,3303.578542123424,3310.797891464415,1102503,0.0044670263899375,0.4467026389937567,3203.5434448242186,3182.13677734375,69.98307230206656,41.88576923460141,25.727693669378088,16.158075565223324,3526.741455078125,0.0593758046320551,1,0.0101678886397484,1869151.35,0.589841480734024,0.03918520491753297,0.046175945318975176,0.010431250108066736,0.005520439575783286
2023-12-12,3355.759521484375,3379.7936756866497,3318.2000758331174,3325.4651621953826,2236866,0.0080156111544158,0.8015611154415847,3219.017260742188,3183.819423828125,72.38676017970575,47.2153028464304,30.025215504788555,17.19008734164185,3487.44580078125,0.0392418701202479,1,0.0099975672338161,1914066.8,1.1686457337852576,0.04247950528561617,0.05400434973460744,0.018354592889983756,0.009109811052416155
2023-12-13,3283.9765625,3335.563520823612,3256.058308135486,3329.6692134701866,3850968,-0.0213909723044226,-2.139097230442266,3230.988732910156,3185.0243994140624,58.756259716760425,45.1265213088368,33.0454766655982,12.0810446432386,3454.41015625,0.0518985414500807,1,0.0115588977495565,2055065.7,1.873890455181068,0.01639988064647868,0.03106794506947619,0.024210042664738415,-0.013722879974183878
2023-12-14,3351.327392578125,3361.151312264597,3315.093210605896,3317.286368548256,3290396,0.0205089253215779,2.0508925321578,3243.00361328125,3187.7249560546875,65.34911156091482,48.34846499577043,36.10607433163265,12.24239066413778,3461.21826171875,0.0327902518220064,1,0.0114535252792269,2116595.4,1.5545701365504243,0.03340229990902577,0.05132263252910052,0.013743241487149773,0.010261707988980823
2023-12-15,3528.38623046875,3560.3253463637,3350.824558139156,3350.824558139156,8531230,0.0528324502949908,5.283245029499084,3259.5969116210936,3194.235576171875,76.14492548660492,64.44615193269738,41.7740898518456,22.67206208085178,3494.57373046875,-0.0095829928447226,0,0.0150513871083573,2345557.7,3.637186158328145,0.08246090732549494,0.10461052302765261,0.05937580937580965,0.05299044138204622
2023-12-18,3526.741455078125,3590.528439137833,3500.19398079059,3525.7363506427123,2521612,-0.000466155143794,-0.0466155143794,3275.897790527344,3200.2776220703126,75.90833126487756,76.19266358223194,48.65780459792286,27.53485898430908,3468.57470703125,-0.0164930570578462,0,0.0150799354756004,2370573.7,1.063713817461149,0.07657249419567536,0.10201109764865257,0.025614142544294324,0.0002850764593414599
2023-12-19,3487.44580078125,3522.9948166196496,3463.502896618964,3513.764812005255,2004435,-0.0111421987682974,-1.114219876829747,3289.450244140625,3204.5930859375,70.28913771065464,81.39278246821641,55.20480017198157,26.18798229623484,3482.876220703125,-0.0013102942208023,0,0.0155044097033683,2397014.4,0.8362215095578901,0.06019107812720592,0.08826478347125377,0.017058880165925,-0.007490259773244491
2023-12-20,3454.41015625,3562.930202481097,3442.073140467938,3497.5439742144413,2586083,-0.0094727334612194,-0.9472733461219462,3301.7804321289063,3207.663564453125,65.87421653673375,81.90407453915077,60.54465504541541,21.35941949373536,3472.5498046875,0.0052511565265869,0,0.0157351517427923,2435956.75,1.0616292756429275,0.046226491209375054,0.07692408721765132,0.03498630925296875,-0.012332602043732491
2023-12-21,3461.21826171875,3478.764194819794,3420.8717407298955,3432.6603552689257,1517562,0.0019708445612436,0.1970844561243634,3313.539453125,3210.5612109375,66.34338983224147,81.91437646073246,64.81859932847883,17.09577713225363,3466.60986328125,0.0015577178770063,0,0.0157339811522384,2421932.3,0.6265914204125359,0.04456829643433835,0.0780726590501779,0.016726033931518232,0.008319467554076419
2023-12-22,3494.57373046875,3514.632758384625,3437.914846763452,3472.6412593570217,2413058,0.009636915741175,0.9636915741175088,3327.966931152344,3214.2982470703123,68.61970861856554,83.64978571313168,68.5848366054094,15.064949107722285,3482.78466796875,-0.0033735337724348,0,0.0156105885115812,2406095.0,1.002893900698019,0.05006263666770172,0.08719647707050715,0.021953439113983887,0.006315789473684142
2023-12-26,3468.57470703125,3503.712309330165,3463.639767096589,3490.7813789656334,1285231,-0.0074398268409155,-0.7439826840915598,3343.4316162109376,3217.8616650390627,64.9332888922938,81.98216675389267,71.26430263510605,10.717864118786622,3457.288330078125,-0.0032538947280696,0,0.015229922937821,2370869.9,0.542092588041208,0.037429535036261674,0.07791293352231277,0.011553028439129214,-0.006361518961970496
2023-12-27,3482.876220703125,3489.2731911736523,3443.3978189924524,3471.727259647645,1293976,0.0041231672602823,0.412316726028239,3359.015112304688,3222.938896484375,66.01485891685657,80.88221946616113,73.18788600131707,7.694333464844064,3373.716552734375,-0.0313418166628708,-1,0.0152289005930556,2351108.95,0.5503683697856707,0.036874233743311,0.08065226570143569,0.013171691807048663,0.003211358560640935
2023-12-28,3472.5498046875,3507.3676920200533,3465.4219300223085,3494.573750465004,1682889,-0.0029649104249649,-0.2964910424964939,3372.0900634765626,3227.2936962890626,64.46867675625404,78.2749430261947,74.2052974062926,4.069645619902104,3350.91650390625,-0.0350270860383515,-1,0.0152084131711003,2363171.7,0.7121314968353759,0.029791535611408015,0.07599435672075572,0.012079239854565455,-0.006302326792952527
2023-12-29,3466.60986328125,3493.2945492321064,3441.021979411716,3465.33055833123,1574996,-0.001710541746077,-0.1710541746077098,3386.062878417969,3232.382846679688,63.546680714864685,74.86634145220478,74.33750621547503,0.5288352367297477,3415.890869140625,-0.0146307188120148,0,0.0150338571690491,2278609.75,0.6912091901651873,0.023787799505044616,0.07246264681863424,0.015078872985987755,0.0003691725590057905
2024-01-01,3482.78466796875,3501.884103192092,3447.966785319353,3463.5022836894645,825907,0.004665885497767,0.466588549776703,3399.745520019532,3238.10541015625,65.01397254824371,72.632904792928,73.99658593096562,-1.36368113803762,3361.425048828125,-0.0348455706311022,-1,0.0150219859545616,2261298.05,0.3652357989695343,0.0244251069558703,0.07556247460168186,0.015481094300379104,0.005567308088720261
2024-01-02,3457.288330078125,3482.7849604684966,3442.712420593152,3482.7849604684966,1344068,-0.0073206759307044,-0.7320675930704401,3412.1167846679687,3243.6789892578126,60.8557790816247,68.02143994560538,72.80155673389358,-4.780116788288197,3372.025634765625,-0.0246617253674568,-1,0.0152206886159531,2247240.8,0.5980970085626783,0.013238569562780134,0.06585403226636433,0.01159074281618833,-0.007320759300322074
2024-01-03,3373.716552734375,3446.9162616362587,3369.4214885871284,3442.483985684402,1803075,-0.0241726374444047,-2.4172637444404788,3419.434460449219,3247.99419921875,49.64701673520301,56.966601317624736,69.63456565063981,-12.667964333015078,3393.181884765625,0.0057696998923852,0,0.0164464346715765,2268511.75,0.7948272694642203,-0.013370020172528085,0.03870769028647447,0.022970149340590378,-0.019976108308999208
2024-01-04,3350.91650390625,3398.619589854675,3336.4775806828225,3382.855624292697,3598144,-0.0067581400131691,-0.67581400131691,3422.2993896484377,3251.142431640625,47.09829823251448,45.83740361063701,64.87513324263927,-19.037729632002254,3413.743408203125,0.0187491703310529,0,0.0159839988678676,2353590.35,1.5287894089130676,-0.02085816511498151,0.030688926850638065,0.01854477994286393,-0.009441467190348985
2024-01-05,3415.890869140625,3424.8924099852666,3358.2726188503784,3358.409607550091,1963127,0.0193900281187646,1.9390028118764668,3427.919580078125,3257.1327294921875,54.29857812025545,41.77872339040414,60.255851272192245,-18.477127881788107,3548.30810546875,0.0387650663914327,1,0.0165045957912682,2353364.05,0.8341790552974582,-0.0035090411710375635,0.0487416856583518,0.019502903835932103,0.017115619685374117
2024-01-08,3361.425048828125,3417.581262942363,3356.033183042012,3415.8905458931986,1067805,-0.0159448361786226,-1.5944836178622634,3430.277331542969,3262.40017578125,48.35695173864937,33.77788315429143,54.960257648612085,-21.18237449432065,3567.4990234375,0.0613055390544012,1,0.0169674422684563,2324696.55,0.4593309178352762,-0.0200719289025747,0.030353380245009776,0.018310115205992294,-0.015944743056991527
2024-01-09,3372.025634765625,3429.095925305516,3365.491675951761,3390.348429534068,1370944,0.0031535987813251,0.3153598781325151,3432.424865722656,3268.854716796875,49.51485165972251,27.97011622751552,49.56222936439277,-21.59211313687725,3528.6611328125,0.0464514553009209,1,0.0169552081515215,2338118.6,0.5863449356247369,-0.017596665133211675,0.03156179362717171,0.018862326756355186,-0.005404398736374488
2024-01-10,3393.181884765625,3407.986258562806,3370.289822773917,3372.11752875156,1292227,0.0062740477954492,0.6274047795449267,3434.2959838867187,3275.472841796875,51.83585881267561,24.78880178371719,44.60754384825766,-19.81874206454048,3549.953125,0.0462018381443773,1,0.0169205051770413,2290886.65,0.5640728667217123,-0.011971623678912913,0.03593650402675186,0.011109465118311204,0.0062466256986789355
2024-01-11,3413.743408203125,3447.9671563203865,3387.6528620407294,3403.188362082459,1777909,0.0060596584962966,0.6059658496296638,3440.784326171875,3281.9977490234373,54.04705595616807,23.65406097765026,40.41684727413618,-16.76278629648592,3566.40283203125,0.0447190680650715,1,0.0161301118665611,2187233.7,0.8128573549319398,-0.007858940115213486,0.04014191027976444,0.01766808077453146,0.0031015168711399244
2024-01-12,3548.30810546875,3568.824058571868,3492.3803522837784,3516.505979741258,6813450,0.0394185154462018,3.9418515446201896,3450.6333618164062,3291.3930712890624,65.28098296408851,33.22996285189129,38.97947038968721,-5.749507537795921,3628.471923828125,0.0225921244651285,1,0.0177420161883196,2363386.4,2.8829183412411954,0.02830632333564642,0.07805662484398068,0.02154370590599858,0.009043671732880648
2024-01-15,3567.4990234375,3623.4267767315314,3550.3185441619166,3618.85751219593,2801505,0.0054084700083323,0.5408470008332333,3452.589001464844,3301.868569335937,66.53738164401038,41.88466047905331,39.560508407560434,2.3241520714928754,3550.43701171875,-0.0047826254770239,0,0.0133604044207648,2076900.15,1.3488876679988684,0.033282276553595835,0.08044852438054062,0.020492852861153855,-0.01419190686158455
2024-01-16,3528.6611328125,3563.113351165616,3523.4064773189884,3563.113351165616,1432672,-0.0108865875981593,-1.0886587598159303,3452.6849853515623,3311.02904296875,61.673290134554826,45.0899091059855,40.66638854724545,4.423520558740052,3535.299072265625,0.0018811495928015,0,0.0136065420005635,2022453.15,0.7083832819563707,0.022004946232649703,0.06572944151785975,0.011252674131102989,-0.00966913341161199
2024-01-17,3549.953125,3573.1191625440915,3484.109977812694,3490.004284496285,3458696,0.0060340144281663,0.6034014428166312,3455.8103515625,3320.783515625,63.25903017789066,48.78580516647662,42.29027187109168,6.495533295384938,3506.312255859375,-0.0122933648991844,0,0.0133991385206869,2095166.2,1.6507979176067271,0.027241880734263813,0.06901070434031853,0.025073340857535254,0.017177297108208988
2024-01-18,3566.40283203125,3572.068676049219,3529.3003107278364,3562.19901895834,2239110,0.0046337814759878,0.4633781475987808,3461.4099853515627,3330.3305517578124,64.48169995899077,52.43771397799856,44.31976029247306,8.117953685525492,3497.754638671875,-0.0192485808789795,0,0.0131899755190895,2077817.55,1.077625896460447,0.03033239261572862,0.0708855402202746,0.011992017541390242,0.0011801174079654486
2024-01-19,3628.471923828125,3647.336425550741,3602.705775133821,3630.266307108167,2941975,0.0174038365042243,1.740383650422439,3469.772668457031,3341.298076171875,68.71257579108445,59.65269585141414,47.38634740426128,12.266348447152858,3497.340087890625,-0.0361396859863677,-1,0.0136513433307554,2149038.2,1.368972873539428,0.0457376521562336,0.08594679107027314,0.012300122848913572,-0.0004942842007288913
2024-01-23,3550.43701171875,3620.051529496022,3536.17360896319,3588.8561772055014,2618854,-0.0215062741968377,-2.1506274196837705,3472.565832519532,3350.50203125,59.1697673121901,58.40064939193053,49.589207801795126,8.811441590135402,3511.51171875,-0.0109635216285407,0,0.0145359670832349,2159328.0,1.2128097259888262,0.022424680468251523,0.05967314110063637,0.023624675006479558,-0.010705128205128247
2024-01-24,3535.299072265625,3573.8101208438484,3501.98717363284,3570.451409769425,2657709,-0.0042636834291552,-0.4263683429155285,3475.90205078125,3360.026474609375,57.50144021825648,55.54658193149408,50.78068262773492,4.765899303759156,3546.663818359375,0.0032146491319238,0,0.0144572750693747,2227951.9,1.192893347473076,0.017088232239174994,0.052164052569444896,0.020315946612397922,-0.009845348240173956
2024-01-25,3506.312255859375,3552.9673375819,3477.2332310375527,3533.550617096936,2205154,-0.0081992543809521,-0.8199254380952148,3477.0738525390625,3369.2270556640624,54.3418263515274,50.36514108043684,50.6975743182753,-0.3324332378384582,3649.86669921875,0.0409417167907628,1,0.0145815325454204,2273510.8,0.969933373529609,0.008408910641619416,0.04068743303151878,0.021599361670595285,-0.007708496124484372
2024-01-29,3497.754638671875,3515.2388107673146,3479.212303920064,3497.5706396876776,1646747,-0.0024406317986082,-0.2440631798608206,3478.334094238281,3378.291206054688,53.40877631339525,45.04898700746662,49.567856856113565,-4.518869848646943,3656.30810546875,0.0453300711959254,1,0.0145755673547824,2271703.7,0.7248951524796124,0.005583288984736479,0.03536208850293332,0.01029989538114942,5.260765346938583e-05
2024-01-30,3497.340087890625,3540.820457055553,3484.871069366822,3503.6895122527035,1411621,-0.0001185191141387,-0.0118519114138737,3479.87060546875,3386.017412109375,53.360978936950886,40.3374606827615,47.72177762144316,-7.384316938681657,3806.02734375,0.088263436812505,1,0.0145674234177553,2263534.95,0.6236356103094409,0.005020152874196215,0.03287717168350279,0.01599769718777222,-0.0018122109107767675
2024-01-31,3511.51171875,3528.121726426989,3493.5674376687984,3507.140675922528,2459358,0.0040521168954783,0.4052116895478352,3481.3069580078127,3392.317241210937,54.84859041796376,37.3169082099339,45.640803739141305,-8.323895529207405,3757.62451171875,0.0700874189468345,1,0.0145589215763831,2345207.5,1.048673944629633,0.008676270465811431,0.03513659515420642,0.009840288606666215,0.0012463266322564513
2024-02-01,3546.663818359375,3593.3649569612444,3501.481176697016,3515.2384129880293,2363107,0.0100105317666114,1.0010531766611486,3485.775732421875,3399.2360400390626,58.393592058254654,37.32927067772607,43.97849712685826,-6.649226449132186,3804.279541015625,0.0726360703607422,1,0.0145840119154673,2396159.45,0.9862060723880456,0.017467585585374312,0.04337085644650274,0.025907101707410254,0.008939765011452936
2024-02-02,3649.86669921875,3666.522537605696,3563.089954213246,3565.896668660393,2826510,0.0290985800021821,2.909858000218213,3499.5832397460936,3407.905439453125,66.66792071779139,45.14626002243949,44.21204970597451,0.9342103164649842,3803.911376953125,0.0422055626763979,1,0.0145366012731255,2447331.2,1.1549356294726272,0.04294324471720801,0.07099999224287545,0.02833872903210125,0.023548082953817648
2024-02-05,3656.30810546875,3701.122749220152,3646.001692223504,3665.2341894937504,1691523,0.0017648332886728,0.1764833288672829,3514.852819824219,3416.8754736328124,67.10760565304723,51.27003895322787,45.62364755542518,5.646391397802688,3791.94873046875,0.0370977010381379,1,0.0143267707599215,2352000.15,0.7191849031132077,0.04024500964783084,0.07007356097217476,0.015075605065722765,-0.0024353379793811353
2024-02-06,3806.02734375,3818.818303226733,3671.675314691128,3678.116850330936,4474396,0.0409482007430703,4.094820074307037,3534.3596435546874,3428.475263671875,75.27236464075179,67.42701252026154,49.98432054839245,17.44269197186909,3818.450927734375,0.0032641867391667,0,0.0161974812000559,2477563.6,1.805966151585372,0.07686475842681428,0.11012244541434124,0.03866051797479421,0.0347760820615461
2024-02-07,3757.62451171875,3823.512322961572,3748.928481692986,3821.6718838169454,2124267,-0.0127174157355264,-1.2717415735526427,3554.1696166992188,3439.5072705078123,69.28462892114753,75.45601646321893,55.07865973135775,20.377356731861184,3772.991943359375,0.0040896666478247,0,0.0159868224944652,2530386.7,0.8395029107606359,0.05724400266762775,0.09248918993096655,0.019848667964556903,-0.016758992934324663
2024-02-08,3804.279541015625,3826.272697294097,3760.0629489197368,3763.697771027623,2345173,0.0124160966992241,1.2416096699224166,3575.7823120117187,3452.4072412109376,71.62744346499068,84.60841771328433,60.98461132774307,23.623806385541258,3775.8447265625,-0.007474428244969,0,0.0160430425739654,2579098.15,0.9092996325091388,0.06390132537888049,0.10192085557127606,0.017404017675495032,0.01078241996485332
2024-02-09,3803.911376953125,3850.888400846203,3772.8998012950433,3806.533642964029,2100596,-9.67762906302072e-05,-0.0096776290630207,3596.3187866210938,3465.061342773437,71.5810445540613,90.78553474794262,66.94479601178298,23.84073873615964,3798.942138671875,-0.001306349646145,0,0.0161039897084175,2619516.6,0.8019021524811104,0.057723634262988766,0.09779048641848065,0.02050221254461169,-0.0006888855470253796
2024-02-12,3791.94873046875,3827.745179692485,3778.007045373113,3800.5065922172175,1013716,-0.0031448278624085,-0.314482786240855,3615.229052734375,3476.6793017578125,69.99446235621267,93.63627817807536,72.28309244504146,21.35318573303391,3776.396484375,-0.0041013861734959,0,0.016228752897703,2581306.95,0.3927142411327718,0.048882014156395925,0.09068119356063042,0.013116773947843824,-0.0022517686894669665
2024-02-13,3818.450927734375,3837.315428040088,3755.875999891036,3796.319827837805,1257415,0.0069890705675097,0.6989070567509748,3628.736193847656,3489.3052490234377,71.50150574620294,96.9168219216981,77.20983834037278,19.70698358132532,3709.08251953125,-0.0286420881852257,-1,0.0141349852950177,2303505.2,0.5458702676251826,0.05228121410654518,0.09432986088077455,0.02132787082781058,0.0058296194473095335
2024-02-14,3772.991943359375,3786.611011801424,3726.4287482560735,3779.3413678448446,1391283,-0.0119050853959703,-1.190508539597035,3639.01083984375,3500.582451171875,65.43092892474543,94.7562255664552,80.71911578558928,14.037109780865933,3673.05615234375,-0.0264871466771924,-1,0.0145532943228905,2232994.1,0.623057176908797,0.03681800066343799,0.07781833337372368,0.015950806269616816,-0.0016800346588142054
2024-02-15,3775.8447265625,3815.505826442883,3757.2561134518432,3798.665989794075,1091582,0.0007561063596084,0.0756106359608432,3651.37001953125,3511.9020849609374,65.62814913339523,92.21118006710958,83.01752864189335,9.193651425216231,3761.02880859375,-0.0039238684431386,0,0.0142012489600673,2215939.6,0.4926045818216344,0.03408986390462543,0.07515660608302488,0.015426935483141517,-0.006007704623909838
2024-02-16,3798.942138671875,3817.024812052794,3772.99221729805,3785.093014356532,1307556,0.0061171509376134,0.6117150937613447,3663.819470214844,3523.333666992188,67.25692885593247,91.00888749296156,84.61580041210699,6.393087080854556,3728.8212890625,-0.0184579935807839,0,0.0142020462660081,2108382.6,0.6201701721499694,0.036880274684797154,0.07822377831020755,0.01159075162174961,0.0036588597064364063
2024-02-19,3776.396484375,3798.941861408623,3731.489953932272,3794.110709187132,772291,-0.0059347190543831,-0.5934719054383142,3674.3191528320312,3532.98923828125,64.06562115614214,87.23126832437174,85.13889399455995,2.09237432981179,3681.84375,-0.0250378197221122,-1,0.014353056508857,2035041.65,0.3794964098154945,0.027781291525612595,0.06889555265448943,0.01786144748186168,-0.00466887399179962
2024-02-20,3709.08251953125,3771.059390745061,3690.080077327402,3756.427991026826,1193648,-0.017824919899768,-1.7824919899768088,3678.349682617188,3541.1011474609377,55.5851930357167,77.90773168538453,83.69266153272488,-5.784929847340351,3776.948486328125,0.0182972383168902,0,0.0146460574163793,1947625.3,0.6128735337336191,0.00835506125458818,0.04743760911510808,0.02183270741247715,-0.012603854408675636
2024-02-21,3673.05615234375,3739.174013609637,3663.025849609525,3692.840871691211,1885939,-0.0097130131232704,-0.9713013123270442,3684.480639648437,3548.276870117188,51.64497048146432,66.84123087708485,80.32237540159689,-13.481144524512032,3790.33837890625,0.0319304202544421,1,0.0139022852950872,1910979.55,0.9868964845803818,-0.0031007049356559513,0.03516616284299179,0.020731554553426162,-0.005357587839521512
2024-02-22,3761.02880859375,3768.25239610325,3654.19124613324,3654.19124613324,2982052,0.0239508062499576,2.39508062499576,3695.767126464844,3556.915947265625,59.24262818264645,64.42693380930541,77.1432870831386,-12.716353273833192,3768.39111328125,0.0019575241409153,0,0.0146662267742827,1927196.7,1.5473521721991326,0.017658494135514458,0.05738478624580279,0.030327114142116175,0.02923699261048871
2024-02-23,3728.8212890625,3800.5062936958448,3723.5758585151752,3800.5062936958448,2538072,-0.0085634865273186,-0.8563486527318642,3706.892578125,3564.3771826171874,55.78671280923524,59.23191963337467,73.56101359318582,-14.329093959811146,3767.700927734375,0.0104267905747905,0,0.014681345544816,1943842.6,1.3056983111698446,0.005915658594183526,0.04613543910203344,0.02063130121208125,-0.01886196182657387
2024-02-26,3681.84375,3726.8884431644256,3665.003690620523,3714.0053720028695,1379284,-0.0125984957231112,-1.2598495723111225,3716.097033691406,3572.334526367188,51.10396226571439,50.73924820698039,68.99666051594474,-18.257412308964348,3755.1396484375,0.0199073897249171,0,0.0150569993227143,1930469.45,0.7144811330736158,-0.009217542863077632,0.03065480649265373,0.016808087671809205,-0.00865955182652996
2024-02-27,3776.948486328125,3794.984876771557,3679.957449614321,3679.957449614321,2960475,0.0258307366596219,2.583073665962199,3730.077453613281,3580.8469482421874,58.66799340634097,51.09392336966175,65.41611308668814,-14.32218971702639,3692.0126953125,-0.0224879400190596,-1,0.0158982012564826,2007912.15,1.4744046446454344,0.012565699586061019,0.05476401000109843,0.030455122057823872,0.026356564727119128
2024-02-28,3790.33837890625,3823.420001118156,3762.777624498999,3768.85116320784,1939225,0.0035451615574302,0.3545161557430232,3744.0187866210936,3586.0859912109377,59.61522662697749,51.85767541651694,62.7044255526539,-10.84675013613696,3740.048095703125,-0.0132680194156271,0,0.0158984705556784,1981905.5,0.9784649167177748,0.01237162389533819,0.056956912967483175,0.015999198635309197,0.005701264063747596
2024-02-29,3768.39111328125,3807.9605533454464,3740.278361512349,3771.97987960793,3772719,-0.0057903182858658,-0.5790318285865848,3755.1051513671873,3590.918984375,57.2973363477122,50.11430696557409,60.18640183523794,-10.07209486966385,3780.813720703125,0.0032965281597479,0,0.015973684684594,2052386.1,1.838211143604997,0.003538106491964843,0.04942248201044808,0.017960500860582006,-0.0009514277491461366
2024-03-01,3767.700927734375,3809.7088594718166,3760.753225340666,3779.525838576427,2043265,-0.0001831512510584,-0.0183151251058499,3760.996862792969,3596.5240869140625,57.22198886502225,48.12225925279927,57.77357331875021,-9.651314065950942,3793.466796875,0.0068386184664923,0,0.0147671353345702,2013223.85,1.0149219124341289,0.0017825234069532847,0.04759507699201526,0.01299350321857654,-0.003128675751164
2024-03-04,3755.1396484375,3789.371768720034,3750.722549928762,3777.501027099328,1749271,-0.0033339374695083,-0.3333937469508385,3765.938439941406,3602.5386767578125,55.78418998549824,45.01109692135515,55.2210780392712,-10.209981117916051,3857.789794921875,0.0273359065426734,1,0.0148097680055071,2016111.25,0.8676460686383254,-0.0028674901823605436,0.04235928753914853,0.010292351925541314,-0.00591962212621789
2024-03-05,3692.0126953125,3739.77199684402,3662.4735599013775,3737.931557869195,2070859,-0.0168108137206739,-1.6810813720673945,3760.2377075195313,3607.154565429688,49.106316453117714,37.02486126228814,51.58183468387459,-14.556973421586449,3817.990478515625,0.0341217091054617,1,0.0120794287120764,1895934.4,1.0922630023486046,-0.01814380300229379,0.02352494974739283,0.020936666073977282,-0.012284564831056161
2024-03-06,3740.048095703125,3747.1337408010254,3642.642773405773,3675.402676918432,1744204,0.0130106270900998,1.301062709009981,3759.35888671875,3612.064052734375,53.65285917542455,34.17778707324214,48.101025161748105,-13.92323808850596,3871.915283203125,0.0352581528701461,1,0.0121859027070621,1876931.25,0.9292849698144244,-0.005136724531368153,0.03543238466988563,0.02793840205298437,0.01758866292139006
2024-03-07,3780.813720703125,3794.985010362576,3715.570026925066,3740.692062833141,2688905,0.0108997595637432,1.0899759563743228,3758.185595703125,3618.3088330078126,57.15128423163125,34.80964163084764,45.442748455568015,-10.63310682472038,3882.63623046875,0.0269313743779708,1,0.0121079805680278,1894117.85,1.419608077712799,0.00602102382220604,0.04491183456007697,0.02100473318816164,0.010725731280750389
2024-03-11,3793.466796875,3821.671433578365,3762.77738788874,3762.77738788874,2304068,0.0033466542143001,0.3346654214300137,3757.663366699219,3624.52064453125,58.2057982628848,35.917355504439,43.53766986534222,-7.620314360903215,3821.21142578125,0.0073137924731818,0,0.0121345774616324,1904291.45,1.2099345402196706,0.009528110073157237,0.046611998913196784,0.01552512486418514,0.008156052251467214
2024-03-12,3857.789794921875,3892.482246169564,3792.269993652149,3793.4665484724137,4039801,0.0169562570311312,1.695625703113124,3760.955419921875,3632.2254443359375,63.16820418325832,41.507087238149325,43.13155333990364,-1.6244661017543152,3659.9892578125,-0.051273020984644,-1,0.0126862141654187,2055595.7,1.9652702133984807,0.025747280727409283,0.062100867372558266,0.025976597441708046,0.016956323623141884
2024-03-13,3817.990478515625,3902.6506674824695,3802.254636135956,3869.522767451965,2837260,-0.0103166109409691,-1.031661094096914,3760.9323974609374,3639.253056640625,58.536932785712175,42.23861720522245,42.9529661129674,-0.7143489077449487,3654.09912109375,-0.0429260780884904,-1,0.0128409501911352,2134587.95,1.329183929854003,0.015171259417799732,0.04911376568025516,0.02629551642715097,-0.013317479191438778
2024-03-14,3871.915283203125,3887.9270110877537,3760.0165129714937,3822.0854919676153,2919608,0.0141238709187312,1.412387091873124,3765.878564453125,3647.035668945312,62.543951006790834,46.63209527751405,43.68879194587674,2.943303331637317,3655.98583984375,-0.0557681218636433,-1,0.0128821430262775,2211004.2,1.3204895766367155,0.02815723261788139,0.0616609308685061,0.033035458877716785,0.013037330363287407
2024-03-15,3882.63623046875,3900.8105660856863,3843.75695554138,3858.112469995136,3373143,0.002768900268075,0.276890026807508,3771.2181396484375,3655.542626953125,63.3032567372009,50.39809132368919,45.03065182143923,5.367439502249958,3598.88623046875,-0.0730817885469901,-1,0.0128849288545421,2325082.25,1.4507628708618805,0.02954432406042118,0.06212308997335003,0.014694554719440731,0.006356414092211486
2024-03-18,3821.21142578125,3915.303868475081,3789.325910371704,3878.955198681376,1526904,-0.015820386212201,-1.5820386212201054,3772.331604003906,3664.492524414063,56.26552949524756,47.87433638395578,45.59938873394255,2.274947650013232,3568.150634765625,-0.0662252785355592,-1,0.0133926170018127,2336049.65,0.6536265185973252,0.012957456265367595,0.04276687708409099,0.032968067993678324,-0.014886424292746512
2024-03-19,3659.9892578125,3734.250930497236,3650.142953569068,3728.0394485403954,8931209,-0.0421913759811884,-4.2191375981188495,3766.511242675781,3670.6739794921873,42.8119690033086,32.490431378008,42.97759726275564,-10.48716588474764,3534.470947265625,-0.0342947210238246,-1,0.016406663894006,2743995.55,3.25481905391574,-0.028281339945664508,-0.0029108337431714704,0.02298038901306431,-0.01825361337164456
2024-03-20,3654.09912109375,3697.441544645537,3644.252818458466,3667.9945238818095,1817913,-0.001609331695763,-0.160933169576305,3763.762072753906,3675.43814453125,42.41296362684719,19.59738456811465,38.30155472382744,-18.704170155712795,3567.046630859375,-0.0238232427062127,-1,0.0159483866660053,2775208.8,0.6550544953590519,-0.02913652604504746,-0.005805844799551596,0.014555906784255519,-0.0037882834059834235
2024-03-21,3655.98583984375,3688.607574600137,3633.026409367597,3671.721682393882,3829582,0.0005163293844736,0.0516329384473657,3762.908557128906,3681.3293603515626,42.59751221772515,9.423170078105612,32.52587779468308,-23.102707716577463,3604.26953125,-0.014145653418603,0,0.0158049733852109,2872390.95,1.3332384298175008,-0.028414912470458242,-0.006884339331537648,0.0152027846023921,-0.004285685003192452
2024-03-22,3598.88623046875,3623.824267937054,3547.446052030813,3586.095269718309,5852485,-0.0156181155716511,-1.561811557165116,3754.801428222656,3685.866572265625,38.569081017809054,-3.210421738318473,25.37861788808277,-28.58903962640124,3573.948486328125,-0.006929294938389,0,0.0150947333259759,3015912.6,1.9405353457523933,-0.04152421925217731,-0.023598342504137393,0.021222736984462275,0.003566821232679051
2024-03-26,3568.150634765625,3631.829770729436,3562.583262601489,3565.850086322836,3440925,-0.008540307677112,-0.8540307677112002,3746.7678955078127,3689.365947265625,36.56458348348922,-15.52379137436128,17.198136035593958,-32.72192740995524,3632.38232421875,0.0180013951281359,0,0.0150942111792592,3061055.25,1.1240976457383447,-0.04767235807596748,-0.032855323714861884,0.019406834300451405,0.0006451612903226075
2024-03-27,3534.470947265625,3584.254911511496,3523.888423136644,3578.2734848298974,1968575,-0.0094389758021559,-0.9438975802155912,3739.3992553710937,3691.780498046875,34.45164294912168,-27.68080771172345,8.222347286130477,-35.903154997853925,3683.914306640625,0.042281677117933,1,0.0149946542096077,3090519.8,0.6369721365318547,-0.05480246801972788,-0.04261075404252068,0.01707935622488377,-0.012241249236530796
2024-03-28,3567.046630859375,3602.65907796181,3534.1027302458065,3542.9369266623094,4311783,0.0092165656698781,0.9216565669878164,3728.904162597656,3692.155268554688,38.173110285511605,-34.29145478096234,-0.280413127288087,-34.011041653674255,3661.783203125,0.0265588264100715,1,0.0137871944983751,3158085.2,1.365315603264915,-0.04340619245776667,-0.033884988196687504,0.01921935842467159,0.006805005196572506
2024-04-01,3604.26953125,3619.499208082045,3577.8592779642013,3586.73930579266,1569676,0.0104352155277704,1.0435215527770492,3719.600720214844,3692.8906787109377,42.21051756019701,-36.11060268403753,-7.446451038637976,-28.66415164539956,3655.61767578125,0.014246477430738,0,0.0140369448568683,3139607.75,0.4999592703897485,-0.031006335797833295,-0.023997771710878912,0.01155294568200684,0.004887510343734252
2024-04-02,3573.948486328125,3597.9202488822098,3564.0100709420926,3579.653802211397,2142666,-0.0084125353720034,-0.8412535372003482,3709.8785888671873,3693.79642578125,39.92348551767319,-39.54311698723359,-13.8657842283571,-25.67733275887649,3631.6923828125,0.0161568910982545,0,0.0140822652553977,3058105.1,0.7006515243704344,-0.03664004071372284,-0.03244573485875768,0.009488155207003685,-0.0015938177819730184
2024-04-03,3632.38232421875,3663.39367512938,3543.7651451703696,3543.7651451703696,3973090,0.0163499384823702,1.6349938482370208,3703.112658691406,3695.445009765625,45.99617436595754,-37.12038623080207,-18.516704628846096,-18.603681601955973,3666.75244140625,0.0094621419552503,0,0.0147002228776955,3154596.35,1.259460659681547,-0.01910023836478436,-0.017064977392499348,0.03293390378028007,0.02500650449964287
2024-04-04,3683.914306640625,3707.241733238287,3621.2933325972463,3658.700160709349,3394637,0.0141868277681806,1.41868277681807,3699.5513916015625,3697.7952392578127,50.726458233581546,-30.688397596173672,-20.95104322231161,-9.73735437386206,3682.166015625,-0.0004745742897639,0,0.0151153940935637,3236864.65,1.0487423377434086,-0.004226751653304661,-0.003753840253192031,0.023330727450991497,0.006891558428878629
2024-04-05,3661.783203125,3682.7181953650174,3644.529088641468,3660.632928826098,1636819,-0.0060074968290471,-0.600749682904711,3698.039916992188,3698.46146484375,48.75148405847089,-27.06480908771209,-22.17379639539171,-4.8910126923203805,3626.768798828125,-0.0095621183326728,0,0.014702286860789,3215162.65,0.5090936845761131,-0.009804305708164818,-0.009917167467445753,0.010429100961236124,0.00031422825540466037
2024-04-08,3655.61767578125,3710.9227277310406,3644.068877210029,3665.2339237190768,2302538,-0.0016837499659969,-0.1683749965996961,3693.818395996094,3700.565078125,48.18859476965231,-24.40922130835997,-22.620881377985363,-1.7883399303746117,3563.825927734375,-0.0251097779330159,-1,0.0143650185408901,3243079.35,0.7099850948759548,-0.010341797056469093,-0.01214609158191704,0.018287976602127644,-0.0026236382555548444
2024-04-09,3631.6923828125,3695.4636403269888,3611.907663180312,3666.1545588206272,1876992,-0.0065448017519055,-0.6544801751905527,3686.3623291015615,3702.4929443359374,45.97047079938516,-23.95903520741922,-22.88851214387213,-1.0705230635470857,3553.887451171875,-0.0214238772008465,-1,0.0141294456720946,3202483.7,0.586105090870564,-0.014830323611294549,-0.019122402820982543,0.02300744896294561,-0.009400088145550921
2024-04-10,3666.75244140625,3671.859704425388,3605.419903259126,3640.756241235992,2101965,0.0096539174847729,0.9653917484772956,3680.026611328125,3705.701748046875,49.62943713237126,-20.53647407005883,-22.41810452910948,1.881630459050644,3520.943603515625,-0.0397651164676678,-1,0.014322118690547,3192378.55,0.6584322526537463,-0.0036070853077565523,-0.010510642595873643,0.018119521900633522,0.0071403297688044385
2024-04-12,3682.166015625,3693.162817777665,3630.725838259486,3654.191434223399,4354821,0.0042036037242914,0.4203603724291405,3671.245422363281,3709.3899755859375,51.19428915848411,-16.391373536784613,-21.212758330644505,4.821384793859892,3556.2802734375,-0.0341879593840455,-1,0.0137239418209517,3208129.55,1.3574330251096,0.002974629044192101,-0.0073392013619806296,0.0169565900215342,0.007655477799987297
2024-04-15,3626.768798828125,3739.95578953719,3606.386028171306,3682.165963982411,4200329,-0.0150447363214479,-1.5044736321447982,3661.6843383789055,3711.978549804688,45.69920453883758,-17.37614256674169,-20.445435177863946,3.0692926111222505,3565.57421875,-0.0168730303673887,0,0.0139099182142162,3276283.0,1.282040959221166,-0.00953537670760507,-0.022955345736318078,0.03682886028164873,-0.015044722507393941
2024-04-16,3563.825927734375,3615.2661050786087,3554.669789147579,3590.6962907179723,3051420,-0.0173550823295072,-1.735508232950722,3646.2798706054687,3713.024833984375,40.39388249365596,-22.97075026929452,-20.950498196150058,-2.020252073144455,3525.40673828125,-0.0107803215511003,0,0.0137126819127683,3282873.6,0.9294966458653784,-0.022613168982391407,-0.04018257698801808,0.017003163779537426,-0.007483329362346164
2024-04-18,3553.887451171875,3621.983689231616,3542.844817972998,3567.5067437164125,3476284,-0.0027887098764158,-0.2788709876415884,3629.842431640625,3713.169306640625,39.611918174863,-27.8850279356052,-22.337404144041088,-5.5476237915641065,3544.869384765625,-0.0025375216661057,0,0.0136233162214519,3288030.65,1.0572541347812558,-0.020925145346989527,-0.04289646991961582,0.02226825479026425,-0.003817594057397569
2024-04-19,3520.943603515625,3545.191475811575,3497.6620065717075,3531.8022379238537,2957749,-0.00926980612326,-0.9269806123260004,3614.829040527344,3710.5908447265615,37.051470118769615,-34.04546662753637,-24.679016640740144,-9.366449986796226,3516.48095703125,-0.0012674575303958,0,0.0134094573880457,3359572.9,0.8803943501270652,-0.025972303519511075,-0.05110971517661678,0.013499071439942915,-0.003074530700397273
2024-04-22,3556.2802734375,3568.6111245390066,3507.876639180684,3530.8821260588365,1728883,0.0100361363035157,1.003613630351574,3609.643591308594,3708.5902880859376,41.42505882836391,-35.66515898069474,-26.876245108731062,-8.788913871963675,3561.432861328125,0.0014488700255461,0,0.0103063701018394,2999456.6,0.5763987383581413,-0.014783542064813138,-0.04106951774579748,0.017078093032194205,0.007193145075905667
2024-04-23,3565.57421875,3584.254718312047,3552.599259445536,3567.736824298885,1807586,0.0026133894400612,0.2613389440061286,3605.2173461914062,3703.7812255859376,42.55553066154406,-35.78631081102458,-28.65825824918977,-7.128052561834807,3515.83642578125,-0.0139494482283379,0,0.0103447307619096,2998940.25,0.6027415851316144,-0.010996043687431456,-0.03731511080654426,0.008878081600446506,-0.0006061561307314266
2024-04-24,3525.40673828125,3587.015384991863,3519.3332000987416,3579.6536294557072,1317312,-0.011265360922099,-1.1265360922099066,3598.6883911132813,3699.1368701171873,39.04796765049763,-38.67765258658483,-30.662137116668784,-8.015515469916043,3555.083984375,0.0084181055682155,0,0.0105762369555698,2873326.75,0.4584623033214026,-0.02036343380354788,-0.04696504561358217,0.019198404586393502,-0.015154229093026961
2024-04-25,3544.869384765625,3564.6080473941747,3506.9563876693583,3507.1403866301107,2856271,0.0055206811381609,0.5520681138160954,3595.987548828125,3693.948666992188,41.56136704198734,-38.94960209191322,-32.31963011171767,-6.629971980195549,3536.771484375,-0.0022844002166698,0,0.0101671661785673,2723516.05,1.0487439572827193,-0.014215333998906288,-0.04035770273655459,0.016263408737309002,0.010757766720529482
2024-04-26,3516.48095703125,3567.507084546707,3499.1807851009403,3547.584197115917,2039178,-0.008008314172696,-0.8008314172696096,3593.4040649414064,3688.20005859375,39.033058749454,-40.98340175618705,-34.05238444061155,-6.931017315575502,3608.226318359375,0.0260901061172189,1,0.0101462675840962,2653428.7,0.7685068002769397,-0.02140675151471194,-0.04655905288065465,0.019430305547125885,-0.008767442393602125
2024-04-29,3561.432861328125,3568.426618209879,3514.5016747694726,3531.80184337466,1110693,0.0127832070886073,1.2783207088607362,3594.752160644531,3683.5897412109375,44.76313815002485,-38.52388033264879,-34.946683619019,-3.577196713629789,3661.507568359375,0.0280995629927247,1,0.0103513093732807,2610534.6,0.4254657264454567,-0.009268872463917499,-0.033162455231144916,0.015141361788944914,0.008389773624771711
2024-04-30,3515.83642578125,3572.061925224906,3506.036178297648,3563.089785398555,2203078,-0.012802834511352,-1.2802834511352,3592.191650390625,3677.537451171875,40.59531196567399,-39.795208772844944,-35.91638864978419,-3.878820123060756,3659.6669921875,0.0409093453129831,1,0.0105370163937644,2505099.35,0.8794373764058498,-0.0212558883379933,-0.043969919419609926,0.01877952752383433,-0.013261905386428312
2024-05-02,3555.083984375,3562.261741296734,3476.635273211625,3476.635273211625,2491044,0.0111630786648524,1.1163078664852444,3589.732373046875,3673.179291992188,45.31510437302951,-37.20689779090071,-36.1744904780075,-1.0324073128932127,3644.253173828125,0.0250821611655402,1,0.0105785658711363,2551167.75,0.9764328511913808,-0.009652081289409975,-0.03215070603132408,0.024085638612602888,0.022564550203998227
2024-05-03,3536.771484375,3582.966682325397,3494.625611625741,3579.79174536676,2962234,-0.0051510738088004,-0.5151073808800422,3587.8735229492186,3668.3978271484375,43.57544707266742,-36.21583479603351,-36.1827593416127,-0.0330754544208033,3583.242431640625,0.0131393694704131,0,0.010476990203583,2592146.15,1.1427727560809025,-0.014242987732804191,-0.0358811527472076,0.02497788479972073,-0.012017531759337733
2024-05-06,3608.226318359375,3625.618375130373,3545.605343342577,3545.605343342577,2053831,0.0202034070620771,2.0203407062077128,3586.66572265625,3664.583510742188,51.41345031421967,-29.3265441569024,-34.81151630467064,5.484972147768239,3632.842529296875,0.0068222469339707,0,0.0108320198570375,2496183.2,0.8227885677621738,0.006011320086767746,-0.015378880633395431,0.022175169938945853,0.017661575091649374
2024-05-07,3661.507568359375,3669.835600298666,3601.2792431717226,3617.1990864707095,2062112,0.014766604225709,1.476660422570908,3585.545385742188,3662.285732421875,56.2893226130484,-19.344390019043203,-31.71809104754515,12.373701028501948,3589.96044921875,-0.0195403444632734,0,0.0108734644749726,2429556.95,0.8487605116644826,0.021185670363913944,-0.00021248043417554374,0.018723532820024147,0.012249389881356279
2024-05-08,3659.6669921875,3666.43069555621,3624.3767082288086,3644.989535707688,1247685,-0.0005026826075085,-0.050268260750852,3585.4395751953125,3661.297421875,56.07995572434708,-11.4499916852119,-27.664471175078504,16.214479489866605,3570.8193359375,-0.0242775248238892,-1,0.0107893713563983,2410100.25,0.517690083638637,0.020702459331822354,-0.00044531473399533894,0.011491206007862614,0.004026748591738365
2024-05-09,3644.253173828125,3654.191589237616,3598.1042563399305,3645.9096138402,1726486,-0.0042118089958129,-0.4211808995812971,3584.8713500976564,3660.7213623046873,54.259829421049375,-6.364029877570374,-23.40438291557688,17.040353038006504,3615.821044921875,-0.0078019082511722,0,0.0108252096480111,2381297.65,0.725018982822244,0.01656456199714129,-0.004498618399679133,0.01539062469657348,-0.000454328326129401
2024-05-10,3583.242431640625,3656.584101641413,3575.098624294189,3646.461687676862,1672489,-0.0167416310770228,-1.6741631077022867,3582.4488525390625,3657.165634765625,47.66539151751506,-7.173731201326064,-20.15825257272672,12.984521371400652,3553.857421875,-0.0082006758756121,0,0.0113710772386375,2371072.5,0.7053723578675895,0.00022151861316865862,-0.020213249961192226,0.022740710097562362,-0.01733715076450274
2024-05-13,3632.842529296875,3639.468064658985,3561.2494084020914,3574.592590940032,931326,0.0138422388667518,1.3842238866751844,3580.7533569335938,3655.246059570312,52.6984883483388,-3.769657710878164,-16.880533600357005,13.11087588947884,3540.972900390625,-0.0252886350469011,-1,0.0116061867054124,2312540.55,0.4027285056687979,0.014546986952457486,-0.006129144224033545,0.021530979013294194,0.016295546100688518
2024-05-14,3589.96044921875,3631.0023308503582,3582.322582051597,3621.984134363707,1058317,-0.0118040018889629,-1.1804001888962912,3576.143078613281,3653.4083935546873,48.36758304775348,-4.480482216492874,-14.40052332358418,9.920041107091306,3551.910888671875,-0.0105988801506589,0,0.0118219203818752,2147715.35,0.4927640899898582,0.0038637633622944367,-0.017366781235810258,0.013559967996125192,-0.008841475820153741
2024-05-15,3570.8193359375,3613.655594732349,3566.310350659281,3592.996713752849,1115021,-0.0053318451698863,-0.5331845169886384,3573.34560546875,3649.285810546875,46.52941930396527,-6.513262792142541,-12.823071217295851,6.309808425153312,3608.868896484375,0.0106556946647891,0,0.0114158095360758,1993449.95,0.5593423602132575,-0.0007069759855815594,-0.02150187151211813,0.01325893012748508,-0.006172390230823436
2024-05-16,3615.821044921875,3623.746152107256,3562.5702354838822,3606.691138597264,2599399,0.0126026283467965,1.2602628346796596,3575.945361328125,3645.795463867188,51.222872855756144,-4.441792010297831,-11.14681537589625,6.705023365598418,3568.1318359375,-0.013189040163188,0,0.0110779541878033,1970848.9,1.3189235359443334,0.01115108861141545,-0.008221640309332812,0.01691895585078534,0.00253138014145617
2024-05-17,3553.857421875,3633.478714409665,3550.057009231892,3632.551806574356,2765804,-0.0171368057979246,-1.7136805797924648,3575.943859863281,3641.5047900390623,45.323647863761565,-7.711193184838976,-10.459690937684796,2.74849775284582,3565.8603515625,0.003377437038869,0,0.0117647100215684,1935324.9,1.4291161137853392,-0.006176393940682701,-0.02406899708159438,0.023473565558451648,-0.021663664798099013
2024-05-21,3540.972900390625,3563.7285306494523,3531.564877355128,3550.6128766567804,1908117,-0.0036255032081667,-0.3625503208166791,3576.9453247070314,3636.970229492188,44.18414951112699,-11.212638061824691,-10.610280362512777,-0.6023576993119164,3559.233154296875,0.0051568465559947,0,0.0115954732507819,1882843.3,1.0134231563508231,-0.01005674424709102,-0.02639486249381995,0.009083281402909415,-0.002715017547965486
2024-05-22,3551.910888671875,3560.4847863024115,3538.517115470372,3554.691612227725,1311168,0.0030889782522887,0.308897825228871,3576.72685546875,3632.905654296875,45.43824616736429,-12.95560990526883,-11.079346271063988,-1.876263634204843,3525.632568359375,-0.0073983613711452,0,0.0113922354363261,1861957.55,0.704187912339892,-0.006938177780875687,-0.022294761640507366,0.006184747174288913,-0.0007822685788788126
2024-05-23,3608.868896484375,3619.574726144816,3545.885560785401,3560.2062401149506,2095742,0.0160358774748985,1.603587747489854,3578.891589355469,3631.242778320313,51.543797154848335,-9.629885114886749,-10.78945403982854,1.1595689249417926,3463.020263671875,-0.0404139460301758,-1,0.0119366436782815,1876365.35,1.1169157435144492,0.008376142830944122,-0.006161494342795559,0.02041890893603811,0.013668493645428036
2024-05-24,3568.1318359375,3599.92482105189,3563.311960285678,3594.780437128097,1309452,-0.0112880411329321,-1.1288041132932136,3581.027844238281,3627.804453125,47.45376435397941,-10.164198042230964,-10.664402840309029,0.5002047980780624,3402.6318359375,-0.0463828153245677,-1,0.0119378383870578,1875972.35,0.6980124200657861,-0.00360120302374356,-0.016448686239440957,0.01026107286660611,-0.0074131373686586064
2024-05-27,3565.8603515625,3622.679839453395,3560.577022873854,3573.2292225989668,1841538,-0.0006366032645211,-0.0636603264521196,3582.077392578125,3623.505385742188,47.22872351510591,-10.64818899764623,-10.661160071776468,0.0129710741302382,3432.200439453125,-0.0374832155305261,-1,0.0118854434365471,1825235.7,1.008931613599274,-0.004527272651681402,-0.015908637643126,0.01741594186444475,-0.0020622441431582907
2024-05-28,3559.233154296875,3587.133169466621,3550.056857637509,3576.010275917888,1801993,-0.0018585128446549,-0.1858512844654991,3584.2150024414063,3618.820712890625,46.535332330222815,-11.43470261641005,-10.815868580703183,-0.6188340357068647,3443.46240234375,-0.0325268806325208,-1,0.0117361027905183,1813376.45,0.9937225113957998,-0.006969963611980545,-0.01646601567784023,0.01041693820601545,-0.004691575338582249
2024-05-29,3525.632568359375,3567.5751439944142,3522.2494455944416,3567.5751439944142,1568095,-0.0094404003561654,-0.9440400356165446,3582.4249877929688,3612.177568359375,43.08177011923694,-14.600995610554492,-11.572893986673446,-3.028101623881046,3472.61376953125,-0.0150380953772494,0,0.0115798604798157,1836246.55,0.8539675676994465,-0.01585306590566793,-0.023959231893272648,0.01285604711243765,-0.011756606081765245
2024-05-30,3463.020263671875,3517.058806463482,3443.8794821473,3500.930701533928,2919230,-0.017759169021018,-1.775916902101804,3579.7841796875,3605.0781640625,37.49729986278248,-21.91003014672924,-13.640321218684605,-8.269708928044636,3550.42724609375,0.0252401013470238,1,0.0119067463013062,1872054.15,1.5593726281902691,-0.03261758535002468,-0.03940494322889865,0.021131647736473004,-0.010828674170969102
2024-05-31,3402.6318359375,3475.718599887057,3386.689068476094,3466.6348590080306,10956800,-0.017438080962987,-1.7438080962987046,3572.161572265625,3595.692495117188,33.0478134085333,-32.20410522770817,-17.35307802048932,-14.851027207218849,3609.33251953125,0.0607472960814168,1,0.0121238892227879,2295341.95,4.77349355288871,-0.04745858576061046,-0.0536922051710087,0.02616490284686749,-0.018462579900568165
2024-06-03,3432.200439453125,3477.340801445973,3425.8510308716222,3459.961281200074,2156773,0.0086899214905742,0.8689921490574237,3566.933020019532,3586.683779296875,36.99037565047584,-37.54351641836638,-21.39116570006473,-16.152350718301648,3576.658935546875,0.0420891782522956,1,0.0123349197437317,2255068.9,0.9564111322718344,-0.03777266907178123,-0.043071357652286424,0.015001970742289978,-0.008023454452449947
2024-06-04,3443.46240234375,3471.269635740873,3328.989291525593,3429.5587856451884,3395997,0.0032812660825891,0.3281266082589162,3558.69482421875,3579.128798828125,38.47639187736562,-40.40057924121538,-25.193048408294864,-15.20753083292052,3570.541748046875,0.0369045254034514,1,0.0113109652990184,2322177.2,1.4624194053752655,-0.032380529257744706,-0.03790486571167684,0.0413189771197846,0.004054054054054051
2024-06-05,3472.61376953125,3507.2338672517226,3429.558946395804,3444.389471569407,2799670,0.0084657138023804,0.8465713802380481,3549.250134277344,3575.3812890625,42.27160085704904,-39.85314812460183,-28.12506835155626,-11.728079773045572,3551.5859375,0.0227414199245687,1,0.0108913360402614,2359055.1,1.186776010445877,-0.021592269309499534,-0.028743093735380754,0.022367854881368943,0.008194281800827532
2024-06-06,3550.42724609375,3559.2328694484427,3468.02524016659,3504.63809516768,4328036,0.0224077544255674,2.2407754425567417,3543.788146972656,3573.3078515625,50.96654791950802,-32.762739311732275,-29.052602543591465,-3.7101367681408135,3594.687255859375,0.0124661080759564,0,0.0122431871180782,2513072.65,1.722208866504516,0.0018734469572527779,-0.006403200177321766,0.02568919821753883,0.013065300805011953
2024-06-07,3609.33251953125,3628.8439736397454,3556.8232840964106,3556.8232840964106,4552445,0.0165910380229052,1.6591038022905291,3542.0421142578125,3572.37478515625,56.32890301478323,-22.13521498969203,-27.66912503281158,5.533910043119548,3551.956787109375,-0.0158964939116572,0,0.0128635248887406,2654370.6,1.7150751292980717,0.018997629927259396,0.010345424709793827,0.01995401896433977,0.014762958753003964
2024-06-10,3576.658935546875,3620.408936648928,3561.08683988795,3610.305732562661,1734661,-0.0090525280803493,-0.9052528080349398,3541.712939453125,3571.9302392578124,52.87477137757081,-16.162993630839537,-25.36789875241717,9.204905121577635,3536.24609375,-0.0112990482249311,0,0.0124580112172262,2657479.2,0.652746783493169,0.009866975864832872,0.001323849003849853,0.016585897014501697,-0.009319653100930836
2024-06-11,3570.541748046875,3596.355995375244,3560.2529805994373,3563.960611925237,1419898,-0.0017103077509582,-0.1710307750958262,3538.597900390625,3571.9780615234376,52.229029065965065,-11.787689932241392,-22.65185698838202,10.864167056140626,3523.8251953125,-0.0130838836319249,0,0.0120251774840466,2681907.8,0.5294357993962358,0.009027261236074224,-0.00040210590653799727,0.01011135489328915,0.0018465793644343279
2024-06-12,3551.5859375,3608.9152715121113,3547.6929702664606,3591.2112432293293,2177001,-0.0053089452202159,-0.5308945220215966,3536.679174804688,3572.320361328125,50.183765703001406,-9.73755722132728,-20.06899703497107,10.33143981364379,3510.431640625,-0.0115875830119906,0,0.0117977994436944,2737842.0,0.7951521672908809,0.00421490385712886,-0.005804189358990186,0.017238017697734694,-0.011033966827776184
2024-06-13,3594.687255859375,3605.6712033854537,3570.448708339529,3574.897910867656,1932323,0.0121357948583709,1.2135794858370907,3537.872570800781,3572.873173828125,54.54264027161719,-4.582076769905143,-16.971612981957886,12.389536212052745,3532.213623046875,-0.0173794348063708,0,0.0120626154274189,2778707.1,0.6954036285436489,0.016058997016315413,0.006105473373933856,0.009798486638444528,0.005535639194495532
2024-06-14,3551.956787109375,3604.7441367037127,3548.2027655700213,3604.7441367037127,1860730,-0.0118871172117543,-1.1887117211754394,3534.6793579101563,3571.8269189453126,49.88265225902047,-3.899363646769416,-14.357163114920192,10.457799468150776,3537.822021484375,-0.0039794306271678,0,0.0120017910852249,2741773.65,0.6786592321361029,0.00488797637628835,-0.00556301643020396,0.01591837246975785,-0.01464385476263179
2024-06-18,3536.24609375,3561.179823442644,3517.661546809407,3546.395689059985,1774045,-0.0044231093735125,-0.4423109373512535,3533.798791503906,3571.07287109375,48.25038305703408,-4.573311939113864,-12.400392879758927,7.827080940645063,3557.88916015625,0.0061203507426992,0,0.0114145272205379,2692185.7,0.6589608584578693,0.0006925414802840812,-0.009752468964063232,0.012306348449603655,-0.0028619466635646314
2024-06-19,3523.8251953125,3553.625415653325,3515.714752390912,3547.8784064893566,1509050,-0.003512453066955,-0.3512453066955023,3532.94140625,3568.901728515625,46.942553051537686,-6.040057491502012,-11.128325802107543,5.0882683106055335,3574.01708984375,0.0142435823996085,0,0.0114127624907543,2672232.35,0.5647151154352278,-0.0025803459183819655,-0.012630365482737216,0.01075838362040288,-0.006779604152403124
2024-06-20,3510.431640625,3531.4724028758133,3503.757949581445,3518.542084048452,2846526,-0.0038008567239137,-0.3800856723913726,3530.8674438476564,3565.4320751953123,45.510082564581154,-8.188816261276315,-10.5404238939413,2.351607632664985,3646.59423828125,0.0387879929295553,1,0.0114128497774257,2749000.25,1.0354768065226625,-0.0057877571298420305,-0.01542602226331835,0.007894884769621711,-0.0023050579557429103
2024-06-21,3532.213623046875,3594.3628314432963,3520.4419401652044,3547.275873620781,4642195,0.0062049299492972,0.6204929949297222,3527.034680175781,3562.84068359375,48.27453796171672,-8.041402839140574,-10.040619682981156,1.999216843840582,3618.787109375,0.0245096971947713,1,0.0108603527323225,2876322.9,1.6139338876035094,0.0014683560953350216,-0.008596247563891102,0.02092763891622386,-0.004246145806114524
2024-06-24,3537.822021484375,3575.083672788881,3514.185870679056,3530.360367833718,1702154,0.0015877857445842,0.1587785744584291,3525.519189453125,3560.4847705078123,48.992096034705256,-7.38687446679296,-9.509870639743516,2.122996172950556,3687.424560546875,0.0422866210210683,1,0.0105979115787979,2895958.0,0.5877688833885022,0.0034896511322517476,-0.006365073995304615,0.017213359445446042,0.002113567135707305
2024-06-25,3557.88916015625,3566.41666656242,3515.668465075754,3538.007033326123,1338808,0.0056721730347122,0.5672173034712236,3525.1206298828124,3559.0087060546875,51.580342699604216,-5.189089044926277,-8.645714320780069,3.456625275853792,3723.75927734375,0.0466203722828215,1,0.0106832035204246,2870821.5,0.4663501370600715,0.009295718845946821,-0.0003145667771289329,0.01426357011201475,0.0056195837495087555
2024-06-26,3574.01708984375,3584.3056293758546,3560.2524201950137,3563.4965970944363,1639845,0.0045330050941754,0.4533005094175424,3525.859826660156,3557.1539990234373,53.6173904853869,-2.1214839781373485,-7.340868252251525,5.2193842741141765,3675.421142578125,0.0283725707475026,1,0.0107220277150231,2862714.1,0.5728287711301663,0.013658303378784709,0.00474061309264151,0.006730020751493514,0.0029522948774222965
2024-06-27,3646.59423828125,3653.870555044415,3539.0267689087714,3550.9837890347926,4526556,0.0203068834348167,2.030688343481679,3531.90791015625,3556.4425634765626,61.472560895074295,6.0957168353370434,-4.653551234733811,10.749268070070856,3727.0498046875,0.0220632077903384,1,0.0113501729360634,3010637.15,1.5035209407417298,0.03247149445635644,0.025348834740229975,0.031493437062461084,0.02692505934318716
2024-06-28,3618.787109375,3670.555002133022,3612.94777109011,3631.4395370159273,2731571,-0.0076255067301801,-0.7625506730180143,3539.696252441406,3556.2829296875,57.45753495832575,10.245995316787685,-1.673641924429512,11.919637241217195,3718.568359375,0.027573119662525,1,0.0106372644441457,3001254.2,0.910143166147006,0.02234396719182974,0.01757570500527983,0.015918933416578095,-0.003484135564411513
2024-07-01,3687.424560546875,3709.206893822337,3600.1098911444064,3600.1098911444064,2658723,0.0189669768066929,1.8966976806692903,3553.935888671875,3558.75490234375,63.751036256223294,18.85622675252671,2.4323318109617325,16.423894941564978,3701.32861328125,0.0037706677129452,0,0.0101955088654622,2586350.35,1.027982539179195,0.03756079908489429,0.03615580778501637,0.029586233124658294,0.024253334493273725
2024-07-02,3723.75927734375,3729.320724102144,3691.45667653292,3701.699052905465,2307449,0.0098536841094007,0.9853684109400797,3568.5138305664063,3562.152338867188,66.5703704256293,28.285744724409145,7.603014393651215,20.682730330757927,3694.19091796875,-0.0079404594048012,0,0.0102265006182274,2593884.15,0.8895728824280761,0.04350423009365301,0.04536777855153584,0.01016823181874245,0.005959486204306586
2024-07-03,3675.421142578125,3731.8235725519535,3665.9203376575206,3726.169344471108,1821198,-0.0129810041856694,-1.2981004185669498,3580.111767578125,3565.2418896484373,59.89612078210962,31.495165493447075,12.381444613610388,19.113720879836688,3623.42138671875,-0.0141479721213388,0,0.0109208351725935,2515144.2,0.7240928770604882,0.026621899311393582,0.03090372444281808,0.017930798223630248,-0.01361940298507457
2024-07-04,3727.0498046875,3751.520305935504,3691.039573096493,3707.4921862442698,2518001,0.0140470058005814,1.4047005800581491,3592.8335693359377,3568.6572802734377,64.04273635205479,37.76927543240481,17.459010777369272,20.31026465503554,3636.907958984375,-0.0241858441466904,-1,0.0111285492811812,2501060.75,1.0067732261201572,0.037356652558879766,0.04438434738174868,0.016227508621683744,0.005275161068658198
2024-07-05,3718.568359375,3732.425584242968,3696.50791083652,3716.8998802543742,1668616,-0.0022756458209474,-0.2275645820947414,3601.240625,3571.717163085937,62.89228452159704,41.57788700714491,22.2827860233244,19.29510098382051,3878.136474609375,0.0429111689804175,1,0.0102684711373759,2368089.75,0.7046253208941933,0.03257980973570751,0.041115012635038806,0.00965900581493814,0.0004488899820760239
2024-07-08,3701.32861328125,3736.597504442825,3687.2860489922064,3728.023606293096,1758882,-0.004636124558605,-0.463612455860507,3605.8404296875,3575.2356005859374,60.51275462718536,42.71276946982289,26.368782712624096,16.343986757198792,3864.46435546875,0.0440749145055994,1,0.0098074642280443,2228411.6,0.789298529948417,0.026481533350056097,0.03526844851137856,0.013322636437542308,-0.007160628748912228
2024-07-09,3694.19091796875,3714.073044379492,3684.551167677433,3693.7274640836704,1305801,-0.0019284143771748,-0.1928414377174836,3611.7170288085936,3578.22203125,59.50886200294461,42.54577838893192,29.604181847885663,12.94159654104626,3873.038330078125,0.0484131481238425,1,0.0095371392774342,2206968.6,0.5916717618909485,0.022835091592810164,0.032409639677456914,0.00799143232107001,0.00012547051442913872
2024-07-10,3623.42138671875,3710.68988827446,3616.794086739857,3692.522405623858,2669716,-0.0191569772167899,-1.915697721679,3614.3610107421873,3580.36083984375,50.55382546475984,36.28466005331666,30.940277488971866,5.344382564344794,4000.1162109375,0.1039610865022442,1,0.0106003586280924,2269459.5,1.176366443199361,0.002506771169131783,0.012026873491577827,0.025913574909826275,-0.01871377105250992
2024-07-11,3636.907958984375,3689.092911509367,3610.861986517304,3643.6744309405326,4872189,0.0037220546070237,0.3722054607023795,3618.6271118164063,3581.870341796875,52.03514516804213,32.04157697904293,31.16053738698608,0.881039592056851,3997.190185546875,0.0990627837233226,1,0.0105189841714636,2404218.9,2.026516387505314,0.005051873708753707,0.015365608449101398,0.021510284525844605,-0.0018570462549287066
2024-07-12,3878.136474609375,3892.967000953419,3681.029374640541,3689.093428080941,13509164,0.0663279132563927,6.632791325639276,3632.7995727539055,3589.1163427734373,69.58607978475617,47.59537835841229,34.44750558127132,13.147872777140968,3983.208251953125,0.0270933676603872,1,0.0178785281977692,2983060.95,4.528624867688339,0.06753383910731081,0.08052682171138592,0.05464934710277965,0.05124376766645722
2024-07-15,3864.46435546875,3930.089249638286,3853.20206311634,3926.103726954822,4848030,-0.0035254352780357,-0.3525435278035727,3648.424951171875,3595.3039501953126,68.06588758703478,58.14835422723172,39.187675310463405,18.96067891676832,3997.14404296875,0.0343332672514471,1,0.0175840382405927,3132425.95,1.547691813752213,0.059214430113872396,0.07486443677698396,0.01989594920526055,-0.01569988359270397
2024-07-16,3873.038330078125,3887.961184556231,3841.94029980865,3867.0595933422346,2029521,0.0022186708999505,0.2218670899950536,3665.264562988281,3602.029287109375,68.53019036971013,66.43765974312555,44.63767219699584,21.79998754612972,4000.767578125,0.0329790818373589,1,0.0174716342058415,3145199.75,0.6452757094362608,0.05668724958845717,0.07523787880865185,0.011882372655643899,0.001546067908077687
2024-07-18,4000.1162109375,4008.875669448441,3855.935904024396,3855.935904024396,5613364,0.0328109019403408,3.2810901940340864,3689.079113769531,3609.8670849609375,74.4577733825345,82.31227239828468,52.17259223725361,30.139680161031063,4015.8642578125,0.0039368973411173,0,0.0184344014808333,3350415.45,1.6754232672846583,0.08431293761280956,0.10810623127992125,0.038233830558687815,0.03739177997295661
2024-07-19,3997.190185546875,4049.5428404415234,3981.2568871814256,4011.1260943754655,3903354,-0.000731485096014,-0.0731485096014061,3713.417041015625,3616.5807373046873,74.1116247079651,93.57820026050194,60.45371384190328,33.124486418598664,4076.5791015625,0.0198611805619559,0,0.0183566033388712,3403256.85,1.146946637307143,0.07641833421802735,0.10524013588753522,0.017083488673370513,-0.0034743133226681462
2024-07-22,3983.208251953125,4013.495719745839,3962.443655783337,3994.914506823056,1896386,-0.0034979405394084,-0.3497940539408439,3735.9667724609376,3623.0515625,72.38003402917703,100.22299576033856,68.40757022559035,31.81542553474821,4070.307861328125,0.0218666973619297,1,0.0184972087848103,3265966.4,0.5806507991019136,0.06617871478801352,0.09940700076722275,0.012816820194492495,-0.0029302892089273546
2024-07-23,3997.14404296875,4052.2838814085662,3963.6511354841136,3979.1666292711343,2365208,0.0034986348024339,0.3498634802433953,3758.932873535157,3630.109379882813,73.05576501747807,105.39857675136771,75.80577153074583,29.59280522062189,4055.675048828125,0.0146432065570254,0,0.0184771405413121,3299119.1,0.7169210714460111,0.06337202005141496,0.10110843081477228,0.022174018492119058,0.004517884113063301
2024-07-24,4000.767578125,4031.2873123813406,3965.32400369121,3983.347690266691,1809793,0.0009065310424887,0.0906531042488723,3781.076794433594,3638.4598828125,73.23909648146041,108.54145267701595,82.35290775999985,26.18854491701612,4074.256591796875,0.018368728559412,0,0.0185160791812486,3322668.35,0.544680602865465,0.058102703445438886,0.09957721315658397,0.01648766328011616,0.004373177842565514
2024-07-25,4015.8642578125,4034.909999231854,3970.990814364529,3990.315092493855,2810342,0.0037734458182585,0.3773445818258558,3803.169152832031,3646.1203173828126,74.03186350918055,110.9711737599082,88.07656095998152,22.89461279992668,4085.1728515625,0.0172586993236054,0,0.0185201149908586,3381193.2,0.8311687128673984,0.055925754662288885,0.10140749844895125,0.015916669679005197,0.0064027939464493195
2024-07-26,4076.5791015625,4108.724692655695,4029.382545604429,4041.414063180722,3552210,0.0151187490044975,1.51187490044975,3824.6683959960938,3655.8526904296873,76.98482156054344,116.45352198713226,93.75195316541168,22.701568821720585,3979.212646484375,-0.023884353192314,-1,0.0183447337040689,3332475.9,1.065937191023647,0.06586471805768124,0.11508297701222836,0.019462923464641083,0.00870117187500005
2024-07-29,4070.307861328125,4116.667898821432,4060.924257672868,4101.802927848481,1746803,-0.0015383585300653,-0.1538358530065342,3847.24443359375,3665.8424609375,76.02319631370335,118.92143351982622,98.7858492362946,20.135584283531628,3860.29296875,-0.0515968078418515,-1,0.0181608145721025,3283237.5,0.5320367472654659,0.05798005080899138,0.1103335467087112,0.013695190400259991,-0.007678347076727083
2024-07-30,4055.675048828125,4086.008788693186,4020.32401847736,4079.598360858332,1797906,-0.0035950136939335,-0.3595013693933557,3865.6569580078126,3674.639541015625,73.70961924742481,118.33246254379084,102.69517189779386,15.63729064599697,3875.29736328125,-0.0444753791601214,-1,0.0180162994264353,3240196.65,0.5548755813941108,0.049155445732628866,0.10369330203941218,0.0161957675171253,-0.00586413414117893
2024-07-31,4074.256591796875,4100.874091170698,4036.768900348138,4041.414204030933,2330091,0.0045816153279141,0.4581615327914123,3883.1818237304688,3685.047524414063,74.76004432869289,118.0047882832214,105.75709517487935,12.24769310834202,3902.47265625,-0.0421632589102869,-1,0.0179788520296265,3241328.75,0.7188690749125648,0.04920572271396906,0.10561846619459758,0.01573420558529133,0.00812645923132175
2024-08-01,4085.1728515625,4105.797726698967,4055.396184256165,4087.309509692771,2202244,0.0026793255455741,0.2679325545574151,3903.669409179688,3695.9315234375,75.38233296668179,117.27409226797364,108.06049459349822,9.213597674475407,3876.5517578125,-0.0510678743177798,-1,0.0175050284010097,3260381.05,0.6754560176332763,0.046495597694824475,0.1053161633695463,0.012337676831354871,-0.0005227541797859888
2024-08-02,3979.212646484375,4086.0083392177967,3967.088587644382,4055.349340765276,2811282,-0.0259377531693909,-2.593775316939096,3916.277551269531,3704.47755859375,59.935455378128594,106.9124868108438,107.83089303696734,-0.9184062261235368,3928.764892578125,-0.0126778230740748,0,0.0187119944326013,3275045.1,0.8583948966076833,0.016070131493729933,0.07416297805699679,0.029885246690316943,-0.01877438609679266
2024-08-05,3860.29296875,3938.2877856411073,3818.9035015045465,3938.2877856411073,2787771,-0.0298852281341235,-2.988522813412353,3923.3637817382814,3709.506040039063,48.03805311673469,88.08957392048342,103.88262921367055,-15.793055293187138,3898.012939453125,0.009771271509307,0,0.0201212957597248,3331002.85,0.83691642593461,-0.016075698430477292,0.04064878910652725,0.030926223761513785,-0.019804245178697805
2024-08-06,3875.29736328125,3956.17189885466,3865.634771106592,3875.065098154798,2203067,0.0038868538353731,0.3886853835373127,3932.062219238281,3715.6493505859376,49.40277596194415,73.53533946562266,97.81317126406098,-24.277831798438328,3899.220947265625,0.0061733543885051,0,0.0200621760037494,3353212.1,0.6570019832625559,-0.014436408376067744,0.042966382893514066,0.023362627241438182,5.993838053527067e-05
2024-08-07,3902.47265625,3943.815851652465,3883.7517228332495,3928.068093519552,1237666,0.00701244070358,0.7012440703580092,3942.476306152344,3722.381596679688,51.86841584222071,63.46226929518343,90.94299087028548,-27.48072157510205,3990.547607421875,0.0225690117343471,1,0.0200582371156715,3349805.35,0.3694740054075082,-0.010146833308780412,0.04838060120728915,0.015391300365172292,-0.0065160370594844665
2024-08-08,3876.5517578125,3931.784593830913,3864.8922283404063,3884.402501608471,2441283,-0.0066421729812728,-0.6642172981272898,3955.132824707032,3728.72796875,49.39581718459976,52.779282029367096,83.3102491021018,-30.53096707273471,4102.77783203125,0.0583575528851978,1,0.0195208380979238,3338383.7,0.7312769350030075,-0.019868123367096424,0.03964456251606241,0.017255635851036146,-0.002021094310571629
2024-08-09,3928.764892578125,3951.898410084894,3907.210505857532,3917.848430860645,1302536,0.0134689636634925,1.3468963663492597,3969.725671386719,3736.790615234375,54.13839331941026,47.97309726361391,76.24281873440422,-28.26972147079032,4171.48193359375,0.0617794771772026,1,0.019646382160045,3159901.05,0.412207844293099,-0.010318289524093416,0.0513741060473385,0.01137454275051739,0.0027863410007114824
2024-08-12,3898.012939453125,3938.287806404304,3889.372857499192,3929.926261167776,936912,-0.0078273844238156,-0.7827384423815698,3970.7194946289055,3745.49046875,51.10077633209418,41.20771866778296,69.23579872107997,-28.028080053297018,4202.419921875,0.0780928609397026,1,0.0132201908488203,2531288.45,0.3701324517164371,-0.018310675250198027,0.04072162830894266,0.012548688181618634,-0.00812059046247038
2024-08-13,3899.220947265625,3933.642459984778,3886.260370835221,3914.132187982019,1495593,0.0003099034896147,0.0309903489614793,3972.45732421875,3755.422250976562,51.21656917381148,35.53397003594682,62.49543298405335,-26.96146294810652,4228.61865234375,0.0844778250663427,1,0.01318896817766,2363666.6,0.63274279037492,-0.018436038697414614,0.038290952835375425,0.01215168101278905,-0.0038095904788748485
2024-08-14,3990.547607421875,4000.721002615426,3891.0451248057766,3910.416129361195,3226545,0.0234217710130772,2.3421771013077297,3978.3327880859374,3766.5891943359375,59.10152673504858,37.96909747320069,57.59016588188282,-19.621068408682127,4182.630859375,0.0481345596769415,1,0.0141490357900107,2423517.8,1.331347762331269,0.003070336240476923,0.05945920872462507,0.027483916644840272,0.020491803278688443
2024-08-16,4102.77783203125,4112.951226936545,4018.280043659057,4041.413561593398,3457058,0.028124015962281,2.812401596228109,3983.465869140625,3779.775502929688,66.30838237927611,48.39710301284367,55.75155330807499,-7.354450295231317,4147.234375,0.0108357178450337,0,0.0136341800938258,2315702.5,1.4928765676938207,0.029951797457314466,0.08545542687686192,0.023074898801092827,0.01518386314655168
2024-08-19,4171.48193359375,4175.430440991918,4078.901139092339,4107.376754658791,2055210,0.0167457523598066,1.6745752359806687,3992.180456542969,3793.7528662109376,69.81499285551754,61.496327956149344,56.90050823768986,4.595819718459481,4183.048828125,0.0027728502041683,0,0.0140471547575499,2223295.3,0.924398122012852,0.04491316938264034,0.09956607103932802,0.023140290054287388,0.01560732865867446
2024-08-20,4202.419921875,4241.161933038117,4180.772989851375,4185.418293173432,2212298,0.0074165461516446,0.7416546151644665,4003.1410400390623,3806.7927197265626,71.26532045079591,73.52642829648994,60.22569224944988,13.30073604704006,4178.125,-0.0057811742583212,0,0.0140249002348148,2239090.9,0.9880340275600246,0.04978062972120334,0.1039266467276565,0.014370040193365088,0.00406210980854604
2024-08-21,4228.61865234375,4236.5156661952105,4173.85035717562,4197.495127164465,1896990,0.006234200997472,0.6234200997472072,4014.714770507812,3819.1784423828126,72.47154862360901,84.20373978803627,65.02130175716715,19.18243803086912,4186.3935546875,-0.0099855534697711,0,0.0140456433869925,2215680.0,0.8561660528596187,0.05327996982681826,0.10720635763368125,0.01481933325552014,0.007414785303231527
2024-08-22,4182.630859375,4237.39916370202,4178.171549911448,4236.516374666815,1829872,-0.0108753701266631,-1.0875370126663175,4023.8079345703127,3831.297880859375,67.14343282464718,87.94102610683467,69.60524662710066,18.33577947973401,4191.7353515625,0.0021767381568214,0,0.0143773718582189,2216683.95,0.8254997289983536,0.039470801635478114,0.09170077332562299,0.014160373167481042,-0.012719298245614083
2024-08-23,4147.234375,4186.347925037084,4138.96582468713,4180.773560290031,1809253,-0.0084627320853959,-0.8462732085395941,4030.376440429688,3842.831733398437,63.286689495033016,87.0432713226237,73.09285156620527,13.950419756418428,4230.7099609375,0.0201280126439682,1,0.01457146577976,2166629.5,0.8350541705446178,0.0289942977529547,0.07921310708350027,0.011424987368830188,-0.008022243923611215
2024-08-26,4183.048828125,4229.222864979793,4166.836540173764,4170.5527823500615,1844164,0.0086357436996793,0.8635743699679344,4035.6999267578126,3855.4609912109377,65.44919979010905,88.20494948943724,76.11527115085167,12.089678338585571,4200.3291015625,0.004131023602047,0,0.0143275920999724,2081227.2,0.8860945119302689,0.03651136210356554,0.08496722899306852,0.014914079985528815,0.0029962564741590632
2024-08-27,4178.125,4190.06352004845,4168.509131570201,4185.4182168111465,930697,-0.0011770907601876,-0.1177090760187682,4041.090783691406,3867.12974609375,64.88335518449946,87.71712758179001,78.43564243703933,9.281485144750675,4192.24658203125,0.0033798850037396,0,0.014323936263414,2040421.9,0.456129685728231,0.033910204854001647,0.08042017576999871,0.005158866352310945,-0.0017425300013873392
2024-08-28,4186.3935546875,4238.83920976465,4141.101848062617,4179.611593409034,1848058,0.0019790108451758,0.1979010845175821,4047.626708984375,3879.818481445313,65.42395948863472,86.99490534908273,80.14749501944802,6.847410329634712,4161.49462890625,-0.0059475836315892,0,0.0142756614667713,2042929.5,0.9046117352556708,0.034283508752205094,0.0790178908390533,0.023346434210084383,0.0016226295498750981
2024-08-29,4191.7353515625,4232.8000107357375,4143.61019488178,4143.61019488178,2133641,0.00127599013452,0.1275990134520066,4053.500646972656,3892.9282666015615,65.79036114099904,85.8637930331547,81.29075462218935,4.573038410965353,4158.4287109375,-0.0079457880404077,0,0.0142594796099639,2033107.0,1.049448455000155,0.03410254903822074,0.07675638092910209,0.021277539819089697,0.01161430598374435
2024-08-30,4230.7099609375,4266.478796182319,4169.438229236293,4180.77295069311,3637222,0.0092979651877287,0.929796518772874,4060.7775024414063,3907.0659619140624,68.41987293500041,87.10817480947162,82.45423865964581,4.65393614982581,4140.5908203125,-0.0213011861973705,-1,0.0143642395813303,2104855.9,1.7280147301295068,0.04184727146314415,0.0828355605403921,0.02293718261048591,0.011944444444444454
2024-09-02,4200.3291015625,4262.529888077796,4191.921284875112,4251.38116125632,1216500,-0.0071810309984633,-0.7181030998463345,4071.8333251953127,3920.863911132813,64.27266412693105,84.66688770619339,82.89676846895533,1.7701192372380632,4133.90185546875,-0.0158147717684882,0,0.0130022327722687,2025116.8,0.6007060926066091,0.03155722891997881,0.07127643212409884,0.016810254981310436,-0.012008346877731866
2024-09-03,4192.24658203125,4232.706988670382,4176.963354094572,4200.329136859027,1717263,-0.001924258632078,-0.1924258632078013,4088.431005859375,3934.0645703125,63.17554440102235,81.1445741702928,82.54632960922282,-1.4017554389300244,4188.06591796875,-0.0009972371569026,0,0.0105822169974396,1971591.4,0.871003494943222,0.025392522467198475,0.0656272938850726,0.013296840604447569,-0.0019242670191844064
2024-09-04,4161.49462890625,4168.694848446134,4121.9632824379705,4159.357971016076,1265505,-0.0073354351952503,-0.7335435195250373,4102.740869140625,3946.5380224609376,59.04576281116736,75.00705506330132,81.03847470003853,-6.031419636737212,4161.58740234375,2.2293297426312364e-05,0,0.0108919067424717,1924713.3,0.6575031200750782,0.014320611912770342,0.05446713175495321,0.011229514916001557,0.0005136989662980036
2024-09-05,4158.4287109375,4179.843374955519,4138.174918953167,4163.120285213532,1688793,-0.0007367348133657,-0.073673481336578,4115.538671875,3958.5488134765615,58.634232483835625,69.09910156529304,78.65060007308945,-9.55149850779641,4197.21728515625,0.0093276996950142,0,0.0109028824049563,1947269.65,0.8672620147908124,0.010421488529704481,0.050493225391199825,0.010020240552099642,-0.001126936997880042
2024-09-06,4140.5908203125,4198.378570967705,4125.029055295338,4156.570844055927,1649179,-0.0042895747083706,-0.4289574708370658,4128.740625,3969.8802880859375,56.180829416762464,62.25994328690649,75.37246871585286,-13.11252542894637,4201.76904296875,0.0147752398899518,0,0.0108029157407829,1907664.45,0.8645016160992045,0.002870171897150664,0.04300143073303353,0.017714746241656094,-0.0038445209628219187
2024-09-09,4133.90185546875,4171.714807408975,4116.203430594168,4138.965417739988,1184938,-0.0016154614483846,-0.1615461448384647,4138.997473144531,3979.626440429688,55.24729828786774,55.65852073611313,71.42967911990492,-15.771158383791786,4193.08349609375,0.0143161697336158,0,0.0105839834141005,1901784.55,0.6230663720556568,-0.001231123649831467,0.03876630566923378,0.013428324801995609,-0.001223388397867514
2024-09-10,4188.06591796875,4217.88885396822,4125.447324234446,4127.305445435125,1385591,0.0131024064899718,1.3102406489971852,4153.5001220703125,3991.012016601562,60.91136275802139,54.17296080901088,67.97833545772612,-13.805374648715244,4186.021484375,-0.000488156975987,0,0.0105332247704147,1924218.5,0.7200798661898324,0.008322088571700359,0.049374419457394625,0.022072606196850305,0.014721583691080394
2024-09-11,4161.58740234375,4226.621639858806,4154.061921274154,4200.700941634944,1325919,-0.0063223731774122,-0.6322373177412244,4166.618444824218,4000.4952734375,57.10631465768092,50.27945864180583,64.43856009454205,-14.159101452736223,4037.836669921875,-0.0297364251804924,-1,0.0107460744771044,1915734.8,0.6921203289724652,-0.0012074641695877242,0.040268046303133964,0.01743558684933234,-0.009311193497143003
2024-09-12,4197.21728515625,4211.0601974701785,4116.94608580757,4190.295602177849,2742216,0.0085616086766395,0.8561608676639576,4176.951928710938,4009.96443359375,60.66693047787918,49.49827855121112,61.45050378587587,-11.952225234664752,3991.383544921875,-0.0490405252456955,-1,0.0097503238334074,1891518.35,1.4497432710605211,0.00485170928255485,0.046696885886013506,0.022422978194493213,0.0016518364419931245
2024-09-13,4201.76904296875,4224.438028089181,4185.417487693372,4208.643999833735,1458786,0.0010844703772181,0.1084470377218149,4181.9014892578125,4020.4913916015626,61.11105762842947,48.68526310856669,58.89745565041404,-10.212192541847353,3980.931884765625,-0.0525581382376726,-1,0.007674611218904,1791604.75,0.8142342779566755,0.004750842113802056,0.04508843166431342,0.009286693294365133,-0.0016335325262141908
2024-09-16,4193.08349609375,4223.556507717359,4175.617335175356,4205.8580816078,1155120,-0.0020671166801836,-0.2067116680183667,4182.9815673828125,4029.812065429688,59.72522749019242,46.80060324628266,56.47808516958777,-9.677481923305107,3965.6953125,-0.0542293478786156,-1,0.0067713758419134,1746600.25,0.6613533921113317,0.002415006747748638,0.040515892059758585,0.011432916274303291,-0.0030373315661584893
2024-09-17,4186.021484375,4214.032568613279,4149.184325105708,4193.082435128378,1699364,-0.0016842048877225,-0.1684204887722584,4182.161645507813,4039.161127929688,58.56237446251856,44.22732631397957,54.02793339846613,-9.800607084486558,3968.296630859375,-0.0520123593078339,-1,0.006569332284769,1720953.55,0.9874548909236974,0.000922929143911233,0.03635912304409272,0.015491617458158706,-0.0016839522863236966
2024-09-18,4037.836669921875,4178.03182491242,4014.47088636393,4178.03182491242,2961779,-0.0353999173215543,-3.539991732155434,4172.622546386719,4045.8912890625,40.669051256580815,29.886200199088307,49.19958675859057,-19.313386559502263,3971.50146484375,-0.0164284022611069,0,0.0100865032615178,1774193.0,1.6693668614406665,-0.03230243688865686,-0.0019908145239591057,0.0405070714640013,-0.033555310458527686
2024-09-19,3991.383544921875,4108.49190394668,3978.051434787186,4078.622243199174,2927551,-0.0115044586488681,-1.1504458648868177,4163.060180664063,4051.8351416015626,36.86630093973377,14.60402930908458,42.28047526868937,-27.67644595960479,3987.99267578125,-0.0008495473067074,0,0.0101157334044091,1829076.95,1.6005619665154056,-0.041238086477722646,-0.014919559796253923,0.032680514836879136,-0.02138925673314408
2024-09-20,3980.931884765625,4023.483134681912,3927.603894233645,4010.6618255380617,5447908,-0.002618555705965,-0.2618555705965031,4154.745056152344,4058.9853515625,36.04955183325213,1.6306401456595268,34.150508244083404,-32.51986809842388,4003.0439453125,0.0055544935675724,0,0.0100118594974625,2011009.7,2.709041134908499,-0.041834858466065494,-0.01922979760615018,0.02408462219993794,-0.007412726892885875
2024-09-23,3965.6953125,4003.693801666292,3951.2948726865407,3994.960722443481,1702319,-0.0038273883368697,-0.3827388336869797,4143.877380371094,4065.561098632813,34.83784632392508,-9.76773194540101,25.366860206186523,-35.13459215158753,3965.6953125,0.0,0,0.009698247350879,2003917.45,0.8494955717861532,-0.04299887557366311,-0.02456383847395538,0.013213049629553813,-0.007325581395348706
2024-09-24,3968.296630859375,3986.599307388911,3939.217213546721,3950.040679548759,3012026,0.0006559551741596,0.0655955174159617,4133.385961914062,4067.364301757813,35.23807470075026,-18.37925468955381,16.617637227038458,-34.99689191659228,3983.718994140625,0.0038863937643467,0,0.0097212265096784,2107983.9,1.4288657517735313,-0.0399404586399279,-0.02435672429332758,0.011940159279859306,0.004621712228214746
2024-09-25,3971.50146484375,3985.298104318543,3939.21661171706,3950.6905998877737,2713073,0.0008076094814719,0.080760948147196,4122.641357421875,4069.505043945313,35.761559591097,-24.661067750297207,8.361896231571325,-33.02296398186853,3932.481201171875,-0.0098250659145634,0,0.0096961426497217,2151234.65,1.2611701842939356,-0.036660936393613786,-0.024082432149181043,0.011603040565237758,0.005267652434378803
2024-09-26,3987.99267578125,4010.5686671887433,3957.798205900553,3957.798205900553,3964251,0.004152386970893,0.415238697089304,4112.4542236328125,4071.804130859375,38.51566508735284,-27.986140156147485,1.0922889540275635,-29.078429110175048,3950.597900390625,-0.0093768415417913,0,0.0097774332464613,2242765.15,1.767572944496663,-0.030264543040096625,-0.02058337100326979,0.013232336560862045,0.007629107981220717
2024-09-27,4003.0439453125,4067.427669171365,3995.007207492202,4027.478059812212,3012477,0.0037741467336827,0.3774146733682704,4101.0709228515625,4071.862685546875,41.00182703917359,-29.07165241856728,-4.940499320491406,-24.13115309807588,3969.736083984375,-0.0083206334437392,0,0.0095024972249347,2211527.9,1.3621700182936871,-0.023902775490383887,-0.016901046412652332,0.01809134815119036,-0.006066852292387479
2024-09-30,3965.6953125,3993.799396652073,3957.844568692927,3982.789937420948,2503416,-0.0093300581564274,-0.93300581564274,4089.3392333984375,4071.2327880859375,37.003369673322325,-32.57020222267329,-10.466439900927782,-22.103762321745503,3951.52734375,-0.0035726316909274,0,0.0095675428972225,2275873.7,1.0999801966163587,-0.030235672278937753,-0.025922731781582886,0.009066462530748411,-0.0042921231572703574
2024-10-01,3983.718994140625,3991.01221083208,3941.9579909083504,3953.663791959934,1823365,0.0045448982386049,0.4544898238604933,4078.9128540039055,4071.243002929688,40.04207999573307,-33.502274306150866,-15.0736067819724,-18.428667524178465,3951.248779296875,-0.0081507292285194,0,0.009707951699788,2281178.8,0.7993082348477025,-0.023338046992064876,-0.021498104811253027,0.012313674733554299,0.007601860897178613
2024-10-03,3932.481201171875,3975.450253337536,3911.345072809307,3960.213750433312,3350119,-0.0128617989984012,-1.286179899840123,4067.4621826171874,4069.94974609375,34.889773172781474,-37.9380832202728,-19.64650206963248,-18.29158115064032,3927.510498046875,-0.0012640119229352,0,0.0099288897818114,2385409.5,1.404420918085553,-0.03318555290376657,-0.03377647231487668,0.016301458862441814,-0.007002791013086711
2024-10-04,3950.597900390625,3993.1024224537377,3924.398210251953,3925.280999271066,2965463,0.0046069385438769,0.4606938543876948,4057.070642089844,4068.9463525390624,37.93089564351472,-39.5358824806076,-23.624378151827504,-15.911504328780094,3854.8583984375,-0.0242341803360089,-1,0.0100577924024699,2449243.0,1.2107671635684985,-0.026243748529942712,-0.02908577353805286,0.01739083904109588,0.006449704142011882
2024-10-07,3969.736083984375,3992.40506851833,3929.3682254716655,3970.711416011911,1472619,0.0048443764909249,0.4844376490924951,4048.5279052734377,4068.0237890625,41.06260852103964,-38.8104754323017,-26.661597607922342,-12.148877824379356,3843.197998046875,-0.031875692303075,-1,0.0101794450615002,2440415.0,0.6034297445311556,-0.019461844683454466,-0.024161044815516175,0.015879353617733544,-0.00024563155700583307
2024-10-08,3951.52734375,3975.8221898436273,3905.724833607358,3969.504758666336,1541867,-0.0045868893672394,-0.4586889367239499,4039.4091796875,4065.52275390625,39.04412140713784,-39.25240103500573,-29.179758293339027,-10.072642741666703,3824.75634765625,-0.0320815181234312,-1,0.0101943683192073,2458261.45,0.6272184758866881,-0.021756111358913865,-0.028039545479537686,0.017739306890319228,-0.004528881059302692
2024-10-09,3951.248779296875,3990.315599224436,3945.442150077981,3957.7984755986254,1082504,-7.049538795822485e-05,-0.0070495387958224,4027.568322753906,4063.141572265625,39.01252672392607,-39.17353989908315,-31.178514614487856,-7.995025284595297,3804.45703125,-0.0371507227831391,-1,0.0095591871295941,2443107.1,0.4430849552195235,-0.018949285857141396,-0.027538492316515173,0.011356776465601445,-0.001654883729460156
2024-10-10,3927.510498046875,3989.246753361262,3900.7537355297673,3951.526804113441,2378875,-0.0060077921123012,-0.6007792112301291,4015.864477539063,4060.57828125,36.31565384137242,-40.55898406724509,-33.054608505039305,-7.504375562205787,3817.51025390625,-0.0280076257454505,-1,0.009553450789223,2495754.9,0.9531685182707644,-0.022001235347048342,-0.032770648411723724,0.022531580214871953,-0.006077728244577647
2024-10-11,3854.8583984375,3941.028768538948,3820.71542160485,3849.098041297021,5759183,-0.0184982572664043,-1.8498257266404303,3998.746533203125,4056.190317382812,29.576735209886166,-46.97784446336527,-35.8392556967045,-11.138588766660774,3839.908203125,-0.0038782735362107,0,0.0097665670727207,2646603.25,2.176065868580793,-0.03598330966238217,-0.04963571804865852,0.031210834354606955,0.0014965472634565038
2024-10-14,3843.197998046875,3869.908487223454,3829.773346107295,3846.3104414273184,2137590,-0.0030248582919027,-0.3024858291902799,3980.817980957031,4051.3508203125,28.65758618879944,-52.40168048050782,-39.15174065346517,-13.249939827042652,3799.675048828125,-0.0113246700380434,0,0.0096925025505641,2680543.45,0.7974465028723933,-0.034570780067937346,-0.05137862197023202,0.0104431624747296,-0.0008092023324275531
2024-10-15,3824.75634765625,3874.1362795372975,3804.5030088222256,3837.995460690613,2759474,-0.0047985168601766,-0.4798516860176627,3962.401623535157,4048.2616943359376,27.216975720632192,-57.52508331164654,-42.82640918510145,-14.698674126545091,3739.744140625,-0.0222268294510692,-1,0.0096770615174505,2760761.15,0.9995337698808172,-0.03473784057157314,-0.0552102021942904,0.018205936374938496,-0.0034494863711956583
2024-10-16,3804.45703125,3823.08474346886,3778.675597074724,3795.212922738832,2359151,-0.0053073489030717,-0.5307348903071718,3943.3234008789054,4047.1449755859376,25.686327848219747,-62.50290754153639,-46.76170885638844,-15.74119868514795,3787.00927734375,-0.0045861350944256,0,0.0096546471867737,2793750.5,0.844438685559072,-0.03521556705137452,-0.059965221359731924,0.011672926262369876,0.0024357285610466166
2024-10-17,3817.51025390625,3836.9742562004353,3802.59878494128,3821.040502958908,2522659,0.0034310343234342,0.3431034323434279,3932.307080078125,4045.9892333984376,28.472015570576787,-64.64934571441017,-50.33923622799279,-14.310109486417389,3769.919189453125,-0.0124665190890915,0,0.006573536154841,2771794.5,0.9101176151406608,-0.02919325063738265,-0.056470486279637466,0.009004683412174414,-0.0009238973127670617
2024-10-18,3839.908203125,3861.4219511234783,3799.814751434331,3809.128022883925,2361000,0.0058671615081666,0.5867161508166685,3924.733312988281,4044.737944335937,33.10571557571514,-63.8075523712705,-53.03289945664833,-10.774652914622171,3778.906494140625,-0.0158862414822131,0,0.0065075578303026,2743466.95,0.860589918898057,-0.021612961467360248,-0.05064104128124569,0.016043925122743847,0.008080636842909524
2024-10-21,3799.675048828125,3855.647899798256,3790.501385728475,3848.8025545031073,1595450,-0.0104776344038985,-1.0477634403898597,3915.6704711914062,4043.20041015625,29.418994652047505,-65.63035847230685,-55.55239125978004,-10.077967212526817,3809.919921875,0.0026962497885272,0,0.0067838609901224,2550844.05,0.6254596395259836,-0.029623387161072268,-0.06023084107243504,0.017145285644853535,-0.012764361117330647
2024-10-22,3739.744140625,3808.941792786158,3731.222588221232,3786.776161320197,1928049,-0.0157726404055548,-1.5772640405554816,3904.372912597656,4039.419995117188,24.960031590807134,-71.0913717873591,-58.660187365295855,-12.43118442206324,3795.390869140625,0.0148798223683626,0,0.0074208527217462,2562130.55,0.7525178605750593,-0.042165227466227195,-0.07418784252551935,0.020781957706854655,-0.012420068863748206
2024-10-23,3787.00927734375,3831.06087258952,3720.7918215935465,3724.936409588488,1966476,0.0126386017175097,1.2638601717509743,3895.308544921875,4037.199921875,33.51824768174511,-70.7893471331281,-61.08601931886231,-9.70332781426579,3804.14501953125,0.0045248746260053,0,0.0081692563335755,2509853.05,0.7835024444957047,-0.027802487615341764,-0.061971328983642215,0.02911771345680921,0.01666414159325729
2024-10-24,3769.919189453125,3798.883555612545,3729.034017325969,3729.034017325969,2676744,-0.0045128191242805,-0.4512819124280587,3885.229431152344,4034.61388671875,32.093004275165924,-71.10931377840325,-63.090678210770506,-8.018635567632742,3695.925048828125,-0.0196275137228428,0,0.0081492183422299,2508036.6,1.067266721705736,-0.029679133174129846,-0.06560595504242772,0.018528126141798912,0.010964011574363134
2024-10-25,3778.906494140625,3810.990668738502,3755.762923689694,3778.440830569176,1759676,0.0023839515479915,0.2383951547991536,3874.7751220703126,4030.381064453125,33.68983074719564,-69.8327013598473,-64.43908284058587,-5.393618519261437,3710.593505859375,-0.0180774486977046,0,0.0080817600309685,2397807.85,0.7338686458967093,-0.02474172691561638,-0.06239473793940675,0.014614742422031606,0.00012324225582195146
2024-10-28,3809.919921875,3850.1065991283663,3772.806442445335,3789.523720012066,1532534,0.0082069846878887,0.8206984687888719,3865.118920898437,4024.52390625,39.0188106654785,-65.56268655328131,-64.66380358312496,-0.8988829701563503,3691.92041015625,-0.0309716514095861,-1,0.0083245801231949,2323810.7,0.6594917563638036,-0.0142813197092021,-0.05332406748577756,0.020289181470509492,0.005382259980383262
2024-10-29,3795.390869140625,3821.7008604425614,3781.281354135695,3814.5762988806255,1445885,-0.0038134798190784,-0.3813479819078424,3856.6036987304688,4017.002084960937,37.4984404009046,-62.62909298787872,-64.25686146407571,1.6277684761969908,3698.6259765625,-0.0254953694927434,-1,0.0081741720297312,2270934.15,0.6366917332235283,-0.015872211503088596,-0.05516830988213617,0.010649629432243022,-0.005029504782911374
2024-10-30,3804.14501953125,3824.96027046286,3781.234510070215,3795.157804269821,1935002,0.0023065214341433,0.2306521434143338,3847.625,4009.0365869140624,39.03972778557878,-58.918634830115934,-63.18921613728376,4.270581307167824,3855.368408203125,0.0134651514095502,0,0.0080924474030798,2276516.0,0.8499839228013333,-0.011300472491147184,-0.051107432656414487,0.011494241194315186,0.0023680741947851676
2024-10-31,3695.925048828125,3798.23142349314,3688.055380171151,3790.501362953683,3740372,-0.028447908832997,-2.844790883299708,3835.7971923828127,3998.38271484375,29.390746260053533,-63.97307541980899,-63.34598799378881,-0.6270874260201822,3865.845458984375,0.0459750692753162,1,0.0097471819540897,2296028.65,1.6290615537397586,-0.036464947581808516,-0.07564500138837871,0.02981014005057354,-0.024950871947942255
2024-11-01,3710.593505859375,3724.330581026832,3703.003280699814,3715.855640568731,154895,0.0039688188579205,0.3968818857920553,3823.79697265625,3988.9419677734377,31.849447605070665,-66.0339359998984,-63.88357759501073,-2.150358404887676,3862.213623046875,0.0408614193249887,1,0.0097218045894684,2155500.25,0.071860348891168,-0.029604988864834203,-0.06978002291405416,0.005747678988102708,-0.0014161300164369432
2024-11-04,3691.92041015625,3717.7647384247807,3644.51594943524,3693.9228999424704,2269192,-0.005032374382599,-0.503237438259907,3809.906188964844,3979.8356884765626,30.39830498137377,-68.38563855036136,-64.78398978608085,-3.601648764280512,3910.36328125,0.0591678169694089,1,0.0095471803630722,2195328.9,1.033645573563032,-0.030968158520630396,-0.07234350884232699,0.019840294711672975,-0.0005421038393225753
2024-11-05,3698.6259765625,3712.269827653512,3670.45333173397,3670.45333173397,967590,0.0018162814094808,0.1816281409480868,3797.261120605469,3970.1472314453126,31.60346883841196,-68.91390005406765,-65.60997183967822,-3.3039282143894297,3909.152587890625,0.0569202219046187,1,0.0096186416254364,2166615.05,0.4465906391631499,-0.025975338779768098,-0.06839072685573089,0.011305954206920415,0.007675521872177233
2024-11-06,3855.368408203125,3864.8212879793314,3702.258313204772,3728.661529286281,3792017,0.0423785569651735,4.237855696517356,3792.467102050781,3963.692099609375,52.36596114922975,-56.038766798698816,-63.69573083148234,7.656964032783527,3865.33349609375,0.0025847303903363,0,0.0140304583387923,2302090.7,1.6472057334665398,0.016585854131293543,-0.02732898738954148,0.042165354270339406,0.033981866662243634
2024-11-07,3865.845458984375,3916.975224376799,3804.517707610648,3883.354680818364,3724349,0.0027175226001638,0.2717522600163891,3789.383850097656,3957.281137695312,53.38458103989339,-44.47701712833896,-59.85198809085367,15.374970962514716,3861.18896484375,-0.0012045215438716,0,0.0140065943080313,2369364.4,1.5718768290770302,0.020177847352346845,-0.023105681787417343,0.02909001871887956,-0.004508787703702441
2024-11-08,3862.213623046875,3883.401315336317,3834.879080725745,3869.6642401156896,1648039,-0.0009394674401842,-0.0939467440184249,3789.751611328125,3950.690703125,52.96178663689111,-35.20152475907298,-54.92189542449754,19.72037066542456,3743.4697265625,-0.0307450358974962,-1,0.0133679129924081,2163807.2,0.761638560034369,0.01912051742445353,-0.022395344694571828,0.012563322318844999,-0.0019253910950661345
2024-11-11,3910.36328125,3943.5181622491855,3834.878946856849,3844.704720623095,1406487,0.0124668552551838,1.2466855255183873,3793.1098754882814,3944.28376953125,57.74028681074738,-23.69224575544922,-48.67596549068788,24.98371973523865,3762.142822265625,-0.0379045240361899,-1,0.0136189397624347,2127252.05,0.6611755292467576,0.030912209139901226,-0.008599910722265625,0.027782384289781033,0.01707766015806384
2024-11-12,3909.152587890625,3928.3380186185295,3878.3724067000553,3926.475364271153,1587640,-0.0003096114791124,-0.0309611479112459,3797.3296875,3938.4602392578126,57.581887851813406,-14.501586795460751,-41.84108975164246,27.339502956181704,3793.156005859375,-0.0296730760499276,-1,0.0135559903053604,2068660.35,0.76747253361336,0.02944777240667884,-0.007441398309688263,0.01278169904987915,-0.004411787869129679
2024-11-13,3865.33349609375,3908.5469823117096,3847.358610327207,3891.177822956001,1098813,-0.0112093582462381,-1.1209358246238144,3800.373510742188,3931.921977539064,52.01959040261617,-10.631207904104484,-35.59911338213486,24.96790547803037,3953.111328125,0.0227089931877695,1,0.0137672057198052,2005643.45,0.547860588082094,0.01709305287176255,-0.016935351674244203,0.015830036928595893,-0.006641774814243215
2024-11-14,3861.18896484375,3874.320768012165,3833.761654371864,3851.0375903197846,1825432,-0.0010722312199421,-0.1072231219942154,3802.557446289063,3925.9158642578127,51.5127401211662,-7.808324280915258,-30.04095556189094,22.23263128097568,4018.76953125,0.0408114101228989,1,0.0137601689555917,1970782.1,0.926247503465756,0.015418969833553842,-0.016487082671166498,0.010504306836467454,0.002636010240326538
2024-11-18,3743.4697265625,3923.681541984777,3716.181793791039,3923.681541984777,3313944,-0.0304878210709415,-3.04878210709415,3797.735522460937,3917.616684570312,39.68512415004989,-14.89838803696739,-27.01244205690623,12.11405401993884,4053.78759765625,0.0828957875341773,1,0.015345767246667,2018429.3,1.641842991478572,-0.014288987628941707,-0.04445227086501258,0.0554297919711716,-0.045929266555898365
2024-11-19,3762.142822265625,3848.383584240519,3738.440590588596,3743.842106428696,1776233,0.0049881786329475,0.4988178632947537,3795.858911132813,3910.047724609375,41.961542046474456,-18.793907413260968,-25.36873512817718,6.574827714916211,4035.02099609375,0.0725326460795534,1,0.0152408170225644,2027468.45,0.8760841629866053,-0.008882334580008311,-0.03782687904622095,0.029223503425027785,0.00488821785659825
2024-11-21,3793.156005859375,3811.40988220988,3747.660582048356,3767.1252292109634,2384347,0.0082434891653244,0.8243489165324469,3798.529504394531,3903.232807617188,45.63172581990321,-19.15779076996341,-24.126546256534425,4.968755486571013,3953.390869140625,0.0422431513583232,1,0.0149071888084762,2050283.35,1.1629353572031884,-0.0014146259832757968,-0.028201444080659832,0.016806400807941706,0.006909984421692242
2024-11-22,3953.111328125,3962.750655117127,3775.600281653816,3791.432843269039,3096553,0.042169455202617,4.216945520261706,3806.834606933594,3898.533715820312,59.76428222374068,-6.46459343827064,-20.59415569288167,14.12956225461103,3977.558349609375,0.0061842481668661,0,0.0173949154983395,2106787.2,1.4697986583552434,0.03842476395611838,0.013999522970190359,0.04734255069716894,0.04264310922531308
2024-11-25,4018.76953125,4030.876783161637,3960.189149488993,3986.079860138673,4052167,0.0166092471663685,1.660924716636858,3819.277124023437,3895.6773583984377,63.91117583556691,8.791581283862342,-14.71700829753287,23.508589581395213,3982.9599609375,-0.0089105807222943,0,0.017600072547944,2175558.35,1.862587137688125,0.05223302754642911,0.03159711688807998,0.017589372349664796,0.008200957396320086
2024-11-26,4053.78759765625,4066.732953228961,4014.0197491006056,4024.310731522724,2060669,0.0087136289189886,0.8713628918988636,3833.0211791992174,3892.808764648437,65.9281253248974,23.437699753452307,-7.086066687335834,30.52376644078814,4007.267822265625,-0.0114756321760718,0,0.0176387077903128,2190608.0,0.9406835910395652,0.05759592972120098,0.04135287468259463,0.01300344501493668,0.007324699333635347
2024-11-27,4035.02099609375,4076.7911069702654,4027.104715840101,4059.6083950341376,1558993,-0.0046293993235734,-0.4629399323573424,3844.276232910156,3889.473803710937,63.86804539875848,33.14843176591194,0.96083300331372,32.18759876259821,4055.370849609375,0.0050433079617988,0,0.0176981276833679,2191930.95,0.7112418390734434,0.04961786084742359,0.03742079256169473,0.012313787506499984,-0.006056593776499191
2024-11-28,3953.390869140625,4041.913795234672,3942.308166049447,4022.4023078590976,2558544,-0.020230409465564,-2.023040946556409,3852.176232910156,3884.679951171875,55.71311421718614,33.86699023222309,7.542064449095594,26.32492578312749,4157.49072265625,0.0516265303056138,1,0.0183986850875491,2247563.9,1.138363185135693,0.026274664010894844,0.01768766509272468,0.025194986400845457,-0.017156771858358344
2024-11-29,3977.558349609375,4003.4958997310346,3907.522371310432,3930.2002766528776,2017425,0.0061131017065365,0.6113101706536561,3860.846899414063,3880.5106884765614,57.445512050674736,35.97190496279745,13.228032551835966,22.743872410961487,4140.21484375,0.0408935532414249,1,0.0184195113344905,2251685.05,0.8959623371838793,0.030229494521791134,0.025008992095036042,0.02412875437264872,0.012049786174466786
2024-12-02,3982.9599609375,3993.71706181836,3939.5600270221935,3976.766726657372,1670944,0.0013580218951798,0.1358021895179861,3875.1986450195313,3879.413154296875,57.84245169354469,37.6420162113568,18.11082928374013,19.53118692761667,4146.408203125,0.0410368780481107,1,0.0169393330705041,2148213.65,0.7778295236137244,0.027807946324626576,0.026691358337519677,0.013597182830685332,0.0015573541788641721
2024-12-03,4007.267822265625,4027.9898509787527,3972.529502098055,4018.071307960362,2010905,0.0061029640183487,0.6102964018348755,3890.032360839844,3879.73083984375,59.66576391734744,40.46062773755557,22.58078897450322,17.879838763052348,4128.15380859375,0.0301666850556991,1,0.0169466315722297,2241014.15,0.8973191891715633,0.030137400039641493,0.032872636707708125,0.013839940662948084,-0.0026887242327765
2024-12-04,4055.370849609375,4085.685821181156,3994.50852942798,4017.326044595098,3302642,0.0120039461990721,1.200394619907219,3908.2048828125,3881.219619140625,63.06968190808791,46.04513037111565,27.27365725382571,18.771473117289936,4123.404296875,0.0167761346097801,0,0.0168974355640194,2292686.65,1.4405117245306942,0.03765564273359412,0.04487023347246466,0.02248309590772893,0.009470181058732385
2024-12-05,4157.49072265625,4180.727516616581,4060.586315983135,4098.584281260393,3746747,0.0251813895285832,2.5181389528583287,3931.1481201171873,3885.05552734375,69.04266585314656,58.042036775837005,33.42733315822797,24.61470361760904,4149.01611328125,-0.0020383952581823,0,0.0174751992524528,2431644.5,1.540828439354519,0.05757671693436861,0.07012388713495854,0.028897527053695204,0.014372387476619581
2024-12-06,4140.21484375,4158.375723168091,4109.713879599103,4147.199797372343,1842087,-0.0041553619860424,-0.4155361986042494,3945.3904418945312,3888.4938916015626,67.06647737317095,65.40174191777442,39.82221491013726,25.57952700763716,4166.66455078125,0.0063884865953702,0,0.0153460314145091,2334148.0,0.789190316980757,0.04938025899457399,0.06473482000115993,0.011753458553593433,-0.0016842578037278195
2024-12-09,4146.408203125,4162.473596939852,4112.321537472264,4126.198676219265,2066639,0.0014959028960415,0.1495902896041512,3959.4185791015625,3891.992026367188,67.42643134141157,70.91663083190952,46.04109809449172,24.8755327374178,4111.99560546875,-0.0082993752593665,0,0.015352500899687,2251262.5,0.9179911272008484,0.04722653598950055,0.06536914131226679,0.012095302008564856,0.004897855990844556
2024-12-10,4128.15380859375,4185.1975942064855,4109.108442002176,4122.193406026578,2087828,-0.0044024595835722,-0.4402459583572216,3972.7155883789055,3894.7952490234375,65.16567623233934,72.973054994829,51.42748947455917,21.545565520269825,4031.249267578125,-0.0234740626218661,-1,0.01542599007846,2273251.95,0.9184322925578046,0.03912644053088932,0.059915488401816264,0.018431762897475234,0.0014459298679335168
2024-12-11,4123.404296875,4143.148158287083,4104.358476029229,4127.502045111503,1635256,-0.0011505171413096,-0.1150517141309648,3983.367639160156,3897.202456054688,64.55915307768092,73.37373333300138,55.81673824624762,17.556995086753766,4049.27001953125,-0.0179789009290052,0,0.0153070037917353,2284690.4,0.7157451180256196,0.035155343518422644,0.05804210670884835,0.009407198388780747,-0.0009927913279550225
2024-12-12,4149.01611328125,4177.002312539005,4122.054010099808,4125.825703197917,1914642,0.0062113279616216,0.6211327961621604,3995.360815429688,3900.8688720703126,66.37653834133769,74.8945950681591,59.63230961062992,15.262285457529188,3978.5361328125,-0.0410892548532249,-1,0.0153074797265989,2301040.5,0.8320766192511605,0.038458428399798184,0.06361332547926368,0.013243694634808643,0.0056207924792745795
2024-12-13,4166.66455078125,4186.222421425734,4092.624040484277,4130.389630221359,1967048,0.004253644000925,0.4253644000925094,4010.427368164064,3904.527783203125,67.60912142578647,76.64050631287637,63.03394895107921,13.606557361797158,3883.9130859375,-0.0678603860228522,-1,0.0149330168877072,2344452.25,0.8390224198424173,0.038957738982493995,0.06713661219310829,0.022463622833258146,0.008782445194630966
2024-12-16,4111.99560546875,4167.6887843067,4095.045270300907,4152.787550664486,1646224,-0.013120553537781,-1.3120553537781077,4022.967700195312,3908.1180712890623,60.24208387241147,72.77393394334831,64.98194594953303,7.791987993815283,3872.7373046875,-0.058185446614546,-1,0.0153790680405529,2335491.85,0.7048725089749296,0.022129908045027458,0.052167700786081905,0.017666243103270984,-0.00982278642913212
2024-12-17,4031.249267578125,4128.526563027335,4021.470333233763,4107.152424631981,3225027,-0.0196367763095943,-1.9636776309594373,4037.3566772460936,3909.731098632813,51.34316843461213,62.47393223870222,64.48034320736687,-2.006410968664653,3892.48193359375,-0.0344229108084261,-1,0.0142776694963306,2331046.0,1.3835106643112147,-0.0015127248237414292,0.031080953108976184,0.026556588959801255,-0.018480725623582772
2024-12-18,4049.27001953125,4062.448205083399,3995.0202240369567,4015.6026408310418,1575404,0.0044702648625722,0.4470264862572293,4051.713037109375,3911.32177734375,53.01142975879111,55.12972955196392,62.61022047628629,-7.480490924322368,3882.796142578125,-0.0411120711017429,-1,0.0142758819569371,2321004.55,0.6787595483171285,-0.0006029591818940139,0.03526895766708904,0.016651885579674883,0.00838414098991644
2024-12-19,3978.5361328125,4064.311449354893,3969.316085506543,3987.942627437592,3015763,-0.0174683057384595,-1.7468305738459589,4060.982043457031,3911.861953125,46.30100553809097,43.10487631781598,58.70915164459223,-15.604275326776246,3878.837890625,-0.0250590264507718,-1,0.0149925079160172,2352575.35,1.2818985797840652,-0.020301963850681393,0.017044103418382806,0.023876963957895705,-0.002358733688988888
2024-12-20,3883.9130859375,4081.075207937829,3867.335646043321,4031.71487338267,4116989,-0.0237833825598836,-2.378338255988366,4057.522131347656,3910.515239257813,39.15975160649285,25.644194103679183,52.09616013640962,-26.45196603273044,3873.203125,-0.0027575181783231,0,0.0129160465644785,2403597.15,1.7128448500615006,-0.04278696203993193,-0.00680272334787313,0.05503201466283981,-0.03665978177696923
2024-12-23,3872.7373046875,3927.4063874513017,3832.31779942793,3911.620211179341,2195338,-0.0028774540013432,-0.2877454001343205,4050.2205200195312,3909.419775390625,38.40630543181357,10.78041558429959,43.83301122598762,-33.05259564168803,3813.598388671875,-0.0152705725596322,0,0.0122512815408237,2310755.7,0.9500519678475746,-0.0438206301248939,-0.009383098467459883,0.024553327670399458,-0.009940358315133523
2024-12-24,3892.48193359375,3928.338029883583,3872.737615555093,3872.737615555093,1181886,0.0050983651492062,0.5098365149206252,4042.155236816406,3910.17224609375,40.581459628715926,0.5872214367450397,35.1838532681391,-34.59663183139406,3830.036865234375,-0.0160424812304067,0,0.0121142459912567,2266816.55,0.5213858174804662,-0.03702809379001948,-0.004524177296197696,0.014284051994855908,0.005098284469196388
2024-12-26,3882.796142578125,3911.5276763317006,3858.628020945553,3892.4818540644487,1208464,-0.0024883329404903,-0.2488332940490334,4034.543994140625,3910.964208984375,39.83822728408036,-8.178247009869665,26.51143321253735,-34.68968022240702,3888.98876953125,0.0015948885096535,0,0.0120988495577246,2249290.1,0.537264624069612,-0.0376121444661115,-0.00720233295450301,0.013624113510894457,-0.002488312559815817
2024-12-27,3878.837890625,3893.8323483767854,3862.4464421773887,3877.114844483566,858100,-0.0010194333690918,-0.1019433369091826,4030.816345214844,3912.04583984375,39.51968765861528,-15.268337863052691,18.155478997419344,-33.42381686047204,3818.347900390625,-0.0155948745320284,0,0.0112990583389272,2164267.9,0.3964851116629323,-0.037704137716486286,-0.00848864010757,0.00809157461188445,0.00044441452227957806
2024-12-30,3873.203125,3910.921874141445,3829.617196780828,3865.938955213331,1527169,-0.0014526942821248,-0.14526942821248,4025.598583984375,3913.42076171875,39.04112055793582,-21.098751169814022,10.304632963972672,-31.40338413378669,3813.78466796875,-0.0153409090909091,0,0.0111782365358159,2139755.1,0.713712050505219,-0.03785659593350221,-0.010276849632975926,0.020991586223771057,0.001879018233558215
2024-12-31,3813.598388671875,3855.647945140545,3755.157611091625,3851.037693933587,1555429,-0.0153890034693506,-1.5389003469350682,4017.130505371094,3913.342524414063,34.30831825068765,-30.181090975704592,2.20748817603722,-32.38857915174181,3751.6650390625,-0.0162401341980176,0,0.011590734751549,2133979.35,0.7288866220753261,-0.05066604543394515,-0.025488220139156526,0.026350528767639,-0.009721874527660138
2025-01-01,3830.036865234375,3850.1067852265496,3804.890802542408,3813.2261358114647,763161,0.0043104896969039,0.4310489696903952,4008.2689575195313,3913.14509765625,36.59134048390499,-35.64160875053949,-5.362331209278122,-30.27927754126137,3826.264404296875,-0.0009849672653918,0,0.011530691199704,2071592.15,0.3683934600736926,-0.04446610099623982,-0.02123821896398681,0.01180562597048911,0.004408531994741752
2025-01-02,3888.98876953125,3895.740890366813,3815.600382901077,3837.067288623301,1720835,0.0153919939601592,1.5391993960159225,3999.949853515625,3914.9313720703126,44.09497331361089,-34.81090400058201,-11.252045767538904,-23.55885823304311,3761.490478515625,-0.0327844328105356,-1,0.0117726371187235,1992501.8,0.8636554305747678,-0.027740618769720116,-0.006626579133453214,0.020607029800036033,0.013531553398058303
2025-01-03,3818.347900390625,3892.900907869697,3811.269950829448,3892.900907869697,1791953,-0.0181643283966437,-1.8164328396643723,3982.992712402344,3916.503447265625,38.25332891614594,-39.39853053533125,-16.881342721097372,-22.517187814233875,3972.715576171875,0.0404278708510186,1,0.0104113260998068,1894762.1,0.9457403649777456,-0.04133696039639834,-0.025062035102644598,0.02137860644701811,-0.019151015975865073
2025-01-06,3813.78466796875,3864.681605615779,3787.148620607623,3823.563603014824,2085593,-0.0011950803176966,-0.1195080317696661,3966.671203613281,3917.038955078125,37.904001770897366,-42.90785726674813,-22.08664563022752,-20.8212116365206,3996.418212890625,0.0478877442808398,1,0.0104329220129631,1906937.4,1.0936871865851496,-0.038542780028066104,-0.026360291100887334,0.0203296703296704,-0.0025575447570332986
2025-01-07,3751.6650390625,3856.020287112112,3736.065309985075,3832.364669490885,2669054,-0.0162881846549913,-1.6288184654991378,3946.934045410156,3916.673872070312,33.42868901170567,-50.12376333924794,-27.694069172031607,-22.429694167216336,3942.3544921875,0.0508279526928798,1,0.0106904349844323,1937058.15,1.3778904882127572,-0.04947359243935989,-0.042129837305190265,0.03197379720152526,-0.02105739860061528
2025-01-08,3826.264404296875,3842.655853224678,3741.839688389106,3757.811858196048,2181277,0.019884335210538,1.988433521053801,3931.8395751953126,3917.6210302734376,42.247324632030114,-49.25509351023948,-32.00627403967319,-17.24881947056629,3957.767822265625,0.0343686175532125,1,0.0120473779754315,1941730.6,1.1233674743550932,-0.026851342451629234,-0.023319413815324097,0.02634845744647342,0.018216065275201917
2025-01-09,3761.490478515625,3853.5986360350175,3748.870951071417,3819.372365749408,2392472,-0.016928763654835,-1.6928763654835088,3913.743884277344,3916.65244140625,37.590955284252864,-53.18035090299372,-36.241089412337296,-16.939261490656428,3917.441162109375,0.0414598108075743,1,0.0123821753218234,1979591.4,1.2085685965295667,-0.03890224047959945,-0.039615964196944464,0.02784207099865598,-0.01515481647006831
2025-01-10,3972.715576171875,4001.91277334576,3883.6342250062416,3911.574039574632,7894300,0.056154627763302,5.6154627763302045,3904.928857421875,3920.198935546875,55.00623716322625,-38.79978578909186,-36.75282868768821,-2.046957101403649,3911.750244140625,-0.015346009766447,0,0.0182865207547842,2278574.3,3.4645787060794992,0.017359271122484587,0.013396422347039305,0.029772719962371918,0.015630929129464177
2025-01-13,3996.418212890625,4026.08107496772,3937.0924887364367,3953.4839382998034,4003771,0.0059663563283807,0.5966356328380717,3896.416540527344,3924.0443994140624,56.47403814704709,-25.19998984150061,-34.44226091845069,9.242271076950082,3867.64697265625,-0.0322216628427469,-1,0.0183213862079067,2380410.45,1.681966654112109,0.0256650364054114,0.018443678539256547,0.0222670855478154,0.010859858105123726
2025-01-14,3942.3544921875,4017.6523885968354,3929.315911155568,4006.569685669616,3441709,-0.0135280438190227,-1.3528043819022728,3887.934484863281,3928.97298828125,52.28436046174714,-18.570475125643043,-31.267903759889165,12.697428634246124,3827.859130859375,-0.0290423810327099,-1,0.0183347112591444,2470184.7,1.3933002661703795,0.013997151324460333,0.003405852864390324,0.022407035596703068,-0.016027474503138118
2025-01-15,3957.767822265625,3964.1475039910265,3918.512475086078,3928.3377943076216,1653474,0.0039096763390176,0.390967633901762,3884.260412597656,3933.916474609375,53.34700145335029,-11.935228146865484,-27.40136863728443,15.466140490418947,3942.385986328125,-0.0038864927474938,0,0.0178896172353901,2391607.05,0.6913652474807682,0.018924428812642446,0.006063003068365491,0.011530496722979698,0.007491725380808424
2025-01-16,3917.441162109375,3999.118734083526,3903.9837578032057,3967.4536113637214,2637705,-0.0101892435249435,-1.0189243524943548,3877.6689697265615,3938.426889648437,50.19718232897564,-9.817600376562496,-23.884614985140043,14.067014608577548,3931.81103515625,0.0036681783981504,0,0.0179637807424972,2444722.1,1.078938583653332,0.010256727093859608,-0.0053284542603088125,0.02428497898079318,-0.012605679650821615
2025-01-17,3911.750244140625,3946.179768328342,3888.7499900580783,3945.5156582213353,1761466,-0.0014527130678552,-0.1452713067855215,3874.3296752929687,3942.689375,49.750755755449376,-8.500585176520872,-20.80780902341621,12.307223846895337,3938.35498046875,0.0068012359347267,0,0.0175672119499516,2382007.25,0.7394880934976164,0.009658591803968442,-0.00784721491263174,0.014681350977426878,-0.008557921702921847
2025-01-20,3867.64697265625,3932.142300220547,3858.446917151911,3932.142300220547,1287799,-0.0112745622117457,-1.127456221174572,3873.5163696289055,3942.9349462890623,46.31320810410844,-10.890072586335918,-18.82426173600015,7.934189149664231,3855.648681640625,-0.0031022197993899,0,0.0169126830599615,2240547.75,0.5747697186993671,-0.0015152632421217005,-0.01909439913627553,0.01905432000119264,-0.0164020838108223
2025-01-21,3827.859130859375,3899.136119079718,3822.3105229606576,3884.2452782424407,1971591,-0.0102873509599427,-1.028735095994271,3871.2724609375,3942.1752197265614,43.39980182940824,-15.812033605328452,-18.22181610986581,2.409782504537357,3832.079345703125,0.0011025000397029,0,0.017057807975763,2229360.4,0.8843751777415622,-0.011214227496561091,-0.028998226231840563,0.020070121050095306,-0.014516628931471477
2025-01-22,3942.385986328125,3948.598240960883,3835.778482129901,3841.279620243455,2409223,0.0299192973287494,2.991929732874943,3873.767663574218,3943.778666992188,52.63587459068359,-10.35203130526179,-16.647859148945006,6.295827843683217,3888.512939453125,-0.0136650868438117,0,0.0183374353120292,2290727.25,1.0517284412624854,0.017713587574995193,-0.0003531335761104426,0.02861712658837352,0.026321011766975155
2025-01-23,3931.81103515625,3975.345448560087,3926.688958070982,3953.1987172495446,1822998,-0.0026823733669275,-0.2682373366927559,3876.218408203125,3944.207622070313,51.79541577862393,-6.799865707179379,-14.678260460591884,7.878394753412504,3888.75048828125,-0.0109518352967562,0,0.0183393145479926,2321453.95,0.7852828611999819,0.014341974857628337,-0.0031429853856314027,0.012375083658406569,-0.005410221854006676
2025-01-24,3938.35498046875,3962.682991900412,3892.4966488174464,3892.4966488174464,1910099,0.0016643590584561,0.1664359058456188,3879.194262695312,3944.791669921875,52.302957810107166,-3.417314507602896,-12.426071269994086,9.00875676239119,3900.464111328125,-0.0096209887957116,0,0.0183352405643112,2374053.9,0.8045727184205885,0.015250774714317128,-0.001631693126459166,0.01782123334007136,0.011781212879203256
2025-01-27,3855.648681640625,3942.148791419916,3832.7908361324735,3890.599675788401,1551782,-0.0210002143631758,-2.100021436317589,3878.316540527344,3944.5979736328127,45.74708252467348,-7.325877269065586,-11.406032469808387,4.0801552007428015,3863.236572265625,0.0019679932617127,0,0.0189780201492297,2375284.55,0.653303622086036,-0.005844767607245616,-0.022549647032919062,0.02836304972705901,-0.00898344652760845
2025-01-28,3832.079345703125,3890.599531248556,3820.697777108541,3861.007499214359,2468272,-0.0061129365986402,-0.6112936598640206,3879.240588378906,3944.01578125,44.05247853111254,-12.184830706604316,-11.561792117167574,-0.6230385894367423,3858.968505859375,0.0070168589244898,0,0.0186948873061302,2420926.7,1.0195566846365072,-0.012157338943365015,-0.028381335612049363,0.018241207405685772,-0.007492384699361607
2025-01-29,3888.512939453125,3896.148353343233,3845.073468836012,3845.073468836012,1217089,0.0147266245447861,1.4726624544786129,3882.164392089844,3946.916645507813,48.93047709338878,-11.351019445911334,-11.519637582916328,0.1686181370049944,3895.38916015625,0.0017683419883622,0,0.018952727165061,2443623.1,0.4980673983643385,0.0016353113165985533,-0.014797299081844129,0.013134811508279012,0.011297435788727063
2025-01-30,3888.75048828125,3917.062237495437,3849.3419857109207,3888.608311273599,1531251,6.108989010034094e-05,0.006108989010034,3882.152478027344,3949.448798828125,48.95065382739669,-10.549442404139882,-11.32559854716104,0.7761561430211579,3880.261474609375,-0.0021829669189259,0,0.0186443623871364,2434143.9,0.6290716830668885,0.0016995752462714009,-0.015368805531770668,0.017414398786600272,3.656243989363841e-05
2025-01-31,3900.464111328125,3915.687239717276,3874.713400737575,3898.187889855317,1492943,0.0030121816974819,0.3012181697481964,3886.2582885742186,3951.5949609375,49.99967660066679,-8.866784565347189,-10.83383575079827,1.9670511854510817,3872.342041015625,-0.0072099292570915,0,0.0181435813433859,2419193.4,0.617124286136032,0.003655398509067709,-0.0129392941621842,0.010504862449753304,0.0005839178451946444
2025-02-01,3863.236572265625,3922.7526963272944,3846.970505085766,3901.032960408717,437172,-0.0095443870267591,-0.9544387026759192,3888.7308837890623,3949.797465820313,46.71417853467926,-10.417135134636736,-10.750495627565964,0.3333604929292271,3821.7412109375,-0.0107410873116138,0,0.0182974272570338,2336772.35,0.1870836925984681,-0.006555946473363661,-0.021915273961195525,0.01961624400265121,-0.009688815379589086
2025-02-03,3858.968505859375,3866.888274001076,3792.6234860032378,3823.1639848038094,1265713,-0.0011047903296657,-0.1104790329665705,3894.096057128906,3946.6014453125,46.33823292958524,-11.853556004697111,-10.971107702992196,-0.8824483017049154,3828.902099609375,-0.0077913064603527,0,0.01786086813017,2266605.3,0.5584179124614241,-0.009020720278644201,-0.0222046590382744,0.019244725082642168,0.009365154410817917
2025-02-04,3895.38916015625,3906.581314014397,3856.502364977536,3873.242663132477,2547132,0.009437924730812,0.9437924730812064,3897.552294921875,3943.4334765625,50.03358439888553,-9.93852237203373,-10.764590636800502,0.8260682647667714,3759.28466796875,-0.0349398960133782,-1,0.0174446772514964,2284898.05,1.1147683372568855,-0.0005549982660766339,-0.012183371848871749,0.012855955330237636,0.005717818104859476
2025-02-05,3880.261474609375,3936.1259160718655,3865.939574435885,3936.1259160718655,1693912,-0.0038834850447312,-0.3883485044731238,3903.4908447265625,3940.338286132812,48.53843036344763,-9.531647320301545,-10.518001973500713,0.9863546531991664,3746.575439453125,-0.0344528419105334,-1,0.0169751261547972,2249970.05,0.7528597991782158,-0.005950922146665039,-0.01524661264106808,0.018088044348363475,-0.014192747552710794
2025-02-06,3872.342041015625,3926.167381981307,3842.750005598202,3893.8246615705457,2284536,-0.0020409535918058,-0.2040953591805894,3898.47216796875,3938.717309570312,47.73423675007052,-9.735997497274184,-10.361601078255408,0.6256035809812239,3708.63671875,-0.0422755326186756,-1,0.0111286377028364,1969481.85,1.1599680393094254,-0.0067026583305684895,-0.01685200113077623,0.021541840958147006,-0.005517100132150231
2025-02-07,3821.7412109375,3879.218228908592,3801.444171507491,3879.218228908592,1548940,-0.0130672418764055,-1.306724187640551,3889.738317871094,3935.600966796875,42.84922041997531,-13.821682827376662,-11.05361742807966,-2.7680653992970026,3732.064208984375,-0.0234649592956417,-1,0.0112943342796384,1846740.3,0.8387427295543396,-0.017481152040790593,-0.028930716508092535,0.02035042487401255,-0.014816649793704237
2025-02-10,3828.902099609375,3843.176530616503,3807.466949898956,3831.794961424154,1339511,0.0018737241159556,0.1873724115955655,3884.0656982421874,3932.5198095703126,43.72688974680065,-16.293967305029128,-12.101687403469557,-4.192279901559573,3703.278076171875,-0.0328094112017949,-1,0.0110005281635919,1741630.4,0.7691132400996217,-0.014202540049149448,-0.026348935282861197,0.009326323783830888,-0.000754962581219023
2025-02-11,3759.28466796875,3831.794697050472,3751.175254166984,3811.307781294286,1810908,-0.0181820871439171,-1.818208714391712,3874.141540527344,3927.560146484375,37.670114472452205,-23.59878339640227,-14.4011066020561,-9.197676794346169,3673.591552734375,-0.0227950588484371,-1,0.0115352688356434,1749502.1,1.035099071901657,-0.029647051187231543,-0.042844787155265074,0.021445421138338357,-0.013649675206201663
2025-02-12,3746.575439453125,3814.485562859376,3737.090798282343,3766.445947952812,1678002,-0.0033807571488041,-0.3380757148804147,3865.598254394531,3921.38423828125,36.6714785859851,-30.0668394932095,-17.53425318028678,-12.53258631292272,3589.08349609375,-0.0420362397353364,-1,0.0113962278373396,1701516.95,0.9861800083742922,-0.030790270252760266,-0.04457833974075032,0.020657468621085657,-0.005275665381707416
2025-02-13,3708.63671875,3779.10764599597,3701.143945163747,3763.505458238132,2277310,-0.0101262396330294,-1.01262396330295,3855.442578125,3912.407158203125,33.79164287642908,-37.81821342009516,-21.591045228248458,-16.227168191846705,3584.625244140625,-0.0334385608550985,-1,0.0115318836568957,1727309.15,1.31841483037359,-0.03807756344445301,-0.05208313736618153,0.021022199461612583,-0.014579157675466406
2025-02-14,3732.064208984375,3744.536419785488,3699.010141125482,3722.721744594235,1681975,0.0063170086506265,0.6317008650626565,3848.663439941406,3904.244145507813,37.07767510811842,-41.59139076952715,-25.5911143365042,-16.000276433022954,3590.885498046875,-0.0378285857455596,-1,0.0115062467199703,1747017.95,0.9627691575807792,-0.030296032058029554,-0.04410070940915578,0.012198685797100827,0.0025095790207006635
2025-02-17,3703.278076171875,3731.257767104663,3657.467213858333,3657.751799399881,1799806,-0.0077131933430303,-0.7713193343030333,3842.4343872070312,3895.38154296875,34.7926609514916,-46.36993756942911,-29.746878983089186,-16.62305858633993,3486.175048828125,-0.0586245544834084,-1,0.0114194392523141,1738428.7,1.035306193460796,-0.036215663564344025,-0.04931569980445849,0.019925739231175507,0.012446518864255239
2025-02-18,3673.591552734375,3722.1528742505816,3665.339960372217,3697.492804650458,2149879,-0.0080162825547757,-0.8016282554775711,3828.994665527344,3886.2902978515626,32.56385186243739,-51.953536646196426,-34.18821051571063,-17.765326130485796,3442.498046875,-0.0629066956796992,-1,0.0087481541050063,1725461.5,1.245973323658627,-0.04058587863599594,-0.05473053447262366,0.01546522335507795,-0.00646417807386169
2025-02-19,3589.08349609375,3675.251330310773,3573.95530675462,3672.6430537431497,4366672,-0.0230042059460101,-2.300420594601016,3811.858288574219,3875.6038818359375,27.218535266646867,-62.47747164751763,-39.84606274207204,-22.6314089054456,3426.373779296875,-0.0453346145259544,-1,0.0097701319739051,1852645.2,2.3569931252891814,-0.05844256937573489,-0.07392922354243747,0.028223367794703212,-0.02275188642801429
2025-02-20,3584.625244140625,3592.782128290818,3557.9735409942346,3567.6478288188787,2888572,-0.0012421700297519,-0.124217002975191,3794.171801757812,3864.316064453125,26.967044415812808,-70.3663699194858,-45.95012417755479,-24.41624574193101,3303.737548828125,-0.0783590127787094,-1,0.0096948750981356,1901568.85,1.5190467597321022,-0.05522853696822727,-0.07237783236348228,0.009710523395292459,0.004758713902366013
2025-02-21,3590.885498046875,3620.28788854858,3580.4523917398187,3581.495794993982,1833931,0.0017464179600037,0.1746417960003743,3780.933642578125,3852.800483398437,27.973424946858856,-75.24584124637568,-51.80926759131897,-23.436573655056705,3313.03271484375,-0.0773772328174352,-1,0.0089839441340128,1915676.3,0.957328229200309,-0.05026487172138272,-0.06798041748596717,0.011093502377179246,0.002621726672419179
2025-02-24,3486.175048828125,3569.2603724469545,3480.863556771993,3550.2436192378755,2508516,-0.0291600635207397,-2.9160063520739743,3763.638427734375,3840.284072265625,22.410762146169432,-86.56425671086026,-58.76026541522723,-27.80399129563304,3350.022705078125,-0.0390549360955834,-1,0.0106573545581688,1917688.5,1.308093572026948,-0.07372211338411605,-0.09220907015573687,0.02535639043847671,-0.018046246196339606
2025-02-25,3442.498046875,3469.4818051991183,3434.625748244206,3438.1824887498096,4101954,-0.0125286313341629,-1.2528631334162932,3741.337683105469,3828.5090478515626,20.573027592748147,-97.92967916264752,-66.59414816471129,-31.33553099793623,3364.24951171875,-0.0227301610896429,-1,0.0097513532274017,2061931.75,1.989374284575617,-0.07987507718961606,-0.1008254117077716,0.010125221998761492,0.0012551858836206177
2025-02-27,3426.373779296875,3450.5121425585785,3415.1343879133137,3425.5674922476032,3823856,-0.0046838857592852,-0.4683885759285244,3718.21884765625,3816.051123046875,19.92349124667348,-107.00447104235764,-74.67621274024056,-32.32825830211708,3415.98828125,-0.0030310464402999,0,0.0096526499472723,2176562.0,1.75683302382381,-0.07849055698895646,-0.1021153362953029,0.01032512998407448,0.00023537327788650096
2025-02-28,3303.737548828125,3414.470731581497,3278.8403664103434,3400.1963006835795,7085018,-0.0357918424457229,-3.5791842445722977,3688.38251953125,3802.555151367188,15.829881837894703,-122.67787370867109,-84.27654493392667,-38.401328774744414,3425.093505859375,0.0367329290652329,1,0.0114266874794009,2456165.75,2.8845846417327494,-0.1042855421492479,-0.13117958390681483,0.04105361372281627,-0.02836858325975541
2025-03-03,3313.03271484375,3341.6762855972443,3297.0035319217445,3305.397532195103,4990439,0.0028135303964813,0.2813530396481356,3660.872326660157,3791.1375439453127,17.218231001276834,-132.81807197067656,-93.98485034127664,-38.8332216293999,3404.654052734375,0.0276548243789214,1,0.0116817146638124,2683829.1,1.8594473843360595,-0.0950154992522626,-0.12611117997159627,0.013483945834687178,0.0023099135805237205
2025-03-04,3350.022705078125,3367.996053645755,3285.7642616440216,3294.964317196664,2797737,0.011164993955129,1.1164993955129043,3635.4250366210936,3780.683251953125,22.68365465986797,-136.29830703508196,-102.44754168003772,-33.850765355044246,3391.043701171875,0.0122449904687416,0,0.0123434920861422,2760430.3,1.0135148132521223,-0.07850590472035501,-0.11391077172426911,0.024546637214453097,0.016709858614889123
2025-03-05,3364.24951171875,3414.8026927498004,3339.3997995005207,3339.3997995005207,2501894,0.004246779169305,0.4246779169305048,3608.868054199219,3770.118603515625,24.741683813503883,-136.33682791438014,-109.2253989269062,-27.11142898747393,3325.5048828125,-0.0115165741337823,0,0.0120308547913982,2758168.4,0.9070852961697335,-0.06778262291851733,-0.10765419724949854,0.022412990768558478,0.007441370818177013
2025-03-06,3415.98828125,3423.433585251506,3353.863884772035,3373.6866911774378,2786513,0.0153789929525225,1.537899295252254,3585.65439453125,3760.782446289063,31.84663145572371,-130.686002795504,-113.51751970062578,-17.168483094878226,3330.104736328125,-0.0251416392126637,-1,0.0130416659610278,2812798.45,0.9906550538663728,-0.04731803308763405,-0.09168149712549511,0.02036590724310497,0.012538683625597352
2025-03-07,3425.093505859375,3438.1823567291294,3390.189980726236,3414.4707542689284,2051315,0.0026654730226542,0.2665473022654296,3563.2919677734376,3751.70755859375,33.04461579833762,-124.0430762771698,-115.6226310159346,-8.420445261235201,3317.442626953125,-0.0314300554779276,-1,0.0131638749287021,2801137.4,0.7323150231759428,-0.038783928783814314,-0.08705743921490505,0.014011990014518362,0.003111097547743092
2025-03-10,3404.654052734375,3435.4318979249574,3397.96756609828,3420.635765390215,1004626,-0.0059675606198877,-0.5967560619887791,3542.437609863281,3742.336577148437,31.697657126277463,-119.0554055929797,-116.30918593134362,-2.746219661636076,3317.442626953125,-0.0256153560480566,-1,0.013059557866477,2773921.7,0.3621681174346053,-0.03889512598479439,-0.09023307162590044,0.011003858614236866,-0.004672146861569435
2025-03-11,3391.043701171875,3403.8004968476407,3355.33388931262,3374.6352261327497,1995450,-0.0039975725438445,-0.3997572543844585,3520.5446899414064,3733.885483398437,30.79742858917956,-114.87665568763988,-116.02267988260289,1.1460241949630046,3316.873779296875,-0.0218722990356533,-1,0.0129463326677246,2806718.65,0.7109547656299644,-0.03678436156187148,-0.0918190404475181,0.014292534041443197,0.004862295904475873
2025-03-12,3325.5048828125,3385.305592458114,3307.15224085139,3381.2746199098347,3174167,-0.0193270344279922,-1.9327034427992216,3498.8557006835936,3723.79484375,26.843897713955144,-115.52173850058487,-115.92249160619927,0.4007531056143847,3379.52001953125,0.0162426875383407,0,0.0130055571004151,2874881.6,1.1041035568212618,-0.04954500348134527,-0.10695808379615435,0.023501198873786263,-0.01649370233607994
2025-03-13,3330.104736328125,3342.671884942561,3304.5436765901054,3321.805675922365,1693004,0.001383204559223,0.1383204559223028,3478.032165527344,3712.6171630859376,27.546901588269847,-114.34371833283558,-115.60673695152654,1.263018618690964,3393.69970703125,0.0190969881545668,0,0.0130999218884417,2875631.7,0.5887415971941051,-0.042531932471875256,-0.10303039876049791,0.011449552302819455,0.0024983581869085633
2025-03-17,3317.442626953125,3348.504824268339,3298.141522671048,3309.1910361154605,2690906,-0.0038023156559818,-0.380231565598188,3458.4724609375,3702.599057617188,26.783896113386888,-113.12778854091994,-115.11094726940524,1.983158728485293,3441.9287109375,0.0375247134563734,1,0.013066079363736,2896311.5,0.9290803147382456,-0.04077807054335936,-0.10402326167930553,0.015181363254968081,0.002493537165914339
2025-03-18,3317.442626953125,3317.442626953125,3317.442626953125,3317.442626953125,0,0.0,0.0,3437.7413818359373,3692.672216796875,26.783896113386888,-110.88593142712944,-114.26594410095008,3.3800126738206444,3469.24462890625,0.0457587422069589,1,0.0128404039522049,2812212.75,0.0,-0.03499354416781819,-0.10161464863762926,0.0,0.0
2025-03-19,3316.873779296875,3364.2020435877325,3284.2939459919426,3364.2020435877325,3051244,-0.000171471738992,-0.0171471738992012,3418.4211669921874,3683.976391601562,26.745298395852345,-107.91121149087304,-112.99499757893469,5.083786088061643,3448.42578125,0.0396614434876119,1,0.0128916445412591,2874784.65,1.0613817629783155,-0.029705932281206326,-0.09964847037065128,0.02409138933611433,-0.014068199138356326
2025-03-20,3379.52001953125,3394.505799750347,3331.006169790024,3331.006169790024,2845192,0.0188871342121601,1.888713421216015,3403.7175903320312,3675.04150390625,37.43789003282325,-99.3534121888888,-110.2666805009255,10.913268312036706,3463.031982421875,0.0247111904672807,1,0.01396483506024,2909550.3,0.9778803274169208,-0.007109159370187634,-0.08041310120195544,0.018789540997934444,0.014564322990816914
2025-03-21,3393.69970703125,3429.8835221492395,3286.428317800792,3295.912959410607,4161925,0.004195769641266,0.4195769641266,3393.9484008789063,3667.6856884765625,39.58736115625052,-90.38520789600716,-106.29038597994185,15.905178083934686,3420.3037109375,0.0078392333449923,0,0.0133340009116377,2899312.95,1.435486638308569,-7.327567136605762e-05,-0.07470268848449702,0.04227103654788004,0.029669092850719482
2025-03-24,3441.9287109375,3461.6568103088644,3382.792113898217,3414.470721860925,1834751,0.0142113351415054,1.421133514150541,3386.81357421875,3657.069951171875,46.340327171985486,-78.48147820511986,-100.72860442497743,22.24712621985759,3367.80615234375,-0.0215351812366737,-1,0.0138608450399511,2846621.9,0.6445362483862013,0.016273448629797516,-0.05882885564314533,0.022912937202922642,0.008041653103298537
2025-03-25,3469.24462890625,3518.8018790902024,3450.5124625687754,3457.151711397248,3135390,0.0079362242111371,0.7936224211137155,3380.7315307617187,3646.526479492188,49.765341576243685,-66.08177085201623,-93.7992377103852,27.71746685836898,3361.309326171875,-0.0311120472263738,-1,0.014015654347666,2911694.85,1.0768264401058374,0.026181640671298245,-0.04861663601867672,0.019684232109903606,0.00349794238683102
2025-03-26,3448.42578125,3490.8220797184467,3438.988609875757,3459.7598808023267,1734499,-0.0060009742417079,-0.6000974241707979,3378.8440673828127,3636.6479052734376,47.28797285644823,-57.27459458097155,-86.49430908450249,29.219714503530938,3227.765380859375,-0.0639887341030837,-1,0.0124954596729257,2872994.0,0.6037252427258811,0.020593348636264164,-0.051757038054330184,0.015031052755875442,-0.0032759786640737414
2025-03-27,3463.031982421875,3474.223904812437,3424.4295409023484,3428.555452249772,2528474,0.0042356141898987,0.4235614189898706,3379.8707641601563,3626.7531884765626,49.198721570877865,-48.55651627420957,-78.9067505224439,30.35023424823433,3129.3623046875,-0.0963518903169421,-1,0.0122027899940409,2794320.0,0.90486200578316,0.02460485150602576,-0.04514263793160389,0.014378834548118969,0.01005570149069052
2025-03-28,3420.3037109375,3472.279589767322,3406.7880975546004,3462.8424183134416,2051919,-0.0123383993278898,-1.2338399327889826,3379.5672607421875,3616.810439453125,44.15619463576016,-44.58128551097934,-72.04165752015099,27.46037200917165,3105.318603515625,-0.0920927303661983,-1,0.0124863453698623,2705723.15,0.7583625102220825,0.012053747433441009,-0.05433149782252278,0.019147858713041085,-0.012284332417488364
2025-04-01,3367.80615234375,3399.2951120927096,3343.335733852344,3388.577422151902,2618493,-0.0153488002910011,-1.5348800291001163,3382.7706909179688,3605.931557617188,38.883119335858254,-45.146579068508345,-66.66264182982246,21.51606276131412,3123.244873046875,-0.0726173859878123,-1,0.0099907060502585,2482396.9,1.054824472267106,-0.0044237519895733435,-0.06603713949323875,0.016615973636553184,-0.00612979053462533
2025-04-02,3361.309326171875,3380.4210168658315,3348.1257677061367,3361.356795688956,1764313,-0.0019290974236606,-0.1929097423660652,3385.184521484375,3595.8048046875,38.27397152611215,-45.59324728747925,-62.44876292135382,16.855515633874575,3079.2841796875,-0.0839033600057176,-1,0.0100018794292032,2321090.6,0.7601224183149077,-0.00705284901339176,-0.06521362845111511,0.009607937272608934,-1.4122129832187867e-05
2025-04-03,3227.765380859375,3321.521146037298,3221.1261324235493,3311.088041352429,4537821,-0.0397297399179237,-3.972973991792372,3379.071655273437,3583.8029296875,28.418618432899592,-56.07669811316873,-61.17434995971681,5.097651846548075,3064.9619140625,-0.0504384450500331,-1,0.0131858916953149,2408094.8,1.884402972839773,-0.04477746844401209,-0.09934629660542493,0.031103566017868085,-0.025164737226081323
2025-04-04,3129.3623046875,3224.445829064787,3125.663387385046,3189.305420015634,5317367,-0.0304864401717065,-3.048644017170654,3367.327294921875,3567.542456054688,23.596983693482173,-71.50099531380874,-63.2396790305352,-8.261316283273544,3080.80126953125,-0.0155178692743598,0,0.0145662694899208,2548868.45,2.086167687469316,-0.070668803294898,-0.12282408878513174,0.03156631673225374,-0.018795037612873107
2025-04-07,3105.318603515625,3121.774314969891,2898.553451648533,2940.23839811002,6623955,-0.0076832590256039,-0.7683259025603961,3351.793811035156,3551.012607421875,22.588528477916668,-84.6887485381194,-67.52949293205205,-17.159255606067347,3105.08203125,-7.618292865574361e-05,0,0.0138893437824069,2740740.55,2.4168486141455454,-0.07353531315323081,-0.1255118055550457,0.07188340129371672,0.056145177041330416
2025-04-08,3123.244873046875,3176.4063332063806,3087.535291604866,3131.875989149625,5557558,0.0057727633843931,0.5772763384393143,3336.701379394531,3534.7104052734376,25.15671320704444,-92.62590408130472,-72.54877516190258,-20.077128919402146,3128.88818359375,0.0018068741889487,0,0.0139926331732603,2916052.7,1.905849643938191,-0.06397231339485032,-0.11640714091109039,0.028454714636197163,-0.0027558933152693975
2025-04-09,3079.2841796875,3101.4781508961373,3046.514692974098,3092.515209891059,2990265,-0.0140753271505379,-1.4075327150537942,3320.4328857421874,3519.183115234375,23.130156320894912,-101.29574331809408,-78.29816879314089,-22.9975745249532,3150.41845703125,0.0231009134567661,1,0.0141536642350353,3015334.65,0.9916859476940644,-0.07262568296145089,-0.12500029726858297,0.017849426917010674,-0.004278404245593031
2025-04-11,3064.9619140625,3128.9357749466626,3040.7760781322527,3120.0203045213184,7108961,-0.0046511672158993,-0.465116721589931,3304.128796386719,3503.8407666015623,22.49437081327945,-108.0765018774814,-84.253835410009,-23.8226664674724,3143.589111328125,0.0256535642106585,1,0.0141521927923808,3271010.2,2.173322785725339,-0.07238424924166498,-0.1252565061524582,0.028763716902947524,-0.017646805175925158
2025-04-15,3080.80126953125,3143.5895512500647,3071.696152437833,3143.5895512500647,3512160,0.005167880030116,0.5167880030116034,3291.893615722656,3487.686533203125,24.95126195775623,-110.89388262732882,-89.58184485347297,-21.31203777385585,3237.108154296875,0.0507357895205644,1,0.01389980667265,3287909.85,1.0682044703871671,-0.06412489917146535,-0.11666336977199254,0.023335941699079606,-0.019973435047793246
2025-04-16,3105.08203125,3109.1604734732773,3062.590790324908,3080.8012559903377,2384391,0.0078813138513293,0.7881313851329397,3280.64248046875,3472.0131640625,28.68335986358128,-109.90055740674144,-93.64558736412668,-16.254970042614758,3226.295654296875,0.0390371725535632,1,0.0140999103927458,3322479.2,0.7176541541629515,-0.05351404496648027,-0.10568252926298372,0.01499789141790301,0.007881318281226521
2025-04-17,3128.88818359375,3133.3461501914685,3052.15752913606,3078.240292358944,2932346,0.0076668352411179,0.7666835241117997,3271.2147583007813,3456.5816455078125,32.2412038541556,-105.97081686282807,-96.11063326386696,-9.860183598961129,3270.30419921875,0.045196890181794,1,0.0143141380646096,3334551.2,0.8793825088065824,-0.04350878350187015,-0.09480275472154243,0.0259480736579591,0.016453520980973583
2025-04-21,3150.41845703125,3181.148601343861,3114.851053170071,3120.5418377878595,2432946,0.0068811258741663,0.6881125874166338,3262.8635498046874,3442.325283203125,35.38099880920717,-99.966800984545,-96.88186680800256,-3.0849341765424185,3266.0361328125,0.0366991488140913,1,0.0144674398934818,3456198.5,0.703936998988918,-0.034462088609304,-0.08479931504330473,0.021044045125441797,0.009574176792505327
2025-04-22,3143.589111328125,3162.0841600479707,3125.1890016354123,3151.366701677712,2710498,-0.0021677582823586,-0.21677582823586,3254.19931640625,3428.0176953125,34.82968435370941,-94.66836824728398,-96.43916709585883,1.77079884857487,3293.541259765625,0.0477009377266062,1,0.014457565337833,3439161.2,0.788127639960581,-0.03398999087747234,-0.08297173739018471,0.011736635134535987,-0.0024680054991526594
2025-04-23,3237.108154296875,3244.6009284823726,3165.3094642241085,3191.581874951358,3543923,0.0297491305819033,2.974913058190332,3247.078723144531,3414.8520751953124,47.00704271467266,-81.97812414796545,-93.54695850628018,11.568834358314732,3275.710693359375,0.0119250075136536,0,0.0154746162414071,3474097.75,1.0200988155845645,-0.003070627384728297,-0.052050254882057057,0.024494536629248595,0.014264487369985158
2025-04-24,3226.295654296875,3236.633820616935,3213.1118640484187,3225.8214222352462,2252175,-0.003340172612289,-0.3340172612289027,3238.7085205078124,3401.7727587890627,45.938262086420046,-71.96393718527406,-89.23035424207896,17.266417056804897,3254.18017578125,0.0086428909412681,0,0.0154064970876167,3378610.25,0.6665980487095249,-0.0038326592628937783,-0.05158401719774275,0.007290700880803921,0.00014701125684141186
2025-04-25,3270.30419921875,3298.568475558524,3229.5202431380058,3243.747204561521,2742991,0.0136405802931491,1.3640580293149185,3230.127294921875,3389.732001953125,50.83777335320187,-59.78730920438056,-83.34174523453927,23.554436030158712,3276.279541015625,0.0018271516754626,0,0.0153745794358702,3424022.25,0.8011019788203771,0.012438179869888488,-0.03523222563481776,0.02111370325641671,0.00818713450292406
2025-04-28,3266.0361328125,3279.5992157727555,3229.520264912607,3257.9741879514845,1593296,-0.001305097674788,-0.1305097674788036,3219.966870117188,3378.617900390625,50.36108267656621,-49.90635173375858,-76.65466653438314,26.74831480062456,3281.68603515625,0.004791711330601,0,0.0151839767705974,3346917.55,0.4760487750885886,0.014307371644986855,-0.03332184073407907,0.015333250712392932,0.0024745269286754533
2025-04-29,3293.541259765625,3314.881699893696,3253.610832502552,3276.943139666014,1578332,0.0084215623571315,0.842156235713154,3212.222644042969,3367.91068359375,53.39399059507373,-39.40198630343548,-69.20413048819361,29.80214418475813,3267.5537109375,-0.0078904579534474,0,0.0153704416924229,3339109.2,0.4726805580362571,0.025315373413938413,-0.022081768435963545,0.018603339857811284,0.00506512301013036
2025-04-30,3275.710693359375,3329.014333983257,3192.530431054501,3293.067634171488,2809332,-0.0054137977939037,-0.5413797793903719,3202.856579589844,3358.2392041015623,51.2096280812826,-32.14542624879823,-61.79238964031454,29.64696339151631,3271.15771484375,-0.0013899208269079,0,0.0153097212986006,3353152.1,0.8378182427215276,0.022746605088030725,-0.024574935174776047,0.04166543254428434,-0.005270751390588986
2025-05-02,3254.18017578125,3311.562251162995,3243.747071166388,3293.067202073011,1721761,-0.0065727775110825,-0.6572777511082539,3194.550402832031,3348.391298828125,48.6229201977665,-27.811291696567423,-54.99617005156512,27.1848783549977,3263.0009765625,0.0027106061449508,0,0.0151716333522454,3336644.2,0.516015762184053,0.01866609238544359,-0.028136234579228314,0.020839405421159862,-0.011808755760368661
2025-05-05,3276.279541015625,3323.892391856476,3268.7865357954893,3272.201099131072,1284443,0.0067910699594466,0.6791069959446672,3189.974072265625,3339.7441552734376,51.33985476095046,-22.33575210906838,-48.464086463065776,26.1283343539974,3433.8193359375,0.0480849673996495,1,0.0149817935322666,3269941.7,0.3928030276503094,0.02705522577765107,-0.019002837135773554,0.01681964416378961,0.0012463909646738566
2025-05-06,3281.68603515625,3294.0160693923863,3259.871359200009,3281.68603515625,1324763,0.0016501931758086,0.1650193175808612,3185.992907714844,3330.736591796875,52.00849840682179,-17.359973673353124,-42.24326390512325,24.883290231770125,3333.8515625,0.0158959531121831,0,0.0149948672885,3247964.2,0.4078748774386121,0.030035574533040066,-0.014726639375034822,0.010404624277456675,0.0
2025-05-07,3267.5537109375,3281.211501134211,3244.3163408615387,3244.3163408615387,1477128,-0.004306421780558,-0.4306421780558067,3187.98232421875,3322.022104492188,50.07164943255902,-14.391102202156617,-36.67283156452992,22.281729362373305,3365.814697265625,0.0300717279716673,1,0.0119795023826142,3094929.55,0.4772735456934714,0.02495979545252025,-0.016396156269108952,0.011291370712338435,0.0071624859090622835
2025-05-08,3271.15771484375,3297.809648457028,3251.9987864937443,3270.304189784248,2543591,0.0011029669976614,0.1102966997661436,3195.0720947265627,3313.973427734375,50.57713147946095,-11.613563248416083,-31.66097790130716,20.04741465289107,3395.406494140625,0.0379831210011865,1,0.0094744379707383,2956240.75,0.8604140241284476,0.023813428261217018,-0.012919751417529102,0.014004479745933532,0.00026099255909223907
2025-05-09,3263.0009765625,3268.5968219353003,3222.975839240067,3223.829364277068,2531757,-0.0024935325631768,-0.2493532563176859,3202.9562133789063,3307.45177734375,49.359145997828286,-9.955760418224145,-27.31993440469056,17.364173986466408,3377.76513671875,0.0351713532973414,1,0.0092563222400182,2751630.85,0.9200932603295968,0.018746670008407795,-0.013439591496311687,0.013981296059339164,0.012150646904420113
2025-05-12,3433.8193359375,3443.3989159735165,3321.7109255991563,3324.3666713915923,2228678,0.0523500791455335,5.235007914553358,3218.4849365234377,3304.435659179688,67.1826776630561,5.083079702788837,-20.83933158319468,25.922411285983515,3337.45556640625,-0.0280631448843946,-1,0.0144948220626421,2585186.85,0.862095519323874,0.06690551724211691,0.039154545617611,0.03543808758393429,0.03292436586126958
2025-05-13,3333.8515625,3436.285693012091,3329.5834737286627,3433.819593542976,3062887,-0.029112706190236,-2.9112706190236093,3231.2133056640623,3299.29498046875,54.98569018270239,8.833082717652815,-14.90484872302518,23.737931440678,3318.012451171875,-0.0047509947672197,0,0.0158543596390963,2588817.95,1.1831218182027825,0.031764618156288504,0.01047392919875878,0.0320056899004268,-0.029112779026294132
2025-05-14,3365.814697265625,3377.4808526725133,3327.7814236222675,3339.5422865093847,2119499,0.0095874498808388,0.9587449880838816,3246.2559448242187,3296.8877734375,57.63410313633669,14.220223092736887,-9.079834359872766,23.300057452609654,3344.0947265625,-0.0064531094717633,0,0.0157602637559617,2339344.85,0.9060224703510472,0.03682973692571245,0.020906663667310088,0.014765943321425673,0.007867069347309043
2025-05-15,3395.406494140625,3414.470714922388,3332.997742431436,3380.326007773164,3548330,0.008791867508048,0.8791867508048057,3261.9862060546875,3295.9459423828125,59.98158193838345,20.639462475293385,-3.135974992839537,23.77543746813292,3297.8095703125,-0.0287438113806243,-1,0.015785421133122,2341153.35,1.5156333095395054,0.040901548828836676,0.030176633202274816,0.023995057037072918,0.004461252060535913
2025-05-16,3377.76513671875,3408.6849264465072,3363.348529175367,3408.6849264465072,1666727,-0.0051956540262022,-0.5195654026202257,3275.620361328125,3294.97376953125,57.92110637299124,24.026285758738595,2.29647715747609,21.729808601262505,3333.47216796875,-0.0131130990335898,0,0.0159295337802408,2305270.15,0.7230072362668645,0.03118333754318514,0.025126563359342935,0.013422009949211977,-0.009070885222586577
2025-05-19,3337.45556640625,3367.0476004136544,3323.133665679634,3367.0476004136544,2537377,-0.0119337990301059,-1.193379903010594,3286.04873046875,3295.648129882813,53.40664728806848,23.190397699372625,6.475261265855397,16.715136433517227,3355.00244140625,0.0052575606329028,0,0.0163121898628576,2285521.7,1.1101959784499091,0.015643966402825393,0.012685649339914118,0.013157908430615248,-0.00878871863996486
2025-05-20,3318.012451171875,3374.6357192042983,3313.934008684603,3349.786002772028,2038374,-0.0058257300651679,-0.5825730065167956,3294.428430175781,3295.747724609375,51.32852996071271,20.72020387120847,9.324249786926012,11.395954084282456,3318.39111328125,0.0001141231731187,0,0.016414809013414,2265793.1,0.8996293615688034,0.007158759552969185,0.006755591878665035,0.01829459997904954,-0.009485248184170472
2025-05-21,3344.0947265625,3354.717478032502,3318.0119641520128,3327.212019490534,1440153,0.00786081299406,0.7860812994060051,3304.4537109375,3295.6291650390626,53.91890049149019,20.62937650000504,11.585275129541818,9.04410137046322,3317.442626953125,-0.0079698997153623,0,0.0164107872207306,2202275.85,0.6539385154679873,0.011996238741003085,0.01470601184064435,0.010976218343617372,0.005074130224665061
2025-05-22,3297.8095703125,3317.5376692737764,3273.4340900331863,3314.881923566922,2034383,-0.0138408627848822,-1.384086278488228,3307.488781738281,3294.3003662109377,48.9410520531248,16.630859667865025,12.59439203720646,4.036467630658564,3317.822509765625,0.0060685552110968,0,0.0155756884064601,2126798.85,0.9565469719903223,-0.0029264532896446926,0.0010652350154696233,0.013373597929249392,-0.005150214592274724
2025-05-23,3333.47216796875,3352.820743852965,3286.9974249846496,3297.8098235860703,1274331,0.0108140257634314,1.081402576343149,3312.847607421875,3292.6500439453125,52.5741079004679,16.153472678876824,13.306208165540534,2.84726451333629,3284.91064453125,-0.0145678502745955,0,0.0156872200950942,2077906.65,0.6132763471352286,0.006225629123618237,0.012397954073043227,0.01974617322466642,0.010813948132369916
2025-05-26,3355.00244140625,3362.3055693919314,3329.2042616284266,3339.54242872468,967470,0.0064588130191647,0.6458813019164733,3317.08251953125,3291.24822265625,54.67109931984234,17.312881065095098,14.107542745451449,3.205338319643652,3272.011474609375,-0.0247364847705116,-1,0.0154815749389078,1989130.6,0.4863783202571012,0.011431708934500184,0.019370832716635977,0.00986625444887318,0.004629380524886405
2025-05-27,3318.39111328125,3357.5627247146417,3303.595213090552,3349.975012342405,2467680,-0.0109124594584957,-1.091245945849573,3319.700268554688,3289.522963867188,50.57589702028729,15.10338988119156,14.30671217259947,0.7966777085920906,3229.7099609375,-0.0267241411022407,-1,0.0157169089640474,2032849.8,1.213901784578477,-0.0003943594805346784,0.008775785951688375,0.016263155782961992,-0.009428099894712542
2025-05-28,3317.442626953125,3347.1295977218288,3312.984892276097,3338.593421360396,1222933,-0.0002858271661615,-0.0285827166161545,3320.8953369140627,3288.0509423828125,50.47042075259891,13.12452591456531,14.07027492099264,-0.9457490064273292,3235.164306640625,-0.0248017312022266,-1,0.0156182032703591,2015079.85,0.6068905904646905,-0.0010396924957430942,0.008938938321014112,0.010292478057741599,-0.006335241144353694
2025-05-29,3317.822509765625,3350.4495836467595,3306.820233088302,3324.0822341714443,3188072,0.0001145107407174,0.0114510740717443,3323.000927734375,3287.897294921875,50.51493392703528,11.454870713054332,13.54719407940498,-2.092323366350646,3225.786865234375,-0.02773977337858,-1,0.0155572855135038,2034016.85,1.567377379395849,-0.0015583558600691383,0.00910162701553019,0.013149995344850342,-0.0018831436663839212
2025-05-30,3284.91064453125,3325.979188538535,3275.141649033021,3310.139883545045,3404365,-0.009919718471227,-0.991971847122708,3324.537451171875,3286.9934130859374,46.60687214578274,7.390748519805129,12.315904967485013,-4.925156447679882,3238.322021484375,-0.0141826150201181,0,0.0156579008186618,2118147.05,1.6072373256615966,-0.01191949473351761,-0.0006336394062719242,0.015476079871502272,-0.007621804486031374
2025-06-02,3272.011474609375,3281.6857620470387,3242.41944121709,3272.201121116267,1877585,-0.0039267947648286,-0.39267947648286,3324.3240478515627,3286.0847900390627,45.13309867620851,3.09338853395002,10.471401680778014,-7.378013146827994,3274.396728515625,0.0007289870236579,0,0.0156176677678472,2147804.15,0.874188179587976,-0.01573630382874258,-0.00428270003024489,0.012000667214847226,-5.79568614130406e-05
2025-06-03,3229.7099609375,3294.490106360913,3225.252225904789,3268.407343175387,2848125,-0.0129282901359399,-1.292829013593999,3321.725244140625,3284.33013671875,40.59915051226759,-3.68322096194288,7.640477152233835,-11.323698114176716,3313.629638671875,0.0259836575882546,1,0.0158770522111548,2223972.25,1.2806477239093248,-0.02770105184510241,-0.01663053758530464,0.021437801317622362,-0.011839828446931213
2025-06-04,3235.164306640625,3248.465279476926,3224.7342507303856,3242.9152450223373,2544807,0.0016888035672224,0.1688803567222452,3320.105773925781,3282.695947265625,41.41635218187598,-8.515451867456704,4.409291348295728,-12.924743215752432,3322.241455078125,0.0269158349264555,1,0.015861570361106,2277356.2,1.11743916037377,-0.025583964207477217,-0.014479452678092919,0.0073353395677088155,-0.002390114386618495
2025-06-05,3225.786865234375,3262.053070221624,3218.7057063727016,3262.053070221624,3584683,-0.0028985981908249,-0.2898598190824941,3317.8372314453127,3279.621284179688,40.38759942616425,-12.952403579483873,0.9369523627398082,-13.88935594222368,3286.16650390625,0.0187178016386051,0,0.0158671125829111,2329410.8,1.5388797029703822,-0.02774408742493939,-0.016414827896440554,0.013437764384279226,-0.011117601156864337
2025-06-06,3238.322021484375,3244.7331673196672,3213.9212139850256,3225.7868448606714,2070390,0.0038859220319533,0.388592203195337,3316.6032836914064,3276.51373046875,42.44561043955264,-15.281086575180325,-2.3066554248442186,-12.974431150336104,3297.1708984375,0.0181726451423598,0,0.0158907334934643,2306342.45,0.8976940956881749,-0.023602841675988362,-0.011656202941933369,0.009514789798612474,0.003885928372382898
2025-06-09,3274.396728515625,3285.975243758928,3244.73300325164,3253.440835404879,1718678,0.011139938150658,1.1139938150658055,3308.6321533203127,3273.1630908203124,48.00850853030656,-14.05365546589519,-4.656055433054413,-9.397600032840778,3345.58984375,0.0217423608490621,1,0.0104501351151767,2280842.45,0.7535277151650698,-0.010347304631713516,0.00037689466154988693,0.012595370667250893,0.0064411477481618115
2025-06-10,3313.629638671875,3335.5426613582063,3275.640976404185,3291.7168496023487,2419874,0.0119817216449624,1.1981721644962473,3307.621057128906,3270.050791015625,53.29555646859868,-9.802146459364849,-5.685273638316501,-4.116872821048348,3363.770751953125,0.0151317795736964,0,0.0088177783018876,2248691.8,1.0761252386832203,0.0018165870392010675,0.013326657731427938,0.01807736273690207,0.006656948355741303
2025-06-11,3322.241455078125,3338.604442179547,3300.424450431947,3320.423449229873,2847013,0.0025989073449081,0.2598907344908197,3305.4423950195314,3267.5271044921874,54.391912858439376,-5.672504231421499,-5.6827197569375,0.010215525516001,3302.625244140625,-0.0059045109161214,0,0.008540829559851,2285067.5,1.245920744135567,0.00508224257179779,0.01674488040534272,0.011492238677968633,0.000547522289265185
2025-06-12,3286.16650390625,3324.920724772973,3275.64066613998,3322.241373890929,4060134,-0.0108586180925331,-1.085861809253319,3299.9803955078123,3263.989794921875,49.18346474193287,-5.250159511199854,-5.59620770778997,0.3460481965901163,3276.40625,-0.0029701032782873,0,0.0085318024507012,2310657.7,1.7571334776241412,-0.004186052626363179,0.006794356103342558,0.014996214761003044,-0.010858593920413738
2025-06-13,3297.1708984375,3301.76403815699,3246.933943792306,3246.933943792306,2178493,0.0033487026656042,0.3348702665604275,3295.95068359375,3261.527138671875,50.73325512811082,-3.981588334616845,-5.273283833155346,1.291695498538501,3287.60205078125,-0.002902138818702,0,0.0085561225331921,2336246.0,0.9324758608468456,0.0003702163536074554,0.010928549188813363,0.016629436584760467,0.015472120934656013
2025-06-16,3345.58984375,3357.742355566309,3278.511454741814,3291.7166438153617,1934088,0.0146849971699813,1.4684997169981395,3296.3573974609376,3261.0828125,56.953902117794215,0.9201606558353888,-4.034594935357199,4.954755591192588,3247.31689453125,-0.0293738783916793,-1,0.008858934125242,2306081.55,0.8386902015672429,0.01493540910551272,0.02591379492911927,0.023682191937696388,0.016366293263989733
2025-06-17,3363.770751953125,3368.268108670322,3337.743272382211,3358.6991651797816,2111940,0.0054342908282942,0.5434290828294275,3298.6453125,3261.132041015625,59.04499628116177,6.20040498472008,-1.9875949513417432,8.187999936061823,3244.25439453125,-0.0355304704853859,-1,0.0088162695610888,2309759.85,0.9143547975344708,0.01974308641378819,0.031473337984050165,0.009074588769281284,0.001509985421118209
2025-06-18,3302.625244140625,3385.4923927635227,3294.683207501011,3367.4071820205213,2696327,-0.0181776679570082,-1.8177667957008257,3296.5718383789062,3262.62923828125,50.21073836566855,5.388984334447741,-0.5122790941838464,5.901263428631587,3296.31005859375,-0.0019121714030615,0,0.0095947928992268,2372568.55,1.1364590498344085,0.0018362729703762515,0.012258826528644962,0.02749606102709393,-0.019237928286719892
2025-06-19,3276.40625,3302.242397415304,3265.880412164136,3301.2855030665887,2672768,-0.0079388341705258,-0.7938834170525877,3295.501672363281,3265.5701171875,46.96581117821484,2.6002992857297613,0.110236581798875,2.490062703930886,3293.439453125,0.0051987457675617,0,0.0092500360349664,2404487.8,1.1115747811238637,-0.005794390129860716,0.0033182973948306937,0.01109813084112139,-0.007536231884057951
2025-06-20,3287.60205078125,3297.745224890876,3263.871022884297,3277.3633274014865,2351248,0.0034170978587437,0.3417097858743778,3293.2081665039063,3269.2157861328124,48.49643838947286,1.2789113550588809,0.3439715364508762,0.9349398186080048,3292.76953125,0.0015718083846316,0,0.0089250812286493,2458333.65,0.9564397412043724,-0.0017023265579375613,0.005624059667895809,0.010303619928248174,0.0031240733348540544
2025-06-23,3247.31689453125,3277.3632849229502,3224.734093486232,3267.7943410253647,3123421,-0.012253659545086,-1.225365954508606,3287.8238891601563,3271.6972265625,43.61827280867882,-2.9845692755816344,-0.3217366259556258,-2.6628326496260084,3312.768310546875,0.0201555370607193,1,0.0091188412964034,2566131.2,1.2171712030935908,-0.0123203054647959,-0.00745189127933632,0.01620697737425945,-0.006266442853221085
2025-06-24,3244.25439453125,3293.726017546798,3236.216575726009,3286.549310178985,3403048,-0.0009430862769067,-0.0943086276906757,3284.117053222656,3274.996630859375,43.26201111716598,-6.535192911831928,-1.5644278831308864,-4.970765028701042,3281.860595703125,0.0115916314193076,0,0.0088509840398241,2612899.6,1.3024028937047565,-0.012138013976173423,-0.009386952047049202,0.017726551258659365,-0.012869095107363967
2025-06-25,3296.31005859375,3301.285863026253,3253.441140373699,3260.426516604334,1757699,0.0160454938892118,1.6045493889211837,3283.0604248046875,3279.62359375,50.641690813043226,-5.089956827989681,-2.2695336721026456,-2.820423155887036,3275.736328125,-0.0062414427353739,0,0.0096468168445233,2639637.9,0.6658864081319639,0.004035756908083998,0.005087920722228523,0.01451463054205686,0.011005781546270745
2025-06-26,3293.439453125,3302.625499921456,3268.0817495194324,3296.3101365520456,2879106,-0.0008708542029491,-0.0870854202949189,3281.841271972656,3283.876357421875,50.25352231964354,-4.128638317324203,-2.6413546011469573,-1.4872837161772456,3254.20654296875,-0.0119124431205266,0,0.0096472377415217,2624189.6,1.0971409992631629,0.0035340469544928865,0.002912136348103278,0.010488655065222684,-0.0008708778325234751
2025-06-27,3292.76953125,3316.978773543857,3283.1048040170426,3306.0702704397795,1778433,-0.0002034110189468,-0.020341101894683,3282.2342163085937,3287.630107421875,50.15689985650083,-3.381859595950118,-2.7894556001075896,-0.5924039958425285,3272.387451171875,-0.0061899504003207,0,0.0093795440298545,2542893.0,0.699373902087111,0.0032097998640860936,0.0015632609692077803,0.010287379424929062,-0.00402312658285095
2025-06-30,3312.768310546875,3315.543210774505,3282.1476906920225,3291.620851512901,1468351,0.0060735435951642,0.607354359516421,3284.2720581054687,3291.3077099609377,53.05846859133516,-1.162892624228789,-2.4641430049318296,1.3012503807030409,3264.63671875,-0.0145291150134581,0,0.0094166224370306,2522431.3,0.582117340519839,0.008676580970531589,0.006520387176497611,0.010080849897096969,0.006424633938095919
2025-07-01,3281.860595703125,3334.776901436363,3266.35895353028,3306.0700701470973,2375183,-0.0093298751818378,-0.932987518183781,3286.87958984375,3293.936552734375,48.37176150328119,-1.8767060940426743,-2.3466556227539987,0.4699495287113242,3259.373779296875,-0.0068518499645267,0,0.0091745696374602,2498784.2,0.9505354644070504,-0.0015269784010748522,-0.0036661170723598646,0.020847304725758724,-0.0073227348272431455
2025-07-02,3275.736328125,3339.4653488059707,3272.578530188305,3336.8817809002294,3090585,-0.0018660961974263,-0.1866096197426392,3288.908190917969,3296.5794970703123,47.47687659383269,-2.903120259313709,-2.4579485500659413,-0.4451717092477683,3237.939208984375,-0.0115385108429223,0,0.0091917047193425,2526073.1,1.223474095029158,-0.004004934777243729,-0.0063226653456516235,0.020418865231424443,-0.018324129169099142
2025-07-03,3254.20654296875,3287.2193999790024,3251.144527592608,3282.147812903343,2531870,-0.0065725024848302,-0.6572502484830212,3290.329174804688,3296.92146484375,44.36925827856247,-5.391682649021277,-3.044695369857009,-2.346987279164268,3236.216796875,-0.0055281512885591,0,0.0093026808689378,2473432.45,1.023626094983916,-0.010978424928588582,-0.012956002237385578,0.011085612394314716,-0.008513105297922756
2025-07-04,3272.387451171875,3279.2770439923584,3243.967734776887,3261.096050751665,1109320,0.0055868943667414,0.5586894366741424,3292.0324462890626,3297.84330078125,47.49468528013635,-5.829638480605809,-3.6016839920067687,-2.22795448859904,3125.217041015625,-0.0449734062216705,-1,0.009343147317566,2425378.95,0.4573800725037215,-0.005967436663430359,-0.007718938496363514,0.010790075974294154,0.0034624556420554385
2025-07-07,3264.63671875,3278.416138875185,3261.4789203702617,3270.952315509477,1639174,-0.0023685252854455,-0.236852528544551,3291.544445800781,3297.729951171875,46.30044550226386,-6.724623687374333,-4.226271931080282,-2.498351756294051,3083.78369140625,-0.0553975964017818,-1,0.0090211502426663,2421403.75,0.6769519540060182,-0.008174802890815847,-0.010035155368047999,0.0051880867502490146,-0.0019308128490688186
2025-07-08,3259.373779296875,3277.3634414066432,3247.125483799789,3258.225552697699,2325242,-0.001612105697059,-0.1612105697059052,3288.831652832031,3297.5967041015624,45.46447866949487,-7.769024661160984,-4.934822477096422,-2.8342021840645613,3112.10791015625,-0.0451822586522721,-1,0.0085625661957305,2416672.15,0.9621669203247118,-0.008956941748535452,-0.011591145987362772,0.009277229202407495,0.0003524085673642581
2025-07-09,3237.939208984375,3266.837372173034,3221.8633368794976,3263.009794701244,2034938,-0.0065762848215352,-0.6576284821535272,3284.616540527344,3296.4846630859374,42.128302834268666,-10.208631891636289,-5.989584360004396,-4.219047531631891,3104.234375,-0.0412931884617788,-1,0.0086170442428959,2376068.4,0.8564307323812732,-0.01421089219001348,-0.017759965564880353,0.013889709593295036,-0.007683270138379876
2025-07-10,3236.216796875,3252.484001353674,3211.33754296644,3234.303008112803,3035012,-0.0005319470188309,-0.0531947018830969,3282.1190551757813,3295.69478515625,41.86247005103151,-12.141067788720648,-7.2198810457476466,-4.921186742973001,3081.287109375,-0.0478737047683596,-1,0.0083150260101086,2324812.3,1.305486898877815,-0.013985555529558047,-0.018047177350626553,0.012714370195150804,0.0005917159763313449
2025-07-11,3125.217041015625,3191.242753149758,3120.5283520064395,3157.6556670087216,7635550,-0.0342992335886026,-3.429923358860265,3273.5213623046875,3293.1155224609374,29.113019624746343,-22.371406149421546,-10.250186066482428,-12.121220082939118,3062.756103515625,-0.0199861119020717,0,0.0111280586797233,2597665.15,2.9393896284130387,-0.04530421673639251,-0.05098469224664259,0.022627036847443327,-0.010273009287243161
2025-07-14,3083.78369140625,3130.9586344245786,3062.062234156067,3125.217267735536,3924009,-0.0132577510827568,-1.325775108275684,3260.4310546875,3289.26560546875,25.937547996659347,-33.43690818263394,-14.88753048971273,-18.54937769292121,3032.31982421875,-0.0166885463889433,0,0.0105824421745611,2697161.2,1.4548663238963988,-0.0541791438979472,-0.06247045350210234,0.02234151521733154,-0.01325782266629672
2025-07-15,3112.10791015625,3118.901720676558,3067.8036497758007,3067.8036497758007,2590889,0.0091848915437657,0.9184891543765784,3247.8479125976564,3285.87404296875,31.442675979525305,-39.46593183335426,-19.80321075844104,-19.66272107491322,3033.6640625,-0.0252060178891134,-1,0.0107898525523254,2721108.65,0.9521446341365312,-0.04179382966637757,-0.05288277351480708,0.016419119251617372,0.014441687095485092
2025-07-16,3104.234375,3115.563860083304,3092.2326031663256,3098.3774165813243,2540733,-0.0025299685562171,-0.2529968556217121,3237.928369140625,3282.60765625,30.75824848221436,-44.36785992734213,-24.71614059222125,-19.651719335120863,3052.38671875,-0.0167022363606162,0,0.0102480381273284,2713328.95,0.9363895962559202,-0.04128997893060504,-0.05433889758661292,0.007515945672426367,0.0018903308510227134
2025-07-17,3081.287109375,3112.779808234124,3076.390526695053,3095.593363266516,2947640,-0.0073922464778453,-0.739224647784531,3228.172412109375,3278.810244140625,28.791206332310708,-49.53333634796081,-29.67957974336917,-19.85375660459164,3022.526611328125,-0.0190701145206795,0,0.0102350133956826,2727072.55,1.0808806681729095,-0.04550107118919211,-0.06024231963975568,0.011809766583696405,-0.004621490038478386
2025-07-18,3062.756103515625,3100.105758589483,3059.971786178145,3096.4571730230687,3432645,-0.0060140471178402,-0.601404711784026,3216.9301147460938,3274.805346679688,27.274301165334805,-54.494136445798176,-34.64249108385497,-19.85164536194321,3010.812744140625,-0.0169596786748301,0,0.0101398897365304,2781142.4,1.2342571887005858,-0.04792581925350203,-0.06475170909900296,0.013103874763409793,-0.01088375121124034
2025-07-21,3032.31982421875,3070.1495522628406,3026.3669918654064,3062.8523807267275,3844346,-0.0099375458796534,-0.9937545879653452,3206.1802612304687,3266.7753564453124,24.9492460830604,-60.18775268920172,-39.75154340492432,-20.4362092842774,2956.564697265625,-0.0249825649484854,-1,0.0100472954712541,2817188.65,1.3646036803392632,-0.0542266569082408,-0.071769713752733,0.01443863541297609,-0.009968667344239736
2025-07-22,3033.6640625,3053.3469689942053,3028.8633535989743,3033.6640625,3198036,0.0004433035956543,0.0443303595654365,3195.650744628906,3260.7716064453125,25.252318715550444,-63.85543013736151,-44.57232075141176,-19.28310938594975,2934.193359375,-0.0327889644587171,-1,0.0100696837398632,2806938.05,1.1393325905429228,-0.050689732725381687,-0.06964840576273623,0.00807064160395348,0.0
2025-07-23,3052.38671875,3055.171036049811,3031.743671209123,3033.6639547012974,1922875,0.0061716313554411,0.6171631355441187,3183.4545776367186,3254.503046875,29.52131097297078,-64.50772416213249,-48.55940143355591,-15.948322728576583,2931.888916015625,-0.0394765846654321,-1,0.0092825052748787,2815196.85,0.683033941303252,-0.04117158127760023,-0.06210359161257317,0.007675097226960084,0.006171667108905647
2025-07-24,3022.526611328125,3047.2022105424912,3014.845476356516,3038.945131093794,2934778,-0.0097825440133297,-0.9782544013329786,3169.908935546875,3247.04544921875,26.88417268730619,-66.6656528458243,-52.18065171600959,-14.485001129814712,2915.7587890625,-0.0353240305198537,-1,0.0093484038180523,2817980.45,1.0414472534754455,-0.04649418239307357,-0.0691455790816371,0.010705194146084762,-0.005402703588715146
2025-07-25,3010.812744140625,3031.0715957495104,3001.019344529776,3014.845292873372,2568917,-0.0038755216061945,-0.3875521606194532,3155.8110961914062,3239.7064013671875,25.90648668465265,-68.53105472013203,-55.45073231683408,-13.080322403297956,2883.3056640625,-0.0423497211263862,-1,0.0093008769371703,2857504.65,0.8990071109770548,-0.04594646118893897,-0.0706525928182773,0.00998144148227732,-0.001337564067476079
2025-07-28,2956.564697265625,2993.72213811463,2947.539223682625,2986.041003699968,3374473,-0.0180177418806841,-1.8017741880684168,3138.000915527344,3232.088583984375,21.92914490058456,-73.53905075732291,-59.06839600493185,-14.470654752391065,2951.859619140625,-0.0015914003604763,0,0.009428896044484,2952810.75,1.1428002962939634,-0.05781904567457041,-0.08524639085822838,0.015620464681431518,-0.009871366936294283
2025-07-29,2934.193359375,2951.475911884408,2919.9832137631183,2938.0339265993125,4785312,-0.0075666661079039,-0.7566666107903908,3120.617553710937,3224.4122021484377,20.529387057265367,-78.40925066654108,-62.9365669372537,-15.472683729287382,2941.7783203125,0.0025850242327301,0,0.0094006709401815,3073317.2,1.5570511237824718,-0.05973951986338333,-0.09000674373458328,0.010733000270983471,-0.0013071895424835516
2025-07-30,2931.888916015625,2946.675005072937,2925.7438682234083,2938.0337293982366,2880121,-0.0007853754259282,-0.0785375425928269,3103.425183105469,3216.1680859375,20.385042108898105,-81.5152118814458,-66.65229592609212,-14.862915955353673,2911.438232421875,-0.0069752586743777,0,0.0094259766210948,3062794.0,0.9403573991590684,-0.05527320846130235,-0.08839064449550027,0.007139130249850549,-0.002091471354166565
2025-07-31,2915.7587890625,2937.8420514011964,2894.827650050853,2920.463390318632,2968371,-0.0055016159940485,-0.5501615994048525,3086.502795410156,3208.5270703125,19.359000510253694,-84.30644276822795,-70.18312529451929,-14.123317473708669,2925.552001953125,0.0033587184671657,0,0.0094225248294834,3084619.05,0.9623136445325396,-0.0553195696441825,-0.09124694130178723,0.014752386758361977,-0.0016109091700062443
2025-08-01,2883.3056640625,2915.758501968501,2880.4252388236764,2909.133383273443,2053847,-0.01113025025312,-1.1130250253120089,3067.0487060546875,3199.523740234375,17.455357438522213,-88.12140066792062,-73.77078036919956,-14.350620298721068,2915.37451171875,0.0111222504280263,0,0.009130454937252,3131845.4,0.6557945037772299,-0.05990874602984253,-0.09883285821430132,0.01225442851419406,-0.008878148853347168
2025-08-04,2951.859619140625,2956.660327755159,2872.360072011628,2889.162552162496,2519252,0.0237761663401077,2.3776166340107707,3051.4098510742188,3191.4608837890623,32.54495632586959,-84.63740373788141,-75.94410504293593,-8.693298694945483,2919.59912109375,-0.0109288727138951,0,0.0113259339591112,3175849.3,0.7932530047946545,-0.03262433982722712,-0.0750757328299041,0.02855835528116119,0.021700775171407765
2025-08-05,2941.7783203125,2954.836342347973,2920.751308991888,2951.859809051624,1927996,-0.003415236538606,-0.3415236538606092,3035.530078125,3183.9286279296875,31.629270204967185,-81.74745387028952,-77.10477480840666,-4.642679061882859,2914.414306640625,-0.0093018612187502,0,0.0113050241982278,3155987.0,0.6109011222162829,-0.030884806079868876,-0.07605393710556974,0.0115865403999797,-0.0034153006549328168
2025-08-06,2911.438232421875,2944.5631268588136,2905.389291773203,2940.9145408794843,1487081,-0.0103135194386101,-1.031351943861014,3019.205029296875,3175.8085400390623,28.986029586842378,-80.97194512917395,-77.87820887256012,-3.093736256613824,2915.1826171875,0.0012860945232935,0,0.0113622885491001,3128594.15,0.4753192420308016,-0.03569376568642557,-0.08324503958098672,0.013455148953314424,-0.010022837470412993
2025-08-07,2925.552001953125,2929.9687479023937,2890.890789951502,2895.7876067904904,2543076,0.0048476967067612,0.4847696706761217,3003.6717895507813,3167.9631298828126,31.8396122048748,-78.3157108522555,-77.96570926849921,-0.3500015837562955,2901.83642578125,-0.0081063594685865,0,0.0115418367649713,3103997.35,0.819290647912441,-0.026008097112813933,-0.07651955467633698,0.013357464821955956,0.010278514588859512
2025-08-08,2915.37451171875,2937.841970823321,2904.428988797544,2926.6083584758467,2762140,-0.0034788273213329,-0.3478827321332978,2993.1796630859376,3160.5724072265625,30.87611241169021,-76.15400845054864,-77.60336910490909,1.4493606543604471,2891.178955078125,-0.0082992962116419,0,0.0092496858080235,2860326.85,0.9656728565828062,-0.025994146735238477,-0.07758021773118506,0.011460957037069727,-0.0038385206973669565
2025-08-11,2919.59912109375,2928.3362704951187,2900.8763567070323,2915.3743566889298,1884215,0.0014490794777888,0.1449079477788828,2984.9704345703126,3153.52416015625,31.798698845015537,-73.25550914350742,-76.73379711262876,3.4782879691213395,2895.979736328125,-0.0080899410453229,0,0.0090086120362316,2758337.15,0.6830981484623807,-0.02190015442681359,-0.07417892718821273,0.00940537130241335,0.0014491327314885265
2025-08-12,2914.414306640625,2972.9829560524563,2906.253101394714,2919.791194448837,3358232,-0.0017758651917879,-0.1775865191787962,2975.0857543945312,3147.2182470703124,31.24747850991492,-70.56338794315707,-75.49971527873443,4.93632733557736,2975.09521484375,0.0208209615444381,1,0.0085707197580699,2796704.3,1.2007819346507245,-0.02039317611745739,-0.07397133663876032,0.022896488843640105,-0.0018415316199441067
2025-08-13,2915.1826171875,2923.055733419127,2907.8856798255947,2915.086743648966,2148166,0.0002636243395883,0.0263624339588375,2965.633166503906,3140.81861328125,31.43714605682553,-67.58874527312446,-73.91752127761244,6.3287760044879775,2978.936279296875,0.0218695260233414,1,0.0086056183142027,2777075.95,0.7735351998565253,-0.017011729530891584,-0.07183986847875468,0.005203809018375714,3.288874293114224e-05
2025-08-14,2901.83642578125,2934.0970475783347,2898.7640190971856,2913.070037249964,3342174,-0.004578166502353,-0.4578166502353098,2956.6606323242186,3134.3396044921874,29.894383007193284,-65.55259611079828,-72.2445362442496,6.691940133451325,2932.27294921875,0.0104887109304603,0,0.0085546303229627,2796802.65,1.1949981526226028,-0.018542610519311276,-0.07417931942591993,0.012176092410734873,-0.003856279226063175
2025-08-18,2891.178955078125,2927.472362173284,2883.6898021204543,2925.072007661826,2945609,-0.0036726641820465,-0.3672664182046592,2948.081774902344,3127.3967431640626,28.68385426679077,-64.06045302135271,-70.60771959967022,6.547266578317505,3015.42138671875,0.0429729302720618,1,0.008526626708844,2772450.85,1.0624567068519897,-0.019301642277580244,-0.07553176251214944,0.015143497076142364,-0.011587083153824129
2025-08-19,2895.979736328125,2904.429031301108,2891.083153648401,2891.1790271854784,2650784,0.0016604925964778,0.1660492596477825,2941.2647705078125,3119.8284033203126,30.05779278012139,-61.77839308778266,-68.84185429729271,7.063461209510052,3031.35986328125,0.0467476085052915,1,0.0084124290185906,2712772.75,0.977149302314394,-0.015396449389311173,-0.07175031381660424,0.004608415413026449,0.0016604676145980598
2025-08-20,2975.09521484375,2979.7037075526887,2890.8905988262018,2890.8905988262018,4952358,0.0273190718578497,2.7319071857849764,2938.336328125,3113.05771484375,47.87867213845212,-52.97522085838,-65.66852760951016,12.693306751130166,2970.390625,-0.0015813241271328,0,0.0107025057443263,2800488.85,1.768390543672402,0.01251010184467427,-0.0443173601768333,0.029852190371376507,0.02912756921750623
2025-08-21,2978.936279296875,3005.2440729447403,2960.213512708241,3005.2440729447403,3230726,0.0012910727811199,0.129107278111995,2934.663806152344,3106.191611328125,48.56389631651322,-45.16803267830392,-61.56842862326892,16.400395944965,2961.749267578125,-0.0057695130433628,0,0.0105873124874809,2865881.4,1.1273062451223557,0.01508604598990737,-0.04096828140516384,0.015116322074243195,-0.008753962410143668
2025-08-22,2932.27294921875,2972.310813922428,2928.43238216018,2962.997485687316,1593791,-0.0156644270649317,-1.5664427064931763,2930.151123046875,3099.113740234375,41.43680552236765,-42.25898527646177,-57.70653995390749,15.447554677445716,2988.537353515625,0.0191879832714296,0,0.0109159029117101,2798832.05,0.5694486026769631,0.000724135405572035,-0.053835000906745534,0.014963965675139025,-0.01036941023979265
2025-08-25,3015.42138671875,3026.366909314735,2954.4523833109183,2964.245782645686,3448370,0.0283563088907372,2.835630889073726,2930.381555175781,3093.47875,54.305297814075786,-32.86530941716728,-52.73829384655944,19.87298442939216,2987.481201171875,-0.0092657648678675,0,0.0127632568979487,2842804.7,1.213016849170117,0.02902005419491105,-0.025232875215726036,0.02384891422491069,0.017264291771172877
2025-08-26,3031.35986328125,3035.9685911364395,2995.6426326203955,3004.283909445262,5522097,0.0052856548118613,0.5285654811861384,2934.1213134765626,3087.194150390625,56.288102631275706,-23.859612999147885,-46.962557677077136,23.10294467792925,2974.0390625,-0.0189092695577238,0,0.0120615140866365,2950185.9,1.871779334312458,0.03314060306847777,-0.018085771217955404,0.013302926849600029,0.009012448440995562
2025-08-28,2970.390625,3021.086158669707,2963.4776509563167,3019.645945976872,3116051,-0.0201128341836837,-2.0112834183683703,2935.9311767578124,3079.3265478515623,47.752088433433855,-21.395606460467206,-41.84916743375516,20.45356097328795,2972.310791015625,0.0006464355224744,0,0.0128485173974837,2866722.85,1.0869732314723064,0.011737144424564416,-0.035376541317960086,0.0193942531425106,-0.016311621249006307
2025-08-29,2961.749267578125,2990.841610057071,2954.548204311535,2969.7184911417403,2271789,-0.0029091653296862,-0.2909165329686214,2937.424194335937,3072.5090283203126,46.67177756829206,-19.91063148563353,-37.46146024413083,17.550828758497303,2926.80029296875,-0.0118001125186243,0,0.0128701197203286,2836306.25,0.8009674554713547,0.008281089700661104,-0.036048636381953325,0.012254043967474029,-0.0026834946098043904
2025-09-01,2988.537353515625,3006.2999761800884,2966.8380558481663,2966.8380558481663,1246862,0.0090446839071576,0.9044683907157623,2941.063122558594,3066.751650390625,50.41664686948506,-16.383346442124093,-33.24583748372949,16.862491041605395,2898.66796875,-0.0300713607142656,-1,0.0129189868798925,2750230.8,0.4533663138380968,0.01614186060574263,-0.025503955256708677,0.013204425999728694,0.00731394746156958
2025-09-02,2987.481201171875,3029.247369338668,2979.416103841445,2996.698656186325,2185229,-0.0003534010851521,-0.0353401085152138,2946.2718994140623,3060.7492333984374,50.26677155157036,-13.51735069537608,-29.300140126058807,15.782789430682726,2927.8564453125,-0.0199582028619916,0,0.0125933525549913,2756799.9,0.792668702577942,0.013986930997783364,-0.023937940236028687,0.016680026464325842,-0.0030758698394387084
2025-09-03,2974.0390625,3016.6692623196923,2964.917715899919,3005.1475613511693,1799774,-0.0044994889563161,-0.4499488956316133,2947.3808715820314,3055.2836767578124,48.2987992535292,-12.190175908126092,-25.878147282472263,13.68797137434617,2986.041015625,0.0040355734651686,0,0.0115460120213348,2720826.0,0.6614807415101149,0.009044705139739762,-0.026591512557690544,0.01740109841606129,-0.010351737549014852
2025-09-04,2972.310791015625,2993.721999084069,2967.6061901689773,2991.8017155695825,1481391,-0.0005811192953606,-0.0581119295360643,2948.9074951171874,3049.8448046875,48.03839101669072,-11.149315029027091,-22.93238083178323,11.783065802756138,2999.675048828125,0.0092063918400504,0,0.0115135881937929,2698495.75,0.5489691803294484,0.007936259763044129,-0.025422281669122304,0.008786365474980526,-0.006514778186176279
2025-09-05,2926.80029296875,2979.703965451406,2907.885546409113,2973.655259644998,2802055,-0.0153114870034584,-1.5311487003458413,2949.6755981445312,3042.454609375,41.66750052767518,-13.83723509581978,-21.11335168459054,7.276116588770762,3008.50830078125,0.027917179046617,1,0.0118127991827326,2764244.45,1.013678439329054,-0.007755193550833428,-0.038013489519243326,0.02453820276526119,-0.015756690868679073
2025-09-08,2898.66796875,2942.738381698852,2895.7875434746607,2928.4323632618416,2626187,-0.0096119725989962,-0.9611972598996266,2948.331396484375,3034.5591796875,38.287280889476925,-18.029640098980963,-20.496609367468626,2.466969268487663,2987.865234375,0.0307718119448723,1,0.0119632173689469,2768400.0,0.9486298945239128,-0.016844588024804263,-0.04478120309767508,0.016197384015816853,-0.010163934426229485
2025-09-09,2927.8564453125,2938.034042622692,2909.997947659983,2911.246178939102,2489301,0.0100696171059173,1.006961710591736,2948.9554931640623,3027.26091796875,43.41624579399694,-18.780396428677705,-20.15336677971044,1.3729703510327376,3020.31787109375,0.0315799041067332,1,0.0121612957246458,2754758.05,0.9036368910874044,-0.00715475289487133,-0.032836440382862375,0.009575638521347279,0.005705551970686038
2025-09-10,2986.041015625,2998.2347696750494,2931.696895660388,2934.5773210773896,2079428,0.0198727538044611,1.9872753804461183,2952.277587890625,3020.7263720703127,51.983248545279736,-14.513070036090994,-19.02530743098655,4.512237394895557,3046.338134765625,0.020192997626325,1,0.0129278476991973,2764518.7,0.7521844580034853,0.011436400111176193,-0.011482455599426067,0.022282973899718773,0.017537004112304747
2025-09-11,2999.675048828125,3013.885194748687,2986.137189714118,3013.885194748687,2263446,0.0045659229500809,0.4565922950080958,2956.540625,3015.0826611328125,53.75029244087238,-9.91671685149413,-17.203589315088067,7.286872463593937,3050.08251953125,0.0168043104278303,0,0.0129286699872656,2709779.4,0.8352879204853355,0.014589491334361382,-0.005110179068489873,0.009250336980803686,-0.004714892904786578
2025-09-12,3008.50830078125,3023.198517586115,2996.602635914744,3018.685897890405,1447167,0.0029447362828769,0.2944736282876947,2961.2069091796875,3009.738100585937,54.90809394900677,-5.497927541358877,-14.86245696034223,9.364529418983354,3042.88134765625,0.0114252790547642,0,0.0129288383838086,2674729.45,0.5410517314190413,0.015973686760938355,-0.00040860691647803815,0.008840222134160164,-0.003371532333412935
2025-09-15,2987.865234375,3009.0844623500607,2972.599073208612,3009.0844623500607,1732539,-0.0068615620574785,-0.6861562057478565,2965.508349609375,3004.4112744140625,51.65373731245465,-3.619999019769693,-12.613965372227725,8.993966352458031,2951.283935546875,-0.0122432894252598,0,0.0129966892677866,2594247.7,0.6678386955879347,0.007538972118749987,-0.005507248684616051,0.012211189688774783,-0.0070517222898052855
2025-09-16,3020.31787109375,3024.4465275211764,2985.176823514983,3003.323408916267,2573429,0.0108614794085712,1.0861479408571295,2971.965295410156,2999.3698828125,56.06257249836171,0.4813803752185777,-9.994896222738465,10.476276597957042,2940.338134765625,-0.0264805691790188,-1,0.013095748527538,2575638.7,0.999142076875922,0.016269562689129824,0.006984129700471353,0.013001844733638156,0.0056585521649216465
2025-09-17,3046.338134765625,3055.55535595913,3017.149681628776,3026.367137231914,2418271,0.0086150745657946,0.8615074565794689,2979.4832153320312,2995.0039111328124,59.26975974794476,5.764916543119853,-6.8429336695668015,12.607850212686651,2914.414306640625,-0.0433057074720136,-1,0.0131708760313267,2564013.05,0.9431586161388688,0.022438427942660377,0.01713995211892594,0.012607160673353431,0.006599000262730035
2025-09-18,3050.08251953125,3075.334296666793,3035.392302577828,3058.0517436415034,2633138,0.0012291428593869,0.1229142859386911,2983.2325805664063,2990.8180859375,59.72535052127272,10.137439487387836,-3.446859038175874,13.58429852556371,2839.523193359375,-0.0690339768919545,-1,0.0118179553937759,2448052.05,1.0756053981777065,0.022408557549391972,0.01981545914557792,0.013095381463680271,-0.002605980793759803
2025-09-19,3042.88134765625,3053.730996885227,3018.685821162444,3043.649507978673,4901694,-0.0023609760814297,-0.2360976081429711,2986.429833984375,2986.9169287109376,58.3730362774838,12.87322649372436,-0.1828419317958269,13.056068425520188,2783.547119140625,-0.0852265333038289,-1,0.011846468440728,2531600.45,1.9362036375052785,0.018902675371602395,0.018736516709711326,0.011517102285232424,-0.00025238133379323235
2025-09-22,2951.283935546875,2983.06448873766,2942.8346407567424,2971.638894989272,3634901,-0.0301021964526901,-3.010219645269019,2987.380383300781,2981.218271484375,44.55418046662455,7.563029860406004,1.3663324266445396,6.196697433761464,2780.666748046875,-0.0578111734506441,-1,0.0132771706061717,2633655.95,1.3801730632279436,-0.012082976763080566,-0.010040974263382352,0.01363130381877785,-0.006849741897213452
2025-09-23,2940.338134765625,2957.9087764692863,2930.352753876681,2947.6353061603577,3177741,-0.0037088267412744,-0.3708826741274484,2983.626220703125,2977.520693359375,43.23694380665186,2.4432617251372903,1.5817182863430896,0.8615434387942007,2773.273193359375,-0.056818275228596,-1,0.0115479622251333,2620124.5,1.2128206121503005,-0.01450854856990047,-0.012487758246878533,0.009371718941706556,-0.002475601842426739
2025-09-24,2914.414306640625,2935.153463147022,2912.1100600997443,2928.432470591566,1625714,-0.0088166145990098,-0.8816614599009842,2977.778942871094,2974.1333056640624,40.20519120752562,-3.663793749504748,0.5326158791735222,-4.19640962867827,2798.045166015625,-0.0399288256168135,-1,0.0115618834444616,2425305.35,0.6703131216034303,-0.02127916055762502,-0.02007946278322703,0.007906701183415308,-0.004786917264344237
2025-09-25,2839.523193359375,2908.845617084501,2833.3783797594588,2901.548445826189,4974361,-0.0256967971611336,-2.56967971611336,2971.2355712890626,2968.681611328125,33.00513182328615,-14.380991049800286,-2.45010550662124,-11.930885543179048,2786.235107421875,-0.0187665612530024,0,0.0120805898518258,2518220.85,1.9753473965557864,-0.044329160300320636,-0.04350699565621907,0.02657743296534189,-0.021376604121856345
2025-09-26,2783.547119140625,2837.026969231378,2776.057966398974,2823.7769658283983,3934636,-0.0197131949299297,-1.9713194929929727,2962.3254638671874,2962.2678662109374,28.84688969590761,-27.07909752132992,-7.375903909562974,-19.70319361176693,2869.28759765625,0.0308025964159341,1,0.0127022950885883,2601363.2,1.5125285081298911,-0.0603506761519631,-0.060332405826254876,0.02190334857748971,-0.014246821606171441
2025-09-29,2780.666748046875,2812.5434087793974,2778.6503565122343,2799.773476015783,3110035,-0.0010347843849826,-0.1034784384982612,2951.93193359375,2956.255458984375,28.64688673564966,-36.94893592648759,-13.290510312947898,-23.65842561353969,2855.17333984375,0.0267945059756649,1,0.0123946254691925,2694521.85,1.1542066359565797,-0.058017999533740094,-0.0593956487771945,0.012188822084116821,-0.006824383519804624
2025-09-30,2773.273193359375,2799.101145742985,2770.1049132760872,2794.9724895498107,2253458,-0.0026589143386899,-0.2658914338689921,2941.221533203125,2950.46580078125,28.108171140489446,-44.85044404318933,-19.602497058996185,-25.247946984193145,2906.54150390625,0.0480545194270751,1,0.0123742832196643,2697933.3,0.8352534141596459,-0.05710156067735794,-0.06005580792529652,0.010455599014308948,-0.007763688648660302
2025-10-01,2798.045166015625,2808.222762784315,2752.342557318892,2775.7699233020426,1952902,0.008932395378705,0.8932395378705049,2932.421838378906,2945.780307617188,32.67633676853325,-48.5538563552841,-25.39276891825377,-23.161087437030325,2939.666015625,0.0506142114249861,1,0.0126857553411838,2705589.7,0.7218027182761673,-0.045824468568808285,-0.050151445856145505,0.019971159202192407,0.008024887987504349
2025-10-03,2786.235107421875,2807.454332770607,2775.8657645822723,2807.454332770607,2899519,-0.0042208248591524,-0.4220824859152428,2923.118054199219,2940.831728515625,31.64398058586086,-51.84418285394486,-30.68305170539199,-21.16113114855287,2907.59716796875,0.0435577242651186,1,0.0126758093591684,2776496.1,1.044308688205973,-0.04682771760815618,-0.052569012907032975,0.011337366363732239,-0.007558172933053981
2025-10-06,2869.28759765625,2874.2805224331,2780.18662812204,2786.331441741774,2112774,0.0298081414641364,2.980814146413646,2920.2424194335936,2937.16974609375,44.84153990546138,-47.205987210507374,-33.98763880641507,-13.218348404092303,2887.338134765625,0.0062909473153265,0,0.0143075738282997,2742032.05,0.7705139697400692,-0.017448832822319793,-0.023111414833200894,0.0327934691482024,0.029772536989576093
2025-10-07,2855.17333984375,2884.7457512248284,2837.6988077034384,2875.624405031906,3062943,-0.0049190808980003,-0.4919080898000305,2918.067687988281,2933.8226806640623,43.31113450759648,-44.160036976782976,-36.022118440488654,-8.137918536294322,2842.3076171875,-0.004506109130647,0,0.0141951200834466,2763869.85,1.108208116239627,-0.021553423316198028,-0.02680780312275388,0.01647778888407686,-0.007111869391694461
2025-10-08,2906.54150390625,2921.711792761769,2849.7011504820675,2856.422143761506,4121889,0.0179912593556617,1.7991259355661704,2917.001940917969,2931.737255859375,49.99951360457506,-37.1726151650123,-36.25221778539338,-0.9203973796189188,2862.064208984375,-0.0153024805811647,0,0.0146145746845178,2845499.25,1.448564430301642,-0.0035860233292910326,-0.008594137111969657,0.02477537037848001,0.017546202074579846
2025-10-09,2939.666015625,2943.794672125363,2899.628150625765,2913.070135429991,3211304,0.0113965383512439,1.139653835124399,2914.6831909179687,2931.3992822265627,53.7860032160945,-28.63210864928078,-34.728195958170865,6.096087308890084,2862.931396484375,-0.0261031759161628,-1,0.0141142389972916,2902093.05,1.106547565730189,0.008571368848894645,0.0028200639362094826,0.01502433312656697,0.009129845475238929
2025-10-10,2907.59716796875,2947.635030127983,2887.049994865423,2928.432196055488,8817365,-0.0109090105766426,-1.090901057664262,2910.079296875,2930.8673583984373,49.85007718203335,-24.172735452561938,-32.61710385704908,8.444368404487143,2854.73974609375,-0.0181790732420908,0,0.0142347456212775,3229789.0,2.7300127036162425,-0.0008529420173930546,-0.007939694153338728,0.02083680501893081,-0.007114738089139366
2025-10-13,2887.338134765625,2914.510192335436,2878.6968592818434,2906.348987711864,2866865,-0.0069676203520578,-0.696762035205789,2904.020788574219,2929.9763427734374,47.485991512197295,-22.01955698754591,-30.49759448314845,8.478037495602539,2905.81689453125,0.006399929243869,0,0.0142458254452794,3300773.9,0.8685432831373273,-0.0057446743750014795,-0.014552406920614325,0.012403581216337025,-0.006541145962380146
2025-10-14,2842.3076171875,2906.541005318549,2837.6988899902512,2900.588173459837,3611416,-0.0155958587031859,-1.5595858703185916,2896.742907714844,2928.5073193359376,42.64495916853219,-23.67383672075948,-29.13284293067066,5.459006209911177,2897.625244140625,0.0194622237996402,0,0.0145350390062394,3394717.75,1.0638339520273814,-0.01879189567785511,-0.029434688989605884,0.02422050129690681,-0.020092668378641158
2025-10-15,2862.064208984375,2871.6049712258155,2843.946172081733,2863.2206293645645,4282226,0.0069508985154902,0.6950898515490245,2888.830224609375,2928.082490234375,45.28070042591112,-23.124113100925115,-27.931096964721554,4.80698386379644,2961.713134765625,0.0348171524134364,1,0.0143727414339111,3480157.6,1.2304689879561777,-0.009265347404975754,-0.022546592000116772,0.009663933833929378,-0.00040388797437735237
2025-10-16,2862.931396484375,2867.0754517571395,2836.332787245134,2862.160371154854,3251495,0.0003029937264431,0.0302993726443157,2879.6598876953126,2926.30392578125,45.39930870058482,-22.3607179503324,-26.817021161843726,4.456303211511326,2952.07568359375,0.0311374164322773,1,0.0141501627254391,3521818.8,0.9232431265345056,-0.00580918992635826,-0.02165616795253289,0.0107381771528849,0.000269385788892658
2025-10-17,2854.73974609375,2880.374867719902,2848.186383733,2862.2568312933195,4374683,-0.0028612807141255,-0.2861280714125502,2869.8927490234373,2924.563154296875,44.41983124077959,-22.161258328460463,-25.885868595167075,3.724610266706613,2972.98828125,0.0414218267420187,1,0.0141152657885344,3608896.05,1.2121942387340308,-0.005279989273063834,-0.023874816346686756,0.011275453053451349,-0.0026262790667086456
2025-10-20,2905.81689453125,2913.333979311689,2870.4483153754104,2877.1943748710046,3133039,0.0178920507578286,1.7892050757828626,2863.039526367188,2924.4507275390624,51.45295025563909,-17.67790623279552,-24.244276122692767,6.566369889897246,2946.968017578125,0.0141616366551937,0,0.0148848340054679,3520463.3,0.8899507630146294,0.014941242609507688,-0.0063717377189298485,0.014758556885325187,0.009948066043167026
2025-10-21,2897.625244140625,2921.814780103732,2887.313457420898,2921.140221212513,310644,-0.002819052503288,-0.2819052503288066,2860.356591796875,2923.8921923828125,50.35247972332824,-14.617315804585814,-22.318884059071376,7.7015682544855615,2946.67919921875,0.0169290197817397,0,0.0133654120535899,3354250.45,0.0926120469030569,0.013029372788914362,-0.008983555655922237,0.011906758043539379,-0.008049930948582622
2025-10-23,2961.713134765625,2985.613509464342,2925.959156761946,2944.1734252464703,5564758,0.022117384142271,2.2117384142271046,2861.425341796875,2924.81896484375,57.9329987544738,-6.940413900095791,-19.24319002727626,12.302776127180469,2925.187744140625,-0.0123325214033229,0,0.0142886015934416,3473601.3,1.6020140250408128,0.035048194864232496,0.012614172147179747,0.02014184020800404,0.0059574308254909895
2025-10-24,2952.07568359375,2977.903502125272,2947.35353590782,2968.2662739630537,2684318,-0.003254012368297,-0.3254012368297032,2863.3084106445312,2925.46849609375,56.53505375000544,-1.6154536535927946,-15.717642752539566,14.102189098946772,2947.064208984375,-0.0016976104770031,0,0.0141520347156691,3526531.5,0.7611779449580983,0.0310016457253508,0.009095017613598433,0.0103486392260315,-0.005454561307832719
2025-10-27,2972.98828125,2981.95095007438,2949.184375870237,2955.2558763824863,1946312,0.0070840316772609,0.7084031677260905,2869.9816650390626,2926.639975585937,58.85517039611224,4.243174884235486,-11.725479225184555,15.968654109420042,2907.35888671875,-0.0220752281282642,-1,0.0127591611160982,3375129.05,0.5766629871530394,0.03589103633159807,0.015836695340288198,0.011021427299527176,0.006000294258519434
2025-10-28,2946.968017578125,2978.096312781555,2929.9101701396817,2964.4114953280427,3470737,-0.0087522254413107,-0.8752225441310713,2878.152709960937,2927.27568359375,54.92653884048918,6.7092226493446105,-8.038538850278723,14.747761499623332,2881.723876953125,-0.0221394125202006,-1,0.0119715081162663,3351934.1,1.0354430894091862,0.023909540094598336,0.006727188045438703,0.016351091139928105,-0.005884297027389393
2025-10-29,2946.67919921875,2964.4116062609737,2935.5963859963827,2946.968127858293,2895420,-9.800525748915324e-05,-0.0098005257489153,2886.453332519531,2928.1725390625,54.88274729131268,8.541813335228198,-4.722468413177339,13.264281748405535,2901.6728515625,-0.0152735824341456,0,0.0119570272346507,3341203.35,0.8665800002864237,0.020865006206994163,0.006320208221806123,0.009778879313442335,-9.804267538955443e-05
2025-10-30,2925.187744140625,2952.653842834952,2922.778437237614,2938.487165302022,2241536,-0.0072934492101559,-0.7293449210155956,2894.0490600585936,2928.85271484375,51.586856253204616,8.165843087620487,-2.1448061130177734,10.31064920063826,2883.265869140625,-0.0143313450851052,0,0.0121157323837219,3340607.25,0.6709965680640848,0.010759556398605374,-0.0012513332215549067,0.01021315833733422,-0.0045259415519788015
2025-10-31,2947.064208984375,2956.1231088421955,2915.357824198127,2924.898585437403,1868085,0.0074786532548449,0.747865325484498,2901.5000122070314,2929.874404296875,54.57710824128082,9.523352561074717,0.1888256218007247,9.334526939273992,2915.4541015625,-0.0107259649537017,0,0.0120809326006333,3336366.4,0.559916021213977,0.015703669338496873,0.005867079033247791,0.013832506438031402,0.007578253706754434
2025-11-03,2907.35888671875,2947.0642176101555,2900.805524854993,2936.3668007969727,2194877,-0.0134728392223623,-1.347283922236231,2907.556201171875,2928.519677734375,48.69799471050143,7.311023989900605,1.6132652954207007,5.697758694479904,2936.46337890625,0.0100106293448853,0,0.012527431315113,3301134.3,0.6648857030748492,-6.786264459657243e-05,-0.007225763643150862,0.015910898708267167,-0.009878845541486691
2025-11-04,2881.723876953125,2919.405532644096,2868.039060214524,2910.0574685167057,2670720,-0.0088172842653617,-0.8817284265361769,2908.178015136719,2926.5754296875,45.304754879530165,3.449443572607379,1.9805009508580365,1.4689426217493424,3018.18701171875,0.0473546878856099,1,0.0109223966126389,3329031.6,0.8022513213752612,-0.00909646453755697,-0.015325609679967989,0.017824911276330374,-0.009736437121986715
2025-11-06,2901.6728515625,2914.2977142131544,2881.531139384038,2881.627605776501,2542721,0.0069225836551929,0.6922583655192938,2910.502990722656,2925.963427734375,48.32246186334879,1.9760501253608709,1.979610785758604,-0.0035606603977325,2993.033935546875,0.0314856597066683,1,0.0109470765465006,3303020.5,0.7698168994107061,-0.0030338876779382185,-0.00830173608515794,0.011292304992781072,0.00695622354041049
2025-11-07,2883.265869140625,2895.023240036059,2853.1012989769483,2892.1320716871546,1830520,-0.0063435760554341,-0.6343576055434119,2909.339208984375,2923.3203173828124,45.81090470171016,-0.6692003199568717,1.4498485646155084,-2.11904888457238,2993.322998046875,0.0381709956352562,1,0.0102750758258653,3188452.05,0.5741093079947682,-0.008961945641550728,-0.013701696664581542,0.014539741724063047,-0.003065628514453502
2025-11-10,2915.4541015625,2937.3305615709287,2883.458552382941,2884.422275161144,1556656,0.0111638100275048,1.1163810027504883,2908.12861328125,2921.0022021484374,50.6420524699157,-0.1663415261400587,1.126610546464395,-1.2929520726044537,2989.660888671875,0.0254529087148396,1,0.0102611929177002,3105719.65,0.5012223173459974,0.0025189698446606013,-0.0018993825413265997,0.018478085166600877,0.010758420037378948
2025-11-11,2936.46337890625,2944.847720230334,2908.5154176367123,2934.5359333014544,2806868,0.0072061766750126,0.7206176675012665,2909.571923828125,2920.3236572265623,53.55275011580004,1.905485539470192,1.2823855450655544,0.6230999944046374,2975.10888671875,0.0131605618139512,0,0.0100792569950017,2805194.8,1.0005964648159194,0.009242409461644785,0.005526689358471781,0.012372809705242875,0.0006568144499178617
2025-11-12,3018.18701171875,3022.619995280987,2946.1969680097523,2948.991669923252,4460315,0.0278306323857304,2.783063238573047,2916.114367675781,2921.452412109375,62.7538989004301,10.026261093985797,3.031160654849603,6.995100439136192,3033.510009765625,0.0050768882071854,0,0.0116029814539585,2884867.3,1.5461075107336828,0.035002963249457064,0.033111817672747845,0.02532083895878758,0.02346406824448529
2025-11-13,2993.033935546875,3018.2834265472866,2989.468208145196,3018.1871954349617,1740435,-0.008333836198424,-0.8333836198424094,2923.65068359375,2921.54234375,58.88727749821878,14.26791949940889,5.278512423761461,8.98940707564743,3030.715576171875,0.0125897806160741,0,0.011117540685884,2791318.25,0.6235172216568283,0.023731717452592394,0.02447049653407074,0.009627427895108554,-0.008333896560866496
2025-11-14,2993.322998046875,3000.1655239975616,2965.6642009169345,2977.9034333434784,2210794,9.65784238418088e-05,0.0096578423841808,2930.213623046875,2921.6591796875,58.91860468917508,17.451617885430096,7.713133516095189,9.738484369334907,3036.30517578125,0.0143593517179472,0,0.0110834196146487,2687746.65,0.8225455327048775,0.02153746556347591,0.024528466173470598,0.011526094278211546,0.005177993527508088
2025-11-17,2989.660888671875,3010.188231818854,2974.626953832486,2993.323082448971,2232853,-0.0012234260644071,-0.1223426064407173,2936.55009765625,2921.9716162109376,58.31238468977643,19.454955555271223,10.061497923930396,9.39345763134083,3027.24609375,0.0125717285263151,0,0.0111031506822934,2636814.55,0.8467994080205603,0.018086117808109092,0.02316561601262701,0.011894753054138486,-0.0012234542266983863
2025-11-18,2975.10888671875,2992.359431517968,2966.338914722159,2989.4682629851,2548350,-0.0048674423270759,-0.4867442327075921,2942.5685546875,2922.027578125,55.853141223210805,19.64196974985134,11.977592289114586,7.664377460736755,3006.044189453125,0.0103980405128947,0,0.0111604447084051,2545497.9,1.0011204487734993,0.01105847881756672,0.0181659163627097,0.008746072088980537,-0.00480332119398771
2025-11-19,3033.510009765625,3040.545232796858,2971.639057156612,2984.6493140956795,3151053,0.0196299111295001,1.9629911129500188,2948.9532104492187,2924.1617724609373,62.65935621029082,24.223429777836373,14.426759786858945,9.796669990977428,3048.158935546875,0.0048290349245894,0,0.0112956048754361,2546398.6,1.2374547331277983,0.02867349641791228,0.037394729092796286,0.02271499860505472,0.01637066553822247
2025-11-20,3030.715576171875,3049.7008686990343,3024.258680324472,3033.79944214396,2700767,-0.0009211881895078,-0.0921188189507815,2955.607727050781,2926.802724609375,62.16548641005376,27.313924501367183,17.004192729760593,10.30973177160659,3022.81298828125,-0.0026074990186333,0,0.0112590212059012,2665904.75,1.0130770801169846,0.025411981581209275,0.035503879605130795,0.008394779297204278,-0.0010165029135563034
2025-11-21,3036.30517578125,3055.0013041600305,3021.463703354114,3030.715536432949,4177037,0.0018443167855544,0.1844316785554411,2959.3373291015623,2928.97169921875,62.797133550854056,29.86987646725902,19.57732947726028,10.29254698999874,3023.68017578125,-0.0041580141880012,0,0.0102489634878141,2596518.7,1.6087066886905146,0.02600847356021241,0.03664544679319692,0.011045530295645343,0.0018443299217978158
2025-11-24,3027.24609375,3063.578397230728,3017.416167982308,3043.4366842823783,6703764,-0.0029835874547489,-0.2983587454748915,2963.095849609375,2929.79580078125,61.01909840291164,30.80934366918609,21.823732315645444,8.985611353540648,3019.72900390625,-0.0024831446175682,0,0.0102428241796685,2797491.0,2.3963487281996616,0.021649736423167587,0.03326180375532117,0.01524891859427156,-0.0053198381343017714
2025-11-25,3006.044189453125,3035.534202019235,3001.996600643867,3031.197449305625,2737920,-0.0070036936675376,-0.7003693667537614,2964.748645019531,2929.92318359375,56.95461981844922,29.50296983881753,23.359579820279865,6.143390018537673,3021.945556640625,0.0052897982149733,0,0.010308855887904,2837071.4,0.9650514964128152,0.013928851777355922,0.025980546618293188,0.011156722676611532,-0.008298126490658675
2025-11-26,3048.158935546875,3062.711244826224,3003.9241504478728,3005.658898650244,2508527,0.0140100222882657,1.4010022288265755,2969.8081909179687,2930.7161962890623,62.32317424310824,31.50282228302921,24.988228312829733,6.514593970199485,3064.638427734375,0.0054063756306537,0,0.0104767785617549,2788960.9,0.8994486082612345,0.026382425931921194,0.04007305088309865,0.019286098796486913,0.014140006677310168
2025-11-27,3022.81298828125,3064.6384631299097,3011.6337098367826,3064.6384631299097,2836233,-0.0083151659088529,-0.8315165908852951,2973.614880371094,2931.415151367188,57.66215689498137,30.688752794677384,26.128333209199265,4.560419585478119,3112.053466796875,0.0295223286592951,1,0.0107112015090467,2786001.55,1.0180299433071027,0.016544882202101485,0.031178742073238785,0.017534909866609133,-0.01364776803262576
2025-11-28,3023.68017578125,3033.12470593688,3011.6336412163846,3026.089482694223,1616690,0.0002868809626537,0.0286880962653723,2978.539501953125,2931.4823974609376,57.7785035607702,29.77039703833725,26.856745975026865,2.913651063310386,3120.72705078125,0.0320956150644884,1,0.0105224387144753,2754759.25,0.5868716113758399,0.015155304738622588,0.031450906340139806,0.007107585283864492,-0.0007961783439490353
2025-12-01,3019.72900390625,3039.581788202742,3008.935355329588,3024.0657566161144,1747647,-0.0013067426597057,-0.1306742659705762,2982.172741699219,2930.95021484375,57.00977653869937,28.39643056071145,27.164682892163786,1.2317476685476692,3119.088623046875,0.0329034886945469,1,0.0104520606672168,2748737.35,0.6357999246454012,0.012593590465732607,0.03029010476291316,0.010148736139405248,-0.0014340801619066566
2025-12-02,3021.945556640625,3029.9445029896465,3007.200550647543,3017.4161065078188,2512003,0.0007340237258071,0.0734023725807109,2987.9020751953126,2930.3874755859374,57.35257236737954,27.17317407345353,27.166381128421733,0.0067929450318047,3091.912109375,0.023152817091832,1,0.0098635614887506,2764593.65,0.9086337154829246,0.011393774156098102,0.031244359941301036,0.00752626144839851,0.0015011022586634078
2025-12-03,3064.638427734375,3095.3810901757683,3025.125793917674,3026.089516693691,3952112,0.0141276109359196,1.4127610935919632,2997.047802734375,2930.8226171875,63.40523856752561,29.310815555889803,27.595268013915348,1.7155475419744557,3073.5048828125,0.002893148828875,0,0.0098759306498153,2828663.25,1.397165958160626,0.022552401379228204,0.045658106281194266,0.022924497592374287,0.01273885350318467
2025-12-04,3112.053466796875,3132.0989471151875,3071.769808666434,3078.13047294951,5025905,0.0154716584616976,1.5471658461697624,3007.5668334960938,2934.0380078125,68.71563204752054,34.433975781520985,28.96300956743648,5.4709662140845055,3076.10693359375,-0.0115507440944205,0,0.0102275789379115,2952822.45,1.702068134845019,0.03474125068047873,0.06067251293622333,0.019385636876877953,0.011020648457067989
2025-12-05,3120.72705078125,3152.915532717371,3105.5001838412545,3112.824571063191,5244013,0.0027870934985261,0.2787093498526127,3019.439892578125,2937.6457861328126,69.58511509260738,38.74734760626461,30.919877175202107,7.827470431062505,3103.669189453125,-0.0054659895115962,0,0.0099628276428152,3123497.1,1.6788915859726583,0.03354501556798395,0.06232244388097241,0.01519368663281418,0.002538684573335916
2025-12-08,3119.088623046875,3141.639640868843,3092.200852929616,3125.3528208067405,2544725,-0.0005250147506379,-0.0525014750637931,3029.621618652344,2941.7392724609376,69.1939006026094,41.55450397326376,33.04680253481444,8.507701438449324,3113.017333984375,-0.0019464945682015,0,0.0098635373195741,3172900.55,0.8020185189857275,0.029530751907668407,0.060287243076295516,0.015850395392399227,-0.0020043169904409536
2025-12-09,3091.912109375,3116.3905759892023,3065.795125666069,3112.824848451781,2734893,-0.0087129661757823,-0.8712966175782322,3037.394055175781,2946.78705078125,62.87914766658108,41.11236038984316,34.659914105820185,6.452446284022976,3088.828125,-0.0009974359768019,0,0.0101797820822426,3169301.8,0.862932334181617,0.0179489566414075,0.049248573477772783,0.016363806128163405,-0.006718251136803314
2025-12-10,3073.5048828125,3108.0062080861744,3062.807700289892,3108.0062080861744,1386849,-0.0059533472852243,-0.5953347285224342,3040.159948730469,2952.5862060546874,58.9546344204665,38.82905192616818,35.493741669889786,3.3353102562783903,3101.067138671875,0.0089676954845614,0,0.0084309958290413,3015628.5,0.4598872175402242,0.010968151230317913,0.040953478855198844,0.014705851957170805,-0.011100790334302255
2025-12-11,3076.10693359375,3092.0083609433445,3038.714674477584,3088.73179730002,1914362,0.0008466070107131,0.0846607010713151,3044.3135986328125,2958.495009765625,59.34095550792729,36.8052097229197,35.75603528049577,1.0491744424239258,3161.78173828125,0.0278516990914252,1,0.008144434687152,3024324.85,0.6329882188416367,0.010443515075193144,0.039753970664105465,0.017325043509946687,-0.004087393964508611
2025-12-12,3103.669189453125,3106.078496384854,3070.131589906683,3081.696263178982,1146554,0.008960109792794,0.8960109792794047,3049.830908203125,2965.1029296875,63.28311172421693,36.99884425077517,36.004597074551654,0.99424717622351,3162.938232421875,0.0190964433871232,0,0.0083091995309976,2971112.85,0.3859005220888866,0.01765287416597139,0.04673236074817444,0.011582067637983352,0.007130140155823275
2025-12-15,3113.017333984375,3120.727116365754,3081.31094805451,3094.610369719165,1562190,0.0030119655029656,0.3011965502965674,3055.99873046875,2971.402373046875,64.53892173489123,37.4746338947416,36.29860443858964,1.1760294561519586,3204.281982421875,0.0293171025555099,1,0.0082808239370894,2937579.7,0.5317949330872622,0.01865792774949182,0.04765930128550311,0.012661724649247223,0.005948071668511934
2025-12-16,3088.828125,3103.187500999765,3075.336005430436,3103.187500999765,1734623,-0.0077703418867298,-0.777034188672987,3061.6846923828125,2977.4542333984373,58.92296684895575,35.490718695166834,36.137027289905085,-0.646308594738251,3189.92236328125,0.0327289943597137,1,0.0084326145089704,2896893.35,0.5987873181454885,0.008865521875821347,0.037405744260405216,0.009016848604785533,-0.0046272988645186825
2025-12-17,3101.067138671875,3119.474102184826,3084.394687896739,3084.394687896739,1376350,0.003962348559577,0.3962348559577,3065.062548828125,2982.08982421875,60.78244817323264,34.50824812009205,35.81127145594248,-1.3030233358504333,3198.595947265625,0.0314500796766108,1,0.007359356593553,2808158.2,0.4901255207060627,0.011746771646639287,0.03989729400062414,0.011312046053640303,0.005405420661810631
2025-12-18,3161.78173828125,3168.5277977297296,3104.1510690788923,3110.897128527372,2307422,0.0195786150039234,1.957861500392344,3071.615856933594,2988.2219921875,68.41974660965782,38.18857971107991,36.28673310696997,1.9018466041099416,3161.0107421875,-0.0002438486137151,0,0.0084113822521218,2788490.95,0.827480541043176,0.02935454351953659,0.05808127593850454,0.020360902168355437,0.01635689244985278
2025-12-19,3162.938232421875,3197.535786859188,3159.854366515901,3179.321520036492,3902511,0.0003657729205728,0.0365772920572826,3077.947509765625,2993.3499267578127,68.5454012169144,40.72908884103617,37.175204253783214,3.553884587252959,3133.544677734375,-0.0092931168829665,0,0.008420725830285,2774764.65,1.4064295507008135,0.027612791441892215,0.056655021903085245,0.01191342276527306,-0.005153076689906162
2025-12-22,3204.281982421875,3207.8479451634685,3171.6118722001,3189.9226061933546,2632816,0.0130713112182221,1.3071311218222137,3086.7993041992186,2998.64224609375,72.72369904238141,45.55344398455191,38.85085219993695,6.7025917846149525,3129.01513671875,-0.0234894575808326,-1,0.0086741905699396,2571217.25,1.023957038247157,0.038059707368352624,0.0685776159513547,0.011308640488618982,0.004501481070619445
2025-12-23,3189.92236328125,3199.463124574492,3174.0209376032617,3199.463124574492,2365420,-0.0044813843536241,-0.4481384353624107,3095.993212890625,3004.28875,69.28139214107098,47.66858516002458,40.61439879195448,7.0541863680700985,3089.887939453125,-0.0313595167642972,-1,0.008540207655384,2552592.25,0.9266736589049818,0.030338939374781937,0.061789537800336136,0.007975801312311537,-0.0029819882029461027
