Date,Close,High,Low,Open,Volume,Daily_Return,Daily_Return_Pct,Price_Change,High_Low_Range,High_Low_Range_Pct,Open_Close_Change,Open_Close_Change_Pct,SMA_5,SMA_10,SMA_20,SMA_50,SMA_100,SMA_200,EMA_5,EMA_10,EMA_20,EMA_50,EMA_200,Close_vs_SMA20,Close_vs_SMA50,Close_vs_SMA200,RSI_14,MACD,MACD_Signal,MACD_Histogram,Volatility_5,Volatility_10,Volatility_20,Volatility_20_Pct,Volume_SMA_5,Volume_SMA_20,Volume_Ratio,Volume_Change,Momentum_5,Momentum_10,Momentum_20,Momentum_60,Rolling_High_20,Rolling_Low_20,Price_Position_20,Rolling_High_50,Rolling_Low_50,Price_Position_50,News_Sentiment,News_Count,Has_News,News_Sentiment_Lag1,News_Sentiment_MA3,News_Sentiment_MA5,News_Count_MA3,News_Sentiment_Change,News_Sentiment_Lag2,News_Sentiment_Lag3,News_Sentiment_MA5_Trading,News_Sentiment_MA10,News_Count_MA5,News_Count_MA10,News_Sentiment_Abs,News_Positive,News_Negative,News_Neutral,News_Return_Interaction,News_Momentum_Interaction,News_Volume_Interaction,Target_Return_1D,Target_Return_5D,Target_Return_10D,Target_Direction_1D,Target_Direction_5D
2024-01-01,3811.10009765625,3832.0,3773.0,3790.0,825907,0.0046660504476641,0.4666050447664105,17.7001953125,59.0,1.5481094300378997,21.10009765625,0.5567308088720316,3802.22998046875,3807.8099853515614,3720.232495117188,3543.5349951171875,3519.344001464844,3390.260745849609,3802.479521631726,3783.930399712285,3724.642768319391,3613.7734299386498,3454.223857469098,0.0244252483301315,0.0755079610918909,0.1241318539648716,64.50751583944421,79.26954900078545,80.66801074190542,-1.3984617411199736,0.0050899086724233,0.0066692755561091,0.0150219990457046,1.5021999045704604,1332599.8,2261298.05,0.3652357989695343,-0.4756132713987845,-0.0033734054246208,-0.0129240876311188,0.0852733625617521,0.0845938192406861,3929.0,3498.0,0.7264503425899071,3929.0,3311.0,0.8092234589906958,0.0,0,0,0.0,0.0,0.0,0.0,0.0,0.0,0.0,0.0,0.0,0.0,0.0,0.0,0,0,1,0.0,-0.0,0.0,-0.0073207593003219,-0.0348455945593751,0.0243236726395308,0,0
2024-01-02,3783.199951171875,3811.10009765625,3767.25,3811.10009765625,1344068,-0.0073207593003219,-0.7320759300321944,-27.900146484375,43.85009765625,1.1590742816188475,-27.900146484375,-0.7320759300321981,3799.7599609375,3800.2099853515615,3733.769995117188,3549.453994140625,3522.740500488281,3392.4924951171874,3796.0529981451095,3783.797590886756,3730.21964287677,3620.417607241913,3457.4972514362903,0.0132386183721356,0.0658540602067567,0.1151682595074366,59.60406512609919,74.23875666918048,79.38215992736043,-5.143403258179959,0.0050504099208425,0.0069237428862423,0.0152207047046034,1.5220704704603425,1344367.2,2247240.8,0.5980970085626783,0.6273841970100751,-0.003253836070496,-0.0196932009125161,0.077082948871533,0.069380242010282,3929.0,3502.800048828125,0.6579069321166399,3929.0,3311.0,0.7640775908930016,0.0,0,0,0.0,0.0,0.0,0.0,0.0,0.0,0.0,0.0,0.0,0.0,0.0,0.0,0,0,1,-0.0,-0.0,0.0,-0.0241726454726632,-0.0246616753098721,0.0206439254240469,0,0
2024-01-03,3691.75,3771.85009765625,3687.050048828125,3767.0,1803075,-0.0241726454726632,-2.417264547266329,-91.449951171875,84.800048828125,2.2970149340590504,-75.25,-1.9976108308999203,3775.869970703125,3787.764990234375,3741.777490234375,3554.17599609375,3524.8175,3394.2962451171875,3761.28533209674,3767.061665270981,3726.555867364697,3623.214955977525,3459.828124556327,-0.0133699800068125,0.0387077072315641,0.0876334101098895,58.30373271290047,62.15607418860873,75.93694277961009,-13.780868591001363,0.0108732817598891,0.0095650563618105,0.016446449537478,1.6446449537478074,1446187.0,2268511.75,0.7948272694642203,0.341505786909591,-0.0313418221825769,-0.0326109618898923,0.0453476888422428,0.0285288142860777,3929.0,3525.14990234375,0.4125295465399566,3929.0,3311.0,0.6161003236245954,0.0,0,0,0.0,0.0,0.0,0.0,0.0,0.0,0.0,0.0,0.0,0.0,0.0,0.0,0,0,1,-0.0,-0.0,0.0,-0.0067582992271618,0.0057696346795219,0.0522381249153518,0,1
2024-01-04,3666.800048828125,3719.0,3651.0,3701.75,3598144,-0.0067582992271618,-0.6758299227161868,-24.949951171875,68.0,1.854477994286385,-34.949951171875,-0.944146719034916,3749.25,3776.439990234375,3744.912487792969,3557.62099609375,3526.7794995117188,3396.220495605469,3729.790237673869,3748.832280463189,3720.8648370278806,3624.924175305,3461.8875466883846,-0.0208582815271282,0.0306887813103906,0.0796707850897113,49.95853367142378,49.99094424067653,70.74774307182338,-20.756798831146853,0.0107135229582673,0.0094066264623121,0.0159840290623683,1.5984029062368306,1829238.0,2353590.35,1.5287894089130676,0.9955598075509892,-0.035027199909537,-0.0299599207780619,0.0173968395640977,0.0125366288475878,3929.0,3563.0,0.2836066907872268,3929.0,3311.0,0.5757282343497169,0.0,0,0,0.0,0.0,0.0,0.0,0.0,0.0,0.0,0.0,0.0,0.0,0.0,0.0,0,0,1,-0.0,-0.0,0.0,0.0193901637855458,0.0187493179569395,0.0643067649416784,1,1
2024-01-05,3737.89990234375,3747.75,3674.85009765625,3675.0,1963127,0.0193901637855458,1.939016378554581,71.099853515625,72.89990234375,1.9502903835932064,62.89990234375,1.7115619685374148,3738.15,3771.47998046875,3751.062487792969,3564.17599609375,3529.5334985351565,3398.835245361328,3732.493459230496,3746.844575350563,3722.487224200821,3629.354595973186,3464.633938286945,-0.0035090285731185,0.0487416744965447,0.0997590740666738,35.34173299765686,45.56194533980306,65.71058352541931,-20.14863818561625,0.0161325215542236,0.0117498168357401,0.0165046323111429,1.6504632311142946,1906864.2,2353364.05,0.8341790552974582,-0.4544056602515074,-0.0146306747057459,-0.0130957353547854,0.034025838425084,0.0273612494717394,3929.0,3563.0,0.4778685856386612,3929.0,3311.0,0.6907765410093042,0.0,0,0,0.0,0.0,0.0,0.0,0.0,0.0,0.0,0.0,0.0,0.0,0.0,0.0,0,0,1,0.0,-0.0,0.0,-0.0159447430569915,0.0387651221996392,0.0548837988828274,0,1
2024-01-08,3678.300048828125,3739.75,3672.39990234375,3737.89990234375,1067805,-0.0159447430569915,-1.5944743056991562,-59.599853515625,67.35009765625,1.831011520599228,-59.599853515625,-1.5944743056991575,3711.589990234375,3756.909985351562,3753.642492675781,3569.939995117188,3531.895498046875,3401.23224609375,3714.428989096373,3734.3819341646654,3718.278921784373,3631.274025496909,3466.7599692376043,-0.0200718219688387,0.030353466405359,0.0814610066844398,31.06552090349973,36.81830323855775,59.932127468047,-23.113824229489254,0.0163669081233404,0.0118987937073227,0.0169674718185867,1.696747181858678,1955243.8,2324696.55,0.4593309178352762,-0.4560693220560871,-0.0348455945593751,-0.0381014516662853,0.0142278375247384,0.0136129812928897,3929.0,3563.0,0.3150274558145491,3929.0,3311.0,0.594336648589199,0.0,0,0,0.0,0.0,0.0,0.0,0.0,0.0,0.0,0.0,0.0,0.0,0.0,0.0,0,0,1,-0.0,-0.0,0.0,0.0031535908875406,0.0613054935721848,0.0489220424606757,1,1
2024-01-09,3689.89990234375,3752.35009765625,3682.75,3709.949951171875,1370944,0.0031535908875406,0.3153590887540636,11.599853515625,69.60009765625,1.8862326756354943,-20.050048828125,-0.5404398736374252,3692.92998046875,3746.344970703125,3755.992492675781,3577.0029931640624,3534.306496582032,3403.756745605469,3706.2526268454985,3726.294292015408,3715.5761580281232,3633.573079490903,3468.980267079457,-0.0175965714683701,0.0315618715990572,0.0840668643867443,35.85030549062577,30.47363402955807,54.04042878034922,-23.566794750791143,0.0169686565639596,0.0120110782268211,0.016955239595884,1.6955239595884093,1960619.0,2338118.6,0.5863449356247369,0.2838898488019816,-0.0246616753098721,-0.027835266331686,0.0129018093441879,0.0221612793052958,3929.0,3563.0,0.3467210446550546,3929.0,3311.0,0.6131066380966829,0.0,0,0,0.0,0.0,0.0,0.0,0.0,0.0,0.0,0.0,0.0,0.0,0.0,0.0,0,0,1,0.0,-0.0,0.0,0.0062739226258334,0.0464511642647826,0.0411664680626948,1,1
2024-01-10,3713.050048828125,3729.25,3688.0,3690.0,1292227,0.0062739226258334,0.6273922625833483,23.150146484375,41.25,1.1109465118311266,23.050048828125,0.6246625698678862,3697.189990234375,3736.52998046875,3758.039990234375,3584.2449951171875,3536.93849609375,3406.4254956054688,3708.518434173041,3723.8862477995385,3715.335576199552,3636.68982338648,3471.408822121733,-0.0119716505207929,0.0359364535310528,0.0900135798121003,42.26863256396791,27.00219680155033,48.63278238458944,-21.63058558303912,0.0133951239221198,0.0121661560530361,0.0169205337569999,1.6920533756999911,1858449.4,2290886.65,0.5640728667217123,-0.0574181002287474,0.0057696346795219,-0.025753018367239,0.0111516434963228,0.0481291718253638,3929.0,3563.0,0.409972811005806,3929.0,3311.0,0.6505664220519822,0.0,0,0,0.0,0.0,0.0,0.0,0.0,0.0,0.0,0.0,0.0,0.0,0.0,0.0,0,0,1,0.0,0.0,0.0,0.0060597082463516,0.0462019220242582,0.026191405642564,1,1
2024-01-11,3735.550048828125,3773.0,3707.0,3724.0,1777909,0.0060597082463516,0.6059708246351603,22.5,66.0,1.7668080774531394,11.550048828125,0.3101516871139903,3710.939990234375,3730.0949951171874,3765.139990234375,3591.3849951171874,3539.709997558594,3409.3867456054686,3717.5289723914025,3726.006938895645,3717.26076406894,3640.5666949724273,3474.037093034234,-0.0078589219744809,0.0401419101285278,0.095666267149969,44.20653862552622,25.7695642519534,44.06013875806224,-18.29057450610884,0.0126940103700307,0.0124621511426684,0.01613013726393,1.613013726393007,1494402.4,2187233.7,0.8128573549319398,0.3758488253224858,0.0187493179569395,-0.0169346180608427,0.0395152420504918,0.0461234570669815,3929.0,3627.60009765625,0.3581618651248163,3929.0,3311.0,0.6869741890422735,0.0,0,0,0.0,0.0,0.0,0.0,0.0,0.0,0.0,0.0,0.0,0.0,0.0,0.0,0,0,1,0.0,0.0,0.0,0.0394185590007538,0.0447189963043139,0.0175208336968761,1,1
2024-01-12,3882.800048828125,3905.25,3821.60009765625,3848.0,6813450,0.0394185590007538,3.941855900075386,147.25,83.64990234375,2.1543705905998567,34.800048828125,0.9043671732880718,3739.92001953125,3739.035009765625,3775.917492675781,3601.66599609375,3544.180498046875,3413.2702453613283,3772.619331203644,3754.5147770651865,3733.026410236481,3650.066042182455,3478.104386126711,0.0283063802002203,0.0780566696188052,0.1375601021058596,55.25845682648544,36.25659499797348,42.49943000604448,-6.242835008071005,0.0199404891972005,0.0179940949750994,0.0177420422608687,1.7742042260868722,2464467.0,2363386.4,2.8829183412411954,2.832282754629174,0.0387651221996392,0.0235672876010617,0.058777026062615,0.1018004838266406,3929.0,3651.0,0.8338131252810251,3929.0,3311.0,0.9252427974565128,0.0,0,0,0.0,0.0,0.0,0.0,0.0,0.0,0.0,0.0,0.0,0.0,0.0,0.0,0,0,1,0.0,0.0,0.0,0.0054084680477786,0.0155171523751742,-0.021183166520466,1,1
2024-01-15,3903.800048828125,3965.0,3885.0,3960.0,2801505,0.0054084680477786,0.5408468047778614,21.0,80.0,2.0492852861153854,-56.199951171875,-1.4191906861584596,3785.02001953125,3748.3050048828127,3778.057495117188,3613.1289990234377,3549.547497558594,3417.135245361328,3816.346237078471,3781.657553749357,3749.290566292828,3660.0163953842457,3482.340163865033,0.0332823293116764,0.0804485668469767,0.1424189470192705,59.81147640379224,45.73496273348246,43.14653655153209,2.588426181950375,0.0153422611036532,0.0180056601948682,0.0133604289703181,1.336042897031819,2811207.0,2076900.15,1.3488876679988684,-0.5888272461087996,0.0613054935721848,0.0243236726395308,0.011085223731708,0.1131292666132819,3965.0,3651.0,0.8050956969048567,3965.0,3322.35009765625,0.9047693760651356,0.7134718298912048,1,1,0.0,0.2378239432970682,0.1426943659782409,0.3333333333333333,0.7134718298912048,0.0,0.0,0.1426943659782409,0.0713471829891204,0.2,0.1,0.7134718298912048,1,0,0,0.0038587895949567,0.0437397426813302,0.9623933528048326,-0.0108868280824879,-0.0116681306056642,-0.022503739063844,0,0
2024-01-16,3861.300048828125,3899.0,3855.550048828125,3899.0,1432672,-0.0108868280824879,-1.0886828082487976,-42.5,43.449951171875,1.1252674131103002,-37.699951171875,-0.9669133411611952,3819.300048828125,3756.115014648437,3778.1625,3623.152998046875,3554.1439990234376,3420.81849609375,3831.3308409950223,3796.1380074000417,3759.958136058095,3667.909871989888,3486.1109089890447,0.0220047572935587,0.0657292283570766,0.1287649588066022,54.330172658275714,49.249524774311794,44.36713419608803,4.882390578223763,0.0183672674177717,0.018256458971813,0.0136065763107851,1.3606576310785103,2823552.6,2022453.15,0.7083832819563707,-0.488606302683736,0.0464511642647826,0.0206439254240469,0.000544179540532,0.1072621833330347,3965.0,3651.0,0.6697453784335191,3965.0,3322.35009765625,0.8386369455691499,0.0,0,0,0.7134718298912048,0.2378239432970682,0.1426943659782409,0.3333333333333333,-0.7134718298912048,0.0,0.0,0.1426943659782409,0.0713471829891204,0.2,0.1,0.0,0,0,1,-0.0,0.0,0.0,0.006034249743217,-0.0050501125924979,-0.0018517458871255,1,0
2024-01-17,3884.60009765625,3909.949951171875,3812.550048828125,3819.0,3458696,0.006034249743217,0.603424974321709,23.300048828125,97.39990234375,2.507334085753528,65.60009765625,1.7177297108208958,3853.61005859375,3775.400024414064,3781.5825073242186,3633.827001953125,3559.1685009765624,3424.638996582032,3849.0872598820974,3812.222023810261,3771.8287990674426,3676.407527898373,3490.075975542947,0.0272419258689994,0.0690107414492595,0.1343093685300214,57.17190476820491,53.300544231059575,46.15381620308234,7.1467280279772325,0.0183773016156413,0.0157338102379818,0.0133991781519635,1.3399178151963511,3256846.4,2095166.2,1.6507979176067271,1.4141576020191642,0.0462019220242582,0.0522381249153518,0.0179236275246454,0.124130107920241,3965.0,3651.0,0.7439493555931529,3965.0,3322.35009765625,0.8748931540321864,0.0,0,0,0.0,0.2378239432970682,0.1426943659782409,0.3333333333333333,0.0,0.7134718298912048,0.0,0.1426943659782409,0.0713471829891204,0.2,0.1,0.0,0,0,1,0.0,0.0,0.0,0.0046336816010636,-0.0191268205118342,0.0210317533640511,1,0
2024-01-18,3902.60009765625,3908.800048828125,3862.0,3898.0,2239110,0.0046336816010636,0.4633681601063699,18.0,46.800048828125,1.1992017541390236,4.60009765625,0.1180117407965623,3887.020068359375,3798.980029296875,3787.710009765625,3644.27400390625,3564.212001953125,3428.540496826172,3866.9248724734825,3828.654400873168,3784.2832084568527,3685.277824751623,3494.180693175915,0.0303323347337602,0.0708854749870903,0.1382686310017102,59.0697836638289,57.30290370023704,48.38363370251328,8.91926999772376,0.0184492781918721,0.01517299548464,0.0131900136220494,1.3190013622049457,3349086.6,2077817.55,1.077625896460447,-0.3526143957144542,0.0447189963043139,0.0643067649416784,0.0324202185804702,0.1167675503645917,3965.0,3651.0,0.8012741963574841,3965.0,3322.35009765625,0.9029021834187214,0.0,0,0,0.0,0.0,0.1426943659782409,0.0,0.0,0.0,0.7134718298912048,0.1426943659782409,0.0713471829891204,0.2,0.1,0.0,0,0,1,0.0,0.0,0.0,0.0103648721774407,-0.0260339504724727,0.0181161147447146,1,0
2024-01-19,3943.050048828125,3963.550048828125,3915.050048828125,3945.0,2941975,0.0103648721774407,1.0364872177440754,40.449951171875,48.5,1.230012284891342,-1.949951171875,-0.049428420072877,3899.070068359375,3819.495043945312,3795.487512207031,3655.726005859375,3569.765002441406,3432.676247558594,3892.2999312583634,3849.4536095922513,3799.403859920784,3695.38653942129,3498.6470549236988,0.038878414471528,0.0785956175348559,0.1486810186753038,60.56022430856105,63.01240760916926,51.30938848384448,11.70301912532478,0.0081348042429058,0.0145677706036982,0.0133325811339259,1.3332581133925945,2574791.6,2149038.2,1.368972873539428,0.3139037385389731,0.0155171523751742,0.0548837988828274,0.0410693198226073,0.1562688332610011,3965.0,3651.0,0.9300956969048568,3965.0,3322.35009765625,0.9658446206996636,0.0,0,0,0.0,0.0,0.1426943659782409,0.0,0.0,0.0,0.0,0.1426943659782409,0.0713471829891204,0.2,0.1,0.0,0,0,1,0.0,0.0,0.0,-0.0215062065604081,-0.0361395362055703,0.0489341876929052,0,0
2024-01-23,3858.25,3933.89990234375,3842.75,3900.0,2618854,-0.0215062065604081,-2.1506206560408136,-84.800048828125,91.14990234375,2.362467500647962,-41.75,-1.0705128205128205,3889.96005859375,3837.4900390625,3797.2000122070312,3665.2600048828126,3574.534501953125,3436.272998046875,3880.9499541722425,3851.052953302751,3805.0082542140417,3701.7733417969257,3502.225193680677,0.0160776328865239,0.0526538348875901,0.1228007792724764,55.50503091470493,60.00289928248094,53.048090643571776,6.954808638909164,0.0134214634679822,0.015548510957272,0.0141964402328139,1.4196440232813925,2538261.4,2159328.0,1.2128097259888262,-0.1098313207964037,-0.0116681306056642,0.0489220424606757,0.0089565899581589,0.1380932388006495,3965.0,3651.0,0.660031847133758,3965.0,3322.35009765625,0.8338908951659655,0.0,0,0,0.0,0.0,0.0,0.0,0.0,0.0,0.0,0.0,0.0713471829891204,0.0,0.1,0.0,0,0,1,-0.0,-0.0,0.0,-0.0042635783507742,-0.0109635323859587,0.0583554467294109,0,0
2024-01-24,3841.800048828125,3883.64990234375,3805.60009765625,3880.0,2657709,-0.0042635783507742,-0.4263578350774288,-16.449951171875,78.0498046875,2.031594661239794,-38.199951171875,-0.984534824017397,3886.06005859375,3852.6800537109375,3799.5125122070312,3675.1470068359376,3579.197001953125,3439.452498779297,3867.8999857242034,3849.370607034637,3808.512234653478,3707.264585209914,3505.604047960752,0.0111297269018677,0.0453459526060332,0.1169801153502268,62.36710898944277,55.64898184720505,53.56826888429843,2.080712962906617,0.0126641321537793,0.0158154541461052,0.0141200204848205,1.412002048482058,2783268.8,2227951.9,1.192893347473076,0.014836642287046,-0.0050501125924979,0.0411664680626948,0.0121853221285488,0.1513598707808872,3965.0,3651.0,0.6076434676054936,3965.0,3322.35009765625,0.8082938304004036,0.0,0,0,0.0,0.0,0.0,0.0,0.0,0.0,0.0,0.0,0.0713471829891204,0.0,0.1,0.0,0,0,1,-0.0,-0.0,0.0,-0.0081992814825457,0.0032146008013593,0.07608413897472,0,1
2024-01-25,3810.300048828125,3861.0,3778.699951171875,3839.89990234375,2205154,-0.0081992814825457,-0.8199281482545784,-31.5,82.300048828125,2.1599361670595143,-29.599853515625,-0.7708496124484445,3871.200048828125,3862.4050537109374,3799.467517089844,3684.6840087890623,3583.538503417969,3442.5039990234377,3848.700006758844,3842.266869178907,3808.6825026701113,3711.3051916263134,3508.635848964407,0.0028510657584404,0.0340914009829421,0.1068396870153303,61.70091883236067,49.09079602928614,52.67277431329597,-3.5819782840098355,0.0122968364677667,0.0162559743333896,0.0142311898885711,1.4231189888571134,2532560.4,2273510.8,0.969933373529609,-0.170280117198685,-0.0191268205118342,0.026191405642564,-0.0002361204752516,0.1370805605424243,3965.0,3651.0,0.507324996267914,3965.0,3327.0,0.7575235875048981,0.0,0,0,0.0,0.0,0.0,0.0,0.0,0.0,0.0,0.0,0.0713471829891204,0.0,0.1,0.0,0,0,1,-0.0,-0.0,0.0,-0.002440765480132,0.0409416576124965,0.0848752440332982,0,1
2024-01-29,3801.0,3820.0,3780.85009765625,3800.800048828125,1646747,-0.002440765480132,-0.2440765480132056,-9.300048828125,39.14990234375,1.0299895381149695,0.199951171875,0.0052607653469339,3850.880029296875,3868.950048828125,3799.522521972656,3694.0730078125,3587.63900390625,3445.309998779297,3832.8000045058966,3834.763802055469,3807.950835749148,3714.822635091949,3511.5449449946123,0.0003888588681339,0.0289455546659102,0.1032388961651424,55.721808925612805,42.65129274942137,50.668478000521056,-8.017185251099683,0.0114634545847686,0.0162833675878954,0.0142257611837561,1.4225761183756136,2414087.8,2271703.7,0.7248951524796124,-0.2532281192152567,-0.0260339504724727,0.0175208336968761,0.0002895070092692,0.1250388317670194,3965.0,3651.0,0.4777070063694267,3965.0,3356.050048828125,0.7306839426057999,0.0,0,0,0.0,0.0,0.0,0.0,0.0,0.0,0.0,0.0,0.0713471829891204,0.0,0.1,0.0,0,0,1,-0.0,-0.0,0.0,-0.0001183770512693,0.0453301891155288,0.0841094962674295,0,1
2024-01-30,3800.550048828125,3847.800048828125,3787.0,3807.449951171875,1411621,-0.0001183770512693,-0.011837705126938,-0.449951171875,60.800048828125,1.599769718777215,-6.89990234375,-0.181221091077673,3822.380029296875,3860.725048828125,3799.880029296875,3701.9980078125,3592.07650390625,3448.2092492675783,3822.0500192799727,3828.5431196504974,3807.245998899527,3718.184494454152,3514.420617669573,0.000176326496122,0.0266213111967229,0.1021808057719774,62.417470797359066,37.084149713031366,47.95161234302312,-10.86746262999175,0.0084710179081654,0.0095626182264984,0.0142194905735739,1.421949057357396,2108017.0,2263534.95,0.6236356103094409,-0.1427821031403123,-0.0361395362055703,-0.021183166520466,0.0018848913029068,0.1281781221011131,3965.0,3651.0,0.4762740408539013,3965.0,3414.199951171875,0.7014343925318152,0.0,0,0,0.0,0.0,0.0,0.0,0.0,0.0,0.0,0.0,0.0713471829891204,0.0,0.1,0.0,0,0,1,-0.0,-0.0,0.0,0.0040520193513826,0.0882635268216791,0.0918156442327267,1,1
2024-01-31,3815.949951171875,3834.0,3796.449951171875,3811.199951171875,2459358,0.0040520193513826,0.4052019351382663,15.39990234375,37.550048828125,0.9840288606666188,4.75,0.1246326632256452,3813.92001953125,3851.9400390625,3800.122521972656,3708.360004882813,3596.44400390625,3450.971999511719,3820.016663243941,3826.253452654384,3808.0749467349888,3722.018433933278,3517.420909545218,0.0041649786573204,0.0290128105543686,0.1057609136532539,62.70537611334857,33.52829880638046,45.06694963569459,-11.538650829314127,0.0045751617949496,0.0094533143961256,0.0142099763710276,1.4209976371027664,2076117.8,2345207.5,1.048673944629633,0.7422225937415212,-0.0109635323859587,-0.022503739063844,0.0012725599935323,0.1457073133044164,3965.0,3651.0,0.5253183158339968,3965.0,3433.0,0.7198307352854794,0.0,0,0,0.0,0.0,0.0,0.0,0.0,0.0,0.0,0.0,0.0,0.0,0.0,0.0,0,0,1,0.0,-0.0,0.0,0.0100106006789066,0.0700873844243532,0.0744638032784241,1,1
2024-02-01,3854.14990234375,3904.89990234375,3805.050048828125,3820.0,2363107,0.0100106006789066,1.001060067890669,38.199951171875,99.849853515625,2.59071017074103,34.14990234375,0.8939765011452879,3816.389990234375,3851.2250244140623,3803.67001953125,3715.39400390625,3600.800502929688,3454.173748779297,3831.394409610544,3831.325534416087,3812.4630377453473,3727.200060145454,3520.7714467869946,0.0132713622772989,0.0373462136967482,0.1157950302024628,63.80355057285409,33.4075764082545,42.73507499020658,-9.327498581952078,0.0068492154769526,0.0096357784488599,0.0142582154947011,1.4258215494701183,2017197.4,2396159.45,0.9862060723880456,-0.0391366364717946,0.0032146008013593,-0.0018517458871255,0.0187539522329232,0.1470342520546073,3965.0,3651.0,0.646974211285828,3965.0,3433.0,0.7916351547814849,0.0,0,0,0.0,0.0,0.0,0.0,0.0,0.0,0.0,0.0,0.0,0.0,0.0,0.0,0,0,1,0.0,0.0,0.0,0.0290985429539663,0.0726360422935961,0.0646187354615606,1,1
2024-02-02,3966.300048828125,3984.39990234375,3872.0,3875.050048828125,2826510,0.0290985429539663,2.90985429539663,112.150146484375,112.39990234375,2.83387290321012,91.25,2.354808295381769,3847.589990234375,3859.39501953125,3817.397521972656,3724.328002929688,3606.1700024414063,3457.7969995117187,3876.362956016405,3855.866355218275,3827.114181657993,3736.576530289872,3525.204567205314,0.0390062931613479,0.0649706593264862,0.1470598330058742,69.20516021639617,41.8787306431409,42.56380612079344,-0.6850754776525463,0.0126453818161493,0.0133306669966473,0.0142789879417364,1.4278987941736472,2141468.6,2447331.2,1.1549356294726272,0.1960990340259667,0.0409416576124965,0.0210317533640511,0.074368537638823,0.1836522022200484,3984.39990234375,3651.0,0.9457112812919686,3984.39990234375,3433.0,0.9671747248436376,0.0,0,0,0.0,0.0,0.0,0.0,0.0,0.0,0.0,0.0,0.0,0.0,0.0,0.0,0,0,1,0.0,0.0,0.0,0.0017648689997793,0.042205618441256,0.0408440495840043,1,1
2024-02-05,3973.300048828125,4022.0,3962.10009765625,3983.0,1691523,0.0017648689997793,0.1764868999779345,7.0,59.89990234375,1.507560506572282,-9.699951171875,-0.2435337979381119,3882.05,3866.465014648437,3832.722521972656,3733.590004882813,3611.60400390625,3461.719249267578,3908.675320286978,3877.217935874612,3841.036645198005,3745.8598055266666,3529.663228713999,0.0366782426981213,0.0642036334015835,0.1477822904525795,59.82627578718784,48.59682891100783,43.77041067883633,4.8264182321715055,0.011884230900843,0.0133024318598168,0.0140765280179572,1.4076528017957224,2150423.8,2352000.15,0.7191849031132077,-0.4015506755681034,0.0453301891155288,0.0181161147447146,0.0835878684189377,0.1754456175809851,4022.0,3672.39990234375,0.8606981190841656,4022.0,3433.0,0.917317570166596,0.0,0,0,0.0,0.0,0.0,0.0,0.0,0.0,0.0,0.0,0.0,0.0,0.0,0.0,0,0,1,0.0,0.0,0.0,0.0409483173111633,0.0370976630692285,0.0328441734215023,1,1
2024-02-06,4136.0,4149.89990234375,3990.0,3997.0,4474396,0.0409483173111633,4.094831731116333,162.699951171875,159.89990234375,3.866051797479449,139.0,3.477608206154616,3949.139990234375,3885.760009765625,3852.6275268554687,3745.7070068359376,3618.41150390625,3466.701749267578,3984.450213524652,3924.2692202610456,3869.128393274386,3761.159420996209,3535.696430418338,0.0735530417018592,0.1041974165229088,0.1930648492832782,69.27930670867843,66.28539968260793,48.27340847959065,18.01199120301728,0.0170906031830921,0.0181157576347763,0.0160015486744273,1.6001548674427304,2762978.8,2477563.6,1.805966151585372,1.6451877982149816,0.0882635268216791,0.0489341876929052,0.1065036806915649,0.227135860172601,4149.89990234375,3672.39990234375,0.9708902568717276,4149.89990234375,3433.0,0.980611097451252,0.0,0,0,0.0,0.0,0.0,0.0,0.0,0.0,0.0,0.0,0.0,0.0,0.0,0.0,0,0,1,0.0,0.0,0.0,-0.0127176251586678,0.0032640232108316,-0.0254714936306214,0,1
2024-02-07,4083.39990234375,4155.0,4073.949951171875,4153.0,2124267,-0.0127176251586678,-1.2717625158667811,-52.60009765625,81.050048828125,1.9848667964556856,-69.60009765625,-1.6758992934324584,4002.62998046875,3908.275,3872.88251953125,3757.210004882813,3624.82650390625,3471.464998779297,4017.4334431310185,3953.2020715488097,3889.535203661944,3773.796302617681,3541.1462162086405,0.0543567696027039,0.0868170522906694,0.1762756944919892,68.13652097045393,75.1925581700284,53.6572384176782,21.535319752350205,0.0214094764426079,0.0168601657781118,0.0157920811499057,1.5792081149905763,2695960.6,2530386.7,0.8395029107606359,-0.5252393842654963,0.0700873844243532,0.0583554467294109,0.1101323568327945,0.2075527031631103,4155.0,3682.75,0.8483851823054526,4155.0,3433.0,0.900830889672784,0.0,0,0,0.0,0.0,0.0,0.0,0.0,0.0,0.0,0.0,0.0,0.0,0.0,0.0,0,0,1,-0.0,0.0,0.0,0.0124161719461763,0.0040897770759398,-0.0225057316308897,1,1
2024-02-08,4134.10009765625,4158.0,4086.050048828125,4090.0,2345173,0.0124161719461763,1.241617194617639,50.7001953125,71.949951171875,1.7404017675495005,44.10009765625,1.07824199648533,4058.62001953125,3937.505004882813,3895.092529296875,3770.750004882813,3631.361005859375,3476.6874987792967,4056.322327972762,3986.092621750162,3912.8270983280686,3787.925863207429,3547.04625483001,0.0613612042747851,0.0963601650342581,0.1890916566725592,69.50132279372815,85.35866591963122,59.99752391806881,25.361142001562413,0.0213293228590403,0.0165751286252371,0.0158598156901849,1.5859815690184964,2692373.8,2579098.15,0.9092996325091388,0.1039916357030448,0.0726360422935961,0.07608413897472,0.1203827223145952,0.2349998231367087,4158.0,3688.0,0.949149143949468,4158.0,3433.0,0.9670346174568966,0.0,0,0,0.0,0.0,0.0,0.0,0.0,0.0,0.0,0.0,0.0,0.0,0.0,0.0,0,0,1,0.0,0.0,0.0,-9.673262240961213e-05,-0.0074743962685538,-0.0113688587334026,0,0
2024-02-09,4133.7001953125,4184.75,4100.0,4136.5498046875,2100596,-9.673262240961213e-05,-0.0096732622409612,-0.39990234375,84.75,2.050221254461176,-2.849609375,-0.0688885547025409,4092.100048828125,3969.84501953125,3916.125036621094,3784.021010742188,3636.890007324219,3481.8319995117185,4082.1149504193418,4012.93036239786,3933.8626313742047,3801.48564093704,3552.883607471628,0.0555587874893632,0.0924094193921315,0.1872198876603459,68.57418914792933,92.31891578241492,66.46180229093804,25.85711349147689,0.0202341065581004,0.0159080427875652,0.0159140499419559,1.591404994195596,2547191.0,2619516.6,0.8019021524811104,-0.1042895342902208,0.042205618441256,0.0848752440332982,0.1132896516213499,0.2400666744251842,4184.75,3707.0,0.8931453591051806,4184.75,3475.800048828125,0.927992371530436,0.0,0,0,0.0,0.0,0.0,0.0,0.0,0.0,0.0,0.0,0.0,0.0,0.0,0.0,0,0,1,-0.0,0.0,0.0,-0.0031448821602354,-0.0013064301642203,-0.0197402070302007,0,0
2024-02-12,4120.7001953125,4159.60009765625,4105.5498046875,4130.0,1013716,-0.0031448821602354,-0.3144882160235451,-13.0,54.05029296875,1.3116773947843834,-9.2998046875,-0.2251768689467312,4121.580078125,4001.8150390625,3935.3825439453126,3796.1600146484375,3642.4185083007815,3486.63125,4094.9766987170615,4032.5248774732486,3951.656685082614,3814.0038587556855,3558.533523768552,0.0470901238438187,0.0854917019861498,0.181857185302432,64.93736674704098,95.68299854348652,72.30604154144774,23.37695700203878,0.0207529101080564,0.0159622904549789,0.0160296590546108,1.6029659054610856,2411629.6,2581306.95,0.3927142411327718,-0.5174150574408406,0.0370976630692285,0.0841094962674295,0.1031039984607353,0.2368717668707871,4184.75,3778.699951171875,0.8422613052938916,4184.75,3481.0,0.9089878441385436,0.0,0,0,0.0,0.0,0.0,0.0,0.0,0.0,0.0,0.0,0.0,0.0,0.0,0.0,0,0,1,-0.0,0.0,0.0,0.0069890560638847,-0.0041013395355053,-0.0290363629512486,1,0
2024-02-13,4149.5,4170.0,4081.5,4125.4501953125,1257415,0.0069890560638847,0.698905606388478,28.7998046875,88.5,2.132787082781058,24.0498046875,0.5829619447309373,4124.280078125,4036.710034179688,3948.7175415039055,3809.398012695312,3648.3130078125,3491.5047497558594,4113.151132478041,4053.7930815690215,3970.498905550936,3827.1605701770313,3564.4137872136407,0.0508475109667184,0.0892797198327015,0.1884560661961437,77.03518544538166,99.52569169553908,77.74997157226602,21.77572012327306,0.0096471614268852,0.0157058702276889,0.0138626755567422,1.386267555674225,1768233.4,2303505.2,0.5458702676251826,0.2404016509554944,0.0032640232108316,0.0918156442327267,0.0686875316312949,0.2188996094596298,4184.75,3778.699951171875,0.9131880414699304,4184.75,3490.050048828125,0.9492586692419692,0.0,0,0,0.0,0.0,0.0,0.0,0.0,0.0,0.0,0.0,0.0,0.0,0.0,0.0,0,0,1,0.0,0.0,0.0,-0.0119050252665984,-0.0286420285953127,-0.0108688029054705,0,0
2024-02-14,4100.10009765625,4114.89990234375,4049.5,4107.0,1391283,-0.0119050252665984,-1.1905025266598424,-49.39990234375,65.39990234375,1.5950806269616369,-6.89990234375,-0.1680034658814219,4127.6201171875,4065.125048828125,3958.5325439453127,3821.1670166015615,3653.331008300781,3496.1252502441407,4108.800787537444,4062.212539039426,3982.841876227633,3837.86408105857,3569.7439992578456,0.035762634799471,0.0729968305082782,0.1727554947780925,72.59448171998737,97.461419856244,81.69226122906161,15.769158627182378,0.0093676355578327,0.0170129852259427,0.0142664932018412,1.4266493201841273,1621636.6,2232994.1,0.623057176908797,0.1064628623008314,0.0040897770759398,0.0744638032784241,0.0502843502159009,0.1721771897553701,4184.75,3778.699951171875,0.7915284025009905,4184.75,3498.0,0.876738402120495,0.0,0,0,0.0,0.0,0.0,0.0,0.0,0.0,0.0,0.0,0.0,0.0,0.0,0.0,0,0,1,-0.0,0.0,0.0,0.0007561029200291,-0.0264871820369286,0.004597472551225,1,0
2024-02-15,4103.2001953125,4146.2998046875,4083.0,4128.0,1091582,0.0007561029200291,0.0756102920029144,3.10009765625,63.2998046875,1.5426935483141613,-24.7998046875,-0.6007704623909884,4121.44013671875,4090.030078125,3970.627551269531,3832.982021484375,3658.301511230469,3500.6505017089844,4106.933923462463,4069.664840179985,3994.3045732833343,3848.269418872449,3575.052021109136,0.033388335302459,0.0704981584347425,0.1721250645585317,76.96061973611056,94.98074264582785,84.34995751241486,10.63078513341297,0.0068936833314648,0.0171028200245841,0.0139226756536634,1.3922675653663406,1370918.4,2215939.6,0.4926045818216344,-0.2154133989993408,-0.0074743962685538,0.0646187354615606,0.0626473320968128,0.1715228632859184,4184.75,3778.699951171875,0.7991631698534315,4184.75,3502.800048828125,0.8804167306598331,0.0,0,0,0.0,0.0,0.0,0.0,0.0,0.0,0.0,0.0,0.0,0.0,0.0,0.0,0,0,1,0.0,-0.0,0.0,0.0061170813463291,-0.0039237904293928,-0.001974092725357,1,0
2024-02-16,4128.2998046875,4147.9501953125,4100.10009765625,4113.25,1307556,0.0061170813463291,0.6117081346329156,25.099609375,47.85009765625,1.159075162174955,15.0498046875,0.3658859706436516,4120.36005859375,4106.230053710938,3982.812536621094,3844.916015625,3663.524008789064,3505.3522509765626,4114.055883870809,4080.325742817715,4007.066023893255,3859.2510026299024,3580.556974179568,0.0365287762676958,0.0737035055930695,0.1777132536501543,79.27550005197273,93.95703854056364,86.27137371804461,7.68566482251903,0.0077164609806091,0.015147788843674,0.0139235961505908,1.3923596150590802,1212310.4,2108382.6,0.6201701721499694,0.1978541236480631,-0.0013064301642203,0.0408440495840043,0.0627348249252952,0.1729457012563988,4184.75,3778.699951171875,0.8609772478160825,4184.75,3525.14990234375,0.9144175455505784,0.0,0,0,0.0,0.0,0.0,0.0,0.0,0.0,0.0,0.0,0.0,0.0,0.0,0.0,0,0,1,0.0,-0.0,0.0,-0.0059346465031878,-0.0184578908113041,-0.0082236534741739,0,0
2024-02-19,4103.7998046875,4128.2998046875,4055.0,4123.0498046875,772291,-0.0059346465031878,-0.5934646503187868,-24.5,73.2998046875,1.786144748186168,-19.25,-0.4668873991799627,4116.97998046875,4119.280029296875,3992.872521972656,3854.910009765625,3668.709006347656,3509.775,4110.637190809706,4084.593754066768,4016.2787649212783,3868.8411517302006,3585.7633705030303,0.0277813233716865,0.0645643592953826,0.1692486853680078,76.00548704426944,90.12983972828488,87.04306692009267,3.086772808192208,0.0080719103072367,0.0154725875250979,0.0140636788891857,1.4063678889185798,1164025.4,2035041.65,0.3794964098154945,-0.4093629641866199,-0.0041013395355053,0.0328441734215023,0.0515552969806163,0.1691071340017118,4184.75,3778.699951171875,0.8006398581994383,4184.75,3563.0,0.8698026613389626,0.0,0,0,0.0,0.0,0.0,0.0,0.0,0.0,0.0,0.0,0.0,0.0,0.0,0.0,0,0,1,-0.0,-0.0,0.0,-0.0178249197878014,-0.0250377115720924,-0.0056288938581359,0,0
2024-02-20,4030.64990234375,4098.0,4010.0,4082.10009765625,1193648,-0.0178249197878014,-1.782491978780143,-73.14990234375,88.0,2.183270741247698,-51.4501953125,-1.2603854408675643,4093.2099609375,4108.74501953125,3997.2525146484377,3863.225009765625,3672.979006347656,3513.83125,4083.9747613210543,4074.7857810262176,4017.6474446758,3875.186592930732,3590.190102163137,0.0083550857927847,0.0433381157335907,0.14708123856083,66.75250455763768,80.26888161456691,85.68822985898751,-5.419348244420604,0.0095770398639022,0.0096785824866855,0.0146460739420791,1.4646073942079163,1151272.0,1947625.3,0.6128735337336191,0.5455935651198836,-0.0286420285953127,-0.0254714936306214,0.0222162672121444,0.1417786818819524,4184.75,3778.699951171875,0.6204898925613027,4184.75,3563.0,0.7521510291013269,0.0,0,0,0.0,0.0,0.0,0.0,0.0,0.0,0.0,0.0,0.0,0.0,0.0,0.0,0,0,1,-0.0,-0.0,0.0,-0.0097130495806606,0.018297297405343,-0.0046021870261452,0,1
2024-02-21,3991.5,4063.35009765625,3980.60009765625,4013.0,1885939,-0.0097130495806606,-0.971304958066066,-39.14990234375,82.75,2.073155455342603,-21.5,-0.5357587839521555,4071.48994140625,4099.555029296875,4003.9150146484376,3870.521010742188,3677.1225073242185,3517.889250488281,4053.1498408807033,4059.6429117487232,4015.157211849533,3879.74790301188,3594.183235474947,-0.0031007188222069,0.0312565127335697,0.1346292380995172,60.70122338608373,68.50524550814043,82.2516329888181,-13.746387480677669,0.0092705926212148,0.0093690250359945,0.0139023099428004,1.390230994280044,1250203.2,1910979.55,0.9868964845803818,0.5799791898449125,-0.0264871820369286,-0.0225057316308897,0.0345363830752283,0.1377467398275493,4184.75,3778.699951171875,0.5240734472074897,4184.75,3563.0,0.6891837555287494,0.0,0,0,0.0,0.0,0.0,0.0,0.0,0.0,0.0,0.0,0.0,0.0,0.0,0.0,0,0,1,-0.0,-0.0,0.0,0.0239509201193159,0.0319304009301013,0.0182387695924151,1,1
2024-02-22,4087.10009765625,4094.949951171875,3971.0,3971.0,2982052,0.0239509201193159,2.395092011931599,95.60009765625,123.949951171875,3.032711414211611,116.10009765625,2.923699261048854,4068.269921875,4094.855029296875,4016.180017089844,3879.405014648437,3682.136508789063,3522.221251220703,4064.466593139219,4064.635127368273,4022.008915259697,3887.879361625385,3599.087880869786,0.0176585910652968,0.0535378704269253,0.1603757419383509,59.66092071397527,66.13425355108984,79.02815710127246,-12.893903550182614,0.0162483699615105,0.0117743934943201,0.0146662612449809,1.4666261244980945,1628297.2,1927196.7,1.5473521721991326,0.5812027854559454,-0.0039237904293928,-0.0113688587334026,0.0638502904134612,0.1822336589059454,4184.75,3778.699951171875,0.7595126447452202,4184.75,3563.0,0.8429434622537193,0.0,0,0,0.0,0.0,0.0,0.0,0.0,0.0,0.0,0.0,0.0,0.0,0.0,0.0,0,0,1,0.0,-0.0,0.0,-0.0085635289480848,0.0019573780452766,0.0052604534966806,0,1
2024-02-23,4052.10009765625,4130.0,4046.39990234375,4130.0,2538072,-0.0085635289480848,-0.8563528948084875,-35.0,83.60009765625,2.0631301212081263,-77.89990234375,-1.8861961826573848,4053.02998046875,4086.69501953125,4028.27001953125,3887.005014648437,3686.764509277344,3526.328251953125,4060.3444279782298,4062.356031056996,4024.8747421546063,3894.319390489341,3603.5954651164175,0.0059157102203821,0.0424735966086076,0.1490989516962626,56.031851930757,60.73094927076727,75.36871553517142,-14.63776626440415,0.0160378977645867,0.0119980761623959,0.0146813806634427,1.4681380663442778,1874400.4,1943842.6,1.3056983111698446,-0.1488840570184557,-0.0184578908113041,-0.0197402070302007,0.0634595821141412,0.1677017453682474,4184.75,3780.85009765625,0.6715772854263908,4184.75,3563.0,0.7866507400985122,0.0,0,0,0.0,0.0,0.0,0.0,0.0,0.0,0.0,0.0,0.0,0.0,0.0,0.0,0,0,1,-0.0,-0.0,0.0,-0.0125984175113671,0.010426692081086,0.017336689199912,0,1
2024-02-26,4001.050048828125,4050.0,3982.75,4036.0,1379284,-0.0125984175113671,-1.2598417511367144,-51.050048828125,67.25,1.6808087671809298,-34.949951171875,-0.865955182652998,4032.480029296875,4074.730004882813,4038.272521972656,3895.155014648437,3691.407509765625,3530.080501708984,4040.579634928195,4051.209488833565,4022.60572374256,3898.5049065026265,3607.550237093649,-0.0092174247631877,0.0271863465719464,0.1334160926050085,37.5403877130287,51.73313205891691,70.64159883992052,-18.90846678100361,0.0165474262823433,0.0124679054577432,0.015057027053647,1.5057027053647052,1995799.0,1930469.45,0.7144811330736158,-0.4565623039850721,-0.0250377115720924,-0.0290363629512486,0.0526308994549131,0.1386837563367129,4184.75,3787.0,0.5381522283548082,4184.75,3627.60009765625,0.6702863082285243,0.0,0,0,0.0,0.0,0.0,0.0,0.0,0.0,0.0,0.0,0.0,0.0,0.0,0.0,0,0,1,-0.0,-0.0,0.0,0.0258306825094316,0.0199072496898855,0.0477874430058369,1,1
2024-02-27,4104.39990234375,4124.0,3999.0,3999.0,2960475,0.0258306825094316,2.5830682509431657,103.349853515625,125.0,3.0455122057824044,105.39990234375,2.6356564727119283,4047.230029296875,4070.2199951171874,4053.465014648437,3903.898012695312,3697.1655078125,3534.186251220703,4061.853057400047,4060.880473108144,4030.395645514102,3906.579220065024,3612.4940148573314,0.0125657647250547,0.0513594076987702,0.1613422753048445,51.77275234145268,52.33844156587793,66.980967385112,-14.642525819234066,0.019337633405598,0.0152394411021193,0.0158982244843911,1.5898224484391148,2349164.4,2007912.15,1.4744046446454344,1.1463853709605851,0.018297297405343,-0.0108688029054705,0.0799489151864518,0.1768550829844293,4184.75,3796.449951171875,0.7930721412507066,4184.75,3651.0,0.8494611753512881,0.0,0,0,0.0,0.0,0.0,0.0,0.0,0.0,0.0,0.0,0.0,0.0,0.0,0.0,0,0,1,0.0,0.0,0.0,0.0035450475867231,-0.022488014541369,0.0108664113432956,1,0
2024-02-28,4118.9501953125,4154.89990234375,4089.0,4095.60009765625,1939225,0.0035450475867231,0.3545047586723138,14.55029296875,65.89990234375,1.5999198635309124,23.35009765625,0.5701264063747908,4072.720068359375,4072.105004882813,4068.615026855469,3909.057016601562,3703.216508789063,3538.347001953125,4080.885436704198,4071.4386044180255,4038.829412161568,3914.90749360414,3617.5333798369847,0.0123715731581353,0.0536940693930869,0.164088822560051,48.63796473027953,53.37694456096506,64.26016282028262,-10.88321825931756,0.0178786088255627,0.014786166676324,0.0158984939725934,1.589849397259346,2359821.6,1981905.5,0.9784649167177748,-0.3449615348888269,0.0319304009301013,0.004597472551225,0.0794036211212816,0.1729387353116906,4184.75,3805.050048828125,0.8267057857541966,4184.75,3651.0,0.8767216774004684,0.0,0,0,0.0,0.0,0.0,0.0,0.0,0.0,0.0,0.0,0.0,0.0,0.0,0.0,0,0,1,0.0,0.0,0.0,-0.0057903340718691,-0.0132679794348008,0.0215224506585771,0,0
2024-02-29,4095.10009765625,4138.10009765625,4064.550048828125,4099.0,3772719,-0.0057903340718691,-0.579033407186913,-23.85009765625,73.550048828125,1.796050086058212,-3.89990234375,-0.0951427749146133,4074.320068359375,4071.294995117188,4080.6625366210938,3913.77501953125,3708.790009765625,3542.411752929688,4085.6236570215488,4075.740694097704,4044.1885250658233,3921.973870233635,3622.285287476978,0.003538043370553,0.0463299697146917,0.1560203565464889,46.67010665363684,51.67973034737588,61.74407632570127,-10.064345978325392,0.0153639107996286,0.0149206559240131,0.0159737069775486,1.597370697754863,2517955.0,2052386.1,1.838211143604997,0.9454777037218476,0.0019573780452766,-0.001974092725357,0.0625170793606069,0.1658814088696076,4184.75,3872.0,0.713349632793765,4184.75,3651.0,0.8320376536885246,0.0,0,0,0.0,0.0,0.0,0.0,0.0,0.0,0.0,0.0,0.0,0.0,0.0,0.0,0,0,1,-0.0,0.0,0.0,-0.0001831457063599,0.0032966227144792,0.030316695412355,0,1
2024-03-01,4094.35009765625,4140.0,4086.800048828125,4107.2001953125,2043265,-0.0001831457063599,-0.018314570635991,-0.75,53.199951171875,1.299350321857638,-12.85009765625,-0.3128675751163935,4082.770068359375,4067.900024414064,4087.0650390625,3919.338022460937,3713.840009765625,3546.512003173828,4088.532470566449,4079.124222017439,4048.965817693483,3928.733722289424,3626.982449767319,0.0017824670085066,0.0446534782640215,0.1544723643941296,47.677790094428936,49.70123225584712,59.33550751173044,-9.634275255883324,0.0145664734530796,0.0147612217901071,0.0147671627436166,1.476716274361668,2418993.6,2013223.85,1.0149219124341289,-0.4584104991651909,0.010426692081086,-0.0082236534741739,0.0322845087995695,0.1593470337633837,4184.75,3962.10009765625,0.5939818459736791,4184.75,3651.0,0.8306325014637003,0.0,0,0,0.0,0.0,0.0,0.0,0.0,0.0,0.0,0.0,0.0,0.0,0.0,0.0,0,0,1,-0.0,0.0,0.0,-0.0033338982155406,0.0068386921812153,0.0142024743748798,0,1
2024-03-04,4080.699951171875,4117.89990234375,4075.89990234375,4105.0,1749271,-0.0033338982155406,-0.3333898215540642,-13.650146484375,42.0,1.0292351925541268,-24.300048828125,-0.5919622126218027,4098.700048828125,4065.5900390625,4092.435034179688,3925.351020507812,3718.433010253906,3550.640252685547,4085.921630768258,4079.410718227336,4051.988116119997,3934.693182245599,3631.497051771345,-0.0028675062425675,0.0395758060495607,0.1492856670245358,43.77036808115267,46.49583053004562,56.76757211539348,-10.271741585347854,0.012687790966115,0.0146819953652944,0.0148097946172261,1.4809794617226142,2492991.0,2016111.25,0.8676460686383254,-0.143884420278329,0.0199072496898855,-0.0056288938581359,0.0270304031973185,0.1322382399494281,4184.75,3971.0,0.5132161458333333,4184.75,3651.0,0.805058456528103,0.0,0,0,0.0,0.0,0.0,0.0,0.0,0.0,0.0,0.0,0.0,0.0,0.0,0.0,0,0,1,-0.0,0.0,0.0,-0.0168108055815093,0.027336008567866,-0.0253387662854398,0,1
2024-03-05,4012.10009765625,4064.0,3980.0,4062.0,2070859,-0.0168108055815093,-1.681080558150938,-68.599853515625,84.0,2.093666607397714,-49.89990234375,-1.228456483105613,4080.240087890625,4063.73505859375,4086.2400390625,3929.8430224609374,3722.1705102539054,3554.4100036621094,4061.314453064256,4067.172423578048,4048.189257218688,3937.72874755582,3635.284146755274,-0.0181438047440941,0.0209313895555557,0.1287668258649346,42.29961366469925,37.98225589997992,53.010508872310766,-15.028252972330847,0.0077126137162615,0.0145517116545301,0.0120794391479475,1.2079439147947568,2315067.8,1895934.4,1.0922630023486046,0.1838411544008904,-0.022488014541369,-0.0046021870261452,-0.0299564560792432,0.1098786151879258,4184.75,3971.0,0.192281158625731,4184.75,3651.0,0.6765341408079625,0.0,0,0,0.0,0.0,0.0,0.0,0.0,0.0,0.0,0.0,0.0,0.0,0.0,0.0,0,0,1,-0.0,-0.0,0.0,0.0130106303186126,0.0341217564396567,-0.0102689848981005,1,1
2024-03-06,4064.300048828125,4072.0,3958.449951171875,3994.050048828125,1744204,0.0130106303186126,1.3010630318612604,52.199951171875,113.550048828125,2.7938402052984577,70.25,1.7588662921390208,4069.31005859375,4071.0150634765614,4085.285046386719,3934.6490234375,3726.52451171875,3558.6880041503905,4062.309651652213,4066.650173623516,4049.723618324349,3942.692327997872,3639.5529617012726,-0.0051367278709607,0.0329511030382464,0.1420782164910367,46.86541806688551,35.04332879440881,49.41707285673038,-14.37374406232157,0.0107493544391841,0.0147034796451915,0.0121859025326539,1.218590253265395,2276063.6,1876931.25,0.9292849698144244,-0.1577388899968563,-0.0132679794348008,0.0182387695924151,-0.0046774388921991,0.1206606842440469,4184.75,3958.449951171875,0.4677422660948836,4184.75,3651.0,0.7743326441744731,0.0,0,0,0.0,0.0,0.0,0.0,0.0,0.0,0.0,0.0,0.0,0.0,0.0,0.0,0,0,1,0.0,-0.0,0.0,0.0108997978239568,0.03525823563874,-0.0224762189205468,1,1
2024-03-07,4108.60009765625,4124.0,4037.699951171875,4065.0,2688905,0.0108997978239568,1.0899797823956892,44.300048828125,86.300048828125,2.100473318816179,43.60009765625,1.0725731280750308,4072.01005859375,4073.1650634765615,4084.010046386719,3940.910024414063,3731.511513671875,3563.2317541503908,4077.739800320225,4074.277432538558,4055.330902070244,3949.1985150432974,3644.220097382417,0.0060210555288146,0.0425511042381942,0.1530544127169454,48.46023909515719,35.87530343252229,46.70871897188877,-10.833415539366475,0.0120339802633026,0.013011106803066,0.0121079781369289,1.210797813692893,2059300.8,1894117.85,1.419608077712799,0.5416229982272716,0.0032966227144792,0.0052604534966806,-0.0061682105893993,0.127837768754744,4184.75,3958.449951171875,0.6635002831944332,4184.75,3651.0,0.857330393735363,0.0,0,0,0.0,0.0,0.0,0.0,0.0,0.0,0.0,0.0,0.0,0.0,0.0,0.0,0,0,1,0.0,0.0,0.0,0.0033466386781824,0.0269312903942318,-0.048118626932146,1,1
2024-03-11,4122.35009765625,4153.0,4089.0,4089.0,2304068,0.0033466386781824,0.3346638678182412,13.75,64.0,1.5525124864185362,33.35009765625,0.8156052251467351,4077.61005859375,4080.1900634765625,4083.4425415039054,3947.13302734375,3737.309514160156,3567.7292541503907,4092.6098994322338,4083.0179171054106,4061.713682602244,3955.988773184983,3648.977609822953,0.009528126270148,0.0443909716492158,0.1554548576971363,51.47470285461419,37.21516614406346,44.81000840632371,-7.594842262260251,0.0120714850410766,0.0126182156457358,0.01213457476768,1.213457476768007,2111461.4,1904291.45,1.2099345402196706,-0.1431203408078752,0.0068386921812153,0.017336689199912,-0.0027457476643131,0.1226137599809373,4170.0,3958.449951171875,0.7747582540977647,4184.75,3651.0,0.8830915178571429,0.0,0,0,0.0,0.0,0.0,0.0,0.0,0.0,0.0,0.0,0.0,0.0,0.0,0.0,0,0,1,0.0,0.0,0.0,0.0169563236231418,0.0073137656020267,-0.0593957552987697,1,1
2024-03-12,4192.25,4229.9501953125,4121.0498046875,4122.35009765625,4039801,0.0169563236231418,1.6956323623141811,69.89990234375,108.900390625,2.597659744170792,69.89990234375,1.6956323623141902,4099.920068359375,4099.31005859375,4087.0200317382814,3954.980029296875,3743.523513183594,3572.197004394531,4125.823266288156,4102.878295813517,4074.145712830602,3965.253919334592,3654.3833052476,0.025747358085975,0.0599927101895651,0.173577491622852,62.91354061153364,43.41687226008253,44.53138117707548,-1.1145089169929534,0.0134091559020043,0.0123311759529078,0.0126862150982264,1.268621509822647,2569567.4,2055595.7,1.9652702133984807,0.7533341029865439,0.027336008567866,0.0477874430058369,0.0173635065149586,0.16660403863503,4229.9501953125,3958.449951171875,0.8611412102709823,4229.9501953125,3651.0,0.9348817987838304,0.0,0,0,0.0,0.0,0.0,0.0,0.0,0.0,0.0,0.0,0.0,0.0,0.0,0.0,0,0,1,0.0,0.0,0.0,-0.0103166557337944,-0.0512731710112409,-0.0838094335157135,0,0
2024-03-13,4149.0,4241.0,4131.89990234375,4205.0,2837260,-0.0103166557337944,-1.0316655733794478,-43.25,109.10009765625,2.629551642715112,-56.0,-1.3317479191438764,4127.300048828125,4103.770068359375,4086.995031738281,3962.09203125,3749.773012695312,3576.4567541503907,4133.548844192104,4111.264060211059,4081.274692561021,3972.4596479881375,3659.304864399365,0.0151712854506081,0.0471740603892616,0.1600867241537834,62.50396369756969,44.330837197019264,44.49127238106424,-0.160435184044978,0.0107637662538957,0.0106471536461961,0.012840953856894,1.284095385689401,2722847.6,2134587.95,1.329183929854003,-0.297673325988087,0.0341217564396567,0.0108664113432956,-0.0001204964453548,0.1313654645851796,4241.0,3958.449951171875,0.6743939688505821,4241.0,3651.0,0.8440677966101695,0.0,0,0,0.0,0.0,0.0,0.0,0.0,0.0,0.0,0.0,0.0,0.0,0.0,0.0,0,0,1,-0.0,0.0,0.0,0.014123908810858,-0.0429260298038683,-0.0657266693593335,1,0
2024-03-14,4207.60009765625,4225.0,4086.0,4153.4501953125,2919608,0.014123908810858,1.412390881085801,58.60009765625,139.0,3.303545887771674,54.14990234375,1.3037330363287487,4155.96005859375,4112.63505859375,4092.370031738281,3970.02203125,3756.7785131835935,3580.9780041503905,4158.23259534682,4128.779703382911,4093.305683522471,3981.680842092769,3664.76053836212,0.0281572939456365,0.0598430095692557,0.174986300608269,60.16362520643628,49.21636353104941,45.43629061106128,3.780072919988136,0.0109350408618298,0.0114116167820833,0.0128821514391093,1.288215143910936,2957928.4,2211004.2,1.3204895766367155,0.0290237764603877,0.03525823563874,0.0215224506585771,0.0262188720859402,0.0897695150624837,4241.0,3958.449951171875,0.8817911995334068,4241.0,3651.0,0.9433899960275424,0.0,0,0,0.0,0.0,0.0,0.0,0.0,0.0,0.0,0.0,0.0,0.0,0.0,0.0,0,0,1,0.0,0.0,0.0,0.0027687760417725,-0.0557681673729121,-0.0691249384223233,1,0
2024-03-15,4219.25,4239.0,4177.0,4192.60009765625,3373143,0.0027687760417725,0.2768776041772502,11.64990234375,62.0,1.4694554719440658,26.64990234375,0.635641409221162,4178.0900390625,4125.050048828125,4098.172521972656,3978.743032226562,3764.0985131835937,3585.6067541503908,4178.571730231213,4145.228848222381,4105.300380329854,3990.997279657759,3670.277846438119,0.0295442608572914,0.060447977118755,0.1767185554066011,64.67642857265352,53.41252180272795,47.03153684939461,6.380984953333339,0.0108144021066651,0.0110621686665012,0.0128849365706857,1.2884936570685734,3094776.0,2325082.25,1.4507628708618805,0.155341059484698,0.0269312903942318,0.030316695412355,0.0282827547191275,0.0932965519754407,4241.0,3958.449951171875,0.9230224872010888,4241.0,3651.0,0.963135593220339,0.0,0,0,0.0,0.0,0.0,0.0,0.0,0.0,0.0,0.0,0.0,0.0,0.0,0.0,0,0,1,0.0,0.0,0.0,-0.0158203472181074,-0.0730817319799135,-0.0795046397278841,0,0
2024-03-18,4152.5,4254.75,4117.85009765625,4215.25,1526904,-0.0158203472181074,-1.5820347218107431,-66.75,136.89990234375,3.2968067993678503,-62.75,-1.4886424292746576,4184.12001953125,4130.8650390625,4099.382531738282,3987.9580322265615,3771.067014160156,3589.724754638672,4169.881153487476,4146.550875818311,4109.795582203202,3997.33071967118,3675.0760768218192,0.0129574314791244,0.0412597039496853,0.1567739266455193,62.94111879504751,50.76663416027941,47.77855631157157,2.9880778487078388,0.014486973437115,0.0125716106939903,0.0133926232834516,1.3392623283451623,2939343.2,2336049.65,0.6536265185973252,-0.5473349336212547,0.0073137656020267,0.0142024743748798,0.005862024672971,0.0881243260654762,4254.75,3958.449951171875,0.6549106204862213,4254.75,3651.0,0.8306418219461698,0.0,0,0,0.0,0.0,0.0,0.0,0.0,0.0,0.0,0.0,0.0,0.0,0.0,0.0,0,0,1,-0.0,0.0,0.0,-0.0421914391744431,-0.0662251655629139,-0.0494160026903973,0,0
2024-03-19,3977.300048828125,4058.0,3966.60009765625,4051.25,8931209,-0.0421914391744431,-4.219143917444312,-175.199951171875,91.39990234375,2.298038901306432,-73.949951171875,-1.825361337164456,4141.130029296875,4120.525048828125,4093.057543945312,3994.1680322265615,3775.894514160156,3593.009504394531,4105.687451934359,4115.777998183732,4097.176959977004,3996.545203167531,3678.083280523376,-0.0282814238193212,-0.004223153172911,0.1069550592514649,40.32725979562799,34.13904364424843,45.05065377810695,-10.911610133858517,0.0213005739760967,0.0187249924312062,0.0164066786523931,1.6406678652393123,3917624.8,2743995.55,3.25481905391574,4.849227587327036,-0.0512731710112409,-0.0253387662854398,-0.0308250309176589,0.0521818487723861,4254.75,3958.449951171875,0.0636182738774518,4254.75,3672.39990234375,0.5235684645911258,0.0,0,0,0.0,0.0,0.0,0.0,0.0,0.0,0.0,0.0,0.0,0.0,0.0,0.0,0,0,1,-0.0,-0.0,0.0,-0.0016091686334454,-0.0342946583888142,0.0065370979510737,0,0
2024-03-20,3970.89990234375,4018.0,3960.199951171875,3986.0,1817913,-0.0016091686334454,-0.1609168633445401,-6.400146484375,57.800048828125,1.4555906784255528,-15.10009765625,-0.3788283405983442,4105.510009765625,4116.405029296875,4090.0700439453126,3998.8280322265614,3781.502014160156,3596.2830041503908,4060.7582687374897,4089.436526212826,4085.150573535741,3995.53950509601,3680.996878750443,-0.0291364549558203,-0.0069840787495084,0.1041678026342816,38.5913330749636,20.21212721106349,40.082948464698255,-19.87082125363477,0.0216506365718676,0.0180295253190781,0.0159484015403499,1.5948401540349963,3713755.4,2775208.8,0.6550544953590519,-0.7964538731542392,-0.0429260298038683,-0.0102689848981005,-0.014823912135176,0.0484224164603961,4254.75,3958.449951171875,0.0420180530550531,4254.75,3672.39990234375,0.5125782603992947,0.0,0,0,0.0,0.0,0.0,0.0,0.0,0.0,0.0,0.0,0.0,0.0,0.0,0.0,0,0,1,-0.0,-0.0,0.0,0.0005162680698436,-0.0238232783102362,0.0021028224990817,1,0
2024-03-21,3972.949951171875,4008.39990234375,3948.0,3990.050048828125,3829582,0.0005162680698436,0.0516268069843617,2.050048828125,60.39990234375,1.5202784602392043,-17.10009765625,-0.4285685003192451,4058.57998046875,4107.27001953125,4089.142541503906,4004.7210302734375,3787.330512695312,3599.70025390625,4031.488829548952,4068.257148932653,4074.464799977278,3994.65364023624,3683.901884446179,-0.028414903406448,-0.0079334063125473,0.1036891049082737,40.25993645063438,9.233924473790466,33.9131436665167,-24.67921919272624,0.0187495068680613,0.0173809739244296,0.0158049869599615,1.5804986959961556,3895750.2,2872390.95,1.3332384298175008,1.1065815580833624,-0.0557681673729121,-0.0224762189205468,-0.0046473879063322,0.0389513470637747,4254.75,3948.0,0.0813364341381418,4254.75,3682.75,0.5073425719788024,0.0,0,0,0.0,0.0,0.0,0.0,0.0,0.0,0.0,0.0,0.0,0.0,0.0,0.0,0,0,1,0.0,-0.0,0.0,-0.0156181300018195,-0.014145647909634,-0.0001006562752274,0,0
2024-03-22,3910.89990234375,3938.0,3855.0,3897.0,5852485,-0.0156181300018195,-1.5618130001819552,-62.050048828125,83.0,2.1222736984462123,13.89990234375,0.3566821232678984,3996.9099609375,4087.5,4080.3325317382814,4009.1410302734375,3793.07201171875,3602.634753417969,3991.292520480552,4039.646740461943,4058.887190678847,3991.3691799267294,3686.160571191429,-0.0415242209002879,-0.0245042833833628,0.0855665839101001,36.67464449143496,-4.422322870461812,26.246050359121,-30.66837322958281,0.0170329312806827,0.0171936064031536,0.0150947382778986,1.5094738277898612,4391618.6,3015912.6,1.9405353457523933,0.5282307572993605,-0.0730817319799135,-0.048118626932146,-0.0431112992347659,0.0303908134609474,4254.75,3855.0,0.1398371540806754,4254.75,3688.0,0.393294931352007,0.0,0,0,0.0,0.0,0.0,0.0,0.0,0.0,0.0,0.0,0.0,0.0,0.0,0.0,0,0,1,-0.0,-0.0,0.0,-0.0085402089487726,-0.006929314017826,0.00911558653368,0,0
2024-03-26,3877.5,3946.699951171875,3871.449951171875,3875.0,3440925,-0.0085402089487726,-0.854020894877261,-33.39990234375,75.25,1.940683430045132,2.5,0.064516129032258,3941.9099609375,4063.014990234375,4071.602526855469,4012.430029296875,3798.337512207031,3605.494252929688,3953.361680320368,4010.165514923408,4041.612220138004,3986.903721890388,3688.064446104947,-0.0476722680014091,-0.0336280080429264,0.0754420137680959,35.65174458354896,-17.73564479015613,17.449711329265575,-35.185356119421705,0.0172491424998767,0.0169785613881582,0.0150942129539424,1.50942129539424,4774422.8,3061055.25,1.1240976457383447,-0.4120574422659776,-0.0662251655629139,-0.0593957552987697,-0.0430887918482664,0.0173961087525043,4254.75,3855.0,0.0562851782363977,4254.75,3707.0,0.3112733911455956,0.0,0,0,0.0,0.0,0.0,0.0,0.0,0.0,0.0,0.0,0.0,0.0,0.0,0.0,0,0,1,-0.0,-0.0,0.0,-0.0094390967520954,0.0180013020833333,0.0276337594696969,0,1
2024-03-27,3840.89990234375,3895.0,3829.39990234375,3888.5,1968575,-0.0094390967520954,-0.9439096752095422,-36.60009765625,65.60009765625,1.707935622488372,-47.60009765625,-1.2241249236530796,3914.629931640625,4027.87998046875,4063.59501953125,4014.537026367188,3802.961010742188,3608.254252929688,3915.874420994829,3979.389948999833,4022.496761300456,3981.1780819081673,3689.585196913293,-0.0548024879736141,-0.043252091806104,0.0644759579303947,37.3391383978513,-30.88386041160993,7.782996981090474,-38.66685739270041,0.0064832432372811,0.0149481641043354,0.0149946620716736,1.4994662071673666,3381896.0,3090519.8,0.6369721365318547,-0.4278936623146392,-0.0342946583888142,-0.0838094335157135,-0.0400270290373602,0.010789757902494,4254.75,3829.39990234375,0.0270365519212689,4254.75,3778.699951171875,0.1306584282996931,0.0,0,0,0.0,0.0,0.0,0.0,0.0,0.0,0.0,0.0,0.0,0.0,0.0,0.0,0,0,1,-0.0,-0.0,0.0,0.0092166282341212,0.0422817960929617,0.0417870822153061,1,1
2024-03-28,3876.300048828125,3915.0,3840.5,3850.10009765625,4311783,0.0092166282341212,0.9216628234121282,35.400146484375,74.5,1.9219358424671664,26.199951171875,0.6805005196572481,3895.7099609375,4000.6099853515625,4052.1900268554687,4014.4070263671874,3808.036511230469,3611.4742529296873,3902.682963605928,3960.646330786795,4008.57326487452,3977.065217865813,3691.443056136328,-0.0434061524414331,-0.0344028337515245,0.0733290001122413,35.74246045353185,-38.00927281243867,-1.3754569776153538,-36.63381583482331,0.0097116839647039,0.0159438302642724,0.0137872114130674,1.3787211413067444,3880670.0,3158085.2,1.365315603264915,1.190306693928349,-0.0238232783102362,-0.0657266693593335,-0.0555744710415211,0.0218537851580464,4254.75,3829.39990234375,0.1102624561339062,4254.75,3778.699951171875,0.2050206651517179,0.0,0,0,0.0,0.0,0.0,0.0,0.0,0.0,0.0,0.0,0.0,0.0,0.0,0.0,0,0,1,0.0,-0.0,0.0,0.0104351961051374,0.026558818944627,0.0167427447633654,1,1
2024-04-01,3916.75,3933.300048828125,3888.050048828125,3897.699951171875,1569676,0.0104351961051374,1.0435196105137434,40.449951171875,45.25,1.1552945682006766,19.050048828125,0.4887510343734244,3884.469970703125,3971.5249755859377,4042.080017089844,4014.666025390625,3813.897512207032,3614.683503417969,3907.3719757372855,3952.66517973465,3999.828192029328,3974.6999152044086,3693.6849162742737,-0.0310063176780149,-0.024389581791202,0.0835665131667553,35.36501331235539,-39.931930037982056,-9.086751589688696,-30.84517844829336,0.0118416768199922,0.0154444201373845,0.0140369630985659,1.4036963098565989,3428688.8,3139607.75,0.4999592703897485,-0.6359566332535751,-0.014145647909634,-0.0691249384223233,-0.0490902258402178,0.0277216288306683,4254.75,3829.39990234375,0.2053604739661836,4254.75,3778.699951171875,0.2899906200366069,0.0,0,0,0.0,0.0,0.0,0.0,0.0,0.0,0.0,0.0,0.0,0.0,0.0,0.0,0,0,1,0.0,-0.0,0.0,-0.0084125744997446,0.0142465178599924,-0.0112210253837684,0,1
2024-04-02,3883.800048828125,3909.85009765625,3873.0,3890.0,2142666,-0.0084125744997446,-0.841257449974464,-32.949951171875,36.85009765625,0.9488155207003752,-6.199951171875,-0.1593817781973008,3879.05,3937.97998046875,4031.5150146484375,4015.116025390625,3819.13451171875,3617.92025390625,3899.514666767565,3940.1442468425535,3988.777892676832,3971.135214562202,3695.576609135506,-0.0366400634212182,-0.0327054002255699,0.0734896781195788,32.32046268193838,-43.61170681771091,-15.99174263529314,-27.61996418241777,0.0102171058677801,0.0150562116451632,0.0140822841450103,1.4082284145010342,2686725.0,3058105.1,0.7006515243704344,0.36503711593985,-0.006929314017826,-0.0795046397278841,-0.0515982622620283,0.026591271662786,4254.75,3829.39990234375,0.1278949899956033,4254.75,3778.699951171875,0.2207753111568228,0.0,0,0,0.0,0.0,0.0,0.0,0.0,0.0,0.0,0.0,0.0,0.0,0.0,0.0,0,0,1,-0.0,-0.0,0.0,0.0163499663220716,0.0161568564836218,-0.0056130718765253,1,1
2024-04-03,3947.300048828125,3981.0,3851.0,3851.0,3973090,0.0163499663220716,1.634996632207164,63.5,130.0,3.293390378028,96.300048828125,2.500650449964295,3893.010009765625,3917.4599853515615,4024.1625122070313,4016.3700244140623,3825.0985131835937,3621.61025390625,3915.4431274544186,3941.445301749021,3984.827621834098,3970.2005021804734,3698.081319978219,-0.0191002384087991,-0.0171971146000208,0.0899295540072507,31.672288688283047,-40.93219623980394,-20.9798333561953,-19.952362883608643,0.0117807421538816,0.0165927960249684,0.0147002425687182,1.470024256871828,2793158.0,3154596.35,1.259460659681547,0.8542740679135246,0.0180013020833333,-0.0494160026903973,-0.0359153578274368,0.069221926952834,4254.75,3829.39990234375,0.2771837766913055,4254.75,3778.699951171875,0.3541646473333774,0.0,0,0,0.0,0.0,0.0,0.0,0.0,0.0,0.0,0.0,0.0,0.0,0.0,0.0,0,0,1,0.0,0.0,0.0,0.014186912397659,0.009462126783778,-0.0306792227999496,1,1
2024-04-04,4003.300048828125,4028.64990234375,3935.25,3975.89990234375,3394637,0.014186912397659,1.4186912397659013,56.0,93.39990234375,2.333072745099152,27.400146484375,0.6891558428878682,3925.4900390625,3920.0599853515614,4020.292517089844,4018.3840234375,3831.329013671875,3625.392254638672,3944.728767912321,3952.691619399768,3986.5869005954337,3971.498523617636,3701.1183222553327,-0.0042266745987973,-0.0037537414347152,0.1042391464553723,39.30250374904504,-33.89916434839779,-23.5636995546358,-10.33546479376199,0.009799896199762,0.0112397788525641,0.0151154177650761,1.511541776507617,3078370.4,3236864.65,1.0487423377434086,-0.1455927250578265,0.0422817960929617,0.0065370979510737,-0.0189673103315333,0.0917693889819659,4254.75,3829.39990234375,0.4088400295253106,4254.75,3778.699951171875,0.4717993375048271,0.0,0,0,0.0,0.0,0.0,0.0,0.0,0.0,0.0,0.0,0.0,0.0,0.0,0.0,0,0,1,0.0,0.0,0.0,-0.0060075559000792,-0.0004746450331474,-0.0346464040866675,0,0
2024-04-05,3979.25,4002.0,3960.5,3978.0,1636819,-0.0060075559000792,-0.6007555900079287,-24.050048828125,41.5,1.0429100961236413,1.25,0.0314228255404726,3946.080029296875,3920.894995117188,4018.650012207031,4019.1080224609377,3837.417014160156,3629.070004882813,3956.235845274881,3957.520415872537,3985.888148157773,3971.802503083612,3703.8858016358768,-0.0098042905173005,-0.0099171314227409,0.096493039441518,32.338152319231384,-29.92116132747788,-24.835191909204216,-5.08596941827366,0.0116548722313953,0.0114250873702323,0.0147023126382402,1.4702312638240247,2543377.6,3215162.65,0.5090936845761131,-0.5178220823021725,0.026558818944627,0.0021028224990817,-0.0081877562515052,0.0645683683249296,4254.75,3829.39990234375,0.3522982561469929,4254.75,3778.699951171875,0.4212793367458142,0.0,0,0,0.0,0.0,0.0,0.0,0.0,0.0,0.0,0.0,0.0,0.0,0.0,0.0,0,0,1,-0.0,0.0,0.0,-0.0016837221013695,-0.0095621156821322,-0.0262738075838725,0,0
2024-04-08,3972.550048828125,4032.64990234375,3960.0,3983.0,2302538,-0.0016837221013695,-0.1683722101369578,-6.699951171875,72.64990234375,1.82879766021277,-10.449951171875,-0.2623638255554858,3957.2400390625,3920.855004882813,4014.062512207032,4021.3940234375,3843.327014160156,3632.6775048828126,3961.6739131259615,3960.253076409916,3984.617852983521,3971.8318186030046,3706.559077727342,-0.0103417580699513,-0.0121460305368492,0.0935597898488036,30.7716401182074,-26.99797943787553,-25.26774941493848,-1.7302300229370466,0.0115825784118617,0.0114409616796896,0.0143650448525836,1.4365044852583622,2689950.0,3243079.35,0.7099850948759548,0.4067150980041165,0.0142465178599924,-0.0001006562752274,-0.0225746128232965,0.0799961928319974,4254.75,3829.39990234375,0.3365466406923524,4254.75,3778.699951171875,0.4072052888838972,0.0,0,0,0.0,0.0,0.0,0.0,0.0,0.0,0.0,0.0,0.0,0.0,0.0,0.0,0,0,1,-0.0,0.0,0.0,-0.0065449143951427,-0.0251098158044417,-0.0356194379581804,0,0
2024-04-09,3946.550048828125,4015.85009765625,3925.050048828125,3984.0,1876992,-0.0065449143951427,-0.6544914395142709,-26.0,90.800048828125,2.3007448962945967,-37.449951171875,-0.9400088145550954,3969.7900390625,3924.42001953125,4005.960009765625,4023.4890234375,3849.318015136719,3636.328754882813,3956.632625026684,3957.76161684959,3980.992347825864,3970.8403766510487,3708.9470475890416,-0.0148303929127279,-0.0191224517231667,0.0853116741792808,32.85893737201164,-26.47414200940784,-25.50902793383236,-0.9651140755754852,0.0111490914387408,0.0103701149084631,0.0141294728133525,1.412947281335258,2636815.2,3202483.7,0.586105090870564,-0.1848160594960864,0.0161568564836218,0.00911558653368,-0.0394416699061479,0.0695547720200637,4254.75,3829.39990234375,0.2754205233051358,4254.75,3778.699951171875,0.3525891827328669,0.0,0,0,0.0,0.0,0.0,0.0,0.0,0.0,0.0,0.0,0.0,0.0,0.0,0.0,0,0,1,-0.0,0.0,0.0,0.0096539643598181,-0.0214237873033514,-0.0239069811579524,1,0
2024-04-10,3984.64990234375,3990.199951171875,3918.0,3956.39990234375,2101965,0.0096539643598181,0.9653964359818136,38.099853515625,72.199951171875,1.811952190063357,28.25,0.7140329768804425,3977.260009765625,3935.135009765625,3999.075,4026.976020507812,3855.8300146484376,3640.377504882813,3965.971717465706,3962.650396030346,3981.340686351377,3971.381926678213,3711.69035957665,-0.0036071085579164,-0.0105106456925772,0.0945705210515028,50.79260769907604,-22.72272389173349,-24.951767125412587,2.229043233679093,0.0094575244032463,0.0101117371853701,0.0143221477645188,1.4322147764518889,2262590.2,3192378.55,0.6584322526537463,0.1198582625818329,0.009462126783778,0.0276337594696969,-0.0334033238445199,0.0731473720914008,4254.75,3829.39990234375,0.3649934509371301,4254.75,3780.85009765625,0.4300482099269793,0.0,0,0,0.0,0.0,0.0,0.0,0.0,0.0,0.0,0.0,0.0,0.0,0.0,0.0,0,0,1,0.0,0.0,0.0,0.0042036315386573,-0.039765087286257,-0.0409822214472211,1,0
2024-04-12,4001.39990234375,4013.35009765625,3945.5,3971.0,4354821,0.0042036315386573,0.4203631538657326,16.75,67.85009765625,1.6956590021534212,30.39990234375,0.7655477799987409,3976.87998046875,3951.185009765625,3989.5324951171874,4030.9840185546873,3862.5285131835935,3644.332504882813,3977.7811124250543,3969.695760814601,3983.25108787446,3972.559102194509,3714.573041594234,0.0029746360610139,-0.0073391797324824,0.0979788197104752,53.21729957805907,-18.18844788624256,-23.599103277578585,5.410655391336025,0.0069390639022622,0.0091557897767802,0.0137239679375431,1.372396793754311,2454627.0,3208129.55,1.3574330251096,1.071785686250723,-0.0004746450331474,0.0417870822153061,-0.0455245029891466,0.0711675255425969,4254.75,3829.39990234375,0.404372776561587,4254.75,3787.0,0.4583643021779797,0.0,0,0,0.0,0.0,0.0,0.0,0.0,0.0,0.0,0.0,0.0,0.0,0.0,0.0,0,0,1,0.0,-0.0,0.0,-0.0150447225073939,-0.0341879862113686,-0.0327885126140545,0,0
2024-04-15,3941.199951171875,4064.199951171875,3919.050048828125,4001.39990234375,4200329,-0.0150447225073939,-1.504472250739397,-60.199951171875,145.14990234375,3.682886028164879,-60.199951171875,-1.504472250739396,3969.269970703125,3957.675,3979.142492675781,4033.7970166015625,3867.897512207032,3647.900004882813,3965.587392007328,3964.514704515924,3979.246217712309,3971.3293315661695,3716.828035719385,-0.0095353563170319,-0.022955311099838,0.0804024084806251,47.01681801874215,-19.230951988115976,-22.725473019686063,3.494521031570088,0.0095544849008304,0.0107386348827295,0.0139099419567286,1.3909941956728695,2967329.0,3276283.0,1.282040959221166,-0.035476085010153,-0.0095621156821322,0.0167427447633654,-0.0500843694451976,0.0150406669437885,4254.75,3829.39990234375,0.2628424195601739,4254.75,3796.449951171875,0.3158411184334942,0.0,1,1,0.0,0.0,0.0,0.3333333333333333,0.0,0.0,0.0,0.0,0.0,0.2,0.1,0.0,0,0,1,-0.0,-0.0,0.0,-0.0173550957046501,-0.0168730338028718,-0.0305871435912,0,0
2024-04-16,3872.800048828125,3928.699951171875,3862.85009765625,3902.0,3051420,-0.0173550957046501,-1.7355095704650103,-68.39990234375,65.849853515625,1.7003163779537387,-29.199951171875,-0.7483329362346233,3949.319970703125,3953.2800048828126,3962.402490234375,4034.934018554688,3871.64701171875,3650.9730053710937,3934.658277614261,3947.839312572688,3969.1084873423865,3967.465438125463,3718.3799960488254,-0.0226131599773323,-0.0401825578760365,0.0607583356904289,46.46240754048044,-25.28497502426308,-23.237373420601468,-2.047601603661608,0.0117832040104433,0.0117765511148885,0.0137127041321451,1.3712704132145193,3117105.4,3282873.6,0.9294966458653784,-0.2735283355184796,-0.0251098158044417,-0.0112210253837684,-0.0795703111174034,-0.007940980483697,4254.75,3829.39990234375,0.1020339403317809,4254.75,3805.050048828125,0.1506560092422736,0.0,0,0,0.0,0.0,0.0,0.3333333333333333,0.0,0.0,0.0,0.0,0.0,0.2,0.1,0.0,0,0,1,-0.0,-0.0,0.0,-0.002788692597593,-0.010780313848796,-0.0024530055464326,0,0
2024-04-18,3862.0,3936.0,3850.0,3876.800048828125,3476284,-0.002788692597593,-0.2788692597593067,-10.800048828125,86.0,2.226825479026412,-14.800048828125,-0.3817594057397606,3932.4099609375,3951.1,3944.539990234375,4035.0910205078126,3875.2425122070313,3654.090505371094,3910.4388517428406,3932.232164832199,3958.907679024064,3963.329538591131,3719.8090508145087,-0.0209251244603229,-0.0428964352050797,0.0568977408532445,48.49777060146911,-30.601549958823853,-24.710208728245945,-5.891341230577908,0.0117812116145784,0.0115181522882278,0.0136233420552997,1.3623342055299712,3436963.8,3288030.65,1.0572541347812558,0.1392348480379626,-0.0214237873033514,-0.0056130718765253,-0.0846714463470995,0.0001812734475497,4254.75,3829.39990234375,0.0766429767757947,4254.75,3829.39990234375,0.0766429767757947,0.0,0,0,0.0,0.0,0.0,0.3333333333333333,0.0,0.0,0.0,0.0,0.0,0.2,0.1,0.0,0,0,1,-0.0,-0.0,0.0,-0.0092698210326579,-0.0025375579565315,-0.0048161827178275,0,0
2024-04-19,3826.199951171875,3852.550048828125,3800.89990234375,3838.0,2957749,-0.0092698210326579,-0.9269821032657944,-35.800048828125,51.650146484375,1.3499071439942854,-11.800048828125,-0.3074530700397342,3900.719970703125,3938.989990234375,3928.224987792969,4032.289018554688,3878.308510742188,3657.139754638672,3882.359218219186,3912.953580530321,3946.268847800046,3957.951907711945,3720.867666738463,-0.025972299687044,-0.0511096963621625,0.046227436706177,48.57309693726897,-37.27406640998197,-27.22298026459315,-10.05108614538882,0.0088717493966675,0.0101171287357057,0.0134094856158104,1.3409485615810468,3608120.6,3359572.9,0.8803943501270652,-0.149163589626164,-0.039765087286257,-0.0306792227999496,-0.0785791809339253,-0.0150337602368929,4064.199951171875,3800.89990234375,0.0960882800467696,4254.75,3800.89990234375,0.0557453858857324,0.0,0,0,0.0,0.0,0.0,0.0,0.0,0.0,0.0,0.0,0.0,0.2,0.1,0.0,0,0,1,-0.0,-0.0,0.0,0.0100361055288324,-0.0012675379168669,0.0247896343282321,1,0
2024-04-22,3864.60009765625,3878.0,3812.0,3837.0,1728883,0.0100361055288324,1.0036105528832495,38.400146484375,66.0,1.7078093032194142,27.60009765625,0.7193145075905656,3873.360009765625,3925.119995117188,3922.589990234375,4030.11501953125,3881.852512207032,3660.514505615234,3876.4395113648734,3904.162038189581,3938.490871595875,3954.291052415643,3722.297840180431,-0.0147835722628405,-0.0410695280588421,0.0557532531910331,48.870878741570415,-39.013786230113055,-29.58114145769713,-9.432644772415925,0.0110112997862904,0.0093896763427441,0.0103063911712717,1.0306391171271745,3082933.0,2999456.6,0.5763987383581413,-0.41547338871554,-0.0341879862113686,-0.0346464040866675,-0.0283357930727607,-0.0097370981010381,4064.199951171875,3800.89990234375,0.2419300550683973,4254.75,3800.89990234375,0.1403551429017143,0.0,0,0,0.0,0.0,0.0,0.0,0.0,0.0,0.0,0.0,0.0,0.2,0.1,0.0,0,0,1,0.0,-0.0,0.0,0.002613427847748,0.0014490124137349,0.0295890520690547,1,1
2024-04-23,3874.699951171875,3895.0,3860.60009765625,3877.050048828125,1807586,0.002613427847748,0.2613427847748095,10.099853515625,34.39990234375,0.8878081600446506,-2.35009765625,-0.0606156130731492,3860.060009765625,3914.664990234375,3917.779992675781,4024.889018554688,3885.298012695313,3663.901254882812,3875.859657967208,3898.805295095453,3932.415545841208,3951.169832759025,3723.814279095769,-0.0109960338723571,-0.0373150828980483,0.0575339458202197,45.68938289327934,-39.12652670640364,-31.490218507438435,-7.636308198965203,0.0105623423781484,0.0095265990382024,0.0103447527632863,1.0344752763286316,2604384.4,2998940.25,0.6027415851316144,0.0455224558284164,-0.0168730338028718,-0.0262738075838725,-0.0242262342385147,-0.017334321606332,4064.199951171875,3800.89990234375,0.280288777600264,4254.75,3800.89990234375,0.1626088640483708,0.0,0,0,0.0,0.0,0.0,0.0,0.0,0.0,0.0,0.0,0.0,0.0,0.1,0.0,0,0,1,0.0,-0.0,0.0,-0.011265363226525,-0.0139494798330843,0.026389140136922,0,0
2024-04-24,3831.050048828125,3898.0,3824.449951171875,3890.0,1317312,-0.011265363226525,-1.126536322652505,-43.64990234375,73.550048828125,1.9198404586393525,-58.949951171875,-1.5154229093026992,3851.710009765625,3900.514990234375,3910.6849975585938,4019.842021484375,3888.526013183594,3666.9792553710936,3860.9231215875134,3886.486159410484,3922.76168898282,3946.4592529970296,3724.881301680171,-0.0203634270671721,-0.0469650229156359,0.0447427656474232,44.7085935395391,-42.25101328697156,-33.64237746334506,-8.608635823626493,0.0087375610807811,0.0098968476599215,0.0105762591621492,1.0576259162149255,2257562.8,2873326.75,0.4584623033214026,-0.2712313549673432,-0.010780313848796,-0.0356194379581804,-0.0357165089134573,-0.0070498156345168,4064.199951171875,3800.89990234375,0.1145087006955178,4254.75,3800.89990234375,0.0664319488749146,0.0,0,0,0.0,0.0,0.0,0.0,0.0,0.0,0.0,0.0,0.0,0.0,0.1,0.0,0,0,1,-0.0,-0.0,0.0,0.0055206541481283,0.0084180576053463,0.0337113586869624,1,1
2024-04-25,3852.199951171875,3873.64990234375,3811.0,3811.199951171875,2856271,0.0055206541481283,0.5520654148128301,21.14990234375,62.64990234375,1.6263408737309006,41.0,1.075776672052938,3849.75,3891.07998046875,3907.75,4014.204018554688,3892.47701171875,3669.729005126953,3858.015398115635,3880.2523033671,3916.0415234770153,3942.7628097882,3726.14815391392,-0.0142153538041392,-0.0403577064429181,0.0497232754216981,39.57463504665493,-42.530308132792925,-35.419963597234634,-7.110344535558291,0.0093508073209847,0.0102247454946599,0.0101671871917634,1.0167187191763445,2133560.2,2723516.05,1.0487439572827193,1.1682570264295775,-0.0025375579565315,-0.0239069811579524,-0.0150093207797767,0.0027070389430918,4064.199951171875,3800.89990234375,0.1948349385290553,4254.75,3800.89990234375,0.1130330236636417,0.0,0,0,0.0,0.0,0.0,0.0,0.0,0.0,0.0,0.0,0.0,0.0,0.1,0.0,0,0,1,0.0,-0.0,0.0,-0.0080083728536054,-0.0022844216135374,0.0108249705883489,0,0
2024-04-26,3821.35009765625,3876.800048828125,3802.550048828125,3855.14990234375,2039178,-0.0080083728536054,-0.800837285360545,-30.849853515625,74.25,1.9430305547125808,-33.7998046875,-0.8767442393602207,3848.780029296875,3874.75,3904.942504882813,4007.9570166015615,3895.989013671875,3672.474255371094,3845.79363129584,3869.542811419673,3907.023292446466,3938.001526959497,3727.095436936231,-0.0214068215145388,-0.046559111829882,0.0405382943304288,28.889641728355755,-44.72540998039176,-37.28105287386606,-7.4443571065257,0.0090668340950626,0.0094100592735164,0.0101462948957573,1.0146294895757366,1949846.0,2653428.7,0.7685068002769397,-0.2860698442129615,-0.0012675379168669,-0.0409822214472211,-0.0144809548275306,0.0029000468956568,4064.199951171875,3800.89990234375,0.0776687866315183,4254.75,3800.89990234375,0.045059360828846,0.0,0,0,0.0,0.0,0.0,0.0,0.0,0.0,0.0,0.0,0.0,0.0,0.1,0.0,0,0,1,-0.0,-0.0,0.0,0.0127834017473527,0.026090242616876,0.0330903863661773,1,1
2024-04-29,3870.199951171875,3877.800048828125,3819.199951171875,3838.0,1110693,0.0127834017473527,1.2783401747352707,48.849853515625,58.60009765625,1.5141361788944838,32.199951171875,0.8389773624772017,3849.9,3861.630004882813,3906.407507324219,4002.94701171875,3899.5535131835936,3675.281004638672,3853.92907125452,3869.662291374618,3903.516307563172,3935.342641634492,3728.519362451014,-0.009268760641192,-0.0331623326909534,0.053035113855836,38.03617947565527,-42.038673426918194,-38.23257698447649,-3.8060964424417065,0.0098897048829169,0.0105740530992236,0.0103513431538584,1.0351343153858497,1826208.0,2610534.6,0.4254657264454567,-0.4553231743378949,0.0014490124137349,-0.0327885126140545,0.0076284333289304,0.0182057224866811,4064.199951171875,3800.89990234375,0.2631980097860223,4254.75,3800.89990234375,0.152693695971425,0.0,0,0,0.0,0.0,0.0,0.0,0.0,0.0,0.0,0.0,0.0,0.0,0.1,0.0,0,0,1,0.0,0.0,0.0,-0.012802968697553,0.0280993233869146,0.0080099220689136,0,1
2024-04-30,3820.64990234375,3881.75,3810.0,3872.0,2203078,-0.012802968697553,-1.280296869755304,-49.550048828125,71.75,1.8779527523834487,-51.35009765625,-1.3261905386428203,3839.089990234375,3849.575,3903.625,3996.370009765625,3902.884011230469,3677.7845043945313,3842.836014950929,3860.75094791446,3895.624268970846,3930.844887152502,3729.436084240992,-0.0212559089708283,-0.0439699294591044,0.038845505433641,34.76731449377479,-43.40731764707334,-39.26752511699586,-4.139792530077479,0.0113017063188419,0.0103175224874832,0.0105370555257607,1.053705552576076,1905306.4,2505099.35,0.8794373764058498,0.9835165972955624,-0.0139494798330843,-0.0305871435912,-0.0143565115660225,0.0052886696023968,4064.199951171875,3800.89990234375,0.0750094809625054,4254.75,3800.89990234375,0.0435165710043733,0.0,0,0,0.0,0.0,0.0,0.0,0.0,0.0,0.0,0.0,0.0,0.0,0.0,0.0,0,0,1,-0.0,-0.0,0.0,0.0111630606243748,0.0409092831908632,0.0156387006208935,1,1
2024-05-02,3863.300048828125,3871.10009765625,3778.050048828125,3778.050048828125,2491044,0.0111630606243748,1.1163060624374888,42.650146484375,93.050048828125,2.408563861260281,85.25,2.2564550203998177,3845.539990234375,3848.625,3900.952502441406,3991.634008789063,3906.400512695313,3680.486505126953,3849.657359576661,3861.2144208078535,3892.545771814396,3928.196069963311,3730.768063988128,-0.0096521179352264,-0.0321507331780325,0.0496710267641277,41.92138972414571,-40.5826560755404,-39.53055130870477,-1.052104766835626,0.0115279276122388,0.0098562879118889,0.0105786048660689,1.0578604866068997,2140052.8,2551167.75,0.9764328511913808,0.1307107601274217,0.0084180576053463,-0.0024530055464326,-0.0136465056926979,0.0124084692572314,4064.199951171875,3778.050048828125,0.2979207726500977,4254.75,3778.050048828125,0.17883366631448,0.0,0,0,0.0,0.0,0.0,0.0,0.0,0.0,0.0,0.0,0.0,0.0,0.0,0.0,0,0,1,0.0,0.0,0.0,-0.0051510745302869,0.0250821580304494,0.0097455289177372,0,1
2024-05-03,3843.39990234375,3893.60009765625,3797.60009765625,3890.14990234375,2962234,-0.0051510745302869,-0.5151074530286959,-19.900146484375,96.0,2.4977884799720704,-46.75,-1.201753175933758,3843.77998046875,3846.764990234375,3898.932495117188,3986.438002929688,3909.710012207032,3683.057254638672,3847.5715404990246,3857.975417450744,3887.865212817192,3924.8707300566616,3731.888778797637,-0.0142430249415663,-0.0358811802618821,0.0435352036689444,35.79116230728576,-39.49459779944027,-39.523360606851874,0.0287628074116028,0.0116382997138241,0.0099530154796046,0.0104770280577982,1.04770280577982,2161245.4,2592146.15,1.1427727560809025,0.1891536239424112,-0.0022844216135374,-0.0048161827178275,-0.0104022210145873,-0.0027892013212726,4064.199951171875,3778.050048828125,0.2283762915184246,4254.75,3778.050048828125,0.137088022255876,0.0,0,0,0.0,0.0,0.0,0.0,0.0,0.0,0.0,0.0,0.0,0.0,0.0,0.0,0,0,1,-0.0,-0.0,0.0,0.0202035043080015,0.013139408149853,-0.0024196817723362,1,1
2024-05-06,3921.050048828125,3939.949951171875,3853.0,3853.0,2053831,0.0202035043080015,2.020350430800155,77.650146484375,86.949951171875,2.2175169938945696,68.050048828125,1.7661575091649364,3863.719970703125,3856.25,3897.619995117188,3982.2930078125,3913.60451171875,3686.302755126953,3872.064376608725,3869.443532246631,3891.025673389661,3924.7208994202488,3733.770980489483,0.0060113745671178,-0.0153788178981878,0.0636809587532338,42.79954650530354,-31.997735922836,-38.018235670048696,6.020499747212696,0.0136877241008939,0.0113174948320737,0.0108320638918452,1.0832063891845252,2164176.0,2496183.2,0.8227885677621738,-0.3066614588854223,0.026090242616876,0.0247896343282321,-0.0066501151864026,-0.0114086174628592,4064.199951171875,3778.050048828125,0.4997380702517767,4254.75,3778.050048828125,0.2999790531726761,0.0,0,0,0.0,0.0,0.0,0.0,0.0,0.0,0.0,0.0,0.0,0.0,0.0,0.0,0,0,1,0.0,0.0,0.0,0.0147664277738699,0.0068221521446774,-0.0257201760753833,1,1
2024-05-07,3978.949951171875,3988.0,3913.5,3930.800048828125,2062112,0.0147664277738699,1.476642777386994,57.89990234375,74.5,1.872353282002413,48.14990234375,1.2249389881356278,3885.469970703125,3867.6849853515614,3896.402490234375,3979.796010742188,3917.353010253906,3689.835505371094,3907.6929014631087,3889.353790233038,3899.399414130824,3926.8475289007047,3736.210572237567,0.0211855579972526,-0.0002125886774168,0.0783542912360003,53.39692312018496,-21.14068399866937,-34.64272533577284,13.502041337103464,0.0139864383920067,0.0117573550492933,0.0108734895932263,1.087348959322631,2354459.8,2429556.95,0.8487605116644826,0.0040319773145891,0.0280993233869146,0.0295890520690547,-0.0060825062721386,0.0014219671996371,4064.199951171875,3778.050048828125,0.7020792273499024,4254.75,3778.050048828125,0.4214388985144141,0.0,0,0,0.0,0.0,0.0,0.0,0.0,0.0,0.0,0.0,0.0,0.0,0.0,0.0,0,0,1,0.0,0.0,0.0,-0.0005026451763764,-0.0195403312316359,-0.0369318420626516,0,0
2024-05-08,3976.949951171875,3984.300048828125,3938.60009765625,3961.0,1247685,-0.0005026451763764,-0.0502645176376437,-2.0,45.699951171875,1.1491206007862569,15.949951171875,0.4026748591738198,3916.72998046875,3877.909985351562,3896.287487792969,3978.72201171875,3920.973510742188,3693.420755615234,3930.7785846993647,3905.28036494919,3906.7851795633055,3928.812329774084,3738.605988943381,0.0207023900653175,-0.0004453843575036,0.0767660156578645,60.64383263605007,-12.553071419922162,-30.224794552602702,17.67172313268054,0.0106055977024254,0.0118093944531882,0.0107893950824567,1.0789395082456736,2163381.2,2410100.25,0.517690083638637,-0.3949479950652534,0.0409092831908632,0.026389140136922,-0.0005780106372117,-0.0384550408191791,4064.199951171875,3778.050048828125,0.6950898837100173,4254.75,3778.050048828125,0.4172433872812298,0.0,0,0,0.0,0.0,0.0,0.0,0.0,0.0,0.0,0.0,0.0,0.0,0.0,0.0,0,0,1,-0.0,0.0,0.0,-0.0042117703782177,-0.0242774110847623,-0.0209959896466374,0,0
2024-05-09,3960.199951171875,3971.0,3910.050048828125,3962.0,1726486,-0.0042117703782177,-0.4211770378217738,-16.75,60.949951171875,1.5390624696573494,-1.800048828125,-0.045432832612948,3936.1099609375,3890.8249755859374,3895.669982910156,3978.096010742187,3924.308510742188,3696.519005126953,3940.585706856869,3915.265744262405,3911.8723006688833,3930.043216887723,3740.810903990431,0.0165645366637328,-0.004498649485077,0.0713322305875351,59.91518183104501,-7.018012317827015,-25.583438105647566,18.56542578782055,0.011669485899527,0.0110721669537724,0.0108252326841793,1.082523268417939,2010469.6,2381297.65,0.725018982822244,0.3837515077924316,0.0250821580304494,0.0337113586869624,-0.0031088589204542,-0.0301709247485562,4064.199951171875,3778.050048828125,0.6365541307259805,4254.75,3778.050048828125,0.3821059807033115,0.0,0,0,0.0,0.0,0.0,0.0,0.0,0.0,0.0,0.0,0.0,0.0,0.0,0.0,0,0,1,-0.0,0.0,0.0,-0.0167415912442769,-0.0149613657720658,-0.0279531216950592,0,0
2024-05-10,3893.89990234375,3973.60009765625,3885.050048828125,3962.60009765625,1672489,-0.0167415912442769,-1.6741591244276988,-66.300048828125,88.550048828125,2.2740710097562205,-68.7001953125,-1.7337150764502818,3946.2099609375,3894.994970703125,3893.0374755859375,3974.2320068359377,3926.8185107421873,3698.415255126953,3925.0237720191626,3911.381045731741,3910.160643685537,3928.625832003645,3742.334177605887,0.0002215305563383,-0.0202132397791601,0.0528563273001334,56.439029623358365,-7.890342986887845,-22.044819081895625,14.15447609500778,0.0148994654224242,0.0127099876499814,0.0113710929189131,1.1371092918913177,1752520.6,2371072.5,0.7053723578675895,-0.0312756662955853,0.013139408149853,0.0108249705883489,-0.0133408029374944,-0.058102172090288,4064.199951171875,3778.050048828125,0.4048572184255206,4254.75,3778.050048828125,0.2430246808937791,0.0,0,0,0.0,0.0,0.0,0.0,0.0,0.0,0.0,0.0,0.0,0.0,0.0,0.0,0,0,1,-0.0,0.0,0.0,0.0138422013498427,-0.015357304036374,-0.0120316019133994,1,0
2024-05-13,3947.800048828125,3955.0,3870.0,3884.5,931326,0.0138422013498427,1.3842201349842709,53.900146484375,85.0,2.153097901329416,63.300048828125,1.6295546100688636,3951.5599609375,3907.6399658203127,3891.194982910156,3972.146005859375,3929.575510253906,3700.695755615234,3932.615864288817,3918.0026826583553,3913.745348937213,3929.377762075194,3744.3786141354617,0.0145469620943113,-0.0061291697221946,0.0667723880943058,57.68661850317243,-4.184147717604446,-18.47268480903739,14.288537091432945,0.0132069533340278,0.0128381997764444,0.011606197435936,1.1606197435936,1528019.6,2312540.55,0.4027285056687979,-0.4431497008351026,0.0068221521446774,0.0330903863661773,-0.0092479526228765,-0.0449718503279895,4064.199951171875,3778.050048828125,0.5932205414352385,4254.75,3778.050048828125,0.3560940159165159,0.0,0,0,0.0,0.0,0.0,0.0,0.0,0.0,0.0,0.0,0.0,0.0,0.0,0.0,0,0,1,0.0,0.0,0.0,-0.0118040673488726,-0.0323218238203647,-0.0273317151704287,0,0
2024-05-14,3901.199951171875,3945.800048828125,3892.89990234375,3936.0,1058317,-0.0118040673488726,-1.1804067348872629,-46.60009765625,52.900146484375,1.355996799612499,-34.800048828125,-0.8841475820153708,3936.0099609375,3910.7399658203126,3886.1849853515614,3970.14900390625,3932.652009277344,3702.7175048828126,3922.1438932498368,3914.947640569904,3912.5505491500376,3928.272749882907,3745.939025449257,0.0038636775853206,-0.0173668677590024,0.0536045339746609,52.29357720622417,-4.950137587837162,-15.768175364797344,10.818037776960182,0.0117665237715927,0.0131775563040753,0.0118219333058799,1.1821933305879977,1327260.6,2147715.35,0.4927640899898582,0.1363550464606377,-0.0195403312316359,0.0080099220689136,-0.0250412239759352,-0.0532677054230534,4064.199951171875,3778.050048828125,0.4303684933493733,4254.75,3778.050048828125,0.2583383993243752,0.0,0,0,0.0,0.0,0.0,0.0,0.0,0.0,0.0,0.0,0.0,0.0,0.0,0.0,0,0,1,-0.0,-0.0,0.0,-0.0053317053953814,-0.0177381195626971,-0.0250051394568541,0,0
2024-05-15,3880.39990234375,3926.949951171875,3875.5,3904.5,1115021,-0.0053317053953814,-0.5331705395381414,-20.800048828125,51.449951171875,1.3258930127484898,-24.10009765625,-0.6172390230823409,3916.699951171875,3916.714965820313,3883.144982910156,3965.66900390625,3934.783508300781,3704.769254150391,3908.229229614475,3908.666233619694,3909.488582787534,3926.395383312744,3747.276944622337,-0.0007069219868141,-0.0215018201162297,0.047406636188368,54.447131937939,-7.153123431569384,-14.045164978151751,6.8920415465823694,0.0116168709381384,0.0125107498070221,0.0114158210861401,1.1415821086140157,1300727.8,1993449.95,0.5593423602132575,0.0535794095719901,-0.0242774110847623,0.0156387006208935,-0.0154267861517776,-0.0648512104244487,3988.0,3778.050048828125,0.4874964387671447,4254.75,3778.050048828125,0.2147049800697852,0.0,0,0,0.0,0.0,0.0,0.0,0.0,0.0,0.0,0.0,0.0,0.0,0.0,0.0,0,0,1,-0.0,-0.0,0.0,0.0052958585056435,0.0033630680230258,-0.0371868385524758,1,1
2024-05-16,3900.949951171875,3909.5,3843.5,3891.10009765625,2599399,0.0052958585056435,0.5295858505643514,20.550048828125,66.0,1.691895585078529,9.849853515625,0.253138014145612,3904.849951171875,3920.479956054688,3884.552478027344,3961.3089990234375,3935.1830078125,3706.9575036621095,3905.802803466942,3907.263273174636,3908.675379776519,3925.397523228789,3748.806029264621,0.004221200057737,-0.0152371470810387,0.0523319858180516,54.39783103765731,-7.158272280893471,-12.667786438700098,5.509514157806628,0.0124924697722909,0.0121459056624533,0.0107842300338796,1.0784230033879694,1475310.4,1970848.9,1.3189235359443334,1.3312556445125248,-0.0149613657720658,0.0097455289177372,0.0072686175348164,-0.0485720206192564,3988.0,3778.050048828125,0.5853771418271886,4254.75,3778.050048828125,0.2578139604202271,0.0,0,0,0.0,0.0,0.0,0.0,0.0,0.0,0.0,0.0,0.0,0.0,0.0,0.0,0,0,1,0.0,-0.0,0.0,-0.0171368139433685,-0.0131890826121516,-0.0589599976618275,0,0
2024-05-17,3834.10009765625,3920.0,3830.0,3919.0,2765804,-0.0171368139433685,-1.7136813943368523,-66.849853515625,90.0,2.347356555845169,-84.89990234375,-2.1663664798099007,3892.889990234375,3919.549975585937,3883.157482910157,3956.088999023437,3934.932009277344,3709.28650390625,3881.9019015300446,3893.9608776258383,3901.572971955541,3921.817232029866,3749.654726462548,-0.0126333751514866,-0.0308357323096877,0.0336489493649409,51.08004993245552,-12.4134823745635,-12.61692562587278,0.2034432513092792,0.0126023346603351,0.0133555024695181,0.0114645188263067,1.1464518826306789,1693973.4,1935324.9,1.4291161137853392,0.0640167207881514,-0.015357304036374,-0.0024196817723362,-0.0072242108606291,-0.0655829803195248,3988.0,3778.050048828125,0.2669686204510701,4254.75,3778.050048828125,0.1175793047394629,0.0,0,0,0.0,0.0,0.0,0.0,0.0,0.0,0.0,0.0,0.0,0.0,0.0,0.0,0,0,1,-0.0,-0.0,0.0,-0.0036253999974784,0.0033775725312417,-0.0342322831060754,0,1
2024-05-21,3820.199951171875,3844.75,3810.050048828125,3830.60009765625,1908117,-0.0036253999974784,-0.3625399997478462,-13.900146484375,34.699951171875,0.9083281402909428,-10.400146484375,-0.271501754796548,3867.369970703125,3909.464965820313,3882.857482910156,3950.60599609375,3934.972009277344,3711.413753662109,3861.3345847439887,3880.5498000887537,3893.823160452335,3917.8322406236703,3750.356668996969,-0.0161369640822665,-0.0330091244357997,0.0293112556912914,45.49793538130377,-17.498191627621054,-13.593178826222436,-3.905012801398618,0.0085153298617412,0.0112831332077364,0.0113003892429715,1.1300389242971582,1889331.6,1882843.3,1.0134231563508231,-0.3101040420796267,-0.0323218238203647,-0.0257201760753833,-0.0015681355069178,-0.0746311721754779,3988.0,3778.050048828125,0.2007616677616852,4254.75,3778.050048828125,0.0884201943804117,0.0,0,0,0.0,0.0,0.0,0.0,0.0,0.0,0.0,0.0,0.0,0.0,0.0,0.0,0,0,1,-0.0,-0.0,0.0,0.0030888563370892,0.0051567853577485,-0.0275378128151654,1,1
2024-05-22,3832.0,3841.25,3817.550048828125,3835.0,1311168,0.0030888563370892,0.3088856337089218,11.800048828125,23.699951171875,0.6184747174288883,-3.0,-0.0782268578878748,3853.52998046875,3894.769970703125,3881.227478027344,3945.631997070313,3935.491508789063,3713.578004150391,3851.556389829326,3871.722563708981,3887.935240409255,3914.4662704031343,3751.169040449736,-0.0126834817866341,-0.0287994412947497,0.0318889210667603,51.09652019351966,-20.34121416577728,-14.942785894133404,-5.398428271643869,0.0088048987177446,0.0097990999990716,0.0110796956108516,1.10796956108516,1939901.8,1861957.55,0.704187912339892,-0.3128471681767941,-0.0177381195626971,-0.0369318420626516,-0.0084355681913946,-0.0662312533805964,3988.0,3778.050048828125,0.2569657714647859,4254.75,3778.050048828125,0.1131738130856725,0.0,0,0,0.0,0.0,0.0,0.0,0.0,0.0,0.0,0.0,0.0,0.0,0.0,0.0,0,0,1,0.0,-0.0,0.0,0.0160359997838921,-0.0073982509541362,-0.0223251693184042,1,0
2024-05-23,3893.449951171875,3905.0,3825.5,3840.949951171875,2095742,0.0160359997838921,1.603599978389214,61.449951171875,79.5,2.041890893603797,52.5,1.366849364542806,3856.139990234375,3886.419970703125,3882.164978027344,3943.258994140625,3936.551008300781,3716.103753662109,3865.520910276842,3875.672997793143,3888.460450958076,3913.642101021516,3752.584770904683,0.0029068762426128,-0.0126314409078283,0.0477236937572037,52.81065250362786,-17.434854360983536,-15.441199587503432,-1.993654773480104,0.0122359861849151,0.0116263852998098,0.011660894636255,1.1660894636255068,2136046.0,1876365.35,1.1169157435144492,0.5983779347879143,0.0033630680230258,-0.0209959896466374,0.0048390843771861,-0.0340391635334281,3988.0,3778.050048828125,0.5496543423783803,4254.75,3778.050048828125,0.2420807932957861,0.0,0,0,0.0,0.0,0.0,0.0,0.0,0.0,0.0,0.0,0.0,0.0,0.0,0.0,0,0,1,0.0,0.0,0.0,-0.0112881767386393,-0.0404139915727604,-0.0161938767979148,0,0
2024-05-24,3849.5,3883.800048828125,3844.300048828125,3878.25,1309452,-0.0112881767386393,-1.1288176738639355,-43.949951171875,39.5,1.0261072866606051,-28.75,-0.7413137368658544,3845.85,3875.3499755859375,3883.0874755859377,3938.962993164064,3936.806008300781,3718.366754150391,3860.1806068512287,3870.914270921662,3884.749931819212,3911.126724510869,3753.5491015424473,-0.0086496829641648,-0.0227123213189162,0.0352663560428083,50.54426243791932,-18.465083047736243,-16.045976279549997,-2.4191067681862464,0.0129181779401125,0.011981900541247,0.0116620871739822,1.1662087173982203,1878056.6,1875972.35,0.6980124200657861,-0.3751845408451995,-0.0131890826121516,-0.0279531216950592,0.0048158992800206,-0.0355755981460603,3988.0,3778.050048828125,0.3403189701786721,4254.75,3778.050048828125,0.149884536376035,0.0,0,0,0.0,0.0,0.0,0.0,0.0,0.0,0.0,0.0,0.0,0.0,0.0,0.0,0,0,1,-0.0,-0.0,0.0,-0.000636433607449,-0.0463826597813027,0.0115469414656124,0,0
2024-05-27,3847.050048828125,3908.35009765625,3841.35009765625,3855.0,1841538,-0.000636433607449,-0.0636433607449027,-2.449951171875,67.0,1.741594186444476,-7.949951171875,-0.2062244143158236,3848.439990234375,3870.664990234375,3882.82998046875,3933.7319921875,3937.321008300781,3720.8250048828127,3855.803754176861,3866.57532145011,3881.1594667724416,3908.613913699781,3754.4794592268818,-0.0092149107276403,-0.0220355488201859,0.0339239399272118,42.3742817176383,-19.257251678729062,-16.68823135938581,-2.5690203193432524,0.0100636713608263,0.0109310431694098,0.0115982443878902,1.159824438789025,1693203.4,1825235.7,1.008931613599274,0.4063425005269379,0.0033775725312417,-0.0120316019133994,-0.0013368730618936,-0.058733586917967,3988.0,3778.050048828125,0.328649754929037,4254.75,3778.050048828125,0.1447451375448577,0.0,0,0,0.0,0.0,0.0,0.0,0.0,0.0,0.0,0.0,0.0,0.0,0.0,0.0,0,0,1,-0.0,0.0,0.0,-0.0018586050073752,-0.0374832532308231,0.0030282689842568,0,0
2024-05-28,3839.89990234375,3870.0,3830.0,3858.0,1801993,-0.0018586050073752,-0.1858605007375224,-7.150146484375,40.0,1.0416938206015551,-18.10009765625,-0.4691575338582167,3852.37998046875,3859.8749755859376,3883.757470703125,3928.08298828125,3937.6080078125,3722.917254638672,3850.502470232491,3861.725245248953,3877.2299844458994,3905.91924658778,3755.3294138847614,-0.0112925610546517,-0.0224493948321812,0.0314223066761208,33.99701827863754,-20.22882281368902,-17.396349650246453,-2.832473163442568,0.0099029047722778,0.0095817327505253,0.0114554825514036,1.145548255140364,1671978.6,1813376.45,0.9937225113957998,-0.0214738984479277,0.0051567853577485,-0.0273317151704287,0.0048542541807088,-0.0523679549365617,3988.0,3778.050048828125,0.2945933217435796,4254.75,3778.050048828125,0.1297458775978035,0.0,1,1,0.0,0.0,0.0,0.3333333333333333,0.0,0.0,0.0,0.0,0.0,0.2,0.1,0.0,0,0,1,-0.0,0.0,0.0,-0.0094403502492016,-0.0325268641163055,0.0031772170167907,0,0
2024-05-29,3803.64990234375,3848.89990234375,3800.0,3848.89990234375,1568095,-0.0094403502492016,-0.9440350249201646,-36.25,48.89990234375,1.285604711243762,-45.25,-1.1756606081765195,3846.7099609375,3850.119970703125,3880.429968261719,3920.310986328125,3937.6455078125,3724.67525390625,3834.884947602911,3851.1660919934616,3870.222357579028,3901.9086840684063,3755.810214764951,-0.0197864841128323,-0.0297581197999915,0.0212030963920077,31.512706812230675,-23.651235266278945,-18.64732677345296,-5.0039084928259925,0.0108076787032373,0.0093594819987763,0.0112574503379151,1.1257450337915125,1723364.0,1836246.55,0.8539675676994465,-0.1297996163137148,-0.0073982509541362,-0.0250051394568541,-0.0171955066063121,-0.049337085034013,3988.0,3778.050048828125,0.1219331244076725,4254.75,3778.050048828125,0.0537022364963384,0.0,0,0,0.0,0.0,0.0,0.3333333333333333,0.0,0.0,0.0,0.0,0.0,0.2,0.1,0.0,0,0,1,-0.0,-0.0,0.0,-0.0177592066624945,-0.0150381745535069,0.0073613504709639,0,0
2024-05-30,3736.10009765625,3794.39990234375,3715.449951171875,3777.0,2919230,-0.0177592066624945,-1.775920666249453,-67.5498046875,78.949951171875,2.11316477364732,-40.89990234375,-1.0828674170969024,3815.239990234375,3835.689990234375,3876.202478027344,3912.05298828125,3937.072509765625,3726.152504882813,3801.956664287357,3830.245002113968,3857.448809014954,3895.406386562048,3755.6140941967046,-0.0361442368310939,-0.0449771235594393,0.0026696687160286,28.431208065518945,-31.4516712054442,-21.208195659851203,-10.243475545592997,0.0070688489868239,0.0105305706331183,0.0115852027659548,1.1585202765954807,1888061.6,1872054.15,1.5593726281902691,0.8616410357790822,-0.0404139915727604,-0.0371868385524758,-0.0221296917667419,-0.0897329240450445,3988.0,3715.449951171875,0.0757664383960443,4254.75,3715.449951171875,0.0382906445665021,0.0,0,0,0.0,0.0,0.0,0.3333333333333333,0.0,0.0,0.0,0.0,0.0,0.2,0.1,0.0,0,0,1,-0.0,-0.0,0.0,-0.0174380088277734,0.0252401708258984,0.0380208776463488,0,1
2024-05-31,3670.949951171875,3749.800048828125,3653.75,3740.0,10956800,-0.0174380088277734,-1.7438008827773466,-65.150146484375,96.050048828125,2.616490284686748,-69.050048828125,-1.8462579900568183,3779.52998046875,3812.689990234375,3866.584973144531,3901.3199853515625,3935.671008300781,3727.507504882813,3758.28775991553,3801.282265579042,3839.687013029899,3886.604173409492,3754.771664912876,-0.0505963332841369,-0.0590492538537384,-0.0151730220896538,28.4942795254062,-42.40186294336763,-25.446929116554493,-16.95493382681314,0.0081877464490045,0.0108150430996408,0.0117615912145679,1.1761591214567924,3817531.2,2295341.95,4.77349355288871,2.753318512073389,-0.0463826597813027,-0.0589599976618275,-0.0497890651062934,-0.1087656375768912,3988.0,3653.75,0.0514583430721765,4254.75,3653.75,0.0286188871412229,0.0,0,0,0.0,0.0,0.0,0.0,0.0,0.0,0.0,0.0,0.0,0.2,0.1,0.0,0,0,1,-0.0,-0.0,0.0,0.0086898886960284,0.060747218830595,0.043885125049123,1,1
2024-06-03,3702.85009765625,3751.550048828125,3696.0,3732.800048828125,2156773,0.0086898886960284,0.8689888696028492,31.900146484375,55.550048828125,1.5001970742290074,-29.949951171875,-0.8023454452449841,3750.689990234375,3799.564990234375,3859.557482910156,3890.991987304688,3934.867509765625,3728.804005126953,3739.808539162437,3783.3855077748976,3826.654925851456,3879.3981312230894,3754.25503240286,-0.0406024229326276,-0.048353193803096,-0.0069603839287389,25.324893472913374,-47.9531198510399,-29.948167263451573,-18.004952587588328,0.0111993233233968,0.0109445525296907,0.0120012004085267,1.2001200408526795,3880578.2,2255068.9,0.9564111322718344,-0.8031566698306075,-0.0374832532308231,-0.0342322831060754,-0.0365691336469543,-0.0957852044262597,3988.0,3653.75,0.1468963280665669,4254.75,3653.75,0.0816973338706322,0.0,0,0,0.0,0.0,0.0,0.0,0.0,0.0,0.0,0.0,0.0,0.2,0.1,0.0,0,0,1,0.0,-0.0,0.0,0.0032812298697806,0.0420891608910314,0.0303144866898743,1,1
2024-06-04,3715.0,3745.0,3591.5,3700.0,3395997,0.0032812298697806,0.3281229869780633,12.14990234375,153.5,4.131897711978465,15.0,0.4054054054054054,3725.710009765625,3789.044995117188,3849.25498046875,3882.241987304688,3935.100009765625,3729.9587548828126,3731.539026108291,3770.951779088553,3816.021123389413,3872.95114568493,3753.864435065518,-0.0348781728282393,-0.0430787127261992,-0.0040104343950802,29.84413378204312,-50.78669792676919,-34.1158733961151,-16.670824530654095,0.0120566897074206,0.0111464325803457,0.0109162947393078,1.0916294739307897,4199379.0,2322177.2,1.4624194053752655,0.574573216560111,-0.0325268641163055,-0.0275378128151654,-0.0525497114962117,-0.0926520909566095,3988.0,3591.5,0.3114754098360656,4064.199951171875,3591.5,0.2612650999726781,0.0,0,0,0.0,0.0,0.0,0.0,0.0,0.0,0.0,0.0,0.0,0.0,0.1,0.0,0,0,1,0.0,-0.0,0.0,0.0084656665334792,0.0369044677405787,0.0233378065065612,1,1
2024-06-05,3746.449951171875,3783.800048828125,3700.0,3716.0,2799670,0.0084656665334792,0.8465666533479244,31.449951171875,83.800048828125,2.2367854881369142,30.449951171875,0.8194281800827503,3714.27001953125,3780.489990234375,3837.62998046875,3877.6249853515615,3935.8965087890624,3731.338004150391,3736.5093344628194,3766.49690128552,3809.395297463933,3867.990314527556,3753.7906591063775,-0.0237594634607627,-0.0338287056317269,0.0040500075320636,35.82690325563854,-49.91914392764056,-37.276527502420194,-12.642616425220368,0.0135448113401135,0.011579705237803,0.0104693226865825,1.0469322686582505,4445694.0,2359055.1,1.186776010445877,-0.1755970338018555,-0.0150381745535069,-0.0223251693184042,-0.0584325017537665,-0.0819099674074326,3984.300048828125,3591.5,0.3944753867372238,4064.199951171875,3591.5,0.3277976881269758,0.0,0,0,0.0,0.0,0.0,0.0,0.0,0.0,0.0,0.0,0.0,0.0,0.1,0.0,0,0,1,0.0,-0.0,0.0,0.0224078667180955,0.0227415159103419,0.0108903226680936,1,1
2024-06-06,3830.39990234375,3839.89990234375,3741.5,3781.0,4328036,0.0224078667180955,2.240786671809558,83.949951171875,98.39990234375,2.568919821753884,49.39990234375,1.30653008050119,3733.12998046875,3774.1849853515614,3830.302478027344,3874.8149853515615,3936.821508789063,3733.177503662109,3767.80619042313,3778.115628750653,3811.395736023915,3866.5161807164254,3754.5529401336153,2.5435149564638743e-05,-0.0114625041907085,0.0260428009614515,43.41822415751093,-41.97369504364224,-38.21596101066461,-3.757734032977631,0.0144485750681244,0.012804839518184,0.0119064045373439,1.19064045373439,4727455.2,2513072.65,1.722208866504516,0.5459093393149907,0.0252401708258984,-0.0161938767979148,-0.0368498599749643,-0.0452880513670742,3973.60009765625,3591.5,0.6252285822723666,4064.199951171875,3591.5,0.5053943876056914,0.0,0,0,0.0,0.0,0.0,0.0,0.0,0.0,0.0,0.0,0.0,0.0,0.1,0.0,0,0,1,0.0,0.0,0.0,0.0165909697285757,0.0124660613036207,-0.0051299871670649,1,1
2024-06-07,3893.949951171875,3915.0,3837.300048828125,3837.300048828125,4552445,0.0165909697285757,1.6590969728575766,63.550048828125,77.699951171875,1.995401896434015,56.64990234375,1.476295875300404,3777.72998046875,3778.62998046875,3826.989978027344,3873.2349853515625,3938.9780078125,3735.436752929688,3809.854110672712,3799.17641464542,3819.258042228482,3867.592014851934,3755.939975069319,0.017496772536375,0.0053482336854478,0.0424349838390026,55.61812044084181,-30.200775982497817,-36.61292400503125,6.412148022533437,0.0075631060177567,0.0134686373778692,0.0125752527980593,1.2575252798059395,3446584.2,2654370.6,1.7150751292980717,0.0518500770326308,0.060747218830595,0.0115469414656124,-0.0167289532894407,-0.0419137602070909,3973.60009765625,3591.5,0.7915463854290062,4064.199951171875,3591.5,0.6398349532765307,0.0,1,1,0.0,0.0,0.0,0.3333333333333333,0.0,0.0,0.0,0.0,0.0,0.2,0.2,0.0,0,0,1,0.0,0.0,0.0,-0.009052504639766,-0.0158964298771023,-0.019812761671611,0,0
2024-06-10,3858.699951171875,3905.89990234375,3841.89990234375,3895.0,1734661,-0.009052504639766,-0.9052504639766036,-35.25,64.0,1.658589701450184,-36.300048828125,-0.9319653100930682,3808.899951171875,3779.794970703125,3825.22998046875,3872.190986328125,3940.666008300781,3737.486252441406,3826.136057505766,3809.998875832048,3823.0144145088057,3867.243306472324,3756.962462393723,0.0087497930514032,-0.0034840830950445,0.0324318781510673,53.474729241877256,-23.44477642197171,-33.97929448841934,10.534518066447632,0.0121869759501779,0.0138556290848095,0.0121722838180161,1.2172283818016167,3362161.8,2657479.2,0.652746783493169,-0.6189605805232133,0.0420891608910314,0.0030282689842568,-0.0090397678560478,-0.0608236724296751,3955.0,3591.5,0.7350755190422971,4064.199951171875,3591.5,0.565263335672993,0.0,0,0,0.0,0.0,0.0,0.3333333333333333,0.0,0.0,0.0,0.0,0.0,0.2,0.2,0.0,0,0,1,-0.0,0.0,0.0,-0.0017103826675148,-0.0112991043790238,-0.0052478814772447,0,0
2024-06-11,3852.10009765625,3879.949951171875,3841.0,3845.0,1419898,-0.0017103826675148,-0.1710382667514887,-6.599853515625,38.949951171875,1.0111354893288855,7.10009765625,0.184657936443433,3836.319970703125,3781.014990234375,3820.444982910156,3871.68298828125,3942.056508789063,3739.497502441406,3834.790737555928,3817.653643436448,3825.7844795704673,3866.6494551462033,3757.909105530664,0.0082857140693545,-0.0050579788387306,0.0301116915150575,51.83127777056112,-18.41092147497693,-30.86561988573086,12.454698410753933,0.012889063268611,0.0138530369268946,0.0117033891073191,1.1703389107319135,2966942.0,2681907.8,0.5294357993962358,-0.1814550508716111,0.0369044677405787,0.0031772170167907,-0.0242413369441755,-0.0655572655397827,3945.800048828125,3591.5,0.7355350317286298,4064.199951171875,3591.5,0.5513013001380555,0.0,0,0,0.0,0.0,0.0,0.3333333333333333,0.0,0.0,0.0,0.0,0.0,0.2,0.1,0.0,0,0,1,-0.0,0.0,0.0,-0.0053088431749067,-0.0130838101831881,0.0009734949520865,0,0
2024-06-12,3831.64990234375,3893.5,3827.449951171875,3874.39990234375,2177001,-0.0053088431749067,-0.5308843174906763,-20.4501953125,66.050048828125,1.7238017697734702,-42.75,-1.1033966827776127,3853.3599609375,3783.814990234375,3816.96748046875,3871.49798828125,3943.017507324219,3741.363752441406,3833.743792485202,3820.19841778323,3826.3430912631607,3865.276923663754,3758.642844802436,0.0038466195874418,-0.0102926789728723,0.0241318823499661,43.914922913975296,-15.888561567360284,-27.870208222056743,11.981646654696462,0.0140115969359954,0.0135858672131443,0.0114805116190312,1.1480511619031295,2842408.2,2737842.0,0.7951521672908809,0.5332094277194559,0.0227415159103419,0.0073613504709639,-0.0178278605810073,-0.0860158858980857,3926.949951171875,3591.5,0.715903822626297,4064.199951171875,3591.5,0.5080387712086537,0.0,0,0,0.0,0.0,0.0,0.0,0.0,0.0,0.0,0.0,0.0,0.2,0.1,0.0,0,0,1,-0.0,0.0,0.0,0.0121357642752164,-0.0115876720147608,0.0267508782410685,1,0
2024-06-13,3878.14990234375,3890.0,3852.0,3856.800048828125,1932323,0.0121357642752164,1.2135764275216454,46.5,38.0,0.979848663844448,21.349853515625,0.5535639194495466,3862.9099609375,3798.019970703125,3816.85498046875,3871.534985351562,3942.971005859375,3743.575751953125,3848.545829104718,3830.735051339688,3831.277073270836,3865.781746357088,3759.831969753096,0.0160590125086367,0.0017086031812228,0.0359480238433572,52.80688712271467,-10.021885724442654,-24.300543722533927,14.278657998091273,0.011220119130716,0.0122695196416837,0.0117810242231643,1.1781024223164347,2363265.6,2778707.1,0.6954036285436489,-0.1123922313310834,0.0124660613036207,0.0380208776463488,-0.0005798371447852,-0.0652808140892383,3920.0,3591.5,0.8726024424467276,4064.199951171875,3591.5,0.6064098412388524,0.0,0,0,0.0,0.0,0.0,0.0,0.0,0.0,0.0,0.0,0.0,0.2,0.1,0.0,0,0,1,0.0,0.0,0.0,-0.0118870736501868,-0.0173793958565183,0.0067042276999882,0,0
2024-06-14,3832.050048828125,3889.0,3828.0,3889.0,1860730,-0.0118870736501868,-1.188707365018682,-46.099853515625,61.0,1.5918372469757889,-56.949951171875,-1.4643854762631785,3850.52998046875,3814.12998046875,3813.409985351562,3869.840986328125,3942.253505859375,3745.900501708984,3843.047235679187,3830.974141792131,3831.350689990578,3864.458934689285,3760.550557604589,0.0048880302795042,-0.0097655013819721,0.0229983543556046,48.64620938628158,-8.988758940218759,-21.238186766070893,12.249427825852134,0.009375001885632,0.0112879067225094,0.012001795642651,1.2001795642651063,1824922.6,2741773.65,0.6786592321361029,-0.0370502240049929,-0.0158964298771023,0.043885125049123,-0.0176623394829897,-0.0892551668675254,3920.0,3591.5,0.7322680329623288,4064.199951171875,3591.5,0.5088852838503052,0.5893399119377136,1,1,0.0,0.1964466373125712,0.1178679823875427,0.3333333333333333,0.5893399119377136,0.0,0.0,0.1178679823875427,0.0589339911937713,0.2,0.2,0.5893399119377136,1,0,0,-0.0070055269381982,-0.0093684005838955,0.3999609721028072,-0.0044232071491494,-0.0039795931174394,0.0381388292119106,0,0
2024-06-18,3815.10009765625,3842.0,3795.050048828125,3826.050048828125,1774045,-0.0044232071491494,-0.4423207149149455,-16.949951171875,46.949951171875,1.230634844960372,-10.949951171875,-0.2861946663564645,3841.810009765625,3825.35498046875,3812.4599853515615,3868.4669873046873,3941.791506347656,3747.967752685546,3833.7315230048753,3828.087951949243,3829.8030145301655,3862.523294021323,3761.09333909764,0.0006924957415504,-0.0137953586843506,0.0179116655746572,47.80065508347897,-9.429025981216457,-18.876354609100005,9.44732862788355,0.0088627493911914,0.0114890576153683,0.0114145329539646,1.1414532953964602,1832799.4,2692185.7,0.6589608584578693,-0.0465865547392689,-0.0112991043790238,0.0303144866898743,-0.0049555305067842,-0.0957871428201102,3915.0,3591.5,0.6911904100656878,4064.199951171875,3591.5,0.4730275454903704,0.0,0,0,0.5893399119377136,0.1964466373125712,0.1178679823875427,0.3333333333333333,-0.5893399119377136,0.0,0.0,0.1178679823875427,0.0589339911937713,0.2,0.2,0.0,0,0,1,-0.0,-0.0,0.0,-0.0035123970908672,0.0061203776881162,0.0530260804459048,0,1
2024-06-19,3801.699951171875,3833.85009765625,3792.949951171875,3827.64990234375,1509050,-0.0035123970908672,-0.3512397090867258,-13.400146484375,40.900146484375,1.075838362040316,-25.949951171875,-0.6779604152403098,3831.72998046875,3834.0249755859377,3811.534985351562,3865.554985351562,3940.962504882813,3750.065502929688,3823.054332393876,3823.2901336260848,3827.126532305567,3860.1380648899726,3761.4973849889257,-0.002580334226889,-0.0165189822474819,0.0137689456895749,49.81976602755479,-10.735468812874387,-17.248177449854882,6.512708636980495,0.008872525940567,0.011673243655678,0.0114127690039425,1.1412769003942569,1850629.8,2672232.35,0.5647151154352278,-0.1493733248029221,-0.0130838101831881,0.0233378065065612,-0.0048426784556984,-0.0844792411386212,3915.0,3591.5,0.6497680098048686,4064.199951171875,3591.5,0.4446794433779108,0.0,0,0,0.0,0.1964466373125712,0.1178679823875427,0.3333333333333333,0.0,0.5893399119377136,0.0,0.1178679823875427,0.0589339911937713,0.2,0.2,0.0,0,0,1,-0.0,-0.0,0.0,-0.0038009183674321,0.0142436665649225,0.0430202411891318,0,1
2024-06-20,3787.25,3809.949951171875,3780.050048828125,3796.0,2846526,-0.0038009183674321,-0.3800918367432127,-14.449951171875,29.89990234375,0.7894884769621756,-8.75,-0.2305057955742887,3822.85,3838.10498046875,3809.2974853515625,3861.233984375,3939.80900390625,3752.010502929688,3811.1195549292506,3816.7373820577054,3823.328767324084,3857.279709404092,3761.7536299144094,-0.0057878087590546,-0.0191607099373894,0.0093921637593488,55.24237902067525,-12.789396266626229,-16.356421213209153,3.567024946582926,0.0087825667236495,0.0116058993772685,0.0114128592162069,1.1412859216206943,1984534.8,2749000.25,1.0354768065226625,0.8863033034028032,-0.0115876720147608,0.0108903226680936,-0.0116779749478079,-0.047783684030608,3915.0,3591.5,0.6051004636785162,4064.199951171875,3591.5,0.4141104722239008,0.0,0,0,0.0,0.0,0.1178679823875427,0.0,0.0,0.0,0.5893399119377136,0.1178679823875427,0.0589339911937713,0.2,0.2,0.0,0,0,1,-0.0,-0.0,0.0,0.0062050300349858,0.0387880130289128,0.061707030476434,1,1
2024-06-21,3810.75,3877.800048828125,3798.050048828125,3827.0,4642195,0.0062050300349858,0.6205030034985848,23.5,79.75,2.092763891622384,-16.25,-0.424614580611445,3809.37001953125,3836.139990234375,3805.162487792969,3857.863984375,3938.4860034179687,3754.125502929688,3810.996369952834,3815.6487671381215,3822.130789483696,3855.4550149176566,3762.241155984913,0.0014684030511064,-0.0122124534628021,0.0150832722630405,65.66562798370572,-12.3782067074103,-15.560778312049385,3.182571604639083,0.0064318019071947,0.0091862128337325,0.0108603561335764,1.0860356133576454,2526509.2,2876322.9,1.6139338876035094,0.6308282446743856,-0.0173793958565183,-0.0051299871670649,-0.0212407895848214,-0.0403308837498583,3915.0,3591.5,0.6777434312210201,4064.199951171875,3591.5,0.4638248839595926,0.8208009600639343,1,1,0.0,0.2736003200213114,0.2820281744003295,0.3333333333333333,0.8208009600639343,0.0,0.0,0.2820281744003295,0.1410140872001647,0.4,0.3,0.8208009600639343,1,0,0,0.0050930946099419,-0.0142650248043614,1.3247184844246784,0.0015876268000065,0.0245095853424521,0.0527586561249426,1,1
2024-06-24,3816.800048828125,3857.0,3791.300048828125,3808.75,1702154,0.0015876268000065,0.1587626800006569,6.050048828125,65.699951171875,1.7213359445446168,8.050048828125,0.2113567135707253,3806.32001953125,3828.425,3803.527490234375,3854.748984375,3938.07150390625,3756.303002929688,3812.9309295779312,3815.858091081759,3821.62309989745,3853.939133894538,3762.784030540567,0.0034895392836853,-0.009844722886159,0.0161054754771522,63.5541799549645,-11.43236248290441,-14.735095146220388,3.302732663315979,0.0045896845313442,0.007070556598434,0.0105979061197605,1.059790611976052,2494794.0,2895958.0,0.5877688833885022,-0.6333299225904987,-0.0039795931174394,-0.019812761671611,-0.0084945970052928,-0.0393032643911589,3915.0,3591.5,0.6964452823125966,4064.199951171875,3591.5,0.4766238038941647,0.0,0,0,0.8208009600639343,0.2736003200213114,0.1641601920127868,0.3333333333333333,-0.8208009600639343,0.0,0.0,0.1641601920127868,0.1410140872001647,0.2,0.2,0.0,0,0,1,0.0,-0.0,0.0,0.0056722652658729,0.0422867062143601,0.046216699876094,1,1
2024-06-25,3838.449951171875,3847.64990234375,3792.89990234375,3817.0,1338808,0.0056722652658729,0.5672265265872944,21.64990234375,54.75,1.4263570112014845,21.449951171875,0.5619583749508776,3810.989990234375,3826.4,3803.097485351562,3852.586982421875,3938.038002929688,3758.617502441406,3821.437270109246,3819.9657020072345,3823.2256571616817,3853.3317149642376,3763.5369252732166,0.00929570329356,-0.0036694904786063,0.0212398438198656,64.35965956045018,-8.833975368102074,-13.554871190596726,4.7208958224946524,0.0048065843054201,0.0069657290521323,0.0106832012062121,1.0683201206212114,2407746.6,2870821.5,0.4663501370600715,-0.2134624716682509,0.0061203776881162,-0.0052478814772447,-0.0022355044896984,-0.0185251356416605,3915.0,3591.5,0.7633692462809119,4064.199951171875,3591.5,0.5224243213050033,0.0,1,1,0.0,0.2736003200213114,0.1641601920127868,0.6666666666666666,0.0,0.8208009600639343,0.0,0.1641601920127868,0.1410140872001647,0.4,0.3,0.0,0,0,1,0.0,0.0,0.0,0.0045331179787984,0.0466203684946424,0.0383097476061218,1,1
2024-06-26,3855.85009765625,3866.949951171875,3841.0,3844.5,1639845,0.0045331179787984,0.4533117978798406,17.400146484375,25.949951171875,0.6730020751493552,11.35009765625,0.2952294877422292,3821.82001953125,3826.775,3803.894995117188,3850.010986328125,3938.493503417969,3761.016003417969,3832.908212624914,3826.490137579783,3826.332746732593,3853.430475069807,3764.455464301904,0.0136583955671105,0.0015166479651254,0.0252150201307564,63.155379225267545,-5.309484030194653,-11.905793758516312,6.596309728321659,0.0041195277611883,0.0071236239707367,0.0107220269521864,1.0722026952186483,2433905.6,2862714.1,0.5728287711301663,0.2248544974335378,0.0142436665649225,0.0009734949520865,0.0041538049736047,-0.0055834693343004,3915.0,3591.5,0.8171564069744977,4064.199951171875,3591.5,0.5592344509469424,0.0,0,0,0.0,0.0,0.1641601920127868,0.3333333333333333,0.0,0.0,0.8208009600639343,0.1641601920127868,0.1410140872001647,0.4,0.3,0.0,0,0,1,0.0,0.0,0.0,0.0203067553728537,0.0283724469502193,0.0138231008305789,1,1
2024-06-27,3934.14990234375,3942.0,3818.10009765625,3831.0,4526556,0.0203067553728537,2.030675537285376,78.2998046875,123.89990234375,3.1493437062461007,103.14990234375,2.692505934318716,3851.2,3837.025,3810.419995117188,3848.665986328125,3939.825002441408,3763.732003173828,3866.655442531193,3846.064640264141,3836.6010472669886,3856.59594280604,3766.143966172967,0.0324714617772094,0.0222113107033177,0.0452789675317515,62.6478147876098,3.758514788310549,-8.77293204915094,12.53144683746149,0.0072914256371506,0.009244361879289,0.0113501629766348,1.135016297663484,2769911.6,3010637.15,1.5035209407417298,1.7603560092569723,0.0387880130289128,0.0267508782410685,0.0343091513021711,0.0242781645892666,3942.0,3591.5,0.9776031450606276,4064.199951171875,3591.5,0.7248782266515648,0.0,0,0,0.0,0.0,0.1641601920127868,0.3333333333333333,0.0,0.0,0.0,0.1641601920127868,0.1410140872001647,0.4,0.3,0.0,0,0,1,0.0,0.0,0.0,-0.007625535565416,0.0220632286472903,-0.0026562158105997,0,1
2024-06-28,3904.14990234375,3960.0,3897.85009765625,3917.800048828125,2731571,-0.007625535565416,-0.7625535565416008,-30.0,62.14990234375,1.5918933416578087,-13.650146484375,-0.3484135564411453,3869.87998046875,3839.625,3818.8224853515626,3847.9249853515626,3940.8610009765625,3766.468752441406,3879.153595802045,3856.625597005888,3843.0342715600136,3858.4608039643817,3767.517159567701,0.0223439076625034,0.0146117497628531,0.0365544383749631,51.35421603017855,8.427077796673984,-5.332930079985956,13.76000787665994,0.0100742224485781,0.0091100236075039,0.0106372516484723,1.0637251648472386,2387786.8,3001254.2,0.910143166147006,-0.3965454089157407,0.0245095853424521,0.0067042276999882,0.0449800059674316,0.0071846485475355,3960.0,3591.5,0.8484393550712347,3988.0,3591.5,0.7885243438682219,0.0,0,0,0.0,0.0,0.0,0.0,0.0,0.0,0.0,0.0,0.1410140872001647,0.2,0.3,0.0,0,0,1,-0.0,0.0,0.0,0.018967009638557,0.0275732615747541,0.0716674051887145,1,1
2024-07-01,3978.199951171875,4001.699951171875,3884.0,3884.0,2658723,0.018967009638557,1.896700963855702,74.050048828125,117.699951171875,2.958623312465821,94.199951171875,2.425333449327369,3902.1599609375,3854.239990234375,3834.1849853515614,3850.032983398437,3942.4835009765625,3769.463752441406,3912.169047591989,3878.7300250360654,3855.90719342781,3863.156456796048,3769.6135057528177,0.0375607766371521,0.033289836301689,0.0553755686323484,64.38372991011344,17.895875184995475,-0.6871690269896695,18.583044211985143,0.0115394901735901,0.0095837887057758,0.0101955065267893,1.019550652678938,2579100.6,2586350.35,1.027982539179195,-0.0266689022544169,0.0422867062143601,0.0381388292119106,0.0836976815502257,0.0156890154265334,4001.699951171875,3591.5,0.9427108659255948,4001.699951171875,3591.5,0.9427108659255948,0.0,0,0,0.0,0.0,0.0,0.0,0.0,0.0,0.0,0.0,0.0820800960063934,0.2,0.2,0.0,0,0,1,0.0,0.0,0.0,0.0098536905266231,0.0037705495410258,0.04801172552535,1,1
2024-07-02,4017.39990234375,4023.39990234375,3982.550048828125,3993.60009765625,2307449,0.0098536905266231,0.9853690526623105,39.199951171875,40.849853515625,1.0168231818742566,23.7998046875,0.5959486204306622,3937.949951171875,3874.469970703125,3849.9124755859375,3853.1409814453127,3944.116000976562,3772.458251953125,3947.2459991759097,3903.9427300011,3871.287451419804,3869.2052193665454,3772.0790420373046,0.0435042167373744,0.0426298756493523,0.0649289227425673,68.44863891601562,28.23756867177917,5.0977785127641,23.13979015901507,0.0114461783232216,0.0092828504534209,0.010226499271376,1.0226499271376013,2772828.8,2593884.15,0.8895728824280761,-0.1321213229057709,0.0466203684946424,0.0530260804459048,0.0849480255456727,0.0343992615057349,4023.39990234375,3591.5,0.9861078922050216,4023.39990234375,3591.5,0.9861078922050216,0.9003053903579712,1,1,0.0,0.3001017967859904,0.1800610780715942,0.3333333333333333,0.9003053903579712,0.0,0.0,0.1800610780715942,0.1721106350421905,0.2,0.3,0.9003053903579712,1,0,0,0.008871330696038,0.0419725690562015,0.8008872611662746,-0.0129810085158128,-0.0079404348880328,0.0400881905918286,0,0
2024-07-03,3965.25,4026.10009765625,3955.0,4020.0,1821198,-0.0129810085158128,-1.2981008515812853,-52.14990234375,71.10009765625,1.7930798223630289,-54.75,-1.361940298507463,3959.829931640625,3890.8249755859374,3862.424975585937,3855.921982421875,3944.1055004882815,3775.137751464844,3953.24733278394,3915.089506364536,3880.236265570299,3872.971681352172,3774.001141121512,0.0266218826421253,0.0283532753195014,0.0503590229154917,63.92538870651704,31.85813325455229,10.449849461121737,21.40828379343055,0.0152739474439169,0.010654018611896,0.0109208340456532,1.09208340456532,2809099.4,2515144.2,0.7240928770604882,-0.210730984736824,0.0283724469502193,0.0430202411891318,0.0673620457604307,0.0045473997288865,4026.10009765625,3700.0,0.8134005537146648,4026.10009765625,3591.5,0.8599860009594849,0.0,1,1,0.9003053903579712,0.3001017967859904,0.1800610780715942,0.6666666666666666,-0.9003053903579712,0.0,0.0,0.1800610780715942,0.1721106350421905,0.4,0.4,0.0,0,0,1,-0.0,0.0,0.0,0.0140470212904293,-0.014147934595864,0.0883424259977303,1,0
2024-07-04,4020.949951171875,4047.35009765625,3982.10009765625,3999.85009765625,2518001,0.0140470212904293,1.404702129042934,55.699951171875,65.25,1.6227508621683635,21.099853515625,0.5275161068658213,3977.18994140625,3914.194970703125,3876.1499755859377,3859.0489794921873,3944.581999511719,3778.093001708985,3975.814872246585,3934.336859965871,3893.637568960925,3878.7747507568665,3776.458343211564,0.0373566493809488,0.041953593369782,0.0642802994402299,64.60422874429536,38.77500322622427,16.114880214142243,22.66012301208203,0.0139794925684522,0.0106463565456699,0.0111285500531997,1.1128550053199715,2407388.4,2501060.75,1.0067732261201572,0.3826069433416905,0.0220632286472903,0.061707030476434,0.0732693626173057,0.0044088382405702,4047.35009765625,3741.5,0.9136827266472004,4047.35009765625,3591.5,0.9420859036334288,0.0,0,0,0.0,0.3001017967859904,0.1800610780715942,0.6666666666666666,0.0,0.9003053903579712,0.0,0.1800610780715942,0.1721106350421905,0.4,0.4,0.0,0,0,1,0.0,0.0,0.0,-0.0022755573819274,-0.0241858270261874,0.0699958851986826,0,0
2024-07-05,4011.800048828125,4026.75,3988.0,4010.0,1668616,-0.0022755573819274,-0.2275557381927417,-9.14990234375,38.75,0.9659005814938146,1.800048828125,0.0448889982076059,3998.719970703125,3934.299975585937,3885.219982910157,3861.790981445312,3943.34,3780.875751953125,3987.809931107099,3948.421076122644,3904.8911384720873,3883.9914291126015,3778.800051725162,0.0325798967561049,0.0388444294638314,0.0610769335003164,69.88606223253633,43.022416228162,21.496387416946195,21.52602881121581,0.0129939509002769,0.0109661849035889,0.0102684586122633,1.0268458612263325,2194797.4,2368089.75,0.7046253208941933,-0.337325124175884,0.0275732615747541,0.0527586561249426,0.0473580177290051,0.0081799456752214,4047.35009765625,3780.050048828125,0.8670032086264832,4047.35009765625,3591.5,0.922013729928094,0.0,0,0,0.0,0.0,0.1800610780715942,0.3333333333333333,0.0,0.0,0.9003053903579712,0.1800610780715942,0.0900305390357971,0.4,0.3,0.0,0,0,1,-0.0,0.0,0.0,-0.0046363471334228,0.0429109487983234,0.0686848909403186,0,1
2024-07-08,3993.199951171875,4031.25,3978.050048828125,4022.0,1758882,-0.0046363471334228,-0.4636347133422869,-18.60009765625,53.199951171875,1.332263643754241,-28.800048828125,-0.7160628748912233,4001.719970703125,3951.939965820312,3890.182482910156,3865.0339794921874,3942.4380004882814,3783.6322521972656,3989.6066044620247,3956.562689767959,3913.301501586353,3888.274116252182,3780.9333840579657,0.0264813973931253,0.0331603738439905,0.0553879671717322,69.63182440814987,44.37610903797713,26.072331741152382,18.303777296824748,0.0110270348704246,0.0113639385240784,0.009807463926777,0.9807463926777042,2014829.2,2228411.6,0.789298529948417,0.0540963289336791,0.0037705495410258,0.046216699876094,0.0254882577445894,0.0051981478118423,4047.35009765625,3780.050048828125,0.7974181197430541,4047.35009765625,3591.5,0.8812106287510135,0.0,0,0,0.0,0.0,0.1800610780715942,0.0,0.0,0.0,0.0,0.1800610780715942,0.0900305390357971,0.4,0.3,0.0,0,0,1,-0.0,0.0,0.0,-0.0019282658684836,0.0440749890545737,0.0774191501213581,0,1
2024-07-09,3985.5,4006.949951171875,3975.10009765625,3985.0,1305801,-0.0019282658684836,-0.1928265868483603,-7.699951171875,31.849853515625,0.7991432321070129,0.5,0.0125470514429109,3995.339990234375,3966.644970703125,3896.5224853515615,3867.69998046875,3940.951999511719,3786.156502685547,3988.237736308017,3961.8240189010567,3920.177549054319,3892.086896006999,3782.968872773807,0.0228351087368124,0.0304573829733746,0.0526506226493958,70.5179938700434,44.31674280930065,29.72121395478204,14.595528854518612,0.0097996169480545,0.0115360927085898,0.0095371376758147,0.9537137675814766,1814499.6,2206968.6,0.5916717618909485,-0.2575960183798572,-0.0079404348880328,0.0383097476061218,0.0328608211140168,0.0098693670902363,4047.35009765625,3780.050048828125,0.7686117233146491,4047.35009765625,3591.5,0.8643192181503265,0.0104516744613646,2,1,0.0,0.0034838914871215,0.0020903348922729,0.6666666666666666,0.0104516744613646,0.0,0.0,0.0020903348922729,0.0910757064819335,0.6,0.4,0.0104516744613646,1,0,0,-2.0153607132351102e-05,-8.299084053138159e-05,0.0061839606432662,-0.0191569684246016,0.0484130461203111,0.0804792372349767,0,1
2024-07-10,3909.14990234375,4003.300048828125,3902.0,3983.699951171875,2669716,-0.0191569684246016,-1.9156968424601684,-76.35009765625,101.300048828125,2.591357490982632,-74.550048828125,-1.8713771052509816,3984.119970703125,3971.974951171875,3899.3749755859376,3869.4559765625,3938.706496582032,3787.798251953125,3961.8751249865945,3952.246906799728,3919.127296986645,3892.756033510401,3784.224405406344,0.0025067932217376,0.0102582704188077,0.0320375168682892,61.95566389226776,37.674590619847095,31.31188928779505,6.362701332052044,0.0117874846341503,0.0136191527240843,0.0106003553470646,1.0600355347064665,1984203.2,2269459.5,1.176366443199361,1.0445044842207962,-0.014147934595864,0.0138231008305789,0.0148100525015462,-0.0189477123085748,4047.35009765625,3780.050048828125,0.482977291181255,4047.35009765625,3591.5,0.6968297341098416,0.0,0,0,0.0104516744613646,0.0034838914871215,0.0020903348922729,0.6666666666666666,-0.0104516744613646,0.0,0.0,0.0020903348922729,0.0910757064819335,0.4,0.4,0.0,0,0,1,-0.0,-0.0,0.0,0.0037220493436185,0.1039611968065208,0.105739126915656,1,1
2024-07-11,3923.699951171875,3980.0,3895.60009765625,3931.0,4872189,0.0037220493436185,0.3722049343618527,14.550048828125,84.39990234375,2.15102845258447,-7.300048828125,-0.1857046254928771,3964.669970703125,3970.929956054688,3903.977478027344,3870.5259765625,3936.736494140625,3789.577501220703,3949.150067048354,3947.056551231027,3919.562787861429,3893.969520477517,3785.6122217821207,0.0050518921421895,0.0137381779456754,0.0353924546754798,61.27582951048535,33.20197282101117,31.68990599443828,1.512066826572891,0.0085641576093644,0.0119798276988662,0.0105189839751688,1.051898397516885,2455040.8,2404218.9,2.026516387505314,0.8249840057893798,-0.0241858270261874,-0.0026562158105997,0.0240236063247374,-0.0194181918998807,4047.35009765625,3780.050048828125,0.53741068500933,4047.35009765625,3591.5,0.728748228595055,0.3186418215433756,3,1,0.0,0.10969783200158,0.065818699200948,1.6666666666666667,0.3186418215433756,0.0104516744613646,0.0,0.065818699200948,0.1229398886362711,1.0,0.7,0.3186418215433756,1,0,0,0.0011860005827249,-0.0077066159791573,0.6457328731021945,0.0663277639420152,0.0965160322870177,0.118293996039567,1,1
2024-07-12,4183.9501953125,4199.9501953125,3971.300048828125,3980.0,13509164,0.0663277639420152,6.632776394201523,260.250244140625,228.650146484375,5.464934710277952,203.9501953125,5.124376766645729,3999.1,3998.909985351562,3919.267492675781,3877.791982421875,3937.08099609375,3792.697001953125,4027.4167764697368,3990.128122882204,3944.742540952008,3905.341311647516,3789.575783707796,0.067533717239599,0.078951685463905,0.1031596231277878,74.31296753468266,50.08011826253096,35.367948448056815,14.712169814474144,0.0332130654115781,0.0238414856922795,0.0178785016620622,1.78785016620622,4823150.4,2983060.95,4.528624867688339,1.7727093509714011,0.0429109487983234,0.0716674051887145,0.0788521074917554,0.0615929785720326,4199.9501953125,3780.050048828125,0.9618957027427582,4199.9501953125,3591.5,0.9737036817092608,0.0,0,0,0.3186418215433756,0.1062139405144585,0.065818699200948,1.0,-0.3186418215433756,0.0,0.0104516744613646,0.065818699200948,0.1229398886362711,1.0,0.7,0.0,0,0,1,0.0,0.0,0.0,-0.0035253765727243,0.0247134639555686,0.0471205184432232,0,1
2024-07-15,4169.2001953125,4240.0,4157.0498046875,4235.7001953125,4848030,-0.0035253765727243,-0.3525376572724337,-14.75,82.9501953125,1.9895949205260584,-66.5,-1.5699883592704036,4034.300048828125,4018.010009765625,3936.125,3883.909985351562,3937.771997070312,3795.551502685547,4074.677916083992,4022.686681505894,3966.119460414912,3915.688718850065,3793.353141037196,0.0592143784337387,0.0734543825775904,0.0984438473203637,72.10453648207184,61.55638471087195,40.60563570061984,20.95074901025211,0.0331036917352669,0.0236677364520104,0.0175840121825626,1.7584012182562652,5440980.0,3132425.95,1.547691813752213,-0.6411302727541097,0.0440749890545737,0.04801172552535,0.0879816657372412,0.0765338108725914,4240.0,3780.050048828125,0.8460706333219211,4240.0,3591.5,0.8908252819005397,0.0,0,0,0.0,0.1062139405144585,0.065818699200948,1.0,0.0,0.3186418215433756,0.0,0.065818699200948,0.1229398886362711,1.0,0.7,0.0,0,0,1,-0.0,0.0,0.0,0.0022186509562194,0.0319365576384296,0.0470473695564641,1,1
2024-07-16,4178.4501953125,4194.5498046875,4144.89990234375,4172.0,2029521,0.0022186509562194,0.2218650956219425,9.25,49.64990234375,1.188237265564362,6.4501953125,0.154606790807766,4072.890087890625,4034.1150390625,3954.292504882813,3890.610991210937,3938.524497070313,3798.4130041503904,4109.268675826828,4051.007320379822,3986.341435167063,3925.993090476042,3797.184952522523,0.0566871798565469,0.0739830337064806,0.1000515717345261,71.79730389569256,70.58415603409276,46.60133976731443,23.98281626677833,0.0328093333054169,0.0236148717576492,0.0174716055785588,1.7471605578558818,5585724.0,3145199.75,0.6452757094362608,-0.58137202121274,0.0484130461203111,0.0400881905918286,0.0952399906569865,0.0819394602052046,4240.0,3780.050048828125,0.8661815170744525,4240.0,3591.5,0.9050889673284502,0.0,0,0,0.0,0.0,0.0637283643086751,0.0,0.0,0.0,0.3186418215433756,0.0637283643086751,0.032909349600474,0.6,0.6,0.0,0,0,1,0.0,0.0,0.0,0.0328111148791008,0.0305854560216773,0.0495159431542,1,1
2024-07-18,4315.5498046875,4325.0,4160.0,4160.0,5613364,0.0328111148791008,3.2811114879100822,137.099609375,165.0,3.823383055868778,155.5498046875,3.739177997295673,4154.170068359375,4069.14501953125,3979.984997558594,3898.500986328125,3940.396997070312,3801.960502929688,4178.029052113719,4099.105953890308,4017.694613216628,3941.269824366688,3802.342811748045,0.0843130834248743,0.1069767122855547,0.1350853859113092,73.87330968946333,87.78953937383449,54.83897968861845,32.95055968521604,0.0293449086788374,0.0243456558590711,0.0184343922411385,1.843439224113853,6174453.6,3350415.45,1.6754232672846583,1.765856574038899,0.1039611968065208,0.0883424259977303,0.1351631796605175,0.1278944801004842,4325.0,3780.050048828125,0.9826585995793228,4325.0,3591.5,0.9871162981424676,0.0,0,0,0.0,0.0,0.0637283643086751,0.0,0.0,0.0,0.0,0.0637283643086751,0.032909349600474,0.6,0.5,0.0,0,0,1,0.0,0.0,0.0,-0.0030470978065104,0.0016105005450175,0.0188968489901728,0,1
2024-07-19,4302.39990234375,4358.75,4285.25,4317.39990234375,3903354,-0.0030470978065104,-0.3047097806510468,-13.14990234375,73.5,1.7083488673370548,-15.0,-0.3474313322668367,4229.91005859375,4097.290014648437,4005.742492675781,3904.9699853515626,3942.382998046875,3805.546002197266,4219.486002190397,4136.068489972752,4044.809402657306,3955.431788208926,3807.318504191784,0.0740580329889866,0.1017754088976453,0.1305604766989042,75.46519273675514,99.2200949160242,63.715202734099606,35.5048921819246,0.0304373770259549,0.0245326237954247,0.0184129459488831,1.841294594888311,5980686.6,3403256.85,1.146946637307143,-0.3046319461912679,0.0965160322870177,0.0699958851986826,0.1360221538962966,0.1132846332413568,4358.75,3791.300048828125,0.9006959159307741,4358.75,3591.5,0.9265557541137178,0.0,0,0,0.0,0.0,0.0,0.0,0.0,0.0,0.0,0.0,0.032909349600474,0.0,0.5,0.0,0,0,1,-0.0,0.0,0.0,-0.0034980022845625,0.0198610536565768,-0.0044975125733218,0,1
2024-07-22,4287.35009765625,4319.9501953125,4265.0,4299.9501953125,1896386,-0.0034980022845625,-0.349800228456254,-15.0498046875,54.9501953125,1.2816820194492495,-12.60009765625,-0.2930289208927519,4250.5900390625,4124.84501953125,4029.5724975585936,3911.17798828125,3944.95,3808.964503173828,4242.107367345681,4163.574236824297,4067.90851646673,3968.448192500978,3812.094937957599,0.0639714511288323,0.096178724287694,0.1255946580977076,71.38117270661465,105.84439082254312,72.14104035178832,33.7033504707548,0.0157388655363903,0.0245872460246928,0.0185499391107836,1.8549939110783689,3658131.0,3265966.4,0.5806507991019136,-0.5141649975892527,0.0247134639555686,0.0686848909403186,0.1250672696073607,0.1064986067784607,4358.75,3791.300048828125,0.8741740972991578,4358.75,3591.5,0.9069404987373736,0.0,2,1,0.0,0.0,0.0,0.6666666666666666,0.0,0.0,0.0,0.0,0.032909349600474,0.4,0.7,0.0,0,0,1,-0.0,0.0,0.0,0.0034986645966235,0.0218666537288965,-0.0308582900755116,1,1
2024-07-23,4302.35009765625,4361.7001953125,4266.2998046875,4283.0,2365208,0.0034986645966235,0.3498664596623513,15.0,95.400390625,2.217401849211908,19.35009765625,0.4517884113063274,4277.22001953125,4155.760034179688,4053.85,3918.0209912109376,3948.0585009765614,3812.590504150391,4262.188277449204,4188.806211521016,4090.236286103827,3981.542384860009,3816.973098750621,0.0612997761772759,0.0980926613990723,0.1284584832734348,70.3900103351481,111.02474356044196,79.91778099351905,31.106962566922903,0.0150886254072508,0.0242949243489165,0.0185305540717615,1.853055407176156,3161566.6,3299119.1,0.7169210714460111,0.2472186569611882,0.0319365576384296,0.0774191501213581,0.127213907623273,0.1230211150523314,4361.7001953125,3792.89990234375,0.8956574066681947,4361.7001953125,3591.5,0.9229419857103912,0.0,0,0,0.0,0.0,0.0,0.6666666666666666,0.0,0.0,0.0,0.0,0.032909349600474,0.4,0.7,0.0,0,0,1,0.0,0.0,0.0,0.0009064586226663,0.0146431598010399,-0.0304833171096874,1,1
2024-07-24,4306.25,4339.10009765625,4268.10009765625,4287.5,1809793,0.0009064586226663,0.0906458622666361,3.89990234375,71.0,1.648766328011611,18.75,0.4373177842565597,4302.77998046875,4187.835034179688,4077.2400024414064,3926.2679931640623,3950.25,3816.1932543945313,4276.87551829947,4210.159627608104,4110.809020760606,3994.276016826283,3821.841525628724,0.0561678972592893,0.0967794372410431,0.1284150756886184,76.2106268995506,114.12928855846258,86.76008250650776,27.36920605195482,0.0151905288296382,0.0241858446290857,0.0185678179744415,1.856781797444157,3117621.0,3322668.35,0.544680602865465,-0.2348271272547699,0.0305854560216773,0.0804792372349767,0.1218721241071036,0.1178677261262097,4361.7001953125,3818.10009765625,0.8979945081842785,4361.7001953125,3591.5,0.9280054774719946,0.0,0,0,0.0,0.0,0.0,0.6666666666666666,0.0,0.0,0.0,0.0,0.0318641821543375,0.4,0.5,0.0,0,0,1,0.0,0.0,0.0,0.0037735849056603,0.0183686728955008,-0.0245688951378809,1,1
2024-07-25,4322.5,4343.0,4274.2001953125,4295.0,2810342,0.0037735849056603,0.3773584905660376,16.25,68.7998046875,1.5916669679005204,27.5,0.6402793946449359,4304.17001953125,4229.1700439453125,4100.572497558594,3933.7619921875,3952.9539990234375,3819.859254150391,4292.083678866314,4230.585149861176,4130.970066402453,4007.147545578194,3826.8232019906272,0.0541211020103992,0.0988209272916202,0.1315861953037864,74.67476194224285,116.55730200638754,92.71952640648372,23.83777559990382,0.0034745270979686,0.0223387966862474,0.0185715929180207,1.8571592918020785,2557016.6,3381193.2,0.8311687128673984,0.5528527295663095,0.0016105005450175,0.105739126915656,0.1210238703593273,0.131144723602038,4361.7001953125,3818.10009765625,0.9278878067139558,4361.7001953125,3591.5,0.9491038881175629,0.0,0,0,0.0,0.0,0.0,0.0,0.0,0.0,0.0,0.0,0.0318641821543375,0.4,0.5,0.0,0,0,1,0.0,0.0,0.0,0.0151185882374205,0.0172585535352804,-0.0346906177703875,1,1
2024-07-26,4387.85009765625,4422.4501953125,4337.0498046875,4350.0,3552210,0.0151185882374205,1.5118588237420516,65.35009765625,85.400390625,1.9462923464640745,37.85009765625,0.8701171875,4321.26005859375,4275.58505859375,4123.257507324219,3943.494995117188,3956.821999511719,3824.114754638672,4324.00581846296,4259.178776733007,4155.434831283767,4022.077057424393,3832.4055591614297,0.0641707654353458,0.112680529096464,0.1474159064745021,78.17910726275176,122.3444166061854,98.64450444642408,23.69991215976134,0.0068867188361741,0.0222554105937634,0.0183949848450437,1.8394984845043736,2486787.8,3332475.9,1.065937191023647,0.2639778361494793,0.0198610536565768,0.118293996039567,0.1153235658463878,0.133752817171018,4422.4501953125,3884.0,0.9357413221176952,4422.4501953125,3591.5,0.9583608044724776,0.0,0,0,0.0,0.0,0.0,0.0,0.0,0.0,0.0,0.0,0.0,0.4,0.2,0.0,0,0,1,0.0,0.0,0.0,-0.0015383387877369,-0.0238842008355592,-0.0362592372381255,0,0
2024-07-29,4381.10009765625,4431.0,4371.0,4415.0,1746803,-0.0015383387877369,-0.1538338787736903,-6.75,60.0,1.3695190400259996,-33.89990234375,-0.7678347076727067,4340.01005859375,4295.300048828125,4147.105017089843,3953.508999023437,3959.589001464844,3828.377254638672,4343.037244860723,4281.346289628142,4176.92676141448,4036.1563923354456,3837.865206310632,0.0564237171718907,0.1081548312495134,0.1443752290472076,79.59264180483864,124.9457808469815,103.90475972653556,21.041021120445947,0.006394333698793,0.0113304985647362,0.0182136083255622,1.8213608325562265,2456871.2,3283237.5,0.5320367472654659,-0.5082489492456809,0.0218666537288965,0.0471205184432232,0.1221649289199104,0.1466897542663345,4431.0,3884.0,0.908775315642139,4431.0,3591.5,0.9405599733844552,0.0,0,0,0.0,0.0,0.0,0.0,0.0,0.0,0.0,0.0,0.0,0.0,0.2,0.0,0,0,1,-0.0,0.0,0.0,-0.0035949874800682,-0.0515966967040264,-0.0423295955761682,0,0
2024-07-30,4365.35009765625,4398.0,4327.2998046875,4391.10009765625,1797906,-0.0035949874800682,-0.3594987480068257,-15.75,70.7001953125,1.6195767517125106,-25.75,-0.5864134141178896,4352.61005859375,4314.9150390625,4166.462524414063,3962.797001953125,3962.053000488281,3832.634754638672,4350.474862459232,4296.619709269616,4194.871841056553,4049.06594940685,3843.113812194668,0.0477353563308858,0.1015830726390276,0.1389945499953597,78.62689467118554,124.3035929348198,107.9845263681924,16.319066566627384,0.0073469297108657,0.0113361142170253,0.0180619032790388,1.806190327903882,2343410.8,3240196.65,0.5548755813941108,0.0292551592824148,0.0146431598010399,0.0470473695564641,0.0973179204756489,0.1299536775509877,4431.0,3895.60009765625,0.8773815571195231,4431.0,3591.5,0.9217988060229304,0.0,0,0,0.0,0.0,0.0,0.0,0.0,0.0,0.0,0.0,0.0,0.0,0.2,0.0,0,0,1,-0.0,0.0,0.0,0.0045815340242099,-0.0444752191692456,-0.0385764941130755,1,0
2024-07-31,4385.35009765625,4414.0,4345.0,4350.0,2330091,0.0045815340242099,0.458153402420991,20.0,69.0,1.5734205585291137,35.35009765625,0.8126459231321839,4368.430078125,4335.605029296875,4184.860034179687,3973.822001953125,3964.955500488282,3836.872755126953,4362.099940858238,4312.752507158095,4213.012627399381,4062.253563063689,3848.50919811966,0.0479084274836117,0.103559770795184,0.142949057092499,89.21928032557466,123.97933069099145,111.18348723275224,12.79584345823922,0.0072769948166799,0.0113040407516244,0.0180227681007381,1.8022768100738185,2447470.4,3241328.75,0.7188690749125648,0.2960026831213644,0.0183686728955008,0.0495159431542,0.0915891383125284,0.14100801610106,4431.0,3895.60009765625,0.914736812345474,4431.0,3591.5,0.9456225106089936,0.0,0,0,0.0,0.0,0.0,0.0,0.0,0.0,0.0,0.0,0.0,0.0,0.2,0.0,0,0,1,0.0,0.0,0.0,0.0026793755887994,-0.0421630880605335,-0.0205457023156268,1,0
2024-08-01,4397.10009765625,4419.2998046875,4365.0498046875,4399.39990234375,2202244,0.0026793755887994,0.2679375588799493,11.75,54.25,1.2337676831354472,-2.2998046875,-0.0522754179785928,4383.35009765625,4343.76005859375,4206.4525390625,3985.360004882813,3967.983000488281,3840.911505126953,4373.766659790909,4328.088432703214,4230.544767423845,4075.3847997143776,3853.967814035447,0.0453226458217069,0.1033131491932921,0.1448064064446372,89.16932738259486,123.2497311473544,113.59673601567268,9.65299513168172,0.0072894710406474,0.005629388367055,0.0175555663103863,1.755556631038632,2325850.8,3260381.05,0.6754560176332763,-0.0548678141754979,0.0172585535352804,0.0188968489901728,0.1089086684714077,0.1214088172555718,4431.0,3895.60009765625,0.9366830247907204,4431.0,3591.5,0.9596189370533056,0.0,0,0,0.0,0.0,0.0,0.0,0.0,0.0,0.0,0.0,0.0,0.0,0.2,0.0,0,0,1,0.0,0.0,0.0,-0.0259376158003638,-0.0510678146918784,0.0043095919152149,0,0
2024-08-02,4283.0498046875,4398.0,4270.0,4365.0,2811282,-0.0259376158003638,-2.59376158003638,-114.05029296875,128.0,2.9885246690317007,-81.9501953125,-1.8774386096792668,4362.3900390625,4341.825048828125,4219.557531738281,3994.3810009765625,3970.006499023437,3844.219754638672,4343.527708089773,4319.89959124581,4235.545247163241,4083.528525399598,3858.2372865792486,0.0150471400073701,0.0722687203950656,0.1141532165322517,60.81638221763655,112.17552316383626,113.3124934453054,-1.1369702814691325,0.0122763625829546,0.0104494616259651,0.0187462763679264,1.874627636792646,2177665.2,3275045.1,0.8583948966076833,0.2765533701079443,-0.0238842008355592,-0.0044975125733218,0.0651835652515988,0.0764271622532124,4431.0,3895.60009765625,0.7236641346686135,4431.0,3591.5,0.8237639126712328,0.0,0,0,0.0,0.0,0.0,0.0,0.0,0.0,0.0,0.0,0.0,0.0,0.2,0.0,0,0,1,-0.0,-0.0,0.0,-0.029885246690317,-0.0126778363931403,0.0483184190587762,0,0
2024-08-05,4155.0498046875,4239.0,4110.5,4239.0,2787771,-0.029885246690317,-2.9885246690317,-128.0,128.5,3.092622376151384,-83.9501953125,-1.9804245178697808,4317.17998046875,4328.59501953125,4226.72001953125,3999.612998046875,3971.43599609375,3846.803253173828,4280.701740289016,4289.926902780663,4227.879014546504,4086.333281450104,3861.190644968385,-0.0169564613962053,0.0388629616706739,0.0801305736807181,48.76166970338186,92.00996963642046,109.05198868352842,-17.042019047107956,0.0163011659107172,0.0140349486430438,0.0201448335259218,2.014483352592182,2385858.8,3331002.85,0.83691642593461,-0.008363088441501,-0.0515966967040264,-0.0308582900755116,0.0357071025763657,0.0447830261135533,4431.0,3895.60009765625,0.4845905012225273,4431.0,3591.5,0.6712922033204288,0.0,0,0,0.0,0.0,0.0,0.0,0.0,0.0,0.0,0.0,0.0,0.0,0.0,0.0,0,0,1,-0.0,-0.0,0.0,0.0038869306949773,0.0097712661856537,0.0886270964994355,1,1
2024-08-06,4171.2001953125,4258.25,4160.7998046875,4170.9501953125,2203067,0.0038869306949773,0.3886930694977364,16.150390625,97.4501953125,2.3362627241438165,0.25,0.0059938380535198,4278.35,4315.480029296875,4235.620031738281,4006.047001953125,3972.504997558594,3849.514754638672,4244.201225296844,4268.340228695543,4222.481031762312,4089.6613957192176,3864.2753171111126,-0.0152090687887655,0.0412259749520801,0.083565192284611,49.37310851707739,76.45055037407019,102.53170102163678,-26.081150647566588,0.0173924847242418,0.0140555685017326,0.0200883647998218,2.008836479982187,2466891.0,3353212.1,0.6570019832625559,-0.2097388917525865,-0.0444752191692456,-0.0304833171096874,0.0445758405081588,0.0532801996722884,4431.0,3895.60009765625,0.5147555994123114,4431.0,3591.5,0.690530310080405,0.0,0,0,0.0,0.0,0.0,0.0,0.0,0.0,0.0,0.0,0.0,0.0,0.0,0.0,0,0,1,0.0,-0.0,0.0,0.007012370212504,0.006173283178529,0.0911727528961261,1,1
2024-08-07,4200.4501953125,4244.9501953125,4180.2998046875,4228.0,1237666,0.007012370212504,0.7012370212504004,29.25,64.650390625,1.539130036517198,-27.5498046875,-0.651603705948439,4241.37001953125,4304.900048828125,4246.367541503906,4013.1150048828126,3973.423498535156,3852.467506103516,4229.617548635397,4255.996586262261,4220.38285686233,4094.006054526797,3867.620340774808,-0.0108133235624591,0.046680743064117,0.0903272223990652,37.76578297245116,65.72222416711156,95.16980565073176,-29.447581483620183,0.0178915779967357,0.0143732074889089,0.0200871442403681,2.0087144240368167,2248406.0,3349805.35,0.3694740054075082,-0.4382077349440575,-0.0421630880605335,-0.0245688951378809,0.053933056156693,0.0787257763827562,4431.0,3895.60009765625,0.5693876601802647,4431.0,3591.5,0.7253724780375224,0.0,0,0,0.0,0.0,0.0,0.0,0.0,0.0,0.0,0.0,0.0,0.0,0.0,0.0,0,0,1,0.0,-0.0,0.0,-0.0066422381715501,0.0225689629157588,0.0717898774336176,0,1
2024-08-08,4172.5498046875,4232.0,4160.0,4181.0,2441283,-0.0066422381715501,-0.6642238171550185,-27.900390625,72.0,1.7255635851036268,-8.4501953125,-0.2021094310571633,4196.4599609375,4289.905029296875,4259.537536621094,4019.768002929688,3973.9254956054688,3855.6175048828127,4210.594967319432,4240.824444157759,4215.827328083775,4097.086201591923,3870.65446479384,-0.0204218723712897,0.0380076167695404,0.0822001402896732,36.61755514604127,54.34219698454217,87.00428391749384,-32.66208693295167,0.0169003138760154,0.0142537976560427,0.019554442288024,1.955444228802408,2296213.8,3338383.7,0.7312769350030075,0.9724893468835696,-0.0510678146918784,-0.0346906177703875,0.067380353510063,0.056930379725308,4431.0,3895.60009765625,0.5172763495452344,4431.0,3591.5,0.6921379448332341,0.0,0,0,0.0,0.0,0.0,0.0,0.0,0.0,0.0,0.0,0.0,0.0,0.0,0.0,0,0,1,-0.0,-0.0,0.0,0.013469029237078,0.0583576018017684,0.0698254331988903,1,1
2024-08-09,4228.75,4253.64990234375,4205.5498046875,4217.0,1302536,0.013469029237078,1.3469029237078043,56.2001953125,48.10009765625,1.1374542750517291,11.75,0.2786341000711406,4185.6,4273.99501953125,4274.7900390625,4028.270004882813,3974.290495605469,3858.907004394531,4216.646644879622,4238.62909067453,4217.058058742463,4102.249487804004,3874.2176044476328,-0.0107701287412462,0.04976826153018,0.09584138596351,44.43283713637607,49.29014343925701,79.46145582184647,-30.171312382589463,0.0169806846431088,0.0140229383989779,0.0196827914261931,1.968279142619319,1994464.6,3159901.05,0.412207844293099,-0.4664543193066924,-0.0126778363931403,-0.0362592372381255,0.077745508735197,0.0839613587941661,4431.0,3971.300048828125,0.5600391092397969,4431.0,3591.5,0.7590827873734366,0.8474426865577698,1,1,0.0,0.2824808955192566,0.1694885373115539,0.3333333333333333,0.8474426865577698,0.0,0.0,0.1694885373115539,0.0847442686557769,0.2,0.1,0.8474426865577698,1,0,0,0.0114142303219945,-0.0107437397327427,0.3493225229879307,-0.0078273952483003,0.0617794856636122,0.0647236642772686,0,1
2024-08-12,4195.64990234375,4239.0,4186.35009765625,4230.0,936912,-0.0078273952483003,-0.782739524830034,-33.10009765625,52.64990234375,1.254868818161854,-34.35009765625,-0.812059046247045,4193.72001953125,4255.45,4275.375024414063,4037.4610009765615,3974.7569946289054,3862.265003662109,4209.647730700998,4230.814692796206,4215.0191867044905,4105.912249158504,3877.4159357699823,-0.0186475155080083,0.0391802921016266,0.0863184940353737,40.200227098644405,42.129807162660654,71.99512609000931,-29.865318927348653,0.0091033911228891,0.0140613306202624,0.0132401934730065,1.3240193473006523,1624292.8,2531288.45,0.3701324517164371,-0.280701646633951,0.0097712661856537,-0.0423295955761682,0.002796330378014,0.0812416266193569,4431.0,4110.5,0.2656783224453978,4431.0,3591.5,0.7196544399568195,0.0,0,0,0.8474426865577698,0.2824808955192566,0.1694885373115539,0.3333333333333333,-0.8474426865577698,0.0,0.0,0.1694885373115539,0.0847442686557769,0.2,0.1,0.0,0,0,1,-0.0,0.0,0.0,0.0003099145541252,0.078092765118634,0.0718601425327642,1,1
2024-08-13,4196.9501953125,4234.0,4183.0,4213.0,1495593,0.0003099145541252,0.0309914554125212,1.30029296875,51.0,1.2151681012789002,-16.0498046875,-0.3809590478874911,4198.87001953125,4238.610009765625,4276.762524414063,4047.981005859375,3974.6504956054687,3865.714504394531,4205.415218904833,4224.657511435532,4213.298330381444,4109.482364693955,3880.595381138565,-0.0186618566371059,0.0368008617722007,0.0856855027812895,39.91330287218032,36.14347240029747,64.82479535206694,-28.68132295176948,0.0090564734698057,0.0141348242754283,0.0132107880436758,1.3210788043675874,1482798.0,2363666.6,0.63274279037492,0.5963003996106357,0.006173283178529,-0.0385764941130755,0.006655952868658,0.0758790160975289,4431.0,4110.5,0.2697353987909516,4431.0,3591.5,0.7212033297349613,0.0,0,0,0.0,0.2824808955192566,0.1694885373115539,0.3333333333333333,0.0,0.8474426865577698,0.0,0.1694885373115539,0.0847442686557769,0.2,0.1,0.0,0,0,1,0.0,0.0,0.0,0.0234217229447444,0.0844779633276302,0.0736486245941703,1,1
2024-08-14,4295.25,4306.2001953125,4188.14990234375,4209.0,3226545,0.0234217229447444,2.3421722944744428,98.2998046875,118.05029296875,2.748391664484023,86.25,2.0491803278688523,4217.82998046875,4229.6,4282.602514648437,4059.82900390625,3975.410495605469,3869.754504394531,4235.360145936555,4237.492509356344,4221.103251297497,4116.767370000074,3884.7212977441513,0.0029532241921361,0.0579879093102775,0.1099541314887732,47.815986875884434,38.88301251995199,59.63643878564395,-20.753426265691964,0.0135290000600348,0.016447720327671,0.0141784883434792,1.4178488343479214,1880573.8,2423517.8,1.331347762331269,1.157368348207032,0.0225689629157588,-0.0205457023156268,0.0279529010106496,0.1202759162771067,4431.0,4110.5,0.5764430577223089,4431.0,3591.5,0.8382966051220965,0.0,0,0,0.0,0.0,0.1694885373115539,0.0,0.0,0.0,0.8474426865577698,0.1694885373115539,0.0847442686557769,0.2,0.1,0.0,0,0,1,0.0,0.0,0.0,0.028124045093417,0.0481345672545252,0.0504161119114137,1,1
2024-08-16,4416.0498046875,4427.0,4325.10009765625,4350.0,3457058,0.028124045093417,2.812404509341704,120.7998046875,101.89990234375,2.307489880109287,66.0498046875,1.5183863146551724,4266.52998046875,4231.494970703125,4287.627514648438,4073.85,3978.045993652344,3874.55650390625,4295.59003218687,4269.957472143827,4239.669589715593,4128.503936066248,3890.008148559508,0.0299518299106708,0.0839991174656651,0.1397562018350558,52.075640683750606,50.2227162637555,57.75369428126626,-7.530978017510762,0.0151750588739016,0.0190119506808651,0.013662629426696,1.3662629426696091,2083728.8,2315702.5,1.4928765676938207,0.0714426731999708,0.0583576018017684,0.0043095919152149,0.0232878786130188,0.1559734728892512,4431.0,4110.5,0.9533535247659908,4431.0,3700.0,0.9795482964261286,0.0,0,0,0.0,0.0,0.1694885373115539,0.0,0.0,0.0,0.0,0.1694885373115539,0.0847442686557769,0.2,0.1,0.0,0,0,1,0.0,0.0,0.0,0.016745779278577,0.0108354977349798,0.0311817577705613,1,1
2024-08-19,4490.0,4494.25,4390.35009765625,4421.0,2055210,0.016745779278577,1.674577927857701,73.9501953125,103.89990234375,2.3140290054287305,69.0,1.5607328658674509,4318.77998046875,4252.189990234375,4297.00751953125,4088.721000976562,3983.172993164063,3879.5337536621096,4360.393354791248,4309.965204481312,4263.510581171251,4142.680252298944,3895.978216733046,0.0449132284715673,0.0981429153340603,0.157355570308323,57.29401799409354,64.43392177156511,59.08973977932604,5.344181992239072,0.0153511145393335,0.0170877699985005,0.0140471408207673,1.4047140820767336,2234263.6,2223295.3,0.924398122012852,-0.4055031764002802,0.0617794856636122,0.0483184190587762,0.0436035937882144,0.1717118997912317,4494.25,4110.5,0.9889250814332248,4494.25,3741.5,0.994354035204251,0.0,0,0,0.0,0.0,0.0,0.0,0.0,0.0,0.0,0.0,0.0847442686557769,0.0,0.1,0.0,0,0,1,0.0,0.0,0.0,0.007416437569599,0.0027728720072384,0.006915323983853,1,1
2024-08-20,4523.2998046875,4565.0,4500.0,4505.0,2212298,0.007416437569599,0.7416437569599088,33.2998046875,65.0,1.4370040193365126,18.2998046875,0.406210980854606,4384.3099609375,4289.014990234375,4308.805004882813,4102.578999023437,3988.6969921875,3885.099503173828,4414.695504756665,4348.75331360971,4288.252411982322,4157.606509255358,3902.220222583339,0.0497805771116627,0.102550324019162,0.1642687146088051,60.3363290743665,77.49016211005801,62.76982424547244,14.720337864585574,0.0113942477587409,0.0119628004175546,0.0140248828853049,1.402488288530491,2489340.8,2239090.9,0.9880340275600246,0.0764340383707746,0.078092765118634,0.0886270964994355,0.0550339257715939,0.161771657890722,4565.0,4110.5,0.9082503953520352,4565.0,3780.050048828125,0.9468753450455732,0.0,0,0,0.0,0.0,0.0,0.0,0.0,0.0,0.0,0.0,0.0847442686557769,0.0,0.1,0.0,0,0,1,0.0,0.0,0.0,0.0062344298477134,-0.0057811561189577,-0.0024207343099175,1,0
2024-08-21,4551.5,4560.0,4492.5498046875,4518.0,1896990,0.0062344298477134,0.6234429847713496,28.2001953125,67.4501953125,1.4819333255520155,33.5,0.7414785303231518,4455.219921875,4327.044970703125,4321.2625,4115.73,3994.482492675781,3890.906502685547,4460.29700317111,4385.616347498853,4313.323610841148,4173.053312813972,3908.680717881017,0.0532801467163821,0.105879151450654,0.1697788155172847,60.75749997945081,89.08591969807912,68.03304333599378,21.052876362085343,0.0096296409204096,0.0118829865643782,0.014045628858618,1.4045628858618089,2569620.2,2215680.0,0.8561660528596187,-0.1425251028568483,0.0844779633276302,0.0911727528961261,0.0579101878481429,0.1823613456293025,4565.0,4110.5,0.9702970297029704,4565.0,3780.050048828125,0.9828014512519614,0.0,0,0,0.0,0.0,0.0,0.0,0.0,0.0,0.0,0.0,0.0847442686557769,0.0,0.1,0.0,0,0,1,0.0,0.0,0.0,-0.0108755355377347,-0.0099857619054157,-0.0158738877293199,0,0
2024-08-22,4502.0,4560.9501953125,4497.2001953125,4560.0,1829872,-0.0108755355377347,-1.0875535537734793,-49.5,63.75,1.416037316748112,-58.0,-1.2719298245614037,4496.569921875,4357.199951171875,4331.05,4128.596000976562,4000.393493652344,3896.732752685547,4474.1980021140735,4406.777011589971,4331.292790761039,4185.953182899699,3914.5843923299626,0.0394707980743699,0.0904433368959118,0.1553268560430056,56.47529090357789,93.20697285452844,73.06782923970071,20.13914361482772,0.0144006925892332,0.0134318299856079,0.014377365658365,1.4377365658365056,2290285.6,2216683.95,0.8254997289983536,-0.0353813146089331,0.0481345672545252,0.0717898774336176,0.0454571843251088,0.1702473175183627,4565.0,4110.5,0.8613861386138614,4565.0,3780.050048828125,0.9197401058424866,0.0,0,0,0.0,0.0,0.0,0.0,0.0,0.0,0.0,0.0,0.0847442686557769,0.0,0.1,0.0,0,0,1,-0.0,0.0,0.0,-0.0084629270671368,0.0021767669230341,-0.0057862738088627,0,1
2024-08-23,4463.89990234375,4506.0,4455.0,4500.0,1809253,-0.0084629270671368,-0.8462927067136805,-38.10009765625,51.0,1.1424987368830266,-36.10009765625,-0.8022243923611111,4506.13994140625,4386.3349609375,4338.119995117188,4140.831997070312,4006.257492675781,3902.2975024414063,4470.765302190633,4417.162991727022,4343.922039483203,4196.853054250446,3920.050218300249,0.0289941051349744,0.0780200465756669,0.1439158340826107,62.31862849115002,92.33420645062688,76.92110468188595,15.41310176874093,0.0116160934278125,0.0136484572023647,0.0145714659728368,1.4571465972836883,1960724.6,2166629.5,0.8350541705446178,-0.0112680012591044,0.0108354977349798,0.0698254331988903,0.0327125280147484,0.1625042360138426,4565.0,4110.5,0.777557540910341,4565.0,3780.050048828125,0.8712018549650017,0.0,0,0,0.0,0.0,0.0,0.0,0.0,0.0,0.0,0.0,0.0847442686557769,0.0,0.1,0.0,0,0,1,-0.0,0.0,0.0,0.0086360119653465,0.0201281613884474,-0.0016017165483472,1,1
2024-08-26,4502.4501953125,4552.14990234375,4485.0,4489.0,1844164,0.0086360119653465,0.8636011965346579,38.55029296875,67.14990234375,1.4914079985528712,13.4501953125,0.2996256474159055,4508.62998046875,4413.70498046875,4343.85,4154.248002929688,4012.872995605469,3907.917003173828,4481.326933231256,4432.669756015291,4359.019959085993,4208.8372558607225,3925.8452429471376,0.0365114346288429,0.0838183450138872,0.1521355729038819,76.9469088220679,93.67341048552588,80.27156584261394,13.401844642911954,0.0094420884857711,0.0134726867249119,0.0143276072476995,1.4327607247699503,1918515.4,2081227.2,0.8860945119302689,0.0192958088227572,0.0027728720072384,0.0647236642772686,0.026117596341193,0.1837183523484009,4565.0,4110.5,0.8623766673542355,4565.0,3780.050048828125,0.920313639622351,0.0,0,0,0.0,0.0,0.0,0.0,0.0,0.0,0.0,0.0,0.0,0.0,0.0,0.0,0,0,1,0.0,0.0,0.0,-0.0011772019098108,0.0041309972499783,-0.0117492450399727,0,1
2024-08-27,4497.14990234375,4510.0,4486.7998046875,4505.0,930697,-0.0011772019098108,-0.1177201909810854,-5.30029296875,23.2001953125,0.5158866352311028,-7.85009765625,-0.1742530001387347,4503.4,4443.85498046875,4349.652490234375,4166.628002929688,4019.081494140625,3913.559002685547,4486.601256268754,4444.393418984101,4372.175191777208,4220.143634154175,3931.5298664237207,0.0339101600508382,0.0793259919488041,0.1491202507123908,75.71589377798222,93.23232576908686,82.86371782790853,10.368607941178324,0.0086365404305508,0.0128433355055962,0.0143239526717083,1.4323952671708362,1662195.2,2040421.9,0.456129685728231,-0.4953285065753371,-0.0057811561189577,0.0718601425327642,0.0264887361851382,0.2037016634444366,4565.0,4110.5,0.8507148566419142,4565.0,3780.050048828125,0.9135612435481336,0.0,0,0,0.0,0.0,0.0,0.0,0.0,0.0,0.0,0.0,0.0,0.0,0.0,0.0,0,0,1,-0.0,-0.0,0.0,0.0019790094920144,0.0033799618964398,0.0023793281400121,1,1
2024-08-28,4506.0498046875,4562.5,4457.2998046875,4498.75,1848058,0.0019790094920144,0.197900949201446,8.89990234375,105.2001953125,2.334643421008432,7.2998046875,0.1622629549874965,4494.3099609375,4474.76494140625,4356.687475585937,4180.107998046875,4024.9744921875,3919.4360021972657,4493.084105741669,4455.603670930173,4384.9251549115215,4231.355640841756,3937.2464827248527,0.0342834619050738,0.0779744941501317,0.1496679119550298,74.9102484704429,92.5342336480835,84.79782099194352,7.736412656139976,0.0079084898488596,0.0127567477143542,0.0142756783923244,1.4275678392324471,1652408.8,2042929.5,0.9046117352556708,0.9856709541343748,-0.0099857619054157,0.0736486245941703,0.0322310247480015,0.2274887603000517,4565.0,4110.5,0.8702965999724972,4565.0,3780.050048828125,0.9248994216453016,0.0,0,0,0.0,0.0,0.0,0.0,0.0,0.0,0.0,0.0,0.0,0.0,0.0,0.0,0,0,1,0.0,-0.0,0.0,0.0012760622383751,-0.0059475163056611,-0.0059253022466541,1,0
2024-08-29,4511.7998046875,4556.0,4460.0,4460.0,2133641,0.0012760622383751,0.1276062238375175,5.75,96.0,2.127753981908983,51.7998046875,1.1614305983744395,4496.269921875,4496.419921875,4363.0099609375,4194.0419921875,4031.254489746094,3925.194500732422,4499.322672056946,4465.8211497951415,4397.008454890186,4242.353451188648,3942.9634312020935,0.0341025679707659,0.0757640989508228,0.1494461749209167,78.68917037333118,91.39146365415672,86.11654952438616,5.274914129770565,0.0061668285107141,0.0114876853727058,0.0142594974201103,1.4259497420110343,1713162.6,2033107.0,1.049448455000155,0.154531405399614,0.0021767669230341,0.0504161119114137,0.0288345751685437,0.2184667717289667,4565.0,4110.5,0.8829478650990099,4565.0,3780.050048828125,0.9322247294453924,0.8474909365177155,2,1,0.0,0.2824969788392384,0.1694981873035431,0.6666666666666666,0.8474909365177155,0.0,0.0,0.1694981873035431,0.0847490936517715,0.4,0.2,0.8474909365177155,1,0,0,0.0010814511814554,0.0018447902381829,0.8893980539551509,0.0092978849081282,-0.0079457446976601,0.0013077687132461,1,0
2024-08-30,4553.75,4592.25,4487.7998046875,4500.0,3637222,0.0092978849081282,0.9297884908128218,41.9501953125,104.4501953125,2.2937182610485864,53.75,1.1944444444444444,4514.23994140625,4510.18994140625,4370.842456054687,4209.082993164063,4037.318989257813,3931.208751220703,4517.465114704632,4481.808213468752,4411.93622109112,4254.5650805538,3949.0409094985903,0.0418472058383026,0.0818864839195872,0.1583587359958913,78.16286394662595,92.8010872034547,87.45345706019987,5.3476301432548325,0.0046868919053331,0.0084038284474448,0.0143642547107055,1.4364254710705546,2078756.4,2104855.9,1.7280147301295068,0.7047019625138438,0.0201281613884474,0.0311817577705613,0.0356257303369662,0.2257738896366083,4592.25,4110.5,0.9200830306175404,4592.25,3780.050048828125,0.952597879445264,0.0,0,0,0.8474909365177155,0.2824969788392384,0.1694981873035431,0.6666666666666666,-0.8474909365177155,0.0,0.0,0.1694981873035431,0.0847490936517715,0.4,0.2,0.0,0,0,1,0.0,0.0,0.0,-0.0071809377573428,-0.0213011254460608,-0.0068404946129563,0,0
2024-09-02,4521.0498046875,4588.0,4512.0,4576.0,1216500,-0.0071809377573428,-0.7180937757342853,-32.7001953125,76.0,1.6810254981310295,-54.9501953125,-1.2008346877731644,4517.95986328125,4513.294921875,4382.742456054688,4223.758989257813,4042.496486816406,3936.9127502441406,4518.660011365588,4488.943048235797,4422.327990957442,4265.015461892376,3954.73254029649,0.0315572612398756,0.0703853643604619,0.1483743967673998,78.21707389156721,90.23936828178284,88.01063930451647,2.228728977266371,0.0059461721026457,0.0074400966386639,0.013002261540296,1.3002261540296047,1953223.6,2025116.8,0.6007060926066091,-0.6655414489409774,0.0041309972499783,0.006915323983853,0.0555678805648081,0.2067556923517244,4592.25,4110.5,0.8522050953554748,4592.25,3791.300048828125,0.9111053128746353,0.0,0,0,0.0,0.2824969788392384,0.1694981873035431,0.6666666666666666,0.0,0.8474909365177155,0.0,0.1694981873035431,0.0847490936517715,0.4,0.2,0.0,0,0,1,-0.0,0.0,0.0,-0.0019242670191843,-0.0158149109363643,-0.0017252198105432,0,0
2024-09-03,4512.35009765625,4555.89990234375,4495.89990234375,4521.0498046875,1717263,-0.0019242670191843,-0.1924267019184355,-8.69970703125,60.0,1.3296840604447886,-8.69970703125,-0.1924267019184349,4520.99990234375,4512.199951171875,4400.607470703125,4237.790991210937,4047.827487792969,3942.6222509765626,4516.556706795809,4493.198875403152,4430.901524928758,4274.714859373313,3960.280973703055,0.0253925458466921,0.0647882604438824,0.1445048017315301,77.00339371906962,86.50996094998209,87.71050363360959,-1.2005426836275035,0.0060184455888972,0.0070829552079598,0.0105822494747727,1.0582249474772716,2110536.8,1971591.4,0.871003494943222,0.4116424167694203,0.0033799618964398,-0.0024207343099175,0.0859918195362334,0.1780362919535445,4592.25,4160.0,0.8151534937102372,4592.25,3791.300048828125,0.9002435767342917,0.0,0,0,0.0,0.0,0.1694981873035431,0.0,0.0,0.0,0.8474909365177155,0.1694981873035431,0.0847490936517715,0.4,0.2,0.0,0,0,1,-0.0,0.0,0.0,-0.0073354453754469,-0.0009972630453335,-0.001484857151483,0,0
2024-09-04,4479.25,4487.0,4436.7001953125,4476.9501953125,1265505,-0.0073354453754469,-0.7335445375446947,-33.10009765625,50.2998046875,1.1229514916001562,2.2998046875,0.0513698966298075,4515.63994140625,4504.974951171875,4416.0099609375,4251.039990234375,4052.894487304688,3948.110750732422,4504.121137863873,4490.662716238942,4435.506141602209,4282.735845280242,3965.444844611482,0.0143206287173034,0.0536833363811858,0.1345299771970797,67.73320382793852,79.96172848724746,86.16074860433717,-6.199020117089717,0.0068969701185056,0.0070085416239718,0.0108919387579809,1.0891938757980957,1994026.2,1924713.3,0.6575031200750782,-0.2630686155818882,-0.0059475163056611,-0.0158738877293199,0.0738515991233601,0.1503101108559394,4592.25,4160.0,0.7385772122614228,4592.25,3792.89990234375,0.8586351583225875,0.0,0,0,0.0,0.0,0.1694981873035431,0.0,0.0,0.0,0.0,0.1694981873035431,0.0847490936517715,0.4,0.2,0.0,0,0,1,-0.0,-0.0,0.0,-0.000736686875593,2.2346967963438047e-05,-0.0297148178057152,0,1
2024-09-05,4475.9501953125,4499.0,4454.14990234375,4481.0,1688793,-0.000736686875593,-0.0736686875593028,-3.2998046875,44.85009765625,1.0020240552099948,-5.0498046875,-0.1126936997879937,4508.47001953125,4502.369970703125,4429.7849609375,4263.789995117188,4058.188488769531,3953.753251953125,4494.730823680082,4487.987712434135,4439.357956241284,4290.312878614841,3970.524499842338,0.0104215520125902,0.049758595155548,0.1320762602222112,57.46327859597208,73.65686987627578,83.6599728587249,-10.00310298244912,0.006775943618218,0.0062006743133497,0.0109029146039999,1.0902914603999996,1905056.6,1947269.65,0.8672620147908124,0.3344814915784608,-0.0079457446976601,-0.0057862738088627,0.0655882077372194,0.1599632653358207,4592.25,4160.0,0.730943193319838,4592.25,3818.10009765625,0.8497709496114374,0.9478213787078856,1,1,0.0,0.3159404595692952,0.1895642757415771,0.3333333333333333,0.9478213787078856,0.0,0.0,0.1895642757415771,0.1795312315225601,0.2,0.3,0.9478213787078856,1,0,0,-0.0006982475701005,-0.0075311466941971,0.8220094785600065,-0.0042896356024264,0.0093276283645253,-0.0401703068897076,0,1
2024-09-06,4456.75,4518.9501953125,4440.0,4473.9501953125,1649179,-0.0042896356024264,-0.4289635602426456,-19.2001953125,78.9501953125,1.7714746241655914,-17.2001953125,-0.384452096282189,4489.07001953125,4501.65498046875,4443.994970703125,4275.807993164062,4062.9094897460936,3959.369752197266,4482.070549120055,4482.308128355201,4441.014341361162,4296.839824551514,3975.362564520524,0.0028701718568455,0.0423176174246407,0.1256210657079226,45.202723266115854,66.34613179572807,80.19720464612554,-13.851072850397472,0.0029939492258141,0.0057326679108748,0.0108029473084117,1.080294730841179,1507448.0,1907664.45,0.8645016160992045,-0.0234569896961912,-0.0213011254460608,-0.0016017165483472,0.0681118760986927,0.1569663007229849,4592.25,4183.0,0.6689065363469762,4592.25,3818.10009765625,0.8249692991114876,0.0,0,0,0.9478213787078856,0.3159404595692952,0.1895642757415771,0.3333333333333333,-0.9478213787078856,0.0,0.0,0.1895642757415771,0.1795312315225601,0.2,0.3,0.0,0,0,1,-0.0,-0.0,0.0,-0.0016155708335671,0.014775362687216,-0.0385595103284344,0,1
2024-09-09,4449.5498046875,4490.25,4430.5,4455.0,1184938,-0.0016155708335671,-0.1615570833567114,-7.2001953125,59.75,1.3428324801995637,-5.4501953125,-0.1223388397867564,4474.77001953125,4496.36494140625,4455.0349609375,4286.115991210938,4067.3909887695313,3964.959750976562,4471.230300975871,4476.352069506528,4441.827242630337,4302.828451223513,3980.08084551721,-0.0012312263086809,0.038130982411978,0.122218152048475,38.49278665943403,59.28788972141592,76.01534166118361,-16.72745193976769,0.0026689464158459,0.0048339950239409,0.0105840145454167,1.0584014545416731,1501135.6,1901784.55,0.6230663720556568,-0.2814982485224466,-0.0158149109363643,-0.0117492450399727,0.0522139650458173,0.1612620980757642,4592.25,4183.0,0.6513129008857667,4592.25,3884.0,0.7985171968761031,0.0,0,0,0.0,0.3159404595692952,0.1895642757415771,0.3333333333333333,0.0,0.9478213787078856,0.0,0.1895642757415771,0.1795312315225601,0.2,0.3,0.0,0,0,1,-0.0,-0.0,0.0,0.0131025149796799,0.0143160989557624,-0.0406894658189392,1,1
2024-09-10,4507.85009765625,4539.9501953125,4440.4501953125,4442.4501953125,1385591,0.0131025149796799,1.3102514979679958,58.30029296875,99.5,2.2072606196850395,65.39990234375,1.4721583691080526,4473.87001953125,4497.4349609375,4470.644970703125,4298.189995117187,4073.057490234375,3970.4775012207033,4483.436899869331,4482.078983715568,4448.115133585186,4310.868515789503,3985.332280861877,0.0083220938358863,0.0487786958643615,0.13534205804474,43.77410579597704,57.73301813680973,72.35887695630885,-14.625858819499117,0.0078562927742297,0.0066134590024939,0.0105332612468334,1.0533261246833474,1434801.2,1924218.5,0.7200798661898324,0.1693362859491383,-0.0009972630453335,0.0023793281400121,0.0744104495320499,0.1623712881577739,4592.25,4183.0,0.7937693284208919,4592.25,3884.0,0.8808331770649488,0.0,0,0,0.0,0.0,0.1895642757415771,0.0,0.0,0.0,0.9478213787078856,0.1895642757415771,0.1795312315225601,0.2,0.3,0.0,0,0,1,0.0,-0.0,0.0,-0.0063223042875401,-0.0004880808511453,-0.0524751905773749,0,0
2024-09-11,4479.35009765625,4549.35009765625,4471.25,4521.4501953125,1325919,-0.0063223042875401,-0.6322304287540104,-28.5,78.10009765625,1.7435586849332152,-42.10009765625,-0.9311193497143068,4473.8900390625,4494.764990234375,4484.764965820313,4308.212998046875,4079.122990722656,3975.385001220703,4482.074632464971,4481.582822613874,4451.089892068145,4317.475636647023,3990.2478810289854,-0.0012073917374335,0.0397234537120053,0.1267713935331538,46.563523730925546,53.583383497739305,68.60377826459495,-15.020394766855643,0.0076354003534519,0.0068886070876797,0.0107461071214335,1.0746107121433508,1446884.0,1915734.8,0.6921203289724652,-0.0430660995921595,2.2346967963438047e-05,-0.0059253022466541,0.0672869319867452,0.1689174307694847,4592.25,4188.14990234375,0.72061401865884,4592.25,3895.60009765625,0.8379388241297112,0.0,0,0,0.0,0.0,0.1895642757415771,0.0,0.0,0.0,0.0,0.1895642757415771,0.1795312315225601,0.2,0.3,0.0,0,0,1,-0.0,0.0,0.0,0.0085615316552989,-0.0297365002530601,-0.0456762908001551,1,0
2024-09-12,4517.7001953125,4532.60009765625,4431.2998046875,4510.25,2742216,0.0085615316552989,0.8561531655298937,38.35009765625,101.30029296875,2.242297819449323,7.4501953125,0.1651836441993237,4482.2400390625,4495.355029296875,4495.887475585938,4318.21900390625,4085.679992675781,3980.461252441406,4493.949820080814,4488.149617649988,4457.4337304723695,4325.327580124101,3995.49616276315,0.0048517049959572,0.0461952465184836,0.1349690171061406,58.15647147829614,52.7808754482794,65.43919770133184,-12.658322253052432,0.0084874709911131,0.0074668649312785,0.0097503629123973,0.9750362912397308,1657568.6,1891518.35,1.4497432710605211,1.068162534815475,0.0093276283645253,0.0013077687132461,0.0517898132384611,0.1841629523922274,4592.25,4325.10009765625,0.7209439193746195,4592.25,3895.60009765625,0.8929881358818957,0.0,0,0,0.0,0.0,0.0,0.0,0.0,0.0,0.0,0.0,0.0947821378707885,0.0,0.1,0.0,0,0,1,0.0,0.0,0.0,0.0010846010429894,-0.0490405036612715,-0.0498484152503445,1,0
2024-09-13,4522.60009765625,4547.0,4505.0,4530.0,1458786,0.0010846010429894,0.1084601042989463,4.89990234375,42.0,0.9286693294365268,-7.39990234375,-0.1633532526214128,4495.41005859375,4492.2400390625,4501.214990234375,4329.366005859375,4092.643994140625,3985.4762524414064,4503.499912605959,4494.41334128749,4463.640051156549,4333.063757282224,4000.7409780357184,0.0047509633439573,0.0446333462071239,0.1347703037713032,53.40196564976745,51.94151376802438,62.739660914670345,-10.798147146645968,0.0078240316713344,0.0067685899879717,0.0076746555208925,0.7674655520892578,1619490.0,1791604.75,0.8142342779566755,-0.4680265887151121,0.014775362687216,-0.0068404946129563,0.0241279645115528,0.1896257347353669,4592.25,4390.35009765625,0.6550275580363297,4592.25,3895.60009765625,0.900021657780435,-0.8313484191894531,1,1,0.0,-0.2771161397298177,-0.1662696838378906,0.3333333333333333,-0.8313484191894531,0.0,0.0,-0.1662696838378906,0.0116472959518432,0.2,0.2,0.8313484191894531,0,1,0,-0.0009016813625405,-0.0122834744129678,-0.676912379829148,-0.0020674164096656,-0.052558304997093,-0.0472957806847877,0,0
2024-09-16,4513.25,4546.0498046875,4494.4501953125,4527.0,1155120,-0.0020674164096656,-0.2067416409665678,-9.35009765625,51.599609375,1.143291627430344,-13.75,-0.3037331566158603,4508.15009765625,4491.46005859375,4502.377490234375,4339.212006835937,4099.130493164063,3990.491502685547,4506.7499417373065,4497.838188326128,4468.364808189259,4340.129884447628,4005.84057029407,0.0024148374473725,0.0401082023394767,0.1310010300642524,52.68155579519559,49.94609139902968,60.180947011542216,-10.234855612512533,0.0078924341588527,0.006405077426368,0.0067714289374729,0.6771428937472934,1613526.4,1746600.25,0.6613533921113317,-0.2081635003352102,0.0143160989557624,-0.0017252198105432,0.0051781737193763,0.19169582150637,4592.25,4430.5,0.5115919629057187,4592.25,3895.60009765625,0.8866001420021462,0.0,0,0,-0.8313484191894531,-0.2771161397298177,-0.1662696838378906,0.3333333333333333,0.8313484191894531,0.0,0.0,-0.1662696838378906,0.0116472959518432,0.2,0.2,0.0,0,0,1,-0.0,0.0,0.0,-0.0016839522863235,-0.0542292139810557,-0.0542292139810557,0,0
2024-09-17,4505.64990234375,4535.7998046875,4466.0,4513.25,1699364,-0.0016839522863235,-0.1683952286323564,-7.60009765625,69.7998046875,1.5491617458158815,-7.60009765625,-0.1683952286323602,4507.71005859375,4490.7900390625,4501.494995117188,4349.08900390625,4105.4399926757815,3995.369002685547,4506.383261939454,4499.258499965696,4471.915769537306,4346.620865541594,4010.813797478644,0.000923006074886,0.0359985501094323,0.1277180904480187,49.93310452193829,47.20726447183642,57.586210503601066,-10.378946031764642,0.0055118296187802,0.006398145684923,0.0065693898016905,0.6569389801690524,1676281.0,1720953.55,0.9874548909236974,0.4711579749290118,-0.0004880808511453,-0.001484857151483,-0.0039019970167485,0.182352529644755,4592.25,4430.5,0.4646052695131376,4592.25,3895.60009765625,0.8756906483946959,0.0,0,0,0.0,-0.2771161397298177,-0.1662696838378906,0.3333333333333333,0.0,-0.8313484191894531,0.0,-0.1662696838378906,0.0116472959518432,0.2,0.2,0.0,0,0,1,-0.0,-0.0,0.0,-0.0353999985478301,-0.0520124960295618,-0.0483282111836365,0,0
2024-09-18,4346.14990234375,4497.0498046875,4321.0,4497.0498046875,2961779,-0.0353999985478301,-3.539999854783016,-159.5,176.0498046875,4.050707146400117,-150.89990234375,-3.3555310458527607,4481.07001953125,4477.480029296875,4491.227490234375,4356.148002929687,4110.590991210937,3999.5585021972656,4452.97214207422,4471.420573125341,4459.938067899825,4346.602396396581,4014.1504751389934,-0.0323024358499048,-0.0022951700858678,0.0866574148011774,31.702244482103566,31.799838651706523,52.42893613322216,-20.62909748151564,0.0170340410185731,0.0128309763419934,0.0100865462843016,1.008654628430166,2003453.0,1774193.0,1.6693668614406665,0.7428749814636535,-0.0297365002530601,-0.0297148178057152,-0.04511701585329,0.1386894379437433,4592.25,4321.0,0.0927185339861751,4592.25,3895.60009765625,0.6467377705382694,0.8732064068317413,2,1,0.0,0.2910688022772471,0.0083715975284576,0.6666666666666666,0.8732064068317413,0.0,-0.8313484191894531,0.0083715975284576,0.0989679366350173,0.6,0.4,0.8732064068317413,1,0,0,-0.0309115055337996,-0.0259661025377258,1.4577018387625855,-0.011504435218177,-0.0164283110219567,-0.0260920366052254,0,0
2024-09-19,4296.14990234375,4422.2001953125,4281.7998046875,4390.0498046875,2927551,-0.011504435218177,-1.1504435218177012,-50.0,140.400390625,3.268051483687872,-93.89990234375,-2.138925673314409,4436.7599609375,4459.5,4480.934985351562,4362.3610009765625,4115.030490722656,4003.753751220703,4400.698062164063,4439.553178437779,4444.339194989722,4344.623867218039,4016.956439588792,-0.0412380638442391,-0.0151778127986176,0.0730305031956319,22.04257483982768,15.37749832366535,45.018648571310806,-29.641150247645456,0.0150194656212103,0.0130753260081422,0.0101157677631092,1.011576776310922,2040520.0,1829076.95,1.6005619665154056,-0.0115565678600597,-0.0490405036612715,-0.0401703068897076,-0.0457241443039204,0.1192408281973664,4592.25,4281.7998046875,0.0462235098348227,4592.25,3895.60009765625,0.5749657085143113,0.8358591198921204,1,1,0.8732064068317413,0.5696885089079539,0.1755434215068817,1.0,-0.0373472869396209,0.0,0.0,0.1755434215068817,0.0877717107534408,0.8,0.4,0.8358591198921204,1,0,0,-0.0096160870963213,-0.0409909522293767,1.3378443166643683,-0.002618623710933,-0.000849575183994,-0.0102184289053323,0,0
2024-09-20,4284.89990234375,4330.7001953125,4227.5,4316.89990234375,5447908,-0.002618623710933,-0.2618623710933021,-11.25,103.2001953125,2.408462219993789,-32.0,-0.7412726892885892,4389.219921875,4442.314990234375,4471.9849853515625,4369.876000976563,4119.665988769531,4007.827501220703,4362.098675557292,4411.434400966137,4429.15450045201,4342.281750948459,4019.622543695807,-0.0418349085742972,-0.0194458832730774,0.0691328159803924,23.11899375823296,1.438314325072497,36.302581722063145,-34.86426739699065,0.0144208713859258,0.0130820803693082,0.0100118877589891,1.0011887758989175,2838344.4,2011009.7,2.709041134908499,0.8609096818467039,-0.052558304997093,-0.0385595103284344,-0.0400994654709925,0.1112724286009705,4592.25,4227.5,0.1573677925805346,4592.25,3895.60009765625,0.5588169945589208,0.8425136208534241,1,1,0.8358591198921204,0.850526382525762,0.5103158295154572,1.3333333333333333,0.0066545009613037,0.8732064068317413,0.0,0.5103158295154572,0.1720230728387832,0.8,0.5,0.8425136208534241,1,0,0,-0.0022062261443508,-0.0442810878490194,2.282404055612629,-0.0038273711679425,0.0055544571661363,-0.0028121554673679,0,1
2024-09-23,4268.5,4309.39990234375,4253.0,4300.0,1702319,-0.0038273711679425,-0.3827371167942517,-16.39990234375,56.39990234375,1.3213049629553708,-31.5,-0.7325581395348837,4340.269921875,4424.210009765625,4460.2874755859375,4376.772001953125,4123.648989257813,4011.601251220703,4330.899117038195,4385.446328063204,4413.854071837533,4339.388348950481,4022.098936295849,-0.0429989045853468,-0.0247378666068986,0.0640389541959396,22.720693064439487,-10.807344143696357,26.88059654891125,-37.6879406926076,0.0141783017801732,0.0130588503474867,0.0096982605624994,0.9698260562499462,2947784.2,2003917.45,0.8494955717861532,-0.6875279465071731,-0.0542292139810557,-0.0406894658189392,-0.0519606403544598,0.0849866186992678,4592.25,4227.5,0.1124057573680603,4592.25,3971.300048828125,0.4786214261084818,0.0,0,0,0.8425136208534241,0.5594575802485148,0.5103158295154572,0.6666666666666666,-0.8425136208534241,0.8358591198921204,0.8732064068317413,0.5103158295154572,0.1720230728387832,0.8,0.5,0.0,0,0,1,-0.0,-0.0,0.0,0.0006559223819841,0.0,-0.0035726836125102,1,0
2024-09-24,4271.2998046875,4291.0,4240.0,4251.64990234375,3012026,0.0006559223819841,0.0655922381984197,2.7998046875,51.0,1.1940159279859144,19.64990234375,0.4621712228214713,4293.39990234375,4400.55498046875,4448.994970703125,4378.518994140625,4128.15548828125,4015.5197497558593,4311.032679587964,4364.692414722166,4400.277474966101,4336.718209959776,4024.578546926611,-0.0399405185183973,-0.0244875469528867,0.0636978699823832,25.045001757881167,-20.055014146792928,17.493474409770414,-37.54848855656334,0.0145954267082648,0.0117700682496942,0.00972123998366,0.972123998366002,3210316.6,2107983.9,1.4288657517735313,0.7693663761022465,-0.0520124960295618,-0.0524751905773749,-0.0502207181349558,0.0940409337570111,4592.25,4227.5,0.1200817126456477,4592.25,4110.5,0.333782677088739,0.8054856061935425,1,1,0.0,0.5493330756823221,0.6714129507541656,0.6666666666666666,0.8054856061935425,0.8425136208534241,0.8358591198921204,0.6714129507541656,0.2525716334581375,1.0,0.6,0.8054856061935425,1,0,0,0.0005283360374684,-0.0418953168940108,1.1509307962364943,0.0008077623838798,0.0038864276485655,-0.0042960246796215,1,1
2024-09-25,4274.75,4289.60009765625,4240.0,4252.35009765625,2713073,0.0008077623838798,0.0807762383879806,3.4501953125,49.60009765625,1.1603040565237734,22.39990234375,0.526765243437883,4279.119921875,4380.094970703125,4437.42998046875,4380.629990234375,4132.269987792969,4019.3352502441408,4298.938453058643,4348.339248409045,4388.322477350282,4334.288084079,4027.067815116396,-0.0366608557621826,-0.0241700372938163,0.0635465154941591,25.86374541944312,-26.79656322233313,8.635466883349705,-35.43203010568284,0.0050144329141686,0.011917123392809,0.0096961590040769,0.9696159004076907,3160575.4,2151234.65,1.2611701842939356,-0.0992531272970419,-0.0164283110219567,-0.0456762908001551,-0.0513309472183122,0.0745437767000045,4592.25,4227.5,0.1295407813570939,4592.25,4110.5,0.34094447327452,0.0,0,0,0.8054856061935425,0.2684952020645141,0.4967716693878173,0.3333333333333333,-0.8054856061935425,0.0,0.8425136208534241,0.4967716693878173,0.2525716334581375,0.6,0.6,0.0,0,0,1,0.0,-0.0,0.0,0.0041522896075794,-0.0098251359728639,-0.0110766939952628,1,0
2024-09-26,4292.5,4316.7998046875,4260.0,4260.0,3964251,0.0041522896075794,0.4152289607579407,17.75,56.7998046875,1.3232336560861968,32.5,0.7629107981220657,4278.38994140625,4357.574951171875,4426.464990234375,4382.910986328125,4136.760988769532,4023.235500488281,4296.792302039095,4338.186657789218,4379.196527126445,4332.649335683745,4029.708931383895,-0.0302645543407499,-0.0206280681059115,0.0669273522464791,30.22754685306793,-30.357075310321303,0.8369584446155036,-31.19403375493681,0.0031500951022936,0.0114484354024947,0.0097774444574439,0.9777444457443972,3367915.4,2242765.15,1.767572944496663,0.4611663600647679,-0.000849575183994,-0.0498484152503445,-0.0486058367349677,0.0684771504812744,4592.25,4227.5,0.1782042494859493,4592.25,4110.5,0.3777893098079917,0.0,0,0,0.0,0.2684952020645141,0.3295998454093933,0.3333333333333333,0.0,0.8054856061935425,0.0,0.3295998454093933,0.2525716334581375,0.4,0.6,0.0,0,0,1,0.0,-0.0,0.0,0.0037740699621433,-0.0093768200349446,-0.0333837634682585,1,0
2024-09-27,4308.7001953125,4378.0,4300.0498046875,4335.0,3012477,0.0037740699621433,0.3774069962143356,16.2001953125,77.9501953125,1.8091348151190283,-26.2998046875,-0.6066852292387543,4283.15,4336.1849609375,4414.2125,4382.773994140625,4140.637490234375,4027.1210009765614,4300.761599796897,4332.825482793451,4372.482590763212,4331.710153708402,4032.4849638607966,-0.0239028602921811,-0.0169011221950197,0.0699207186145277,33.40409863417216,-31.508377459055737,-5.632108736118745,-25.87626872293699,0.0032026524478763,0.0116383202434719,0.009502511296777,0.9502511296777084,2880829.2,2211527.9,1.3621700182936871,-0.2400892375381882,0.0055544571661363,-0.0472957806847877,-0.0538127487647542,0.0866150167864574,4588.0,4227.5,0.2252432602288488,4592.25,4110.5,0.4114171153347172,0.0,0,0,0.0,0.0,0.1610971212387085,0.0,0.0,0.0,0.8054856061935425,0.1610971212387085,0.3357064753770828,0.2,0.5,0.0,0,0,1,0.0,0.0,0.0,-0.0093300052197259,-0.008320397342858,-0.039930903792268,0,0
2024-09-30,4268.5,4298.75,4260.0498046875,4286.89990234375,2503416,-0.0093300052197259,-0.9330005219725934,-40.2001953125,38.7001953125,0.9066462530748508,-18.39990234375,-0.429212315727044,4283.15,4311.7099609375,4401.585009765625,4382.09599609375,4143.532990722656,4030.443000488281,4290.007733197932,4321.129940467368,4362.579486881002,4329.231324151209,4034.83337218059,-0.0302357013372124,-0.0259227539047548,0.0590647230299197,20.54156184908432,-35.25817817078041,-11.557322623051078,-23.700855547729333,0.0054684573639507,0.0116773883175815,0.009567557197562,0.9567557197562072,3041048.6,2275873.7,1.0999801966163587,-0.1689841947341008,0.0,-0.0542292139810557,-0.0558608764773288,0.0615650659257716,4555.89990234375,4227.5,0.1248477837763897,4592.25,4110.5,0.3279709392838609,0.0,0,0,0.0,0.0,0.1610971212387085,0.0,0.0,0.0,0.0,0.1610971212387085,0.3357064753770828,0.2,0.5,0.0,0,0,1,-0.0,0.0,0.0,0.0045448992254304,-0.0035726836125102,-0.0355394624136113,1,0
2024-10-01,4287.89990234375,4295.75,4242.9501953125,4255.5498046875,1823365,0.0045448992254304,0.4544899225430443,19.39990234375,52.7998046875,1.2313674733554258,32.35009765625,0.7601860897178615,4286.47001953125,4289.9349609375,4390.3625,4382.1069921875,4146.642490234375,4033.808000488281,4289.305122913205,4315.088115353983,4355.467145496502,4327.610484080329,4037.3514471075855,-0.0233380723473859,-0.0214981263606077,0.0629905790817787,25.8970153584373,-36.24668306370404,-16.49519471118167,-19.75148835252237,0.005846446657869,0.0120631603480841,0.0097079659743127,0.9707965974312736,2803316.4,2281178.8,0.7993082348477025,-0.2716492185078308,0.0038864276485655,-0.0483282111836365,-0.049741307845125,0.0688219378222192,4549.35009765625,4227.5,0.1876647010008359,4592.25,4110.5,0.368240586079398,0.0,0,0,0.0,0.0,0.0,0.0,0.0,0.0,0.0,0.0,0.3357064753770828,0.0,0.5,0.0,0,0,1,0.0,0.0,0.0,-0.0128617513467619,-0.0081507749311373,-0.0449987069582499,0,0
2024-10-03,4232.75,4279.0,4210.0,4262.60009765625,3350119,-0.0128617513467619,-1.286175134676193,-55.14990234375,69.0,1.6301458862441676,-29.85009765625,-0.7002791013086775,4278.07001953125,4278.594970703125,4378.0375,4380.714990234375,4149.367990722656,4036.838250732422,4270.45341527547,4300.117548925986,4343.779798306358,4323.890465096787,4039.295711315471,-0.0331855311883464,-0.0337764475808683,0.0485309881395503,15.581584627906151,-41.0075075050845,-21.39765726996224,-19.609850235122263,0.0084515864155083,0.0065901746070456,0.0099289008618655,0.9928900861865588,2930725.6,2385409.5,1.404420918085553,0.8373276880931684,-0.0098251359728639,-0.0260920366052254,-0.0550315342970363,0.0599894950809625,4549.35009765625,4210.0,0.0670399099841868,4592.25,4110.5,0.2537623248572911,0.0,1,1,0.0,0.0,0.0,0.3333333333333333,0.0,0.0,0.0,0.0,0.2483858346939086,0.2,0.4,0.0,0,0,1,-0.0,-0.0,0.0,0.0046069340263421,-0.0012639767659913,-0.0292363120902486,1,0
2024-10-04,4252.25,4298.0,4224.0498046875,4225.0,2965463,0.0046069340263421,0.4606934026342157,19.5,73.9501953125,1.739083904109589,27.25,0.6449704142011834,4270.02001953125,4274.20498046875,4366.852490234375,4379.634990234375,4152.951491699218,4039.885001220703,4264.385610183647,4291.41435821217,4335.062674658134,4321.081035092991,4041.414659461586,-0.0262437282895773,-0.0290857549815032,0.0525670900818038,18.457599715610986,-42.71462058587986,-25.66104993314576,-17.053570652734095,0.0085356017890847,0.0061303862104528,0.0100578027263593,1.005780272635932,2730968.0,2449243.0,1.2107671635684985,-0.1148186079360166,-0.0093768200349446,-0.0102184289053323,-0.0499782583699821,0.0669301216911304,4549.35009765625,4210.0,0.1245026899706326,4592.25,4110.5,0.2942397509081473,0.0,0,0,0.0,0.0,0.0,0.3333333333333333,0.0,0.0,0.0,0.0,0.1647999227046966,0.2,0.3,0.0,0,0,1,0.0,-0.0,0.0,0.0048445170571462,-0.0242341830060556,-0.0303839603298253,1,0
2024-10-07,4272.85009765625,4297.25,4229.39990234375,4273.89990234375,1472619,0.0048445170571462,0.484451705714628,20.60009765625,67.85009765625,1.5879353617733332,-1.0498046875,-0.0245631557005886,4262.85,4273.0,4357.657495117188,4378.6419921875,4156.2019921875,4042.888751220703,4267.207106007849,4288.039038111094,4329.137667324621,4319.189625781746,4043.717499642627,-0.0194616941684759,-0.0241608916006394,0.0568804537018519,22.669424487987826,-41.92201340781776,-28.91324262808016,-13.008770779737596,0.0087233881601429,0.0063626200903288,0.0101794596953958,1.0179459695395872,2422996.4,2440415.0,0.6034297445311556,-0.5034100914427191,-0.008320397342858,-0.0028121554673679,-0.0412632304580131,0.0930381807805429,4549.35009765625,4210.0,0.1852072478844988,4592.25,4110.5,0.3370007216528282,0.0,0,0,0.0,0.0,0.0,0.3333333333333333,0.0,0.0,0.0,0.0,0.0805485606193542,0.2,0.2,0.0,0,0,1,0.0,-0.0,0.0,-0.0045871250355824,-0.0318757251482351,-0.0451689143286034,0,0
2024-10-08,4253.25,4279.39990234375,4203.9501953125,4272.60009765625,1541867,-0.0045871250355824,-0.4587125035582451,-19.60009765625,75.44970703125,1.7739306890319169,-19.35009765625,-0.452888105930264,4259.8,4271.475,4347.842504882812,4375.949990234375,4159.722492675781,4046.1872509765626,4262.554737338566,4281.713758454531,4321.910270436562,4316.60375810403,4045.802400143696,-0.0217561939689813,-0.0280396235121972,0.0511747816350965,22.067315330270503,-42.38682168923151,-31.60795844031044,-10.778863248921075,0.0078967029852627,0.0064142340612814,0.0101943862784951,1.019438627849513,2230686.6,2458261.45,0.6272184758866881,0.0470237040266354,-0.0035726836125102,-0.0035726836125102,-0.0441167788437164,0.0839896151411119,4549.35009765625,4203.9501953125,0.1427325380029658,4592.25,4110.5,0.2963155163466528,0.0,0,0,0.0,0.0,0.0,0.0,0.0,0.0,0.0,0.0,0.0805485606193542,0.2,0.2,0.0,0,0,1,-0.0,-0.0,0.0,-7.048837653556017e-05,-0.0320813954769881,-0.055898430611885,0,0
2024-10-09,4252.9501953125,4295.0,4246.7001953125,4260.0,1082504,-7.048837653556017e-05,-0.007048837653556,-0.2998046875,48.2998046875,1.1356776465601428,-7.0498046875,-0.1654883729460093,4252.81005859375,4269.6400390625,4335.097509765625,4373.3869921875,4163.447995605468,4049.115751953125,4259.353223329877,4276.484019701435,4315.342644234271,4314.107539955343,4047.863572234928,-0.0189493579482519,-0.0275385638385409,0.050340483168715,34.07387629433704,-42.291863062115226,-33.7447393646714,-8.54712369744383,0.0073848878264087,0.0064058192876333,0.0095591969380478,0.9559196938047896,2082514.4,2443107.1,0.4430849552195235,-0.2979264748515923,-0.0081507749311373,-0.0042960246796215,-0.0565457805432082,0.0164915921029138,4549.35009765625,4203.9501953125,0.1418645450317298,4592.25,4110.5,0.2956931921380384,0.0,2,1,0.0,0.0,0.0,0.6666666666666666,0.0,0.0,0.0,0.0,0.0,0.6,0.3,0.0,0,0,1,-0.0,-0.0,0.0,-0.0060076633384775,-0.0371507393420146,-0.0438989846432428,0,0
2024-10-10,4227.39990234375,4293.85009765625,4198.60009765625,4253.25,2378875,-0.0060076633384775,-0.6007663338477576,-25.55029296875,95.25,2.253158021487194,-25.85009765625,-0.6077728244577676,4251.7400390625,4264.905029296875,4322.5,4370.62798828125,4166.712495117187,4050.947751464844,4248.702116334502,4267.5596347273095,4306.967145006603,4310.707240441163,4049.6500033802895,-0.0220011793305378,-0.0327705964272251,0.0435582391343112,37.18070112824398,-43.77370673282621,-35.75053283830236,-8.02317389452385,0.0050382838244238,0.0066205976095307,0.00955345968677,0.9553459686770004,1888265.6,2495754.9,0.9531685182707644,1.197566937396998,-0.0012639767659913,-0.0110766939952628,-0.056247042499386,0.0139594416926021,4547.0,4198.60009765625,0.0826630676236084,4592.25,4110.5,0.2426567770498183,-0.2870928645133972,3,1,0.0,-0.0956976215044657,-0.0574185729026794,1.6666666666666667,-0.2870928645133972,0.0,0.0,-0.0574185729026794,-0.0287092864513397,1.0,0.6,0.2870928645133972,0,1,0,0.0017247572768756,0.0003628787104268,-0.2736478802743441,-0.0184982989160534,-0.0280077364524011,-0.0424610881739581,0,0
2024-10-11,4149.2001953125,4241.9501953125,4112.4501953125,4143.0,5759183,-0.0184982989160534,-1.849829891605348,-78.19970703125,129.5,3.121083435460665,6.2001953125,0.1496547263456432,4231.130078125,4250.575048828125,4304.075,4365.904990234375,4169.86349609375,4052.397752685547,4215.534809327168,4246.039736651889,4291.941721226212,4304.373630828274,4050.640552553744,-0.0359832959898467,-0.0496357102150868,0.0238876952694985,29.75236235674683,-50.6740029704024,-38.73522686472237,-11.938776105680027,0.0087251330858895,0.0082905413301611,0.0097665841479138,0.9766584147913824,2447009.6,2646603.25,2.176065868580793,1.4209691555882509,-0.0242341830060556,-0.0333837634682585,-0.081568051014618,-0.0070002030975057,4547.0,4112.4501953125,0.084570283092011,4592.25,4110.5,0.080332527893098,-0.9578256011009216,1,1,-0.2870928645133972,-0.4149728218714396,-0.2489836931228637,2.0,-0.6707327365875244,0.0,0.0,-0.2489836931228637,-0.1244918465614318,1.2,0.7,0.9578256011009216,0,1,0,0.0177181442786134,0.0232121209049649,-2.0842915986085973,-0.0030247499223895,-0.0063025135915454,-0.0220886296563649,0,0
2024-10-14,4136.64990234375,4165.39990234375,4122.2001953125,4140.0,2137590,-0.0030247499223895,-0.3024749922389547,-12.55029296875,43.19970703125,1.0443162474729573,-3.35009765625,-0.0809202332427536,4203.8900390625,4233.37001953125,4284.777490234375,4360.695986328125,4173.027995605469,4054.000002441406,4189.239840332695,4226.150675868591,4277.152024189786,4297.7962297112335,4051.496366979516,-0.0345706604901256,-0.0513785149633948,0.020387247126929,30.09812780346728,-56.50389942788661,-42.28896137735522,-14.214938050531387,0.0070932576706201,0.0079107046975179,0.0096925166923917,0.9692516692391744,2580003.8,2680543.45,0.7974465028723933,-0.6288379792758799,-0.0318757251482351,-0.039930903792268,-0.0853381212087514,-0.0414547185041014,4546.0498046875,4112.4501953125,0.0558111827317648,4592.25,4110.5,0.0542810635054488,0.0,1,1,-0.9578256011009216,-0.4149728218714396,-0.2489836931228637,1.6666666666666667,0.9578256011009216,-0.2870928645133972,0.0,-0.2489836931228637,-0.1244918465614318,1.4,0.8,0.0,0,0,1,-0.0,-0.0,0.0,-0.0047985926111376,-0.0137308706388998,-0.0110717140122374,0,0
2024-10-15,4116.7998046875,4169.9501953125,4095.0,4131.0498046875,2759474,-0.0047985926111376,-0.4798592611137686,-19.85009765625,74.9501953125,1.820593637493853,-14.25,-0.3449486371195654,4176.6,4218.2,4264.95498046875,4357.370986328125,4175.875993652344,4055.683751220703,4165.093161784297,4206.268699290211,4261.880384237187,4290.698330690695,4052.146152429347,-0.0347378053132385,-0.0552101674141245,0.0150692354768544,27.820893848483152,-62.011046614415136,-46.23337842476721,-15.777668189647926,0.0070800835783616,0.0077009121628611,0.0096770798170066,0.9677079817006652,2823525.2,2760761.15,0.9995337698808172,0.2909276334563691,-0.0320813954769881,-0.0355394624136113,-0.0878413992826676,-0.0431387369535648,4535.7998046875,4095.0,0.049455114216656,4592.25,4095.0,0.0438407334087481,0.0,0,0,0.0,-0.3192752003669739,-0.2489836931228637,0.6666666666666666,0.0,-0.9578256011009216,-0.2870928645133972,-0.2489836931228637,-0.1244918465614318,1.4,0.8,0.0,0,0,1,-0.0,-0.0,0.0,-0.0053074850739028,-0.0246064442026443,-0.0100927435529388,0,0
2024-10-16,4094.949951171875,4115.0,4067.199951171875,4085.0,2359151,-0.0053074850739028,-0.5307485073902884,-21.849853515625,47.800048828125,1.1672926262370018,9.949951171875,0.2435728561046511,4144.999951171875,4198.905004882812,4244.419982910156,4356.168989257812,4177.890993652344,4057.221000976562,4141.712091580157,4186.028926905059,4245.982247754777,4283.021923650742,4052.572060874546,-0.0352156554582513,-0.0599653132672529,0.009299210022385,25.484069626932,-67.36209273485747,-50.45912128678527,-16.9029714480722,0.0062313419963886,0.0071561675732822,0.0096546619949346,0.9654661994934622,3078854.6,2793750.5,0.844438685559072,-0.1450722130377021,-0.0371507393420146,-0.0449987069582499,-0.0911522111290176,-0.0448762387260032,4497.0498046875,4067.199951171875,0.0645574257453859,4592.25,4067.199951171875,0.0528521044078294,0.0,1,1,0.0,0.0,-0.2489836931228637,0.6666666666666666,0.0,0.0,-0.9578256011009216,-0.2489836931228637,-0.1244918465614318,1.2,0.9,0.0,0,0,1,-0.0,-0.0,0.0,0.0034310672891384,-0.0070086207436215,-0.0025153051810016,1,0
2024-10-17,4109.0,4129.9501953125,4092.949951171875,4112.7998046875,2522659,0.0034310672891384,0.3431067289138445,14.050048828125,37.000244140625,0.9004683412174496,-3.7998046875,-0.092389731276714,4121.319970703125,4186.530004882812,4232.562487792969,4354.924985351562,4180.485993652344,4058.6460009765615,4130.808061053438,4172.023667467775,4232.936319397179,4276.197534487968,4053.133532905645,-0.0291933050366845,-0.0564705445395195,0.0124066003813394,24.724551905034133,-69.66604699410072,-54.30050642824836,-15.365540565852363,0.007988713562957,0.0069091748925841,0.0065735409743269,0.6573540974326937,3107611.4,2771794.5,0.9101176151406608,0.0693079841010599,-0.0280077364524011,-0.0292363120902486,-0.0545655137702134,-0.0449405774210656,4422.2001953125,4067.199951171875,0.1177465354405978,4592.25,4067.199951171875,0.0796115511681596,0.0,0,0,0.0,0.0,-0.1915651202201843,0.3333333333333333,0.0,0.0,0.0,-0.1915651202201843,-0.1244918465614318,0.6,0.8,0.0,0,0,1,0.0,-0.0,0.0,0.0034192759035045,-0.0148698217708079,-0.0342054146576112,1,0
2024-10-18,4123.0498046875,4146.14990234375,4080.0,4090.0,2361000,0.0034192759035045,0.3419275903504548,14.0498046875,66.14990234375,1.6043925122743874,33.0498046875,0.8080636842909537,4116.089892578125,4173.6099853515625,4223.907482910156,4353.376977539063,4183.245991210937,4060.2834997558593,4128.221975598126,4163.119328780452,4222.470937043877,4270.191741162459,4053.829217201982,-0.0238778142349766,-0.0529077022366589,0.0154586015817404,24.275967800644366,-69.55644215668144,-57.35169357393498,-12.20474858274646,0.0043565977121018,0.006773892528296,0.0063752206076667,0.6375220607666714,2427974.8,2743466.95,0.860589918898057,-0.0640827793213431,-0.0063025135915454,-0.0303839603298253,-0.0402919128966648,-0.0425428610304789,4378.0,4067.199951171875,0.179697055152364,4592.25,4067.199951171875,0.1063705329430555,0.0,0,0,0.0,0.0,0.0,0.3333333333333333,0.0,0.0,0.0,0.0,-0.1244918465614318,0.4,0.8,0.0,0,0,1,0.0,-0.0,0.0,-0.0104776097980034,-0.0158862393039512,-0.0336764919399631,0,0
2024-10-21,4079.85009765625,4139.9501953125,4070.0,4132.60009765625,1595450,-0.0104776097980034,-1.0477609798003495,-43.19970703125,69.9501953125,1.7145285644853534,-52.75,-1.276436111733058,4104.729931640625,4154.309985351562,4213.654992675782,4351.522983398438,4185.645493164063,4061.626750488281,4112.098016284168,4147.979468576051,4208.887999959341,4262.7273629857455,4054.088131435358,-0.031755066623184,-0.062431678926815,0.0044867114305316,24.075841022915768,-72.12403388875464,-60.30616163689892,-11.817872251855718,0.0060563792257364,0.0065152365720183,0.0066494074941714,0.664940749417143,2319546.8,2550844.05,0.6254596395259836,-0.3242481999152901,-0.0137308706388998,-0.0451689143286034,-0.047854047786587,-0.0561364724913244,4378.0,4067.199951171875,0.0407018806209088,4592.25,4067.199951171875,0.0240932202798747,0.0,0,0,0.0,0.0,0.0,0.0,0.0,0.0,0.0,0.0,-0.1244918465614318,0.2,0.8,0.0,0,0,1,-0.0,-0.0,0.0,-0.0157726622586494,0.002696177491011,-0.028358932937013,0,1
2024-10-22,4015.5,4089.800048828125,4006.35009765625,4066.0,1928049,-0.0157726622586494,-1.5772662258649484,-64.35009765625,83.449951171875,2.078195770685469,-50.5,-1.2420068863748157,4084.469970703125,4130.534985351563,4201.004992675781,4347.257983398437,4187.763994140625,4062.7047509765625,4079.898677522779,4123.892292471314,4190.470095201308,4253.032172280422,4053.704169928538,-0.0441572892674964,-0.0763143077004801,-0.0116190454069338,16.682970586057223,-78.44709464414063,-63.93434823834726,-14.512746405793372,0.0084867394999692,0.0074126512956972,0.007287594861468,0.7287594861468025,2153261.8,2562130.55,0.7525178605750593,0.2084672036102666,-0.0246064442026443,-0.055898430611885,-0.0592714068173831,-0.0848593478284819,4378.0,4006.35009765625,0.0246196818189581,4592.25,4006.35009765625,0.0156168354136057,0.0,0,0,0.0,0.0,0.0,0.0,0.0,0.0,0.0,0.0,-0.1244918465614318,0.2,0.8,0.0,0,0,1,-0.0,-0.0,0.0,0.0126385257128627,0.0148798406176067,-0.0109948704628938,1,1
2024-10-23,4066.25,4113.5498046875,3995.14990234375,3999.60009765625,1966476,0.0126385257128627,1.2638525712862725,50.75,118.39990234375,2.91177134568091,66.64990234375,1.6664141593257429,4078.72998046875,4111.864965820312,4190.752502441406,4344.669985351563,4191.065493164063,4064.069001464844,4075.34911834852,4113.411875658348,4178.639609944041,4245.707381210602,4053.8290040586025,-0.029708865500617,-0.0640831147797831,0.0005366539136933,29.41394161632724,-78.45864259044993,-66.8392071087678,-11.619435481682132,0.0115391710050131,0.0093289115280866,0.008057977677868,0.8057977677868089,2074726.8,2509853.05,0.7835024444957047,0.0199305100648374,-0.0070086207436215,-0.0438989846432428,-0.0480064182014265,-0.0718655339157132,4378.0,3995.14990234375,0.1857126277138597,4592.25,3995.14990234375,0.1190756758127048,0.0,0,0,0.0,0.0,0.0,0.0,0.0,0.0,0.0,0.0,-0.1244918465614318,0.0,0.6,0.0,0,0,1,0.0,-0.0,0.0,-0.0045127814709499,0.0045250297802028,0.0180510058023362,0,1
2024-10-24,4047.89990234375,4079.0,4004.0,4004.0,2676744,-0.0045127814709499,-0.4512781470949911,-18.35009765625,75.0,1.852812614179879,43.89990234375,1.0964011574363135,4066.5099609375,4093.914965820312,4179.409997558594,4341.688979492187,4194.834992675781,4065.253000488281,4066.199379680263,4101.500607782966,4166.188209220204,4237.950225176608,4053.770008021639,-0.0314661866846434,-0.0676670020667393,-0.0042686391578695,24.662108164135148,-79.03739999571462,-69.27884568615717,-9.758554309557454,0.0112594101927408,0.0093129601098168,0.0080333929948363,0.8033392994836335,2105543.8,2508036.6,1.067266721705736,0.361188237232491,-0.0148698217708079,-0.0424610881739581,-0.0530674536888121,-0.0727204435408144,4378.0,3995.14990234375,0.1377823861687053,4592.25,3995.14990234375,0.0883436465796194,0.8470144867897034,1,1,0.0,0.2823381622632344,0.1694028973579406,0.3333333333333333,0.8470144867897034,0.0,0.0,0.1694028973579406,-0.0110811114311218,0.2,0.4,0.8470144867897034,1,0,0,-0.0038223912816107,-0.0125949544558552,0.9039903745533132,0.0023839884179912,-0.01962744956363,0.0254452932347371,1,0
2024-10-25,4057.550048828125,4092.0,4032.699951171875,4057.050048828125,1759676,0.0023839884179912,0.2383988417991256,9.650146484375,59.300048828125,1.4614742422031652,0.5,0.0123242255821917,4053.410009765625,4084.749951171875,4167.6625,4336.93498046875,4198.3819921875,4066.6247509765626,4063.3162693962176,4093.509597063904,4155.841717754292,4230.87570845706,4053.807620367973,-0.0264206737402261,-0.064419903203259,-0.0022315071353112,22.559263060090444,-77.82031904102132,-70.98714035713,-6.833178683891319,0.0111218837801974,0.0080253365025152,0.0079635290021358,0.796352900213586,1985279.0,2397807.85,0.7338686458967093,-0.3426057927093513,-0.0158862393039512,-0.0220886296563649,-0.0547349915368374,-0.0747488892627563,4378.0,3995.14990234375,0.1629884564908803,4592.25,3995.14990234375,0.1045053362565328,0.0,0,0,0.8470144867897034,0.2823381622632344,0.1694028973579406,0.3333333333333333,-0.8470144867897034,0.0,0.0,0.1694028973579406,0.0847014486789703,0.2,0.3,0.0,0,0,1,0.0,-0.0,0.0,0.0082069348319542,-0.0180774350959477,0.0220453106173537,1,0
2024-10-28,4090.85009765625,4134.0,4051.0,4068.949951171875,1532534,0.0082069348319542,0.8206934831954227,33.300048828125,83.0,2.0289181470509705,21.900146484375,0.5382259980383308,4055.610009765625,4080.169970703125,4156.769995117187,4330.430986328125,4202.140493164063,4068.620251464844,4072.494212149562,4093.026051717057,4149.652039649716,4225.384508033499,4054.176202231538,-0.0158584423815536,-0.055324952511256,0.0054637309007648,30.00001202663178,-73.32351019232556,-71.45441432416912,-1.869095868156436,0.0111823314907389,0.008658396479026,0.0082133239307038,0.8213323930703891,1972695.8,2323810.7,0.6594917563638036,-0.1290817173161422,0.002696177491011,-0.0110717140122374,-0.0505605142574673,-0.069648175660872,4298.75,3995.14990234375,0.3152179332328679,4592.25,3995.14990234375,0.1602749617495365,0.0,0,0,0.0,0.2823381622632344,0.1694028973579406,0.3333333333333333,0.0,0.8470144867897034,0.0,0.1694028973579406,0.0847014486789703,0.2,0.2,0.0,0,0,1,0.0,0.0,0.0,-0.0038134121964497,-0.0309716054824619,0.0263637373850584,0,0
2024-10-29,4075.25,4103.5,4060.10009765625,4095.85009765625,1445885,-0.0038134121964497,-0.3813412196449706,-15.60009765625,43.39990234375,1.0649629432243422,-20.60009765625,-0.5029504782911343,4067.560009765625,4076.014990234375,4147.107495117188,4322.135986328125,4205.428493652344,4070.6625012207032,4073.412808099708,4089.794042313956,4142.566131111648,4219.496880267479,4054.385891761573,-0.0173271358897238,-0.0571212907481578,0.0011269661333802,28.910506558123743,-70.20922603339204,-71.2053766660137,0.9961506326216636,0.00747086704828,0.0086168756833761,0.0080652493212555,0.8065249321255513,1876263.0,2270934.15,0.6366917332235283,-0.0565396917784531,0.0148798406176067,-0.0100927435529388,-0.0452735152864003,-0.0485167845725439,4298.0,3995.14990234375,0.2644876071566192,4592.25,3995.14990234375,0.1341485254660996,0.8498663902282715,1,1,0.0,0.2832887967427571,0.339376175403595,0.3333333333333333,0.8498663902282715,0.0,0.8470144867897034,0.339376175403595,0.1696880877017975,0.4,0.3,0.8498663902282715,1,0,0,-0.0032408908578491,0.0126458764328574,0.5411029050028616,0.0023065829933746,-0.0254953444190541,0.0299735972869763,1,0
2024-10-30,4084.64990234375,4107.0,4060.050048828125,4075.0,1935002,0.0023065829933746,0.2306582993374606,9.39990234375,46.949951171875,1.1494241194315178,9.64990234375,0.2368074194785276,4071.239990234375,4074.9849853515625,4136.944995117187,4313.36298828125,4207.970993652344,4072.396251220703,4077.158506181056,4088.8587441375535,4137.05029980042,4214.208763486156,4054.687026195226,-0.0126409930117903,-0.0530243076130802,0.0030089535416338,32.38306375316813,-66.219304912408,-70.20816231529257,3.9888574028845625,0.0052221986430431,0.0085279823664114,0.0079806048948641,0.7980604894864151,1869968.2,2276516.0,0.8499839228013333,0.3382820902077275,0.0045250297802028,-0.0025153051810016,-0.047400826658501,-0.0169432150402454,4298.0,3995.14990234375,0.2955257425790464,4592.25,3995.14990234375,0.1498911159976481,0.0,0,0,0.8498663902282715,0.2832887967427571,0.339376175403595,0.3333333333333333,-0.8498663902282715,0.0,0.0,0.339376175403595,0.1696880877017975,0.4,0.2,0.0,0,0,1,0.0,0.0,0.0,-0.0284479585643803,0.0134650462866943,0.0160846576532303,0,1
2024-10-31,3968.449951171875,4078.300048828125,3960.0,4070.0,3740372,-0.0284479585643803,-2.844795856438032,-116.199951171875,118.300048828125,2.981014005057346,-101.550048828125,-2.495087194794226,4055.35,4060.92998046875,4123.729992675781,4301.701987304688,4208.715993652344,4073.8470007324217,4040.922321177996,4066.966236325612,4120.993123740559,4204.571163003244,4053.828945846736,-0.0376552397416178,-0.0774698101161623,-0.0258716268778866,29.60620733462873,-71.60817415711517,-70.48816468365709,-1.120009473458083,0.014380491250898,0.0121858827846166,0.009644132174828,0.9644132174828056,2082693.8,2296028.65,1.6290615537397586,0.9330067875898836,-0.01962744956363,-0.0342054146576112,-0.0624416865697536,-0.0486071717124656,4298.0,3960.0,0.0249998555380917,4592.25,3960.0,0.0133648891607354,0.0,0,0,0.0,0.2832887967427571,0.1699732780456543,0.3333333333333333,0.0,0.8498663902282715,0.0,0.1699732780456543,0.1696880877017975,0.2,0.2,0.0,0,0,1,-0.0,-0.0,0.0,0.0039688039899177,0.0459751170902376,0.0447151793156606,1,1
2024-11-01,3984.199951171875,3998.949951171875,3976.050048828125,3989.85009765625,154895,0.0039688039899177,0.3968803989917724,15.75,22.89990234375,0.5747678988102602,-5.650146484375,-0.1416130016436972,4040.67998046875,4047.044995117188,4110.327490234375,4291.345986328125,4209.970993652344,4075.3185009765625,4022.014864509289,4051.917820843114,4107.965202543542,4195.929154696131,4053.136120029076,-0.0306855206457789,-0.0715733562697559,-0.0223586327750463,32.92259424181279,-73.75776488550855,-71.14208472402738,-2.6156801614811656,0.0145691030294463,0.0122212738003561,0.0096180551508924,0.9618055150892428,1761737.6,2155500.25,0.071860348891168,-0.9585883436192978,-0.0180774350959477,-0.0336764919399631,-0.0630372270746369,-0.0514826349761151,4297.25,3960.0,0.0717567121478873,4592.25,3960.0,0.0382759211892052,0.0,0,0,0.0,0.0,0.1699732780456543,0.0,0.0,0.0,0.8498663902282715,0.1699732780456543,0.1696880877017975,0.2,0.2,0.0,0,0,1,0.0,-0.0,0.0,-0.0050323902097905,0.040861415296248,0.0088600093521264,0,1
2024-11-04,3964.14990234375,3991.89990234375,3913.25,3966.300048828125,2269192,-0.0050323902097905,-0.5032390209790516,-20.050048828125,78.64990234375,1.9840294711673063,-2.150146484375,-0.0542103839322564,4015.33994140625,4035.4749755859375,4094.89248046875,4281.350986328125,4211.091491699219,4076.5740002441407,4002.726543787443,4035.960017479593,4094.2685072864174,4186.83977225094,4052.250685027232,-0.031928207821963,-0.0740890165270987,-0.0275780834332107,32.90785252379901,-76.20080693096088,-72.1538291654141,-4.046977765546785,0.0130172696401403,0.0119875848093097,0.0094347643325955,0.943476433259554,1909069.2,2195328.9,1.033645573563032,13.649872494270312,-0.0309716054824619,-0.028358932937013,-0.0722469050533339,-0.0499454559199342,4295.0,3913.25,0.1333330775212835,4592.25,3913.25,0.0749630373251104,0.0,0,0,0.0,0.0,0.1699732780456543,0.0,0.0,0.0,0.0,0.1699732780456543,0.1696880877017975,0.2,0.2,0.0,0,0,1,-0.0,-0.0,0.0,0.0018163277095659,0.0591678666919419,0.0190205083919241,1,1
2024-11-05,3971.35009765625,3986.0,3941.10009765625,3941.10009765625,967590,0.0018163277095659,0.1816327709565968,7.2001953125,44.89990234375,1.1305954206920292,30.25,0.7675521872177138,3994.5599609375,4031.0599853515614,4080.7974853515625,4270.728984375,4212.488493652344,4077.753000488281,3992.267728410379,4024.2127593298937,4082.561992083545,4178.389196776639,4051.445704058367,-0.0268200978088682,-0.0701001837892467,-0.0260935134666788,35.69115401769186,-76.67211139257233,-73.05748561084575,-3.614625781726588,0.0135098623805498,0.0111338551720641,0.0095114084290947,0.951140842909476,1813410.2,2166615.05,0.4465906391631499,-0.5735971217948944,-0.0254953444190541,-0.0109948704628938,-0.0662787050711221,-0.0608690280446349,4295.0,3913.25,0.1521940999508841,4592.25,3913.25,0.085567154132916,0.0,0,0,0.0,0.0,0.0,0.0,0.0,0.0,0.0,0.0,0.1696880877017975,0.0,0.2,0.0,0,0,1,0.0,-0.0,0.0,0.0423784860435307,0.0569201402870289,0.025558058973421,1,1
2024-11-06,4139.64990234375,4149.7998046875,3975.25,4003.60009765625,3792017,0.0423784860435307,4.237848604353078,168.2998046875,174.5498046875,4.2165354270339375,136.0498046875,3.3981866662243565,4005.5599609375,4038.3999755859377,4075.132470703125,4263.578984375,4215.103493652344,4079.037249755859,4041.395119721503,4045.2013307869584,4087.9989359178494,4176.870008759663,4052.323357772649,0.0158319838936409,-0.0290669136153969,0.0148595486818657,52.61451057325053,-62.74198532454602,-70.9943855535858,8.252400229039779,0.0255268395565465,0.0174030289568656,0.0139767284968096,1.397672849680968,2184813.2,2302090.7,1.6472057334665398,2.919032854824874,0.0134650462866943,0.0180510058023362,-0.0266403996674183,-0.0133471574853558,4293.85009765625,3913.25,0.5948498272541949,4592.25,3913.25,0.3334313731130339,0.0,0,0,0.0,0.0,0.0,0.0,0.0,0.0,0.0,0.0,0.1696880877017975,0.0,0.2,0.0,0,0,1,0.0,0.0,0.0,0.00271762111903,0.0025848068230218,0.0253524326424512,1,1
2024-11-07,4150.89990234375,4205.7998046875,4085.050048828125,4169.7001953125,3724349,0.00271762111903,0.2717621119030067,11.25,120.749755859375,2.909001871887956,-18.80029296875,-0.4508787703702281,4042.049951171875,4048.6999755859374,4071.307470703125,4256.475986328125,4218.2919921875,4080.272749023437,4077.896713928919,4064.4192528881927,4093.989504148889,4175.851573213941,4053.30421891266,0.0195495997817327,-0.0248036366993464,0.0173094196551483,52.38708262569463,-50.21562461227995,-66.83863336532464,16.623008753044687,0.0188896371194855,0.01725539359282,0.0139568041933656,1.3956804193365646,2181608.6,2369364.4,1.5718768290770302,-0.0178448567081845,0.0459751170902376,0.0254452932347371,-0.0180962297788734,-0.0109723229549358,4241.9501953125,3913.25,0.7229989690691021,4592.25,3913.25,0.3499998561763623,0.0,1,1,0.0,0.0,0.0,0.3333333333333333,0.0,0.0,0.0,0.0,0.0849866390228271,0.2,0.2,0.0,0,0,1,0.0,0.0,0.0,-0.0009395317727483,-0.0012045580759914,0.0395577342686068,0,0
2024-11-08,4147.0,4169.75,4117.64990234375,4155.0,1648039,-0.0009395317727483,-0.0939531772748303,-3.89990234375,52.10009765625,1.256332231884495,-8.0,-0.1925391095066185,4074.6099609375,4057.644970703125,4071.1974609375,4249.179990234375,4221.610991210938,4081.7012487792967,4100.93114261928,4079.433934181248,4099.038122801376,4174.720138970258,4054.236515241887,0.0186192243903208,-0.0240469903532466,0.0159979251887266,56.1712954860597,-40.14036982966627,-61.49898065819297,21.3586108285267,0.0193494388954819,0.017293020071764,0.0133242240469603,1.3324224046960322,2480237.4,2163807.2,0.761638560034369,-0.557496088578165,0.040861415296248,0.0220453106173537,-0.0005302697408974,-0.0345148710785169,4205.7998046875,3913.25,0.7990092498940151,4592.25,3913.25,0.3442562592047128,0.0,0,0,0.0,0.0,0.0,0.3333333333333333,0.0,0.0,0.0,0.0,0.0849866390228271,0.2,0.2,0.0,0,0,1,-0.0,0.0,0.0,0.0124668905986256,-0.0307451169520135,0.0496021691132144,1,0
2024-11-11,4198.7001953125,4234.2998046875,4117.64990234375,4128.2001953125,1406487,0.0124668905986256,1.2466890598625602,51.7001953125,116.64990234375,2.77823842897809,70.5,1.7077660158063928,4121.52001953125,4068.42998046875,4074.299975585937,4242.078994140625,4225.580993652344,4083.2717492675774,4133.520826850354,4101.118708932385,4108.529748754816,4175.660533336621,4055.673964794829,0.0305329063819539,-0.0102258347588627,0.0282686172101149,67.23749159245361,-27.66497947842072,-54.73218042223852,27.0672009438178,0.0178877386349834,0.0175054226074605,0.0135834108509433,1.3583410850943396,2307696.4,2127252.05,0.6611755292467576,-0.1465693469632697,0.0591678666919419,0.0263637373850584,0.0150001316121999,-0.0492181064498615,4234.2998046875,3913.25,0.8891149944487536,4588.0,3913.25,0.4230458618932938,0.0,0,0,0.0,0.0,0.0,0.3333333333333333,0.0,0.0,0.0,0.0,0.0849866390228271,0.2,0.2,0.0,0,0,1,0.0,0.0,0.0,-0.0003096894058313,-0.0379046226406097,0.0318788203845636,0,0
2024-11-12,4197.39990234375,4218.0,4164.35009765625,4216.0,1587640,-0.0003096894058313,-0.0309689405831314,-1.30029296875,53.64990234375,1.2781699049879165,-18.60009765625,-0.4411787869129506,4166.72998046875,4080.644970703125,4078.32998046875,4235.60599609375,4229.682492675781,4084.745748291016,4154.81385201482,4118.624380461724,4116.993572906143,4176.51305761141,4057.0841731286487,0.0291957547440324,-0.0090202190159413,0.0275792328322678,63.606153783807066,-17.67926990183605,-47.32159831815802,29.642328416321973,0.0182035384332783,0.0173943450675548,0.0135224333695227,1.3522433369522748,2431706.4,2068660.35,0.76747253361336,0.1287982043204096,0.0569201402870289,0.0299735972869763,0.0195783379032608,-0.0651670596116369,4234.2998046875,3913.25,0.885064865933598,4555.89990234375,3913.25,0.4421534980515094,0.0,0,0,0.0,0.0,0.0,0.0,0.0,0.0,0.0,0.0,0.0,0.2,0.1,0.0,0,0,1,-0.0,0.0,0.0,-0.0112092737842844,-0.0296730851444375,0.0113165295433197,0,0
2024-11-13,4150.35009765625,4196.75,4131.0498046875,4178.10009765625,1098813,-0.0112092737842844,-1.120927378428449,-47.0498046875,65.7001953125,1.583003692859589,-27.75,-0.664177481424312,4168.87001953125,4087.214990234375,4081.099987792969,4228.36599609375,4233.078493652344,4085.782248535156,4153.325933895297,4124.392692678911,4120.170384787105,4175.487059181796,4058.012192278177,0.0169684913553737,-0.0184506020788108,0.0158030568428463,60.0313440656638,-13.40749587927712,-40.53877783038184,27.13128195110472,0.0084845306076168,0.0179775315867089,0.0137313891356565,1.3731389135656549,1893065.6,2005643.45,0.547860588082094,-0.3078953667078179,0.0025848068230218,0.0160846576532303,0.0135288946494989,-0.0824508043098893,4234.2998046875,3913.25,0.7385150035740902,4549.35009765625,3913.25,0.3727402314979355,0.0,0,0,0.0,0.0,0.0,0.0,0.0,0.0,0.0,0.0,0.0,0.2,0.1,0.0,0,0,1,-0.0,0.0,0.0,-0.0010722457642822,0.022708927628352,0.0290336952702008,0,1
2024-11-14,4145.89990234375,4160.0,4116.4501953125,4135.0,1825432,-0.0010722457642822,-0.107224576428222,-4.4501953125,43.5498046875,1.0504306836467647,10.89990234375,0.2636010240326481,4167.87001953125,4104.959985351563,4082.944982910156,4221.698994140625,4236.3694921875,4087.220498046875,4150.850590044782,4128.303094436154,4122.620815030595,4174.32677852148,4058.886696855944,0.015418997732544,-0.0179546414611931,0.0143567992783642,58.73971477908057,-10.262873739759016,-34.48359701225728,24.22072327249826,0.0084109030877941,0.0146451617180177,0.0137222199391941,1.3722219939194118,1513282.2,1970782.1,0.926247503465756,0.6612763045213335,-0.0012045580759914,0.0447151793156606,0.0089802634080675,-0.0891135005286718,4234.2998046875,3913.25,0.7246536174354763,4549.35009765625,3913.25,0.3657441701407732,0.0,0,0,0.0,0.0,0.0,0.0,0.0,0.0,0.0,0.0,0.0,0.0,0.1,0.0,0,0,1,-0.0,-0.0,0.0,-0.0304879291157738,0.0408114521088287,0.0315371820545125,0,1
2024-11-18,4019.5,4213.0,3990.199951171875,4213.0,3313944,-0.0304879291157738,-3.0487929115773804,-126.39990234375,222.800048828125,5.5429791971171785,-193.5,-4.5929266555898405,4142.37001953125,4108.489990234375,4077.767492675781,4212.569990234375,4238.179992675781,4088.1089978027344,4107.067060029855,4108.52071362958,4112.799785027681,4168.255140148089,4058.494789424542,-0.014289066941761,-0.0458318771395969,-0.0167825754742865,44.03975751959283,-17.76536571211909,-31.139950752229645,13.374585040110553,0.0160031925033168,0.0183605603128088,0.0153457676124681,1.5345767612468104,1846463.2,2018429.3,1.641842991478572,0.8154299913664271,-0.0307451169520135,0.0088600093521264,-0.0251148566213714,-0.1071745890715237,4234.2998046875,3913.25,0.3309455369500084,4549.35009765625,3913.25,0.1670334596575046,0.0,0,0,0.0,0.0,0.0,0.0,0.0,0.0,0.0,0.0,0.0,0.0,0.1,0.0,0,0,1,-0.0,-0.0,0.0,0.004988194757588,0.0828959311637018,0.0704689638014679,1,1
2024-11-19,4039.550048828125,4132.14990234375,4014.10009765625,4019.89990234375,1776233,0.004988194757588,0.4988194757588049,20.050048828125,118.0498046875,2.922350342502781,19.650146484375,0.4888217856598428,4110.539990234375,4116.030004882812,4075.752490234375,4204.2259912109375,4240.0169921875,4089.255247802734,4084.561389629278,4095.980592756589,4105.823619675342,4163.207881664953,4058.306284542986,-0.0088823944763554,-0.039169146170323,-0.0121550737145393,47.03980624230481,-21.84149808352322,-29.28026021848836,7.438762134965142,0.0140632975640293,0.0182659624139557,0.0152408187371726,1.5240818737172668,1920412.4,2027468.45,0.8760841629866053,-0.4640123671371634,-0.0379046226406097,0.0190205083919241,-0.0098778258670033,-0.095062582674137,4234.2998046875,3913.25,0.3933970585998692,4549.35009765625,3913.25,0.1985537328063386,0.0,0,0,0.0,0.0,0.0,0.0,0.0,0.0,0.0,0.0,0.0,0.0,0.1,0.0,0,0,1,0.0,-0.0,0.0,0.0082435044560928,0.0725327703129645,0.0779418127538642,1,1
2024-11-21,4072.85009765625,4092.449951171875,4024.0,4044.89990234375,2384347,0.0082435044560928,0.8243504456092898,33.300048828125,68.449951171875,1.6806400807941595,27.9501953125,0.6909984421692296,4085.630029296875,4126.180004882813,4078.619995117188,4196.691997070313,4241.403994140625,4090.614498291016,4080.657625638269,4091.77504819289,4102.683284244952,4159.664439154807,4058.450999101327,-0.0014146690468455,-0.0295094087201339,-0.0043427217700878,49.058877226433374,-22.1297289741633,-27.85015396962336,5.7204249954600535,0.0156097171311156,0.0183701955891275,0.0149071900195958,1.4907190019595888,2079753.8,2050283.35,1.1629353572031884,0.3423616158465696,-0.0296730851444375,0.025558058973421,0.0142821809628315,-0.0954147362037467,4234.2998046875,3913.25,0.4971194354458487,4549.35009765625,3913.25,0.2509040609242262,0.0,0,0,0.0,0.0,0.0,0.0,0.0,0.0,0.0,0.0,0.0,0.0,0.1,0.0,0,0,1,0.0,-0.0,0.0,0.0421694871851126,0.0422430977232644,0.0960506028091652,1,1
2024-11-22,4244.60009765625,4254.9501953125,4054.0,4071.0,3096553,0.0421694871851126,4.21694871851126,171.75,200.9501953125,4.734255069716912,173.60009765625,4.264310922531319,4104.480029296875,4136.675024414062,4087.5375,4191.426997070313,4244.80849609375,4092.834748535157,4135.30511631093,4119.561420822592,4116.199171236504,4162.995249292118,4060.3032289376943,0.0384247478234144,0.0126861569157959,0.037080741941856,70.23224915099074,-8.402505552595358,-23.960624286217755,15.558118733622395,0.0259233864917991,0.018320059460503,0.0173949229638494,1.739492296384941,2479301.8,2106787.2,1.4697986583552434,0.2987006505345069,0.022708927628352,0.0253524326424512,0.0438610753535197,-0.0561577466109991,4254.9501953125,3913.25,0.9697100036867572,4549.35009765625,3913.25,0.520908735711769,0.0,0,0,0.0,0.0,0.0,0.0,0.0,0.0,0.0,0.0,0.0,0.0,0.1,0.0,0,0,1,0.0,0.0,0.0,0.0166093385426175,0.0061843281807618,0.0473307020029238,1,1
2024-11-25,4315.10009765625,4328.10009765625,4252.2001953125,4280.0,4052167,0.0166093385426175,1.660933854261759,70.5,75.89990234375,1.7589372349664634,35.10009765625,0.8200957396320093,4138.320068359375,4153.095043945313,4100.897509765625,4188.141997070313,4248.177497558594,4095.330499267578,4195.2367767593705,4155.113907519621,4135.1421166098135,4168.960145306398,4062.83852116375,0.0522330995545575,0.0303137049017791,0.0536634585237934,72.44302422892244,8.072128245528802,-17.554073779868443,25.626202025397244,0.026132651309638,0.0188443789402517,0.0176000842279571,1.7600084227957131,2924648.8,2175558.35,1.862587137688125,0.3086057303072158,0.0408114521088287,0.0395577342686068,0.0660095856515103,-0.0423762974906781,4328.10009765625,3913.25,0.9686633796799248,4547.0,3913.25,0.6340829943293885,0.0,0,0,0.0,0.0,0.0,0.0,0.0,0.0,0.0,0.0,0.0,0.0,0.0,0.0,0,0,1,0.0,0.0,0.0,0.0087136096047164,-0.0089106149202389,0.0317605157669318,1,0
2024-11-26,4352.7001953125,4366.60009765625,4310.0,4321.0498046875,2060669,0.0087136096047164,0.8713609604716455,37.60009765625,56.60009765625,1.3003445014936623,31.650390625,0.7324699333635422,4204.960107421875,4173.665063476563,4115.655017089844,4184.841997070313,4251.530500488281,4097.823250732422,4247.724582943747,4191.0386871183255,4155.861933629117,4176.1656374635,4065.722716926424,0.0575959785838099,0.0401110002145123,0.0621981303206581,75.74031411715767,23.887052792187205,-9.265848465457314,33.152901257644515,0.0151626435824615,0.0188078314625302,0.0176387191817412,1.7638719181741278,2673993.8,2190608.0,0.9406835910395652,-0.4914649371558477,0.0828959311637018,0.0496021691132144,0.0727409749559635,-0.0352630028508146,4366.60009765625,3913.25,0.9693395845382844,4547.0,3913.25,0.6934125369822485,0.0,0,0,0.0,0.0,0.0,0.0,0.0,0.0,0.0,0.0,0.0,0.0,0.0,0.0,0,0,1,0.0,0.0,0.0,-0.0046294000783009,-0.0114756801688965,0.0183448447611878,0,0
2024-11-27,4332.5498046875,4377.39990234375,4324.0498046875,4358.9501953125,1558993,-0.0046294000783009,-0.4629400078300927,-20.150390625,53.35009765625,1.2313787506500011,-26.400390625,-0.6056593776499278,4263.56005859375,4187.050024414062,4127.740002441406,4181.040991210937,4255.2034985351565,4099.654499511718,4275.999656858332,4216.767981221812,4172.689349920392,4182.298349903657,4068.377712824544,0.0496179028051563,0.0362371031030437,0.0568085201334698,73.52477435218677,34.39800749777805,-0.5330772728102398,34.93108477058829,0.0173797402275746,0.0188318166494355,0.0176981399431423,1.769813994314236,2630545.8,2191930.95,0.7112418390734434,-0.2434529757083743,0.0725327703129645,0.0318788203845636,0.0590830026183863,-0.0485753928767499,4377.39990234375,3913.25,0.9033715240921586,4546.0498046875,3913.25,0.6626105153344126,0.0,0,0,0.0,0.0,0.0,0.0,0.0,0.0,0.0,0.0,0.0,0.0,0.0,0.0,0,0,1,-0.0,0.0,0.0,-0.0202305585152002,0.0050432421186732,0.0219040507098902,0,1
2024-11-28,4244.89990234375,4339.9501953125,4233.0,4319.0,2558544,-0.0202305585152002,-2.023055851520028,-87.64990234375,106.9501953125,2.5194986400845223,-74.10009765625,-1.7156771858358415,4297.97001953125,4191.800024414062,4136.222497558594,4175.6739892578125,4257.442998046875,4101.012498779297,4265.633072020139,4221.882875971255,4179.5665453892825,4184.753312744446,4070.134152521253,0.0262745548261252,0.0165783807030974,0.0350858241976298,57.659550274326975,35.24907088359396,6.6233523584706,28.62571852512336,0.0234374913171431,0.0202560587025333,0.0183987078718791,1.8398707871879187,2665385.2,2247563.9,1.138363185135693,0.6411516921499969,0.0422430977232644,0.0113165295433197,0.0416293239295135,-0.0610809246245049,4377.39990234375,3913.25,0.7145318800436365,4535.7998046875,3913.25,0.5327283051839163,0.0,0,0,0.0,0.0,0.0,0.0,0.0,0.0,0.0,0.0,0.0,0.0,0.0,0.0,0,0,1,-0.0,0.0,0.0,0.0061132643665335,0.0516266360539503,0.0494829790574742,1,1
2024-11-29,4270.85009765625,4298.7001953125,4195.64990234375,4220.0,2017425,0.0061132643665335,0.6113264366533588,25.9501953125,103.05029296875,2.4128754372648613,50.85009765625,1.2049786174466826,4303.22001953125,4203.850024414062,4145.532507324218,4170.977993164062,4260.0334985351565,4101.686749267578,4267.372080565509,4230.786007186709,4188.260217033756,4188.129657250791,4072.1313261046857,0.0302295519600012,0.0239445292341199,0.0412423860546831,58.54649293828356,37.584260673665085,12.8155340215095,24.768726652155586,0.0142410194524365,0.0198021367940279,0.018419535894574,1.8419535894574013,2449559.6,2251685.05,0.8959623371838793,-0.2114948970977243,0.0061843281807618,0.0290336952702008,0.0455853499722607,-0.0535197834329027,4377.39990234375,3913.25,0.7704409628237106,4497.0498046875,3913.25,0.6125389128001993,0.0,0,0,0.0,0.0,0.0,0.0,0.0,0.0,0.0,0.0,0.0,0.0,0.0,0.0,0,0,1,0.0,0.0,0.0,0.0013579977182254,0.0408934751513743,0.0475431822809537,1,1
2024-12-02,4276.64990234375,4288.2001953125,4230.0498046875,4270.0,1670944,0.0013579977182254,0.1357997718225423,5.7998046875,58.150390625,1.3597182830685206,6.64990234375,0.1557354178864168,4295.52998046875,4216.925024414062,4160.9425048828125,4169.587993164063,4262.867998046875,4102.652999267578,4270.464687824923,4239.124897215262,4196.678282301375,4191.601039411299,4074.166336813532,0.0278079779581564,0.0256768556881908,0.0424108261427995,59.21265831041645,39.448177143252,18.142062645858,21.306114497393995,0.0115195330604659,0.0197609074261729,0.0169393549858156,1.693935498581561,1973315.0,2148213.65,0.7778295236137244,-0.1717441788418404,-0.0089106149202389,0.0315371820545125,0.0776625521208511,-0.0452308082058938,4377.39990234375,3913.25,0.7829365050143123,4422.2001953125,3913.25,0.714018592960003,0.0,0,0,0.0,0.0,0.0,0.0,0.0,0.0,0.0,0.0,0.0,0.0,0.0,0.0,0,0,1,0.0,-0.0,0.0,0.0061029306237918,0.0410367937538727,0.0323969219207818,1,1
2024-12-03,4302.75,4325.0,4265.4501953125,4314.35009765625,2010905,0.0061029306237918,0.6102930623791858,26.10009765625,59.5498046875,1.3839940662948116,-11.60009765625,-0.2688724232776495,4285.53994140625,4245.250024414063,4176.870007324219,4169.719995117188,4266.040498046875,4103.496248779297,4281.226458549949,4250.693097721577,4206.780350653625,4195.959822179483,4076.4408011238456,0.0301373977296511,0.0319038220884358,0.0485570691772842,57.67271475564722,42.54101775561139,23.02185366780868,19.519164087802714,0.0109737762622602,0.0158040089189256,0.0169466532504964,1.6946653250496415,1963362.2,2241014.15,0.8973191891715633,0.2034544544880019,-0.0114756801688965,0.0704689638014679,0.07995332883191,-0.0386957378332507,4377.39990234375,3913.25,0.8391685488528571,4378.0,3913.25,0.8380849919311458,0.0,0,0,0.0,0.0,0.0,0.0,0.0,0.0,0.0,0.0,0.0,0.0,0.0,0.0,0,0,1,0.0,-0.0,0.0,0.0120039282653534,0.0301667084277497,0.005984544767881,1,1
2024-12-04,4354.39990234375,4386.9501953125,4289.0498046875,4313.5498046875,3302642,0.0120039282653534,1.2003928265353458,51.64990234375,97.900390625,2.2483095907728923,40.85009765625,0.9470181058732308,4289.9099609375,4276.735009765625,4196.382507324219,4171.109995117187,4270.492998046875,4104.599747314453,4305.617606481216,4269.548880380154,4220.839355576494,4202.173158656513,4079.206563325039,0.0376556223708713,0.0439427172721713,0.0608585904612831,60.7770397998611,48.59960568439055,28.13740407112505,20.4622016132655,0.0124911211266582,0.0158631586403216,0.0168974564085359,1.6897456408535974,2312092.0,2292686.65,1.4405117245306942,0.642365999388335,0.0050432421186732,0.0779418127538642,0.0984448140493552,-0.022965187110843,4386.9501953125,3941.10009765625,0.926992742314377,4386.9501953125,3913.25,0.9312850336756214,0.0,0,0,0.0,0.0,0.0,0.0,0.0,0.0,0.0,0.0,0.0,0.0,0.0,0.0,0,0,1,0.0,0.0,0.0,0.0251814038220814,0.016776202141983,-0.001504180790555,1,1
2024-12-05,4464.0498046875,4489.0,4360.0,4400.7998046875,3746747,0.0251814038220814,2.518140382208145,109.64990234375,129.0,2.8897527053695247,63.25,1.4372387476619464,4333.73994140625,4315.85498046875,4221.017492675781,4175.020991210938,4275.896496582031,4106.316495361328,4358.428339216644,4304.91268479967,4244.002255491828,4212.442831049885,4083.035849308745,0.0575767128265693,0.0692281102502269,0.0871178122120599,69.82929920263906,61.53952170519369,34.81782759793879,26.721694107254905,0.0092107741526469,0.0168101237021724,0.0174752208119009,1.7475220811900944,2549732.6,2431644.5,1.540828439354519,0.1344696155381055,0.0516266360539503,0.0960506028091652,0.1240635287536155,0.0032587566465094,4489.0,3975.25,0.951435142944039,4489.0,3913.25,0.9566648800477636,0.0,0,0,0.0,0.0,0.0,0.0,0.0,0.0,0.0,0.0,0.0,0.0,0.0,0.0,0,0,1,0.0,0.0,0.0,-0.0041553758356418,-0.0020384202177683,-0.0430438527235923,0,0
2024-12-06,4445.5,4465.0,4412.75,4453.0,1842087,-0.0041553758356418,-0.415537583564185,-18.5498046875,52.25,1.175345855359352,-7.5,-0.1684257803727823,4368.669921875,4335.944970703125,4236.309997558594,4178.504995117188,4278.511994628906,4107.796495361328,4387.45222614443,4330.474014836093,4263.192516873559,4221.582327871458,4086.642457773335,0.0493802395391185,0.0638972563619788,0.0822103784888123,68.60638810803927,69.49657095775729,41.75357626990249,27.7429946878548,0.0112544670414639,0.0126178835657081,0.0153460655077949,1.5346065507794926,2514665.0,2334148.0,0.789190316980757,-0.5083503102824931,0.0408934751513743,0.0473307020029238,0.0738830830798242,-0.0138314487628298,4489.0,3990.199951171875,0.91279070621144,4489.0,3913.25,0.9244463742943986,0.0,0,0,0.0,0.0,0.0,0.0,0.0,0.0,0.0,0.0,0.0,0.0,0.0,0.0,0,0,1,-0.0,0.0,0.0,0.0014958727575637,0.0063884607679114,-0.0619053414267236,1,1
2024-12-09,4452.14990234375,4469.39990234375,4415.5498046875,4430.4501953125,2066639,0.0014958727575637,0.1495872757563798,6.64990234375,53.85009765625,1.2095302008564814,21.69970703125,0.489785599084461,4403.769921875,4349.649951171875,4251.372497558594,4182.052993164062,4281.341491699219,4109.556744384766,4409.01811821087,4352.596903473849,4281.188458346911,4230.624193537038,4090.27934776906,0.0472264909509706,0.0645847648562046,0.0833649902576715,81.56415267345257,75.46921918068983,48.49670485205996,26.97251432862987,0.011233974321516,0.0119196113484679,0.0153525355087317,1.5352535508731715,2593804.0,2251262.5,0.9179911272008484,0.1219008657028686,0.0410367937538727,0.0317605157669318,0.0725746240784808,-0.0060723530689713,4489.0,3990.199951171875,0.9261225059162982,4489.0,3913.25,0.935996356654364,0.0,0,0,0.0,0.0,0.0,0.0,0.0,0.0,0.0,0.0,0.0,0.0,0.0,0.0,0,0,1,0.0,0.0,0.0,-0.0044023894267198,-0.0082992953610565,-0.0660018427280623,0,0
2024-12-10,4432.5498046875,4493.7998046875,4412.10009765625,4426.14990234375,2087828,-0.0044023894267198,-0.4402389426719888,-19.60009765625,81.69970703125,1.84317628974752,6.39990234375,0.1445929867933551,4429.7298828125,4357.634912109375,4265.649987792969,4184.853989257813,4283.882487792969,4111.20349243164,4416.86201370308,4367.133794603604,4295.603824665062,4238.542844954704,4093.685023957304,0.0391264678002529,0.0591886398104934,0.0781635627736329,78.69029579542809,77.72505579097015,54.342375039842,23.38268075112814,0.0126055432855895,0.011966463218613,0.015426021620498,1.5426021620498054,2609188.6,2273251.95,0.9184322925578046,0.0102528791917697,0.0301667084277497,0.0183448447611878,0.0688569579666023,-0.0188481720662541,4493.7998046875,3990.199951171875,0.878375659618615,4493.7998046875,3913.25,0.8944965625594004,0.0,0,0,0.0,0.0,0.0,0.0,0.0,0.0,0.0,0.0,0.0,0.0,0.0,0.0,0,0,1,-0.0,0.0,0.0,-0.0011504911619057,-0.0234740294575969,-0.0570889929809463,0,0
2024-12-11,4427.4501953125,4448.64990234375,4407.0,4431.85009765625,1635256,-0.0011504911619057,-0.1150491161905797,-5.099609375,41.64990234375,0.9407198388780578,-4.39990234375,-0.099279132795508,4444.33994140625,4367.124951171875,4277.087487792969,4187.228989257813,4285.001491699219,4112.699244384766,4420.391407572887,4378.100412914312,4308.160621869581,4245.950976341284,4097.00607043845,0.0351553967387092,0.0573699710885089,0.0765314778019512,76.99864899127904,78.19988707918401,59.11387744771041,19.0860096314736,0.0124169542930662,0.0118055602322114,0.0153070341264641,1.5307034126464123,2275711.4,2284690.4,0.7157451180256196,-0.216766898422667,0.016776202141983,0.0219040507098902,0.054481146392729,-0.0210387609536955,4493.7998046875,3990.199951171875,0.8682493473502542,4493.7998046875,3913.25,0.8857124593974933,0.0,0,0,0.0,0.0,0.0,0.0,0.0,0.0,0.0,0.0,0.0,0.0,0.0,0.0,0,0,1,-0.0,0.0,0.0,0.0062112499942099,-0.0179787674947818,-0.0583518924571471,1,0
2024-12-12,4454.9501953125,4485.0,4426.0,4430.0498046875,1914642,0.0062112499942099,0.6211249994209966,27.5,59.0,1.3243694634808671,24.900390625,0.5620792479274733,4442.52001953125,4388.12998046875,4289.965002441406,4190.957993164063,4286.526994628906,4114.45499633789,4431.911003486091,4392.0731006230735,4322.140581245097,4254.1470241440775,4100.567703521773,0.0384584006576281,0.0629908967303034,0.0827558447662377,70.52397481841301,79.87447128414715,63.26599621499776,16.608475069149392,0.0044155454225925,0.0087921070391002,0.015307508286759,1.5307508286759095,1909290.4,2301040.5,0.8320766192511605,0.1708515363955245,-0.0020384202177683,0.0494829790574742,0.0613594841951892,-0.0129174773583338,4493.7998046875,3990.199951171875,0.9228561940521004,4493.7998046875,3913.25,0.9330813496769462,0.0,0,0,0.0,0.0,0.0,0.0,0.0,0.0,0.0,0.0,0.0,0.0,0.0,0.0,0,0,1,0.0,-0.0,0.0,0.0042536293786603,-0.0410891895405151,-0.0651185950319923,1,0
2024-12-13,4473.89990234375,4494.89990234375,4394.39990234375,4434.9501953125,1967048,0.0042536293786603,0.4253629378660362,18.94970703125,100.5,2.246362283325805,38.94970703125,0.8782445194630981,4448.2,4408.4349609375,4306.142492675781,4194.677993164062,4288.392492675781,4116.671246337891,4445.907303105311,4406.950700935923,4336.593849921159,4262.764784073476,4104.282451768759,0.0389577005297209,0.0665657553773441,0.0867760952064468,67.22716495642649,81.78787461207776,66.97037189441376,14.817502717664,0.0042250184534286,0.0087826876116036,0.0149330505686135,1.4933050568613595,1934282.6,2344452.25,0.8390224198424173,0.0273711743500872,0.0063884607679114,0.0475431822809537,0.0779572318176753,-0.0070467081748815,4494.89990234375,3990.199951171875,0.9583911194141398,4494.89990234375,3913.25,0.9638958075719074,0.8941259384155273,1,1,0.0,0.2980419794718424,0.1788251876831054,0.3333333333333333,0.8941259384155273,0.0,0.0,0.1788251876831054,0.0894125938415527,0.2,0.1,0.8941259384155273,1,0,0,0.0038032803598665,0.0057120884791395,0.750191708493268,-0.0131204783997288,-0.0678602794615951,-0.0704307437658983,0,0
2024-12-16,4415.2001953125,4475.0,4397.0,4459.0,1646224,-0.0131204783997288,-1.3120478399728852,-58.69970703125,78.0,1.7666243103270949,-43.7998046875,-0.9822786429132092,4440.81005859375,4422.289990234375,4319.607507324219,4198.326997070312,4289.520993652343,4118.789747314453,4435.671600507708,4408.450609004392,4344.080168529858,4268.742643337752,4107.376160659741,0.0221299476459831,0.0516570525339085,0.0719654233847001,56.48341562543687,77.6723265205037,69.11076281963176,8.561563700871943,0.0076819394992065,0.0104316030932005,0.0153790961592358,1.5379096159235843,1850199.6,2335491.85,0.7048725089749296,-0.1630992227947666,-0.0082992953610565,0.0323969219207818,0.0649558115999158,0.0158876924451025,4494.89990234375,3990.199951171875,0.8420849717813657,4494.89990234375,3913.25,0.8629764971848166,0.0,1,1,0.8941259384155273,0.2980419794718424,0.1788251876831054,0.6666666666666666,-0.8941259384155273,0.0,0.0,0.1788251876831054,0.0894125938415527,0.4,0.2,0.0,0,0,1,-0.0,-0.0,0.0,-0.0196367529165601,-0.0581854455654682,-0.0725675240784178,0,0
2024-12-17,4328.5,4432.9501953125,4318.0,4410.0,3225027,-0.0196367529165601,-1.96367529165602,-86.7001953125,114.9501953125,2.655658895980132,-81.5,-1.8480725623582763,4420.00009765625,4424.864990234375,4335.057507324219,4199.851997070313,4289.743493652344,4119.996746826172,4399.9477336718055,4393.9141346399565,4342.596342955586,4271.086069089213,4109.576397867107,-0.0015126690506734,0.030631556307086,0.0506076256818522,49.63086196890232,66.64648464011862,68.61790718372913,-1.9714225436105155,0.0112453574783865,0.0125979090393206,0.0142776840764039,1.4277684076403956,2077639.4,2331046.0,1.3835106643112147,0.9590450631262816,-0.0234740294575969,0.005984544767881,0.0768752332379649,0.0075300206909916,4494.89990234375,4014.10009765625,0.6539102122724383,4494.89990234375,3913.25,0.7139174240840686,0.0,1,1,0.0,0.2980419794718424,0.1788251876831054,1.0,0.0,0.8941259384155273,0.0,0.1788251876831054,0.0894125938415527,0.6,0.3,0.0,0,0,1,-0.0,-0.0,0.0,0.0044703933594201,-0.0344230102806977,-0.0499133197845673,1,0
2024-12-18,4347.85009765625,4362.0,4289.60009765625,4311.7001953125,1575404,0.0044703933594201,0.4470393359420122,19.35009765625,72.39990234375,1.6651885579674852,36.14990234375,0.8384140989916381,4404.080078125,4424.210009765625,4350.472509765625,4201.351997070313,4289.996994628907,4121.475496826172,4382.581854999954,4385.538855188373,4343.096700546125,4274.096423150666,4111.947280452074,-0.0006027878818882,0.034869275577979,0.0549256209346391,60.71841797570026,58.79209796977375,66.65274534093805,-7.860647371164305,0.0119465683687759,0.0120584051782615,0.0142758968078843,1.4275896807884343,2065669.0,2321004.55,0.6787595483171285,-0.5115067253700512,-0.0179787674947818,-0.001504180790555,0.0763203933857838,0.0146911705634167,4494.89990234375,4024.0,0.6877259817731799,4494.89990234375,3913.25,0.7471850264309081,0.0,0,0,0.0,0.0,0.1788251876831054,0.6666666666666666,0.0,0.0,0.8941259384155273,0.1788251876831054,0.0894125938415527,0.6,0.3,0.0,0,0,1,0.0,-0.0,0.0,-0.0174684484530507,-0.0411122729590784,-0.0395828038664493,0,0
2024-12-19,4271.89990234375,4364.0,4262.0,4282.0,3015763,-0.0174684484530507,-1.7468448453050731,-75.9501953125,102.0,2.3876963957895727,-10.10009765625,-0.235873368898879,4367.47001953125,4404.99501953125,4360.425,4201.724995117187,4288.8374926757815,4122.82974609375,4345.687870781219,4364.877227398441,4336.31605309828,4274.010285079807,4113.5388488291055,-0.0203019425070377,0.016701451739015,0.0361572428236308,50.09899166628298,45.90967576187086,62.50413142512462,-16.59445566325376,0.0117950835341634,0.0093720226821293,0.0149925329123565,1.4992532912356584,2285893.2,2352575.35,1.2818985797840652,0.914279130940381,-0.0410891895405151,-0.0430438527235923,0.0488723620842428,0.0007965098614852,4494.89990234375,4054.0,0.4942162635678316,4494.89990234375,3913.25,0.6166078613588265,0.0,0,0,0.0,0.0,0.1788251876831054,0.3333333333333333,0.0,0.0,0.0,0.1788251876831054,0.0894125938415527,0.6,0.3,0.0,0,0,1,-0.0,-0.0,0.0,-0.0237833516652643,-0.025059062041404,-0.0402631156937065,0,0
2024-12-20,4170.2998046875,4382.0,4152.5,4329.0,4116989,-0.0237833516652643,-2.378335166526435,-101.60009765625,229.5,5.503201466283969,-158.7001953125,-3.665978177696928,4306.75,4377.475,4356.709985351563,4200.071987304687,4286.729489746093,4123.159245605469,4287.2251820833135,4329.49951417827,4320.504981821063,4269.943207417364,4114.103634459538,-0.0427869151930755,-0.0070884934132505,0.0114331162766207,41.50625239344257,27.18857164621295,55.44101946934229,-28.252447823129337,0.0109704547085794,0.0112031437159378,0.0129160684237706,1.2916068423770686,2715881.4,2403597.15,1.7128448500615006,0.3651566784259903,-0.0678602794615951,-0.0619053414267236,-0.0175046626912571,-0.0236461977895249,4494.89990234375,4152.5,0.0519854257132059,4494.89990234375,3913.25,0.4419321720019576,0.0,0,0,0.0,0.0,0.0,0.0,0.0,0.0,0.0,0.0,0.0894125938415527,0.4,0.3,0.0,0,0,1,-0.0,-0.0,0.0,-0.0028774909627629,-0.002757595505981,-0.0180562089571741,0,0
2024-12-23,4158.2998046875,4217.0,4114.89990234375,4200.0498046875,2195338,-0.0028774909627629,-0.2877490962762907,-12.0,102.10009765625,2.4553327670399394,-41.75,-0.9940358315133448,4255.369921875,4348.089990234375,4348.869970703125,4198.689985351562,4284.658986816407,4123.355993652343,4244.250056284709,4298.372294270857,4305.056869713105,4265.565034761291,4114.543397347378,-0.0438206171486919,-0.009619710148874,0.0084746044457355,38.19753413464914,11.25393370207894,46.60360231588962,-35.349668613810685,0.0120568041682214,0.0109468655543841,0.0122512979552696,1.225129795526969,2825704.2,2310755.7,0.9500519678475746,-0.4667612665469837,-0.0581854455654682,-0.0660018427280623,-0.0363375795277417,-0.027241404833616,4494.89990234375,4114.89990234375,0.1142102693256578,4494.89990234375,3913.25,0.4213012049001904,0.0,0,0,0.0,0.0,0.0,0.0,0.0,0.0,0.0,0.0,0.0894125938415527,0.2,0.3,0.0,0,0,1,-0.0,-0.0,0.0,0.0050982844691962,-0.0152706054978993,-0.0312627184102577,1,0
2024-12-24,4179.5,4218.0,4158.2998046875,4158.2998046875,1181886,0.0050982844691962,0.5098284469196246,21.2001953125,59.7001953125,1.4284051994855844,21.2001953125,0.509828446919623,4225.569921875,4322.785009765625,4340.2099609375,4199.2959814453125,4282.600485839844,4123.777993164063,4222.666704189806,4276.759149857974,4293.099072597571,4262.189935358888,4115.189731702131,-0.0370281535648994,-0.0047141191125325,0.0135123682526816,34.96130273378951,0.3324644693302616,37.34937474657776,-37.0169102772475,0.0130973679194605,0.0115679486621062,0.0121142609899372,1.2114260989937242,2417076.0,2266816.55,0.5213858174804662,-0.4616382534261238,-0.0344230102806977,-0.0570889929809463,-0.0397914369335665,-0.0263249854397203,4494.89990234375,4114.89990234375,0.1700002569901315,4494.89990234375,3913.25,0.4577495825704593,0.0,0,0,0.0,0.0,0.0,0.0,0.0,0.0,0.0,0.0,0.0894125938415527,0.0,0.3,0.0,0,0,1,0.0,-0.0,0.0,-0.0024883125598157,-0.0160425420953462,-0.0170116276244167,0,0
2024-12-26,4169.10009765625,4199.9501953125,4143.14990234375,4179.5,1208464,-0.0024883125598157,-0.2488312559815741,-10.39990234375,56.80029296875,1.3624113510894478,-10.39990234375,-0.2488312559815767,4189.819921875,4296.95,4332.0374755859375,4199.9449853515625,4280.320485839844,4124.151743164062,4204.8111686786215,4257.184776730388,4281.2896464126825,4258.539353488196,4115.726153253913,-0.0376121810690589,-0.0073441170784123,0.0108988119961132,19.419387696211288,-9.057652802773193,28.06796923670757,-37.12562203948076,0.0119005030677197,0.0115158169783077,0.0120988645523732,1.2098864552373214,2343688.0,2249290.1,0.537264624069612,0.0224877864700994,-0.0411122729590784,-0.0583518924571471,-0.0377259845586562,-0.03239958486973,4494.89990234375,4114.89990234375,0.1426320929276315,4494.89990234375,3913.25,0.4398695789775012,0.0,0,0,0.0,0.0,0.0,0.0,0.0,0.0,0.0,0.0,0.0894125938415527,0.0,0.3,0.0,0,0,1,-0.0,-0.0,0.0,-0.0010194046437956,0.0015950450188251,-0.0312417540833866,0,1
2024-12-27,4164.85009765625,4180.9501953125,4147.25,4163.0,858100,-0.0010194046437956,-0.1019404643795685,-4.25,33.7001953125,0.8091574611884502,1.85009765625,0.0444414522279606,4168.4099609375,4267.939990234375,4328.034985351563,4200.905991210938,4279.138488769531,4124.572493896484,4191.490811671165,4240.396653262363,4270.200165578737,4254.865265024198,4116.214948720603,-0.0377041517103303,-0.0085828851276661,0.0097652796306449,20.01281354312205,-16.650392513933184,19.124296886579423,-35.77468940051261,0.0109709550527364,0.0108778185708494,0.0112990612641163,1.1299061264116352,1912155.4,2164267.9,0.3964851116629323,-0.2899250618967549,-0.025059062041404,-0.0651185950319923,-0.0188578780487383,-0.0242825119699543,4494.89990234375,4114.89990234375,0.1314478824013158,4494.89990234375,3913.25,0.4325627781289586,0.0,0,0,0.0,0.0,0.0,0.0,0.0,0.0,0.0,0.0,0.0894125938415527,0.0,0.3,0.0,0,0,1,-0.0,-0.0,0.0,-0.0014527036572468,-0.0155948458622917,0.0242025048498684,0,0
2024-12-30,4158.7998046875,4199.2998046875,4112.0,4151.0,1527169,-0.0014527036572468,-0.1452703657246812,-6.05029296875,87.2998046875,2.0991586223771086,7.7998046875,0.1879018233558178,4166.1099609375,4236.42998046875,4322.432470703125,4202.18298828125,4279.175988769532,4125.30599243164,4180.593809343277,4225.560862612388,4259.590607398619,4251.097992069818,4116.638678630722,-0.0378566159505568,-0.0103239634529799,0.0081191097865971,18.61559469791554,-22.89201659837272,10.721034189588996,-33.61305078796171,0.0032447103222134,0.0103801459510157,0.0111782340387694,1.1178234038769446,1394191.4,2139755.1,0.713712050505219,0.7797098240298332,-0.002757595505981,-0.0704307437658983,-0.0262360631739898,-0.0301080017249666,4494.89990234375,4112.0,0.1222246451384186,4494.89990234375,3913.25,0.4221608285294307,0.0,0,0,0.0,0.0,0.0,0.0,0.0,0.0,0.0,0.0,0.0,0.0,0.2,0.0,0,0,1,-0.0,-0.0,0.0,-0.0153889965531014,-0.0153409174963385,0.0318121331110072,0,0
2024-12-31,4094.800048828125,4139.9501953125,4032.050048828125,4135.0,1555429,-0.0153889965531014,-1.5388996553101442,-63.999755859375,107.900146484375,2.635052876763898,-40.199951171875,-0.9721874527660218,4153.410009765625,4204.389965820313,4313.339978027344,4201.898989257813,4278.411987304688,4125.4584924316405,4151.99588917156,4201.786169197067,4243.896268487144,4244.968660962301,4116.421378831692,-0.0506660570028068,-0.025488223468362,-0.0074315239529763,17.000496630213732,-32.62669386586549,2.0514885784980983,-34.678182444363586,0.0075105848866674,0.0105466877488602,0.011590732061848,1.159073206184804,1266209.6,2133979.35,0.7288866220753261,0.018504828214821,-0.0152706054978993,-0.0725675240784178,-0.0425215665691889,-0.0325910935377413,4494.89990234375,4032.050048828125,0.1355731227381314,4494.89990234375,3913.25,0.3121294237247727,0.0,0,0,0.0,0.0,0.0,0.0,0.0,0.0,0.0,0.0,0.0,0.0,0.1,0.0,0,0,1,-0.0,-0.0,0.0,0.0043103805494546,-0.0162401092133989,0.0337622726899546,1,0
2025-01-01,4112.4501953125,4134.0,4085.449951171875,4094.39990234375,763161,0.0043103805494546,0.4310380549454651,17.650146484375,48.550048828125,1.180562597048929,18.05029296875,0.440853199474177,4140.000048828125,4182.784985351563,4303.824987792968,4201.686997070313,4277.531987304687,4125.477742919922,4138.81399121854,4185.543264854417,4231.377594851464,4239.7718583878,4116.38186456782,-0.0444662115730237,-0.0212383268482479,-0.0031578276309403,19.959963381254965,-38.473774696448345,-6.053564076491191,-32.42021061995715,0.0073022545803197,0.0101858330411713,0.0115306865058909,1.1530686505890964,1182464.6,2071592.15,0.3683934600736926,-0.509356582653403,-0.0160425420953462,-0.0499133197845673,-0.0442274835134507,-0.0328766663972014,4494.89990234375,4032.050048828125,0.1737067558165724,4494.89990234375,3913.25,0.3424743896798153,0.0,0,0,0.0,0.0,0.0,0.0,0.0,0.0,0.0,0.0,0.0,0.0,0.0,0.0,0,0,1,0.0,-0.0,0.0,0.0153922361806717,-0.0009848855977311,0.033349924213083,1,0
2025-01-02,4175.75,4183.0,4096.9501953125,4120.0,1720835,0.0153922361806717,1.539223618067176,63.2998046875,86.0498046875,2.060702980003592,55.75,1.3531553398058254,4141.330029296875,4165.574975585938,4294.892492675781,4203.604995117187,4277.563989257813,4125.744742431641,4151.125994145694,4183.762671244524,4226.079728675134,4237.261197274553,4116.972592283563,-0.0277405063989281,-0.0066264539959256,0.0121202984406852,25.07586621741196,-37.56681628725983,-12.35621451864492,-25.210601768614907,0.0111219695937787,0.0117817980638381,0.0117726525912901,1.1772652591290174,1284938.8,1992501.8,0.8636554305747678,1.2548780663582129,0.0015950450188251,-0.0395828038664493,-0.041027444963792,-0.0227249015146848,4494.89990234375,4032.050048828125,0.310467746895428,4494.89990234375,3913.25,0.451302405351157,0.0,0,0,0.0,0.0,0.0,0.0,0.0,0.0,0.0,0.0,0.0,0.0,0.0,0.0,0,0,1,0.0,0.0,0.0,-0.0181644249910195,-0.0327845063386816,0.007316004235766,0,0
2025-01-03,4099.89990234375,4179.9501953125,4092.300048828125,4179.9501953125,1791953,-0.0181644249910195,-1.816442499101956,-75.85009765625,87.650146484375,2.137860644701811,-80.05029296875,-1.9151015975865069,4128.339990234375,4148.374975585937,4276.684997558594,4205.292993164063,4276.27548828125,4125.28299194336,4134.050630211713,4168.514895080746,4214.062602357859,4231.874479826286,4116.802714771725,-0.0413369456286268,-0.025062008994768,-0.0061530541417843,19.69208233190912,-42.47884451147274,-18.380740517210484,-24.09810399426226,0.0139421908150974,0.0118721201491641,0.0104113499506787,1.0411349950678777,1471709.4,1894762.1,0.9457403649777456,0.0413276113049769,-0.0155948458622917,-0.0402631156937065,-0.081573888795186,-0.0360548045979545,4494.89990234375,4032.050048828125,0.1465914983018019,4494.89990234375,3913.25,0.3208973329001636,0.0,0,0,0.0,0.0,0.0,0.0,0.0,0.0,0.0,0.0,0.0,0.0,0.0,0.0,0,0,1,-0.0,-0.0,0.0,-0.0011951273105348,0.040427816275526,0.0059513409900084,0,1
2025-01-06,4095.0,4149.64990234375,4066.39990234375,4105.5,2085593,-0.0011951273105348,-0.1195127310534838,-4.89990234375,83.25,2.032967032967033,-10.5,-0.2557544757033248,4115.580029296875,4140.844995117188,4259.159997558594,4205.867993164063,4275.268989257813,4125.012991943359,4121.033753474476,4155.14855052061,4202.7233068952055,4226.506853166432,4116.585772336185,-0.0385428107074382,-0.0263603121506096,-0.0072758539190005,21.57317057311421,-46.23408567739261,-23.95140954924691,-22.282676128145702,0.0139500912172433,0.0096360277309655,0.0104329451009453,1.0432945100945363,1583394.2,1906937.4,1.0936871865851496,0.1638659049651414,-0.0153409174963385,-0.0180562089571741,-0.0788437746035316,-0.037138971316097,4494.89990234375,4032.050048828125,0.1360051228140875,4494.89990234375,3913.25,0.3124731892288487,0.0,1,1,0.0,0.0,0.0,0.3333333333333333,0.0,0.0,0.0,0.0,0.0,0.2,0.1,0.0,0,0,1,-0.0,-0.0,0.0,-0.0162881443643162,0.0478876917353479,-0.0042002322764042,0,1
2025-01-07,4028.300048828125,4140.35009765625,4011.550048828125,4114.9501953125,2669054,-0.0162881443643162,-1.6288144364316248,-66.699951171875,128.800048828125,3.197379720152532,-86.650146484375,-2.105739860061528,4102.280029296875,4127.84501953125,4237.967504882812,4205.47599609375,4273.582487792969,4124.116491699218,4090.12251859236,4132.085186576522,4186.111568031674,4218.734037310028,4115.707307425658,-0.0494735874716162,-0.042129820127423,-0.0232332047515988,22.36747898491157,-53.97013585041532,-29.9551548094806,-24.01498104093472,0.0141538820793697,0.0106823489368043,0.0106904562495802,1.0690456249580222,1806119.2,1937058.15,1.3778904882127572,0.2797578434526775,-0.0162401092133989,-0.0312627184102577,-0.0952011641145544,-0.0470974731785465,4494.89990234375,4011.550048828125,0.0346539879513142,4494.89990234375,3913.25,0.1977994810358129,0.0,0,0,0.0,0.0,0.0,0.3333333333333333,0.0,0.0,0.0,0.0,0.0,0.2,0.1,0.0,0,0,1,-0.0,-0.0,0.0,0.0198842818421449,0.0508278314369703,0.0018742518522971,1,1
2025-01-08,4108.39990234375,4126.0,4017.75,4034.89990234375,2181277,0.0198842818421449,1.9884281842144969,80.099853515625,108.25,2.634845744647346,73.5,1.8216065275202016,4101.469970703125,4120.735009765625,4221.760009765625,4206.492993164063,4271.713986816406,4123.562241210938,4096.214979842824,4127.778771261472,4178.710457013777,4214.407208487821,4115.634596927331,-0.0268513859526961,-0.023319447097552,-0.0036770001227713,30.176329342140363,-53.02636763315695,-34.56939737421587,-18.456970258941084,0.0175282369027662,0.0127662585732249,0.0120473911394898,1.2047391139489878,2089742.4,1941730.6,1.1233674743550932,-0.1827527655866085,-0.0009848855977311,-0.0170116276244167,-0.0731294439153183,-0.0098332910074677,4494.89990234375,4011.550048828125,0.2003721586159417,4494.89990234375,3913.25,0.3355109345972487,0.0,0,0,0.0,0.0,0.0,0.3333333333333333,0.0,0.0,0.0,0.0,0.0,0.2,0.1,0.0,0,0,1,0.0,-0.0,0.0,-0.016928684242209,0.0343686590080845,0.0117321089616915,0,1
2025-01-09,4038.85009765625,4137.75,4025.300048828125,4101.0,2392472,-0.016928684242209,-1.6928684242209058,-69.5498046875,112.449951171875,2.784207099865624,-62.14990234375,-1.5154816470068275,4074.089990234375,4107.710009765625,4202.330004882812,4205.452993164063,4267.941989746094,4122.993991699219,4077.0933524472994,4111.609921515068,4165.390422789251,4207.52261590619,4114.870572058962,-0.0389022059278091,-0.0396159214663972,-0.0204084444974634,30.499549756410858,-57.230791567547385,-39.101676212882175,-18.12911535466521,0.0163163158958943,0.0136582840825103,0.0123821834127094,1.238218341270948,2224069.8,1979591.4,1.2085685965295667,0.0968217241551623,-0.0327845063386816,-0.0312417540833866,-0.0877706310660874,-0.0236422726110054,4494.89990234375,4011.550048828125,0.0564809291438887,4494.89990234375,3913.25,0.2159376235604032,0.9471408724784852,1,1,0.0,0.315713624159495,0.189428174495697,0.3333333333333333,0.9471408724784852,0.0,0.0,0.189428174495697,0.0947140872478485,0.4,0.2,0.9471408724784852,1,0,0,-0.0160338487630786,-0.0310515459373954,1.1446847149671122,0.0561545487462167,0.0414597479437084,0.0263936751993123,1,1
2025-01-10,4265.64990234375,4297.0,4170.0,4200.0,7894300,0.0561545487462167,5.615454874621673,226.7998046875,127.0,2.9772719962372016,65.64990234375,1.5630929129464284,4107.239990234375,4117.789990234375,4192.864990234375,4209.260991210937,4265.698488769532,4124.435740966797,4139.945535746117,4139.617190756646,4174.938944651584,4209.802117335114,4116.370863902593,0.017359231045812,0.0133963922053192,0.0342384195671457,56.59634466092552,-41.780361038878254,-39.6374131780814,-2.142947860796859,0.0306409488943417,0.0232310055934751,0.018286514796631,1.828651479663108,3444539.2,2278574.3,3.4645787060794992,2.299641542304361,0.040427816275526,0.0242025048498684,-0.0424921232942024,0.036156749105644,4494.89990234375,4011.550048828125,0.5257058663976834,4494.89990234375,3913.25,0.6058625659933228,0.0,0,0,0.9471408724784852,0.315713624159495,0.189428174495697,0.3333333333333333,-0.9471408724784852,0.0,0.0,0.189428174495697,0.0947140872478485,0.4,0.2,0.0,0,0,1,0.0,0.0,0.0,0.0059663113230452,-0.0331368257808935,-0.0265609713130108,1,0
2025-01-13,4291.10009765625,4322.9501953125,4227.39990234375,4245.0,4003771,0.0059663113230452,0.5966311323045259,25.4501953125,95.55029296875,2.226708554781523,46.10009765625,1.0859858105123676,4146.460009765625,4131.02001953125,4183.725,4213.389995117188,4263.376491699219,4126.03674194336,4190.330389716161,4167.1595374656645,4186.0019116044095,4212.99027342614,4118.109463243425,0.0256649511275835,0.0184436054172812,0.0400053043723371,59.01931172346371,-27.16897839417834,-37.14372622130078,9.974747827122442,0.0302495412116066,0.0232045020605021,0.0183213794986562,1.8321379498656216,3828174.8,2380410.45,1.681966654112109,-0.4928276097944086,0.0478876917353479,0.0318121331110072,-0.0408591628506789,0.047900499108235,4475.0,4011.550048828125,0.603193609409727,4494.89990234375,3913.25,0.6496177445121342,0.8372451066970825,1,1,0.0,0.5947953263918558,0.3568771958351135,0.6666666666666666,0.8372451066970825,0.9471408724784852,0.0,0.3568771958351135,0.1784385979175567,0.4,0.3,0.8372451066970825,1,0,0,0.004995264960251,0.0400937355764383,1.4082183507830277,-0.0135280677792756,-0.0497075444463827,-0.0526555405770915,0,0
2025-01-14,4233.0498046875,4313.89990234375,4219.0498046875,4302.0,3441709,-0.0135280677792756,-1.352806777927562,-58.05029296875,94.85009765625,2.240703559670312,-68.9501953125,-1.6027474503138075,4187.4099609375,4144.844995117188,4174.61748046875,4218.6819921875,4260.191989746094,4127.3372412109375,4204.570194706608,4179.139586051452,4190.482663326608,4213.776921710899,4119.253148232919,0.0139970487097632,0.0034057586057937,0.0256127758160966,53.46354169956405,-20.042488543056606,-33.72347868565195,13.68099014259534,0.0296751434201967,0.0230442157278727,0.0183347077598952,1.8334707759895243,3982705.8,2470184.7,1.3933002661703795,-0.1403831537817722,0.0508278314369703,0.0337622726899546,-0.0412552959248335,0.0301897796757117,4432.9501953125,4011.550048828125,0.5256280941221456,4494.89990234375,3913.25,0.5498149374716153,0.0,0,0,0.8372451066970825,0.2790817022323608,0.3568771958351135,0.3333333333333333,-0.8372451066970825,0.0,0.9471408724784852,0.3568771958351135,0.1784385979175567,0.4,0.3,0.0,0,0,1,-0.0,0.0,0.0,0.0039097798826801,-0.0465857280518834,-0.045534488076642,1,0
2025-01-15,4249.60009765625,4256.4501953125,4207.4501953125,4218.0,1653474,0.0039097798826801,0.3909779882680153,16.55029296875,49.0,1.1530496722979793,31.60009765625,0.7491725380808439,4215.65,4158.559985351562,4170.6724853515625,4223.989995117187,4257.667990722656,4129.0307421875,4219.580162356489,4191.950588161415,4196.112895167526,4215.181752140128,4120.550132804296,0.0189244330697029,0.0060630121209252,0.0292004014978279,55.16555311999859,-12.910400604720053,-29.56086306946557,16.650462464745516,0.0292433978101941,0.0230431151412508,0.0178896167994143,1.7889616799414358,3877145.2,2391607.05,0.6913652474807682,-0.5195776284398246,0.0343686590080845,0.033349924213083,-0.0182280010035231,0.0306933699478659,4382.0,4011.550048828125,0.6425970581858131,4494.89990234375,3913.25,0.5782689832851894,0.0,0,0,0.0,0.2790817022323608,0.3568771958351135,0.3333333333333333,0.0,0.8372451066970825,0.0,0.3568771958351135,0.1784385979175567,0.4,0.3,0.0,0,0,1,0.0,0.0,0.0,-0.0101892629832701,-0.0218844121476963,-0.0352504446362772,0,0
2025-01-16,4206.2998046875,4294.0,4191.85009765625,4260.0,2637705,-0.0101892629832701,-1.0189262983270164,-43.30029296875,102.14990234375,2.4284978980793084,-53.7001953125,-1.2605679650821595,4249.13994140625,4161.614965820312,4163.594970703125,4228.832993164063,4255.0919897460935,4130.674741210937,4215.153376466827,4194.559536620704,4197.083077026571,4214.833440475319,4121.4033633702975,0.0102567214834451,-0.0053284649720118,0.0183081622772343,52.53282507159366,-10.629609771853213,-25.7746124099431,15.145002638089888,0.027986438972729,0.0229986300314473,0.017963778462563,1.7963778462563096,3926191.8,2444722.1,1.078938583653332,0.5952503637795332,0.0414597479437084,0.007316004235766,-0.0325563875914337,0.0309937139856906,4382.0,4011.550048828125,0.5257113821807966,4494.89990234375,3941.10009765625,0.4788728793086118,0.0,0,0,0.0,0.0,0.1674490213394165,0.0,0.0,0.0,0.8372451066970825,0.1674490213394165,0.1784385979175567,0.2,0.3,0.0,0,0,1,-0.0,0.0,0.0,-0.0194945685774987,-0.0144663034496944,-0.0252597306263322,0,0
2025-01-17,4124.2998046875,4160.60009765625,4100.0498046875,4159.89990234375,1761466,-0.0194945685774987,-1.949456857749876,-82.0,60.55029296875,1.46813509774268,-35.60009765625,-0.8557921702921835,4220.869921875,4164.054956054688,4156.2149658203125,4231.891987304687,4251.310485839844,4132.091740722656,4184.868852540385,4181.785039905575,4190.151336803802,4211.283101816973,4121.432183681912,-0.0076789004888522,-0.0254241325014802,-0.0018857122552156,48.07090178570454,-15.262840774344111,-23.672258082823305,8.409417308479192,0.0111298689429233,0.0231250400808562,0.0180639883444739,1.806398834447396,2699625.0,2382007.25,0.7394880934976164,-0.3321974974456961,-0.0331368257808935,0.0059513409900084,-0.0345513942345114,0.0270949582088158,4382.0,4011.550048828125,0.304358943772848,4494.89990234375,3975.25,0.2868273505205108,0.0,0,0,0.0,0.0,0.1674490213394165,0.0,0.0,0.0,0.0,0.1674490213394165,0.1784385979175567,0.2,0.3,0.0,0,0,1,-0.0,-0.0,0.0,-0.0112745818833357,0.0068012254921112,-0.0028853145763615,0,1
2025-01-20,4077.800048828125,4145.7998046875,4068.10009765625,4145.7998046875,1287799,-0.0112745818833357,-1.1274581883335744,-46.499755859375,77.69970703125,1.9054320001192624,-67.999755859375,-1.6402083810822274,4178.209912109375,4162.3349609375,4151.589978027344,4230.654990234375,4247.116987304687,4133.099240722656,4149.179251302965,4162.878677891493,4179.4512141394525,4206.048472287998,4120.998033086352,-0.0177738961674343,-0.0361303253891147,-0.0133795945061464,49.03045533177164,-22.428311790440603,-23.423468824346767,0.995157033906164,0.0086265568693351,0.0234405856991717,0.0174621730574501,1.7462173057450106,2156430.6,2240547.75,0.5747697186993671,-0.2689049916376472,-0.0497075444463827,-0.0042002322764042,-0.0221806009619268,0.0028404669727943,4322.9501953125,4011.550048828125,0.2127487759654095,4494.89990234375,3990.199951171875,0.173568666794695,0.0,0,0,0.0,0.0,0.0,0.0,0.0,0.0,0.0,0.0,0.1784385979175567,0.0,0.2,0.0,0,0,1,-0.0,-0.0,0.0,-0.0102873977805583,-0.003102198816249,-0.0011403566699429,0,0
2025-01-21,4035.85009765625,4111.0,4030.0,4095.300048828125,1971591,-0.0102873977805583,-1.0287397780558316,-41.949951171875,81.0,2.007012105009533,-59.449951171875,-1.4516628931471498,4138.769970703125,4163.0899658203125,4145.467492675782,4228.353994140625,4242.414990234375,4133.6947412109375,4111.402866754061,4139.782572394175,4165.774917331529,4199.374026224008,4120.150789947744,-0.0264427100714705,-0.0455269111221847,-0.0236700215376872,45.74916217223918,-31.13312636331011,-24.96540033213944,-6.167726031170673,0.0084254442018461,0.0230560232291009,0.0175827718012271,1.7582771801227135,1862407.0,2229360.4,0.8843751777415622,0.5309772720742911,-0.0465857280518834,0.0018742518522971,-0.0294470607658487,-0.0029768040164538,4322.9501953125,4011.550048828125,0.0780348021748419,4494.89990234375,3990.199951171875,0.0904500711331134,0.0,0,0,0.0,0.0,0.0,0.0,0.0,0.0,0.0,0.0,0.1784385979175567,0.0,0.2,0.0,0,0,1,-0.0,-0.0,0.0,0.0299193471209755,0.0011026056627967,0.0081271117345382,1,1
2025-01-22,4156.60009765625,4163.14990234375,4044.199951171875,4050.0,2409223,0.0299193471209755,2.991934712097555,120.75,118.949951171875,2.8617126588373605,106.60009765625,2.632101176697531,4120.169970703125,4167.909985351563,4144.322497558594,4228.54599609375,4238.862993164063,4135.058741455078,4126.468610388124,4142.840304260007,4164.901124981502,4197.696617260567,4120.513469626436,0.0029625107855117,-0.0170143350702491,0.0052094438188299,49.00099648174696,-27.965865685492645,-25.56549340281008,-2.4003722826825644,0.0195000625115457,0.0241878757964922,0.018889248938877,1.8889248938877008,2013556.8,2290727.25,1.0517284412624854,0.2219689580648318,-0.0218844121476963,0.0117321089616915,-0.0054791009316306,0.0244112944107077,4322.9501953125,4011.550048828125,0.4657995523306638,4494.89990234375,3990.199951171875,0.3297011345018094,0.0,0,0,0.0,0.0,0.0,0.0,0.0,0.0,0.0,0.0,0.1784385979175567,0.0,0.2,0.0,0,0,1,0.0,-0.0,0.0,-0.0026824573165066,-0.0136650848371912,-0.0119208708570953,0,0
2025-01-23,4145.4501953125,4191.35009765625,4140.0498046875,4168.0,1822998,-0.0026824573165066,-0.2682457316506625,-11.14990234375,51.30029296875,1.237508365840656,-22.5498046875,-0.5410221854006717,4108.000048828125,4178.569995117187,4143.140002441406,4227.48099609375,4234.779995117187,4136.0494921875,4132.795805362916,4143.314829905914,4163.048655489217,4195.647737968487,4120.761596250178,0.0005575946914013,-0.0194041796656324,0.0022728700763269,52.54826813811189,-26.055145219632323,-25.66342376617453,-0.3917214534577908,0.0192168628507616,0.0233932690752676,0.0188905863326102,1.8890586332610229,1850615.4,2321453.95,0.7852828611999819,-0.2433253376711081,-0.0144663034496944,0.0263936751993123,-0.005672663594008,0.0133468830078939,4322.9501953125,4011.550048828125,0.4299938455266386,4494.89990234375,3990.199951171875,0.307608993779662,0.0,0,0,0.0,0.0,0.0,0.0,0.0,0.0,0.0,0.0,0.0837245106697082,0.0,0.1,0.0,0,0,1,-0.0,-0.0,0.0,0.0016644518734183,-0.010951860108303,-0.0131107829296096,1,0
2025-01-24,4152.35009765625,4178.0,4104.0,4104.0,1910099,0.0016644518734183,0.1664451873418349,6.89990234375,74.0,1.7821233340071327,48.35009765625,1.1781212879203216,4113.610107421875,4167.240014648438,4142.515002441406,4226.58,4231.092998046875,4136.794742431641,4139.313902794028,4144.957605860521,4162.02974521941,4193.949791289576,4121.075909697005,0.002374184573634,-0.0175626398515466,0.0037602434235027,53.20123347229976,-23.71079771360656,-25.272898555660937,1.5621008420543845,0.0167876949893681,0.0140959004664092,0.0188933773075854,1.8893377307585475,1880342.0,2374053.9,0.8045727184205885,0.0477789882380561,0.0068012254921112,-0.0265609713130108,-0.0030013085001628,0.0189191086819826,4322.9501953125,4011.550048828125,0.4521515176460903,4494.89990234375,3990.199951171875,0.3212802896213377,0.0,0,0,0.0,0.0,0.0,0.0,0.0,0.0,0.0,0.0,0.0837245106697082,0.0,0.1,0.0,0,0,1,0.0,0.0,0.0,-0.0210002030805926,-0.0096211047654795,-0.0167616159570781,0,0
2025-01-27,4065.14990234375,4156.35009765625,4041.050048828125,4102.0,1551782,-0.0210002030805926,-2.100020308059269,-87.2001953125,115.300048828125,2.8363049727059044,-36.85009765625,-0.8983446527608484,4111.080078125,4144.644995117187,4137.832507324219,4224.87599609375,4226.62099609375,4137.22424194336,4114.592569310602,4130.447114312017,4152.803093516966,4188.898815252484,4120.519432011898,-0.0175653811148266,-0.0378061022140483,-0.0174209410427689,52.0109055223329,-28.559990630240463,-25.930316970576847,-2.6296736596636165,0.0190449044719503,0.0148351510144554,0.0194701747721199,1.9470174772119928,1933138.6,2375284.55,0.653303622086036,-0.1875908002674207,-0.003102198816249,-0.0526555405770915,-0.0225184925319547,-0.0047739709561915,4322.9501953125,4011.550048828125,0.1721253317339542,4494.89990234375,3990.199951171875,0.1485039794393617,0.0,0,0,0.0,0.0,0.0,0.0,0.0,0.0,0.0,0.0,0.0,0.0,0.0,0.0,0,0,1,-0.0,-0.0,0.0,-0.0061128996746954,0.0019679471094995,-0.0087942636455763,0,1
2025-01-28,4040.300048828125,4102.0,4028.300048828125,4070.800048828125,2468272,-0.0061128996746954,-0.6112899674695416,-24.849853515625,73.699951171875,1.824120740568548,-30.5,-0.7492384699361526,4111.970068359375,4125.37001953125,4135.107507324219,4222.7639990234375,4222.231496582032,4137.56299194336,4089.828395816443,4114.056738769491,4142.088517832314,4183.071412647608,4119.721229194149,-0.0229274470683454,-0.0432096016347371,-0.0235073020772431,46.04530579526163,-34.01607036810583,-27.547467650082645,-6.468602718023185,0.018593478840775,0.0145607602613854,0.0192172340853651,1.921723408536517,2032474.8,2420926.7,1.0195566846365072,0.5906048658896674,0.0011026056627967,-0.045534488076642,-0.0133095631899284,0.0181053304288323,4322.9501953125,4011.550048828125,0.0923249405132909,4494.89990234375,3990.199951171875,0.0992670943199447,0.0,0,0,0.0,0.0,0.0,0.0,0.0,0.0,0.0,0.0,0.0,0.0,0.0,0.0,0,0,1,-0.0,0.0,0.0,0.0147265686063668,0.0070167693421303,-0.000829170511042,1,1
2025-01-29,4099.7998046875,4107.85009765625,4054.0,4054.0,1217089,0.0147265686063668,1.4726568606366897,59.499755859375,53.85009765625,1.3134811508279154,45.7998046875,1.129743578872718,4100.610009765625,4110.389990234375,4134.474987792969,4224.369995117188,4218.469992675781,4138.329240722656,4093.1521987734623,4111.4645689364015,4138.061021342332,4179.805859394271,4119.52300606473,-0.0083868407011403,-0.0294884658715202,-0.0093103844073141,53.58127346153714,-33.15670991904153,-28.669316103874426,-4.48739381516711,0.0129351994160904,0.015622501493927,0.0194935422311654,1.9493542231165453,1794048.0,2443623.1,0.4980673983643385,-0.5069064511528714,-0.0136650848371912,-0.0352504446362772,-0.0030761200802916,0.0290145712896823,4322.9501953125,4011.550048828125,0.2833966420879737,4494.89990234375,4011.550048828125,0.1825794612690871,0.6712096929550171,1,1,0.0,0.223736564318339,0.1342419385910034,0.3333333333333333,0.6712096929550171,0.0,0.0,0.1342419385910034,0.0671209692955017,0.2,0.1,0.6712096929550171,1,0,0,0.0098846155925605,-0.0091721373977753,0.3343076655270318,6.09785872260904e-05,0.001768379029559,-0.0332332704888648,1,1
2025-01-30,4100.0498046875,4129.89990234375,4058.5,4099.89990234375,1531251,6.09785872260904e-05,0.006097858722609,0.25,71.39990234375,1.7414398786600105,0.14990234375,0.003656243989379,4091.529931640625,4099.764990234375,4130.689978027343,4225.579990234375,4214.902990722656,4138.906240234375,4095.451400744808,4109.389157254783,4134.440905470444,4176.678170974397,4119.3292428669465,-0.0074176889340109,-0.0297072084393111,-0.0093880927210071,36.73927017482398,-32.0856245538871,-29.35257779387696,-2.73304676001014,0.0129931730808302,0.0154683874938663,0.0191558966878781,1.9155896687878136,1735698.6,2434143.9,0.6290716830668885,0.2581257410099016,-0.010951860108303,-0.0252597306263322,-0.0181285266868227,0.0342822309175041,4322.9501953125,4011.550048828125,0.2841994676576544,4494.89990234375,4011.550048828125,0.183096684969853,0.0,0,0,0.6712096929550171,0.223736564318339,0.1342419385910034,0.3333333333333333,-0.6712096929550171,0.0,0.0,0.1342419385910034,0.0671209692955017,0.2,0.1,0.0,0,0,1,0.0,-0.0,0.0,0.0030121823501096,-0.0021828288575953,-0.0365605076729489,1,0
2025-01-31,4112.39990234375,4128.4501953125,4085.25,4110.0,1492943,0.0030121823501096,0.3012182350109693,12.35009765625,43.2001953125,1.05048624497533,2.39990234375,0.0583917845194647,4083.539892578125,4098.575,4131.314978027343,4226.370986328125,4211.531491699218,4139.461240234375,4101.100901277789,4109.936565452776,4132.34176231552,4174.1574545575095,4119.260294205024,-0.004578463705671,-0.0269666539811718,-0.0065374057927143,35.38359973257569,-29.89561398976275,-29.46118503305412,-0.4344289567086292,0.0131051237266175,0.0143062350153637,0.0187226166954204,1.87226166954204,1652267.4,2419193.4,0.617124286136032,-0.0250174530498266,-0.0096211047654795,-0.0028853145763615,0.0030488549227394,0.0355168396688931,4322.9501953125,4011.550048828125,0.3238593644036237,4494.89990234375,4011.550048828125,0.2086477378281958,0.0,0,0,0.0,0.223736564318339,0.1342419385910034,0.3333333333333333,0.0,0.6712096929550171,0.0,0.1342419385910034,0.0671209692955017,0.2,0.1,0.0,0,0,1,0.0,-0.0,0.0,-0.0095443052553402,-0.0072098781849624,-0.0491805283539504,0,0
2025-02-01,4073.14990234375,4135.89990234375,4056.0,4113.0,437172,-0.0095443052553402,-0.9544305255340224,-39.25,79.89990234375,1.9616244002651224,-39.85009765625,-0.9688815379589109,4085.139892578125,4098.1099853515625,4130.222473144531,4222.941982421875,4207.184489746094,4140.120989990234,4091.783901633109,4103.248081251135,4126.704442318209,4170.196374078539,4118.801484335758,-0.0138182800495318,-0.0354710248688329,-0.016176118477794,36.5063373549578,-30.97015712055054,-29.76297945055341,-1.207177669997133,0.0094006915531839,0.0141671628946942,0.0188507229504832,1.8850722950483283,1429345.4,2336772.35,0.1870836925984681,-0.7071743529391277,0.0019679471094995,-0.0011403566699429,-0.0053357991834553,-0.0160641603924887,4322.9501953125,4011.550048828125,0.1978157499637395,4494.89990234375,4011.550048828125,0.1274436168079519,0.0,0,0,0.0,0.0,0.1342419385910034,0.0,0.0,0.0,0.6712096929550171,0.1342419385910034,0.0671209692955017,0.2,0.1,0.0,0,0,1,-0.0,0.0,0.0,-0.0011047960688632,-0.0107410728917257,-0.0339540178985114,0,0
2025-02-03,4068.64990234375,4077.0,3998.699951171875,4030.89990234375,1265713,-0.0011047960688632,-0.1104796068863267,-4.5,78.300048828125,1.924472508264232,37.75,0.9365154410817896,4090.80986328125,4101.389965820313,4132.239965820312,4218.012978515625,4203.077487792969,4141.100239257812,4084.072568536656,4096.957503267974,4121.175438511117,4166.214159500704,4118.30246361942,-0.0153887634799879,-0.0354107673287524,-0.017495431824429,34.412930774142154,-31.81807373731499,-30.173998307905727,-1.6440754294092628,0.008775488934963,0.0137185282969063,0.0184663577837321,1.8466357783732144,1188833.6,2266605.3,0.5584179124614241,1.895228880166159,0.0070167693421303,0.0081271117345382,0.0100165958410578,-0.0198149803500582,4322.9501953125,3998.699951171875,0.2157282914536163,4494.89990234375,3998.699951171875,0.140971297975089,0.0,0,0,0.0,0.0,0.1342419385910034,0.0,0.0,0.0,0.0,0.1342419385910034,0.0671209692955017,0.2,0.1,0.0,0,0,1,-0.0,0.0,0.0,0.0094379962064639,-0.0077912703065491,-0.040345054571835,1,0
2025-02-04,4107.0498046875,4118.85009765625,4066.050048828125,4083.699951171875,2547132,0.0094379962064639,0.9437996206463906,38.39990234375,52.800048828125,1.2855955330237951,23.349853515625,0.5717818104859647,4092.25986328125,4096.4349365234375,4132.1724609375,4213.099970703125,4198.970983886718,4142.32548828125,4091.731647253605,4098.792467162433,4119.830140051725,4163.893988723716,4118.190496863878,-0.0060797695370874,-0.0251715285070547,-0.0085159130284536,41.37780228636874,-29.05655666904113,-29.95050998013281,0.893953311091682,0.0068879173208864,0.0099015040909043,0.0180366498756184,1.803664987561845,1454842.2,2284898.05,1.1147683372568855,1.0124088162166305,0.001768379029559,-0.0119208708570953,-0.0003286188512173,-0.0096335170755967,4322.9501953125,3998.699951171875,0.3341550406624657,4494.89990234375,3998.699951171875,0.2183592587216811,0.0,0,0,0.0,0.0,0.0,0.0,0.0,0.0,0.0,0.0,0.0671209692955017,0.0,0.1,0.0,0,0,1,0.0,0.0,0.0,-0.0038834949147794,-0.0349398625981097,-0.0569386456547775,0,0
2025-02-05,4091.10009765625,4150.0,4076.0,4150.0,1693912,-0.0038834949147794,-0.3883494914779462,-15.94970703125,74.0,1.8088044348363377,-58.89990234375,-1.4192747552710845,4090.469921875,4090.999926757812,4134.7849609375,4208.2709765625,4194.655983886719,4143.649989013672,4091.521130721153,4097.393854524946,4117.09394553787,4161.039326328913,4117.920940652857,-0.0105652080323289,-0.027842997648873,-0.0126820294901236,46.741926333120574,-27.83418737110333,-29.52724545832692,1.6930580872235907,0.0071532788310107,0.0099293457562762,0.0176181092910193,1.7618109291019324,1487374.4,2249970.05,0.7528597991782158,-0.3349728243373331,-0.0021828288575953,-0.0131107829296096,0.0129368505234499,-0.0256270018460419,4322.9501953125,3998.699951171875,0.2849655417508389,4494.89990234375,3998.699951171875,0.1862155493287608,0.0,0,0,0.0,0.0,0.0,0.0,0.0,0.0,0.0,0.0,0.0671209692955017,0.0,0.1,0.0,0,0,1,-0.0,-0.0,0.0,-0.0020410396853974,-0.034452883563824,-0.0750409407425345,0,0
2025-02-06,4082.75,4139.5,4051.550048828125,4105.39990234375,2284536,-0.0020410396853974,-0.2041039685397483,-8.35009765625,87.949951171875,2.154184095814708,-22.64990234375,-0.5517100132150171,4084.53994140625,4084.039916992188,4125.639965820313,4205.027978515625,4190.350983886719,4144.740738525391,4088.597420480769,4094.73133552041,4113.823093581883,4157.969156668956,4117.570981044371,-0.0103959546096225,-0.0290789928486491,-0.0149564815838024,50.52508304210972,-27.22539656756362,-29.06687568017426,1.841479112610639,0.0069002538806159,0.0098764891329785,0.0118559616405052,1.18559616405052,1645693.0,1969481.85,1.1599680393094254,0.3486745474381196,-0.0072098781849624,-0.0167616159570781,-0.0428773824694933,-0.0273145054107738,4322.9501953125,3998.699951171875,0.2592135251922065,4494.89990234375,3998.699951171875,0.169387458885524,0.0,0,0,0.0,0.0,0.0,0.0,0.0,0.0,0.0,0.0,0.0671209692955017,0.0,0.1,0.0,0,0,1,-0.0,-0.0,0.0,-0.0130671967806625,-0.0422754510210642,-0.074300434181924,0,0
2025-02-07,4029.39990234375,4090.0,4008.0,4090.0,1548940,-0.0130671967806625,-1.306719678066259,-53.35009765625,82.0,2.035042487401255,-60.60009765625,-1.4816649793704155,4075.78994140625,4080.464916992188,4112.554956054688,4200.198974609375,4185.588483886719,4145.51423828125,4068.864914435096,4082.852893124653,4105.782789654441,4152.927225126791,4116.693656878196,-0.0202198036499216,-0.0406645192997099,-0.0280096338507913,49.33193145141306,-30.694011032325307,-29.392302750604472,-1.3017082817208347,0.008024563797326,0.0083496720252754,0.0119361572377615,1.1936157237761589,1868046.6,1846740.3,0.8387427295543396,-0.3219892354508749,-0.0107410728917257,-0.0087942636455763,-0.0609867375164325,-0.0291421669176299,4313.89990234375,3998.699951171875,0.0973983373339251,4494.89990234375,3998.699951171875,0.0618701213076925,0.0,0,0,0.0,0.0,0.0,0.0,0.0,0.0,0.0,0.0,0.0671209692955017,0.0,0.1,0.0,0,0,1,-0.0,-0.0,0.0,0.0018737402618522,-0.0234649841115308,-0.0604059930120546,1,0
2025-02-10,4036.949951171875,4052.0,4014.35009765625,4040.0,1339511,0.0018737402618522,0.1873740261852274,7.550048828125,37.64990234375,0.9326323783831086,-3.050048828125,-0.0754962581219059,4069.449951171875,4080.1299072265615,4102.749963378907,4195.404975585938,4182.496484375,4146.543737792968,4058.226593347357,4074.5069036786936,4099.2272812275305,4148.379096736402,4115.900187169676,-0.0160380263955546,-0.0377687077495856,-0.0264301532918173,33.811353163657984,-32.45951407076609,-30.0057450146368,-2.4537690561292926,0.008227837170938,0.0081705486044895,0.0117210906797483,1.172109067974833,1882806.2,1741630.4,0.7691132400996217,-0.1352079486616654,-0.0077912703065491,-0.000829170511042,-0.0463259027329355,-0.0262789632500012,4294.0,3998.699951171875,0.129529270827391,4494.89990234375,3998.699951171875,0.0770858600644055,0.8343857526779175,1,1,0.0,0.2781285842259725,0.1668771505355835,0.3333333333333333,0.8343857526779175,0.0,0.0,0.1668771505355835,0.1505595445632934,0.2,0.2,0.8343857526779175,1,0,0,0.0015634221787085,-0.0065009249390471,0.6417371297350747,-0.0181820194036448,-0.0328094112569878,-0.0895106102097524,0,0
2025-02-11,3963.550048828125,4040.0,3955.0,4018.39990234375,1810908,-0.0181820194036448,-1.818201940364484,-73.39990234375,85.0,2.144542113833818,-54.849853515625,-1.3649675206201746,4040.75,4066.504931640625,4088.4474609375,4188.6209765625,4179.170485839843,4147.10048828125,4026.66774517428,4054.332930069499,4086.305640046635,4141.130898779215,4114.384265395133,-0.0305488607356924,-0.0537338969063477,-0.0442599449836811,28.93696947560599,-39.32809681980643,-31.870215375670725,-7.457881444135708,0.0082897163859636,0.0081836770369013,0.0121382381963892,1.2138238196389268,1735561.4,1749502.1,1.035099071901657,0.3519172294964356,-0.0349398625981097,-0.0332332704888648,-0.0673122275636919,-0.0139196295986752,4294.0,3955.0,0.02522138297382,4494.89990234375,3955.0,0.0158363592788376,0.0,0,0,0.8343857526779175,0.2781285842259725,0.1668771505355835,0.3333333333333333,-0.8343857526779175,0.0,0.0,0.1668771505355835,0.0834385752677917,0.2,0.1,0.0,0,0,1,-0.0,-0.0,0.0,-0.0033808445255628,-0.0227952458132736,-0.0842678901200583,0,0
2025-02-12,3950.14990234375,4021.75,3940.14990234375,3971.10009765625,1678002,-0.0033808445255628,-0.3380844525562865,-13.400146484375,81.60009765625,2.06574686210855,-20.9501953125,-0.5275665381707412,4012.5599609375,4051.51494140625,4075.6399658203127,4180.5359765625,4175.822985839844,4147.744487304688,4001.161797564103,4035.3905613920897,4073.338426932074,4133.641447938609,4112.750092628453,-0.0307902720870745,-0.0551092193705238,-0.0476390446821713,26.933574559009315,-45.33023918524623,-34.562220137585825,-10.768019047660404,0.0083407592897834,0.0080964834631012,0.012033075655006,1.203307565500602,1732379.4,1701516.95,0.9861800083742922,-0.0733919116818745,-0.034452883563824,-0.0365605076729489,-0.0608967297239004,-0.0221312139727815,4191.35009765625,3940.14990234375,0.03980888624533,4494.89990234375,3940.14990234375,0.0180261378999549,0.0,0,0,0.0,0.2781285842259725,0.1668771505355835,0.3333333333333333,0.0,0.8343857526779175,0.0,0.1668771505355835,0.0834385752677917,0.2,0.1,0.0,0,0,1,-0.0,-0.0,0.0,-0.0101261979896678,-0.0420363299602826,-0.0854650739495521,0,0
2025-02-13,3910.14990234375,3984.449951171875,3902.25,3968.0,2277310,-0.0101261979896678,-1.0126197989667851,-40.0,82.199951171875,2.1022199461612514,-57.85009765625,-1.457915767546623,3978.03994140625,4031.28994140625,4064.932470703125,4169.457978515625,4172.239484863281,4147.944237060547,3970.824499157319,4012.61953247421,4057.796662685567,4124.877073601557,4110.734170337063,-0.0380775251433886,-0.0621922747532261,-0.0573282380684341,30.184076347238104,-52.70707164608666,-38.19119043928599,-14.515881206800673,0.0079220622597315,0.0079531561175888,0.0115318813815306,1.1531881381530644,1730934.2,1727309.15,1.31841483037359,0.3571557125676847,-0.0422754510210642,-0.0491805283539504,-0.0519239416349792,-0.0399475039373845,4191.35009765625,3902.25,0.0273258376866522,4494.89990234375,3902.25,0.0133297960777657,0.8219282031059265,1,1,0.0,0.2739760677019755,0.3312627911567688,0.3333333333333333,0.8219282031059265,0.0,0.8343857526779175,0.3312627911567688,0.1656313955783844,0.4,0.2,0.8219282031059265,1,0,0,-0.0083230077179425,-0.0347473854932359,1.0836423324771698,0.0063169433217111,-0.0334386157220285,-0.1091773750381962,1,0
2025-02-14,3934.85009765625,3948.0,3900.0,3925.0,1681975,0.0063169433217111,0.6316943321711177,24.7001953125,48.0,1.21986857971008,9.85009765625,0.2509579020700637,3959.12998046875,4017.4599609375,4057.7849731445312,4159.24498046875,4168.874987792969,4148.515238037109,3958.833031990296,3998.4796352345807,4046.087466016108,4117.425035329192,4108.984080061632,-0.0302960546953315,-0.0539508694164994,-0.0515040027867791,36.513625228013446,-55.91560489792892,-41.73607333101458,-14.179531566914337,0.0097151395209642,0.0085087954985899,0.0115062411436348,1.1506241143634837,1757541.2,1747017.95,0.9627691575807792,-0.26142027216321,-0.0234649841115308,-0.0339540178985114,-0.0350556548776725,-0.0729750725329897,4191.35009765625,3900.0,0.1196158777244274,4494.89990234375,3900.0,0.0585814479359464,0.0,0,0,0.8219282031059265,0.2739760677019755,0.3312627911567688,0.3333333333333333,-0.8219282031059265,0.0,0.0,0.3312627911567688,0.1656313955783844,0.4,0.2,0.0,0,0,1,0.0,-0.0,0.0,-0.0077131521920816,-0.0378286577536742,-0.1122787495999602,0,0
2025-02-17,3904.5,3934.0,3856.199951171875,3856.5,1799806,-0.0077131521920816,-0.7713152192081685,-30.35009765625,77.800048828125,1.9925739231175563,48.0,1.2446518864255154,3932.639990234375,4001.044970703125,4051.217468261719,4148.291982421875,4165.172487792969,4148.721237792969,3940.722021326864,3981.392428828293,4032.602945443145,4109.075033943734,4106.949412598333,-0.0362156486071511,-0.0587692436923264,-0.0588666299312241,23.00999909577621,-60.21328854191779,-45.43151637319522,-14.781772168722568,0.0090142288363297,0.0085658061068283,0.0114194306179452,1.1419430617945214,1849600.2,1738428.7,1.035306193460796,0.0700551435068892,-0.0328094112569878,-0.040345054571835,-0.032545831603738,-0.0951542463358539,4191.35009765625,3856.199951171875,0.1441146582651927,4494.89990234375,3856.199951171875,0.0756224401450242,0.0,0,0,0.0,0.2739760677019755,0.1643856406211853,0.3333333333333333,0.0,0.8219282031059265,0.0,0.1643856406211853,0.1656313955783844,0.2,0.2,0.0,0,0,1,-0.0,-0.0,0.0,-0.0080164038489243,-0.0586246388381994,-0.0953899221851389,0,0
2025-02-18,3873.199951171875,3924.39990234375,3864.5,3898.39990234375,2149879,-0.0080164038489243,-0.8016403848924325,-31.300048828125,59.89990234375,1.5465223355077935,-25.199951171875,-0.6464178073861684,3914.569970703125,3977.659985351562,4037.0474609375,4137.104985351562,4160.979487304688,4148.87023803711,3918.214664608535,3961.721069254399,4017.4217078935,4099.825030697779,4104.623547310508,-0.0405859756049476,-0.0637897841882447,-0.06644466349848,21.127700630470784,-65.39109827159518,-49.423432752875215,-15.967665518719969,0.0065682398052113,0.0071707120931055,0.0087481367115682,0.8748136711568296,1917394.4,1725461.5,1.245973323658627,0.1945059634205019,-0.0227952458132736,-0.0569386456547775,-0.0681807582702443,-0.1101615600948136,4191.35009765625,3856.199951171875,0.05072353444665,4494.89990234375,3856.199951171875,0.026616566932264,0.63862544298172,1,1,0.0,0.2128751476605733,0.2921107292175293,0.3333333333333333,0.63862544298172,0.0,0.8219282031059265,0.2921107292175293,0.2294939398765564,0.4,0.3,0.63862544298172,1,0,0,-0.0051194794591396,-0.014557623955379,0.7957102657648967,-0.0230041966949491,-0.0629066160836936,-0.0842068332271537,0,0
2025-02-19,3784.10009765625,3874.949951171875,3768.14990234375,3872.199951171875,4366672,-0.0230041966949491,-2.300419669494913,-89.099853515625,106.800048828125,2.8223367794703296,-88.099853515625,-2.27518864280143,3881.360009765625,3946.9599853515615,4018.979956054688,4124.237983398438,4155.733486328125,4148.18548828125,3873.5098089577737,3929.426347145644,3995.2006021566194,4087.4436607745815,4101.434259254247,-0.0584426548444427,-0.0824729045974957,-0.087769795167924,15.044746974497286,-75.81026972747031,-54.70080014779424,-21.10946957967608,0.0104092588094563,0.0089298702437587,0.0097701156438672,0.9770115643867284,2455128.4,1852645.2,2.3569931252891814,1.0311245423579654,-0.0420363299602826,-0.0750409407425345,-0.0871678781872351,-0.1265882059654266,4178.0,3768.14990234375,0.0389171441063746,4494.89990234375,3768.14990234375,0.0219472931716546,-0.97322279214859,1,1,0.63862544298172,-0.11153244972229,0.0974661707878113,0.6666666666666666,-1.61184823513031,0.0,0.0,0.0974661707878113,0.1321716606616974,0.6,0.4,0.97322279214859,0,1,0,0.0223882085385937,0.0409107144156256,-2.2938794304689685,-0.0012420906400999,-0.0453344373565534,-0.0482281111202725,0,0
2025-02-20,3779.39990234375,3788.0,3751.300048828125,3761.5,2888572,-0.0012420906400999,-0.1242090640099946,-4.7001953125,36.699951171875,0.9710523395292454,17.89990234375,0.4758713902366077,3855.210009765625,3916.6249755859376,4000.3324462890623,4110.726977539062,4150.842485351563,4147.18773803711,3842.1398400864327,3902.148811727118,3974.648154555394,4075.363513385137,4098.229937294939,-0.0552285458550481,-0.0806006034956049,-0.0886836716650392,16.239535434458347,-83.48444790469512,-60.457529699174415,-23.0269182055207,0.0108144667517802,0.0089898372244431,0.0096948569071631,0.9694856907163114,2577380.8,1901568.85,1.5190467597321022,-0.338495769776159,-0.0334386157220285,-0.074300434181924,-0.0898166547958004,-0.1096610074934822,4156.35009765625,3751.300048828125,0.0693737813312759,4494.89990234375,3751.300048828125,0.0377889443936456,0.0,0,0,-0.97322279214859,-0.11153244972229,-0.066919469833374,0.6666666666666666,0.97322279214859,0.63862544298172,0.0,-0.066919469833374,0.1321716606616974,0.4,0.4,0.0,0,0,1,-0.0,-0.0,0.0,0.0017463348221384,-0.0783589749685118,-0.0445044069212067,1,0
2025-02-21,3786.0,3817.0,3775.0,3776.10009765625,1833931,0.0017463348221384,0.1746334822138484,6.60009765625,42.0,1.109350237717908,9.89990234375,0.2621726672419164,3825.439990234375,3892.284985351562,3986.374951171875,4096.968979492188,4145.823486328125,4146.23298828125,3823.4265600576223,3881.030845958551,3956.681663645357,4064.015924624936,4095.123171749716,-0.0502649534040873,-0.0759022050322509,-0.0868819936794189,17.671319938701018,-88.01908742817932,-65.9698412449754,-22.04924618320392,0.0095556517648145,0.009216400152871,0.0089839233675493,0.8983923367549324,2607772.0,1915676.3,0.957328229200309,-0.3651080880102694,-0.0378286577536742,-0.0604059930120546,-0.0686690304293101,-0.1135254309024625,4150.0,3751.300048828125,0.0870327449749705,4475.0,3751.300048828125,0.0479479805348694,0.0,0,0,0.0,-0.3244075973828633,-0.066919469833374,0.3333333333333333,0.0,-0.97322279214859,0.63862544298172,-0.066919469833374,0.1321716606616974,0.4,0.4,0.0,0,0,1,0.0,-0.0,0.0,-0.0291600375973982,-0.0773771661838021,-0.051862149407356,0,0
2025-02-24,3675.60009765625,3763.199951171875,3670.0,3743.14990234375,2508516,-0.0291600375973982,-2.916003759739827,-110.39990234375,93.199951171875,2.535639043847671,-67.5498046875,-1.804624619633964,3779.660009765625,3856.15,3968.139953613281,4082.176977539063,4140.251987304688,4144.809989013672,3774.151072590498,3843.679800812678,3929.9119906940127,4048.7839314104776,4090.948812803513,-0.0737221618634323,-0.0995980532250018,-0.1132041981661693,7.630425609452018,-99.37563097481916,-72.65099919094416,-26.724631783875,0.0135655967819734,0.0112142554783502,0.0106573334131894,1.065733341318949,2749514.0,1917688.5,1.308093572026948,0.3678355401593625,-0.0586246388381994,-0.0895106102097524,-0.0902655611623832,-0.1405422043918311,4150.0,3670.0,0.0116668701171875,4432.9501953125,3670.0,0.0073400566520023,0.0,0,0,0.0,0.0,-0.066919469833374,0.0,0.0,0.0,-0.97322279214859,-0.066919469833374,0.0487330853939056,0.4,0.3,0.0,0,0,1,-0.0,-0.0,0.0,-0.0125285797161364,-0.0390548604348062,-0.0272880743724218,0,0
2025-02-25,3629.550048828125,3658.0,3621.25,3625.0,4101954,-0.0125285797161364,-1.2528579716136412,-46.050048828125,36.75,1.012522199876139,4.550048828125,0.1255185883620689,3730.930029296875,3822.75,3944.627465820312,4068.197978515625,4134.024987792969,4143.488239746093,3725.950731336374,3804.747118633668,3901.3060914686894,4032.3433869954833,4086.3577803261455,-0.0798750755862987,-0.1078236437862718,-0.1240351513461666,7.20450422429488,-110.81423017315046,-80.28364538738543,-30.53058478576503,0.0133886532478207,0.0108520534200066,0.009751333499874,0.9751333499874014,3139929.0,2061931.75,1.989374284575617,0.6352114158331061,-0.0629066160836936,-0.0842678901200583,-0.1147006630230372,-0.1564580677873163,4150.0,3621.25,0.0156974918735224,4382.0,3621.25,0.0109103500862635,0.0,0,0,0.0,0.0,-0.194644558429718,0.0,0.0,0.0,0.0,-0.194644558429718,0.0487330853939056,0.2,0.3,0.0,0,0,1,-0.0,-0.0,0.0,-0.0046837761626923,-0.0227300902013011,-0.0339849557098892,0,0
2025-02-27,3612.550048828125,3638.0,3600.699951171875,3611.699951171875,3823856,-0.0046837761626923,-0.4683776162692332,-17.0,37.300048828125,1.032512998407448,0.85009765625,0.0235373277886545,3696.62001953125,3788.990014648437,3920.252478027344,4053.491977539063,4127.421987304688,4141.811989746094,3688.150503833625,3769.8021968508415,3873.805515979112,4015.880903145783,4081.6432755351216,-0.0784904622658522,-0.1087807577156327,-0.1277851197080566,7.090764151695865,-119.86938076815976,-88.2007924635403,-31.66858830461948,0.0123796800449558,0.0107885857623794,0.0096526347520135,0.9652634752013568,3031365.8,2176562.0,1.75683302382381,-0.0677964696824976,-0.0453344373565534,-0.0854650739495521,-0.1189009351305994,-0.1703678739098642,4150.0,3600.699951171875,0.0215730868430304,4382.0,3600.699951171875,0.0151671533542382,0.0,0,0,0.0,0.0,0.0,0.0,0.0,0.0,0.0,0.0,0.0487330853939056,0.0,0.3,0.0,0,0,1,-0.0,-0.0,0.0,-0.0357919051862184,-0.0030310863583542,-0.0280964965545392,0,0
2025-02-28,3483.25,3600.0,3457.0,3584.949951171875,7085018,-0.0357919051862184,-3.579190518621844,-129.300048828125,143.0,4.105361372281633,-101.699951171875,-2.836858325975529,3637.3900390625,3746.300024414063,3888.794982910156,4037.7189794921874,4119.721987304688,4139.722239990235,3619.850335889083,3717.701797423416,3836.6097525525306,3994.993416747909,4075.6891135894975,-0.1042855138140167,-0.1373223303326378,-0.1585788132470895,6.227507462943578,-135.9123729554608,-97.7431085619244,-38.1692643935364,0.0159680246277799,0.0137693823438048,0.0114266842137482,1.1426684213748233,3870655.0,2456165.75,2.8845846417327494,0.8528464461004808,-0.0783589749685118,-0.1091773750381962,-0.1529885024034708,-0.219710766590822,4150.0,3457.0,0.0378787878787878,4382.0,3457.0,0.0283783783783783,0.0,0,0,0.0,0.0,0.0,0.0,0.0,0.0,0.0,0.0,-0.033459734916687,0.0,0.2,0.0,0,0,1,-0.0,-0.0,0.0,0.0028134784549271,0.036732922176667,0.0041484105854805,1,1
2025-03-03,3493.050048828125,3523.25,3476.14990234375,3485.0,4990439,0.0028134784549271,0.2813478454927187,9.800048828125,47.10009765625,1.3483945834687223,8.050048828125,0.2309913580523672,3578.800048828125,3702.12001953125,3859.789990234375,4024.173984375,4112.122985839844,4137.7854907226565,3577.5835735354303,3676.856024951545,3803.889780769254,3975.309363103996,4069.891709960032,-0.0950155169929286,-0.1319833430684445,-0.1558165456716147,6.564495022047126,-146.1510396007552,-107.42469476969056,-38.72634483106464,0.0162701910397656,0.0133050308601035,0.0116817094248238,1.1681709424823816,4501956.6,2683829.1,1.8594473843360595,-0.2956349581610096,-0.0773771661838021,-0.1122787495999602,-0.1424204528249321,-0.2142503545544651,4150.0,3457.0,0.0520202724792568,4322.9501953125,3457.0,0.0416306261298496,0.0,0,0,0.0,0.0,0.0,0.0,0.0,0.0,0.0,0.0,-0.033459734916687,0.0,0.2,0.0,0,0,1,0.0,-0.0,0.0,0.0111650275417851,0.0276548724367786,0.0013311868649892,1,1
2025-03-04,3532.050048828125,3551.0,3464.300048828125,3474.0,2797737,0.0111650275417851,1.1165027541785166,39.0,86.699951171875,2.4546637214453004,58.050048828125,1.6709858614889177,3550.0900390625,3664.8750244140624,3832.959997558594,4011.648989257813,4105.169487304687,4135.940991210938,3562.405731966329,3650.5276656563774,3778.000282489146,3957.9266448970993,4064.540051640312,-0.0785058933362554,-0.1195515713647761,-0.1460105315008382,13.537307631686003,-149.39613694848367,-115.8189832054492,-33.57715374303447,0.0179439065910928,0.0151535902891546,0.012343489907165,1.2343489907165026,4559800.8,2760430.3,1.0135148132521223,-0.4393805835518679,-0.0390548604348062,-0.0953899221851389,-0.1318864651408114,-0.206664167581432,4150.0,3457.0,0.1082973287563131,4322.9501953125,3457.0,0.0866678583068409,0.0,0,0,0.0,0.0,0.0,0.0,0.0,0.0,0.0,0.0,-0.033459734916687,0.0,0.2,0.0,0,0,1,0.0,-0.0,0.0,0.0042468254392309,0.0122450133497824,-0.0098950894491064,1,1
2025-03-05,3547.050048828125,3600.35009765625,3520.85009765625,3520.85009765625,2501894,0.0042468254392309,0.4246825439230939,15.0,79.5,2.2412990768558574,26.199951171875,0.744137081817704,3533.5900390625,3632.260034179688,3804.960009765625,3998.999990234375,4099.147985839843,4134.505740966797,3557.287170920261,3631.713553505786,3756.0050221404776,3941.81383720812,4059.390897383474,-0.0677825680889051,-0.1130157395623704,-0.1420860748403033,16.02903349122424,-149.03949085968452,-122.46308473629628,-26.57640612338824,0.0184023887653751,0.0158025919857073,0.0120308496949482,1.2030849694948282,4239788.8,2758168.4,0.9070852961697335,-0.1057436778367659,-0.0227300902013011,-0.0842068332271537,-0.1363508558430994,-0.1997720939137431,4150.0,3457.0,0.1299423504013347,4322.9501953125,3457.0,0.1039898706826068,0.0,0,0,0.0,0.0,0.0,0.0,0.0,0.0,0.0,0.0,-0.097322279214859,0.0,0.1,0.0,0,0,1,0.0,-0.0,0.0,0.01537899045043,-0.0115166397693615,0.004538941738627,1,0
2025-03-06,3601.60009765625,3609.449951171875,3536.10009765625,3557.0,2786513,0.01537899045043,1.5378990450430008,54.550048828125,73.349853515625,2.0365907243104973,44.60009765625,1.253868362559741,3531.400048828125,3614.010034179688,3780.485009765625,3987.649990234375,4093.7974877929687,4133.412741699219,3572.058146498924,3626.238379714961,3741.2997912372175,3928.472121931576,4054.83576504788,-0.0473179794781053,-0.096811378512043,-0.1286618775516582,24.619601278197536,-142.71004070285835,-126.5124759296087,-16.197564773249653,0.0204158378920102,0.0165698884994301,0.0130416611374821,1.3041661137482126,4032320.2,2812798.45,0.9906550538663728,0.1137614143524865,-0.0030310863583542,-0.0482281111202725,-0.1196499690341064,-0.1865295059740269,4139.5,3457.0,0.2118682749542124,4322.9501953125,3457.0,0.1669843120759011,0.0,0,0,0.0,0.0,0.0,0.0,0.0,0.0,0.0,0.0,0.0,0.0,0.0,0.0,0,0,1,0.0,-0.0,0.0,0.0026654412636961,-0.0251416166073104,-0.0065248776551546,1,0
2025-03-07,3611.199951171875,3625.0,3574.39990234375,3600.0,2051315,0.0026654412636961,0.2665441263696166,9.599853515625,50.60009765625,1.4011990014518498,11.199951171875,0.3111097547743055,3556.9900390625,3597.1900390625,3756.907507324219,3976.576987304688,4088.7414892578126,4132.308741455078,3585.105414723241,3623.5041199798543,3728.9093302786137,3916.030076019431,4050.4214783426464,-0.0387839082725039,-0.0918822990977634,-0.1261059671208664,22.69928189117779,-135.35894425164452,-128.28176959401588,-7.077174657628632,0.0057255525486336,0.0167087522408675,0.0131638704132818,1.3163870413281809,3025579.6,2801137.4,0.7323150231759428,-0.2638415826518663,0.036732922176667,-0.0445044069212067,-0.1154981443458759,-0.1893961115498932,4090.0,3457.0,0.2436018185969589,4322.9501953125,3457.0,0.1780702308361141,0.0,0,0,0.0,0.0,0.0,0.0,0.0,0.0,0.0,0.0,0.0,0.0,0.0,0.0,0,0,1,0.0,0.0,0.0,-0.0059675590162576,-0.0314299959943142,0.0049152636907408,0,0
2025-03-10,3589.64990234375,3622.10009765625,3582.60009765625,3606.5,1004626,-0.0059675590162576,-0.5967559016257673,-21.550048828125,39.5,1.100385861423692,-16.85009765625,-0.4672146861569389,3576.310009765625,3577.555029296875,3734.920007324218,3965.193989257813,4083.688488769531,4130.789741210938,3586.620243930078,3617.348807682381,3715.646527618151,3903.2308535223456,4045.8366865416624,-0.0388951047667935,-0.0947101422859654,-0.1310015451690729,23.0413569356066,-129.77607834308947,-128.5806313438306,-1.195446999258877,0.0082279560561459,0.0165701953513953,0.0130595545680392,1.3059554568039298,2228417.0,2773921.7,0.3621681174346053,-0.5102526915661417,0.0276548724367786,-0.051862149407356,-0.1091353577847197,-0.1976463531373973,4052.0,3457.0,0.2229410123424369,4322.9501953125,3457.0,0.1531842166695048,0.0,0,0,0.0,0.0,0.0,0.0,0.0,0.0,0.0,0.0,0.0,0.0,0.0,0.0,0,0,1,-0.0,0.0,0.0,-0.0039975635245809,-0.0256152977792734,0.0189712366132936,0,0
2025-03-11,3575.300048828125,3588.75,3537.64990234375,3558.0,1995450,-0.0039975635245809,-0.3997563524580916,-14.349853515625,51.10009765625,1.4292534041443337,17.300048828125,0.4862295904475829,3584.960009765625,3567.5250244140625,3711.837512207031,3954.8039892578126,4078.351489257812,4129.418741455078,3582.846845562761,3609.703578799789,3702.280196304815,3890.3708219657096,4041.154729947498,-0.0367843319999538,-0.0959602401182234,-0.1341880606740547,23.730167341820987,-125.0678260929826,-127.878070293661,2.810244200678383,0.0084092063621414,0.0142770048171614,0.012946328919108,1.2946328919108006,2067959.6,2806718.65,0.7109547656299644,0.9862615540509604,0.0122450133497824,-0.0272880743724218,-0.1143561123936498,-0.1902292329521262,4040.0,3457.0,0.2029160357257718,4322.9501953125,3457.0,0.1366129939902992,0.0,0,0,0.0,0.0,0.0,0.0,0.0,0.0,0.0,0.0,0.0,0.0,0.0,0.0,0,0,1,-0.0,0.0,0.0,-0.0193270765285556,-0.0218722764813841,0.0169216566927943,0,0
2025-03-12,3506.199951171875,3569.25,3486.85009765625,3565.0,3174167,-0.0193270765285556,-1.9327076528555696,-69.10009765625,82.39990234375,2.3501198873786286,-58.800048828125,-1.6493702336079945,3576.789990234375,3555.1900146484377,3688.970007324219,3942.678984375,4072.182990722656,4127.714490966797,3557.297880765799,3590.8847374128945,3683.605887244535,3875.3052976208537,4035.831796825352,-0.0495450100677059,-0.1107062063467275,-0.1505711068813168,24.59780416360003,-125.46600860359148,-127.3956579556471,1.9296493520556053,0.0126830953654382,0.0149448652035745,0.0130055589679965,1.300555896799652,2202414.2,2874881.6,1.1041035568212618,0.5907023478413391,-0.0115166397693615,-0.0339849557098892,-0.1153890053164514,-0.1899734431854279,4021.75,3457.0,0.0871181074313855,4322.9501953125,3457.0,0.056816144205753,0.0,0,0,0.0,0.0,0.0,0.0,0.0,0.0,0.0,0.0,0.0,0.0,0.0,0.0,0,0,1,-0.0,-0.0,0.0,0.0013832918041736,0.0162426421667254,0.0413553140206783,1,1
2025-03-13,3511.050048828125,3524.300048828125,3484.10009765625,3502.300048828125,1693004,0.0013832918041736,0.1383291804173625,4.85009765625,40.199951171875,1.144955230281962,8.75,0.2498358186908561,3558.67998046875,3545.0400146484376,3667.0150146484375,3929.3849853515626,4066.494990234375,4126.070241699219,3541.8819367865744,3576.3693394883912,3667.171997871544,3861.020778060355,4030.610087890057,-0.0425318590726482,-0.1064632094037507,-0.1490571310821439,25.47749413576294,-123.96126051706187,-126.70877846793006,2.747517950868186,0.0087564222156927,0.0150077122400623,0.0130999271990753,1.3099927199075392,1983712.4,2875631.7,0.5887415971941051,-0.4666304576917345,-0.0251416166073104,-0.0280964965545392,-0.1111603013483344,-0.1924629483613544,3984.449951171875,3457.0,0.1024742702279865,4322.9501953125,3457.0,0.0624170409807687,0.0,0,0,0.0,0.0,0.0,0.0,0.0,0.0,0.0,0.0,0.0,0.0,0.0,0.0,0,0,1,0.0,-0.0,0.0,-0.0038023091299156,0.0190968650106551,0.0270858723723879,0,1
2025-03-17,3497.699951171875,3530.449951171875,3477.35009765625,3489.0,2690906,-0.0038023091299156,-0.3802309129915637,-13.35009765625,53.099853515625,1.5181363254968263,8.699951171875,0.2493537165914301,3535.97998046875,3546.485009765625,3646.392517089844,3917.340986328125,4061.316989746094,4124.54049194336,3527.154608248342,3562.065814339933,3651.0318029477658,3846.772902496101,4025.307499465,-0.0407779922817083,-0.1071239487756708,-0.1519782729726908,23.97544930634372,-122.4346279487172,-125.8539483640875,3.4193204153702936,0.0077520797817315,0.0096243217926169,0.0130660854160269,1.3066085416026905,2111630.6,2896311.5,0.9290803147382456,0.5894268412833048,-0.0314299959943142,0.0041484105854805,-0.1054818770310191,-0.181230826767995,3948.0,3457.0,0.0828919575801934,4322.9501953125,3457.0,0.047000337192819,0.0,0,0,0.0,0.0,0.0,0.0,0.0,0.0,0.0,0.0,0.0,0.0,0.0,0.0,0,0,1,-0.0,-0.0,0.0,0.0,0.0375246595855158,0.0151814330553023,0,1
2025-03-18,3497.699951171875,3497.699951171875,3497.699951171875,3497.699951171875,0,0.0,0.0,0.0,0.0,0.0,0.0,0.0,3517.589990234375,3546.95,3624.535009765625,3905.3949853515614,4055.631489257813,4123.348491210938,3517.336389222853,3550.3629301275587,3636.4287694453,3833.083767150053,4020.057673113825,-0.0349934704043462,-0.10439277863286,-0.1517331220906151,29.943624740377103,-119.84328188578412,-124.65181506842684,4.808533182642719,0.0082665027847394,0.0095888012065508,0.0128404134055784,1.2840413405578484,1910705.4,2812212.75,0.0,-1.0,-0.0256152977792734,0.0013311868649892,-0.1110970267316558,-0.1612833333372362,3934.0,3457.0,0.0853248452240566,4322.9501953125,3457.0,0.047000337192819,0.0,0,0,0.0,0.0,0.0,0.0,0.0,0.0,0.0,0.0,0.0,0.0,0.0,0.0,0,0,1,0.0,-0.0,0.0,-0.0001714994207618,0.0457586559917757,0.013222975282515,0,1
2025-03-20,3563.14990234375,3578.949951171875,3512.0,3512.0,2845192,0.0188870214872507,1.8887021487250744,66.0498046875,66.949951171875,1.8789540997934724,51.14990234375,1.4564322990817198,3513.339990234375,3545.064990234375,3588.662512207032,3883.865986328125,4045.1794897460936,4121.780740966797,3528.1106065816857,3544.7644376008857,3617.444184533171,3809.838994439313,4010.359545867428,-0.0071092251713552,-0.0825765062732212,-0.1355314301585133,44.47549064309315,-107.27544372858664,-119.87147297435288,12.596029245766218,0.0089443394151425,0.0107461473975986,0.0139648316674969,1.3964831667496944,2056069.2,2909550.3,0.9778803274169208,-0.0675304892037477,0.0162426421667254,0.004538941738627,-0.080050101398539,-0.1474698164029788,3874.949951171875,3457.0,0.2539775445507771,4322.9501953125,3457.0,0.1225819948056517,0.0,0,0,0.0,0.0,0.0,0.0,0.0,0.0,0.0,0.0,0.0,0.0,0.0,0.0,0,0,1,0.0,0.0,0.0,0.0041957806217094,0.024711295129685,-0.0740215840558692,1,1
2025-03-21,3578.10009765625,3616.25,3465.0,3475.0,4161925,0.0041957806217094,0.4195780621709444,14.9501953125,151.25,4.227103654787991,103.10009765625,2.9669092850719423,3526.75,3542.714990234375,3578.362512207031,3874.650986328125,4040.0519897460936,4121.096241455078,3544.7737702732074,3550.825466701861,3613.6971286401313,3800.7511945654674,4006.058456830501,-7.333369659613086e-05,-0.0765361550545501,-0.1317601220608976,64.25245644722014,-97.63691371149116,-115.42456112178051,17.787647410289367,0.0088851054508942,0.0095405228279306,0.0133339981548075,1.333399815480757,2549853.4,2899312.95,1.435486638308569,0.4627923177065027,0.0190968650106551,-0.0065248776551546,-0.0544383062508282,-0.1417572104666529,3817.0,3457.0,0.33638916015625,4322.9501953125,3457.0,0.1398464926872012,0.0,0,0,0.0,0.0,0.0,0.0,0.0,0.0,0.0,0.0,0.0,0.0,0.0,0.0,0,0,1,0.0,0.0,0.0,0.0142114116787657,0.0078393012833468,-0.0849752775299064,1,1
2025-03-24,3628.949951171875,3649.75,3566.60009765625,3600.0,1834751,0.0142114116787657,1.4211411678765715,50.849853515625,83.14990234375,2.2912937202922543,28.949951171875,0.804165310329861,3553.0,3544.489990234375,3570.8400146484373,3861.916987304688,4035.588989257813,4120.508741455078,3572.8324972394303,3565.029918423681,3615.1497784050594,3794.013890902973,4002.306133391112,0.0162734640266875,-0.0603241957034931,-0.1192956552519334,68.17816658001782,-84.91628890241736,-109.3229066779079,24.40661777549053,0.0086703316725172,0.0106191052742546,0.0138608467331266,1.3860846733126655,2378622.4,2846621.9,0.6445362483862013,-0.5591580818971991,0.0375246595855158,0.0049152636907408,-0.0398078941258837,-0.1286721331905679,3817.0,3457.0,0.4776387532552083,4322.9501953125,3457.0,0.1985679454807704,0.0,0,0,0.0,0.0,0.0,0.0,0.0,0.0,0.0,0.0,0.0,0.0,0.0,0.0,0,0,1,0.0,0.0,0.0,0.007936193448693,-0.0215351281762685,-0.092588766591145,1,0
2025-03-25,3657.75,3710.0,3638.0,3645.0,3135390,0.007936193448693,0.7936193448693007,28.800048828125,72.0,1.968423210990363,12.75,0.3497942386831276,3585.010009765625,3551.3,3564.4275146484374,3849.2499853515615,4031.319990234375,4119.645491943359,3601.138331492954,3581.8881150739207,3619.206942366482,3788.6702089067785,3998.8777141533897,0.026181619619993,-0.0497499476730067,-0.1121202037521605,67.28547879715705,-71.68484062523112,-101.79529346737256,30.110452842141427,0.0076360971933829,0.0105823780060178,0.0140156559191332,1.401565591913321,3005700.4,2911694.85,1.0768264401058374,0.7088912882456531,0.0457586559917757,0.0189712366132936,-0.0338748019017433,-0.1204794239248431,3763.199951171875,3457.0,0.6556173481795096,4313.89990234375,3457.0,0.2342747378671868,0.0,0,0,0.0,0.0,0.0,0.0,0.0,0.0,0.0,0.0,0.0,0.0,0.0,0.0,0,0,1,0.0,0.0,0.0,-0.0060009435231699,-0.0311120357673775,-0.1124051404124804,0,0
2025-03-26,3635.800048828125,3680.5,3625.85009765625,3647.75,1734499,-0.0060009435231699,-0.6000943523169933,-21.949951171875,54.64990234375,1.5031052755875427,-11.949951171875,-0.3275978664073744,3612.75,3557.35,3562.4375122070314,3837.304990234375,4027.9934912109375,4118.35474243164,3612.6922372713448,3591.6902848474124,3620.787238219972,3782.6753006684,3995.265001065576,0.0205933539520931,-0.0525120994862445,-0.1171717163244164,61.97544822278972,-62.25239331493231,-93.88671343688448,31.634320121952182,0.0095850495899378,0.0107250958635039,0.0124954633809972,1.249546338099729,2742351.4,2872994.0,0.6037252427258811,-0.4467996006876338,0.0396614186893968,0.0169216566927943,-0.0108281771059652,-0.1120933853977459,3710.0,3457.0,0.7067195605854744,4294.0,3457.0,0.2136201300216547,-0.9010919332504272,1,1,0.0,-0.3003639777501424,-0.1802183866500854,0.3333333333333333,-0.9010919332504272,0.0,0.0,-0.1802183866500854,-0.0901091933250427,0.2,0.1,0.9010919332504272,0,1,0,0.0054074018006198,-0.0357385844422832,-0.5440119461199476,0.0042356296102459,-0.0639887076736691,-0.1111997478954974,1,0
2025-03-27,3651.199951171875,3663.0,3610.5,3614.85009765625,2528474,0.0042356296102459,0.4235629610245928,15.39990234375,52.5,1.4378834548118846,36.349853515625,1.0055701490690596,3630.360009765625,3571.85,3563.5200073242186,3825.336987304688,4024.6634912109375,4117.317242431641,3625.528141904855,3602.510224179133,3623.6836870725338,3777.5194046097126,3991.841468230813,0.0246048692493503,-0.0455220119719462,-0.113208981434834,57.48338935902338,-52.92438804650874,-85.69424835880935,32.76986031230061,0.0073431519409225,0.0077642398737826,0.012202796552701,1.2202796552701038,2679007.8,2794320.0,0.90486200578316,0.4577546599911559,0.024711295129685,0.0413553140206783,0.0059648997954278,-0.1121594723910267,3710.0,3457.0,0.7675887398097826,4294.0,3457.0,0.2320190575530167,0.0,0,0,-0.9010919332504272,-0.3003639777501424,-0.1802183866500854,0.3333333333333333,0.9010919332504272,0.0,0.0,-0.1802183866500854,-0.0901091933250427,0.2,0.1,0.0,0,0,1,0.0,0.0,0.0,-0.0123384228282721,-0.0963518989737093,-0.1103746728169884,0,0
2025-03-28,3606.14990234375,3660.949951171875,3591.89990234375,3651.0,2051919,-0.0123384228282721,-1.2338422828272133,-45.050048828125,69.050048828125,1.914785871304108,-44.85009765625,-1.228433241748836,3635.969970703125,3581.3599853515625,3563.2,3813.333989257813,4021.0834912109376,4116.087491455078,3619.06872871782,3603.1719838454255,3622.01380281265,3770.799031971832,3988.0037412070615,0.0120537444835401,-0.0543314819781591,-0.1238889091084552,49.3117008525792,-48.60673097011295,-78.27674488107007,29.670013910957124,0.0107027471226786,0.0093465339915056,0.0124863552630757,1.2486355263075786,2257006.6,2705723.15,0.7583625102220825,-0.1884753412532618,0.0078393012833468,0.0270858723723879,-0.0017716423019388,-0.1364066569254026,3710.0,3457.0,0.5895253057065217,4191.35009765625,3457.0,0.203104626553161,0.0,1,1,0.0,-0.3003639777501424,-0.1802183866500854,0.6666666666666666,0.0,-0.9010919332504272,0.0,-0.1802183866500854,-0.0901091933250427,0.4,0.2,0.0,0,0,1,-0.0,0.0,0.0,-0.0153487389638604,-0.0920926368867203,-0.0921619629011041,0,0
2025-04-01,3550.800048828125,3584.0,3525.0,3572.699951171875,2618493,-0.0153487389638604,-1.5348738963860464,-55.349853515625,59.0,1.6615973636553216,-21.89990234375,-0.6129790534625403,3620.339990234375,3586.669995117188,3566.577502441406,3801.863994140625,4016.877990722656,4114.6832421875,3596.312502087922,3593.6498138422808,3615.23154052841,3762.171620868157,3983.653455710754,-0.0044236957145838,-0.0660370664756645,-0.1370417016741235,45.15164274819766,-49.08540127936658,-72.43847616072938,23.3530748813628,0.0101509289360801,0.0108357291238358,0.0099907013321557,0.9990701332155788,2413755.0,2482396.9,1.054824472267106,0.2761190865721308,-0.0215351281762685,0.0151814330553023,0.0193928224583721,-0.1339300633173328,3710.0,3462.75,0.3561174876769464,4191.35009765625,3457.0,0.1277320574035422,0.0,0,0,0.0,0.0,-0.1802183866500854,0.3333333333333333,0.0,0.0,-0.9010919332504272,-0.1802183866500854,-0.0901091933250427,0.4,0.2,0.0,0,0,1,-0.0,-0.0,0.0,-0.0019291702044756,-0.0726174648277783,-0.070941799881835,0,0
2025-04-02,3543.949951171875,3564.10009765625,3530.050048828125,3544.0,1764313,-0.0019291702044756,-0.1929170204475694,-6.85009765625,34.050048828125,0.9607937272608972,-0.050048828125,-0.001412212983211,3597.57998046875,3591.294995117188,3569.1224975585938,3791.1869921875,4010.9209912109377,4113.0122424316405,3578.85831844924,3584.613475174934,3608.442817732549,3753.613908331048,3979.278296461611,-0.0070528670293433,-0.0652136234707247,-0.1383565760853004,46.01295873795752,-49.447496619259255,-67.84028025243535,18.39278363317609,0.0078824568618071,0.0108836689661444,0.0100018763789679,1.0001876378967915,2139539.6,2321090.6,0.7601224183149077,-0.3262105340743703,-0.0311120357673775,0.013222975282515,0.0145717643985165,-0.1345665564903846,3710.0,3462.75,0.3284123404322548,4191.35009765625,3457.0,0.1184039485381485,0.0,0,0,0.0,0.0,-0.1802183866500854,0.3333333333333333,0.0,0.0,0.0,-0.1802183866500854,-0.0901091933250427,0.4,0.2,0.0,0,0,1,-0.0,-0.0,0.0,-0.0397296944844175,-0.0839035137664121,-0.0627406866855161,0,0
2025-04-03,3403.14990234375,3502.0,3396.14990234375,3491.0,4537821,-0.0397296944844175,-3.9729694484417535,-140.800048828125,105.85009765625,3.110356601786804,-87.85009765625,-2.516473722608135,3551.049951171875,3581.8999755859377,3562.677490234375,3778.53298828125,4003.443491210937,4110.867741699219,3520.288846414077,3551.6200982965365,3588.891111505044,3739.8702218217422,3973.545675624617,-0.0447774429001515,-0.0993462508073143,-0.1721577739358102,38.91577053872717,-60.399598041427,-66.35214381023368,5.952545768806687,0.0168823768263983,0.0169844109650578,0.0131858811235766,1.3185881123576677,2700204.0,2408094.8,1.884402972839773,1.5720045139382863,-0.0639887076736691,-0.0268651719107111,-0.0364944280806954,-0.1551895685293447,3710.0,3396.14990234375,0.0223036412996974,4191.35009765625,3396.14990234375,0.0088028147393111,0.0,0,0,0.0,0.0,0.0,0.0,0.0,0.0,0.0,0.0,-0.0901091933250427,0.2,0.2,0.0,0,0,1,-0.0,-0.0,0.0,-0.0304864619476642,-0.0504385370228724,-0.0260787807022188,0,0
2025-04-04,3299.39990234375,3399.64990234375,3295.5,3362.60009765625,5317367,-0.0304864619476642,-3.0486461947664245,-103.75,104.14990234375,3.156631673225378,-63.2001953125,-1.879503761287311,3480.68994140625,3555.5249755859377,3550.294982910156,3761.388984375,3994.967490234375,4108.289240722656,3446.659198390634,3505.761880850575,3561.3205201563496,3722.59687595986,3966.837757482519,-0.0706687984446714,-0.1228240641822411,-0.1968920129481003,31.22836025341266,-76.5683430526251,-68.39538365871198,-8.172959393913118,0.0150508305425848,0.0172227119826627,0.0145662610423037,1.45662610423037,3257982.6,2548868.45,2.086167687469316,0.171788618369918,-0.0963518989737093,-0.0740215840558692,-0.0698186219746725,-0.1969136450272243,3710.0,3295.5,0.0094086908172497,4191.35009765625,3295.5,0.0043532978943162,0.0,0,0,0.0,0.0,0.0,0.0,0.0,0.0,0.0,0.0,-0.0901091933250427,0.2,0.2,0.0,0,0,1,-0.0,-0.0,0.0,-0.0076831709601548,-0.0155179586249926,0.0344305331328747,0,0
2025-04-07,3274.050048828125,3291.39990234375,3056.050048828125,3100.0,6623955,-0.0076831709601548,-0.7683170960154806,-25.349853515625,235.349853515625,7.188340129371674,174.050048828125,5.614517704133064,3414.269970703125,3525.119970703125,3533.91748046875,3743.960981445312,3985.7209887695312,4105.650991210938,3389.122815203132,3463.632456846493,3533.9614276489,3705.0068043076353,3959.944347446157,-0.0735352291265599,-0.1255117067047488,-0.2025503249455543,30.577499607763315,-90.38580004495134,-72.79346693595986,-17.592333108991483,0.0157675958496502,0.0167269680790041,0.0138893340145732,1.3889334014573216,4172389.8,2740740.55,2.4168486141455454,0.2457208614714763,-0.0920926368867203,-0.0849752775299064,-0.0909457018954655,-0.1893608404213712,3710.0,3056.050048828125,0.3333588443723332,4178.0,3056.050048828125,0.1943045674829784,0.0,0,0,0.0,0.0,0.0,0.0,0.0,0.0,0.0,0.0,-0.0901091933250427,0.0,0.2,0.0,0,0,1,-0.0,-0.0,0.0,0.0057726369670234,-7.63580263806185e-05,0.0389578799730867,1,0
2025-04-08,3292.949951171875,3349.0,3255.300048828125,3302.050048828125,5557558,0.0057726369670234,0.5772636967023459,18.89990234375,93.699951171875,2.8454714636197136,-9.10009765625,-0.2755893315269271,3362.699951171875,3491.519970703125,3518.00498046875,3726.772978515625,3976.6764892578126,4103.179490966797,3357.06519385938,3432.5992739965623,3511.007953698707,3688.8477120278017,3953.307587284224,-0.0639723452770348,-0.1164071516683964,-0.1974638305681369,32.78397361890951,-98.6737208628565,-77.96951772133919,-20.70420314151731,0.019410660978085,0.0156180138196986,0.0139926194051451,1.399261940514519,4760202.8,2916052.7,1.905849643938191,-0.1609909789544161,-0.0726174648277783,-0.092588766591145,-0.0881286011030002,-0.2280308917610485,3710.0,3056.050048828125,0.3622599893450968,4156.35009765625,3056.050048828125,0.2153048185320543,0.0,0,0,0.0,0.0,0.0,0.0,0.0,0.0,0.0,0.0,-0.0901091933250427,0.0,0.2,0.0,0,0,1,0.0,-0.0,0.0,-0.0140754807096689,0.0018068756768554,0.0470854556331616,0,1
2025-04-09,3246.60009765625,3270.0,3212.050048828125,3260.550048828125,2990265,-0.0140754807096689,-1.4075480709668908,-46.349853515625,57.949951171875,1.784942691701069,-13.949951171875,-0.4278404245593088,3303.22998046875,3450.40498046875,3500.852490234375,3710.401982421875,3967.6389892578127,4100.358741455078,3320.2434951250034,3398.7812419346874,3485.826253123235,3671.504668326957,3946.275671964543,-0.07262585135688,-0.125000441182087,-0.2082155971298888,30.44189341063698,-107.74004348368317,-83.92362287380799,-23.81642060987518,0.0181120383654236,0.0143807171754156,0.0141536558240635,1.415365582406351,5005393.2,3015334.65,0.9916859476940644,-0.4619462360986606,-0.0839035137664121,-0.1124051404124804,-0.0955663683145022,-0.2434107749130564,3710.0,3056.050048828125,0.2913832296900707,4150.0,3056.050048828125,0.1741853442417558,0.0,0,0,0.0,0.0,0.0,0.0,0.0,0.0,0.0,0.0,-0.0901091933250427,0.0,0.2,0.0,0,0,1,-0.0,-0.0,0.0,-0.004651049467765,0.0231010896765953,0.0606480306847443,0,1
2025-04-11,3231.5,3298.949951171875,3206.0,3289.550048828125,7108961,-0.004651049467765,-0.4651049467765067,-15.10009765625,92.949951171875,2.876371690294755,-58.050048828125,-1.7646805175925155,3268.9,3409.974975585937,3483.662487792969,3694.225981445312,3958.494990234375,4097.432241210938,3290.662330083336,3368.366470673835,3461.604705206736,3654.249583294527,3939.163476223602,-0.0723843049309645,-0.125256544610267,-0.2113353413148874,21.86783720581548,-114.82004713373315,-90.10290772579302,-24.717139407940152,0.0134052904616982,0.0144469492897631,0.014152184456018,1.415218445601808,5519621.2,3271010.2,2.173322785725339,1.37736822656186,-0.0504385370228724,-0.1111997478954974,-0.0961597751609161,-0.2366024145471726,3710.0,3056.050048828125,0.2682926282928373,4150.0,3056.050048828125,0.1603820640824813,0.0,0,0,0.0,0.0,0.0,0.0,0.0,0.0,0.0,0.0,0.0,0.0,0.1,0.0,0,0,1,-0.0,-0.0,0.0,0.0051678635840552,0.0256536909620146,0.0745783691784001,1,1
2025-04-15,3248.199951171875,3314.39990234375,3238.60009765625,3314.39990234375,3512160,0.0051678635840552,0.5167863584055299,16.699951171875,75.7998046875,2.3335941699079576,-66.199951171875,-1.9973435047793195,3258.660009765625,3369.6749755859373,3470.762487792969,3677.193984375,3950.7819897460936,4094.4809912109376,3276.5082037795155,3346.518012582569,3441.2804429177017,3638.326068309325,3932.288217267864,-0.0641249689092438,-0.1166634218988693,-0.2066882327346636,22.09908269610452,-117.72637813776828,-95.62760180818807,-22.098776329580204,0.0085286788628447,0.0145631951859733,0.0138997954742576,1.3899795474257624,5158579.8,3287909.85,1.0682044703871671,-0.5059531202942315,-0.0155179586249926,-0.1103746728169884,-0.0735839380505862,-0.2356457368863177,3710.0,3056.050048828125,0.2938296761081155,4150.0,3056.050048828125,0.1756478001008297,0.0,0,0,0.0,0.0,0.0,0.0,0.0,0.0,0.0,0.0,0.0,0.0,0.1,0.0,0,0,1,0.0,-0.0,0.0,0.0078813182812265,0.0507358079260695,0.0632658097066531,1,1
2025-04-16,3273.800048828125,3278.10009765625,3229.0,3248.199951171875,2384391,0.0078813182812265,0.7881318281226513,25.60009765625,49.10009765625,1.4997891417903075,25.60009765625,0.7881318281226523,3258.610009765625,3336.439990234375,3458.8999877929687,3660.668989257813,3943.124489746094,4091.570740966797,3275.6054854623853,3333.2965646272155,3425.329929194885,3624.0309302904543,3925.736096188861,-0.0535141055301084,-0.1056825792129661,-0.1998671766690366,18.623545702786288,-116.61963391891824,-99.82600823033412,-16.793625688584115,0.0092452005359639,0.0157904635545393,0.0140998980385465,1.409989803854651,4310667.0,3322479.2,0.7176541541629515,-0.321104106874402,-7.63580263806185e-05,-0.0921619629011041,-0.0675723776934442,-0.2216912248670903,3710.0,3056.050048828125,0.3329765521196127,4150.0,3056.050048828125,0.1990493255808815,0.0,0,0,0.0,0.0,0.0,0.0,0.0,0.0,0.0,0.0,0.0,0.0,0.0,0.0,0,0,1,0.0,-0.0,0.0,0.0076668865359108,0.0390372188044507,0.0480175786020118,1,1
2025-04-17,3298.89990234375,3303.60009765625,3218.0,3245.5,2932346,0.0076668865359108,0.7666886535910855,25.099853515625,85.60009765625,2.5948073657959188,53.39990234375,1.6453520980973655,3259.8,3311.2499755859376,3448.9599853515624,3644.398989257813,3935.384987792969,4088.394490966797,3283.370291089507,3327.042626030222,3413.288974256682,3611.280693900388,3919.498920130701,-0.0435087921127378,-0.0948027611500418,-0.1931062646638956,18.08800273038254,-112.42126043089227,-102.34505867044577,-10.076201760446535,0.0095729163126895,0.0165057169019357,0.0143141281681195,1.431412816811954,3785624.6,3334551.2,0.8793825088065824,0.2298092049500271,0.0018068756768554,-0.070941799881835,-0.0568373650122614,-0.200130917108799,3710.0,3056.050048828125,0.3713584702933906,4150.0,3056.050048828125,0.221993568586457,0.0,0,0,0.0,0.0,0.0,0.0,0.0,0.0,0.0,0.0,0.0,0.0,0.0,0.0,0,0,1,0.0,0.0,0.0,0.0068811409816866,0.0451969147503747,0.0471066570931626,1,1
2025-04-21,3321.60009765625,3354.0,3284.10009765625,3290.10009765625,2432946,0.0068811409816866,0.6881140981686684,22.7001953125,69.89990234375,2.10440451254418,31.5,0.9574176792505334,3274.8,3289.014990234375,3440.154992675781,3629.367993164063,3926.1549877929688,4085.4817419433593,3296.113559945088,3326.053075416772,3404.5567002947364,3599.9206705182646,3913.54967811603,-0.0344620795493048,-0.0847993083334331,-0.1869746807199658,22.09590697847877,-106.03994071670286,-103.08403507969716,-2.955905637005685,0.0052744727797993,0.0170450377416278,0.0144674307210447,1.4467430721044716,3674160.8,3456198.5,0.703936998988918,-0.1703073238969753,0.0231010896765953,-0.0627406866855161,-0.0503473299522516,-0.1854431169054479,3710.0,3056.050048828125,0.4060709055062404,4150.0,3056.050048828125,0.242744239390165,0.0,0,0,0.0,0.0,0.0,0.0,0.0,0.0,0.0,0.0,0.0,0.0,0.0,0.0,0,0,1,0.0,0.0,0.0,-0.0021676887948012,0.036699150638201,0.041666636041288,0,1
2025-04-22,3314.39990234375,3333.89990234375,3295.0,3322.60009765625,2710498,-0.0021676887948012,-0.2167688794801225,-7.2001953125,38.89990234375,1.1736635134535898,-8.2001953125,-0.2468005499152422,3291.37998046875,3280.139990234375,3431.019982910156,3614.282993164063,3916.147985839844,4082.162741699218,3302.209007411309,3323.9343166762224,3395.970338585119,3588.723777648676,3907.587988804863,-0.0339899158697088,-0.0829716686234868,-0.1880774696983011,19.64671780945855,-100.40627343602182,-102.54848275096212,2.1422093149402883,0.0041928514605512,0.0123610686293378,0.0144575564807718,1.4457556480771874,2794468.2,3439161.2,0.788127639960581,0.1140806248885095,0.0256536909620146,-0.0260787807022188,-0.052243341686143,-0.1787604043399604,3710.0,3056.050048828125,0.3950605899620657,4150.0,3056.050048828125,0.2361624069171283,0.0,0,0,0.0,0.0,0.0,0.0,0.0,0.0,0.0,0.0,0.0,0.0,0.0,0.0,0,0,1,-0.0,0.0,0.0,0.0297490045140678,0.0477009722165544,0.0394340451253563,1,1
2025-04-23,3413.0,3420.89990234375,3337.300048828125,3365.0,3543923,0.0297490045140678,2.974900451406781,98.60009765625,83.599853515625,2.4494536629248462,48.0,1.4264487369985142,3324.339990234375,3291.5,3423.512487792969,3600.4019970703125,3906.750983886719,4079.1407421875,3339.1393382742062,3340.1280772805453,3397.592211100822,3581.832649113434,3902.666715284417,-0.0030706731260518,-0.0520502980563847,-0.1633041820053191,34.12510303788183,-86.98266565737185,-99.43531933224406,12.45265367487221,0.0118082102730271,0.0119138108751239,0.0154746023067975,1.547460230679758,2800820.8,3474097.75,1.0200988155845645,0.3074803965913275,0.0507358079260695,0.0344305331328747,-0.0421396535253779,-0.1788962325424421,3710.0,3056.050048828125,0.5458368037679681,4150.0,3056.050048828125,0.3262945903416317,0.0,0,0,0.0,0.0,0.0,0.0,0.0,0.0,0.0,0.0,0.0,0.0,0.0,0.0,0,0,1,0.0,0.0,0.0,-0.0033401413254467,0.0119249783685539,0.0105185767195283,0,1
2025-04-24,3401.60009765625,3412.5,3387.699951171875,3401.10009765625,2252175,-0.0033401413254467,-0.3340141325446799,-11.39990234375,24.800048828125,0.7290700880803884,0.5,0.0147011256841443,3349.9,3304.2550048828125,3414.687487792969,3586.611997070313,3897.4414868164063,4076.322492675781,3359.9595914015545,3351.3048082579458,3397.9739145822914,3574.7647059190344,3897.680977795579,-0.0038326758110381,-0.05158402959818,-0.1655223295585305,36.782431569052974,-76.38373250599443,-94.82500196699414,18.441269460999703,0.0132859841726396,0.0115358683430507,0.0154064827639746,1.5406482763974607,2774377.6,3378610.25,0.6665980487095249,-0.3644966326864325,0.0390372188044507,0.0389578799730867,-0.0493278542195094,-0.1794377118551235,3710.0,3056.050048828125,0.5284044263768214,4139.5,3056.050048828125,0.3189349433763628,0.0,0,0,0.0,0.0,0.0,0.0,0.0,0.0,0.0,0.0,0.0,0.0,0.0,0.0,0,0,1,-0.0,0.0,0.0,0.0136406105984416,0.0086429625763495,0.0113769843781872,1,1
2025-04-25,3448.0,3477.800048828125,3405.0,3420.0,2742991,0.0136406105984416,1.3640610598441685,46.39990234375,72.800048828125,2.1113703256416763,28.0,0.8187134502923977,3379.72001953125,3319.760009765625,3405.639990234375,3573.9169970703124,3889.472487792969,4073.4577429199217,3389.306394267704,3368.8857522110466,3402.738303669692,3569.793540981033,3893.2065402055737,0.0124381936690582,-0.0352322108133825,-0.1535446744248249,42.05646502779754,-63.50783845392107,-88.56156926437953,25.05373081045846,0.0135418899966125,0.0119398972431985,0.0153745623912584,1.5374562391258446,2736506.6,3424022.25,0.8011019788203771,0.2179297789914194,0.0451969147503747,0.0470854556331616,-0.0498628952194399,-0.1696268573437035,3710.0,3056.050048828125,0.5993577191488472,4090.0,3056.050048828125,0.3790801969937136,0.0,0,0,0.0,0.0,0.0,0.0,0.0,0.0,0.0,0.0,0.0,0.0,0.0,0.0,0,0,1,0.0,0.0,0.0,-0.0013051044083526,0.0018271603329829,0.0499999716774217,0,1
2025-04-28,3443.5,3457.800048828125,3405.0,3435.0,1593296,-0.0013051044083526,-0.1305104408352631,-4.5,52.800048828125,1.5333250712392914,8.5,0.24745269286754,3404.1,3339.45,3394.927490234375,3562.1989990234374,3881.1989868164064,4070.6162426757815,3407.3709295118024,3382.451979081765,3406.620369986864,3564.840853099424,3888.73184826323,0.0143073776701698,-0.0333218326814358,-0.1540592886406684,54.31413515260293,-53.05512558173905,-81.46028052785144,28.40515494611239,0.0143270507334085,0.0102789801302371,0.0151839606134138,1.5183960613413816,2568576.6,3346917.55,0.4760487750885886,-0.4191391805514491,0.036699150638201,0.0606480306847443,-0.0585742601325951,-0.1529217660547621,3680.5,3056.050048828125,0.620465980411667,4052.0,3056.050048828125,0.3890255235375891,0.0,0,0,0.0,0.0,0.0,0.0,0.0,0.0,0.0,0.0,0.0,0.0,0.0,0.0,0,0,1,-0.0,0.0,0.0,0.0084216640046463,0.0047916364164368,0.0207637578045594,1,1
2025-04-29,3472.5,3495.0,3430.39990234375,3455.0,1578332,0.0084216640046463,0.842166400464639,29.0,64.60009765625,1.8603339857811367,17.5,0.5065123010130246,3435.72001953125,3363.55,3386.762487792969,3550.91,3873.157487792969,4068.012742919922,3429.0806196745352,3398.824346521444,3412.8946204643053,3561.219643173956,3884.590237832752,0.0253154782822999,-0.0220816635735627,-0.1463891045956943,72.02852388403038,-41.94767104562243,-73.55775863140565,31.61008758578322,0.0133222262802635,0.0095887345045058,0.0153704297907031,1.5370429790703113,2342143.4,3339109.2,0.4726805580362571,-0.0093918518592904,0.0477009722165544,0.0745783691784001,-0.0449144745681928,-0.1405341291404368,3663.0,3056.050048828125,0.6861355707629763,4040.0,3056.050048828125,0.4232430223467028,0.0,0,0,0.0,0.0,0.0,0.0,0.0,0.0,0.0,0.0,0.0,0.0,0.0,0.0,0,0,1,0.0,0.0,0.0,-0.0054139809440244,-0.0078905406317494,0.0219438304310655,0,0
2025-04-30,3453.699951171875,3509.89990234375,3366.0,3472.0,2809332,-0.0054139809440244,-0.5413980944024455,-18.800048828125,143.89990234375,4.166543254428437,-18.300048828125,-0.5270751390588998,3443.860009765625,3384.1,3376.887487792969,3540.712998046875,3864.666987304688,4065.353742675781,3437.287063506982,3408.8017291851584,3416.780842436455,3557.003184664071,3880.302772293837,0.0227465272848366,-0.0245750070460378,-0.1504552445419721,73.24962559005112,-34.26693225808049,-65.69959335674062,31.43266109866013,0.0082211173428426,0.0103951926387442,0.0153097108548412,1.530971085484126,2195225.2,3353152.1,0.8378182427215276,0.7799373008974031,0.0119249783685539,0.0632658097066531,-0.0540918061572089,-0.1575930250976908,3660.949951171875,3056.050048828125,0.6573813300399165,4021.75,3056.050048828125,0.41177376250377,0.0,0,0,0.0,0.0,0.0,0.0,0.0,0.0,0.0,0.0,0.0,0.0,0.0,0.0,0,0,1,-0.0,0.0,0.0,-0.0065726471589324,-0.0013898279804231,0.0365405081379619,0,0
2025-05-02,3431.0,3491.5,3420.0,3472.0,1721761,-0.0065726471589324,-0.6572647158932465,-22.699951171875,71.5,2.083940542116001,-41.0,-1.1808755760368663,3449.739990234375,3399.819995117188,3368.129992675781,3530.33,3855.43298828125,4062.962993164064,3435.1913756713216,3412.83777842422,3418.135047918697,3552.061883304696,3875.832097942654,0.0186661463366716,-0.0281361799038616,-0.1555423946088951,67.6919129817184,-29.669575384024483,-58.4935897621974,28.82401437817292,0.0088856679299241,0.0111155640318868,0.0151716202178512,1.5171620217851247,2089142.4,3336644.2,0.516015762184053,-0.3871279720588382,0.0086429625763495,0.0480175786020118,-0.0485697785968116,-0.1631808969546149,3584.0,3056.050048828125,0.7101998027267729,3984.449951171875,3056.050048828125,0.4038668576174039,0.0,0,0,0.0,0.0,0.0,0.0,0.0,0.0,0.0,0.0,0.0,0.0,0.0,0.0,0,0,1,-0.0,0.0,0.0,0.0067910372568129,0.0027105942372851,0.0379772803346327,1,1
2025-05-05,3454.300048828125,3504.5,3446.39990234375,3450.0,1284443,0.0067910372568129,0.679103725681296,23.300048828125,58.10009765625,1.681964416378957,4.300048828125,0.1246390964673913,3451.0,3415.360009765625,3363.304992675781,3521.213002929688,3845.335490722656,4060.615993652344,3441.560933390256,3420.376373043112,3421.579333719595,3548.228085874242,3871.637749195246,0.0270552496281194,-0.0190028135321238,-0.149316248020504,78.28926148028488,-23.870849432203613,-51.569041696198646,27.69819226399504,0.0069014267600538,0.0110935077805572,0.014981782185003,1.4981782185003063,1797432.8,3269941.7,0.3928030276503094,-0.2539946020382619,0.0018271603329829,0.0471066570931626,-0.0271769738292777,-0.1600281755528101,3564.10009765625,3056.050048828125,0.7838794640776214,3948.0,3056.050048828125,0.4464936619781919,0.0,0,0,0.0,0.0,0.0,0.0,0.0,0.0,0.0,0.0,0.0,0.0,0.0,0.0,0,0,1,0.0,0.0,0.0,0.001650103086386,0.0480849524267512,0.018672379089327,1,1
2025-05-06,3460.0,3473.0,3437.0,3460.0,1324763,0.001650103086386,0.1650103086386023,5.699951171875,36.0,1.0404624277456649,0.0,0.0,3454.3,3429.2,3359.107495117188,3511.7160009765626,3835.480490722656,4056.996242675781,3447.707288926837,3427.580668853455,3425.23844479392,3544.768160937997,3867.541851193304,0.0300355094409661,-0.0147267036862266,-0.1471522789190541,81.94015588953957,-18.600958642197384,-44.97542508539839,26.37446644320101,0.0068469137793994,0.0111009040753725,0.0149948549045082,1.499485490450824,1743726.2,3247964.2,0.4078748774386121,0.0313910387615488,0.0047916364164368,0.041666636041288,-0.0236882440013339,-0.1505345781629432,3509.89990234375,3056.050048828125,0.8900519589084057,3934.0,3056.050048828125,0.4601058985568464,0.0,0,0,0.0,0.0,0.0,0.0,0.0,0.0,0.0,0.0,0.0,0.0,0.0,0.0,0,0,1,0.0,0.0,0.0,-0.0043063301571532,0.0158959537572254,0.0110693782740245,0,1
2025-05-07,3445.10009765625,3459.5,3420.60009765625,3420.60009765625,1477128,-0.0043063301571532,-0.4306330157153204,-14.89990234375,38.89990234375,1.1291370712338415,24.5,0.7162485909062295,3448.82001953125,3442.27001953125,3361.2050048828123,3502.528002929688,3825.409992675781,4053.3757421875,3446.8382251699754,3430.766019544872,3427.130030780808,3540.859609436752,3863.3384506605967,0.0249598262086256,-0.016396130230908,-0.150066434305688,77.66227387504313,-15.448746288364418,-39.0700893259916,23.621343037627184,0.0056472599121066,0.0112555636932712,0.0119794934988031,1.1979493498803166,1723485.4,3094929.55,0.4772735456934714,0.115013024971259,-0.0078905406317494,0.0394340451253563,0.012326872608112,-0.1532571785860227,3509.89990234375,3056.050048828125,0.8572219332328834,3924.39990234375,3056.050048828125,0.4480337588047102,0.0,0,0,0.0,0.0,0.0,0.0,0.0,0.0,0.0,0.0,0.0,0.0,0.0,0.0,0,0,1,-0.0,-0.0,0.0,0.0011029591535192,0.0300716526599924,0.023424559195472,1,1
2025-05-08,3448.89990234375,3477.0,3428.699951171875,3448.0,2543591,0.0011029591535192,0.1102959153519211,3.7998046875,48.300048828125,1.4004479745933478,0.89990234375,0.0260992559092227,3447.860009765625,3445.860009765625,3368.6800048828127,3494.042001953125,3815.573493652344,4049.727990722656,3447.525450894568,3434.063089144668,3429.2033518820404,3537.253346413497,3859.214684010678,0.0238134513651224,-0.0129197358200447,-0.1483625788584608,76.20471869010203,-12.499891833357196,-33.75604982746472,21.256157994107525,0.0052783836648436,0.0066631861266818,0.0094744230516903,0.947442305169034,1670337.2,2956240.75,0.8604140241284476,0.721984147616185,-0.0013898279804231,0.0105185767195283,0.0453112700566553,-0.1602488242515548,3509.89990234375,3056.050048828125,0.8655943159891316,3874.949951171875,3056.050048828125,0.4797287829577957,0.0,0,0,0.0,0.0,0.0,0.0,0.0,0.0,0.0,0.0,0.0,0.0,0.0,0.0,0,0,1,0.0,-0.0,0.0,-0.002493506265514,0.0379831261298644,0.008147553843808,0,1
2025-05-09,3440.300048828125,3446.199951171875,3398.10009765625,3399.0,2531757,-0.002493506265514,-0.2493506265514034,-8.599853515625,48.099853515625,1.3981296059339166,41.300048828125,1.215064690442042,3449.72001953125,3449.7300048828124,3376.9925048828127,3487.1660009765624,3805.7019921875,4045.3517419433592,3445.1169835390865,3435.197081814388,3430.26018016262,3533.45125631211,3855.046379182991,0.0187467232615339,-0.0134395529594268,-0.1495671406868989,72.26073861797586,-10.733115069759153,-29.15146287592361,18.41834780616446,0.0042811623149589,0.0066061031141377,0.0092563113461242,0.9256311346124254,1832336.4,2751630.85,0.9200932603295968,-0.0046524775406109,0.0027105942372851,0.0113769843781872,0.0507780875431349,-0.1590770289881105,3509.89990234375,3206.0,0.7709777035831404,3817.0,3056.050048828125,0.5049609365349835,0.0,0,0,0.0,0.0,0.0,0.0,0.0,0.0,0.0,0.0,0.0,0.0,0.0,0.0,0,0,1,-0.0,0.0,0.0,0.0523500424263787,0.0351713508364528,0.0215969676404923,1,1
2025-05-12,3620.39990234375,3630.5,3502.199951171875,3505.0,2228678,0.0523500424263787,5.235004242637875,180.099853515625,128.300048828125,3.5438087583934297,115.39990234375,3.2924365861269616,3482.939990234375,3466.9699951171874,3393.3650024414064,3483.9860009765625,3797.356489257813,4041.94174194336,3503.5446231406413,3468.870321910634,3448.368725132251,3536.8610071368803,3852.711588368671,0.0669055346946172,0.0391545492229161,-0.1042919137664098,81.45264335181265,5.140366322566024,-22.293097036225685,27.43346335879171,0.0239926405875285,0.0173469105330572,0.0144948098175603,1.449480981756038,2021183.4,2585186.85,0.862095519323874,-0.1197109359231552,0.0480849524267512,0.0499999716774217,0.0994396987586598,-0.1132447731691261,3630.5,3206.0,0.9762070726590106,3817.0,3056.050048828125,0.7416385961343677,0.0,0,0,0.0,0.0,0.0,0.0,0.0,0.0,0.0,0.0,0.0,0.0,0.0,0.0,0,0,1,0.0,0.0,0.0,-0.029112779026294,-0.0280631577328935,-0.0229532249909266,0,0
2025-05-13,3515.0,3623.0,3510.5,3620.39990234375,3062887,-0.029112779026294,-2.9112779026294056,-105.39990234375,112.5,3.2005689900426746,-105.39990234375,-2.9112779026294007,3493.939990234375,3474.1199951171875,3406.7849975585937,3478.5660009765625,3787.767490234375,4038.079991455078,3507.363082093761,3477.2575361087006,3454.714560833941,3536.003712739356,3849.3512740565448,0.0317645529491754,0.010473855897289,-0.1295368077308918,67.49828777625581,9.110305501979385,-16.01241652858467,25.12272203056405,0.0298015368201285,0.0204289705015527,0.0158543472508296,1.5854347250829643,2368808.2,2588817.95,1.1831218182027825,0.3743066517460127,0.0158959537572254,0.0207637578045594,0.082671069509765,-0.1276616654615351,3630.5,3206.0,0.7279151943462897,3763.199951171875,3056.050048828125,0.6490136669053467,0.0,0,0,0.0,0.0,0.0,0.0,0.0,0.0,0.0,0.0,0.0,0.0,0.0,0.0,0,0,1,-0.0,0.0,0.0,0.0095874683277026,-0.0047510529649715,-0.0046372827391536,1,0
2025-05-14,3548.699951171875,3561.0,3508.60009765625,3521.0,2119499,0.0095874683277026,0.9587468327702632,33.699951171875,52.39990234375,1.4765943321425683,27.699951171875,0.7867069347309004,3514.6599609375,3481.739990234375,3422.644995117188,3476.027998046875,3779.102487792969,4034.311740722656,3521.142038453133,3490.247066120187,3463.6655503899347,3536.501604442592,3846.359718604956,0.0368296905564322,0.0209066075318821,-0.1203704177465956,63.34843584968826,14.805150758797936,-9.848903071108149,24.654053829906083,0.0295373191636898,0.0204714382903222,0.0157602550773875,1.576025507738751,2497282.4,2339344.85,0.9060224703510472,-0.3080061393058249,0.0300716526599924,0.0219438304310655,0.0981587346965418,-0.1209452695489244,3630.5,3218.0,0.8016968513257576,3710.0,3056.050048828125,0.7533449638782355,0.0,0,0,0.0,0.0,0.0,0.0,0.0,0.0,0.0,0.0,0.0,0.0,0.0,0.0,0,0,1,0.0,0.0,0.0,0.008791938343948,-0.0064530398903372,-0.0143714601690003,1,0
2025-05-15,3579.89990234375,3600.0,3514.10009765625,3564.0,3548330,0.008791938343948,0.8791938343948091,31.199951171875,85.89990234375,2.39950570370729,15.89990234375,0.4461252060535914,3540.8599609375,3494.3599853515625,3439.229992675781,3475.0349951171875,3771.616486816408,4030.679990234375,3540.727993083339,3506.5475817971983,3474.7354886712506,3538.203498477932,3843.708377149621,0.0409015709817431,0.0301766478248159,-0.1118372306863322,66.8812820894515,21.58708943515785,-3.5617045698549497,25.1487940050128,0.0293997948875091,0.0203647909866825,0.0157854133774342,1.5785413377434288,2698230.2,2341153.35,1.5156333095395054,0.6741361991678223,0.0379831261298644,0.0365405081379619,0.1021180826790559,-0.0967945760134418,3630.5,3218.0,0.8773330965909091,3710.0,3056.050048828125,0.8010549623513065,0.9547231197357178,1,1,0.0,0.3182410399119059,0.1909446239471435,0.3333333333333333,0.9547231197357178,0.0,0.0,0.1909446239471435,0.0954723119735717,0.2,0.1,0.9547231197357178,1,0,0,0.0083938668042582,0.0362633686760194,1.4470101616589277,-0.0051956350800332,-0.0287437931648261,-0.0228497463389817,0,0
2025-05-16,3561.300048828125,3593.89990234375,3546.10009765625,3593.89990234375,1666727,-0.0051956350800332,-0.519563508003329,-18.599853515625,47.7998046875,1.3422009949211924,-32.599853515625,-0.9070885222586504,3565.0599609375,3507.389990234375,3453.604992675781,3474.0099951171874,3763.750986328125,4026.873990478516,3547.585344998268,3516.5025758028214,3482.979732495715,3539.1092455504886,3840.8983440319935,0.0311833740050577,0.0251265983211407,-0.1156167147894951,61.32323195354341,25.17081843749565,2.184800031615171,22.986018405880483,0.0296605581512194,0.0202915437754387,0.0159295256297155,1.5929525629715575,2525224.2,2305270.15,0.7230072362668645,-0.5302784690262743,0.0351713508364528,0.0379772803346327,0.0878184359802036,-0.0984392651238141,3630.5,3218.0,0.8322425426136364,3710.0,3056.050048828125,0.7726126427482631,0.0,0,0,0.9547231197357178,0.3182410399119059,0.1909446239471435,0.3333333333333333,-0.9547231197357178,0.0,0.0,0.1909446239471435,0.0954723119735717,0.2,0.1,0.0,0,0,1,-0.0,0.0,0.0,-0.0119338442190471,-0.0131131751134651,-0.0274900022862689,0,0
2025-05-19,3518.800048828125,3550.0,3503.699951171875,3550.0,2537377,-0.0119338442190471,-1.1933844219047196,-42.5,46.300048828125,1.3157908430615266,-31.199951171875,-0.8788718639964789,3544.739990234375,3513.839990234375,3464.6,3474.72099609375,3756.219987792969,4022.528740234375,3537.990246274888,3516.920298171058,3486.3911911940395,3538.312806463337,3837.693385870762,0.0156439556739955,0.0126856380077503,-0.1252268719345185,56.99425771915208,24.30142300129364,6.608124625550866,17.693298375742778,0.0160539340403387,0.0208530045374683,0.0163121837340289,1.631218373402897,2586964.0,2285521.7,1.1101959784499091,0.5223710901665359,-0.0280631577328935,0.018672379089327,0.0666586295413642,-0.1000856394996645,3630.5,3284.10009765625,0.6775404657561666,3710.0,3056.050048828125,0.7076229597857671,0.0,0,0,0.0,0.3182410399119059,0.1909446239471435,0.3333333333333333,0.0,0.9547231197357178,0.0,0.1909446239471435,0.0954723119735717,0.2,0.1,0.0,0,0,1,-0.0,-0.0,0.0,-0.0058258496406543,0.0052574740659563,-0.0196089573270806,0,1
2025-05-20,3498.300048828125,3558.0,3494.0,3531.800048828125,2038374,-0.0058258496406543,-0.5825849640654357,-20.5,64.0,1.8294599979049533,-33.5,-0.9485248184170428,3541.4,3517.669995117188,3473.4349975585938,3474.82599609375,3749.499990234375,4018.1147399902334,3524.7601804593,3513.534798290525,3487.5253681115714,3536.743678712937,3834.316337740985,0.0071586344028341,0.0067554613556948,-0.1293678067449543,52.43488995911168,21.70800580197601,9.628100860835897,12.079904941140118,0.0095966361505301,0.0210021723709943,0.0164148060042936,1.6414806004293676,2382061.4,2265793.1,0.8996293615688034,-0.1966609612997989,-0.0047510529649715,0.0110693782740245,0.0531972380710596,-0.1109445183409022,3630.5,3295.0,0.6059613974012668,3710.0,3056.050048828125,0.6762749950626806,0.0,0,0,0.0,0.0,0.1909446239471435,0.0,0.0,0.0,0.9547231197357178,0.1909446239471435,0.0954723119735717,0.2,0.1,0.0,0,0,1,-0.0,-0.0,0.0,0.0078609609284978,0.0001143133345249,-0.0266129538223678,1,1
2025-05-21,3525.800048828125,3537.0,3498.300048828125,3508.0,1440153,0.0078609609284978,0.7860960928497862,27.5,38.699951171875,1.0976218343617572,17.800048828125,0.5074130224665051,3536.82001953125,3525.739990234375,3484.0050048828125,3474.70099609375,3743.174992675781,4013.916989746094,3525.1068032489084,3515.764843842816,3491.1705757988625,3536.31451675667,3831.246523920957,0.011996264037146,0.0147060287465944,-0.1216061373877204,56.694543027766336,21.62247374208846,12.02697543708641,9.59549830500205,0.0091446780750582,0.0209939638088124,0.0164107878245863,1.6410787824586368,2246192.2,2202275.85,0.6539385154679873,-0.2934795086672024,-0.0064530398903372,0.023424559195472,0.063782329445184,-0.0969906393064092,3630.5,3337.300048828125,0.6429059733693494,3710.0,3056.050048828125,0.7183271428619429,0.0,0,0,0.0,0.0,0.1909446239471435,0.0,0.0,0.0,0.0,0.1909446239471435,0.0954723119735717,0.2,0.1,0.0,0,0,1,0.0,-0.0,0.0,-0.0138408441069551,-0.0079698500388839,-0.0410970969645699,0,0
2025-05-22,3477.0,3497.800048828125,3451.300048828125,3495.0,2034383,-0.0138408441069551,-1.3840844106955186,-48.800048828125,46.5,1.3373597929249352,-18.0,-0.5150214592274678,3516.2400390625,3528.55,3487.2050048828123,3473.299995117188,3736.149992675781,4009.3752392578126,3509.071202165939,3508.716690416849,3489.8209971513515,3533.988457276017,3827.721682886917,-0.0029264138094901,0.0010652707477079,-0.1327825926705633,54.07368682321787,17.41617009928268,13.104814369525666,4.311355729757015,0.0085039131876495,0.0216277911983366,0.0155756999399796,1.5575699939979604,1943402.8,2126798.85,0.9565469719903223,0.4126158817847825,-0.0287437931648261,0.008147553843808,0.0187518312335188,-0.1022926665719906,3630.5,3366.0,0.4196597353497164,3710.0,3056.050048828125,0.6437036204644329,0.0,0,0,0.0,0.0,0.0,0.0,0.0,0.0,0.0,0.0,0.0954723119735717,0.0,0.1,0.0,0,0,1,-0.0,-0.0,0.0,0.0108139481323699,0.0060684778994104,-0.0304572626815501,1,1
2025-05-23,3514.60009765625,3535.0,3465.60009765625,3477.0,1274331,0.0108139481323699,1.081394813236991,37.60009765625,69.39990234375,1.9746173224666468,37.60009765625,1.081394813236986,3506.900048828125,3535.9800048828124,3492.8550048828124,3471.559995117188,3729.604992675781,4004.9627392578127,3510.914167329376,3509.7864008240126,3492.1809114851512,3533.2281294477903,3824.606045222931,0.0062255927437695,0.0123979140788576,-0.122438752499464,55.20816507961678,16.921596173944636,13.868170730409462,3.0534254435351738,0.0113274879373137,0.0217964117715346,0.015687229503041,1.5687229503041018,1864923.6,2077906.65,0.6132763471352286,-0.3736032005772758,-0.0131131751134651,0.0215969676404923,0.0332196603821415,-0.0712190462844573,3630.5,3366.0,0.5618151140122873,3710.0,3056.050048828125,0.7012005246065172,0.0,0,0,0.0,0.0,0.0,0.0,0.0,0.0,0.0,0.0,0.0954723119735717,0.0,0.1,0.0,0,0,1,0.0,-0.0,0.0,0.0064587579073398,-0.0145678580463943,-0.037102413606411,1,0
2025-05-26,3537.300048828125,3545.0,3510.10009765625,3521.0,967470,0.0064587579073398,0.6458757907339852,22.699951171875,34.89990234375,0.9866254448873236,16.300048828125,0.4629380524886396,3510.600048828125,3527.67001953125,3497.3200073242188,3470.0819970703124,3723.3294921875,4001.233990478516,3519.7094611622924,3514.7888822793057,3496.477972184482,3533.387812560745,3821.747279089649,0.0114316223337236,0.0193707387360191,-0.1159477158182663,56.48600071369955,18.15209309317152,14.724955202961874,3.427137890209641,0.0104878937950403,0.0132580649682694,0.0154815822391665,1.5481582239166507,1550942.2,1989130.6,0.4863783202571012,-0.2408016441568163,0.0052574740659563,-0.0229532249909266,0.0258990860870431,-0.064057749846871,3630.5,3366.0,0.647637235645085,3710.0,3056.050048828125,0.7359125864870889,0.0,0,0,0.0,0.0,0.0,0.0,0.0,0.0,0.0,0.0,0.0954723119735717,0.0,0.1,0.0,0,0,1,0.0,0.0,0.0,-0.0109123051828859,-0.024736380513999,-0.0326237935406712,0,0
2025-05-27,3498.699951171875,3540.0,3483.10009765625,3532.0,2467680,-0.0109123051828859,-1.0912305182885995,-38.60009765625,56.89990234375,1.626315578296207,-33.300048828125,-0.9428099894712628,3510.680029296875,3526.0400146484376,3500.0800048828123,3468.262998046875,3716.728493652344,3997.9522412109377,3512.7062911654866,3511.8636220779545,3496.6895892309003,3532.027504270985,3818.532877816836,-0.000394292047328,0.0087758492196642,-0.1248770020043672,54.325363817581525,15.830086101831512,14.945981382735804,0.8841047190957081,0.011522479614772,0.0100105970362981,0.0157169098313297,1.5716909831329755,1636803.4,2032849.8,1.213901784578477,1.5506527334180906,0.0001143133345249,-0.0046372827391536,0.0160301876497386,-0.0758848517771064,3630.5,3366.0,0.5017011386460303,3710.0,3056.050048828125,0.6768865133341223,0.0,0,0,0.0,0.0,0.0,0.0,0.0,0.0,0.0,0.0,0.0954723119735717,0.0,0.1,0.0,0,0,1,-0.0,0.0,0.0,-0.0002858204515837,-0.0267242122230808,-0.0102323861227751,0,0
2025-05-28,3497.699951171875,3529.0,3493.0,3520.0,1222933,-0.0002858204515837,-0.0285820451583762,-1.0,36.0,1.029247805774149,-22.300048828125,-0.6335241144353693,3505.060009765625,3520.9400146484377,3501.3400024414063,3466.71099609375,3710.757492675781,3994.5847399902345,3507.7041778342827,3509.28840918594,3496.78581417766,3530.68132571808,3815.340510387533,-0.0010396166230623,0.0089390073510722,-0.1243895977081147,53.95590820337626,13.750677933667248,14.706920692922091,-0.9562427592548453,0.0106925572346646,0.0093810562675837,0.0156182014894602,1.5618201489460213,1593359.4,2015079.85,0.6068905904646905,-0.5044199409972119,-0.0079698500388839,-0.0143714601690003,0.0072570053770697,-0.0484002997490976,3630.5,3366.0,0.4979204203095463,3710.0,3056.050048828125,0.67535734432324,-0.1890517771244049,2,1,0.0,-0.0630172590414683,-0.0378103554248809,0.6666666666666666,-0.1890517771244049,0.0,0.0,-0.0378103554248809,0.0765671342611312,0.4,0.3,0.1890517771244049,0,1,0,5.403486431041025e-05,0.001506714313266,-0.1147337446474291,0.0001144027475086,-0.0333933872140724,-0.0073762899014482,1,0
2025-05-29,3498.10009765625,3532.5,3486.5,3504.699951171875,3188072,0.0001144027475086,0.0114402747508624,0.400146484375,46.0,1.314999534485028,-6.599853515625,-0.188314366638382,3509.280029296875,3512.7600341796874,3503.560009765625,3466.5489990234373,3704.613991699219,3991.072989501953,3504.502817774938,3507.254170725996,3496.910984032764,3529.4036304999686,3812.183889365331,-0.0015583897790123,0.0091015873832162,-0.1235188865606843,54.74860850641341,11.99672962478553,14.164882479294782,-2.168152854509252,0.0082184169878668,0.0087101892982445,0.0155572801724333,1.555728017243333,1824097.2,2034016.85,1.567377379395849,1.6069065108227516,0.0060684778994104,-0.0228497463389817,0.0128558204569304,-0.0362165969344647,3630.5,3398.10009765625,0.430292779779601,3710.0,3056.050048828125,0.6759692359269598,0.0,0,0,-0.1890517771244049,-0.0630172590414683,-0.0378103554248809,0.6666666666666666,0.1890517771244049,0.0,0.0,-0.0378103554248809,-0.0189051777124404,0.4,0.2,0.0,0,0,1,0.0,0.0,0.0,-0.0099197262353211,-0.0363054219303474,-0.0182671006261909,0,0
2025-05-30,3463.39990234375,3506.699951171875,3453.10009765625,3490.0,3404365,-0.0099197262353211,-0.9919726235321114,-34.7001953125,53.599853515625,1.547607987150226,-26.60009765625,-0.7621804486031518,3499.039990234375,3502.97001953125,3505.1800048828127,3465.59599609375,3697.490490722656,3987.527239990234,3490.8018459645427,3499.280667383769,3493.719452443333,3526.8152490036464,3808.713401932281,-0.0119195312311669,-0.0006336842934015,-0.1314416945895943,33.05268417535109,7.717731983214435,12.875452380078713,-5.157720396864278,0.0073651221901839,0.0090091938698532,0.0156578989437668,1.565789894376686,2250104.0,2118147.05,1.6072373256615966,0.0678444526974295,-0.0145678580463943,-0.0274900022862689,0.0094432825251384,-0.0412866657813524,3630.5,3398.10009765625,0.2809803447804939,3710.0,3056.050048828125,0.6229067725835228,0.0,0,0,0.0,-0.0630172590414683,-0.0378103554248809,0.6666666666666666,0.0,-0.1890517771244049,0.0,-0.0378103554248809,-0.0189051777124404,0.4,0.2,0.0,0,0,1,-0.0,-0.0,0.0,-0.0039267349711541,-0.0228676888043678,-0.0051105710200826,0,0
2025-06-02,3449.800048828125,3460.0,3418.60009765625,3450.0,1877585,-0.0039267349711541,-0.3926734971154144,-13.599853515625,41.39990234375,1.2000667214847214,-0.199951171875,-0.0057956861413043,3481.539990234375,3496.07001953125,3504.9550048828123,3464.637998046875,3690.9894921875,3983.632490234375,3477.134580252404,3490.2841912827425,3489.536652099028,3523.7950450751946,3805.142124786966,-0.0157362807733194,-0.0042826838553161,-0.1340064483144232,41.222411758712376,3.192400992324565,10.938842102527884,-7.746441110203319,0.0052127388687353,0.0084398062665765,0.0156176656499979,1.561766564999798,2432127.0,2147804.15,0.874188179587976,-0.4484771756259977,-0.024736380513999,-0.0196089573270806,-0.0013027241225112,-0.0096030865346659,3630.5,3398.10009765625,0.2224611570421573,3710.0,3056.050048828125,0.6021102980348909,0.0,0,0,0.0,0.0,-0.0378103554248809,0.0,0.0,0.0,-0.1890517771244049,-0.0378103554248809,-0.0189051777124404,0.4,0.2,0.0,0,0,1,-0.0,-0.0,0.0,-0.012928313822536,-0.0080874677052232,0.0134790420725385,0,0
2025-06-03,3405.199951171875,3473.5,3400.5,3446.0,2848125,-0.012928313822536,-1.2928313822536008,-44.60009765625,73.0,2.143780131762236,-40.800048828125,-1.1839828446931224,3462.839990234375,3486.760009765625,3502.2150024414063,3462.787998046875,3684.0914916992174,3979.680240478516,3453.1563705588947,3474.814329444403,3481.504585344061,3519.1442570789864,3801.162600671393,-0.0277010552470084,-0.0166305436277016,-0.1443533788125564,31.23203112327592,-3.947309437416607,7.961611794538985,-11.908921231955592,0.0058274530278851,0.0090773337449282,0.0158770517681173,1.5877051768117318,2508216.0,2223972.25,1.2806477239093248,0.5169086885547125,-0.0267242122230808,-0.0266129538223678,-0.0158381644011922,-0.0251499682020652,3630.5,3398.10009765625,0.0305501570526625,3710.0,3056.050048828125,0.5339092108166308,0.0,0,0,0.0,0.0,-0.0378103554248809,0.0,0.0,0.0,0.0,-0.0378103554248809,-0.0189051777124404,0.4,0.2,0.0,0,0,1,-0.0,-0.0,0.0,-0.0071361591614501,0.0169446587569748,0.0323329317617193,0,1
2025-06-04,3380.89990234375,3394.800048828125,3370.0,3389.0,2544807,-0.0071361591614501,-0.7136159161450162,-24.300048828125,24.800048828125,0.7335339567708822,-8.10009765625,-0.2390114386618471,3439.47998046875,3472.269995117188,3499.004992675781,3460.463994140625,3677.617490234375,3975.599989013672,3429.070881153847,3457.7389790624657,3471.923186963079,3513.7229098344674,3796.9808822800737,-0.0337539073477323,-0.0229923189293677,-0.1495875058641058,23.49496631201061,-11.434581510398402,4.082373133551508,-15.51695464394991,0.0050857217398975,0.008356892479312,0.015923609854974,1.592360985497404,2772590.8,2277356.2,1.11743916037377,-0.1064974325213956,-0.0333933872140724,-0.0410970969645699,-0.0186352191497066,-0.0427938858155546,3630.5,3370.0,0.0418422354846449,3710.0,3056.050048828125,0.4967503291857362,0.0,0,0,0.0,0.0,0.0,0.0,0.0,0.0,0.0,0.0,-0.0189051777124404,0.0,0.2,0.0,0,0,1,-0.0,-0.0,0.0,-0.0028985787720915,0.02691591074226,0.0208524363442783,0,1
2025-06-05,3371.10009765625,3409.0,3363.699951171875,3409.0,3584683,-0.0028985787720915,-0.2898578772091542,-9.7998046875,45.300048828125,1.3437764384279114,-37.89990234375,-1.1117601156864183,3414.07998046875,3461.6800048828127,3495.1150024414064,3456.622998046875,3670.2444921875,3970.979239501953,3409.7472866546486,3441.9864551704263,3462.3209879814763,3508.1298583764983,3792.743262532573,-0.0354823531410352,-0.024741749516493,-0.1510657965366096,24.05895064914307,-17.952120043955347,-0.3245255019498629,-17.627594542005482,0.0041623308367691,0.0076329444583803,0.015923295326626,1.5923295326626044,2851913.0,2329410.8,1.5388797029703822,0.4086266659907804,-0.0363054219303474,-0.0304572626815501,-0.022557861025375,-0.0496045865577806,3630.5,3363.699951171875,0.0277366758997193,3710.0,3056.050048828125,0.4817647715449124,0.0,0,0,0.0,0.0,0.0,0.0,0.0,0.0,0.0,0.0,-0.0189051777124404,0.0,0.2,0.0,0,0,1,-0.0,-0.0,0.0,0.0038859283723828,0.0187178819043358,0.0156921778681471,1,1
2025-06-06,3384.199951171875,3390.89990234375,3358.699951171875,3371.10009765625,2070390,0.0038859283723828,0.3885928372382885,13.099853515625,32.199951171875,0.9514789798612476,13.099853515625,0.3885928372382844,3398.239990234375,3448.639990234375,3492.3099975585938,3452.7449951171875,3663.697990722656,3965.819990234375,3401.231508160391,3431.47981807978,3454.8808892377047,3503.269862015533,3788.678154956845,-0.0309566007777936,-0.0198523331558651,-0.1466582044809671,30.041515466574765,-21.808868528612948,-4.62139410728248,-17.187474421330467,0.0061471947215077,0.0064574492913394,0.015956121054952,1.5956121054952046,2585118.0,2306342.45,0.8976940956881749,-0.4224342849841952,-0.0228676888043678,-0.037102413606411,-0.0163067455919606,-0.0603621003414145,3630.5,3358.699951171875,0.0938189676931409,3710.0,3056.050048828125,0.5017966615881032,0.0,0,0,0.0,0.0,0.0,0.0,0.0,0.0,0.0,0.0,-0.0189051777124404,0.0,0.2,0.0,0,0,1,0.0,-0.0,0.0,0.0111399892783581,0.0181726850917021,0.0152177769467098,1,1
2025-06-09,3421.89990234375,3434.0,3390.89990234375,3400.0,1718678,0.0111399892783581,1.1139989278358131,37.699951171875,43.10009765625,1.2595370667251138,21.89990234375,0.6441147748161765,3392.6599609375,3437.099975585937,3482.3849975585936,3448.603994140625,3655.260490722656,3960.479489746094,3408.1209728881777,3429.738015218684,3451.739842866852,3500.0788832048747,3785.0286201049735,-0.0173688708334225,-0.0077434497675717,-0.1359884803839426,39.22120275030087,-21.574599942726763,-8.012035274371337,-13.562564668355426,0.0093950519642728,0.0073834271362728,0.0104581977398588,1.0458197739858892,2553336.6,2280842.45,0.7535277151650698,-0.1698771728997918,-0.0080874677052232,-0.0326237935406712,-0.0548281972584012,-0.0524202623470614,3623.0,3358.699951171875,0.2391219806886002,3710.0,3056.050048828125,0.5594462586319089,0.0,0,0,0.0,0.0,0.0,0.0,0.0,0.0,0.0,0.0,-0.0189051777124404,0.0,0.2,0.0,0,0,1,0.0,-0.0,0.0,0.0119816479646053,0.0217423503339231,-0.0082702023715295,1,1
2025-06-10,3462.89990234375,3485.800048828125,3423.199951171875,3440.0,2419874,0.0119816479646053,1.1981647964605324,41.0,62.60009765625,1.8077362736901863,22.89990234375,0.6656948355741279,3404.199951171875,3433.519970703125,3479.779992675781,3444.7069921875,3646.9784887695314,3955.177490234375,3426.3806160400354,3435.7674492414226,3452.802705674176,3498.620883955419,3781.823359231728,-0.0048509073468898,0.0052814100582461,-0.1244640952539031,41.45146487634703,-17.874536521388563,-9.984535523774785,-7.890000997613781,0.0084331316685629,0.0082542629359789,0.0089347736639948,0.893477366399489,2467686.4,2248691.8,1.0761252386832203,0.4079856727089077,0.0169446587569748,-0.0102323861227751,-0.0148222183943812,-0.0353098501102412,3600.0,3358.699951171875,0.4318273107607007,3680.5,3056.050048828125,0.651533165711855,0.0,0,0,0.0,0.0,0.0,0.0,0.0,0.0,0.0,0.0,-0.0189051777124404,0.0,0.2,0.0,0,0,1,0.0,0.0,0.0,0.0025989778087169,0.0151318686540462,-0.0209362101257766,1,1
2025-06-11,3471.89990234375,3489.0,3449.10009765625,3470.0,2847013,0.0025989778087169,0.2598977808716984,9.0,39.89990234375,1.149223867796853,1.89990234375,0.0547522289265129,3422.399951171875,3430.9399658203124,3475.939990234375,3441.4289892578126,3639.3669897460936,3949.7794897460935,3441.553711474607,3442.336986169118,3454.621486309373,3497.5730023235888,3778.7395437403056,-0.001162300817038,0.0088541455253181,-0.1209889282788957,49.22278327670701,-14.053979293600603,-10.798424277739947,-3.255555015860658,0.0062300292487873,0.0083319380498292,0.0086428089476565,0.864280894765652,2528127.6,2285067.5,1.245920744135567,0.1765129093498256,0.02691591074226,-0.0073762899014482,-0.0216417420139348,-0.0289206905916236,3600.0,3358.699951171875,0.4691252725460735,3663.0,3056.050048828125,0.685146860482843,0.0,0,0,0.0,0.0,0.0,0.0,0.0,0.0,0.0,0.0,0.0,0.0,0.0,0.0,0,0,1,0.0,0.0,0.0,-0.0108585939204137,-0.0059045481081299,-0.0078054823807941,0,0
2025-06-12,3434.199951171875,3474.699951171875,3423.199951171875,3471.89990234375,4060134,-0.0108585939204137,-1.0858593920413773,-37.699951171875,51.5,1.499621476100316,-37.699951171875,-1.0858593920413768,3435.019921875,3424.549951171875,3468.654992675781,3437.0889892578125,3631.21298828125,3944.440489501953,3439.102458040363,3440.8575252605283,3452.67657820104,3495.0877846313647,3775.311289087884,-0.0099332570049945,-0.0008405479447773,-0.129356885897524,37.75134697654627,-13.907909430342444,-11.420321308260448,-2.487588122081995,0.0091804999025832,0.0089137189482315,0.0085808641217391,0.8580864121739102,2623217.8,2310657.7,1.7571334776241412,0.4261030771548988,0.0187178819043358,-0.0182671006261909,-0.0406994483495154,-0.0205350524792333,3593.89990234375,3358.699951171875,0.3210034680016899,3660.949951171875,3056.050048828125,0.6251445914911994,0.0,0,0,0.0,0.0,0.0,0.0,0.0,0.0,0.0,0.0,0.0,0.0,0.0,0.0,0,0,1,-0.0,0.0,0.0,0.0033486693155637,-0.0029701098703919,0.0022130620710236,1,0
2025-06-13,3445.699951171875,3450.5,3393.199951171875,3393.199951171875,2178493,0.0033486693155637,0.3348669315563768,11.5,57.300048828125,1.6629436584760486,52.5,1.5472120934655975,3447.319921875,3422.779956054688,3462.874987792969,3433.879990234375,3623.606989746094,3939.3494897460937,3441.301622417534,3441.7379663353186,3452.012137531596,3493.15100684864,3772.031574282749,-0.0049597622442731,0.0034421590070459,-0.1253124506620092,35.552035069992115,-12.717593618042429,-11.679775770216844,-1.0378178478255844,0.0091816492734592,0.0085519760458062,0.0086280737555034,0.8628073755503414,2644838.4,2336246.0,0.9324758608468456,-0.4634430784796758,0.0181726850917021,-0.0051105710200826,-0.0324600836973254,-0.0186126932819034,3558.0,3358.699951171875,0.4365277405176564,3630.5,3056.050048828125,0.6783008712053438,0.0,0,0,0.0,0.0,0.0,0.0,0.0,0.0,0.0,0.0,0.0,0.0,0.0,0.0,0,0,1,0.0,0.0,0.0,0.0146849982219261,-0.0029021679605616,-0.0013349547496324,1,0
2025-06-16,3496.300048828125,3509.0,3426.199951171875,3440.0,1934088,0.0146849982219261,1.4684998221926149,50.60009765625,82.800048828125,2.368219193769641,56.300048828125,1.6366293263989826,3462.199951171875,3427.4299560546874,3461.749987792969,3432.789990234375,3617.3269921875,3934.318739013672,3459.6344312210645,3451.658344970374,3456.230033845551,3493.274498690972,3769.2879770145446,0.0099805188580888,0.018501003199853,-0.1113327920897831,49.63527320003799,-7.603605135906491,-10.864541643354777,3.2609365074482835,0.0100053023854388,0.0096704518166444,0.0089974135014625,0.8997413501462518,2687920.4,2306081.55,0.8386902015672429,-0.1121899404772014,0.0217423503339231,0.0134790420725385,-0.0063942252153523,-0.0004002351154451,3558.0,3358.699951171875,0.6904167784470308,3630.5,3056.050048828125,0.7663853031963745,0.0,0,0,0.0,0.0,0.0,0.0,0.0,0.0,0.0,0.0,0.0,0.0,0.0,0.0,0,0,1,0.0,0.0,0.0,0.0054343162013135,-0.0293738951856542,-0.0098103847922381,1,0
2025-06-17,3515.300048828125,3520.0,3488.10009765625,3510.0,2111940,0.0054343162013135,0.5434316201313516,19.0,31.89990234375,0.9074588769281384,5.300048828125,0.1509985421118233,3472.67998046875,3438.4399658203124,3462.599987792969,3432.2169921875,3611.7019921875,3929.4094897460936,3478.189637090085,3463.229563853601,3461.855749558177,3494.138245755174,3766.760733948013,0.0152197947267788,0.0242068193327346,-0.1053871941823826,52.536037126260815,-1.9945987167297967,-9.09055305802978,7.095954341299983,0.0091487623471871,0.0082971319062471,0.0089845575439615,0.8984557543961529,2626333.6,2309759.85,0.9143547975344708,0.0919565190415327,0.0151318686540462,0.0323329317617193,0.0048595031194349,0.0050319060816961,3545.0,3358.699951171875,0.840580014022029,3630.5,3056.050048828125,0.7994604213354572,0.0,0,0,0.0,0.0,0.0,0.0,0.0,0.0,0.0,0.0,0.0,0.0,0.0,0.0,0,0,1,0.0,0.0,0.0,-0.0181777218435954,-0.0355304368757973,-0.0243507229730748,0,0
2025-06-18,3451.39990234375,3538.0,3443.10009765625,3519.10009765625,2696327,-0.0181777218435954,-1.817772184359545,-63.900146484375,94.89990234375,2.749606102709399,-67.7001953125,-1.923792828671992,3468.57998046875,3445.4899658203126,3458.87998046875,3433.1819921875,3605.857490234375,3924.136240234375,3469.2597255079736,3461.0787163063555,3460.8599545853745,3492.46223228806,3763.622815225583,-0.0021625723260818,0.0053064213309129,-0.1204688902091712,44.31179107034104,-2.6747951310376266,-7.80740147263135,5.132606341593723,0.0132148772277859,0.010316981207182,0.0096874294583041,0.9687429458304124,2596196.4,2372568.55,1.1364590498344085,0.2767062511245584,-0.0059045481081299,0.0208524363442783,-0.0211016352186799,-0.0130680260891382,3545.0,3358.699951171875,0.4975841485548792,3630.5,3056.050048828125,0.688223321647279,0.0,0,0,0.0,0.0,0.0,0.0,0.0,0.0,0.0,0.0,0.0,0.0,0.0,0.0,0,0,1,-0.0,-0.0,0.0,-0.0079387793704066,-0.0019122250977474,-0.0081415814772849,0,0
2025-06-19,3424.0,3451.0,3413.0,3450.0,2672768,-0.0079387793704066,-0.7938779370406657,-27.39990234375,38.0,1.1098130841121494,-26.0,-0.7536231884057971,3466.539990234375,3450.779956054688,3456.22998046875,3435.673994140625,3598.5314892578126,3918.6972412109376,3454.173150338649,3454.3371315233817,3457.3494827201007,3489.7774388649987,3760.243483730801,-0.0093251839868534,-0.0033978759802397,-0.12624023004596,45.114095861595416,-5.362977749372021,-7.3185167279794845,1.9555389786074635,0.0127322956678152,0.010704892991596,0.0093607436650833,0.9360743665083342,2318723.2,2404487.8,1.1115747811238637,-0.0087374417123738,-0.0029701098703919,0.0156921778681471,-0.0152430255967788,-0.0390524974130952,3545.0,3358.699951171875,0.3505101004475255,3630.5,3056.050048828125,0.640525689698918,0.0,0,0,0.0,0.0,0.0,0.0,0.0,0.0,0.0,0.0,0.0,0.0,0.0,0.0,0,0,1,-0.0,-0.0,0.0,0.0034170418142158,0.0051986123913916,-0.0067756866740289,1,1
2025-06-20,3435.699951171875,3446.300048828125,3410.89990234375,3425.0,2351248,0.0034170418142158,0.3417041814215871,11.699951171875,35.400146484375,1.0303619928247938,10.699951171875,0.3124073334854014,3464.539990234375,3455.9299560546874,3452.2849731445312,3438.9069921875,3591.433986816406,3913.1069909667967,3448.015417283058,3450.948553277653,3455.2876225726504,3487.656753073112,3757.014194849618,-0.0048040709563873,-0.0009325756767805,-0.1220020410627644,48.24319654637883,-6.4746577386376885,-7.149744930111126,0.6750871914734375,0.0127375380255473,0.0106948384076541,0.0090207503092899,0.9020750309289992,2353274.2,2458333.65,0.9564397412043724,-0.1202947655763613,-0.0029021679605616,0.0152177769467098,-0.0224492529141481,-0.0397976978278642,3545.0,3358.699951171875,0.4133117542606656,3630.5,3206.0,0.5411070698984098,0.0,0,0,0.0,0.0,0.0,0.0,0.0,0.0,0.0,0.0,0.0,0.0,0.0,0.0,0,0,1,0.0,-0.0,0.0,-0.0122536467427154,0.0015717747652943,-0.0046278495123902,0,1
2025-06-23,3393.60009765625,3425.0,3370.0,3415.0,3123421,-0.0122536467427154,-1.2253646742715452,-42.099853515625,55.0,1.6206977374259597,-21.39990234375,-0.6266442853221084,3444.0,3453.099975585937,3445.099975585937,3440.919995117188,3583.8464868164065,3907.469742431641,3429.876977407456,3440.5215613464884,3449.41262019966,3483.9682567822542,3753.398134181028,-0.014948732488069,-0.0137521062762536,-0.1315095646666751,48.54565367377561,-10.630239688867732,-7.845843881862447,-2.7843958070052848,0.0101309158424589,0.0109233361415199,0.0091652074686531,0.9165207468653178,2591140.8,2566131.2,1.2171712030935908,0.328409848727144,-0.0293738951856542,-0.0082702023715295,-0.0406241905374924,-0.0648534305191023,3540.0,3358.699951171875,0.1924993771924509,3630.5,3206.0,0.4419319143845701,0.0,0,0,0.0,0.0,0.0,0.0,0.0,0.0,0.0,0.0,0.0,0.0,0.0,0.0,0,0,1,-0.0,-0.0,0.0,-0.0009430089640527,0.0201555576306677,0.0053335257528208,0,1
2025-06-24,3390.39990234375,3442.10009765625,3382.0,3434.60009765625,3403048,-0.0009430089640527,-0.0943008964052749,-3.2001953125,60.10009765625,1.7726551258659309,-44.2001953125,-1.286909510736401,3419.019970703125,3445.849975585937,3439.684973144532,3443.7959912109377,3577.098986816406,3901.859991455078,3416.7179523862205,3431.4085324369,3443.79236135624,3480.298909549372,3749.7862114761792,-0.0143283676224934,-0.0155050092988847,-0.1310810972796066,51.25761283675208,-14.020181416240575,-9.080711388738074,-4.939470027502502,0.0086380679629209,0.0099690136479488,0.0089247341316856,0.892473413168568,2849362.4,2612899.6,1.3024028937047565,0.0895258756344405,-0.0355304368757973,-0.0209362101257766,-0.0309543688625971,-0.0730914080120975,3538.0,3358.699951171875,0.1767983409879727,3630.5,3206.0,0.4343931739546525,0.0,0,0,0.0,0.0,0.0,0.0,0.0,0.0,0.0,0.0,0.0,0.0,0.0,0.0,0,0,1,-0.0,-0.0,0.0,0.0160453480566609,0.011591567354918,0.0046602316196395,1,1
2025-06-25,3444.800048828125,3450.0,3400.0,3407.300048828125,1757699,0.0160453480566609,1.6045348056660913,54.400146484375,50.0,1.4514630542056957,37.5,1.1005781546270748,3417.7,3443.139990234375,3437.039978027344,3448.0619921875,3571.143986816406,3896.687741699219,3426.0786512001887,3433.84335359894,3443.8883315916573,3478.9067973642245,3746.751523290626,0.0022577772881289,-0.0009460222486619,-0.1159671297331205,58.72601736329312,-12.176731694873524,-9.699915449965165,-2.47681624490836,0.0109844764925389,0.0114633916921193,0.0097534772054024,0.9753477205402468,2661636.8,2639637.9,0.6658864081319639,-0.483492739450046,-0.0019122250977474,-0.0078054823807941,-0.0151241967813809,-0.0525331419315983,3538.0,3358.699951171875,0.4802011946956276,3630.5,3218.0,0.5498183001893939,0.0,0,0,0.0,0.0,0.0,0.0,0.0,0.0,0.0,0.0,0.0,0.0,0.0,0.0,0,0,1,0.0,-0.0,0.0,-0.0008708778325233,-0.0062412911330844,-0.0177078492613095,0,0
2025-06-26,3441.800048828125,3451.39990234375,3415.300048828125,3444.800048828125,2879106,-0.0008708778325233,-0.0870877832523375,-3.0,36.099853515625,1.0488655065222745,-3.0,-0.0870877832523417,3421.260009765625,3443.9,3434.224975585937,3451.933994140625,3564.5639892578124,3891.516990966797,3431.3191170761675,3435.290025458792,3443.68944751894,3477.4516307549657,3743.717180261149,0.0022057591730416,-0.0029357297473537,-0.1155634019284972,56.98690809845224,-10.832983546281866,-9.926529069228506,-0.9064544770533604,0.0101871000124241,0.0109037354698223,0.0097515476075216,0.9751547607521612,2702904.4,2624189.6,1.0971409992631629,0.6379971769910548,0.0051986123913916,0.0022130620710236,-0.0160944647827105,-0.0573509819084385,3538.0,3358.699951171875,0.463469464728974,3630.5,3218.0,0.5425455729166667,0.0,0,0,0.0,0.0,0.0,0.0,0.0,0.0,0.0,0.0,0.0,0.0,0.0,0.0,0,0,1,-0.0,0.0,0.0,-0.0002033677616203,-0.0119123712645538,-0.0173746434946114,0,0
2025-06-27,3441.10009765625,3466.39990234375,3431.0,3455.0,1778433,-0.0002033677616203,-0.0203367761620332,-0.699951171875,35.39990234375,1.0287379424928975,-13.89990234375,-0.402312658285094,3422.3400390625,3443.4400146484377,3433.1099853515625,3455.279995117188,3557.9744921875,3886.4387414550783,3434.579443936196,3436.346402221966,3443.4428427701123,3476.026080437369,3740.706065011349,0.0023273685779889,-0.0041038345607231,-0.1145878459497071,52.558660090316366,-9.712573169543704,-9.883737889291544,0.1711647197478427,0.0101077244354105,0.0108501926238577,0.0095105530418944,0.9510553041894412,2588341.4,2542893.0,0.699373902087111,-0.3822967962971839,0.0015717747652943,-0.0013349547496324,-0.0064387033886584,-0.045768980535232,3538.0,3358.699951171875,0.4595656667297556,3630.5,3218.0,0.5408487215909091,0.0,0,0,0.0,0.0,0.0,0.0,0.0,0.0,0.0,0.0,0.0,0.0,0.0,0.0,0,0,1,-0.0,0.0,0.0,0.00607361069153,-0.0061898951566775,-0.0508849183944144,1,0
2025-06-30,3462.0,3464.89990234375,3430.0,3439.89990234375,1468351,0.00607361069153,0.6073610691530007,20.89990234375,34.89990234375,1.0080849897097055,22.10009765625,0.6424633938095775,3436.02001953125,3440.010009765625,3433.7199829101564,3458.5419970703124,3551.470493164062,3881.500992431641,3443.719629290797,3441.010692727063,3445.2101910777205,3475.476038067276,3737.93287033462,0.0082359706762913,0.0009998441344985,-0.1080770024919756,49.873288919140045,-7.056845500294912,-9.31835941149222,2.261513911197307,0.0073351089183321,0.0098430825026479,0.0095714212148834,0.9571421214883464,2257327.4,2522431.3,0.582117340519839,-0.17435686359846,0.0201555576306677,-0.0098103847922381,0.003536422690938,-0.0250084622076739,3538.0,3358.699951171875,0.5761295075114411,3630.5,3284.10009765625,0.5135679921965192,0.0,0,0,0.0,0.0,0.0,0.0,0.0,0.0,0.0,0.0,0.0,0.0,0.0,0.0,0,0,1,0.0,0.0,0.0,-0.0093298812328495,-0.0145291879919482,-0.0691219089624856,0,0
2025-07-01,3429.699951171875,3485.0,3413.5,3455.0,2375183,-0.0093298812328495,-0.9329881232849502,-32.300048828125,71.5,2.084730472575876,-25.300048828125,-0.7322734827243126,3443.880029296875,3431.45,3434.9449829101563,3460.703994140625,3545.035993652344,3876.110241699219,3439.0464032511563,3438.954194262483,3443.733025372402,3473.680897404712,3734.865876114095,-0.0015269623718507,-0.0089588832275871,-0.1151696579021048,44.42389867393754,-7.472369363950293,-8.949161401983835,1.4767920380335422,0.00941728403214,0.0098876244444148,0.0093423317395715,0.9342331739571592,2051754.4,2498784.2,0.9505354644070504,0.617585304876014,0.011591567354918,-0.0243507229730748,0.0071948785244075,-0.0322380399198981,3538.0,3358.699951171875,0.3959842758774695,3630.5,3295.0,0.4014901674273472,0.0,0,0,0.0,0.0,0.0,0.0,0.0,0.0,0.0,0.0,0.0,0.0,0.0,0.0,0,0,1,-0.0,0.0,0.0,-0.0018660239772763,-0.0068519113434312,-0.0517246129018181,0,0
2025-07-02,3423.300048828125,3489.89990234375,3420.0,3487.199951171875,3090585,-0.0018660239772763,-0.186602397727631,-6.39990234375,69.89990234375,2.0418865231424386,-63.89990234375,-1.832412916909924,3439.580029296875,3428.640014648437,3437.064990234375,3462.8819970703125,3538.582495117188,3870.829991455078,3433.797618443479,3436.1079860016907,3441.7870276062804,3471.705177852689,3731.765718628663,-0.0040048533982801,-0.0114303485581301,-0.115616016103751,48.429861815460406,-8.223300562453005,-8.803989234077669,0.5806886716246638,0.0054894863354189,0.008200399290986,0.0091916912828348,0.919169128283488,2318331.6,2526073.1,1.223474095029158,0.3011986865854126,-0.0062412911330844,-0.0081415814772849,0.0125410830574965,0.0059210281834771,3538.0,3358.699951171875,0.3602904632679432,3630.5,3337.300048828125,0.2933151920942389,0.0,0,0,0.0,0.0,0.0,0.0,0.0,0.0,0.0,0.0,0.0,0.0,0.0,0.0,0,0,1,-0.0,-0.0,0.0,-0.0065726052870248,-0.0115385737261102,-0.0555604090961833,0,0
2025-07-03,3400.800048828125,3435.300048828125,3397.60009765625,3430.0,2531870,-0.0065726052870248,-0.6572605287024857,-22.5,37.699951171875,1.108561239431467,-29.199951171875,-0.8513105297922741,3431.380029296875,3426.32001953125,3438.5499877929688,3462.637998046875,3531.519997558594,3865.245490722656,3422.798428571695,3429.688361061042,3437.8835058178847,3468.924584557608,3728.472527884379,-0.0109784470485693,-0.0178586237584264,-0.1201593645240104,43.730816797088586,-10.512795939485386,-9.145750575159212,-1.3670453643261735,0.0059654048609519,0.0080784862490913,0.0093026722038845,0.9302672203884552,2248884.4,2473432.45,1.023626094983916,-0.1807796905763795,-0.0119123712645538,-0.0067756866740289,0.0088101659136505,0.0307329058270096,3538.0,3358.699951171875,0.2348024885180409,3630.5,3358.699951171875,0.1548936353682274,0.0,0,0,0.0,0.0,0.0,0.0,0.0,0.0,0.0,0.0,0.0,0.0,0.0,0.0,0,0,1,-0.0,-0.0,0.0,0.0055869206443193,-0.0055281253111612,-0.0563397126868052,1,0
2025-07-04,3419.800048828125,3427.0,3390.10009765625,3408.0,1109320,0.0055869206443193,0.5586920644319315,19.0,36.89990234375,1.0790075974294058,11.800048828125,0.3462455642055457,3427.12001953125,3424.730029296875,3440.3299926757813,3463.0019970703124,3524.8069970703127,3859.731490478516,3421.798968657172,3427.8904861096025,3436.16127181886,3466.9981321760592,3725.4011599335695,-0.0059674344877855,-0.0124752882841927,-0.1139798047443579,38.28483920367535,-10.671086665769964,-9.450817793281365,-1.2202688724885995,0.0069708108709296,0.0082276394189588,0.0093431393096746,0.9343139309674694,2115061.8,2425378.95,0.4573800725037215,-0.5618574413378254,-0.0061898951566775,-0.0046278495123902,0.0105195018526971,0.0445167293799213,3538.0,3370.0,0.2964288620721726,3630.5,3358.699951171875,0.2247979642376265,0.0,0,0,0.0,0.0,0.0,0.0,0.0,0.0,0.0,0.0,0.0,0.0,0.0,0.0,0,0,1,0.0,-0.0,0.0,-0.0023685880871969,-0.0449734038926714,-0.067226195450566,0,0
2025-07-07,3411.699951171875,3426.10009765625,3408.39990234375,3418.300048828125,1639174,-0.0023685880871969,-0.2368588087196976,-8.10009765625,17.7001953125,0.518808675024901,-6.60009765625,-0.1930812849068843,3417.060009765625,3426.5400146484376,3439.819995117188,3462.27599609375,3518.0964965820312,3854.223740234375,3418.432629495406,3424.946752484561,3433.831622233433,3464.829576058248,3722.279754871265,-0.0081748591453124,-0.0146077450148216,-0.114815282891592,33.586808365140186,-11.31965742770808,-9.824585720166706,-1.4950717075413742,0.0056614977205089,0.0071763563228129,0.0090211395412198,0.9021139541219898,2149226.4,2421403.75,0.6769519540060182,0.477638553347997,-0.0145291879919482,0.0053335257528208,-0.0029807859560382,0.0360618903295932,3538.0,3370.0,0.2482139950706845,3630.5,3358.699951171875,0.1949962857935871,0.0,0,0,0.0,0.0,0.0,0.0,0.0,0.0,0.0,0.0,0.0,0.0,0.0,0.0,0,0,1,-0.0,-0.0,0.0,-0.0016120995628912,-0.0553976031611692,-0.0743031343987111,0,0
2025-07-08,3406.199951171875,3425.0,3393.39990234375,3405.0,2325242,-0.0016120995628912,-0.1612099562891211,-5.5,31.60009765625,0.9277229202407288,1.199951171875,0.035240856736417,3412.360009765625,3428.12001953125,3436.984997558594,3461.529995117188,3511.8644970703126,3848.726490478516,3414.355070054229,3421.538243154981,3431.2000345132847,3462.5303750823123,3719.13468219764,-0.0089569917845398,-0.0159842740127517,-0.1149799915378296,41.21307158770222,-12.137544407258702,-10.287177457585106,-1.850366949673596,0.0043808565029555,0.0071949715181573,0.0085625603266636,0.8562560326663604,2139238.2,2416672.15,0.9621669203247118,0.4185449500785152,-0.0068519113434312,0.0046602316196395,-0.0163735460945606,0.0491590737124789,3538.0,3370.0,0.2154758998325892,3630.5,3358.699951171875,0.1747608221734979,0.0,0,0,0.0,0.0,0.0,0.0,0.0,0.0,0.0,0.0,0.0,0.0,0.0,0.0,0,0,1,-0.0,-0.0,0.0,-0.0065762147451278,-0.0451822865803288,-0.0723973510218577,0,0
2025-07-09,3383.800048828125,3414.0,3367.0,3410.0,2034938,-0.0065762147451278,-0.6576214745127817,-22.39990234375,47.0,1.388970959329497,-26.199951171875,-0.7683270138379765,3404.460009765625,3422.02001953125,3432.5800048828123,3459.75599609375,3505.332998046875,3843.914741210937,3404.1700629788616,3414.676753277371,3426.685750162317,3459.4429113076385,3715.7980191790375,-0.0142108722841997,-0.0219541341503225,-0.1196995051554821,42.03014295104312,-14.426906251624132,-11.115123216392911,-3.3117830352312208,0.0049805179033126,0.0049734639953848,0.0086170344650682,0.861703446506824,1928108.8,2376068.4,0.8564307323812732,-0.1248489404543699,-0.0115385737261102,-0.0177078492613095,-0.0253751133366927,0.0471298309850301,3538.0,3367.0,0.0982458995796783,3630.5,3358.699951171875,0.0923476569061334,0.0,1,1,0.0,0.0,0.0,0.3333333333333333,0.0,0.0,0.0,0.0,0.0,0.2,0.1,0.0,0,0,1,-0.0,-0.0,0.0,-0.0005319607548172,-0.0445357139893846,-0.0604941037348724,0,0
2025-07-10,3382.0,3399.0,3356.0,3380.0,3035012,-0.0005319607548172,-0.0531960754817206,-1.800048828125,43.0,1.27143701951508,2.0,0.0591715976331361,3400.7,3416.0400146484376,3429.970007324219,3458.3219970703126,3499.5174975585937,3839.343991699219,3396.780041985908,3408.735525408758,3422.429964432573,3456.4059343936133,3712.476645853873,-0.0139855471685716,-0.0220690835425296,-0.1191203478219223,38.91870814067253,-16.199750266956016,-12.132048626505531,-4.067701640450483,0.0043845770937706,0.0049814498471208,0.0083150174214625,0.8315017421462593,2028737.2,2324812.3,1.305486898877815,0.4914518280163817,-0.0055281253111612,-0.0173746434946114,-0.0152000325881032,0.0411920604764042,3538.0,3356.0,0.1428571428571428,3630.5,3356.0,0.0947176684881603,-0.9628780484199524,1,1,0.0,-0.3209593494733174,-0.1925756096839904,0.6666666666666666,-0.9628780484199524,0.0,0.0,-0.1925756096839904,-0.0962878048419952,0.4,0.2,0.9628780484199524,0,1,0,0.0005122133334343,0.0053229105110318,-1.257024677429286,-0.0342992312241277,-0.0510940416404863,-0.0691898285038439,0,0
2025-07-11,3266.0,3335.0,3261.10009765625,3299.89990234375,7635550,-0.0342992312241277,-3.42992312241277,-116.0,73.89990234375,2.262703684744336,-33.89990234375,-1.0273009287243118,3369.939990234375,3398.5300048828126,3420.985009765625,3455.0219970703124,3492.6759985351564,3834.2494921875,3353.186694657272,3382.7836116980748,3407.5318725818515,3448.9390350056283,3708.034092163785,-0.0453042060468552,-0.0547093469247355,-0.1482035776089533,29.82289392165886,-26.65767933575489,-15.037174768355406,-11.620504567399486,0.0142842579219994,0.0113764945754903,0.0111280524769986,1.1128052476998638,3333983.2,2597665.15,2.9393896284130387,1.51582201322433,-0.0449734038926714,-0.0508849183944144,-0.0521519440805515,-0.0023825672648875,3538.0,3261.10009765625,0.0176955726682313,3630.5,3261.10009765625,0.0132644927967261,0.0,0,0,-0.9628780484199524,-0.3209593494733174,-0.1925756096839904,0.6666666666666666,0.9628780484199524,0.0,0.0,-0.1925756096839904,-0.0962878048419952,0.4,0.2,0.0,0,0,1,-0.0,-0.0,0.0,-0.0132578226662967,-0.0233007035077311,-0.0398652636778551,0,0
2025-07-14,3222.699951171875,3272.0,3200.0,3266.0,3924009,-0.0132578226662967,-1.3257822666296717,-43.300048828125,72.0,2.2341515217331525,-43.300048828125,-1.3257822666296697,3332.139990234375,3374.6,3407.3050048828127,3450.3899951171875,3485.8014990234374,3829.02049194336,3309.691113495473,3353.677491602402,3389.9288324475683,3440.0669140709715,3703.2048967310297,-0.0541791983536521,-0.0659896545803597,-0.1583487322795068,26.46647092479469,-38.00155723821717,-19.63005126232776,-18.371505975889413,0.0138284852859398,0.010889514631257,0.0105824388039985,1.0582438803998568,3790950.2,2697161.2,1.4548663238963988,-0.4860869223566082,-0.0553976031611692,-0.0691219089624856,-0.0782541812302276,-0.0230985945095629,3538.0,3200.0,0.0671596188517011,3630.5,3200.0,0.0527292710148083,0.0,0,0,0.0,-0.3209593494733174,-0.1925756096839904,0.3333333333333333,0.0,-0.9628780484199524,0.0,-0.1925756096839904,-0.0962878048419952,0.4,0.2,0.0,0,0,1,-0.0,-0.0,0.0,0.0091848754475223,-0.0200142740488594,-0.0444968208385658,1,0
2025-07-15,3252.300048828125,3259.39990234375,3206.0,3206.0,2590889,0.0091848754475223,0.9184875447522334,29.60009765625,53.39990234375,1.6419119251617376,46.300048828125,1.4441687095485027,3301.360009765625,3356.860009765625,3394.1550048828126,3446.23599609375,3478.975998535156,3823.925493164063,3290.560758606357,3335.2452292798057,3376.821329245716,3432.70350759086,3698.718281329011,-0.0417938944599217,-0.056274714640973,-0.1494865538980344,20.965309200603315,-44.09488333465379,-24.523017676792968,-19.57186565786082,0.016327937140596,0.0119839717173242,0.0107898471510926,1.0789847151092633,3844079.6,2721108.65,0.9521446341365312,-0.3397341851152736,-0.0451822865803288,-0.0517246129018181,-0.0748158041552312,-0.0208634533931474,3538.0,3200.0,0.1547338722725591,3630.5,3200.0,0.1214867568597561,0.0,0,0,0.0,0.0,-0.1925756096839904,0.0,0.0,0.0,-0.9628780484199524,-0.1925756096839904,-0.0962878048419952,0.4,0.2,0.0,0,0,1,0.0,-0.0,0.0,-0.0059034993338923,-0.0285028901946722,-0.0603572997205027,0,0
2025-07-16,3233.10009765625,3244.89990234375,3220.60009765625,3227.0,2540733,-0.0059034993338923,-0.5903499333892337,-19.199951171875,24.2998046875,0.7515945672426133,6.10009765625,0.1890330851022621,3271.22001953125,3337.8400146484373,3383.2400146484374,3441.99599609375,3472.261999511719,3818.717243652344,3271.407204956322,3316.673387166432,3363.1335929038623,3424.875922887542,3694.085264576048,-0.0443775541617282,-0.0606903374305407,-0.1533544142262784,19.98849863675844,-49.89797101554814,-29.598008344544,-20.29996267100413,0.0163566382080614,0.0119258684906491,0.0102668977891537,1.0266897789153708,3945238.6,2713328.95,0.9363895962559202,-0.0193586062544555,-0.0445357139893846,-0.0555604090961833,-0.0632496409759004,-0.024529268369218,3489.89990234375,3200.0,0.1141776778420622,3630.5,3200.0,0.0768875671457607,0.0,0,0,0.0,0.0,-0.1925756096839904,0.0,0.0,0.0,0.0,-0.1925756096839904,-0.0962878048419952,0.2,0.2,0.0,0,0,1,-0.0,-0.0,0.0,-0.0073923311256898,-0.0167022357393592,-0.0555194688002773,0,0
2025-07-17,3209.199951171875,3242.0,3204.10009765625,3224.10009765625,2947640,-0.0073923311256898,-0.7392331125689822,-23.900146484375,37.89990234375,1.1809766583696484,-14.900146484375,-0.4621490038478215,3236.660009765625,3318.6800048828127,3372.5000122070314,3437.2019970703127,3465.621999511719,3813.3007434082033,3250.67145369484,3297.1327624401483,3348.473246072245,3416.4180416437903,3689.26053508944,-0.0484210705542116,-0.0663336184759506,-0.1584193938232112,18.738196967233563,-55.7824762285004,-34.83490192133528,-20.94757430716512,0.0157492086822744,0.0119358420560897,0.0102543734075166,1.025437340751665,3927764.2,2727072.55,1.0808806681729095,0.160153388805514,-0.0510940416404863,-0.0563397126868052,-0.0627336591203636,-0.0597128768907485,3489.89990234375,3200.0,0.0317349233217958,3630.5,3200.0,0.0213703859973867,0.0,0,0,0.0,0.0,0.0,0.0,0.0,0.0,0.0,0.0,-0.0962878048419952,0.0,0.2,0.0,0,0,1,-0.0,-0.0,0.0,-0.0060139751719356,-0.0190701583270083,-0.0537205237962179,0,0
2025-07-18,3189.89990234375,3228.800048828125,3187.0,3225.0,3432645,-0.0060139751719356,-0.6013975171935693,-19.300048828125,41.800048828125,1.3103874763409595,-35.10009765625,-1.0883751211240311,3221.439990234375,3295.689990234375,3360.210009765625,3432.193994140625,3459.6799975585936,3807.7067419433592,3230.4142699111435,3277.6358787862578,3333.371022860007,3407.5349773575144,3684.291772574558,-0.050684364050732,-0.0705945212335068,-0.1622516862431207,13.160048497541396,-61.29675086050975,-40.127271709170174,-21.169479151339573,0.008313346707128,0.0112597145068341,0.0101511870389828,1.0151187038982852,3087183.2,2781142.4,1.2342571887005858,0.1645401066616005,-0.0233007035077311,-0.067226195450566,-0.0715429322471206,-0.0622354742576484,3489.89990234375,3187.0,0.0095737975526284,3630.5,3187.0,0.0065386749577226,0.0,0,0,0.0,0.0,0.0,0.0,0.0,0.0,0.0,0.0,-0.0962878048419952,0.0,0.2,0.0,0,0,1,-0.0,-0.0,0.0,-0.0099376005963647,-0.0169597339013288,-0.0585911495863638,0,0
2025-07-21,3158.199951171875,3197.60009765625,3152.0,3190.0,3844346,-0.0099376005963647,-0.9937600596364726,-31.699951171875,45.60009765625,1.443863541297622,-31.800048828125,-0.9968667344239812,3208.539990234375,3270.339990234375,3348.4400024414062,3422.9499951171874,3453.467998046875,3802.1552416992185,3206.342830331388,3255.9202555836428,3316.688063651613,3397.757133193372,3679.057028082989,-0.0568145318807635,-0.0773455774472242,-0.1693658595169706,13.181467835963003,-67.44728406043305,-45.59127417942275,-21.8560098810103,0.0075545114925214,0.0111770685753702,0.0100607432052827,1.0060743205282718,3071250.6,2817188.65,1.3646036803392632,0.1199369582348306,-0.0200142740488594,-0.0743031343987111,-0.0693659063267211,-0.0840487380592009,3489.89990234375,3152.0,0.0183484846514329,3623.0,3152.0,0.0131633782842356,0.0,0,0,0.0,0.0,0.0,0.0,0.0,0.0,0.0,0.0,-0.0962878048419952,0.0,0.2,0.0,0,0,1,-0.0,-0.0,0.0,0.0004433368710095,-0.0249825544815405,-0.0265341175744843,1,0
2025-07-22,3159.60009765625,3180.10009765625,3154.60009765625,3159.60009765625,3198036,0.0004433368710095,0.0443336871009503,1.400146484375,25.5,0.8070641603953478,0.0,0.0,3190.0,3245.6800048828127,3336.900012207031,3415.8419970703126,3447.203999023437,3796.513742675781,3190.761919439676,3238.407499596844,3301.7273049853884,3388.4176416036807,3673.8883024071015,-0.0531331217304034,-0.0750157353981347,-0.1677627655762506,13.747644686876768,-71.38575526321029,-50.75017039618025,-20.63558486703004,0.0038302523453658,0.0113181236369176,0.0100843219067912,1.008432190679124,3192680.0,2806938.05,1.1393325905429228,-0.1681196229475703,-0.0285028901946722,-0.0723973510218577,-0.0680745078266285,-0.0824451582238274,3489.89990234375,3152.0,0.0224921570072498,3600.0,3152.0,0.0169645036969866,0.0,0,0,0.0,0.0,0.0,0.0,0.0,0.0,0.0,0.0,-0.0962878048419952,0.0,0.2,0.0,0,0,1,0.0,-0.0,0.0,0.0061716671089055,-0.0327889905222813,-0.0302887050115896,1,0
2025-07-23,3179.10009765625,3182.0,3157.60009765625,3159.60009765625,1922875,0.0061716671089055,0.6171667108905599,19.5,24.39990234375,0.7675097226960079,19.5,0.6171667108905601,3179.2,3225.210009765625,3323.6150146484374,3408.45,3442.2389990234374,3791.2454931640623,3186.874645511867,3227.6243356076448,3290.048523334994,3380.209110468488,3668.9650366881874,-0.0434812444748429,-0.0672886216150302,-0.1614628745649846,19.26813403554418,-72.10238363845474,-55.02061304463515,-17.08177059381959,0.0065552487823881,0.0121146611804853,0.0092889688726626,0.9288968872662688,3069108.4,2815196.85,0.683033941303252,-0.3987325345931065,-0.0167022357393592,-0.0604941037348724,-0.0771307325260467,-0.0844924124820014,3489.89990234375,3152.0,0.0802015551596126,3600.0,3152.0,0.0604912894112723,0.0,0,0,0.0,0.0,0.0,0.0,0.0,0.0,0.0,0.0,-0.0962878048419952,0.0,0.1,0.0,0,0,1,0.0,-0.0,0.0,-0.0097826733040516,-0.0394765802097654,-0.0461766047996888,0,0
2025-07-24,3148.0,3173.699951171875,3140.0,3165.10009765625,2934778,-0.0097826733040516,-0.9782673304051692,-31.10009765625,33.699951171875,1.0705194146084815,-17.10009765625,-0.540270358871512,3166.960009765625,3201.810009765625,3308.925012207031,3399.812001953125,3437.4234985351563,3785.724243164064,3173.9164303412454,3213.147183678982,3276.520092541185,3371.1028708422728,3663.781304979848,-0.0486336231898151,-0.0740664489120175,-0.1684550173762947,13.546183310838115,-74.32308450174105,-58.88110733605633,-15.44197716568472,0.0069964529559402,0.0119902456414754,0.0093463652406951,0.9346365240695126,3066536.0,2817980.45,1.0414472534754455,0.5262448157056492,-0.0190701583270083,-0.0691898285038439,-0.0853623233947477,-0.0885137549566654,3489.89990234375,3140.0,0.0228636817170089,3593.89990234375,3140.0,0.017625031331118,0.0,0,0,0.0,0.0,0.0,0.0,0.0,0.0,0.0,0.0,0.0,0.0,0.0,0.0,0,0,1,-0.0,-0.0,0.0,-0.0038754609821711,-0.0353239997369361,-0.0320838627700127,0,0
2025-07-25,3135.800048828125,3156.89990234375,3125.60009765625,3140.0,2568917,-0.0038754609821711,-0.3875460982171175,-12.199951171875,31.2998046875,0.9981441482277228,-4.199951171875,-0.1337564067476114,3156.1400390625,3188.7900146484376,3293.660009765625,3391.302001953125,3432.6559985351564,3780.038992919922,3161.210969836872,3199.084068251553,3263.118183616132,3361.875309194659,3658.527760142517,-0.047928432342576,-0.0753403716265466,-0.1704318249887018,13.398830406326285,-76.1891786105989,-62.34272159096485,-13.846457019634052,0.0068937068855869,0.0072313999020552,0.0092953205207604,0.9295320520760428,2893790.4,2857504.65,0.8990071109770548,-0.1246639439167119,-0.0169597339013288,-0.0398652636778551,-0.0887216413832502,-0.0860390414374453,3489.89990234375,3125.60009765625,0.0279987829821227,3558.0,3125.60009765625,0.023589161599223,0.0,0,0,0.0,0.0,0.0,0.0,0.0,0.0,0.0,0.0,0.0,0.0,0.0,0.0,0,0,1,-0.0,-0.0,0.0,-0.0180177304420652,-0.0423496545571371,-0.0316984963762346,0,0
2025-07-28,3079.300048828125,3118.0,3069.89990234375,3110.0,3374473,-0.0180177304420652,-1.8017730442065227,-56.5,48.10009765625,1.5620464681431494,-30.699951171875,-0.9871366936294212,3140.36005859375,3174.4500244140627,3274.525012207031,3382.512001953125,3428.6164990234374,3774.169243164063,3133.907329500624,3177.305155629111,3245.6116945887024,3350.793926435188,3652.7643003284434,-0.0596193226960035,-0.0896410575778947,-0.1841118268860132,11.80186913754936,-81.29008791399929,-66.13219485557174,-15.157893058427549,0.009327850492953,0.0080195323019973,0.0094006856484485,0.9400685648448508,2799815.8,2952810.75,1.1428002962939634,0.3135780564338979,-0.0249825544815405,-0.0444968208385658,-0.1105430246019281,-0.1085603435425996,3489.89990234375,3069.89990234375,0.0223813011532738,3558.0,3069.89990234375,0.0192586449572791,0.0,1,1,0.0,0.0,0.0,0.3333333333333333,0.0,0.0,0.0,0.0,0.0,0.2,0.1,0.0,0,0,1,-0.0,-0.0,0.0,-0.0075666704961058,-0.0015913182887908,-0.0125028413566425,0,0
2025-07-29,3056.0,3074.0,3041.199951171875,3060.0,4785312,-0.0075666704961058,-0.7566670496105821,-23.300048828125,32.800048828125,1.0733000270983313,-4.0,-0.130718954248366,3119.6400390625,3154.82001953125,3255.8400146484373,3373.6660009765624,3424.245998535156,3768.1844921875,3107.938219667082,3155.249672787454,3227.5534379612072,3339.2333803004744,3646.826347091345,-0.0613789417629035,-0.0941604773218833,-0.1889993692357838,11.777094422748776,-86.21883741247984,-70.14952336695336,-16.069314045526482,0.008831279901555,0.0064331598256379,0.0093740455863199,0.9374045586319992,3117271.0,3073317.2,1.5570511237824718,0.4180916546079936,-0.0327889905222813,-0.0603572997205027,-0.1089599546584789,-0.1167630057803468,3489.89990234375,3041.199951171875,0.0329842889206284,3545.0,3041.199951171875,0.0293768308727856,-0.9644901752471924,1,1,0.0,-0.3214967250823974,-0.1928980350494384,0.6666666666666666,-0.9644901752471924,0.0,0.0,-0.1928980350494384,-0.0964490175247192,0.4,0.2,0.9644901752471924,0,1,0,0.0072979793528268,0.0316246592150136,-1.501760511245794,-0.0007853083585569,0.0025850465784522,-0.0067408696519142,0,1
2025-07-30,3053.60009765625,3069.0,3047.199951171875,3060.0,2880121,-0.0007853083585569,-0.0785308358556946,-2.39990234375,21.800048828125,0.713913024985077,-6.39990234375,-0.2091471354166666,3094.5400390625,3136.87001953125,3237.355017089844,3364.222001953125,3419.4614990234377,3762.3154931640624,3089.8255123301383,3136.767931854508,3210.9864531702588,3328.0320750987403,3640.923598340747,-0.0567608181566619,-0.092330977003462,-0.1883721332768377,11.76064233828967,-89.2892876348651,-73.97747622053572,-15.311811414329384,0.0065723676159258,0.00665793823893,0.0094004439721867,0.9400443972186734,3308720.2,3062794.0,0.9403573991590684,-0.3981330788880641,-0.0394765802097654,-0.0555194688002773,-0.1079951934971145,-0.1136396589075432,3435.300048828125,3041.199951171875,0.0314644593039175,3545.0,3041.199951171875,0.0246132300169851,0.0,0,0,-0.9644901752471924,-0.3214967250823974,-0.1928980350494384,0.6666666666666666,0.9644901752471924,0.0,0.0,-0.1928980350494384,-0.0964490175247192,0.4,0.2,0.0,0,0,1,-0.0,-0.0,0.0,-0.0055017187224416,-0.0069753890971098,-0.0056982400864246,0,0
2025-07-31,3036.800048828125,3059.800048828125,3015.0,3041.699951171875,2968371,-0.0055017187224416,-0.5501718722441651,-16.800048828125,44.800048828125,1.4752386758361964,-4.89990234375,-0.1610909170006139,3072.300048828125,3119.630029296875,3219.155017089844,3355.418002929688,3414.3589990234377,3756.753492431641,3072.150357829468,3118.591953122438,3194.397271804341,3316.611211323422,3634.912418743607,-0.0566468428185759,-0.0949562629226434,-0.1916424500713008,15.29381493987806,-92.01754412433456,-77.5854898012955,-14.432054323039068,0.0065618197546096,0.0066305621013842,0.0093979938873453,0.939799388734532,3315438.8,3084619.05,0.9623136445325396,0.0306410737604427,-0.0353239997369361,-0.0537205237962179,-0.1070336376069596,-0.1194873336960509,3427.0,3015.0,0.0529127398740898,3545.0,3015.0,0.0411321676002358,0.0,0,0,0.0,-0.3214967250823974,-0.1928980350494384,0.3333333333333333,0.0,-0.9644901752471924,0.0,-0.1928980350494384,-0.0964490175247192,0.4,0.2,0.0,0,0,1,-0.0,-0.0,0.0,-0.01113015288615,0.0033587826026975,-0.004774762831552,0,1
2025-08-01,3003.0,3036.800048828125,3000.0,3029.89990234375,2053847,-0.01113015288615,-1.1130152886150046,-33.800048828125,36.800048828125,1.225442851419414,-26.89990234375,-0.8878148853347214,3045.7400390625,3100.9400390625,3198.3150146484377,3345.1860009765624,3408.372998046875,3751.0852429199217,3049.1002385529787,3097.575234372904,3176.168960203928,3304.312732447994,3628.624732984964,-0.0610680979684257,-0.1022920701200674,-0.1994316829594618,15.74685841614081,-95.8027342248888,-81.22893868601416,-14.573795538874649,0.006458170058077,0.006868875728642,0.0090888177063812,0.9088817706381284,3212424.8,3131845.4,0.6557945037772299,-0.3080895211548691,-0.0423496545571371,-0.0585911495863638,-0.1218784849631636,-0.1271110201498509,3426.10009765625,3000.0,0.0070405991843264,3545.0,3000.0,0.0055045871559633,0.0,0,0,0.0,0.0,-0.1928980350494384,0.0,0.0,0.0,-0.9644901752471924,-0.1928980350494384,-0.0964490175247192,0.4,0.2,0.0,0,0,1,-0.0,-0.0,0.0,0.02377619125666,0.0111221786026474,0.0027305864708209,1,1
2025-08-04,3074.39990234375,3079.39990234375,2991.60009765625,3009.10009765625,2519252,0.02377619125666,2.3776191256660084,71.39990234375,87.7998046875,2.8558355281161165,65.2998046875,2.170077517140796,3044.760009765625,3092.560034179688,3181.4500122070312,3335.927998046875,3403.004997558594,3745.873243408203,3057.533459816569,3093.36153764033,3166.476668979149,3295.296543032142,3623.110058053211,-0.0336482136926673,-0.0783974042174306,-0.1792568240919731,25.462065286863364,-91.98085124804491,-83.37932119842031,-8.601530049624614,0.0139376827907836,0.0114599239281983,0.0113129348855497,1.131293488554972,3041380.6,3175849.3,0.7932530047946545,0.2266015920367972,-0.0015913182887908,-0.0265341175744843,-0.0988656838689072,-0.1508120690331844,3425.0,2991.60009765625,0.1910471235450984,3540.0,2991.60009765625,0.1509843534501564,0.0,0,0,0.0,0.0,-0.1928980350494384,0.0,0.0,0.0,0.0,-0.1928980350494384,-0.0964490175247192,0.2,0.2,0.0,0,0,1,0.0,-0.0,0.0,-0.0034153006549327,-0.0109289144492914,-0.0189305077480345,0,0
2025-08-05,3063.89990234375,3077.5,3042.0,3074.39990234375,1927996,-0.0034153006549327,-0.3415300654932784,-10.5,35.5,1.1586540399979792,-10.5,-0.3415300654932817,3046.339990234375,3082.9900146484374,3164.335009765625,3327.2319970703124,3397.7474975585938,3740.717993164063,3059.6556073256297,3088.004876677315,3156.7074531091107,3286.2221649659305,3617.545777896898,-0.0317397200713314,-0.0791444945703909,-0.1809326690911095,26.08817761388275,-88.77589049697826,-84.4586350581319,-4.31725543884636,0.0135092966523501,0.0114099147490131,0.0112905827116238,1.129058271162382,2469917.4,3155987.0,0.6109011222162829,-0.2346950602797973,0.0025850465784522,-0.0302887050115896,-0.1004932340247258,-0.1283357319078947,3414.0,2991.60009765625,0.1711643499118573,3538.0,2991.60009765625,0.132320310412528,0.0,0,0,0.0,0.0,0.0,0.0,0.0,0.0,0.0,0.0,-0.0964490175247192,0.0,0.2,0.0,0,0,1,-0.0,0.0,0.0,-0.0103136050533023,-0.0093018704619556,0.0113254990105766,0,0
2025-08-06,3032.300048828125,3066.800048828125,3026.0,3063.0,1487081,-0.0103136050533023,-1.0313605053302366,-31.599853515625,40.800048828125,1.3455148953314418,-30.699951171875,-1.0022837470412993,3042.07998046875,3068.310009765625,3146.760009765625,3317.9239990234373,3392.317497558594,3735.3344934082033,3050.5370878264616,3077.87672615928,3144.859128891874,3276.2644349213106,3611.722437309149,-0.036373908586065,-0.0860851394665398,-0.1882119113618159,25.53251696490318,-87.77397633716782,-85.1217033139391,-2.65227302322873,0.0143946157979777,0.0111227947505939,0.0113449981162369,1.134499811623693,2191309.4,3128594.15,0.4753192420308016,-0.2286908271593924,-0.0069753890971098,-0.0461766047996888,-0.1038772962136846,-0.1455180515256638,3399.0,2991.60009765625,0.0999017204906784,3538.0,2991.60009765625,0.0744874788543976,0.0,0,0,0.0,0.0,0.0,0.0,0.0,0.0,0.0,0.0,-0.0964490175247192,0.0,0.2,0.0,0,0,1,-0.0,-0.0,0.0,0.0048477891155778,0.0012861201995024,0.0231837376565995,1,1
2025-08-07,3047.0,3051.60009765625,3010.89990234375,3016.0,2543076,0.0048477891155778,0.4847789115577816,14.699951171875,40.7001953125,1.3357464821956022,31.0,1.0278514588859418,3044.119970703125,3058.210009765625,3130.010009765625,3308.9019970703125,3387.725498046875,3729.954244384766,3049.3580585509744,3072.2627759485017,3135.539211854553,3267.2736727675338,3606.103308579705,-0.0265206850798029,-0.0791507265256569,-0.1830998987220593,29.980394866273286,-84.81608194369437,-85.06057903989014,0.2444970961957722,0.0143865252390204,0.01133449340575,0.0115289637454676,1.1528963745467675,2106250.4,3103997.35,0.819290647912441,0.7101126300450344,0.0033587826026975,-0.0320838627700127,-0.0990538143110585,-0.1488588834550547,3335.0,2991.60009765625,0.1613276589936057,3538.0,2991.60009765625,0.1013907617957386,0.0,0,0,0.0,0.0,0.0,0.0,0.0,0.0,0.0,0.0,-0.0964490175247192,0.0,0.2,0.0,0,0,1,0.0,0.0,0.0,-0.0034788636876436,-0.0081063180741303,0.002297341647522,0,0
2025-08-08,3036.39990234375,3059.800048828125,3025.0,3048.10009765625,2762140,-0.0034788636876436,-0.3478863687643607,-10.60009765625,34.800048828125,1.1460957037069914,-11.7001953125,-0.3838520697367036,3050.799951171875,3048.269995117188,3118.5300048828126,3300.361997070313,3382.9789965820314,3724.736993408203,3045.0386731485664,3065.7422534749103,3126.097372853524,3258.2197994175817,3600.4346179703925,-0.0263361591552648,-0.0799797400893835,-0.1848015288818048,31.86420025053856,-82.37767011575988,-84.5239972550641,2.146327139304219,0.0131613028960598,0.0113325540173788,0.0092632042029846,0.9263204202984616,2247909.0,2860326.85,0.9656728565828062,0.0861413500815548,0.0111221786026474,-0.0316984963762346,-0.0703000911378597,-0.1473900371458725,3272.0,2991.60009765625,0.1597711137309123,3538.0,2991.60009765625,0.0819908724275643,0.0,0,0,0.0,0.0,0.0,0.0,0.0,0.0,0.0,0.0,-0.0964490175247192,0.0,0.2,0.0,0,0,1,-0.0,0.0,0.0,0.0014491327314885,-0.0082992859907627,0.0343170197153772,1,0
2025-08-11,3040.800048828125,3049.89990234375,3021.300048828125,3036.39990234375,1884215,0.0014491327314885,0.14491327314885,4.400146484375,28.599853515625,0.9405371302413296,4.400146484375,0.1449132731488561,3044.07998046875,3044.419995117188,3109.435009765625,3292.1819970703127,3378.4099975585937,3719.863493652344,3043.625798375086,3061.207307175495,3117.973818184438,3249.6935346885834,3594.866114794848,-0.022073129273306,-0.0763572452755924,-0.1825506355227785,32.46752778828659,-79.17744779465602,-83.45468736298248,4.277239568326465,0.0057430163340398,0.0101015957988971,0.0090369485569222,0.9036948556922204,2120901.6,2758337.15,0.6830981484623807,-0.3178423251536851,-0.0109289144492914,-0.0125028413566425,-0.056443325503389,-0.1358417623528195,3259.39990234375,2991.60009765625,0.1837191450878287,3538.0,2991.60009765625,0.0900438505952045,0.0,0,0,0.0,0.0,0.0,0.0,0.0,0.0,0.0,0.0,-0.0964490175247192,0.0,0.1,0.0,0,0,1,0.0,-0.0,0.0,-0.0017758966053871,-0.008090008307429,0.0382793674278612,0,0
2025-08-12,3035.39990234375,3096.39990234375,3026.89990234375,3041.0,3358232,-0.0017758966053871,-0.1775896605387128,-5.400146484375,69.5,2.289648884364013,-5.60009765625,-0.1841531619944097,3038.37998046875,3042.3599853515625,3098.5900024414063,3284.78599609375,3373.7869970703123,3714.709243164063,3040.8838330313074,3056.5150517515413,3110.10963572342,3241.2898628319235,3589.29928681026,-0.0203931788484014,-0.075921565071992,-0.1828701242419985,27.8718649715934,-76.19862492308948,-82.00347487500389,5.804849951914406,0.0057016634102755,0.0098599146141922,0.0085891784756922,0.8589178475692276,2406948.8,2796704.3,1.2007819346507245,0.7822976677290012,-0.0093018704619556,-0.0067408696519142,-0.0666913086824596,-0.1323214532839854,3244.89990234375,2991.60009765625,0.1729168514027735,3538.0,2991.60009765625,0.0801607110462929,0.0,0,0,0.0,0.0,0.0,0.0,0.0,0.0,0.0,0.0,0.0,0.0,0.0,0.0,0,0,1,-0.0,-0.0,0.0,0.0002635727923385,0.0208210441278926,0.019206711044271,1,1
2025-08-13,3036.199951171875,3044.39990234375,3028.60009765625,3036.10009765625,2148166,0.0002635727923385,0.0263572792338573,0.800048828125,15.7998046875,0.5203809018375679,0.099853515625,0.0032888742931131,3039.1599609375,3040.619970703125,3088.7449951171875,3277.8919970703123,3369.177995605469,3709.650743408203,3039.322539078164,3052.8213971006926,3103.0706181470823,3233.247121198196,3583.795810833759,-0.017011777931936,-0.0737339869997104,-0.1815402146503965,31.0122294157794,-72.93260738303161,-80.18930137660944,7.256693993577826,0.0031853503917551,0.009863689866094,0.0086056387783234,0.860563877832349,2539165.8,2777075.95,0.7735351998565253,-0.3603282917916331,0.0012861201995024,-0.0056982400864246,-0.0609013456240072,-0.1388621279924762,3242.0,2991.60009765625,0.1781145004377763,3538.0,2991.60009765625,0.0816249295146587,0.0,0,0,0.0,0.0,0.0,0.0,0.0,0.0,0.0,0.0,0.0,0.0,0.0,0.0,0,0,1,0.0,0.0,0.0,-0.004578058944499,0.021869490663402,0.0159739150187656,0,1
2025-08-14,3022.300048828125,3055.89990234375,3019.10009765625,3034.0,3342174,-0.004578058944499,-0.457805894449903,-13.89990234375,36.7998046875,1.2176092410734949,-11.699951171875,-0.3856279226062953,3034.219970703125,3039.169970703125,3079.4,3270.91599609375,3363.7694970703124,3704.474493408203,3033.6483756614844,3047.272061051134,3095.378182973848,3224.974686987605,3578.20878832624,-0.0185425573721748,-0.0760080502105622,-0.1841487762417988,30.83418396373429,-70.65144502570047,-78.28173010642764,7.630285080727177,0.002509837243487,0.0098161486712832,0.0085546476150548,0.855464761505486,2698985.4,2796802.65,1.1949981526226028,0.5558266912333591,-0.0081063180741303,-0.004774762831552,-0.0582387838674562,-0.130773641406924,3228.800048828125,2991.60009765625,0.1294264649727091,3538.0,2991.60009765625,0.0561858650416835,0.0,0,0,0.0,0.0,0.0,0.0,0.0,0.0,0.0,0.0,0.0,0.0,0.0,0.0,0,0,1,-0.0,-0.0,0.0,-0.0036727318522044,0.0104886843330351,0.0298779232270927,0,1
2025-08-18,3011.199951171875,3049.0,3003.39990234375,3046.5,2945609,-0.0036727318522044,-0.3672731852204403,-11.10009765625,45.60009765625,1.5143497076141927,-35.300048828125,-1.158708315382406,3029.17998046875,3039.9899658203126,3070.4650024414063,3263.45599609375,3358.100495605469,3699.076242675781,3026.165567498281,3040.713495618542,3087.3612085165173,3216.591364014439,3572.56690934958,-0.0193016534050732,-0.0772972104492345,-0.1859589384960394,36.41802062192999,-68.9445427636092,-76.41429263786395,7.469749874254745,0.0025468799081642,0.0091757773861512,0.0085266457426988,0.8526645742698808,2735679.2,2772450.85,1.0624567068519897,-0.1186548037295485,-0.0082992859907627,0.0027305864708209,-0.0560205513159133,-0.1432311308532862,3197.60009765625,2991.60009765625,0.0951449199787621,3538.0,2991.60009765625,0.0358708949828735,0.0,0,0,0.0,0.0,0.0,0.0,0.0,0.0,0.0,0.0,0.0,0.0,0.0,0.0,0,0,1,-0.0,-0.0,0.0,0.0016604676145979,0.0429729505123086,0.03330899656434,1,1
2025-08-19,3016.199951171875,3025.0,3011.10009765625,3011.199951171875,2650784,0.0016604676145979,0.1660467614597927,5.0,13.89990234375,0.4608415413026419,5.0,0.1660467614598007,3024.2599609375,3034.169970703125,3063.3650024414064,3255.3419970703126,3351.972995605469,3693.7809924316407,3022.84369538948,3036.2564875373296,3080.583945912266,3208.7328772362994,3567.030919715971,-0.0153964843340386,-0.0734614200639,-0.1834383366658968,41.43717217260858,-66.42267298261368,-74.4159687068139,7.993295724200223,0.0026123474769306,0.0042165676252935,0.0084124452308989,0.8412445230898904,2888993.0,2712772.75,0.977149302314394,-0.1000896588786902,-0.008090008307429,-0.0189305077480345,-0.0449623210041877,-0.1473157748743665,3182.0,2991.60009765625,0.1292009775888023,3538.0,2991.60009765625,0.0450217018892305,0.0,0,0,0.0,0.0,0.0,0.0,0.0,0.0,0.0,0.0,0.0,0.0,0.0,0.0,0,0,1,0.0,-0.0,0.0,0.0273191923010145,0.0467475639157204,0.0269544626166238,1,1
2025-08-20,3098.60009765625,3103.39990234375,3010.89990234375,3010.89990234375,4952358,0.0273191923010145,2.731919230101454,82.400146484375,92.5,2.985219037137644,87.7001953125,2.912756921750612,3036.9,3037.639990234375,3060.3150024414062,3248.0560009765627,3346.381496582031,3688.850743408203,3048.095829478403,3047.591689377133,3082.2997698878835,3204.4139447037487,3562.3699165113967,0.0125101812017067,-0.0460139552013195,-0.160009359773285,57.2022957317645,-57.11666448327787,-70.9561078621067,13.839443378828832,0.0131859390144756,0.0100945644854835,0.0107025350862203,1.070253508622032,3207818.2,2800488.85,1.768390543672402,0.868261616186004,0.0208210441278926,0.0113254990105766,-0.0193062406996533,-0.1143567208104293,3182.0,2991.60009765625,0.5619750781532497,3538.0,2991.60009765625,0.1958272677960406,0.0,0,0,0.0,0.0,0.0,0.0,0.0,0.0,0.0,0.0,0.0,0.0,0.0,0.0,0,0,1,0.0,0.0,0.0,0.0012909055295731,-0.0015814065480993,-0.0009359537833129,1,0
2025-08-21,3102.60009765625,3130.0,3083.10009765625,3130.0,3230726,0.0012909055295731,0.1290905529573116,4.0,46.89990234375,1.511632207424311,-27.39990234375,-0.875396241014377,3050.180029296875,3044.669995117188,3056.4900024414064,3240.6700048828125,3341.049497070313,3684.521494140625,3066.263918871019,3057.5932181551543,3084.233134437252,3200.421244819533,3557.7950924431866,0.0150859630419247,-0.0426053584655421,-0.1579367625917735,60.981304032145694,-48.85564170478756,-66.53601463064288,17.680372925855323,0.013117119973614,0.009259999523911,0.0105873388915015,1.058733889150152,3424330.2,2865881.4,1.1273062451223557,-0.3476388419415559,0.021869490663402,0.0231837376565995,-0.0240634134346379,-0.1129599048035123,3173.699951171875,2991.60009765625,0.6095556797934255,3538.0,2991.60009765625,0.2031479133211263,0.0,0,0,0.0,0.0,0.0,0.0,0.0,0.0,0.0,0.0,0.0,0.0,0.0,0.0,0,0,1,0.0,0.0,0.0,-0.0156643125528691,-0.0057694017665689,-0.0175014655833808,0,0
2025-08-22,3054.0,3095.699951171875,3050.0,3086.0,1593791,-0.0156643125528691,-1.5664312552869153,-48.60009765625,45.699951171875,1.496396567513916,-32.0,-1.0369410239792611,3056.52001953125,3045.3699951171875,3051.790002441406,3233.066005859375,3335.0774975585937,3679.8704943847656,3062.175945914013,3056.939905763308,3081.3537883003705,3194.679235218767,3552.782205951215,0.0007241643615143,-0.0553858181474948,-0.1700794893026267,58.11067694582322,-45.70350182863649,-62.369512070241605,16.666010241605115,0.0156980343380188,0.0107868971957177,0.0109159153035882,1.0915915303588246,3074653.6,2798832.05,0.5694486026769631,-0.5066771369654994,0.0104886843330351,0.002297341647522,-0.0298602287166455,-0.1269546568875487,3156.89990234375,2991.60009765625,0.3774953180478179,3538.0,2991.60009765625,0.1142018914646384,0.0,0,0,0.0,0.0,0.0,0.0,0.0,0.0,0.0,0.0,0.0,0.0,0.0,0.0,0,0,1,-0.0,0.0,0.0,0.028356286069499,0.0191879822057137,-0.0114603798297314,1,1
2025-08-25,3140.60009765625,3152.0,3077.10009765625,3087.300048828125,3448370,0.028356286069499,2.8356286069499026,86.60009765625,74.89990234375,2.384891422491068,53.300048828125,1.726429177117287,3082.400048828125,3055.7900146484376,3052.0300048828126,3226.9640087890625,3330.4219995117187,3675.752745361328,3088.317329828092,3072.150849743842,3086.996293953312,3192.55848472612,3548.680891440817,0.0290200596428403,-0.026763208668454,-0.1455899470878235,60.04248750411098,-35.804769043362285,-57.05656346486575,21.25179442150346,0.0189146474614606,0.0138240133358109,0.0127632650948859,1.276326509488592,3175205.8,2842804.7,1.213016849170117,1.1636274768774575,0.0429729505123086,0.0343170197153772,0.0015307254140515,-0.0932031569525237,3152.0,2991.60009765625,0.9289282463569144,3538.0,2991.60009765625,0.2726940458094398,0.0,0,0,0.0,0.0,0.0,0.0,0.0,0.0,0.0,0.0,0.0,0.0,0.0,0.0,0,0,1,0.0,0.0,0.0,0.0052855674073286,-0.0092657762056259,-0.0290390984132492,1,0
2025-08-26,3157.199951171875,3162.0,3120.0,3129.0,5522097,0.0052855674073286,0.5285567407328662,16.599853515625,42.0,1.3302926849599954,28.199951171875,0.9012448440995526,3110.600048828125,3067.4300048828127,3055.925,3220.182006835937,3326.4859985351563,3671.681994628906,3111.278203609353,3087.614322730757,3093.682356545556,3191.171875567129,3544.785558701823,0.0331405224839859,-0.0195585390920021,-0.1401216238796381,63.896325095688894,-26.31711522409978,-50.90867381671256,24.591558592612778,0.0186501337686082,0.0138150888976398,0.0120615220596275,1.206152205962755,3749468.4,2950185.9,1.871779334312458,0.6013644127515319,0.0467475639157204,0.0382793674278612,0.0252979252130354,-0.0848165382094084,3162.0,2991.60009765625,0.9718306832216264,3538.0,2991.60009765625,0.3030744566484991,0.0,0,0,0.0,0.0,0.0,0.0,0.0,0.0,0.0,0.0,0.0,0.0,0.0,0.0,0,0,1,0.0,0.0,0.0,-0.0201127584511808,-0.0189091448420033,-0.0149499404224795,0,0
2025-08-28,3093.699951171875,3146.5,3086.5,3145.0,3116051,-0.0201127584511808,-2.011275845118088,-63.5,60.0,1.9394253142510591,-51.300048828125,-1.6311621249006358,3109.62001953125,3073.260009765625,3057.8099975585938,3211.7500048828124,3321.9834985351563,3666.452244873047,3105.418786130194,3088.720800629142,3093.684032224253,3187.349447159472,3540.2971446965503,0.0117371431324825,-0.0367556794680365,-0.156214306214427,58.35144239326503,-23.64938513522884,-45.45681608041581,21.80743094518697,0.0192576853962165,0.0157289334249559,0.0128485181030946,1.2848518103094633,3382207.0,2866722.85,1.0869732314723064,-0.4357123752081863,-0.0015814065480993,0.019206711044271,0.0123363714567654,-0.0914777412388954,3162.0,2991.60009765625,0.599177887494663,3538.0,2991.60009765625,0.1868592089377646,0.8676714897155762,1,1,0.0,0.2892238299051921,0.1735342979431152,0.3333333333333333,0.8676714897155762,0.0,0.0,0.1735342979431152,0.0867671489715576,0.2,0.1,0.8676714897155762,1,0,0,-0.0174512670876256,-0.0013721413754353,0.94313568303253,-0.0029091379713765,0.0006464751047503,0.0098587453474427,0,1
2025-08-29,3084.699951171875,3115.0,3077.199951171875,3093.0,2271789,-0.0029091379713765,-0.2909137971376596,-9.0,37.800048828125,1.2254043967473982,-8.300048828125,-0.2683494609804397,3106.039990234375,3078.110009765625,3059.364990234375,3204.416005859375,3318.7989990234373,3661.1212451171873,3098.5125078107544,3087.989737091457,3092.82840545736,3183.3239767285863,3535.763839288345,0.0082811174928033,-0.0373597106207794,-0.1574439236925249,55.208605284194974,-22.007723269187863,-40.76699751817023,18.759274248982365,0.0192696905917003,0.0158000209622576,0.0128701204145679,1.28701204145679,3190419.6,2836306.25,0.8009674554713547,-0.2709397246707451,-0.0057694017665689,0.0159739150187656,0.0101846517294439,-0.087609796127516,3162.0,2991.60009765625,0.5463609558168256,3489.89990234375,2991.60009765625,0.1868350190785463,0.0,0,0,0.8676714897155762,0.2892238299051921,0.1735342979431152,0.3333333333333333,-0.8676714897155762,0.0,0.0,0.1735342979431152,0.0867671489715576,0.2,0.1,0.0,0,0,1,-0.0,-0.0,0.0,0.009044687303793,-0.011800143586063,0.0157875812697354,1,0
2025-09-01,3112.60009765625,3131.10009765625,3090.0,3090.0,1246862,0.009044687303793,0.9044687303793042,27.900146484375,41.10009765625,1.320442599972861,22.60009765625,0.7313947461569579,3117.760009765625,3087.140014648437,3063.154992675781,3198.1880078125,3316.9310009765627,3655.9492456054686,3103.2083710925863,3092.464348103237,3094.711423762016,3180.5504912747697,3531.553254794493,0.0161418880529047,-0.0267613754873624,-0.1486205391396875,60.04747599481331,-18.24506797630829,-36.26261160979784,18.017543633489552,0.0176739146739078,0.0157860888807277,0.0129189849108909,1.2918984910890958,3121033.8,2750230.8,0.4533663138380968,-0.4511541344728758,0.0191879822057137,0.0298779232270927,0.0249605003982318,-0.0766811997601975,3162.0,2991.60009765625,0.7100943036687021,3489.89990234375,2991.60009765625,0.2428257022414107,0.9138787388801576,1,1,0.0,0.5938500761985779,0.3563100457191467,0.6666666666666666,0.9138787388801576,0.8676714897155762,0.0,0.3563100457191467,0.1781550228595733,0.4,0.2,0.9138787388801576,1,0,0,0.0082657474267557,0.0175354889798125,0.4143218351411056,-0.0003534336637328,-0.0300713534407229,-0.0002249551148659,0,0
2025-09-02,3111.5,3155.0,3103.10009765625,3121.10009765625,2185229,-0.0003534336637328,-0.035343366373286,-1.10009765625,51.89990234375,1.6680026464325888,-9.60009765625,-0.3075869839438687,3111.939990234375,3097.17001953125,3068.5799926757813,3191.7040087890623,3315.3055004882813,3650.513244628906,3105.972247395058,3095.92537572083,3096.310335784681,3177.8426288718374,3527.373620418429,0.0139869279688526,-0.0251288993491259,-0.1476540991659105,59.404074459192735,-15.176954748183109,-32.0454802374749,16.86852548929179,0.0112526881803752,0.015663214919063,0.012593355942505,1.2593355942505011,2868405.6,2756799.9,0.792668702577942,0.7525828840721749,-0.0092657762056259,0.03330899656434,0.0361305361305361,-0.080580330685675,3162.0,2991.60009765625,0.7036383278076904,3489.89990234375,2991.60009765625,0.240617999878493,0.5742505192756653,1,1,0.9138787388801576,0.4960430860519409,0.4711601495742797,0.6666666666666666,-0.3396282196044923,0.0,0.8676714897155762,0.4711601495742797,0.2355800747871398,0.6,0.3,0.5742505192756653,1,0,0,-0.000202959464928,-0.0053208767975728,0.455190414068951,-0.0044994375703036,-0.0199582508938614,0.0109914675146634,0,0
2025-09-03,3097.5,3141.89990234375,3088.0,3129.89990234375,1799774,-0.0044994375703036,-0.4499437570303688,-14.0,53.89990234375,1.7401098416061338,-32.39990234375,-1.0351737549014943,3100.0,3105.3000244140626,3069.734997558594,3185.7820068359374,3313.3510009765623,3645.013745117188,3103.148164930039,3096.211671044315,3096.423637138521,3174.69193754353,3523.096270961529,0.0090447554800293,-0.0277112516319399,-0.1502089658374073,58.07542507082927,-13.717014700527216,-28.379787130085365,14.66277242955815,0.0105385954147194,0.0158587715964288,0.011546011572605,1.1546011572605068,2123941.0,2720826.0,0.6614807415101149,-0.1763911242254244,-0.0189091448420033,0.0269544626166238,0.0075136932051811,-0.0948011080398815,3162.0,3003.39990234375,0.5933167699568674,3489.89990234375,2991.60009765625,0.2125224640819662,0.0,0,0,0.5742505192756653,0.4960430860519409,0.4711601495742797,0.6666666666666666,-0.5742505192756653,0.9138787388801576,0.0,0.4711601495742797,0.2355800747871398,0.6,0.3,0.0,0,0,1,-0.0,-0.0,0.0,-0.0005811295651735,0.0040355125100888,0.0243099431244955,0,1
2025-09-04,3095.699951171875,3118.0,3090.800048828125,3116.0,1481391,-0.0005811295651735,-0.0581129565173532,-1.800048828125,27.199951171875,0.8786365474980377,-20.300048828125,-0.6514778186176187,3100.4,3105.010009765625,3071.325,3179.8880078125,3311.8419995117188,3639.7404943847655,3100.665427010651,3096.1186310675075,3096.354714665507,3171.594212587779,3518.84357126213,0.0079362982334579,-0.0264751640415598,-0.149472343990516,57.71724054945821,-12.560461410726475,-25.21592198621359,12.655460575487115,0.0052649450012856,0.0133106112190527,0.0115135866442542,1.151358664425422,1797009.0,2698495.75,0.5489691803294484,-0.1769016554300706,0.0006464751047503,-0.0009359537833129,0.0103789450836169,-0.1060382804953004,3162.0,3003.39990234375,0.5819671626443523,3489.89990234375,2991.60009765625,0.2089100829186746,0.0,0,0,0.0,0.191416839758555,0.2976258516311645,0.3333333333333333,0.0,0.5742505192756653,0.9138787388801576,0.2976258516311645,0.2355800747871398,0.4,0.3,0.0,0,0,1,-0.0,0.0,0.0,-0.0153115298935243,0.0092063185869197,0.0261653265101928,0,1
2025-09-05,3048.300048828125,3103.39990234375,3028.60009765625,3097.10009765625,2802055,-0.0153115298935243,-1.5311529893524356,-47.39990234375,74.7998046875,2.4538202765261152,-48.800048828125,-1.5756690868678975,3093.12001953125,3099.5800048828123,3072.125,3171.9580078125,3310.01,3634.252495117188,3083.210300949809,3087.4243433876195,3091.778079823852,3166.759147342302,3514.161546163284,-0.0077552023996012,-0.0389847402392486,-0.1612305273440194,53.10262168269214,-15.292379545447602,-23.231213498060395,7.938833952612793,0.0087973708327604,0.0141393451026217,0.0118127966329441,1.1812796632944105,1903062.2,2764244.45,1.013678439329054,0.8915026485242585,-0.011800143586063,-0.0175014655833808,0.0052765226865274,-0.1220080835941348,3162.0,3003.39990234375,0.2831028930492314,3489.89990234375,2991.60009765625,0.1137868219864813,0.71612948179245,1,1,0.0,0.23870982726415,0.4408517479896545,0.3333333333333333,0.71612948179245,0.0,0.5742505192756653,0.4408517479896545,0.3071930229663849,0.6,0.4,0.71612948179245,1,0,0,-0.0109650379680992,-0.0084504307113638,0.7259250154608949,-0.0096119307019625,0.0279171512490512,0.0396614179730201,0,1
2025-09-08,3019.0,3064.89990234375,3016.0,3050.0,2626187,-0.0096119307019625,-0.9611930701962534,-29.300048828125,48.89990234375,1.6197384015816496,-31.0,-1.0163934426229508,3074.4,3096.0800048828123,3070.725,3163.5020068359377,3307.718000488281,3629.249995117188,3061.8068672998734,3074.98355368078,3084.8468341263424,3160.964670975938,3509.234565604446,-0.0168445562530021,-0.0456778615988504,-0.1681476877972642,50.89204494371983,-19.59582494731012,-22.504135787910343,2.9083108406002225,0.0063879697950279,0.0135929506992292,0.0119632112464821,1.1963211246482135,2178927.2,2768400.0,0.9486298945239128,-0.0627639357542946,-0.0300713534407229,-0.0114603798297314,-0.0091893665900886,-0.1209015075054652,3162.0,3003.39990234375,0.0983612109121248,3489.89990234375,2991.60009765625,0.0549867812228691,0.0,0,0,0.71612948179245,0.23870982726415,0.258076000213623,0.3333333333333333,-0.71612948179245,0.0,0.0,0.258076000213623,0.3071930229663849,0.4,0.4,0.0,0,0,1,-0.0,-0.0,0.0,0.0100695271095561,0.0307717463874628,0.0181517220364773,1,1
2025-09-09,3049.39990234375,3060.0,3030.800048828125,3032.10009765625,2489301,0.0100695271095561,1.006952710955611,30.39990234375,29.199951171875,0.9575638521347132,17.2998046875,0.5705551970686057,3061.97998046875,3086.9599853515624,3071.375,3155.668002929688,3305.473999023437,3624.2992443847656,3057.671212314499,3070.3319807104103,3081.4709358613336,3156.5895820099704,3504.65909631827,-0.0071548077510072,-0.0336753107384171,-0.1586235857681245,53.5884053871336,-20.31909252593732,-22.06712713551574,1.7480346095784185,0.0096090233989373,0.009931337864914,0.0121612852385733,1.2161285238573374,2239741.6,2754758.05,0.9036368910874044,-0.0521234778787649,-0.0199582508938614,-0.0290390984132492,0.0042813859893637,-0.1150129304478018,3162.0,3003.39990234375,0.2900376524338619,3489.89990234375,2991.60009765625,0.1159940344021369,0.9128503203392028,1,1,0.0,0.5429932673772176,0.3257959604263306,0.6666666666666666,0.9128503203392028,0.71612948179245,0.0,0.3257959604263306,0.3984780550003052,0.4,0.5,0.9128503203392028,1,0,0,0.0091919710476225,-0.0182188957218716,0.8248852254994583,0.0198727945159549,0.0315799999711776,0.0042631338677516,1,1
2025-09-10,3110.0,3122.699951171875,3053.39990234375,3056.39990234375,2079428,0.0198727945159549,1.987279451595492,60.60009765625,69.300048828125,2.228297389971865,53.60009765625,1.7537004112304693,3064.47998046875,3082.239990234375,3074.834997558594,3148.628002929688,3303.585,3619.484993896485,3075.114141543,3077.544347853972,3084.187989588825,3154.762539578207,3500.732140135998,0.0114363868205373,-0.012268201544846,-0.1407617367541586,51.29309151168805,-15.820002724352436,-20.81770225328308,4.997699528930646,0.0143139312999937,0.0121011551192553,0.0129278410008593,1.2927841000859324,2295672.4,2764518.7,0.7521844580034853,-0.1646538526277055,0.0040355125100888,-0.0149499404224795,0.0227571527429248,-0.1104882428376258,3162.0,3003.39990234375,0.6721313494225909,3489.89990234375,2991.60009765625,0.2376077639002937,0.0,1,1,0.9128503203392028,0.3042834401130675,0.3257959604263306,0.6666666666666666,-0.9128503203392028,0.0,0.71612948179245,0.3257959604263306,0.3984780550003052,0.6,0.6,0.0,0,0,1,0.0,0.0,0.0,0.004565900698352,0.0201929417453778,-0.023987169664389,1,1
2025-09-11,3124.199951171875,3139.0,3110.10009765625,3139.0,2263446,0.004565900698352,0.4565900698352054,14.199951171875,28.89990234375,0.92503369808036,-14.800048828125,-0.4714892904786556,3070.17998046875,3085.289990234375,3079.275,3142.518002929688,3301.6109985351563,3613.882993164063,3091.476078085958,3086.027184820863,3087.998652596735,3153.5640066995275,3496.985551191082,0.0145894573144246,-0.0058291000212998,-0.13550052475923,52.39466095598054,-10.982030248153023,-18.85056785225707,7.868537604104045,0.0143668839287816,0.0102436926199365,0.0129286626510498,1.2928662651049865,2452083.4,2709779.4,0.8352879204853355,0.0884945283029756,0.0092063185869197,0.0098587453474427,0.0292548104648613,-0.1112565335032008,3162.0,3003.39990234375,0.7616644038262015,3489.89990234375,2991.60009765625,0.2661045665044614,0.0,0,0,0.0,0.3042834401130675,0.3257959604263306,0.6666666666666666,0.0,0.9128503203392028,0.0,0.3257959604263306,0.3117109060287475,0.6,0.5,0.0,0,0,1,0.0,0.0,0.0,0.0029447382740097,0.0168043021639212,-0.0533896842183737,1,1
2025-09-12,3133.39990234375,3148.699951171875,3121.0,3144.0,1447167,0.0029447382740097,0.2944738274009761,9.199951171875,27.699951171875,0.8840222134160318,-10.60009765625,-0.337153233341285,3087.199951171875,3090.1599853515627,3084.1349975585936,3136.72,3299.8009985351564,3607.9744921875,3105.450686171889,3094.640406188661,3092.3225811440698,3152.773257509105,3493.36778354086,0.0159736538200028,-0.0010584615956316,-0.131534907153963,59.64527253466073,-6.332545391288022,-16.34696336006326,10.014417968775238,0.0107611209158179,0.0101605872644327,0.0129288307860088,1.2928830786008876,2181105.8,2674729.45,0.5410517314190413,-0.3606355088656853,0.0279171512490512,0.0157875812697354,0.0320136857700557,-0.0921365269159494,3162.0,3003.39990234375,0.8196716264435229,3435.300048828125,2991.60009765625,0.3195849003656332,0.0,0,0,0.0,0.0,0.1825700640678405,0.3333333333333333,0.0,0.0,0.9128503203392028,0.1825700640678405,0.3117109060287475,0.4,0.5,0.0,0,0,1,0.0,0.0,0.0,-0.0068615563509523,0.0114253047628383,-0.0747749447851345,0,1
2025-09-15,3111.89990234375,3134.0,3096.0,3134.0,1732539,-0.0068615563509523,-0.6861556350952314,-21.5,38.0,1.2211189688775022,-22.10009765625,-0.7051722289805361,3105.779931640625,3090.0899658203125,3088.614990234375,3130.9419970703125,3296.7899975585938,3601.770490722656,3107.600424895843,3097.778496398677,3094.187087924992,3151.170380835954,3489.572083230441,0.0075389493941451,-0.0060819059389731,-0.1360082741642483,45.858557674963926,-4.332720555951255,-13.94411479924086,9.611394243289604,0.0098203414346278,0.0101130140483517,0.0129966841888159,1.2996684188815937,2002376.2,2594247.7,0.6678386955879347,0.1971935512625702,0.0307717463874628,-0.0002249551148659,0.0296462469205751,-0.0911507294556804,3162.0,3003.39990234375,0.6841105497624788,3427.0,2991.60009765625,0.2762972707157908,0.0,1,1,0.0,0.0,0.1825700640678405,0.3333333333333333,0.0,0.0,0.0,0.1825700640678405,0.2203230321407318,0.6,0.5,0.0,0,0,1,-0.0,0.0,0.0,0.0108615475718445,-0.0122432773261536,-0.0693466407852543,1,0
2025-09-16,3145.699951171875,3150.0,3109.10009765625,3128.0,2573429,0.0108615475718445,1.0861547571844543,33.800048828125,40.89990234375,1.3001844733638204,17.699951171875,0.5658552164921675,3125.03994140625,3093.5099609375,3095.339990234375,3125.459995117188,3294.23099609375,3595.836241455078,3120.300266987854,3106.4914881756217,3099.0930749008853,3150.9558541824604,3486.1504699761267,0.0162696056318152,0.0064758327050442,-0.1251826446081572,48.41902751933925,-0.0202303020223553,-11.15933789979716,11.139107597774805,0.0099060233757044,0.0106729328741718,0.0130957444735154,1.3095744473515434,2019201.8,2575638.7,0.999142076875922,0.4853512677059506,0.0315799999711776,0.0109914675146634,0.0446665788326863,-0.084407836575218,3162.0,3010.89990234375,0.8921241674826226,3426.10009765625,2991.60009765625,0.3546601922108746,0.8968217372894287,1,1,0.0,0.2989405790964762,0.1793643474578857,0.6666666666666666,0.8968217372894287,0.0,0.0,0.1793643474578857,0.2525801539421081,0.6,0.5,0.8968217372894287,1,0,0,0.0097408719630334,0.0283216304377516,0.8960523331828324,0.008614965850813,-0.0264806084881341,-0.0817942120424652,1,0
2025-09-17,3172.800048828125,3182.39990234375,3142.39990234375,3152.0,2418271,0.008614965850813,0.8614965850813006,27.10009765625,40.0,1.26071606733535,20.800048828125,0.6599000262730013,3137.599951171875,3101.0399658203123,3103.169995117188,3120.6819970703127,3291.4789965820314,3590.4757421875,3137.8001942679443,3118.54759011244,3106.11278670348,3151.812489266604,3483.0325553378384,0.0224383626486784,0.0167008531490041,-0.116328788536782,62.08371934818315,5.520563075223436,-7.823357704793042,13.34392078001648,0.0068516935367696,0.0107079837496068,0.0131708692282302,1.3170869228230278,2086970.4,2564013.05,0.9431586161388688,-0.060292318148276,0.0201929417453778,0.0243099431244955,0.0519196671942809,-0.0650636617380515,3182.39990234375,3010.89990234375,0.9440241777514576,3425.0,2991.60009765625,0.4180895062319528,0.7574449181556702,1,1,0.8968217372894287,0.5514222184816996,0.3308533310890197,1.0,-0.1393768191337585,0.0,0.0,0.3308533310890197,0.3283246457576751,0.6,0.6,0.7574449181556702,1,0,0,0.0065253621037829,0.0152950411076499,0.7143907008091206,0.001229167386451,-0.0433056430817705,-0.0815053245324312,1,0
2025-09-18,3176.699951171875,3203.0,3161.39990234375,3185.0,2633138,0.001229167386451,0.1229167386451068,3.89990234375,41.60009765625,1.3095381463680211,-8.300048828125,-0.2605980793759812,3148.099951171875,3109.1399658203127,3107.074987792969,3116.0919970703126,3288.81099609375,3585.004991455078,3150.7667799025885,3129.120746668701,3112.835373795708,3152.78846816485,3479.9844697242465,0.0224085236604998,0.0194499886904959,-0.1138924607514927,64.27683802468985,10.109831428689631,-4.236719878096508,14.34655130678614,0.0069476787746311,0.0106661472990301,0.0118179336614312,1.1817933661431277,2160908.8,2448052.05,1.0756053981777065,0.0888514976195802,0.0168043021639212,0.0261653265101928,0.0252048831905411,-0.0630308982206335,3203.0,3016.0,0.8593580276570856,3414.0,2991.60009765625,0.4382099817934861,0.4250576496124267,2,1,0.7574449181556702,0.6931081016858419,0.4158648610115051,1.3333333333333333,-0.3323872685432434,0.8968217372894287,0.0,0.4158648610115051,0.3708304107189178,1.0,0.8,0.4250576496124267,1,0,0,0.0005224670002651,0.0071427971811733,0.4571943024598542,-0.0023609406350239,-0.069033919538805,-0.0865048802379816,0,0
2025-09-19,3169.199951171875,3180.5,3144.0,3170.0,4901694,-0.0023609406350239,-0.23609406350239,-7.5,36.5,1.1517102285232397,-0.800048828125,-0.0252381333793375,3155.2599609375,3121.229956054688,3110.40498046875,3111.799995117188,3285.7779956054687,3579.4677416992185,3156.911170325684,3136.407874760187,3118.2034287839147,3153.4320557337533,3476.892086455069,0.0189026737908142,0.0184459014540637,-0.1146169822255708,59.37704512232511,12.991909695038885,-0.7909939634694299,13.782903658508314,0.0074159287824631,0.0088816215054819,0.0118464462270145,1.1846446227014595,2851814.2,2531600.45,1.9362036375052785,0.8615408687277308,0.0114253047628383,0.0396614179730201,0.0214658194479964,-0.0800046718967056,3203.0,3016.0,0.8192510757854278,3399.0,2991.60009765625,0.4359349437589515,0.564842164516449,1,1,0.4250576496124267,0.5824482440948486,0.5288332939147949,1.3333333333333333,0.1397845149040222,0.7574449181556702,0.8968217372894287,0.5288332939147949,0.3557016789913177,1.2,0.8,0.564842164516449,1,0,0,-0.0013335588185817,0.0064534938725016,1.0936494535531034,-0.0301022036518945,-0.0852265106894722,-0.0570491138500965,0,0
2025-09-22,3073.800048828125,3106.89990234375,3065.0,3095.0,3634901,-0.0301022036518945,-3.010220365189453,-95.39990234375,41.89990234375,1.3631303818777731,-21.199951171875,-0.6849741897213246,3147.639990234375,3126.7099609375,3111.394982910156,3105.63599609375,3281.9789965820314,3573.32299194336,3129.207463159831,3125.02463368163,3113.974535454792,3150.3092319335324,3472.88122040903,-0.0120829834490726,-0.0102510233992869,-0.1397922729743408,45.24110513583062,7.491643651850609,0.8655335595945779,6.626110092256031,0.0164147100235266,0.0135107771959738,0.0132771591636564,1.327715916365645,3232286.6,2633655.95,1.3801730632279436,-0.2584398373297069,-0.0122432773261536,0.0181517220364773,0.0064833165776441,-0.1069207957403852,3203.0,3016.0,0.309091170203877,3335.0,2991.60009765625,0.2393709218053045,0.0,2,1,0.564842164516449,0.3299666047096252,0.5288332939147949,1.6666666666666667,-0.564842164516449,0.4250576496124267,0.7574449181556702,0.5288332939147949,0.3557016789913177,1.4,1.0,0.0,0,0,1,-0.0,-0.0,0.0,-0.0037088119927388,-0.0578111615424115,-0.0325655852905633,0,0
2025-09-23,3062.39990234375,3080.699951171875,3052.0,3070.0,3177741,-0.0037088119927388,-0.3708811992738869,-11.400146484375,28.699951171875,0.9371718941706482,-7.60009765625,-0.247560184242671,3130.97998046875,3128.0099609375,3107.484973144531,3101.563994140625,3278.2929956054686,3566.8629919433592,3106.9382762211376,3113.638318892924,3109.0626656346926,3146.861807243737,3468.7968291845,-0.0145085402473108,-0.0126272073930643,-0.1414304644554791,45.54001300428843,2.1875301531422338,1.1299328783041092,1.0575972748381246,0.0146847678533233,0.0132838483204592,0.0115479516247444,1.154795162474441,3353149.0,2620124.5,1.2128206121503005,-0.1257695876724015,-0.0264806084881341,0.0042631338677516,-0.0248997621094321,-0.1100520718855097,3203.0,3016.0,0.2481278200200534,3272.0,2991.60009765625,0.2524958250545485,0.0,0,0,0.0,0.188280721505483,0.3494689464569092,1.0,0.0,0.564842164516449,0.4250576496124267,0.3494689464569092,0.2644166469573974,1.2,0.9,0.0,0,0,1,-0.0,-0.0,0.0,-0.0088166147012139,-0.0568181836300453,-0.0114942372957024,0,0
2025-09-24,3035.39990234375,3057.0,3033.0,3050.0,1625714,-0.0088166147012139,-0.8816614701213976,-27.0,24.0,0.7906701183415296,-14.60009765625,-0.4786917264344262,3103.499951171875,3120.549951171875,3101.394970703125,3097.8179931640625,3274.103994140625,3559.7197424316405,3083.092151595342,3099.413152247619,3102.047164368889,3142.49075214962,3464.484421952254,-0.0212791563095922,-0.0201490503825757,-0.147292449413371,42.79913352517063,-4.14688959830346,0.0745683829825952,-4.221457981286055,0.0124673419224531,0.0116316168438233,0.0115618756867163,1.1561875686716387,3194637.6,2425305.35,0.6703131216034303,-0.4884057574232765,-0.0433056430817705,-0.023987169664389,-0.038578503329482,-0.1232235983986856,3203.0,3016.0,0.1037427932820855,3259.39990234375,2991.60009765625,0.1635542816717537,0.0,0,0,0.0,0.0,0.1979799628257751,0.6666666666666666,0.0,0.0,0.564842164516449,0.1979799628257751,0.2644166469573974,1.0,0.8,0.0,0,0,1,-0.0,-0.0,0.0,-0.0256967788460996,-0.0399288248900224,0.0086644427997173,0,0
2025-09-25,2957.39990234375,3029.60009765625,2951.0,3022.0,4974361,-0.0256967788460996,-2.5696778846099666,-78.0,78.60009765625,2.6577432965342003,-64.60009765625,-2.137660412185639,3059.63994140625,3103.8699462890627,3094.579968261719,3091.919990234375,3269.0779931640627,3552.2792419433595,3041.1947351781446,3073.592561356006,3088.271234652209,3135.2322874513507,3459.4388048417213,-0.0443291391157764,-0.0435069757029605,-0.1674641262926634,39.88424920924637,-15.284718297034033,-2.9972889530207305,-12.287429344013304,0.01288647928647,0.0134267566254369,0.0120805865611311,1.2080586561131144,3662882.2,2518220.85,1.9753473965557864,2.059800801370967,-0.069033919538805,-0.0533896842183737,-0.0440572941718201,-0.1377088537050441,3203.0,2951.0,0.0253964378720238,3244.89990234375,2951.0,0.021775789283062,-0.908211886882782,1,1,0.0,-0.302737295627594,-0.0686739444732666,0.3333333333333333,-0.908211886882782,0.0,0.0,-0.0686739444732666,0.1735954582691192,0.8,0.9,0.908211886882782,0,1,0,0.0233381200026257,0.0626974263232522,-1.794033986274922,-0.019713196257732,-0.0187664846935363,0.023973811058892,0,0
2025-09-26,2899.10009765625,2954.800048828125,2891.300048828125,2941.0,3934636,-0.019713196257732,-1.9713196257732049,-58.2998046875,63.5,2.190334857748995,-41.89990234375,-1.424682160617137,3005.619970703125,3080.4399658203124,3085.2999755859373,3085.239990234375,3263.6179931640627,3544.5139929199217,2993.82985600418,3041.8666588651413,3070.254935890689,3125.972201577033,3453.863295317488,-0.060350656144651,-0.0603323868377528,-0.1820881216868856,37.46603059747356,-28.487449209320403,-8.095321004280665,-20.39212820503974,0.0111404802520562,0.0137714033399344,0.012702292106535,1.2702292106535,3469470.6,2601363.2,1.5125285081298911,-0.2090167963282118,-0.0852265106894722,-0.0747749447851345,-0.0601678790331343,-0.1531270831346848,3203.0,2891.300048828125,0.0250242221687868,3242.0,2891.300048828125,0.0222413741492147,0.0,0,0,-0.908211886882782,-0.302737295627594,-0.1816423773765564,0.3333333333333333,0.908211886882782,0.0,0.0,-0.1816423773765564,0.1735954582691192,0.6,0.9,0.0,0,0,1,-0.0,-0.0,0.0,-0.0010348038698027,0.0308025944877492,0.0372873822476902,0,1
2025-09-29,2896.10009765625,2929.300048828125,2894.0,2916.0,3110035,-0.0010348038698027,-0.1034803869802702,-3.0,35.300048828125,1.218882208411669,-19.89990234375,-0.6824383519804527,2970.07998046875,3058.8599853515625,3074.474975585937,3078.9779931640624,3258.089995117188,3536.831744384765,2961.2532698882032,3015.363647736252,3053.668760820742,3116.9576092664142,3448.3134127536946,-0.0580179963558469,-0.059395648787954,-0.1811597760469578,33.00068331234304,-38.74614209832771,-14.225485223090075,-24.52065687523764,0.0105593124622511,0.0139310661705553,0.0123946220064654,1.2394622006465434,3364497.4,2694521.85,1.1542066359565797,-0.2095749136641864,-0.0578111615424115,-0.0693466407852543,-0.0695559960185768,-0.1484062408625842,3203.0,2891.300048828125,0.0153995815850423,3228.800048828125,2891.300048828125,0.0142223668981481,0.0,0,0,0.0,-0.302737295627594,-0.1816423773765564,0.3333333333333333,0.0,-0.908211886882782,0.0,-0.1816423773765564,0.1735954582691192,0.2,0.8,0.0,0,0,1,-0.0,-0.0,0.0,-0.0026588153215876,0.0267946033973152,0.0221677252191077,0,1
2025-09-30,2888.39990234375,2915.300048828125,2885.10009765625,2911.0,2253458,-0.0026588153215876,-0.2658815321587626,-7.7001953125,30.199951171875,1.0455599014308818,-22.60009765625,-0.7763688648660254,2935.27998046875,3033.12998046875,3063.319970703125,3072.9479931640626,3252.5709936523435,3529.1364929199217,2936.968814040052,2992.2793303921603,3037.928869537219,3107.9945619361138,3442.742134043148,-0.057101468352072,-0.0600557156290473,-0.1815561942309694,22.160791751727388,-46.95628866480547,-20.77164591143316,-26.18464275337232,0.0107686726256765,0.0125885077799241,0.0123742806041852,1.2374280604185284,3179640.8,2697933.3,0.8352534141596459,-0.2754235884805155,-0.0568181836300453,-0.0817942120424652,-0.0717017829523541,-0.1553892446625561,3203.0,2885.10009765625,0.01038001164257,3203.0,2885.10009765625,0.01038001164257,0.0,0,0,0.0,0.0,-0.1816423773765564,0.0,0.0,0.0,-0.908211886882782,-0.1816423773765564,0.0839132845401764,0.2,0.7,0.0,0,0,1,-0.0,-0.0,0.0,0.0089322980544315,0.048054304639568,0.0281817439539184,1,1
2025-10-01,2914.199951171875,2924.800048828125,2866.60009765625,2891.0,1952902,0.0089322980544315,0.893229805443152,25.800048828125,58.199951171875,1.9971159202192457,23.199951171875,0.8024887987504324,2911.039990234375,3007.269970703125,3054.1549682617188,3068.0679931640625,3245.508994140625,3521.4327416992187,2929.3791930839934,2978.083079624836,3026.1451630262336,3100.394773278693,3437.483007845424,-0.0458244648828345,-0.0501514446012994,-0.1724391277836338,24.36524048680293,-50.79550172444897,-26.77641707403632,-24.01908465041265,0.0142663415766325,0.0126365427665084,0.0126857480332773,1.268574803327731,3245078.4,2705589.7,0.7218027182761673,-0.1333754611801063,-0.0399288248900224,-0.0815053245324312,-0.0591767712116626,-0.145821733188792,3203.0,2866.60009765625,0.1414978220385603,3203.0,2866.60009765625,0.1414978220385603,0.0,0,0,0.0,0.0,-0.1816423773765564,0.0,0.0,0.0,0.0,-0.1816423773765564,0.0081687927246093,0.2,0.6,0.0,0,0,1,0.0,-0.0,0.0,-0.0042207291998542,0.0506142346000269,0.0193878254569594,0,1
2025-10-03,2901.89990234375,2924.0,2891.10009765625,2924.0,2899519,-0.0042207291998542,-0.4220729199854278,-12.300048828125,32.89990234375,1.1337366363732273,-22.10009765625,-0.7558172933054035,2899.939990234375,2979.7899658203123,3044.4649658203125,3062.9139892578123,3239.3779931640624,3513.5727416992186,2920.2194295039126,2964.2315928464564,3014.312281056473,3092.610660693009,3432.153822716054,-0.0468276249118042,-0.0525689221044951,-0.1740885657769686,21.953005761881656,-54.20576654408296,-32.26228696804565,-21.943479576037312,0.0103010712928882,0.0122881639354433,0.0126758016928673,1.267580169286731,2830110.0,2776496.1,1.044308688205973,0.4847232477615364,-0.0187664846935363,-0.0865048802379816,-0.0626029821639406,-0.1480535658673311,3203.0,2866.60009765625,0.1049340515308144,3203.0,2866.60009765625,0.1049340515308144,0.0,0,0,0.0,0.0,0.0,0.0,0.0,0.0,0.0,0.0,-0.0343369722366333,0.0,0.4,0.0,0,0,1,-0.0,-0.0,0.0,0.0298080577934949,0.0435577210579478,0.0207795068256568,1,1
2025-10-06,2988.39990234375,2993.60009765625,2895.60009765625,2902.0,2112774,0.0298080577934949,2.980805779349493,86.5,98.0,3.2793469148202123,86.39990234375,2.9772536989576155,2917.799951171875,2961.7099609375,3041.4699584960936,3059.0999853515623,3233.774992675781,3506.438740234375,2942.9462537838585,2968.625830936873,3011.8444354647854,3088.523964287156,3427.7383608218024,-0.0174488181295681,-0.023111399871321,-0.1477393093871643,37.07348236280192,-49.3596120119546,-35.68175197682744,-13.677860035127154,0.0141793193044608,0.0173637855321309,0.0143075548396411,1.4307554839641157,2465737.6,2742032.05,0.7705139697400692,-0.271336383724335,0.0308025944877492,-0.0570491138500965,-0.0196503446264756,-0.1168509193151969,3203.0,2866.60009765625,0.3620684900289863,3203.0,2866.60009765625,0.3620684900289863,0.0,0,0,0.0,0.0,0.0,0.0,0.0,0.0,0.0,0.0,-0.0908211886882782,0.0,0.3,0.0,0,0,1,0.0,0.0,0.0,-0.0049190040330098,0.0062910083798959,0.008968026269545,0,1
2025-10-07,2973.699951171875,3004.5,2955.5,2995.0,3062943,-0.0049190040330098,-0.4919004033009821,-14.699951171875,49.0,1.647778888407692,-21.300048828125,-0.7111869391694491,2933.319921875,2951.699951171875,3039.2049560546875,3055.613984375,3227.7129931640625,3499.6647399902345,2953.197486246531,2969.548398252328,3008.211627436889,3084.021061812047,3423.220565700908,-0.0215533357670774,-0.0268077164268771,-0.1502900500177131,31.247278306411857,-46.1729102695881,-37.77998363537958,-8.392926634208521,0.0147666390596791,0.0151154748970838,0.014195101107125,1.4195101107125092,2456319.2,2763869.85,1.108208116239627,0.4497258107114155,0.0267946033973152,-0.0325655852905633,-0.0150049847062354,-0.1207273946860215,3203.0,2866.60009765625,0.3183706438956842,3203.0,2866.60009765625,0.3183706438956842,0.0,0,0,0.0,0.0,0.0,0.0,0.0,0.0,0.0,0.0,-0.0908211886882782,0.0,0.1,0.0,0,0,1,-0.0,0.0,0.0,0.0179910552101656,-0.0045061379977052,0.011097286391317,1,0
2025-10-08,3027.199951171875,3043.0,2968.0,2975.0,4121889,0.0179910552101656,1.799105521016564,53.5,75.0,2.477537037848008,52.199951171875,1.7546202074579833,2961.079931640625,2948.1799560546874,3038.0949584960936,3053.441982421875,3222.3719921875,3493.0614892578124,2977.864974554979,2980.030498783154,3010.0200392211736,3081.7927829634127,3419.280062073753,-0.0035861312674741,-0.0085942459038261,-0.1333676889223387,34.98968065399485,-38.88221334585887,-38.00042957747544,-0.8817837683834284,0.0148408382642286,0.0165265274569998,0.0146145461082449,1.4614546108244912,2830005.4,2845499.25,1.448564430301642,0.3457282750609463,0.048054304639568,-0.0114942372957024,-0.0072801049002501,-0.0731169775958742,3203.0,2866.60009765625,0.4774075509436865,3203.0,2866.60009765625,0.4774075509436865,0.0,0,0,0.0,0.0,0.0,0.0,0.0,0.0,0.0,0.0,-0.0908211886882782,0.0,0.1,0.0,0,0,1,0.0,0.0,0.0,0.0113966703741008,-0.0189613845367332,0.0151955604988012,1,0
2025-10-09,3061.699951171875,3066.0,3020.0,3034.0,3211304,0.0113966703741008,1.139667037410086,34.5,46.0,1.5024333126566944,27.699951171875,0.912984547523896,2990.579931640625,2950.8099609375,3035.6799560546874,3053.08998046875,3217.8009912109374,3487.010489501953,3005.809966760611,2994.879490126558,3014.941935597431,3081.0048287755094,3415.722051020004,0.0085713894395522,0.0028200841633245,-0.121969962410645,38.84794625498011,-29.974889962927136,-36.39532165456578,6.420431691638648,0.0148574223626193,0.0167039030986106,0.0141142121361532,1.411421213615329,3081685.8,2902093.05,1.106547565730189,-0.2209144884784621,0.0506142346000269,0.0086644427997173,-0.0155305623241559,-0.0499581104165329,3203.0,2866.60009765625,0.5799640610961365,3203.0,2866.60009765625,0.5799640610961365,0.061937616630034,11,1,0.0,0.0206458722100113,0.0123875233260067,3.6666666666666665,0.061937616630034,0.0,0.0,0.0123875233260067,-0.0846274270252747,2.2,1.2,0.061937616630034,1,0,0,0.0007058826004899,0.003134925058679,0.0685369189090938,-0.01090894041755,-0.0297220503155998,0.0004899239063012,0,0
2025-10-10,3028.300048828125,3070.0,3006.89990234375,3050.0,8817365,-0.01090894041755,-1.0908940417550084,-33.39990234375,63.10009765625,2.083680501893072,-21.699951171875,-0.7114738089139344,3015.8599609375,2957.8999755859377,3030.8849609375,3052.5359814453127,3213.100991210937,3481.3004907226564,3013.306660783116,3000.9559553450244,3016.214136857497,3078.937974659926,3411.8671057245624,-0.0008528572158593,-0.0079396058767217,-0.1301239129175248,36.98985204582179,-25.319003283345864,-34.180057980321806,8.861054696975941,0.0166518029330066,0.0146012217953437,0.0142347171133848,1.4234717113384885,4265255.0,3229789.0,2.7300127036162425,1.7457272808802902,0.0435577210579478,0.023973811058892,-0.0306958273614268,-0.0688743340519003,3203.0,2866.60009765625,0.4806777589567848,3203.0,2866.60009765625,0.4806777589567848,-0.0792205810546875,5,1,0.061937616630034,-0.0057609881415511,-0.0034565928849307,5.333333333333333,-0.1411581976847215,0.0,0.0,-0.0034565928849307,-0.0017282964424653,3.2,1.6,0.0792205810546875,0,1,0,0.0008642125985692,-0.0034506679716286,-0.2162731926671571,-0.0069676377228258,-0.0218274598257953,0.0186903056510294,0,0
2025-10-13,3007.199951171875,3035.5,2998.199951171875,3027.0,2866865,-0.0069676377228258,-0.6967637722825826,-21.10009765625,37.300048828125,1.2403581216336996,-19.800048828125,-0.6541145962380245,3019.619970703125,2968.7099609375,3024.5749633789064,3051.607978515625,3207.914990234375,3475.544991455078,3011.2710909127027,3002.0912273135427,3015.355642982676,3076.1247188368657,3407.840566873292,-0.0057446128521876,-0.0145523368848153,-0.1347544173459613,42.87242403530004,-23.065891842767087,-31.957224752810863,8.891332910043776,0.0126156693182345,0.0129080545474463,0.0142457974660032,1.4245797466003267,4416073.2,3300773.9,0.8685432831373273,-0.6748614807258178,0.0062910083798959,0.0372873822476902,-0.0402757244861975,-0.0698710648173668,3203.0,2866.60009765625,0.4179545015799473,3203.0,2866.60009765625,0.4179545015799473,-0.4815511107444763,2,1,-0.0792205810546875,-0.1662780250563766,-0.0997668150338259,6.0,-0.4023305296897888,0.061937616630034,0.0,-0.0997668150338259,-0.0498834075169129,3.6,1.8,0.4815511107444763,0,1,0,0.0033552736846918,-0.0030294420730416,-0.4182479827244341,-0.0155958709448215,0.0026602820330861,0.0168595211476103,0,1
2025-10-14,2960.300048828125,3027.199951171875,2955.5,3021.0,3611416,-0.0155958709448215,-1.559587094482151,-46.89990234375,71.699951171875,2.4220501296906845,-60.699951171875,-2.009266837864118,3016.939990234375,2975.129956054688,3016.994970703125,3050.077978515625,3202.747990722656,3469.448991699219,2994.280743551177,2994.4928312252846,3010.1122530631947,3071.582574914954,3403.387427390256,-0.0187918516356648,-0.0294346342355457,-0.1467521050429768,39.844851458846,-24.77907717636981,-30.521595237522654,5.742518061152843,0.0146714801313045,0.0142575063845994,0.01453501242141,1.4535012421410034,4525767.8,3394717.75,1.0638339520273814,0.2597091247756695,-0.0045061379977052,0.0221677252191077,-0.0487161728439422,-0.0775582407237858,3203.0,2866.60009765625,0.2785373911200716,3203.0,2866.60009765625,0.2785373911200716,0.6939406991004944,1,1,-0.4815511107444763,0.0443896691004435,0.0390213247862729,2.6666666666666665,1.1754918098449707,-0.0792205810546875,0.061937616630034,0.0390213247862729,0.0195106623931364,3.8,1.9,0.6939406991004944,1,0,0,-0.0108226095865305,-0.0031269925523708,0.7382376763967229,0.0032091341564381,0.0156740538386026,0.0328683063281516,1,1
2025-10-15,2969.800048828125,2979.699951171875,2951.0,2971.0,4282226,0.0032091341564381,0.3209134156438198,9.5,28.699951171875,0.9663933833929298,-1.199951171875,-0.0403887974377314,3005.460009765625,2983.269970703125,3008.1999755859374,3049.4139794921875,3197.299990234375,3463.452491455078,2986.1205119768265,2990.0032344258007,3006.272995516997,3067.591103303706,3399.073125116006,-0.0127650844589654,-0.026107944411444,-0.1425318937808088,43.23991548667868,-25.081098994134663,-29.43349598884506,4.352396994710396,0.0109519031370955,0.01415175494493,0.0142659512561039,1.426595125610395,4557835.2,3480157.6,1.2304689879561777,0.1857470864613768,-0.0189613845367332,0.0281817439539184,-0.0559175716292399,-0.0689989843737443,3203.0,2866.60009765625,0.3067775895678477,3203.0,2866.60009765625,0.3067775895678477,-0.4791199862957,2,1,0.6939406991004944,-0.0889101326465606,-0.056802672472867,1.6666666666666667,-1.1730606853961945,-0.4815511107444763,-0.0792205810546875,-0.056802672472867,-0.0284013362364335,4.2,2.1,0.4791199862957,0,1,0,-0.0015375603130537,0.0090847782993871,-0.5895422846468477,0.0003030178223968,0.0348171259491194,0.022055356900491,1,1
2025-10-16,2970.699951171875,2975.0,2943.10009765625,2969.89990234375,3251495,0.0003030178223968,0.0303017822396833,0.89990234375,31.89990234375,1.073817715288486,0.800048828125,0.0269385788892624,2987.260009765625,2988.919970703125,2998.094970703125,3047.33998046875,3191.6339892578126,3457.4817407226565,2980.9803250418427,2986.4935465614503,3002.885086531748,3063.791450278929,3394.8107054747707,-0.0091374755632991,-0.0251498125539265,-0.1407908489631063,51.62950914017124,-24.960114202920067,-28.53881963166006,3.578705428739994,0.0077725579491589,0.0140035083226415,0.014035854971359,1.4035854971359012,4565873.4,3521818.8,0.9232431265345056,-0.2406998136016175,-0.0297220503155998,0.0193878254569594,-0.0636977100813194,-0.0593692618893324,3203.0,2866.60009765625,0.3094526864911234,3203.0,2866.60009765625,0.3094526864911234,0.0,1,1,-0.4791199862957,0.0716069042682647,-0.0691901957988739,1.3333333333333333,0.4791199862957,0.6939406991004944,-0.4815511107444763,-0.0691901957988739,-0.0284013362364335,2.2,2.2,0.0,0,0,1,0.0,-0.0,0.0,-0.0028612785335816,0.0311374428654469,0.0293870300814753,0,1
2025-10-17,2962.199951171875,2988.800048828125,2955.39990234375,2970.0,4374683,-0.0028612785335816,-0.2861278533581646,-8.5,33.400146484375,1.1275453053451567,-7.800048828125,-0.2626279066708754,2974.039990234375,2994.9499755859374,2987.369970703125,3045.3059814453127,3186.2689892578123,3451.4987414550783,2974.72020041852,2982.076529217891,2999.0103117355693,3059.807469921789,3390.5061208548414,-0.008425477854464,-0.0272898785146034,-0.1417641514413316,58.80544863474101,-25.2589424809953,-27.88284420152712,2.623901720531812,0.0073198996947973,0.0139427716054111,0.0139977957023823,1.3997795702382336,3677337.0,3608896.05,1.2121942387340308,0.3454374064853245,-0.0218274598257953,0.0207795068256568,-0.0675229021616824,-0.0624763072487571,3180.5,2866.60009765625,0.3045552190421969,3203.0,2866.60009765625,0.2841851405115342,0.0,0,0,0.0,-0.1597066620985666,-0.0533460795879363,1.0,0.0,-0.4791199862957,0.6939406991004944,-0.0533460795879363,-0.0284013362364335,1.2,2.2,0.0,0,0,1,-0.0,-0.0,0.0,0.0178921075125373,0.0414219003424578,0.0184322795747293,1,1
2025-10-20,3015.199951171875,3023.0,2978.5,2985.5,3133039,0.0178921075125373,1.7892107512537336,53.0,44.5,1.475855688532524,29.699951171875,0.9948066043166972,2975.639990234375,2997.62998046875,2979.669970703125,3044.963979492188,3181.4439892578125,3446.100740966797,2988.2134506696384,2988.098969573161,3000.552182158074,3058.058155461008,3386.771731106752,0.0119241328127242,-0.0097748375746883,-0.1250401024765264,64.58484438802509,-20.97729577600012,-26.50173451642172,5.524438740421598,0.0120436589847464,0.0116339921647197,0.0147869807663347,1.4786980766334712,3730571.8,3520463.3,0.8899507630146294,-0.2838249079990481,0.0026602820330861,0.008968026269545,-0.0485927055322134,-0.0515555161679899,3106.89990234375,2866.60009765625,0.6183935676055708,3203.0,2866.60009765625,0.441735721325443,0.0,0,0,0.0,0.0,0.0429641425609588,0.3333333333333333,0.0,0.0,-0.4791199862957,0.0429641425609588,-0.0284013362364335,0.8,2.2,0.0,0,0,1,0.0,0.0,0.0,-0.002819050191579,0.0141615653566455,-0.0082913240928793,0,1
2025-10-21,3006.699951171875,3031.800048828125,2996.0,3031.10009765625,310644,-0.002819050191579,-0.281905019157902,-8.5,35.800048828125,1.190675804353932,-24.400146484375,-0.804993094858267,2984.919970703125,3000.92998046875,2976.3149658203124,3044.157978515625,3176.5299877929688,3440.571989746093,2994.3756175037174,2991.4809662274724,3001.1376839689124,3056.0441082339835,3382.9899223511816,0.0102089280538184,-0.0123048894335027,-0.1261046244250327,64.45857873224668,-18.06173444557953,-24.813734502253283,6.752000056673751,0.0086197945473798,0.0115347351147968,0.0132765964426325,1.3276596442632589,3070417.4,3354250.45,0.0926120469030569,-0.9008489840056252,0.0156740538386026,0.011097286391317,-0.0218296885257164,-0.0448856571880955,3080.699951171875,2866.60009765625,0.6543668816914932,3203.0,2866.60009765625,0.4164681753458539,0.0,0,0,0.0,0.0,-0.09582399725914,0.0,0.0,0.0,0.0,-0.09582399725914,-0.0284013362364335,0.6,2.2,0.0,0,0,1,-0.0,0.0,0.0,0.0221172717863256,0.0169289078760708,0.0013968640835737,1,1
2025-10-23,3073.199951171875,3098.0,3036.10009765625,3055.0,5564758,0.0221172717863256,2.211727178632561,66.5,61.89990234375,2.0141840208004127,18.199951171875,0.5957430825490998,3005.599951171875,3005.52998046875,2976.8549682617186,3044.893979492188,3172.62798828125,3435.059239501953,3020.650395393104,3006.338963490091,3008.000757035861,3056.716886388411,3379.907435075765,0.0323646882153668,0.009296209283585,-0.1053429542550025,67.67452968442993,-10.26678771153911,-21.90434514411045,11.637557432571342,0.0121001133141598,0.0122548807823118,0.014223439955878,1.4223439955878083,3326923.8,3473601.3,1.6020140250408128,16.913618160981702,0.0348171259491194,0.0151955604988012,0.0035266618248843,-0.0199630386764118,3098.0,2866.60009765625,0.8928260186070263,3203.0,2866.60009765625,0.6141495644802866,0.0,1,1,0.0,0.0,0.0,0.3333333333333333,0.0,0.0,0.0,0.0,-0.0284013362364335,0.4,2.3,0.0,0,0,1,0.0,0.0,0.0,-0.0032539373157892,-0.0123323906501098,-0.0264870179737932,0,0
2025-10-24,3063.199951171875,3090.0,3058.300048828125,3080.0,2684318,-0.0032539373157892,-0.3253937315789268,-10.0,31.699951171875,1.0348639226031486,-16.800048828125,-0.5454561307832793,3024.099951171875,3005.67998046875,2978.244970703125,3045.3419775390626,3168.7619873046874,3429.8757397460936,3034.833580652694,3016.6773248867785,3013.257823144053,3056.9711242230564,3376.756116827966,0.0285251822145084,0.0058640289873925,-0.106906435217202,68.02236165675282,-4.840356079895173,-18.491547331267395,13.651191251372222,0.0126776452525343,0.0118184108572746,0.0140901281524209,1.409012815242093,3213488.4,3526531.5,0.7611779449580983,-0.5176217905612428,0.0311374428654469,0.0004899239063012,0.0091586116236808,-0.0052284926447414,3098.0,2866.60009765625,0.8496107886146438,3203.0,2866.60009765625,0.584423039798417,0.0,0,0,0.0,0.0,0.0,0.3333333333333333,0.0,0.0,0.0,0.0,-0.0345950978994369,0.2,1.2,0.0,0,0,1,-0.0,0.0,0.0,0.007084079236673,-0.0016975552542319,-0.0124053279595615,1,0
2025-10-27,3084.89990234375,3094.199951171875,3060.199951171875,3066.5,1946312,0.007084079236673,0.7084079236673091,21.699951171875,34.0,1.1021427299527136,18.39990234375,0.6000294258519485,3048.63994140625,3011.3399658203125,2984.619970703125,3046.3319775390623,3165.558986816406,3424.8252392578124,3051.522354549713,3029.0814298789546,3020.0808783059288,3058.066370423868,3373.8520748928,0.0335988945410027,0.0126604470849051,-0.0992533379565163,62.607796429815416,1.197332683165314,-14.553771328380853,15.751104011546166,0.0116349123815462,0.0113130507571617,0.0127158738009635,1.2715873800963593,2727814.2,3375129.05,0.5766629871530394,-0.2749324036868955,0.0414219003424578,0.0186903056510294,0.0431121945662322,0.0094567743271434,3098.0,2866.60009765625,0.9433876266862484,3203.0,2866.60009765625,0.6489294532090277,-0.9577045440673828,1,1,0.0,-0.3192348480224609,-0.1915409088134765,0.6666666666666666,-0.9577045440673828,0.0,0.0,-0.1915409088134765,-0.1224434942007064,0.4,0.8,0.9577045440673828,0,1,0,-0.0067844548754952,-0.0396699421818781,-0.5522727631919366,-0.0087523099143304,-0.0220752230773796,-0.0122856181864946,0,0
2025-10-28,3057.89990234375,3090.199951171875,3040.199951171875,3076.0,3470737,-0.0087523099143304,-0.8752309914330403,-27.0,50.0,1.6351091139928138,-18.10009765625,-0.5884297027389467,3057.179931640625,3016.4099609375,2992.5599609375,3046.7659765625,3162.328986816406,3419.9732385253906,3053.648203814392,3034.321152145281,3023.6826901190548,3058.059842263863,3370.708272180869,0.0218341293939455,0.0036543422983251,-0.1058702249780638,60.65822825493736,3.760224646438928,-10.890972133416897,14.651196779855823,0.0121774565011169,0.0114814959800753,0.0119344129238418,1.1934412923841866,2795353.8,3351934.1,1.0354430894091862,0.7832377337240894,0.0141615653566455,0.0168595211476103,0.0547755508048446,0.0014081099521841,3098.0,2866.60009765625,0.8267065057068159,3203.0,2866.60009765625,0.5686678365679798,0.0,0,0,-0.9577045440673828,-0.3192348480224609,-0.1915409088134765,0.3333333333333333,0.9577045440673828,0.0,0.0,-0.1915409088134765,-0.0742883831262588,0.4,0.6,0.0,0,0,1,-0.0,0.0,0.0,-9.804267538982005e-05,-0.0221393614356002,0.0241669606084011,0,0
2025-10-29,3057.60009765625,3076.0,3046.10009765625,3057.89990234375,2895420,-9.804267538982005e-05,-0.009804267538982,-0.2998046875,29.89990234375,0.9778879313442346,-0.2998046875,-0.0098042675389803,3067.3599609375,3026.1399658203127,3000.6349609375,3047.4719775390627,3159.1939868164063,3414.7192395019533,3054.9655017616783,3038.553687692729,3026.912919408312,3058.0418130635644,3367.5927679567435,0.0189843607970734,0.0033234497943984,-0.1045822853353502,54.44707220157556,5.701420828958817,-7.572493540941753,13.27391436990057,0.0119173889693631,0.0098063959867511,0.0119206609411983,1.1920660941198309,3312309.0,3341203.35,0.8665800002864237,-0.1657621997863854,0.0169289078760708,0.0328683063281516,0.0557646471303594,0.0068493310371724,3098.0,2866.60009765625,0.8254108928545052,3203.0,2866.60009765625,0.5677766214237089,0.0,0,0,0.0,-0.3192348480224609,-0.1915409088134765,0.3333333333333333,0.0,-0.9577045440673828,0.0,-0.1915409088134765,-0.1436824530363082,0.4,0.5,0.0,0,0,1,-0.0,0.0,0.0,-0.0072933176726475,-0.0152734804490284,0.0157312441062829,0,0
2025-10-30,3035.300048828125,3063.800048828125,3032.800048828125,3049.10009765625,2241536,-0.0072933176726475,-0.7293317672647515,-22.300048828125,31.0,1.0213158337334245,-13.800048828125,-0.4525941551978787,3059.77998046875,3032.6899658203124,3007.9799682617186,3047.9539794921875,3155.704987792969,3409.7014892578127,3048.410350783827,3037.962116990074,3027.71169363877,3057.1499791719784,3364.2863727415333,0.0090825340775771,-0.0041516147386748,-0.1098047561081903,45.9951556990904,5.378406298159916,-4.98231357312142,10.360719871281336,0.0063295480589075,0.0103617490409406,0.0120760621384128,1.2076062138412849,2647664.6,3340607.25,0.6709965680640848,-0.2258339031988451,-0.0123323906501098,0.022055356900491,0.0508586592753914,0.0107559270156927,3098.0,2866.60009765625,0.7290407189596271,3203.0,2866.60009765625,0.5014863262340935,0.0,0,0,0.0,0.0,-0.1915409088134765,0.0,0.0,0.0,-0.9577045440673828,-0.1915409088134765,-0.0957704544067382,0.2,0.3,0.0,0,0,1,-0.0,-0.0,0.0,0.0074786514699392,-0.0143313673443238,0.0232925740567793,1,0
2025-10-31,3058.0,3067.39990234375,3025.10009765625,3035.0,1868085,0.0074786514699392,0.7478651469939201,22.699951171875,42.2998046875,1.3832506438031391,23.0,0.7578253706754531,3058.739990234375,3041.419970703125,3015.169970703125,3048.78998046875,3152.065988769531,3403.663239746094,3051.606900522552,3041.605368446424,3030.5962942446017,3057.183313322097,3361.2387471421152,0.0142048473926952,0.0030208770004662,-0.1015562396742515,54.65662950835736,6.874862171807308,-2.6108784241356746,9.485740595942982,0.0076716940166649,0.0104613154657989,0.0120399615646872,1.2039961564687285,2484418.0,3336366.4,0.559916021213977,-0.1666049530322064,-0.0016975552542319,0.0293870300814753,0.0493446061483526,-0.0053343425919469,3098.0,2891.10009765625,0.8066697975838445,3203.0,2866.60009765625,0.5689653921128911,0.0,0,0,0.0,0.0,-0.1915409088134765,0.0,0.0,0.0,0.0,-0.1915409088134765,-0.0957704544067382,0.2,0.2,0.0,0,0,1,0.0,-0.0,0.0,-0.0134728421098349,-0.0107259806501389,0.014453875464969,0,0
2025-11-03,3016.800048828125,3058.0,3010.0,3046.89990234375,2194877,-0.0134728421098349,-1.3472842109834904,-41.199951171875,48.0,1.5910898708267254,-30.099853515625,-0.987884554148676,3045.12001953125,3046.87998046875,3020.914978027344,3047.153979492188,3147.604990234375,3397.291739501953,3040.0046166244097,3037.0953103340057,3029.2823661096995,3055.599655890961,3357.811496412623,-0.0013621466440296,-0.0099614036141097,-0.1119985329048039,51.41594564658469,4.682347310705154,-1.1522332771675088,5.834580587872663,0.0082042024160884,0.0115931875727136,0.0124806309201121,1.2480630920112166,2534131.0,3301134.3,0.6648857030748492,0.1749342240850924,-0.0220752230773796,0.0184322795747293,0.0395948000796217,-0.0153725170589272,3098.0,2895.60009765625,0.598814276926046,3203.0,2866.60009765625,0.4464922555726348,0.0,0,0,0.0,0.0,0.0,0.0,0.0,0.0,0.0,0.0,-0.0957704544067382,0.0,0.2,0.0,0,0,1,-0.0,-0.0,0.0,-0.0088173220716377,0.0100105909185483,0.0233028532518861,0,1
2025-11-04,2990.199951171875,3029.300048828125,2976.0,3019.60009765625,2670720,-0.0088173220716377,-0.8817322071637768,-26.60009765625,53.300048828125,1.7824911276330009,-29.400146484375,-0.9736437121986709,3031.580029296875,3044.37998046875,3021.00498046875,3044.9059765625,3142.787990722656,3391.077490234375,3023.403061473565,3028.5688813954366,3025.560231353716,3053.034961588252,3354.15367009182,-0.0101969475376684,-0.0179664087534107,-0.1182153873560681,54.69092090204183,0.7892598166286007,-0.7639346584082869,1.5531944750368876,0.0082128169871978,0.0105238619145748,0.0108336513112458,1.083365131124587,2374127.6,3329031.6,0.8022513213752612,0.2167971143713292,-0.0221393614356002,-0.0082913240928793,0.0006023453643915,-0.013883882524264,3098.0,2943.10009765625,0.3040663861175469,3203.0,2866.60009765625,0.3674194096207691,0.8764766256014506,3,1,0.0,0.2921588752004835,0.1752953251202901,1.0,0.8764766256014506,0.0,0.0,0.1752953251202901,-0.0081227918465932,0.6,0.5,0.8764766256014506,1,0,0,-0.0077281766961902,-0.0194046328040457,0.7031545310432938,0.0069225976556392,0.0473547254258888,0.0526720629295291,1,1
2025-11-06,3010.89990234375,3024.0,2990.0,2990.10009765625,2542721,0.0069225976556392,0.6922597655639295,20.699951171875,34.0,1.1292304992780948,20.7998046875,0.6956223540410452,3022.239990234375,3044.7999755859373,3022.864978027344,3044.043974609375,3138.554990234375,3384.8839892578126,3019.235341763627,3025.3563397496755,3024.164009543243,3051.382606323762,3350.738209716217,-0.0039581905809771,-0.0108881713083261,-0.1104865301442913,56.22914460407217,-0.618596215636444,-0.7348669698539183,0.1162707542174743,0.0096203907624852,0.0107625874326033,0.010869268117866,1.0869268117866084,2303587.8,3303020.5,0.7698168994107061,-0.0479267763000239,-0.0152734804490284,0.0013968640835737,0.0125096518756759,-0.0118477511179028,3098.0,2943.10009765625,0.4377007581130707,3203.0,2866.60009765625,0.4289531705631928,0.0,0,0,0.8764766256014506,0.2921588752004835,0.1752953251202901,1.0,-0.8764766256014506,0.0,0.0,0.1752953251202901,-0.0081227918465932,0.6,0.5,0.0,0,0,1,0.0,-0.0,0.0,-0.0063435697416434,0.0314856195499326,0.0444718027258708,0,1
2025-11-07,2991.800048828125,3004.0,2960.5,3001.0,1830520,-0.0063435697416434,-0.6343569741643407,-19.099853515625,43.5,1.4539741724062998,-9.199951171875,-0.3065628514453515,3013.539990234375,3036.6599853515627,3021.0949829101564,3041.0679736328125,3134.015991210937,3378.811490478516,3010.09024411846,3019.255195945757,3021.081727570375,3049.0460354415804,3347.166685727281,-0.0096967934632138,-0.0162008627337036,-0.1145407024751123,53.030755721635884,-3.2382028322967926,-1.2355341423424933,-2.0026686899543,0.0095242241351577,0.0076264476615918,0.0101686208434023,1.0168620843402352,2221384.6,3188452.05,0.5741093079947682,-0.2800940409899474,-0.0143313673443238,-0.0264870179737932,-0.0116939425590457,-0.0146883990745748,3098.0,2943.10009765625,0.3143962677510363,3203.0,2866.60009765625,0.3721759438679608,0.8721573352813721,1,1,0.0,0.5828779869609408,0.3497267921765645,1.3333333333333333,0.8721573352813721,0.8764766256014506,0.0,0.3497267921765645,0.0790929416815439,0.8,0.5,0.8721573352813721,1,0,0,-0.0055325908820432,-0.0124992071539639,0.5007136442209495,0.0111638150272885,0.0381709837917165,0.0530784297868858,1,1
2025-11-10,3025.199951171875,3047.89990234375,2992.0,2993.0,1556656,0.0111638150272885,1.1163815027288582,33.39990234375,55.89990234375,1.847808516660064,32.199951171875,1.0758420037378884,3006.97998046875,3032.8599853515625,3019.269982910156,3038.4279736328126,3129.304990234375,3373.3159912109377,3015.126813136265,3020.3360605323232,3021.4739393419463,3048.110894881984,3343.963036627227,0.0019640404121804,-0.0043535744719733,-0.1031969850870975,58.445051269598366,-2.58931890815893,-1.5062910955057809,-1.0830278126531492,0.0106043322196078,0.0087766521311924,0.0101543588637995,1.0154358863799549,2159098.8,3105719.65,0.5012223173459974,-0.1496099469003343,-0.0107259806501389,-0.0124053279595615,-0.0119214817199932,-0.00513026092007,3098.0,2943.10009765625,0.5300187558119375,3203.0,2866.60009765625,0.4714622460073126,0.0,0,0,0.8721573352813721,0.2907191117604573,0.3497267921765645,0.3333333333333333,-0.8721573352813721,0.0,0.8764766256014506,0.3497267921765645,0.0790929416815439,0.8,0.5,0.0,0,0,1,0.0,-0.0,0.0,0.0072061513883339,0.025452863031474,0.0383445728785845,1,1
2025-11-11,3047.0,3055.699951171875,3018.0,3045.0,2806868,0.0072061513883339,0.7206151388333915,21.800048828125,37.699951171875,1.2372809705242862,2.0,0.0656814449917898,3013.019970703125,3029.069995117188,3020.20498046875,3037.493974609375,3124.6219897460937,3368.161990966797,3025.75120875751,3025.184049526446,3023.9049927379515,3048.0673303768085,3341.0081805413843,0.0088719208479324,0.0031295618921671,-0.0953522995117615,54.65185630684331,-0.3123909253722559,-1.2675110614790757,0.9551201361068198,0.0089713102600793,0.0087895497123006,0.0099883506885877,0.9988350688587796,2281497.0,2805194.8,1.0005964648159194,0.8031395504209022,0.0100105909185483,-0.0122856181864946,0.0061750655055172,0.0038216044111001,3098.0,2943.10009765625,0.6707551184453165,3203.0,2866.60009765625,0.5362662149628346,0.2718196908632914,3,1,0.0,0.3813256753815544,0.4040907303492227,1.3333333333333333,0.2718196908632914,0.8721573352813721,0.0,0.4040907303492227,0.2020453651746113,1.4,0.7,0.2718196908632914,1,0,0,0.001958773842691,0.0027210757288386,0.2719818217451654,0.0278306691263947,0.0131605177736298,0.0236954221108878,1,1
2025-11-12,3131.800048828125,3136.39990234375,3057.10009765625,3060.0,4460315,0.0278306691263947,2.783066912639476,84.800048828125,79.2998046875,2.532083895878757,71.800048828125,2.346406824448529,3041.339990234375,3036.460009765625,3026.4349853515623,3038.4359765625,3121.4259912109374,3363.6417407226563,3061.100822114382,3044.568776672206,3034.180712365587,3051.3509663945074,3338.926507589013,0.0348149106082062,0.0307276746937585,-0.068925798216763,64.96056141301555,8.239763280198531,0.6339438068564456,7.605819473342086,0.012263781845085,0.0122350219835817,0.0115537994912306,1.1553799491230663,2639416.0,2884867.3,1.5461075107336828,0.5890718765542233,0.0473547254258888,0.0241669606084011,0.0414339251394622,0.0314867594999306,3136.39990234375,2943.10009765625,0.9762035273493348,3203.0,2866.60009765625,0.7883472894141349,-0.9176658987998962,1,1,0.2718196908632914,-0.2152820693122016,0.0452622254689534,1.3333333333333333,-1.1894855896631875,0.0,0.8721573352813721,0.0452622254689534,0.1102787752946217,1.0,0.8,0.9176658987998962,0,1,0,-0.0255392559980755,-0.0434558166703705,-1.4188101384786953,-0.0083338965608664,0.0050769212899461,0.009930344540119,0,1
2025-11-13,3105.699951171875,3131.89990234375,3102.0,3131.800048828125,1740435,-0.0083338965608664,-0.8333896560866472,-26.10009765625,29.89990234375,0.9627427895108752,-26.10009765625,-0.8333896560866422,3060.3,3041.269995117188,3033.70498046875,3038.2979736328125,3118.242990722656,3358.3872399902343,3075.96719846688,3055.683535672146,3040.9920684423764,3053.4822991308747,3336.6058453361065,0.0237316980941241,0.0221841235204695,-0.075240664867192,54.30235970467817,12.764209488278992,3.0599969431409555,9.704212545138038,0.0146804137968906,0.0126947291248643,0.0110726632546775,1.1072663254677553,2478958.8,2791318.25,0.6235172216568283,-0.6097954965064127,0.0314856195499326,0.0157312441062829,0.0491166097846427,0.0275948453152716,3136.39990234375,2943.10009765625,0.8411796058381623,3203.0,2866.60009765625,0.7107607696963627,0.0,0,0,-0.9176658987998962,-0.2152820693122016,0.0452622254689534,1.3333333333333333,0.9176658987998962,0.2718196908632914,0.0,0.0452622254689534,0.1102787752946217,1.0,0.8,0.0,0,0,1,-0.0,0.0,0.0,9.661230409974132e-05,0.0125897859648342,0.0099494951122742,1,1
2025-11-14,3106.0,3113.10009765625,3077.300048828125,3090.0,2210794,9.661230409974132e-05,0.0096612304099741,0.300048828125,35.800048828125,1.1526094278211525,16.0,0.517799352750809,3083.139990234375,3048.339990234375,3040.514978027344,3038.1879736328124,3114.9459912109373,3353.189989013672,3085.978132311254,3064.831983731756,3047.183300019293,3055.5418168120173,3334.3112598103744,0.0215374771859017,0.0223198916445264,-0.0737178596570908,55.81522788353157,16.18747796821208,5.685493148155181,10.501984820056895,0.0135307564965989,0.0123270677662615,0.0110834198584396,1.1083419858439605,2555013.6,2687746.65,0.8225455327048775,0.2702537009425805,0.0381709837917165,0.0232925740567793,0.0458616569912238,0.0314824821882822,3136.39990234375,2943.10009765625,0.8427318517320993,3203.0,2866.60009765625,0.7116527105858651,0.0,0,0,0.0,-0.3058886329332987,-0.1291692415873209,0.3333333333333333,0.0,-0.9176658987998962,0.2718196908632914,-0.1291692415873209,0.1102787752946217,0.8,0.8,0.0,0,0,1,0.0,0.0,0.0,-0.0012234542266983,0.0143593360129588,0.0101416613007083,0,1
2025-11-17,3102.199951171875,3123.5,3086.60009765625,3106.0,2232853,-0.0012234542266983,-0.1223454226698339,-3.800048828125,36.89990234375,1.1894753054138512,-3.800048828125,-0.1223454226698325,3098.539990234375,3052.7599853515626,3047.089978027344,3038.28197265625,3112.0319897460936,3347.93923828125,3091.3854052647944,3071.626159629959,3052.422981081444,3057.3715475712274,3332.00169455029,0.0180860997023162,0.021037539994928,-0.073400163389922,52.47073065789685,18.381915440922057,8.224777606708557,10.1571378342135,0.0138438395460744,0.0122334016673671,0.0111031516322484,1.1103151632248491,2690253.0,2636814.55,0.8467994080205603,0.0099778631568567,0.025452863031474,0.014453875464969,0.0442656620195272,0.0285126985585244,3136.39990234375,2955.39990234375,0.8110499935255525,3203.0,2866.60009765625,0.7003564860577084,0.0,0,0,0.0,0.0,-0.1291692415873209,0.0,0.0,0.0,-0.9176658987998962,-0.1291692415873209,0.1102787752946217,0.8,0.8,0.0,0,0,1,-0.0,0.0,0.0,-0.0048674662347025,0.0125717234910236,0.0100573630529807,0,1
2025-11-18,3087.10009765625,3105.0,3078.0,3102.0,2548350,-0.0048674662347025,-0.4867466234702577,-15.099853515625,27.0,0.8746072088980402,-14.89990234375,-0.4803321193987749,3106.560009765625,3059.789990234375,3053.3349853515624,3038.1099755859377,3108.9989916992185,3343.0489892578125,3089.95696939528,3074.4396029074665,3055.7255636123773,3058.537373064758,3329.5648627404,0.0110584369113367,0.0161251970679119,-0.0765615138826863,54.31700482073479,18.68717682210172,10.31725744978719,8.369919372314529,0.0144285746750943,0.0113323966462014,0.0111604465030698,1.1160446503069823,2638549.4,2545497.9,1.0011204487734993,0.141297702983582,0.0131605177736298,0.0233028532518861,0.0421646575326433,-0.0037113533975224,3136.39990234375,2960.5,0.7197280724399919,3203.0,2866.60009765625,0.6554698692352242,0.0,0,0,0.0,0.0,-0.1835331797599792,0.0,0.0,0.0,0.0,-0.1835331797599792,0.1102787752946217,0.2,0.8,0.0,0,0,1,-0.0,0.0,0.0,0.0196300254603447,0.0103980604775322,0.0157428823096867,1,1
2025-11-19,3147.699951171875,3155.0,3083.5,3097.0,3151053,0.0196300254603447,1.963002546034476,60.599853515625,71.5,2.271499860505473,50.699951171875,1.6370665538222473,3109.739990234375,3075.539990234375,3059.9599853515624,3040.0979736328127,3106.0279907226563,3338.5859887695315,3109.2046299874783,3087.759666228268,3064.485029094234,3062.0339447552333,3327.7552616302646,0.0286735663996704,0.0353942466566239,-0.0571757139818373,61.304881896517394,23.54755879068716,12.963317717967186,10.584241072719976,0.0108899985371058,0.0117757320921149,0.0112956117829481,1.129561178294816,2376697.0,2546398.6,1.2374547331277983,0.2365071516863852,0.0050769212899461,0.0526720629295291,0.0439440176922605,0.0145361477780181,3155.0,2960.5,0.9624676152795628,3203.0,2866.60009765625,0.835612173360215,-0.9165284037590028,1,1,0.0,-0.3055094679196676,-0.1833056807518005,0.3333333333333333,-0.9165284037590028,0.0,0.0,-0.1833056807518005,-0.0690217276414235,0.2,0.6,0.9165284037590028,0,1,0,-0.0179914759009183,-0.0046531425658844,-1.134162411277644,-0.0009212766110919,0.0048289072680565,0.0102614764206161,0,1
2025-11-20,3144.800048828125,3164.5,3138.10009765625,3148.0,2700767,-0.0009212766110919,-0.0921276611091981,-2.89990234375,26.39990234375,0.8394779297204487,-3.199951171875,-0.1016502913556226,3117.560009765625,3088.9300048828127,3066.864990234375,3042.613974609375,3103.057990722656,3333.8109899902342,3121.0697696010275,3098.130644882787,3072.1340785927,3065.2796743267195,3325.9348117516365,0.0254119626530394,0.0335849618359388,-0.0566951581027282,64.44211459100768,26.85587087209251,15.741828348792252,11.114042523300258,0.0097346501153636,0.0119093272289856,0.0112590295026706,1.1259029502670663,2568763.4,2665904.75,1.0130770801169846,-0.1429001670235314,0.0125897859648342,0.0444718027258708,0.0459307878734041,0.0297315156608137,3164.5,2960.5,0.9034316119025736,3203.0,2866.60009765625,0.8269917715005654,0.321272075176239,2,1,-0.9165284037590028,-0.1984187761942546,-0.1190512657165527,1.0,1.2378004789352417,0.0,0.0,-0.1190512657165527,-0.0368945201237996,0.6,0.8,0.321272075176239,1,0,0,-0.0002959804486568,0.004044746662947,0.3254733758426686,0.0018443299217978,-0.0026074634458653,0.0268379232489521,1,0
2025-11-21,3150.60009765625,3170.0,3135.199951171875,3144.800048828125,4177037,0.0018443299217978,0.1844329921797838,5.800048828125,34.800048828125,1.1045530295645252,5.800048828125,0.1844329921797833,3126.480029296875,3104.810009765625,3070.734997558594,3044.637978515625,3100.1529907226563,3329.0637414550783,3130.913212286102,3107.6705453870527,3079.6070327892285,3068.625573280819,3324.190187730788,0.0260084638241832,0.0348028632265454,-0.0536077581142453,62.78301664228854,29.60448541934511,18.514359762902824,11.090125656442286,0.0096559109645916,0.011355383250214,0.0102489844539114,1.0248984453911467,2962012.0,2596518.7,1.6087066886905146,0.5466113885425881,0.0143593360129588,0.0530784297868858,0.0251855224893065,0.0031841048490901,3170.0,2960.5,0.9073990341587111,3203.0,2866.60009765625,0.844233300965096,0.3909061849117279,2,1,0.321272075176239,-0.0681167145570119,-0.0408700287342071,1.6666666666666667,0.0696341097354888,-0.9165284037590028,0.0,-0.0408700287342071,-0.085019635160764,1.0,0.9,0.3909061849117279,1,0,0,0.0007209599734485,0.0056131532586913,0.6288533943179878,-0.0029836050888742,-0.0041579690377065,0.0278041804101989,0,0
2025-11-24,3141.199951171875,3178.89990234375,3131.0,3158.0,6703764,-0.0029836050888742,-0.2983605088874297,-9.400146484375,47.89990234375,1.524891859427165,-16.800048828125,-0.5319838134301773,3134.280029296875,3116.410009765625,3074.6349975585936,3045.2619775390626,3096.944990234375,3324.207741699219,3134.3421252480266,3113.766800984293,3085.4730250161474,3071.4716273157624,3322.369389357067,0.0216497092065032,0.031504013231184,-0.0550530546667328,68.82565664537086,30.67071606679337,20.94563102368093,9.72508504311244,0.0098731217360766,0.0114168291200621,0.0102428473002246,1.02428473002246,3856194.2,2797491.0,2.3963487281996616,0.6049089342517195,0.0125717234910236,0.0383445728785845,0.0254635679169947,-0.0050677816569905,3178.89990234375,2960.5,0.827381098767447,3203.0,2866.60009765625,0.8162899323169998,-0.8039926091829935,3,1,0.3909061849117279,-0.0306047830316755,-0.2016685505708058,2.333333333333333,-1.194898794094721,0.321272075176239,-0.9165284037590028,-0.2016685505708058,-0.1654188960790634,1.6,1.2,0.8039926091829935,0,1,0,0.0023987964401757,-0.0101075727714752,-1.926646666497594,-0.0070036929651016,-0.0024831430502267,0.0303387400705172,0,0
2025-11-25,3119.199951171875,3149.800048828125,3115.0,3145.300048828125,2737920,-0.0070036929651016,-0.7003692965101616,-22.0,34.800048828125,1.1156722676611583,-26.10009765625,-0.8298126490658456,3140.7,3123.6300048828125,3076.35,3045.1619775390627,3093.839990234375,3319.4379919433595,3129.2947338893096,3114.7546464729444,3088.685113221455,3073.343326290512,3320.347802907464,0.0139288283751442,0.0243133121255657,-0.0603228743110985,69.79743359940531,29.40157237386211,22.63681929371717,6.7647530801449385,0.010310367028771,0.0118265809504652,0.0103088772391259,1.030887723912594,3894108.2,2837071.4,0.9650514964128152,-0.5915846679566883,0.0103980604775322,0.0236954221108878,0.0111186910155709,0.0082425575855669,3178.89990234375,2960.5,0.726648452992848,3203.0,2866.60009765625,0.7508915780168867,0.0,0,0,-0.8039926091829935,-0.1376954747570885,-0.2016685505708058,1.6666666666666667,0.8039926091829935,0.3909061849117279,0.321272075176239,-0.2016685505708058,-0.1926008651653926,1.6,0.9,0.0,0,0,1,-0.0,0.0,0.0,0.0140099871300194,0.0052898179848333,0.0285650484262078,1,1
2025-11-26,3162.89990234375,3178.0,3117.0,3118.800048828125,2508527,0.0140099871300194,1.400998713001944,43.699951171875,61.0,1.92860987964868,44.099853515625,1.414000667731018,3143.739990234375,3126.739990234375,3081.6,3045.7519775390624,3091.235988769531,3314.90924194336,3140.4964567074567,3123.5083293585453,3095.75318837596,3076.855348880835,3318.78115713071,0.0263823670637818,0.0384627263377308,-0.045856259856603,71.78900302656152,31.5582043617851,24.42109630733076,7.137108054454345,0.0079622795693577,0.0089936553901727,0.0104767932509689,1.0476793250968903,3765603.0,2788960.9,0.8994486082612345,-0.083783675198691,0.0048289072680565,0.009930344540119,0.0343372913938491,0.0253509101078588,3178.89990234375,2960.5,0.9267398939821098,3203.0,2866.60009765625,0.8807963457276103,0.0,0,0,0.0,-0.2679975363943311,-0.0183628698190053,1.0,0.0,-0.8039926091829935,0.3909061849117279,-0.0183628698190053,-0.1008342752854029,1.4,0.8,0.0,0,0,1,0.0,0.0,0.0,-0.0083150923201874,0.0054064618496394,0.0083151695090433,0,1
2025-11-27,3136.60009765625,3180.0,3125.0,3180.0,2836233,-0.0083150923201874,-0.8315092320187456,-26.2998046875,55.0,1.7534909866609212,-43.39990234375,-1.3647768032625789,3142.1,3129.8300048828123,3085.55,3046.2459814453123,3088.5939892578126,3310.056993408203,3139.1976703570544,3125.888650867219,3099.643370212177,3079.1982802053617,3316.968410270268,0.0165448939917518,0.029660807683058,-0.0524029936938799,70.33709945651242,30.79024552412648,25.694926150689906,5.095319373436574,0.0090218769446058,0.0089914829391919,0.010711212119987,1.071121211998704,3792696.2,2786001.55,1.0180299433071027,0.1306368239209703,-0.0026074634458653,0.0099494951122742,0.0258372571549025,0.0077105954015974,3180.0,2960.5,0.8022783492312073,3203.0,2866.60009765625,0.8026161664104786,-0.8521829843521118,1,1,0.0,-0.2840609947840373,-0.2530538817246754,0.3333333333333333,-0.8521829843521118,0.0,-0.8039926091829935,-0.2530538817246754,-0.1860525737206141,1.2,0.9,0.8521829843521118,0,1,0,0.0070859801885806,0.0022220359808865,-0.867547795247258,0.0002869037542982,0.0295223651828673,0.0176304925606618,1,1
2025-11-28,3137.5,3147.300048828125,3125.0,3140.0,1616690,0.0002869037542982,0.0286903754298295,0.89990234375,22.300048828125,0.7107585283864541,-2.5,-0.0796178343949044,3139.47998046875,3132.9800048828124,3090.6599975585937,3046.081982421875,3085.7709887695314,3305.288992919922,3138.6317802380363,3127.999805254997,3103.248763525304,3081.484622158093,3315.182654944196,0.0151553397909853,0.0300116733908259,-0.0507637889695374,67.35705310345608,29.909469464788344,26.53783481350959,3.371634651278754,0.0089477318729932,0.0089894971270078,0.0105224550723801,1.052245507238014,3280626.8,2754759.25,0.5868716113758399,-0.4299868875370959,-0.0041579690377065,0.0101416613007083,0.0336704607543931,0.0083560983448498,3180.0,2960.5,0.806378132118451,3203.0,2866.60009765625,0.8052912633337542,0.0,0,0,-0.8521829843521118,-0.2840609947840373,-0.331235118707021,0.3333333333333333,0.8521829843521118,0.0,0.0,-0.331235118707021,-0.1860525737206141,0.8,0.9,0.0,0,0,1,0.0,-0.0,0.0,-0.0013068040338645,0.0320956019671314,0.0264541832669322,0,1
2025-12-01,3133.39990234375,3154.0,3122.199951171875,3137.89990234375,1747647,-0.0013068040338645,-0.1306804033864517,-4.10009765625,31.800048828125,1.0148736139405283,-4.5,-0.1434080161906654,3137.919970703125,3136.1,3094.429992675781,3045.293979492188,3082.98798828125,3300.5422424316407,3136.887820939941,3128.9816410893154,3106.120300555632,3083.520515498707,3313.373871336232,0.0125935664274864,0.0289318284030674,-0.0506408728660143,64.12687336933439,28.55148077945477,26.94056400669863,1.6109167727561484,0.008876622360068,0.0089918731288416,0.010452077985403,1.045207798540302,2289403.4,2748737.35,0.6357999246454012,0.0810031607791228,-0.0024831430502267,0.0100573630529807,0.0246566063910236,0.0115899604015334,3180.0,2960.5,0.7876988717255126,3203.0,2866.60009765625,0.7931030979160951,0.0,1,1,0.0,-0.2840609947840373,-0.1704365968704223,0.6666666666666666,0.0,-0.8521829843521118,0.0,-0.1704365968704223,-0.1860525737206141,0.4,1.0,0.0,0,0,1,-0.0,-0.0,0.0,0.0007340425415871,0.0329035874352112,0.0308929762701912,1,1
2025-12-02,3135.699951171875,3144.0,3120.39990234375,3131.0,2512003,0.0007340425415871,0.0734042541587154,2.300048828125,23.60009765625,0.7526261448398518,4.699951171875,0.1501102258663366,3141.219970703125,3140.9599853515624,3100.374987792969,3044.4739794921875,3080.28298828125,3296.073742675781,3136.4918643505857,3130.203152013417,3108.937410138131,3085.566767878048,3311.605971633104,0.011393771243153,0.0299644445293974,-0.0486560083372751,50.87324356355972,27.345636208522137,27.02157844706333,0.3240577614588034,0.0080916288883578,0.0087545017361975,0.0098635797063489,0.9863579706348978,2244220.0,2764593.65,0.9086337154829246,0.4373629228328146,0.0052898179848333,0.0157428823096867,0.0394125896377974,0.0129211488939222,3180.0,2960.5,0.7981774540859908,3180.5,2866.60009765625,0.8572791883857781,-0.9507519602775574,1,1,0.0,-0.3169173200925191,-0.3605869889259338,0.6666666666666666,-0.9507519602775574,0.0,-0.8521829843521118,-0.3605869889259338,-0.2811277697483699,0.6,1.1,0.9507519602775574,0,1,0,-0.0006978923853411,-0.0050293048185917,-0.8638852861696709,0.0141276427968082,0.0231527565732549,0.0221322663408656,1,1
2025-12-03,3180.0,3211.89990234375,3139.0,3140.0,3952112,0.0141276427968082,1.4127642796808226,44.300048828125,72.89990234375,2.2924497592374213,40.0,1.2738853503184715,3144.639990234375,3144.189990234375,3109.864990234375,3044.68998046875,3078.244987792969,3291.788992919922,3150.9945762337243,3139.2571243746133,3115.705275839261,3089.2700318828297,3310.296459477551,0.0225524291201912,0.0444413127113907,-0.0339599510054748,65.38304843492054,29.623162035721634,27.541895164795,2.0812668709266404,0.0081386585774621,0.0075907574490705,0.0098759485429584,0.9875948542958446,2532937.0,2828663.25,1.397165958160626,0.5732911147001019,0.0054064618496394,0.0102614764206161,0.0634740324819218,0.0432043923046567,3211.89990234375,2960.5,0.8731109199074713,3211.89990234375,2866.60009765625,0.907616795866364,0.908187747001648,1,1,-0.9507519602775574,-0.0141880710919698,-0.1789494395256042,1.0,1.858939707279205,0.0,0.0,-0.1789494395256042,-0.0986561546723047,0.8,1.1,0.908187747001648,1,0,0,0.0128305520820773,0.0049100824064744,1.2688890037292977,0.0154716827584513,0.00289306640625,0.0118868078075864,1,1
2025-12-04,3229.199951171875,3250.0,3187.39990234375,3194.0,5025905,0.0154716827584513,1.5471682758451344,49.199951171875,62.60009765625,1.938563687687796,35.199951171875,1.102064845706794,3163.1599609375,3152.62998046875,3120.779992675781,3047.797978515625,3076.716987304688,3288.1172424316405,3177.063034546441,3155.610365610479,3126.5142925376053,3094.7574796980866,3309.489529046649,0.0347413014536579,0.0595190278145005,-0.0179182452801454,71.21213777147435,34.99474490509374,29.032465112854744,5.962279792238995,0.0082072566713462,0.0087932603752868,0.0102275973953099,1.0227597395309949,2970871.4,2952822.45,1.702068134845019,0.271701055030829,0.0295223651828673,0.0268379232489521,0.0725032568031223,0.0696256877018466,3250.0,2960.5,0.92815181751943,3250.0,2866.60009765625,0.9457484242928262,0.0,4,1,0.908187747001648,-0.0141880710919698,-0.0085128426551818,2.0,-0.908187747001648,-0.9507519602775574,0.0,-0.0085128426551818,-0.1307833621899287,1.4,1.3,0.0,0,0,1,0.0,0.0,0.0,0.002787068046602,-0.0115508638028403,0.0159792203754753,1,0
2025-12-05,3238.199951171875,3271.60009765625,3222.39990234375,3230.0,5244013,0.002787068046602,0.2787068046602003,9.0,49.2001953125,1.519368663281429,8.199951171875,0.2538684573335913,3183.299951171875,3161.3899658203127,3133.099987792969,3051.313979492188,3076.438986816406,3284.5574926757813,3197.44200675492,3170.626653894369,3137.151021931345,3100.3826746578434,3308.780180013069,0.033545039669462,0.0612477027719021,-0.0141137859840416,73.00408993901432,39.52239820838941,31.13045173196168,8.391946476427727,0.0078510528641664,0.0087882798584971,0.009962847001502,0.9962847001502012,3696336.0,3123497.1,1.6788915859726583,0.0433967613792938,0.0320956019671314,0.0278041804101989,0.0823584124347693,0.0619138371071024,3271.60009765625,2992.0,0.8805431515784437,3271.60009765625,2866.60009765625,0.917530502507716,0.0,0,0,0.0,0.3027292490005493,-0.0085128426551818,1.6666666666666667,0.0,0.908187747001648,-0.9507519602775574,-0.0085128426551818,-0.1698739806811015,1.4,1.1,0.0,0,0,1,0.0,0.0,0.0,-0.0005249679443851,-0.0054659846330581,0.0135260482640282,0,0
2025-12-08,3236.5,3259.89990234375,3208.60009765625,3243.0,2544725,-0.0005249679443851,-0.0524967944385168,-1.699951171875,51.2998046875,1.5850395392399197,-6.5,-0.2004316990440949,3203.919970703125,3170.919970703125,3143.664990234375,3055.3359814453124,3076.5769873046875,3281.189243164062,3210.461337836614,3182.6036259135744,3146.612829366456,3105.720608984987,3308.060974241795,0.0295308215264704,0.0592943033613569,-0.0136198310588659,76.47059841334384,42.48369858662409,33.40110110289416,9.082597483729929,0.007665711105974,0.0086422730204584,0.0098635557089028,0.9863555708902856,3855751.6,3172900.55,0.8020185189857275,-0.5147370916128545,0.0329035874352112,0.0303387400705172,0.0698466389787799,0.0406752411575561,3271.60009765625,3018.0,0.8615927281549098,3271.60009765625,2866.60009765625,0.9133330922067902,0.0,0,0,0.0,0.0,-0.0085128426551818,1.3333333333333333,0.0,0.0,0.908187747001648,-0.0085128426551818,-0.0894747197628021,1.2,0.8,0.0,0,0,1,-0.0,0.0,0.0,-0.008713100933686,-0.0019465622827514,0.0273134257202996,0,0
2025-12-09,3208.300048828125,3233.699951171875,3181.199951171875,3230.0,2734893,-0.008713100933686,-0.8713100933686047,-28.199951171875,52.5,1.6363806128163212,-21.699951171875,-0.6718251136803405,3218.439990234375,3179.82998046875,3151.729992675781,3060.353984375,3076.1369873046874,3277.5564929199218,3209.740908167118,3187.2757028071287,3152.4878026485194,3109.74333211609,3307.0683282177783,0.0179488903820457,0.0483427947252119,-0.0211305111723939,62.12973279383882,42.07009225287948,35.13489933289122,6.935192919988253,0.0101950446098629,0.0088764470075202,0.0101798086129279,1.0179808612927923,3900329.6,3169301.8,0.862932334181617,0.0747302753735668,0.0231527565732549,0.0285650484262078,0.0529373314171726,0.0269189229148743,3271.60009765625,3057.10009765625,0.7048948772581585,3271.60009765625,2866.60009765625,0.8437035831404321,0.0,0,0,0.0,0.0,0.1816375494003295,0.0,0.0,0.0,0.0,0.1816375494003295,-0.0894747197628021,1.0,0.8,0.0,0,0,1,-0.0,0.0,0.0,-0.0059533389538258,-0.000997397725641,0.0316990149375282,0,0
2025-12-10,3189.199951171875,3225.0,3178.10009765625,3225.0,1386849,-0.0059533389538258,-0.5953338953825882,-19.10009765625,46.89990234375,1.470585195717082,-35.800048828125,-1.1100790334302326,3220.27998046875,3182.4599853515624,3154.599987792969,3066.1559814453126,3075.697985839844,3273.979992675781,3202.893922502037,3187.625566146173,3155.984197745982,3112.8592779614155,3305.89550854568,0.010968098495148,0.0401297163194425,-0.0258951006706112,58.34584630521616,39.74295594186424,36.05651065468582,3.6864452871784152,0.0094458318984344,0.0083163216688818,0.0084310207225067,0.8431020722506729,3387277.0,3015628.5,0.4598872175402242,-0.4929055725397666,0.00289306640625,0.0083151695090433,0.0183280865472967,0.0178081478800031,3271.60009765625,3077.300048828125,0.5759128884354271,3271.60009765625,2866.60009765625,0.7965428481867284,0.0,1,1,0.0,0.0,0.0,0.3333333333333333,0.0,0.0,0.0,0.0,-0.0894747197628021,1.0,0.9,0.0,0,0,1,-0.0,0.0,0.0,0.0008465920021361,0.0089677969691868,0.0406998779679617,1,1
2025-12-11,3191.89990234375,3208.39990234375,3153.10009765625,3205.0,1914362,0.0008465920021361,0.0846592002136104,2.699951171875,55.2998046875,1.732504350994667,-13.10009765625,-0.408739396450858,3212.819970703125,3187.9899658203126,3158.9099853515627,3072.0719775390626,3075.5249853515625,3270.5734924316407,3199.229249115941,3188.402718182096,3159.404741041008,3115.9589102901346,3304.761223906855,0.0104434495269468,0.0390055720311207,-0.0240549831000426,57.85466337554953,37.68217053877561,36.38164263150378,1.300527907271828,0.0048322904370758,0.0076730842575867,0.0081444569700241,0.8144456970024111,2764968.4,3024324.85,0.6329882188416367,0.3803680141096832,-0.0115508638028403,0.0176304925606618,0.0277554021724955,0.0257077677658421,3271.60009765625,3077.300048828125,0.5898086706967242,3271.60009765625,2866.60009765625,0.8032093942901235,0.3537787646055221,4,1,0.0,0.1179262548685073,0.0707557529211044,1.6666666666666667,0.3537787646055221,0.0,0.0,0.0707557529211044,0.0311214551329612,1.0,1.2,0.3537787646055221,1,0,0,0.0002995062726406,-0.0040864503262954,0.2239377900716441,0.0089602113259408,0.0278517964861921,0.0276011467626411,1,1
2025-12-12,3220.5,3223.0,3185.699951171875,3197.699951171875,1146554,0.0089602113259408,0.8960211325940826,28.60009765625,37.300048828125,1.158206763798323,22.800048828125,0.7130140155823366,3209.27998046875,3196.2899658203123,3164.6349853515626,3078.713979492188,3075.830986328125,3267.755491943359,3206.319499410628,3194.238587603533,3165.2233371323405,3120.058560866992,3303.9228037684784,0.0176529093898743,0.0460536514441652,-0.0144611468207665,64.05531549198992,37.9196579073523,36.68924568667349,1.230412220678815,0.0068344582048151,0.0079705449474361,0.0083092264394909,0.8309226439490925,1945476.6,2971112.85,0.3859005220888866,-0.4010777480957102,-0.0054659846330581,0.0264541832669322,0.0368641339343207,0.0237785071650777,3271.60009765625,3078.0,0.7360533477261894,3271.60009765625,2866.60009765625,0.873826919367284,0.0,0,0,0.3537787646055221,0.1179262548685073,0.0707557529211044,1.6666666666666667,-0.3537787646055221,0.0,0.0,0.0707557529211044,0.0311214551329612,1.0,1.2,0.0,0,0,1,0.0,-0.0,0.0,0.0030119395037648,0.0190964136003726,0.0096258344977488,1,1
2025-12-15,3230.199951171875,3238.199951171875,3197.300048828125,3211.10009765625,1562190,0.0030119395037648,0.3011939503764882,9.699951171875,40.89990234375,1.266172464924719,19.099853515625,0.594807166851192,3208.019970703125,3205.969970703125,3171.0349853515627,3085.0339794921874,3076.550986328125,3265.0094921875,3214.2796499977103,3200.777017343232,3171.4115860884867,3124.3778310750267,3303.1892430461244,0.018657935372401,0.0470549020350118,-0.0106613904489151,70.57080807166773,38.44737593453692,37.040871736246174,1.4065041982907474,0.0070843394239648,0.0078488295703052,0.0082808501573964,0.8280850157396467,1748969.6,2937579.7,0.5317949330872622,0.3625088744184748,-0.0019465622827514,0.0308929762701912,0.0412610412013085,0.0180912447870613,3271.60009765625,3078.0,0.7861563760268151,3271.60009765625,2891.10009765625,0.8911954100279238,0.0,0,0,0.0,0.1179262548685073,0.0707557529211044,1.3333333333333333,0.0,0.3537787646055221,0.0,0.0707557529211044,0.0311214551329612,1.0,1.1,0.0,0,0,1,0.0,-0.0,0.0,-0.007770371461531,0.0293170554774848,0.0051390309910157,0,1
2025-12-16,3205.10009765625,3220.0,3191.10009765625,3220.0,1734623,-0.007770371461531,-0.7770371461531034,-25.099853515625,28.89990234375,0.9016848604785616,-14.89990234375,-0.4627298864518634,3207.37998046875,3212.9099853515627,3176.9349853515623,3091.097983398437,3077.005986328125,3262.104992675781,3211.219799217224,3201.563031945598,3174.620015761607,3127.5434101566434,3302.2132316492102,0.0088654984866084,0.0368807830971684,-0.0174748805288368,58.39973020096917,36.42041597812704,36.91678058462235,-0.4963646064953124,0.006814158214369,0.0085592239663305,0.0084326410587043,0.8432641058704391,1548915.6,2896893.35,0.5987873181454885,0.1103790191974087,-0.000997397725641,0.0221322663408656,0.0382235743148031,0.0089401413167453,3271.60009765625,3083.5,0.6464648300102017,3271.60009765625,2895.60009765625,0.8231382978723404,0.5250781178474426,1,1,0.0,0.1750260392824808,0.1757713764905929,0.3333333333333333,0.5250781178474426,0.0,0.3537787646055221,0.1757713764905929,0.1787044629454612,1.2,1.1,0.5250781178474426,1,0,0,-0.0040800520219961,-0.0005237117205248,0.3144101180027509,0.0039624195141867,0.0327290565497342,0.0003431573062038,1,1
2025-12-17,3217.800048828125,3236.89990234375,3200.5,3200.5,1376350,0.0039624195141867,0.3962419514186743,12.699951171875,36.39990234375,1.1312046053640377,17.300048828125,0.5405420661810654,3213.1,3216.689990234375,3180.439990234375,3095.685986328125,3077.392985839844,3259.815992431641,3213.413215754191,3204.51521683333,3178.73239986318,3131.0828861829764,3301.3732994818365,0.0117468207884648,0.0394465275351918,-0.0128890537690055,67.087542347019,35.430395980654794,36.61950366382885,-1.1891076831740506,0.0061219779316347,0.0075302491732649,0.0073593734529496,0.7359373452949661,1546815.8,2808158.2,0.4901255207060627,-0.206542286133644,0.0089677969691868,0.0118868078075864,0.0222702604262365,0.015335131391214,3271.60009765625,3115.0,0.6564494554389072,3271.60009765625,2943.10009765625,0.8362251177226028,0.4898167967796326,5,1,0.5250781178474426,0.3382983048756917,0.2737347358465195,2.0,-0.03526132106781,0.0,0.0,0.2737347358465195,0.1368673679232597,2.0,1.5,0.4898167967796326,1,0,0,0.001940859633936,0.0043925775856171,0.2400717125721931,0.0195785937733898,0.0314500433949369,0.0029833592423249,1,1
2025-12-18,3280.800048828125,3287.800048828125,3221.0,3228.0,2307422,0.0195785937733898,1.9578593773389883,63.0,66.800048828125,2.0360902168355377,52.800048828125,1.6356892449852851,3230.880029296875,3221.85,3187.239990234375,3101.82798828125,3078.720986328125,3258.0722424316405,3235.8754934455023,3218.385186286929,3188.453128336032,3136.9541474631787,3301.1685905201084,0.029354569746996,0.0576988992371705,0.0069758448264246,73.9072526151237,39.27661511675888,37.15092595441485,2.125689162344024,0.0099351073586531,0.0084503964684368,0.0084113931192194,0.8411393119219464,1625427.8,2788490.95,0.827480541043176,0.6764790932538962,0.0278517964861921,0.0159792203754753,0.0432459927144426,0.0673433524340394,3287.800048828125,3115.0,0.9594907521874456,3287.800048828125,2943.10009765625,0.9796924833432608,0.2507065137227376,3,1,0.4898167967796326,0.4218671427832709,0.2531202856699625,3.0,-0.2391102830568949,0.5250781178474426,0.0,0.2531202856699625,0.1619380192955334,1.8,1.4,0.2507065137227376,1,0,0,0.0049084809885202,0.0069826267979684,0.2074547616183393,0.0003657495592588,-0.0002438578444945,-0.0091746211924745,1,0
2025-12-19,3282.0,3317.89990234375,3278.800048828125,3299.0,3902511,0.0003657495592588,0.0365749559258832,1.199951171875,39.099853515625,1.19134227652727,-17.0,-0.5153076689906032,3243.180029296875,3226.2300048828124,3193.8099853515623,3106.9239892578125,3080.182985839844,3256.4194921875,3251.2503289636684,3229.9515160529418,3197.3623542087907,3142.6422201116816,3300.977858276128,0.027612793200886,0.0563502716344244,0.0078554092535898,75.03372564761469,41.93816051497561,38.108372866527006,3.829787648448601,0.0099407571686841,0.0084478819177065,0.0084207369762015,0.8420736976201523,2176619.2,2774764.65,1.4064295507008135,0.6912862059909284,0.0190964136003726,0.0135260482640282,0.0417063093603975,0.0717084981253373,3317.89990234375,3115.0,0.8230659456753758,3317.89990234375,2943.10009765625,0.9042157922849438,0.0,1,1,0.2507065137227376,0.24684110350079,0.2531202856699625,3.0,-0.2507065137227376,0.4898167967796326,0.5250781178474426,0.2531202856699625,0.1619380192955334,2.0,1.5,0.0,0,0,1,0.0,0.0,0.0,0.0130712682339275,-0.0092931139549055,-0.0200791902327087,1,0
2025-12-22,3324.89990234375,3328.60009765625,3291.0,3310.0,2632816,0.0130712682339275,1.3071268233927569,42.89990234375,37.60009765625,1.1308640488619033,14.89990234375,0.4501481070619335,3262.12001953125,3235.069995117188,3202.994982910156,3112.18798828125,3082.638984375,3255.627741699219,3275.800186757029,3247.214859014907,3209.508787364501,3149.7895801992136,3301.215888565357,0.0380596660575579,0.0683480287384481,0.0212776662876007,78.03795833396649,46.96770355792341,39.88023900480629,7.0874645531171225,0.0107211837627288,0.0091710298901433,0.0086741980556357,0.8674198055635746,2390744.4,2571217.25,1.023957038247157,-0.3253533430142797,0.0293170554774848,0.0273134257202996,0.0584808207141804,0.095374583024947,3328.60009765625,3115.0,0.9826769961573014,3328.60009765625,2943.10009765625,0.9904015685797666,0.0,0,0,0.0,0.0835688379075792,0.2531202856699625,1.3333333333333333,0.0,0.2507065137227376,0.4898167967796326,0.2531202856699625,0.1619380192955334,2.0,1.5,0.0,0,0,1,0.0,0.0,0.0,-0.0044813085450322,-0.0234893848866162,-0.0207825364808473,0,0
2025-12-23,3310.0,3319.89990234375,3293.5,3319.89990234375,2365420,-0.0044813085450322,-0.4481308545032259,-14.89990234375,26.39990234375,0.7975801312311178,-9.89990234375,-0.2981988202945807,3283.1,3245.239990234375,3212.5349853515627,3117.821987304688,3085.178984375,3254.712491455078,3287.2001245046868,3258.6303391940146,3219.0793790440725,3156.072341760029,3301.303292659235,0.0303389737677117,0.0616385455865771,0.0169869101157394,71.10392956056204,49.18438805066944,41.74106881397893,7.443319236690513,0.0097325312701287,0.008667865036765,0.0085402118149728,0.8540211814972822,2516903.8,2552592.25,0.9266736589049818,-0.1015627373884084,0.0327290565497342,0.0316990149375282,0.0611695472604896,0.1192263844253234,3328.60009765625,3117.0,0.9120978777312932,3328.60009765625,2943.10009765625,0.9517507194390402,0.0,1,1,0.0,0.0,0.148104662100474,0.6666666666666666,0.0,0.0,0.2507065137227376,0.148104662100474,0.1619380192955334,2.0,1.6,0.0,0,0,1,-0.0,0.0,0.0,0.0027190332326283,-0.0313595313680136,-0.0043504236688066,1,0
2025-12-24,3319.0,3327.10009765625,3296.10009765625,3304.10009765625,1367708,0.0027190332326283,0.2719033232628343,9.0,31.0,0.9340162699608316,14.89990234375,0.4509519053105923,3303.339990234375,3258.2199951171874,3220.339990234375,3124.05798828125,3087.8329833984376,3253.6472412109374,3297.800083003125,3269.606641158739,3228.5956286589226,3162.461661691008,3301.479379299442,0.0306365197664873,0.0624002539165415,0.0200860000928495,66.76628009484853,51.07854954155982,43.60856495949511,7.469984582064718,0.0098289651377884,0.0080679183626216,0.0081383508927128,0.813835089271288,2515175.4,2495551.3,0.5480584590667401,-0.4217906333758909,0.0314500433949369,0.0406998779679617,0.0493534738613061,0.1448380146250258,3328.60009765625,3120.39990234375,0.9538900641191012,3328.60009765625,2943.10009765625,0.9750970229409858,0.0,0,0,0.0,0.0,0.0501413027445475,0.3333333333333333,0.0,0.0,0.0,0.0501413027445475,0.1619380192955334,1.0,1.5,0.0,0,0,1,0.0,0.0,0.0,-0.0117505272672491,-0.0275987037228834,-0.0346791496403283,0,0
2025-12-26,3280.0,3320.0,3271.800048828125,3313.10009765625,1176664,-0.0117505272672491,-1.1750527267249122,-39.0,48.199951171875,1.4695107064596036,-33.10009765625,-0.9990672385559868,3303.17998046875,3267.0300048828126,3227.5099853515626,3130.4519873046875,3090.264982910156,3252.3119909667967,3291.8667220020834,3271.496342766241,3233.4912830723583,3167.0710082913606,3301.2656541322835,0.0162633159577103,0.0477720192808556,0.0085133311656772,57.01815152973429,48.86937635588629,44.66072723877335,4.208649117112941,0.0091725246847704,0.0094795311321794,0.0084091155862564,0.8409115586256485,2289023.8,2412572.85,0.4877216453795374,-0.1396818619178947,-0.0002438578444945,0.0276011467626411,0.0457182611359676,0.1325575392419729,3328.60009765625,3120.39990234375,0.7665703551175673,3328.60009765625,2943.10009765625,0.8739297077658884,0.0,0,0,0.0,0.0,0.0,0.3333333333333333,0.0,0.0,0.0,0.0,0.1265601428349812,0.4,1.1,0.0,0,0,1,-0.0,-0.0,0.0,-0.0086890243902438,-0.0089329417158917,-0.0220121802353276,0,0
2025-12-29,3251.5,3288.0,3242.89990234375,3280.0,2079473,-0.0086890243902438,-0.8689024390243882,-28.5,45.10009765625,1.3870551332077503,-28.5,-0.8689024390243903,3297.07998046875,3270.1300048828125,3233.2099853515624,3136.085986328125,3092.749982910156,3250.561490478516,3278.411148001389,3267.86064408147,3235.2063989702287,3170.38194914268,3300.770473494152,0.0056569213664756,0.0368019289569949,0.0002887222789765,52.31053882487439,44.30812242003549,44.59020627502578,-0.2820838549902902,0.0099402456783726,0.0098346219990349,0.0087530772179473,0.875307721794739,1924416.2,2435712.0,0.8537433818119712,0.7672615122073931,-0.0092931139549055,0.0096258344977488,0.0363346613545816,0.1257097735537304,3328.60009765625,3120.39990234375,0.6296828754626003,3328.60009765625,2943.10009765625,0.7999997466763943,0.0,0,0,0.0,0.0,0.0,0.0,0.0,0.0,0.0,0.0,0.1265601428349812,0.2,1.1,0.0,0,0,1,-0.0,-0.0,0.0,-0.0014454716813393,-0.0108872527583423,-0.0036598192661079,0,0
2025-12-30,3246.800048828125,3267.5,3239.5,3250.0,2807593,-0.0014454716813393,-0.1445471681339349,-4.699951171875,28.0,0.8623875686495108,-3.199951171875,-0.0984600360576923,3281.460009765625,3271.7900146484376,3238.879992675781,3141.60798828125,3094.473984375,3248.739490966797,3267.8741149436346,3264.031444944498,3236.3105560995523,3173.3787373656387,3300.233454343246,0.0024453070722761,0.0334835093809475,-0.0005969829664904,56.39323313635568,39.85462967117019,43.64309095425466,-3.788461283084473,0.0057293050536242,0.0098344040776587,0.0087557408062082,0.8755740806208248,1959371.6,2488709.3,1.1281321607147932,0.3501464072868463,-0.0234893848866162,0.0051390309910157,0.0361907672236643,0.114130843191629,3328.60009765625,3120.39990234375,0.6071086835180608,3328.60009765625,2955.39990234375,0.7808145605078541,0.0,0,0,0.0,0.0,0.0,0.0,0.0,0.0,0.0,0.0,0.1265601428349812,0.2,1.1,0.0,0,0,1,-0.0,-0.0,0.0,-0.0125046498231092,0.0027719600420876,0.0065294908380719,0,1
2025-12-31,3206.199951171875,3246.0,3198.5,3240.0,3362634,-0.0125046498231092,-1.2504649823109282,-40.60009765625,47.5,1.4815046074290723,-33.800048828125,-1.0432113835841048,3260.7,3271.9,3242.404992675781,3146.48798828125,3095.896984863281,3246.8222412109376,3247.316060353048,3253.51662789493,3233.4428794397736,3174.6658437894125,3299.297797595272,-0.0111661071290258,0.0189773369906433,-0.0125113994611272,52.63484509992674,32.672487907644154,41.44897034493256,-8.776482437288408,0.0066861226900658,0.0103786674737422,0.0093237909145589,0.9323790914558931,2158814.4,2531240.85,1.32845280211087,0.197692827984683,-0.0313595313680136,0.0003431573062038,0.022483018495967,0.104862351931007,3328.60009765625,3139.0,0.3544299396602121,3328.60009765625,2960.5,0.6674813528610408,-0.3353654742240906,2,1,0.0,-0.1117884914080302,-0.0670730948448181,0.6666666666666666,-0.3353654742240906,0.0,0.0,-0.0670730948448181,0.0405157836278279,0.4,1.2,0.3353654742240906,0,1,0,0.0041936278179332,0.0105169041086791,-0.4455172039642338,0.0066121737554534,0.0278835218781969,-0.0042729559542497,1,1
2026-01-01,3227.39990234375,3234.10009765625,3198.199951171875,3215.0,1255735,0.0066121737554534,0.6612173755453421,21.199951171875,35.900146484375,1.1123550712852217,12.39990234375,0.3856890309097978,3242.37998046875,3272.8599853515625,3244.7749877929687,3150.731987304688,3097.847983398437,3245.0827404785155,3240.677341016616,3248.7681323401703,3232.867357811581,3176.7338460856613,3298.5823956524714,-0.0053547890114367,0.0243333661345941,-0.0054491178034363,55.20375852453291,28.3642819139468,38.832032658735415,-10.467750744788615,0.0080844393530036,0.0105215694710576,0.0089159014256436,0.8915901425643696,2136419.8,2396422.0,0.5240041194747836,-0.6265620938823553,-0.0275987037228834,0.0029833592423249,0.0149056296678458,0.0799759094532683,3328.60009765625,3153.10009765625,0.4233607104700854,3328.60009765625,2960.5,0.7250742503007817,-0.8009296655654907,1,1,-0.3353654742240906,-0.3787650465965271,-0.2272590279579162,1.0,-0.4655641913414001,0.0,0.0,-0.2272590279579162,-0.0885588626066844,0.6,0.8,0.8009296655654907,0,1,0,-0.0052958861146162,0.02210462054281,-0.4196904441658779,0.0072194489474961,-0.0072814032072486,-0.0108136281216361,1,0
2026-01-02,3250.699951171875,3254.300048828125,3219.5,3234.0,1184324,0.0072194489474961,0.7219448947496154,23.300048828125,34.800048828125,1.0705401713738485,16.699951171875,0.5163868636943414,3236.519970703125,3269.849975585937,3245.849987792969,3155.611987304688,3099.8849829101564,3243.805240478516,3244.018211068369,3249.119372127753,3234.565700036371,3179.63447765767,3298.105953418834,0.0014942044139888,0.0301329707992412,0.0021255008183975,54.49672285495134,26.524360521539165,36.37049823129617,-9.846137709757002,0.0088639944770626,0.008553405782275,0.0083746191564086,0.8374619156408624,2137951.8,2204342.95,0.5372684862852216,-0.0568678901201288,-0.0089329417158917,-0.0091746211924745,0.0066579958891048,0.0931499494059042,3328.60009765625,3153.10009765625,0.5561245214565527,3328.60009765625,2960.5,0.7883723830002295,0.0,0,0,-0.8009296655654907,-0.3787650465965271,-0.2272590279579162,1.0,0.8009296655654907,-0.3353654742240906,0.0,-0.2272590279579162,-0.1136295139789581,0.6,0.5,0.0,0,0,1,0.0,-0.0,0.0,-0.0106438164196458,-0.0131971276919251,-0.0135355463933661,0,0
2026-01-05,3216.10009765625,3247.0,3191.0,3240.5,2341703,-0.0106438164196458,-1.0643816419645846,-34.599853515625,56.0,1.7412393364500782,-24.39990234375,-0.7529672070282364,3229.439990234375,3263.2599853515626,3244.7449951171875,3158.469990234375,3101.6819848632813,3242.330490722656,3234.712173264329,3243.115867678389,3232.807071238264,3181.06450197134,3297.28997475453,-0.008828088957389,0.018246210222057,-0.0080899813086481,48.04548454236255,22.020452477562685,33.50048908054947,-11.480036602986786,0.0092793087383869,0.009067172057958,0.0087022719342873,0.8702271934287369,2190397.8,2059227.45,1.1371754975391375,0.9772486245318004,-0.0108872527583423,-0.0200791902327087,-0.0068247340648706,0.0624009479159937,3328.60009765625,3153.10009765625,0.358974358974359,3328.60009765625,2960.5,0.6943766091986804,0.0,0,0,0.0,-0.2669765551884969,-0.2272590279579162,0.3333333333333333,0.0,-0.8009296655654907,-0.3353654742240906,-0.2272590279579162,-0.1136295139789581,0.6,0.4,0.0,0,0,1,-0.0,-0.0,0.0,0.0123441279706457,0.0073069865011743,-0.0163241187792194,1,1
2026-01-06,3255.800048828125,3263.199951171875,3205.0,3210.0,2912325,0.0123441279706457,1.2344127970645768,39.699951171875,58.199951171875,1.7875775630884696,45.800048828125,1.4267927983839563,3231.239990234375,3256.35,3245.709997558594,3162.3219921875,3103.8319848632814,3241.120991210937,3241.7414651189283,3245.422082432886,3234.9968786277745,3183.995307730429,3296.877139670685,0.0031087346919844,0.0295599426217702,0.0045290063706332,56.75459772694598,21.40775193855643,31.081941652150867,-9.674189713594435,0.0113582897612509,0.0089349256606517,0.0091495472446941,0.9149547244694196,2211344.2,2077607.45,1.4017686546127854,0.2436782119679565,0.0027719600420876,-0.0207825364808473,0.0059632469730033,0.0633961853714495,3328.60009765625,3153.10009765625,0.5851849069622507,3328.60009765625,2960.5,0.8022275753479716,0.0,0,0,0.0,0.0,-0.2272590279579162,0.0,0.0,0.0,-0.8009296655654907,-0.2272590279579162,-0.1136295139789581,0.6,0.4,0.0,0,0,1,0.0,0.0,0.0,0.0122243529182481,0.0037471438629244,-0.0471466299213459,1,1
2026-01-07,3295.60009765625,3300.60009765625,3223.199951171875,3242.89990234375,1989442,0.0122243529182481,1.2224352918248194,39.800048828125,77.400146484375,2.3485903686985594,52.7001953125,1.625094726926719,3249.12001953125,3254.910009765625,3250.075,3166.53599609375,3106.433986816406,3240.110491943359,3259.694342631369,3254.545357928043,3240.7686137733435,3188.371966158893,3296.8644327849693,0.0140073991080975,0.0407587665896468,0.0171258374832795,59.66701229016113,23.85868558871698,29.63729043946409,-5.778604850747112,0.0094453972515902,0.0099377788147647,0.0092567363034318,0.9256736303431808,1936705.8,2040334.9,0.9750565948756746,-0.3168887400959714,0.0278835218781969,-0.0043504236688066,0.0272106871238593,0.088267359415578,3328.60009765625,3153.10009765625,0.811965811965812,3328.60009765625,2960.5,0.9103504720316128,0.0,0,0,0.0,0.0,-0.1601859331130981,0.0,0.0,0.0,0.0,-0.1601859331130981,-0.1136295139789581,0.2,0.3,0.0,0,0,1,0.0,0.0,0.0,-0.0278250371996635,-0.0312841651296139,-0.0524942331816998,0,0
2026-01-08,3203.89990234375,3286.89990234375,3182.0,3286.89990234375,4159336,-0.0278250371996635,-2.782503719966356,-91.7001953125,104.89990234375,3.2741317001511985,-83.0,-2.5251757724905524,3244.42001953125,3243.4,3250.8099975585938,3169.45599609375,3108.110986328125,3238.644490966797,3241.096195868829,3245.337093276353,3237.257307922906,3188.9809048328093,3295.9394125815743,-0.0144302789920278,0.0108674505317161,-0.0107281267579558,41.08093567450172,18.191923602077168,27.34821707198671,-9.156293469909542,0.0175536984518235,0.0130744386166455,0.0112471358763343,1.1247135876334395,2517426.0,2178959.25,1.9088636008222728,1.0907048308018026,-0.0072814032072486,-0.0346791496403283,0.0046092911692392,0.065409668251432,3328.60009765625,3153.10009765625,0.2894575765669516,3328.60009765625,2960.5,0.6612329197778394,0.0,0,0,0.0,0.0,0.0,0.0,0.0,0.0,0.0,0.0,-0.1136295139789581,0.0,0.3,0.0,0,0,1,-0.0,-0.0,0.0,0.0012173122142555,-0.003558133116272,-0.0166983993354047,1,0
2026-01-09,3207.800048828125,3229.699951171875,3191.0,3191.0,1938673,0.0012173122142555,0.1217312214255583,3.900146484375,38.699951171875,1.206432775821326,16.800048828125,0.5264822572273582,3235.8400390625,3236.1800048828127,3251.6050048828124,3172.459995117188,3109.965986328125,3236.867741699218,3229.997480188594,3238.512176103948,3234.451854675784,3189.7189104796844,3295.062403987013,-0.0134717950024394,0.0111396373052237,-0.0089801917133118,41.4476783287231,13.855960242613037,24.64976570611197,-10.79380546349894,0.0170194423159148,0.0127994324452813,0.0112484063740251,1.1248406374025168,2668295.8,2180174.8,0.8892282398640697,-0.5338984395586219,-0.0131971276919251,-0.0220121802353276,0.0049814051100725,0.0836063898651005,3328.60009765625,3182.0,0.1759893017849232,3328.60009765625,2960.5,0.6718282619394086,0.0,0,0,0.0,0.0,0.0,0.0,0.0,0.0,0.0,0.0,-0.1136295139789581,0.0,0.3,0.0,0,0,1,0.0,-0.0,0.0,0.0099133513136961,-0.0003429445849194,-0.0141218430508703,1,0
2026-01-12,3239.60009765625,3252.0,3174.300048828125,3203.0,2228342,0.0099133513136961,0.9913351313696196,31.800048828125,77.699951171875,2.398442672849914,36.60009765625,1.1426817875819544,3240.5400390625,3234.9900146484374,3252.560009765625,3176.54599609375,3112.249987792969,3235.1752416992185,3233.198352677813,3238.709980022548,3234.9421635310664,3191.675035467001,3294.5105402424283,-0.0039845266714415,0.0198498940799341,0.0013677330056183,39.91012949208147,12.837691303480824,22.287350825585747,-9.449659522104923,0.0170543327719851,0.0130917912023341,0.0112889356566401,1.128893565664015,2645623.6,2234264.2,0.9973493734536856,0.1494161212334417,0.0073069865011743,-0.0036598192661079,0.0059307864170936,0.0908478834912092,3328.60009765625,3174.300048828125,0.4232017379389348,3328.60009765625,2960.5,0.7582179397216228,-0.5837990999221802,5,1,0.0,-0.19459969997406,-0.116759819984436,1.6666666666666667,-0.5837990999221802,0.0,0.0,-0.116759819984436,-0.1720094239711761,1.0,0.8,0.5837990999221802,0,1,0,-0.0057874055741482,-0.004265812142529,-0.5822516665302119,0.0087664839756909,-0.0234596856738532,-0.0251883242364652,1,0
2026-01-13,3268.0,3280.0,3210.5,3245.0,5645341,0.0087664839756909,0.8766483975690909,28.39990234375,69.5,2.126682986536108,23.0,0.7087827426810477,3242.980029296875,3237.110009765625,3254.4500122070312,3180.74599609375,3114.76798828125,3233.3704919433594,3244.7989017852096,3244.035438200266,3238.09052890906,3194.6681713310404,3294.2467537723546,0.0041635261694432,0.027431930752536,0.0107100340474212,45.185696791136166,14.15912304749736,20.66170526996808,-6.502582222470714,0.016557348857685,0.0133865075997478,0.0114325994653263,1.1432599465326378,3192226.8,2438421.75,2.3151618459768084,1.5334266463585933,0.0037471438629244,0.0065294908380719,0.0117020770848601,0.1000774409111384,3328.60009765625,3174.300048828125,0.6072580785521817,3328.60009765625,2960.5,0.8353706015236069,-0.0091167092323303,2,1,-0.5837990999221802,-0.1976386030515035,-0.118583161830902,2.333333333333333,0.5746823906898498,0.0,0.0,-0.118583161830902,-0.1729210948944091,1.4,1.0,0.0091167092323303,0,1,0,-7.992148539625693e-05,-3.4161621049992765e-05,-0.0211066573755556,-0.0231028151774785,-0.0507037794283583,-0.0207772038995562,0,0
2026-01-14,3192.5,3260.0,3183.0,3260.0,3539511,-0.0231028151774785,-2.3102815177478586,-75.5,77.0,2.411902897415818,-67.5,-2.070552147239264,3222.360009765625,3235.7400146484374,3253.8200073242188,3184.2599951171874,3115.706987304688,3231.04424194336,3227.365934523473,3234.6653585274903,3233.748573774864,3194.583145004333,3293.2343482621823,-0.0188455437566275,0.002587729926403,-0.0119293451457589,37.41794799568736,9.010283268051808,18.33142086958482,-9.321137601533014,0.017972196999045,0.0148864316305875,0.0124915634101006,1.249156341010061,3502240.6,2528666.15,1.3997541747454485,-0.3730208680042534,-0.0312841651296139,-0.0042729559542497,-0.0039312649441007,0.0777462874297247,3328.60009765625,3174.300048828125,0.1179516877026263,3328.60009765625,2960.5,0.630263348141388,0.9497962594032288,1,1,-0.0091167092323303,0.1189601500829061,0.0713760900497436,2.6666666666666665,0.9589129686355592,-0.5837990999221802,0.0,0.0713760900497436,-0.0444049215316772,1.6,0.9,0.9497962594032288,1,0,0,-0.0219429674372533,-0.0297135830186602,1.32948127925728,0.0,-0.0218950359729835,-0.0150665928445575,0,0
2026-01-15,3192.5,3192.5,3192.5,3192.5,0,0.0,0.0,0.0,0.0,0.0,0.0,0.0,3220.080029296875,3232.2500244140624,3252.5550048828127,3188.30599609375,3116.605986328125,3228.8277416992187,3215.7439563489825,3226.9989297043103,3229.820138177258,3194.5014530433787,3292.2320164386783,-0.0184639475097751,0.0013154333089071,-0.0112510621827414,40.56502446143769,4.873610697055028,15.639858835078863,-10.766248138023837,0.013306881985175,0.0146894878910891,0.0124547349530003,1.2454734953000324,2670373.4,2459848.65,0.0,-1.0,-0.003558133116272,-0.0108136281216361,-0.0078625298167108,0.0588020866606926,3328.60009765625,3174.300048828125,0.1179516877026263,3328.60009765625,2960.5,0.630263348141388,0.0,0,0,0.9497962594032288,0.3135598500569661,0.0713760900497436,1.0,-0.9497962594032288,-0.0091167092323303,-0.5837990999221802,0.0713760900497436,0.0356880450248718,1.6,0.8,0.0,0,0,1,0.0,-0.0,0.0,0.0044479095291698,-0.0131871879894283,-0.021487892766249,1,0
2026-01-19,3163.60009765625,3220.0,3152.10009765625,3188.0,3387562,-0.0134405632494161,-1.3440563249416115,-43.099853515625,67.89990234375,2.1462858846809865,-24.39990234375,-0.7653670747725847,3204.660009765625,3222.6000244140623,3242.9300048828127,3195.657998046875,3118.3629858398435,3224.3924926757813,3196.352891189826,3212.4521865750444,3221.52125199112,3193.749247955761,3290.109499834468,-0.0244624173531705,-0.0100317056487954,-0.0188539066374895,41.47192057772935,-2.4544543904366947,9.952194428860738,-12.406648819297432,0.01324929849618,0.0147683595856471,0.0119292812602857,1.1929281260285711,3373176.8,2533403.6,1.3371584377633314,-0.2109966996392195,-0.0234596856738532,-0.0163241187792194,-0.0360755339255789,0.0294156409998325,3328.60009765625,3152.10009765625,0.065155807365439,3328.60009765625,2992.0,0.5098040637869783,0.0,0,0,0.0,0.0,0.1881359100341796,0.0,0.0,0.0,0.9497962594032288,0.1881359100341796,0.0356880450248718,0.6,0.8,0.0,0,0,1,-0.0,-0.0,0.0,-0.0193766743380552,-0.0017701661029783,0.0195030817003658,0,0
2026-01-20,3102.300048828125,3160.0,3091.10009765625,3151.60009765625,4499273,-0.0193766743380552,-1.9376674338055235,-61.300048828125,68.89990234375,2.2209296734458848,-49.300048828125,-1.5642863085576104,3171.52001953125,3207.2500244140624,3231.800012207031,3197.2,3117.813986816406,3222.149992675781,3165.001943735926,3192.4245251665134,3210.166851689882,3190.1630048527168,3288.240749078186,-0.0400705374372683,-0.0296822066720489,-0.0371956439396319,39.78368708517699,-11.362621512163969,5.689231240655797,-17.051852752819766,0.0120390189728242,0.0148598970488404,0.0120111901795509,1.2011190179550957,3143963.2,2626726.45,1.7128822074335146,0.3281743625651723,-0.0507037794283583,-0.0471466299213459,-0.0669493398459041,0.0127644614388595,3327.10009765625,3091.10009765625,0.0474574202198093,3328.60009765625,3018.0,0.2714102457283264,0.0,0,0,0.0,0.0,0.1899592518806457,0.0,0.0,0.0,0.0,0.1899592518806457,0.0356880450248718,0.2,0.8,0.0,0,0,1,-0.0,-0.0,0.0,0.0065435478543711,0.0315250128255868,-0.0332656253578238,1,1
2026-01-21,3122.60009765625,3138.5,3082.0,3100.0,2015150,0.0065435478543711,0.6543547854371168,20.300048828125,56.5,1.8093895546345355,22.60009765625,0.729035408266129,3157.5400390625,3189.9500244140627,3222.430017089844,3198.712001953125,3118.10298828125,3220.043243408203,3150.867995042701,3179.7291747101017,3201.8271608295363,3187.5134790803063,3286.592583392396,-0.0309797013136531,-0.0237945473835722,-0.0302614401068775,39.67693217836307,-16.593089048456477,1.2327671828333426,-17.82585623128982,0.0114393316048695,0.0142357365417375,0.0122098049463179,1.2209804946317986,2839091.0,2609212.95,0.7723210173397307,-0.5521165308262024,-0.0218950359729835,-0.0524942331816998,-0.056616284695997,0.0122208812298438,3327.10009765625,3082.0,0.1656470072614624,3328.60009765625,3057.10009765625,0.2412523020257826,0.0,0,0,0.0,0.0,0.0,0.0,0.0,0.0,0.0,0.0,0.0356880450248718,0.0,0.8,0.0,0,0,1,0.0,-0.0,0.0,0.0089027745526446,0.0069812989194044,-0.0419842738603161,1,1
2026-01-22,3150.39990234375,3160.0,3122.300048828125,3150.0,2269827,0.0089027745526446,0.8902774552644654,27.7998046875,37.699951171875,1.1966719254856504,0.39990234375,0.0126953125,3149.12001953125,3184.6000244140623,3214.0000122070314,3199.0839990234376,3118.759987792969,3218.779493408203,3150.711964143051,3174.396579734401,3196.9293266880327,3186.058044698481,3285.237432337185,-0.0197884597454023,-0.0152181364085935,-0.0212439501383952,40.20698325340717,-18.28429043032702,-2.67064433979873,-15.613646090528288,0.0128895766638136,0.0123930977415998,0.0124341789932001,1.243417899320018,3293056.4,2654318.9,0.8551447981627227,0.1263811626926034,-0.0131871879894283,-0.0166983993354047,-0.0507984626864266,0.0302495186088671,3320.0,3082.0,0.2873945476628151,3328.60009765625,3077.300048828125,0.2908867461686056,0.0,0,0,0.0,0.0,0.0,0.0,0.0,0.0,0.0,0.0,0.0356880450248718,0.0,0.8,0.0,0,0,1,0.0,-0.0,0.0,0.0038408132400105,-0.0084116305299163,-0.0662772381792428,1,0
2026-01-23,3162.5,3194.5,3152.0,3190.300048828125,2068857,0.0038408132400105,0.384081324001051,12.10009765625,42.5,1.3438735177865613,-27.800048828125,-0.8713929223784651,3140.280029296875,3180.07001953125,3208.1250122070314,3200.22,3119.2589868164064,3218.0949938964845,3154.641309428701,3172.2335652372367,3193.6503431939345,3185.1341998083444,3284.016164353731,-0.01422170645889,-0.0117866896650854,-0.0172757466768157,44.52613490960915,-18.43568782040757,-5.823653035920497,-12.612034784487069,0.0128093791493102,0.0124870790306201,0.0123137959911309,1.2313795991130914,2848133.8,2698928.55,0.7665475249428149,-0.0885397873934885,-0.0137836254856716,-0.0141218430508703,-0.0358231707317072,0.034307920916198,3300.60009765625,3082.0,0.3682523514998,3328.60009765625,3077.300048828125,0.3390367473829937,0.0,0,0,0.0,0.0,0.0,0.0,0.0,0.0,0.0,0.0,0.0356880450248718,0.0,0.8,0.0,0,0,1,0.0,-0.0,0.0,-0.0014229249011857,0.0022450901679842,-0.0677628612895256,0,1
2026-01-27,3158.0,3175.0,3130.0,3175.0,4279874,-0.0014229249011857,-0.1422924901185784,-4.5,45.0,1.424952501583281,-17.0,-0.5354330708661417,3139.160009765625,3171.910009765625,3203.4500122070312,3201.26,3119.723986816406,3217.514743652344,3155.760872952468,3169.645644285012,3190.2550724135594,3184.0701135413506,3282.762272171107,-0.0141878325036569,-0.0135134290872969,-0.0184971160644274,39.23855443436923,-18.70318505969726,-8.399559440675851,-10.30362561902141,0.0113341516450968,0.0118491616061277,0.012204994420594,1.2204994420594086,3026596.2,2808948.6,1.523656929856246,1.068714270730167,-0.0017701661029783,-0.0251883242364652,-0.0287559587882515,0.0404243235258561,3300.60009765625,3082.0,0.3476668163227926,3328.60009765625,3078.0,0.3192337143848068,-0.0045799612998961,2,1,0.0,-0.001526653766632,-0.0009159922599792,0.6666666666666666,-0.0045799612998961,0.0,0.0,-0.0009159922599792,0.0936099588871002,0.4,0.5,0.0045799612998961,0,1,0,6.516940980089376e-06,8.107292246028554e-06,-0.0069782897730601,0.0133312532160385,0.0213109717631807,-0.0549081388042274,1,1
2026-01-28,3200.10009765625,3205.199951171875,3170.60009765625,3176.0,2751234,0.0133312532160385,1.3331253216038563,42.10009765625,34.599853515625,1.0812116015047748,24.10009765625,0.7588191957257556,3158.72001953125,3165.12001953125,3201.1150146484374,3203.2180029296874,3120.749987792969,3217.050494384765,3170.540614520395,3175.182817625236,3191.192693865244,3184.6987403693856,3281.939762971954,-0.0003170510861194,-0.0009733665553158,-0.0052689246743567,39.544563262705246,-15.34120861009842,-9.787889274560364,-5.553319335538054,0.0055214330754676,0.0124055996859761,0.012640716547621,1.2640716547621036,2676988.4,2806130.65,0.9804368873559042,-0.3571693933045692,0.0315250128255868,-0.0207772038995562,-0.0143833776239872,0.0464683118561968,3300.60009765625,3082.0,0.5402563810468334,3328.60009765625,3078.0,0.4872308462694041,0.0,0,0,-0.0045799612998961,-0.001526653766632,-0.0009159922599792,0.6666666666666666,0.0045799612998961,0.0,0.0,-0.0009159922599792,0.0945216298103332,0.4,0.3,0.0,0,0,1,0.0,0.0,0.0,-0.017405766573769,-0.0628105352539478,-0.0907159276176206,0,0
2026-01-29,3144.39990234375,3200.10009765625,3125.60009765625,3200.10009765625,2457641,-0.017405766573769,-1.740576657376902,-55.7001953125,74.5,2.369291512331804,-55.7001953125,-1.740576657376898,3163.07998046875,3160.310009765625,3198.025012207031,3204.3639990234374,3121.236987304688,3216.539493408204,3161.827043794847,3169.5859239376928,3186.736237529864,3183.118393780145,3280.571207144808,-0.0167681958892101,-0.0187132600097748,-0.0224277025705085,42.92845586204175,-16.975673312861545,-11.225446082220602,-5.750227230640943,0.0118976640782117,0.0114220477936497,0.0129269436987996,1.292694369879963,2765486.6,2760881.0,0.890165494275197,-0.1067132057832958,0.0069812989194044,-0.0150665928445575,-0.0192751699112018,0.0422964238432677,3300.60009765625,3082.0,0.285452307719799,3328.60009765625,3082.0,0.2530408663127652,-0.9262295365333556,1,1,0.0,-0.3102698326110839,-0.1861618995666503,1.0,-0.9262295365333556,-0.0045799612998961,0.0,-0.1861618995666503,-0.0930809497833251,0.6,0.3,0.9262295365333556,0,1,0,0.0161217351066298,-0.0064662852625208,-0.8244975732005011,-0.0065195269802418,-0.0486260994442159,-0.1253974739006955,0,0
2026-01-30,3123.89990234375,3141.0,3092.0,3141.0,3022068,-0.0065195269802418,-0.651952698024183,-20.5,49.0,1.5685521793843988,-17.10009765625,-0.5444157165313595,3157.77998046875,3153.45,3192.850012207032,3203.887998046875,3121.992985839844,3216.001492919922,3149.184663311148,3161.279374556976,3180.751824654996,3180.796099998326,3279.012288689076,-0.0215951609376164,-0.0249659462977128,-0.0286385409891553,40.407027542163526,-19.69810949522161,-12.919978764820804,-6.778130730400811,0.0114738171905996,0.0115152649023517,0.0128590077060411,1.2859007706041106,2915934.8,2849197.65,1.0606733443009824,0.2296621028050882,-0.0084116305299163,-0.021487892766249,-0.0320691588063932,0.0447127126463491,3300.60009765625,3082.0,0.1916737585800984,3328.60009765625,3082.0,0.1699103234020477,0.0,0,0,-0.9262295365333556,-0.3087431788444518,-0.1861618995666503,0.3333333333333333,0.9262295365333556,0.0,-0.0045799612998961,-0.1861618995666503,-0.0930809497833251,0.6,0.3,0.0,0,0,1,-0.0,-0.0,0.0,0.0146292124399416,-0.0583564808048833,-0.1381926325001597,1,0
2026-02-02,3169.60009765625,3198.0,3134.0,3198.0,2636272,0.0146292124399416,1.462921243994164,45.7001953125,64.0,2.019182168984806,-28.39990234375,-0.8880519807301439,3159.2,3149.7400146484374,3188.79501953125,3204.3839990234374,3123.498986816406,3215.608493652344,3155.9898080928488,3162.792233302298,3179.68975541702,3180.3570410829507,3277.9236101713363,-0.0060194906720036,-0.0108550976967142,-0.0143078350759786,42.24291115925624,-17.960992809802974,-13.92818157381724,-4.032811235985735,0.0135817990264225,0.0125620211551388,0.0132264396201922,1.3226439620192298,3029417.8,2921795.05,0.9022782073643392,-0.1276596026297224,0.0022450901679842,-0.0115694807997446,-0.0249484279489986,0.0527085590553721,3300.60009765625,3082.0,0.4007321981804495,3328.60009765625,3082.0,0.3552313988876062,0.0,0,0,0.0,-0.3087431788444518,-0.1861618995666503,0.3333333333333333,0.0,-0.9262295365333556,0.0,-0.1861618995666503,-0.0930809497833251,0.6,0.3,0.0,0,0,1,0.0,0.0,0.0,0.0175731794093085,-0.0698511293737302,-0.1460752100374945,1,0
2026-02-03,3225.300048828125,3350.0,3186.300048828125,3350.0,4366060,0.0175731794093085,1.757317940930858,55.699951171875,163.699951171875,5.075495262257955,-124.699951171875,-3.722386602145522,3172.660009765625,3155.910009765625,3189.255017089844,3205.877998046875,3125.25798828125,3215.365993652344,3179.0932216712745,3174.1572906706297,3184.0335928847444,3182.119511974918,3277.399992645533,0.0113020224300444,0.0060582626017218,0.0030895565840382,45.53814739963581,-11.952019326777643,-13.53294912440932,1.5809297976316756,0.0154323813338583,0.012995481085087,0.013661462525114,1.3661462525114003,3046655.0,3023012.9,1.4442743529146038,0.6561492896028938,0.0213109717631807,0.0195030817003658,0.0028605922989086,0.0780466595992805,3350.0,3082.0,0.5347016747318097,3350.0,3082.0,0.5347016747318097,0.0,0,0,0.0,0.0,-0.1852459073066711,0.0,0.0,0.0,-0.9262295365333556,-0.1852459073066711,-0.0930809497833251,0.2,0.3,0.0,0,0,1,0.0,0.0,0.0,-0.0701329946818628,-0.0746287004396166,-0.1574737664078461,0,0
2026-02-04,2999.10009765625,3120.0,2986.0,3120.0,10852595,-0.0701329946818628,-7.013299468186284,-226.199951171875,134.0,4.468006923300724,-120.89990234375,-3.874996869991988,3132.460009765625,3145.5900146484373,3176.42001953125,3203.0360009765627,3124.1489892578124,3213.8669946289065,3119.095513666267,3142.328710122561,3166.420879053459,3174.942280040853,3274.6308394615608,-0.0558238270709449,-0.0636695632700148,-0.0668250731382413,34.63129034410936,-25.15236932014932,-15.856833163557322,-9.295536156591997,0.0354319841129416,0.0258403269067237,0.0205330144743614,2.0533014474361417,4666927.2,3420026.4,3.173248896558225,1.4856724369339864,-0.0628105352539478,-0.0332656253578238,-0.0788438931513224,-0.0086274804762953,3350.0,2986.0,0.035989279275412,3350.0,2986.0,0.035989279275412,0.0,0,0,0.0,0.0,-0.1852459073066711,0.0,0.0,0.0,0.0,-0.1852459073066711,-0.0930809497833251,0.2,0.3,0.0,0,0,1,-0.0,-0.0,0.0,-0.0025341260407377,-0.0297756146578473,-0.1014304909496778,0,0
2026-02-05,2991.5,3029.699951171875,2972.300048828125,2990.0,3521545,-0.0025341260407377,-0.2534126040737772,-7.60009765625,57.39990234375,1.91876658344476,1.5,0.0501672240802675,3101.880029296875,3132.4800048828124,3161.2150146484373,3200.482001953125,3122.821989746093,3212.216494140625,3076.5636757775114,3114.9053082820947,3149.7617477150343,3167.74846513729,3271.8136171783613,-0.0536866406941672,-0.0652970402038166,-0.0687115873239652,34.217972084863376,-35.81416278246206,-19.84829908733827,-15.965863695123794,0.0355277687218891,0.0256237752668699,0.0201856007529295,2.018560075292952,4879708.0,3496631.55,1.007124985759509,-0.6755112486921331,-0.0486260994442159,-0.0419842738603161,-0.0922745747800282,-0.0182146373482113,3350.0,2972.300048828125,0.0508338725284556,3350.0,2972.300048828125,0.0508338725284556,0.0,0,0,0.0,0.0,0.0,0.0,0.0,0.0,0.0,0.0,-0.0930809497833251,0.0,0.3,0.0,0,0,1,-0.0,-0.0,0.0,-0.0166805623746448,-0.0806952707149423,-0.1048303853104629,0,0
2026-02-06,2941.60009765625,2985.0,2916.0,2976.60009765625,4687389,-0.0166805623746448,-1.668056237464488,-49.89990234375,69.0,2.345662146767552,-35.0,-1.1758381660861568,3065.420068359375,3111.6000244140623,3148.1000244140623,3196.056005859375,3120.9039916992188,3210.352495117188,3031.575816403758,3083.3952699864863,3129.936828661817,3158.8799017066613,3268.527910516449,-0.0655950970923317,-0.079615597391481,-0.0837142955079539,30.28998087172512,-47.73990015178151,-25.42661930022692,-22.313280851554595,0.0356125452887462,0.0254720001207044,0.0196585342210292,1.9658534221029245,5212772.2,3523034.2,1.3304977283501818,0.3310603726489367,-0.0583564808048833,-0.0662772381792428,-0.0818689137246827,-0.060731830961892,3350.0,2916.0,0.0589864001296083,3350.0,2916.0,0.0589864001296083,0.0,0,0,0.0,0.0,0.0,0.0,0.0,0.0,0.0,0.0,-0.0930809497833251,0.0,0.3,0.0,0,0,1,-0.0,-0.0,0.0,0.0022436270385235,-0.0847838381169102,-0.0868235443314907,1,0
2026-02-09,2948.199951171875,2977.0,2937.5,2959.10009765625,2380318,0.0022436270385235,0.2243627038523543,6.599853515625,39.5,1.339800578461417,-10.900146484375,-0.3683601812932398,3021.1400390625,3090.17001953125,3135.12001953125,3192.2880029296875,3119.2669921875,3208.028494873047,3003.783861326464,3058.814302929284,3112.628554615156,3150.61794286216,3265.3405676373995,-0.0596213437427899,-0.0764617890158417,-0.0809932156514258,33.06603272020536,-56.0128980934287,-31.54387505886728,-24.469023034561424,0.0337277401936578,0.0254046494549205,0.0196744023918215,1.96744023918215,5161581.4,3545116.45,0.6714357718771128,-0.4921868016501297,-0.0698511293737302,-0.0677628612895256,-0.0809277678485874,-0.0507132055498698,3350.0,2916.0,0.0741934358798963,3350.0,2916.0,0.0741934358798963,0.7397122979164124,1,1,0.0,0.2465707659721374,0.1479424595832824,0.3333333333333333,0.7397122979164124,0.0,0.0,0.1479424595832824,-0.0191097199916839,0.2,0.4,0.7397122979164124,1,0,0,0.0016596385123336,-0.0516697394210986,0.4966692977184991,0.0123465664090749,-0.0819482591130197,-0.092225733276901,1,0
2026-02-10,2984.60009765625,3011.60009765625,2943.5,2949.800048828125,3547763,0.0123465664090749,1.2346566409074944,36.400146484375,68.10009765625,2.281715989680752,34.800048828125,1.179742635164377,2973.000048828125,3072.830029296875,3122.37001953125,3189.2300048828124,3117.655993652344,3205.943494873047,2997.3892734363926,3045.32081106146,3100.435368238117,3144.107439128595,3262.5471301251496,-0.0441235090694609,-0.064162793813324,-0.0690415777978525,40.36983428729634,-58.9525526233906,-37.02561057177194,-21.92694205161866,0.0325692915627944,0.0260859820176128,0.0197723838004783,1.977238380047832,4997922.0,3611087.5,0.9824638699560728,0.4904575775169535,-0.0746287004396166,-0.0549081388042274,-0.0787134190372708,-0.0390856092542659,3350.0,2916.0,0.1580647411434332,3350.0,2916.0,0.1580647411434332,0.0,0,0,0.7397122979164124,0.2465707659721374,0.1479424595832824,0.3333333333333333,-0.7397122979164124,0.0,0.0,0.1479424595832824,-0.0186517238616943,0.2,0.2,0.0,0,0,1,0.0,-0.0,0.0,-0.0250620003955853,-0.0895262971821005,-0.1376734346444091,0,0
2026-02-11,2909.800048828125,2998.0,2904.199951171875,2980.0,3363513,-0.0250620003955853,-2.506200039558537,-74.800048828125,93.800048828125,3.2235908740843366,-70.199951171875,-2.3557030594588926,2955.1400390625,3043.8000244140626,3104.460021972656,3184.7580078125,3115.025993652344,3203.252495117188,2968.192865233637,3020.6806724735807,3082.279623532403,3134.9189140187727,3259.037208918214,-0.0627033273956735,-0.0863355891750262,-0.0916107758399879,34.014427617807144,-66.5508322599535,-42.930654909408254,-23.62017735054524,0.0149497557065567,0.0258611029490696,0.0200764329403196,2.00764329403196,3500105.6,3496996.1,0.9618292110763292,-0.051934134269961,-0.0297756146578473,-0.0907159276176206,-0.1096083081921281,-0.0620204710760406,3350.0,2904.199951171875,0.0125619045376306,3350.0,2904.199951171875,0.0125619045376306,-0.0519038140773772,2,1,0.0,0.2292694946130117,0.137561696767807,1.0,-0.0519038140773772,0.7397122979164124,0.0,0.137561696767807,-0.023842105269432,0.6,0.4,0.0519038140773772,0,1,0,0.0013008134089396,0.0015454679672405,-0.0499226045458961,-0.0548834794460161,-0.0738539222208489,-0.0963983762777676,0,0
2026-02-12,2750.10009765625,2880.0,2740.0,2869.800048828125,10612156,-0.0548834794460161,-5.488347944601612,-159.699951171875,140.0,5.090723792901715,-119.699951171875,-4.171020598482259,2906.86005859375,3004.3700439453123,3082.3400268554688,3177.046010742188,3110.7599951171874,3199.785495605469,2895.4952760411747,2971.4842043249746,3050.6434782108645,3119.827980043772,3253.9731580598864,-0.107788214896642,-0.1343845545964249,-0.1405361073630745,24.902848928016667,-84.48508355290915,-51.24154063810843,-33.24354291480071,0.0261248770753434,0.0296306665969559,0.0226306584235004,2.2630658423500467,4918227.8,3850628.35,2.7559543626172074,2.155081012025225,-0.0806952707149423,-0.1253974739006955,-0.1385747540622552,-0.1091639368143109,3350.0,2740.0,0.0165575371413934,3350.0,2740.0,0.0165575371413934,-0.954838752746582,1,1,-0.0519038140773772,-0.3355808556079864,-0.0534060537815093,1.0,-0.9029349386692048,0.0,0.7397122979164124,-0.0534060537815093,-0.0267030268907547,0.8,0.4,0.954838752746582,0,1,0,0.0524048730606267,0.0770509716420033,-2.631492026227916,-0.0210538323800358,-0.0262536608663924,-0.0372350615789019,0,0
2026-02-13,2692.199951171875,2713.0,2585.0,2585.0,11168735,-0.0210538323800358,-2.1053832380035886,-57.900146484375,128.0,4.754475979552837,107.199951171875,4.147000045333655,2856.980029296875,2961.200048828125,3057.3250244140627,3167.290009765625,3105.9899951171874,3195.8839953613283,2827.7301677514083,2920.705249206229,3016.5059994452463,3103.0582534213445,3248.383374906772,-0.1194263188658405,-0.1499989129915218,-0.1576039821597174,22.115513501260367,-102.19215726491392,-61.43166396346953,-40.7604933014444,0.0262093897331507,0.0296392741113996,0.0227683477225312,2.2768347722531246,6214497.0,4409065.1,2.5331299825897333,0.0524473066547457,-0.0847838381169102,-0.1381926325001597,-0.1567110567981597,-0.1447088372671668,3350.0,2585.0,0.1401306551266339,3350.0,2585.0,0.1401306551266339,0.0,0,0,-0.954838752746582,-0.3355808556079864,-0.0534060537815093,1.0,0.954838752746582,-0.0519038140773772,0.0,-0.0534060537815093,-0.0267030268907547,0.8,0.4,0.0,0,0,1,-0.0,-0.0,0.0,0.0053488398876564,-0.0022286606154153,-0.0203551184243471,1,0
2026-02-16,2706.60009765625,2719.800048828125,2671.0,2700.0,2918730,0.0053488398876564,0.5348839887656442,14.400146484375,48.800048828125,1.803001812878928,6.60009765625,0.2444480613425926,2808.66005859375,2914.900048828125,3032.320031738281,3156.8380126953125,3102.3179956054687,3192.14849609375,2787.353477719689,2881.777039833505,2986.991151655818,3087.51087476389,3242.9924965261703,-0.1074160809785343,-0.142623065620858,-0.1521070836872621,23.546674831388017,-113.7519080916354,-71.8957127891027,-41.85619530253271,0.026817455507489,0.0287632387826515,0.0227956312149029,2.279563121490292,6322179.4,4340328.1,0.6724675952493085,-0.7386695986609048,-0.0819482591130197,-0.1460752100374945,-0.1559546764993917,-0.1393411168812355,3350.0,2585.0,0.1589543760212418,3350.0,2585.0,0.1589543760212418,0.0,0,0,0.0,-0.3182795842488606,-0.2013485133647918,0.3333333333333333,0.0,-0.954838752746582,-0.0519038140773772,-0.2013485133647918,-0.0267030268907547,0.6,0.4,0.0,0,0,1,0.0,-0.0,0.0,0.0039901737596375,-0.0111948746526547,-0.0343974337904107,1,0
2026-02-17,2717.39990234375,2760.0,2695.199951171875,2716.0,4209118,0.0039901737596375,0.3990173759637505,10.7998046875,64.800048828125,2.384634251743188,1.39990234375,0.0515427961616347,2755.22001953125,2864.110034179688,3010.0100219726564,3146.42201171875,3098.867995605469,3188.580495605469,2764.035619261043,2851.8902875626404,2961.3157945784783,3072.9967189827084,3237.762719469629,-0.0972123406543144,-0.1363523735141442,-0.1477712712321688,20.63511583529976,-120.65085200540123,-81.64674063236242,-39.004111373038825,0.024737489492896,0.0273239395488203,0.0229171153913215,2.291711539132152,6454450.4,4381405.9,0.960677484822851,0.4421059844521418,-0.0895262971821005,-0.1574737664078461,-0.1410419084393969,-0.1374976772313186,3350.0,2585.0,0.1730717677696078,3350.0,2585.0,0.1730717677696078,0.0,0,0,0.0,0.0,-0.2013485133647918,0.0,0.0,0.0,-0.954838752746582,-0.2013485133647918,-0.0267030268907547,0.6,0.4,0.0,0,0,1,0.0,-0.0,0.0,-0.0082799738016453,-0.0528814147111487,-0.047692595191398,0,0
2026-02-18,2694.89990234375,2730.0,2657.300048828125,2730.0,2950820,-0.0082799738016453,-0.8279973801645357,-22.5,72.699951171875,2.697686511793925,-35.10009765625,-1.2857178628663004,2712.239990234375,2833.6900146484377,2989.640014648437,3135.590009765625,3095.4629956054687,3184.783494873047,2740.990380288612,2823.346581159206,2935.942852460885,3058.1693928400045,3232.3610993987245,-0.098587157938929,-0.1405445565425867,-0.1538200613378979,21.50374738896201,-126.47594080387488,-90.61258066666493,-35.863360137209966,0.0247345840472681,0.0198477791707249,0.0227434247639748,2.2743424763974884,6371911.8,4303983.25,0.6856021105565409,-0.2989457648847098,-0.0738539222208489,-0.1014304909496778,-0.1313219675957094,-0.1420794778319112,3350.0,2585.0,0.1436600030637254,3350.0,2585.0,0.1436600030637254,0.0,0,0,0.0,0.0,-0.1909677505493164,0.0,0.0,0.0,0.0,-0.1909677505493164,-0.0267030268907547,0.2,0.4,0.0,0,0,1,-0.0,-0.0,0.0,-0.0063082120360815,-0.0243422226772033,-0.043081323137328,0,0
2026-02-19,2677.89990234375,2748.699951171875,2666.60009765625,2708.0,3238849,-0.0063082120360815,-0.6308212036081562,-17.0,82.099853515625,3.0658298110310103,-30.10009765625,-1.1115250242337518,2697.799951171875,2802.3300048828123,2967.4050048828126,3124.9820068359377,3092.6679956054686,3180.8729943847657,2719.960220973658,2796.9017304654867,2911.3673334021105,3043.256863800936,3226.8440725623564,-0.097561708652067,-0.1430670971910206,-0.1581242297095546,21.599599524902217,-130.95456090747757,-98.68097671482748,-32.273584192650105,0.0106978657687387,0.0197158400195062,0.0225282664364435,2.2528266436443576,4897250.4,4365168.2,0.7419757616670991,0.0976098169322425,-0.0262536608663924,-0.1048303853104629,-0.1424134315650221,-0.1414786021211399,3350.0,2585.0,0.1214377808415032,3350.0,2585.0,0.1214377808415032,0.0,0,0,0.0,0.0,0.0,0.0,0.0,0.0,0.0,0.0,-0.0267030268907547,0.0,0.4,0.0,0,0,1,-0.0,-0.0,0.0,0.0030994619406277,-0.011277475735909,-0.0449231894673177,1,0
2026-02-20,2686.199951171875,2702.60009765625,2647.5,2667.0,2293482,0.0030994619406277,0.3099461940627712,8.300048828125,55.10009765625,2.0512284512629884,19.199951171875,0.7199081804227596,2696.599951171875,2776.789990234375,2944.1950073242188,3114.9220068359373,3090.538994140625,3177.078493652344,2708.706797706397,2776.7741342302843,2889.9228208087548,3029.254631933129,3221.4645290659337,-0.0876283858611723,-0.137634924637984,-0.1545062684038878,17.67851598552916,-132.30897947634776,-105.40657726713152,-26.90240220921624,0.0063554207868904,0.0200534251071034,0.0223438000855119,2.2343800085511947,3122199.8,4366350.95,0.5252628628030919,-0.2918836290299424,-0.0022286606154153,-0.0868235443314907,-0.1473463577835093,-0.1507161041734624,3350.0,2585.0,0.132287517871732,3350.0,2585.0,0.132287517871732,0.0,0,0,0.0,0.0,0.0,0.0,0.0,0.0,0.0,0.0,-0.0267030268907547,0.0,0.4,0.0,0,0,1,0.0,-0.0,0.0,-0.003685467397701,-0.0181669457654616,-0.0591169874598677,0,0
2026-02-23,2676.300048828125,2704.0,2660.199951171875,2686.0,4699596,-0.003685467397701,-0.3685467397701036,-9.89990234375,43.800048828125,1.6365896210816788,-9.699951171875,-0.3611299766148548,2690.53994140625,2749.6,2919.885009765625,3104.610009765625,3088.340993652344,3173.2154943847654,2697.9045480803065,2758.506118702619,2869.577794905838,3015.413275732933,3216.0400068745125,-0.0834227923780643,-0.1379593441978994,-0.1565968168364135,10.897435897435884,-132.65207478734146,-110.85567677117352,-21.79639801616794,0.0055327632448838,0.0197744992525875,0.022202236267377,2.220223626737709,3478373.0,4497887.9,1.044845070505203,1.0491096071388395,-0.0111948746526547,-0.092225733276901,-0.1537391149950593,-0.1467512703235817,3350.0,2585.0,0.1193464690563725,3350.0,2585.0,0.1193464690563725,0.8483548164367676,1,1,0.0,0.2827849388122558,0.1696709632873535,0.3333333333333333,0.8483548164367676,0.0,0.0,0.1696709632873535,-0.0158387750387191,0.2,0.4,0.8483548164367676,1,0,0,-0.0031265840176603,-0.0094972258309855,0.886399347993303,-0.038336545149777,-0.0234652496664652,-0.0609796914375634,0,0
2026-02-24,2573.699951171875,2647.5,2561.300048828125,2641.0,7798833,-0.038336545149777,-3.8336545149777024,-102.60009765625,86.199951171875,3.349261872295014,-67.300048828125,-2.54827901658936,2661.799951171875,2708.5099853515626,2890.6700073242187,3091.6740087890626,3085.193994140625,3168.8824938964844,2656.5030157774963,2724.9049973333927,2841.3989526454607,2998.0911845736764,3209.648563534188,-0.1096527986069743,-0.1675383808722013,-0.187820957031691,13.226137729214187,-139.5938002738053,-116.6033014716999,-22.990498802105407,0.0160355211215734,0.0200606419673381,0.0231352679064479,2.3135267906447954,4196316.0,4673835.85,1.6686150841176848,0.6594688139150684,-0.0528814147111487,-0.1376734346444091,-0.1850221813895266,-0.1796972267181275,3350.0,2561.300048828125,0.0157219514535608,3350.0,2561.300048828125,0.0157219514535608,0.0,0,0,0.8483548164367676,0.2827849388122558,0.1696709632873535,0.3333333333333333,-0.8483548164367676,0.0,0.0,0.1696709632873535,-0.0158387750387191,0.2,0.4,0.0,0,0,1,-0.0,-0.0,0.0,0.0216031778028102,0.0054785320448211,-0.0422737890555522,1,1
2026-02-25,2629.300048828125,2654.199951171875,2595.0,2596.0,3621285,0.0216031778028102,2.160317780281029,55.60009765625,59.199951171875,2.2515479432733563,33.300048828125,1.2827445619462636,2648.67998046875,2680.4599853515624,2862.1300048828125,3079.6560107421874,3082.3449951171874,3163.9269946289064,2647.435360127706,2707.522279423344,2821.1990570438097,2983.6287870934584,3203.873951447561,-0.0813484906896186,-0.1462358004735496,-0.168975752825007,21.08877183341225,-139.00632612368463,-121.08390640209684,-17.922419721587787,0.0217239401667744,0.0226018194712013,0.0236411488885595,2.364114888855957,4330409.0,4717338.4,0.7676542772509175,-0.5356632203818187,-0.0243422226772033,-0.0963983762777676,-0.178369435770518,-0.1608795140188023,3350.0,2561.300048828125,0.0862178321413149,3350.0,2561.300048828125,0.0862178321413149,0.0,0,0,0.0,0.2827849388122558,0.1696709632873535,0.3333333333333333,0.0,0.8483548164367676,0.0,0.1696709632873535,-0.0106483936309814,0.2,0.2,0.0,0,0,1,0.0,-0.0,0.0,0.0069980230487389,-0.0192066325874477,-0.071083612753773,1,0
2026-02-26,2647.699951171875,2671.0,2635.0,2650.0,3464267,0.0069980230487389,0.6998023048738977,18.39990234375,36.0,1.3596706826264948,-2.300048828125,-0.0867942954009434,2642.639990234375,2670.219970703125,2837.2950073242187,3068.5080078125,3079.802995605469,3159.5904943847654,2647.523557142429,2696.645492468532,2804.675332675054,2970.4551072533964,3198.339881793076,-0.0668224684648305,-0.137137675889793,-0.162011673386986,25.298363244553823,-135.49413819945948,-123.96595276156935,-11.528185437890116,0.0222892552247606,0.0165682502629611,0.0238406978565369,2.3840697856536983,4375492.6,4767669.7,0.7266164012997796,-0.0433597466092837,-0.011277475735909,-0.0372350615789019,-0.1579633528170664,-0.1556271351210196,3350.0,2561.300048828125,0.1095472393720505,3350.0,2561.300048828125,0.1095472393720505,0.0,0,0,0.0,0.0,0.1696709632873535,0.0,0.0,0.0,0.8483548164367676,0.1696709632873535,0.0848354816436767,0.2,0.1,0.0,0,0,1,0.0,-0.0,0.0,-0.0038901873392286,-0.0340294803705936,-0.0895871720913429,0,0
2026-02-27,2637.39990234375,2688.60009765625,2626.10009765625,2681.60009765625,5083717,-0.0038901873392286,-0.3890187339228634,-10.300048828125,62.5,2.369758182839804,-44.2001953125,-1.6482769131434434,2632.87998046875,2664.7399658203126,2812.970007324219,3056.9000048828125,3076.2929956054686,3155.033994140625,2644.1490055428694,2685.873566991298,2788.744339310168,2957.394118825567,3192.758389460247,-0.0624144958969812,-0.1372305609830192,-0.1640660901778554,24.039436070553577,-132.01998758757236,-125.57675972676996,-6.443227860802395,0.022102841456169,0.0154153399898471,0.0238581728464057,2.385817284640575,4933539.6,4870752.15,1.0437231958107331,0.4674726284088379,-0.0181669457654616,-0.0203551184243471,-0.1557348235245939,-0.1706289615271226,3350.0,2561.300048828125,0.0964877117116001,3350.0,2561.300048828125,0.0964877117116001,0.0,0,0,0.0,0.0,0.1696709632873535,0.0,0.0,0.0,0.0,0.1696709632873535,0.0848354816436767,0.2,0.1,0.0,0,0,1,-0.0,-0.0,0.0,-0.0090619182637078,-0.0417077440179805,-0.086524592258111,0,0
2026-03-02,2613.5,2623.800048828125,2580.300048828125,2592.0,3374385,-0.0090619182637078,-0.9061918263707835,-23.89990234375,43.5,1.664434666156495,21.5,0.8294753086419754,2620.319970703125,2655.4299560546874,2785.165002441406,3043.55400390625,3072.69099609375,3150.201994628906,2633.932670361913,2672.714736629244,2772.054402233009,2943.908074950055,3186.9946243909912,-0.0616354874095175,-0.1412999418950007,-0.1703706605303351,18.341576879082723,-129.700118348273,-126.40143145107058,-3.2986868972024297,0.0222467309696293,0.0153309669458616,0.0232479490802244,2.324794908022447,4668497.4,4907657.8,0.6875754458674768,-0.3362366551875331,-0.0234652496664652,-0.0343974337904107,-0.1754480314622202,-0.1906664066895076,3350.0,2561.300048828125,0.0661848033517875,3350.0,2561.300048828125,0.0661848033517875,0.0,0,0,0.0,0.0,0.0,0.0,0.0,0.0,0.0,0.0,0.0848354816436767,0.0,0.1,0.0,0,0,1,-0.0,-0.0,0.0,-0.0098335378503443,-0.0384158799861297,-0.0848670552240768,0,0
2026-03-04,2587.800048828125,2635.0,2580.39990234375,2625.0,3446434,-0.0098335378503443,-0.9833537850344354,-25.699951171875,54.60009765625,2.109904035320481,-37.199951171875,-1.4171409970238096,2623.139990234375,2642.469970703125,2753.290002441406,3029.6700048828125,3068.2969970703125,3145.334494628906,2618.5551298506507,2657.275702483585,2754.506368575401,2929.9430543178223,3181.032489310764,-0.0601062559579765,-0.145847552816822,-0.1772576006630927,20.01862197392923,-128.4546315067114,-126.81207146219876,-1.642560044512635,0.0132557144564766,0.0152146439972995,0.0223695051781463,2.236950517814631,3798017.6,4861676.5,0.7088982576277957,0.0213517426138392,0.0054785320448211,-0.047692595191398,-0.19765602900469,-0.2008522982369808,3120.0,2561.300048828125,0.0474315416430879,3350.0,2561.300048828125,0.0335995963491889,0.0,0,0,0.0,0.0,0.0,0.0,0.0,0.0,0.0,0.0,0.0848354816436767,0.0,0.1,0.0,0,0,1,-0.0,0.0,0.0,-0.0034778575740717,-0.0474921339228004,-0.056805007043171,0,0
2026-03-05,2578.800048828125,2609.5,2546.39990234375,2600.0,2960636,-0.0034778575740717,-0.3477857574071707,-9.0,63.10009765625,2.446878255835475,-21.199951171875,-0.8153827373798076,2613.039990234375,2630.8599853515625,2732.275,3014.7480078125,3063.467998046875,3140.6344946289064,2605.303436176476,2643.007401818956,2737.772433361375,2916.17274037705,3175.040126718897,-0.0561711215642184,-0.144605107244336,-0.1788920190367988,27.82810934818949,-126.73290100113807,-126.79623736998664,0.0633363688485388,0.0067228431179429,0.0151672438771459,0.0174807963513941,1.7480796351394108,3665887.8,4467078.55,0.6627678396208189,-0.1409567106174092,-0.0192066325874477,-0.043081323137328,-0.1401420543304249,-0.2032133326654951,3029.699951171875,2546.39990234375,0.0670394024642389,3350.0,2546.39990234375,0.0403187438364829,0.0,0,0,0.0,0.0,0.0,0.0,0.0,0.0,0.0,0.0,0.0848354816436767,0.0,0.1,0.0,0,0,1,-0.0,-0.0,0.0,-0.0082208588376244,-0.0528928741669439,-0.0863967909917526,0,0
2026-03-06,2557.60009765625,2619.199951171875,2553.60009765625,2572.0,3998643,-0.0082208588376244,-0.8220858837624467,-21.199951171875,65.599853515625,2.5648987727103942,-14.39990234375,-0.5598717863044324,2595.02001953125,2618.8300048828123,2710.5800048828123,2999.700009765625,3058.7609985351564,3135.930994873047,2589.4023233364005,2627.4788010621,2720.6131632942206,2902.111068113489,3168.896444837677,-0.0564380711696337,-0.1473813750275373,-0.1844207982134535,30.74944080180956,-125.630881456339,-126.56316618725712,0.9322847309180986,0.0029914120863231,0.0152075379143038,0.0174441590757595,1.7444159075759598,3772763.0,4490933.45,0.8903812636101298,0.3506027083369925,-0.0340294803705936,-0.0449231894673177,-0.1450442595165468,-0.2028176733063206,3011.60009765625,2546.39990234375,0.0240760761181027,3350.0,2546.39990234375,0.0139375235831429,0.0,1,1,0.0,0.0,0.0,0.3333333333333333,0.0,0.0,0.0,0.0,0.0848354816436767,0.2,0.2,0.0,0,0,1,-0.0,-0.0,0.0,-0.0118080208630642,-0.0575148936657652,-0.065295587122098,0,0
2026-03-09,2527.39990234375,2560.0,2505.0,2530.0,3653428,-0.0118080208630642,-1.1808020863064206,-30.2001953125,55.0,2.1761494866323488,-2.60009765625,-0.1027706583498023,2573.02001953125,2602.95,2689.8699951171875,2983.8680078125,3053.962998046875,3130.938994140625,2568.734849672184,2609.282637658764,2702.211900346557,2887.416512593108,3162.5133946636083,-0.0604007231086866,-0.1529786519623536,-0.1927661615018255,25.478893923743115,-125.74491726290488,-126.39951640238668,0.6545991394817747,0.0030957631721459,0.0151122989045623,0.017345250325007,1.7345250325007076,3486705.2,4439235.4,0.8229858682420851,-0.0863330384833054,-0.0417077440179805,-0.0591169874598677,-0.1408077854098924,-0.2075128743762039,3011.60009765625,2505.0,0.0442161429644044,3350.0,2505.0,0.0265087601701183,0.0,1,1,0.0,0.0,0.0,0.6666666666666666,0.0,0.0,0.0,0.0,0.0848354816436767,0.4,0.3,0.0,0,0,1,-0.0,-0.0,0.0,-0.0056579113872083,-0.0467674114659353,-0.0568172268197286,0,0
2026-03-10,2513.10009765625,2545.199951171875,2490.10009765625,2541.0,4323710,-0.0056579113872083,-0.5657911387208392,-14.2998046875,55.099853515625,2.1925053270664323,-27.89990234375,-1.0979890729535615,2552.9400390625,2586.6300048828125,2668.1150024414064,2968.530009765625,3049.4909985351565,3126.119494628906,2550.189932333539,2591.794903112852,2684.201252471289,2872.7374374975448,3156.051570812789,-0.0580990342032907,-0.1534193390705633,-0.196095957952313,22.309588130884293,-125.54199620593636,-126.2280123630966,0.6860161571602532,0.0033032592884173,0.0150920076564685,0.0172031134634888,1.7203113463488855,3676570.2,4536405.0,0.9531137541731832,0.1834665963035264,-0.0384158799861297,-0.0609796914375634,-0.147581527956636,-0.2126632493046133,3011.60009765625,2490.10009765625,0.0441035474592521,3350.0,2490.10009765625,0.0267472992348423,0.0,0,0,0.0,0.0,0.0,0.6666666666666666,0.0,0.0,0.0,0.0,0.0,0.4,0.2,0.0,0,0,1,-0.0,-0.0,0.0,-0.0191795763954853,-0.0483069284019345,-0.0454816936797395,0,0
2026-03-11,2464.89990234375,2521.0,2460.10009765625,2508.10009765625,2720664,-0.0191795763954853,-1.91795763954854,-48.2001953125,60.89990234375,2.47068460207424,-43.2001953125,-1.7224270814737173,2528.360009765625,2575.75,2642.129992675781,2952.7980078125,3044.4419970703125,3120.870993652344,2521.759922336943,2568.723084791197,2663.3154096020003,2856.7438086679845,3149.1744397832467,-0.0670784900149987,-0.1652324690608268,-0.2101884674639861,20.856570821180966,-127.79736427790203,-126.54188274605772,-1.2554815318443246,0.0061551332790371,0.0112927052624571,0.0166959870902508,1.6695987090250872,3531416.2,4495050.05,0.6052577768294259,-0.3707570581745769,-0.0474921339228004,-0.0422737890555522,-0.1741272459652503,-0.23462198343619,2998.0,2460.10009765625,0.0089232302638207,3350.0,2460.10009765625,0.0053936455941377,0.8093113303184509,1,1,0.0,0.2697704434394836,0.1618622660636902,0.6666666666666666,0.8093113303184509,0.0,0.0,0.1618622660636902,0.080931133031845,0.6,0.3,0.8093113303184509,1,0,0,-0.0155222484875746,-0.0384359220847237,0.4898419765514108,-0.0091281597190238,-0.0097772138709201,-0.0354983989073148,0,0
2026-03-12,2442.39990234375,2472.89990234375,2436.0,2459.800048828125,2752075,-0.0091281597190238,-0.912815971902381,-22.5,36.89990234375,1.5108051023233544,-17.400146484375,-0.7073805243911844,2501.07998046875,2557.0599853515623,2618.7599853515626,2936.7100048828124,3039.1589965820312,3115.396492919922,2495.306582339212,2545.755233437116,2642.275837482167,2840.4950280278185,3142.141857321162,-0.0673448823085391,-0.1683210469257033,-0.2160227733791284,20.5698647189119,-129.90288212029236,-127.21408262090463,-2.688799499387713,0.0051749757245856,0.0067372815103963,0.0162836154353518,1.6283615435351813,3489704.0,4464478.15,0.6164382280603165,0.0115453433426546,-0.0528928741669439,-0.071083612753773,-0.1606296441821192,-0.2438858463056818,2880.0,2436.0,0.0144141944679054,3350.0,2436.0,0.0070020813388949,0.5945767760276794,1,1,0.8093113303184509,0.4679627021153767,0.280777621269226,0.6666666666666666,-0.2147345542907714,0.0,0.0,0.280777621269226,0.140388810634613,0.8,0.4,0.5945767760276794,1,0,0,-0.0054273917768029,-0.0314488745970192,0.3665198542603183,-0.0130608842201224,-0.0353750023740337,-0.0215361347931392,0,0
2026-03-13,2410.5,2445.89990234375,2397.0,2437.0,2466488,-0.0130608842201224,-1.3060884220122415,-31.89990234375,48.89990234375,2.028620715359884,-26.5,-1.0874025441116126,2471.6599609375,2533.339990234375,2601.77998046875,2920.796005859375,3033.6419970703123,3109.9554931640623,2467.037721559475,2521.1633728121856,2620.201948198151,2823.6324779090805,3134.8618388403547,-0.0735188916452067,-0.1747112789923281,-0.2249085219069928,17.465189645486106,-132.6168511909509,-128.2946363349139,-4.3222148560370215,0.0050226126063186,0.0046665943232864,0.0121985111693633,1.2198511169363384,3183273.0,4057194.75,0.6079294073817876,-0.1037715178547096,-0.0575148936657652,-0.0895871720913429,-0.123486449800744,-0.2479174045881769,2760.0,2397.0,0.0371900826446281,3350.0,2397.0,0.0141657922350472,0.0,0,0,0.5945767760276794,0.4679627021153767,0.280777621269226,0.6666666666666666,-0.5945767760276794,0.8093113303184509,0.0,0.280777621269226,0.140388810634613,0.6,0.4,0.0,0,0,1,-0.0,-0.0,0.0,-0.000539327454107,-0.0082555081285002,-0.0214063877437253,0,0
2026-03-16,2409.199951171875,2425.0,2366.10009765625,2410.0,3807907,-0.000539327454107,-0.0539327454107008,-1.300048828125,58.89990234375,2.4447909487587407,-0.800048828125,-0.0331970468101659,2448.019970703125,2510.519995117188,2587.62998046875,2904.432006835937,3027.5819970703124,3104.5129931640627,2447.758464763609,2500.806387059401,2600.1065199099344,2807.3802219586023,3127.6413225451465,-0.068955001543363,-0.1705090890399475,-0.2239684754173109,17.82702543743568,-133.3355846862637,-129.30282600518387,-4.032758681079827,0.0070987109871575,0.0051915329958709,0.0117648601876563,1.176486018765635,3214168.8,3689153.35,1.0321899467800657,0.5438579064645763,-0.0467674114659353,-0.086524592258111,-0.105118492360426,-0.2512897275735731,2760.0,2366.10009765625,0.1094182894161077,3350.0,2366.10009765625,0.0438051202291582,0.0,0,0,0.0,0.1981922586758931,0.280777621269226,0.3333333333333333,0.0,0.5945767760276794,0.8093113303184509,0.280777621269226,0.140388810634613,0.4,0.4,0.0,0,0,1,-0.0,-0.0,0.0,-0.0072638221628253,-0.0105428784901788,-0.0004150755521614,0,0
2026-03-17,2391.699951171875,2420.0,2360.0,2420.0,2993367,-0.0072638221628253,-0.7263822162825395,-17.5,60.0,2.508675888486825,-28.300048828125,-1.1694235052944215,2423.73994140625,2488.339990234375,2571.884973144531,2887.2520068359377,3021.4319970703127,3098.9809924316405,2429.0722935663644,2480.968853261669,2580.258275268214,2791.0790348689266,3120.31852282999,-0.0700595181565806,-0.1716345003798698,-0.228230196631439,22.424242424242426,-133.77521252804718,-130.1973033097565,-3.5779092182906425,0.0069146139020865,0.0052200873701215,0.011489141400642,1.148914140064204,2948100.2,3692885.2,0.8105767815365611,-0.2139075350317116,-0.0483069284019345,-0.0848670552240768,-0.1163452801014303,-0.2710010011045414,2760.0,2360.0,0.0792498779296875,3350.0,2360.0,0.0320201526988636,0.0,0,0,0.0,0.0,0.280777621269226,0.0,0.0,0.0,0.5945767760276794,0.280777621269226,0.140388810634613,0.4,0.4,0.0,0,0,1,-0.0,-0.0,0.0,0.0205293718520971,0.0029686406326894,0.0246686462367871,1,1
2026-03-18,2440.800048828125,2482.89990234375,2410.0,2410.0,3082388,0.0205293718520971,2.0529371852097134,49.10009765625,72.89990234375,2.9867216029740185,30.800048828125,1.2780103248184649,2418.919970703125,2473.639990234375,2558.05498046875,2871.746005859375,3015.107998046875,3093.8679931640627,2432.981545320285,2473.665434273752,2566.976539416777,2777.342604043797,3113.557144979225,-0.045837533804351,-0.1500640920721987,-0.2110846182768298,20.865533230293664,-128.67832954230153,-129.89350855626554,1.2151790139640184,0.0133276975947157,0.0106104199734095,0.0127768502197583,1.277685021975831,3020445.0,3636548.7,0.8476135628267538,0.0297394205254484,-0.0097772138709201,-0.056805007043171,-0.1017884240288146,-0.2563071149213513,2748.699951171875,2360.0,0.2078725468951677,3350.0,2360.0,0.0816162109375,0.0,0,0,0.0,0.0,0.1189153552055359,0.0,0.0,0.0,0.0,0.1189153552055359,0.140388810634613,0.2,0.4,0.0,0,0,1,0.0,-0.0,0.0,-0.0347427266190194,-0.025975149629653,0.0135610672129888,0,0
2026-03-19,2356.0,2424.0,2350.199951171875,2417.0,2757060,-0.0347427266190194,-3.474272661901945,-84.800048828125,73.800048828125,3.132429916304117,-61.0,-2.523789822093504,2401.639990234375,2451.3599853515625,2541.1099853515625,2853.7500048828124,3008.035998535156,3088.398992919922,2407.321030213523,2452.2717189512514,2546.8835356627983,2760.819364669531,3106.019262939631,-0.0728461130839059,-0.1744196247152533,-0.2371451987255948,12.592992872398852,-129.98330170166946,-129.91146718534634,-0.0718345163231219,0.020037890398181,0.0139402515309424,0.0143746989338461,1.437469893384613,3021442.0,3626860.7,0.7601780790753833,-0.1055441430475332,-0.0353750023740337,-0.0863967909917526,-0.1257560260583368,-0.2914072395565245,2748.699951171875,2350.199951171875,0.0145547022035759,3350.0,2350.199951171875,0.0058012087866201,0.860910952091217,1,1,0.0,0.286970317363739,0.1721821904182434,0.3333333333333333,0.860910952091217,0.0,0.0,0.1721821904182434,0.2264799058437347,0.2,0.5,0.860910952091217,1,0,0,-0.0299103938518249,-0.0304547269740584,0.6544456338156607,0.0146859497692062,0.0143463704703417,0.0780136030679647,1,1
2026-03-20,2390.60009765625,2407.800048828125,2364.199951171875,2386.0,4206320,0.0146859497692062,1.468594976920623,34.60009765625,43.60009765625,1.8238139327023213,4.60009765625,0.1927953753667225,2397.660009765625,2434.6599853515627,2526.7449951171875,2835.6500048828125,3001.093000488281,3083.325993652344,2401.747386027765,2441.058696897615,2531.9993987097937,2746.300962041559,3098.900664280095,-0.0538815344342349,-0.1569481094141429,-0.224668392969868,20.20766679005329,-126.76430284880462,-129.282034318038,2.5177314692333823,0.021716905065602,0.015820762001518,0.0151430071941517,1.5143007194151723,3369408.4,3675234.25,1.1445039183556802,0.5256541388290425,-0.0082555081285002,-0.065295587122098,-0.1072854905577499,-0.2777643209497734,2704.0,2350.199951171875,0.1141892055079994,3350.0,2350.199951171875,0.0404082261565483,0.0,1,1,0.860910952091217,0.286970317363739,0.1721821904182434,0.6666666666666666,-0.860910952091217,0.0,0.0,0.1721821904182434,0.2264799058437347,0.4,0.5,0.0,0,0,1,0.0,-0.0,0.0,-0.002844494499432,-0.0132603505469521,0.0705261635691059,0,0
2026-03-23,2383.800048828125,2406.800048828125,2348.0,2365.0,3860515,-0.002844494499432,-0.2844494499432026,-6.800048828125,58.800048828125,2.466651884541704,18.800048828125,0.7949280688424947,2392.580029296875,2420.3,2511.625,2819.2480078125,2994.352001953125,3078.3404943847654,2395.764940294552,2430.648033612253,2517.88517491154,2732.085239954758,3091.7852352706227,-0.0508933265005225,-0.1544553575200523,-0.2256217097567859,21.077845194934227,-123.34014179824771,-128.09365581407997,4.753514015832252,0.0217167799015991,0.0157476998006158,0.0150221942022616,1.5022194202261685,3379930.0,3753585.9,1.0284871860798497,-0.0822108161052891,-0.0105428784901788,-0.0568172268197286,-0.11257535099419,-0.2817716032455182,2704.0,2348.0,0.1005619349104634,3350.0,2348.0,0.0357285916448353,0.0,0,0,0.0,0.286970317363739,0.1721821904182434,0.6666666666666666,0.0,0.860910952091217,0.0,0.1721821904182434,0.2264799058437347,0.4,0.4,0.0,0,0,1,-0.0,-0.0,0.0,0.0062924740719649,0.0102357168571016,0.0860810248211678,1,1
2026-03-24,2398.800048828125,2435.39990234375,2379.10009765625,2404.10009765625,3420182,0.0062924740719649,0.6292474071964982,15.0,56.2998046875,2.346998646886133,-5.300048828125,-0.2204587418507242,2394.000048828125,2408.8699951171875,2497.75,2803.0680078125,2987.764001464844,3073.478994140625,2396.7766431390764,2424.8574909242298,2506.5437343321664,2719.015232459596,3084.889860281145,-0.0396156345398358,-0.1442233858963214,-0.2195163678029779,25.543502984780403,-118.055227678316,-126.08597018692716,8.030742508611183,0.0217301718820489,0.0161998927516479,0.0152614952792618,1.5261495279261852,3465293.0,3689615.2,0.9269752574740044,-0.1140606887941116,0.0029686406326894,-0.0454816936797395,-0.1036879254706546,-0.2686585216987424,2688.60009765625,2348.0,0.1491486619577979,3350.0,2348.0,0.0506986515250748,0.0118333399295806,2,1,0.0,0.0039444466431935,0.1745488584041595,1.0,0.0118333399295806,0.0,0.860910952091217,0.1745488584041595,0.2276632398366927,0.8,0.6,0.0118333399295806,1,0,0,7.446098469163384e-05,3.512893373537917e-05,0.0109692133280003,-0.008921188114378,0.0216357767580939,0.052317824514515,0,1
2026-03-25,2377.39990234375,2421.60009765625,2369.800048828125,2400.89990234375,5843778,-0.008921188114378,-0.8921188114378031,-21.400146484375,51.800048828125,2.178852988807568,-23.5,-0.978799656622893,2381.32001953125,2400.1199951171875,2487.9349975585938,2785.82400390625,2981.185,3068.4449938964844,2390.3177295406344,2416.228838455052,2494.244321761841,2705.6185528472097,3077.850159207141,-0.0444284498281955,-0.1466080057425782,-0.2252101937389486,24.74926338562841,-114.27640092010506,-123.72405633356276,9.447655413457696,0.0188391355892705,0.0154775019036777,0.0131919907432488,1.3191990743248878,4017571.0,3591862.45,1.6269492725145975,0.7086160911904689,-0.025975149629653,-0.0354983989073148,-0.0762715361356495,-0.2688298009091957,2688.60009765625,2348.0,0.0863179504235544,3350.0,2348.0,0.0293412199039421,0.0,0,0,0.0118333399295806,0.0039444466431935,0.1745488584041595,0.6666666666666666,-0.0118333399295806,0.0,0.0,0.1745488584041595,0.1467321068048477,0.8,0.5,0.0,0,0,1,-0.0,-0.0,0.0,0.0052158437762828,0.0405905627845217,0.04004382906664,1,1
2026-03-27,2389.800048828125,2422.10009765625,2385.0,2403.89990234375,4979411,0.0052158437762828,0.5215843776282814,12.400146484375,37.10009765625,1.5524352204462712,-14.099853515625,-0.5865407915644886,2388.080029296875,2394.860009765625,2475.959997558594,2768.2600048828126,2974.503000488281,3063.284494628906,2390.145169303132,2411.4236039774287,2484.2972481491065,2693.2335134739124,3071.0038894521263,-0.0347986028915759,-0.1367140208604461,-0.2198569695311204,28.48721362827969,-109.02430102337894,-120.784105271526,11.759804248147065,0.0090625508296026,0.0155623179467386,0.0119793402085678,1.1979340208567826,4462041.2,3659768.75,1.3605807744000218,-0.147912360804945,0.0143463704703417,-0.0215361347931392,-0.0910888812810636,-0.2639521951187967,2688.60009765625,2348.0,0.1227247118123601,3350.0,2348.0,0.0417166155969311,0.0,0,0,0.0,0.0039444466431935,0.0023666679859161,0.6666666666666666,0.0,0.0118333399295806,0.0,0.0023666679859161,0.0872744292020797,0.6,0.4,0.0,0,0,1,0.0,0.0,0.0,-0.0129300133287415,0.0627667574421362,0.0690852163956496,0,1
2026-03-30,2358.89990234375,2398.0,2346.199951171875,2375.10009765625,6804756,-0.0129300133287415,-1.2930013328741552,-30.900146484375,51.800048828125,2.195940945889973,-16.2001953125,-0.6820847394384078,2381.739990234375,2389.7,2461.519995117188,2751.588002929688,2967.9239990234373,3057.764494628906,2379.730080316671,2401.8738400440325,2472.354643786692,2680.122391468808,3063.9182776401026,-0.0416897254448473,-0.1427132623662526,-0.2285540935257576,28.43617799051433,-106.1319347153144,-117.85367116028368,11.72173644496928,0.0084688083437896,0.0155520951060765,0.0117826858153933,1.1782685815393354,4981728.4,3826793.2,1.7781875435547445,0.3665784969346777,-0.0132603505469521,-0.0214063877437253,-0.1090758220924171,-0.2642692476239463,2688.60009765625,2346.199951171875,0.0370909630216952,3350.0,2346.199951171875,0.0126518734350545,0.0,0,0,0.0,0.0,0.0023666679859161,0.0,0.0,0.0,0.0118333399295806,0.0023666679859161,0.0872744292020797,0.4,0.4,0.0,0,0,1,-0.0,-0.0,0.0,0.0208995933990847,0.0849124834119121,0.09241596041587,1,1
2026-04-01,2408.199951171875,2472.0,2397.89990234375,2429.0,4132661,0.0208995933990847,2.089959339908476,49.300048828125,74.10009765625,3.076991078759532,-20.800048828125,-0.8563214832492795,2386.619970703125,2389.6,2450.0599975585938,2735.902001953125,2962.1039990234376,3052.445994873047,2389.2200372684056,2403.0240420672767,2466.244673061471,2669.4587663591246,3057.3937171777325,-0.0170853148202211,-0.1197784315912293,-0.2110589490471776,37.67912639483021,-98.72358759062308,-114.02765444635156,15.30406685572848,0.0134914535740916,0.0171766146715982,0.0132007452817198,1.320074528171986,5036157.6,3779240.4,1.0935163055517718,-0.3926805016961666,0.0102357168571016,-0.0004150755521614,-0.0869037535673654,-0.2538266022059953,2635.0,2346.199951171875,0.2146814041465012,3350.0,2346.199951171875,0.0617652888863486,-0.939684510231018,1,1,0.0,-0.313228170077006,-0.1855702340602874,0.3333333333333333,-0.939684510231018,0.0,0.0,-0.1855702340602874,-0.006694021821022,0.6,0.5,0.939684510231018,0,1,0,-0.0196390241872463,-0.0096183445817289,-1.027560334012049,0.0176480362352464,0.0750768426600725,0.0719624833244407,1,1
2026-04-02,2450.699951171875,2469.89990234375,2375.699951171875,2386.0,5378361,0.0176480362352464,1.7648036235246467,42.5,94.199951171875,3.843797814858179,64.699951171875,2.711649252802808,2396.999951171875,2395.5,2441.919995117188,2720.782001953125,2956.5019995117186,3047.528494873047,2409.7133419028955,2411.6923891772035,2464.7642233577,2660.8799892929583,3051.356963287127,0.0035955133961159,-0.0992663324688896,-0.1958401848268967,48.30953257033708,-88.40395850329378,-108.90291525774002,20.49895675444624,0.0152167220764221,0.0177869056724472,0.0140346223856229,1.4034622385622917,5427793.4,3879439.2,1.3863758968048785,0.3014280629357211,0.0216357767580939,0.0246686462367871,-0.0622919643497704,-0.2461008435157482,2635.0,2346.199951171875,0.3618420440856352,3350.0,2346.199951171875,0.1041043982036037,0.0,0,0,-0.939684510231018,-0.313228170077006,-0.1879369020462035,0.3333333333333333,0.939684510231018,0.0,0.0,-0.1879369020462035,-0.006694021821022,0.2,0.5,0.0,0,0,1,0.0,0.0,0.0,0.0094666632529947,0.0300322761344389,0.052597277942058,1,1
2026-04-06,2473.89990234375,2482.0,2448.199951171875,2474.0,2572417,0.0094666632529947,0.9466663252994724,23.199951171875,33.800048828125,1.366265821673025,-0.10009765625,-0.0040459844886822,2416.299951171875,2398.8099853515623,2436.224987792969,2706.987998046875,2951.322998046875,3042.6694946289062,2431.108862049847,2423.002846116576,2465.6342880230377,2653.547436863578,3045.6111218847054,0.0154644643822127,-0.0861060691334061,-0.186931112067604,53.743754316123,-77.46061814477162,-102.61445583514634,25.15383769037473,0.0132988174584449,0.0168669519859611,0.0142109078171482,1.421090781714826,4773521.2,3835738.35,0.6706445448762166,-0.5217098666303731,0.0405905627845217,0.0135610672129888,-0.0440142763487287,-0.2307764599284028,2619.199951171875,2346.199951171875,0.467765388907967,3350.0,2346.199951171875,0.1272165221758624,0.0,0,0,0.0,-0.313228170077006,-0.1879369020462035,0.3333333333333333,0.0,-0.939684510231018,0.0,-0.1879369020462035,-0.006694021821022,0.2,0.5,0.0,0,0,1,0.0,0.0,0.0,0.026638162046064,-0.0005254071461292,0.0552165014950023,1,0
2026-04-07,2539.800048828125,2543.89990234375,2448.0,2461.0,4516550,0.026638162046064,2.6638162046064062,65.900146484375,95.89990234375,3.775883947557157,78.800048828125,3.201952410732426,2446.299951171875,2417.189990234375,2434.2749877929687,2695.737998046875,2946.4689990234374,3037.8869946289065,2467.3392576426068,2444.2387011550386,2472.6976938139983,2649.0867549798345,3040.578175884142,0.0433496879211787,-0.0578461072002289,-0.1639583521972401,64.21814218330107,-62.74704215407292,-94.64097309893168,31.893930944858752,0.015432991144778,0.0129310094994568,0.0155915051260158,1.559150512601589,4680949.0,3913534.05,1.1540847587617131,0.7557612160081355,0.0627667574421362,0.0780136030679647,-0.0151233128825644,-0.2199152249099919,2619.199951171875,2346.199951171875,0.7091578668727107,3350.0,2346.199951171875,0.1928671929058643,0.8683103322982788,1,1,0.0,0.2894367774327596,-0.0142748355865478,0.3333333333333333,0.8683103322982788,0.0,-0.939684510231018,-0.0142748355865478,-0.0059540838003158,0.4,0.5,0.8683103322982788,1,0,0,0.0231301913380332,0.0545010240118667,1.002103720380762,0.0076383581269325,0.0059452922377067,-0.0005118705422203,1,1
2026-04-08,2559.199951171875,2580.300048828125,2540.10009765625,2572.0,4769337,0.0076383581269325,0.7638358126932587,19.39990234375,40.199951171875,1.5708014980801783,-12.800048828125,-0.4976690835196345,2486.3599609375,2434.0499755859373,2434.35498046875,2684.4699951171874,2941.5909985351564,3033.106494140625,2497.959488819029,2465.1407466126448,2480.936004038558,2645.561782281483,3035.7883428024284,0.0512846202401776,-0.0466647212198935,-0.156244610561563,65.86291795070929,-48.95667511224019,-85.50411350159338,36.54743838935319,0.0079285009553365,0.0126926744719867,0.0155892732773877,1.5589273277387767,4273865.2,3952068.75,1.2067950487956465,0.0559690471709601,0.0849124834119121,0.0705261635691059,0.000625529189294,-0.2234494855756572,2580.300048828125,2346.199951171875,0.9098671984014584,3350.0,2346.199951171875,0.2121936537547138,0.0,0,0,0.8683103322982788,0.2894367774327596,-0.0142748355865478,0.3333333333333333,-0.8683103322982788,0.0,0.0,-0.0142748355865478,-0.0059540838003158,0.4,0.4,0.0,0,0,1,0.0,0.0,0.0,0.0116442831340628,0.0069162048724524,-0.0146139039767582,1,1
2026-04-09,2589.0,2605.0,2531.10009765625,2554.0,5628261,0.0116442831340628,1.164428313406285,29.800048828125,73.89990234375,2.8543801600521435,35.0,1.370399373531715,2522.519970703125,2454.569970703125,2437.4349853515623,2673.2419970703127,2936.162998046875,3028.7944946289062,2528.306325879353,2487.660610864891,2491.227813177743,2643.343673172405,3031.3426876501653,0.0621821773952164,-0.0315130456436925,-0.1452044684473684,70.33598342805865,-35.217133789902164,-75.44671755925513,40.22958376935297,0.0077097257436234,0.0122755254230041,0.0155246014853288,1.5524601485328802,4572985.2,4050810.4,1.38941605363707,0.1800929563165698,0.0750768426600725,0.0860810248211678,0.0243729128893002,-0.1919223200119117,2605.0,2346.199951171875,0.93817620950054,3350.0,2346.199951171875,0.2418808896369144,0.4142893776297569,8,1,0.0,0.4275332366426785,0.2565199419856071,3.0,0.4142893776297569,0.8683103322982788,0.0,0.2565199419856071,0.0354748539626598,1.8,1.2,0.4142893776297569,1,0,0,0.0048241028125555,0.0311035384200486,0.5756203121300947,-0.0249903249022306,-0.0028968713789108,-0.074198569971514,0,0
2026-04-10,2524.300048828125,2565.800048828125,2501.10009765625,2565.800048828125,10480239,-0.0249903249022306,-2.499032490223063,-64.699951171875,64.699951171875,2.563084812437854,-41.5,-1.6174292310483915,2537.239990234375,2467.119970703125,2437.994982910156,2660.477998046875,2930.348999023437,3024.2959948730468,2526.9709001956107,2494.3223268582065,2494.377549906351,2638.675295747139,3026.2974872638765,0.0354000178519437,-0.0511855197895723,-0.1653263922885003,58.33831495901739,-29.21245069591396,-66.1998641865869,36.987413490672935,0.0189265840119483,0.0162147263444062,0.016549906187908,1.6549906187908063,5593360.8,4358636.85,2.404476298593217,0.8620740935788158,0.0300322761344389,0.052317824514515,0.0044566275662161,-0.2130743779524838,2605.0,2346.199951171875,0.6881764453395847,3350.0,2346.199951171875,0.1774258706842771,-0.9681332111358644,1,1,0.4142893776297569,-0.1846146111687024,0.0628932997584342,3.0,-1.3824225887656212,0.0,0.8683103322982788,0.0628932997584342,-0.0625218011438846,2.0,1.1,0.9681332111358644,0,1,0,0.024193963494925,-0.0290752439317533,-2.327853360057129,-0.020480905665662,0.0219070822637734,-0.0303846411631937,0,1
2026-04-13,2472.60009765625,2504.89990234375,2470.0,2489.89990234375,3739587,-0.020480905665662,-2.0480905665662075,-51.699951171875,34.89990234375,1.4114657027163926,-17.2998046875,-0.6947992034224204,2536.980029296875,2476.639990234375,2438.379992675781,2646.77,2924.015,3019.4804956054686,2508.8472993491573,2490.372830639669,2492.3035068349127,2632.1625428808293,3020.788060501612,0.0140339508539508,-0.0658046986869845,-0.1811173805378589,62.46791611931758,-28.299234112386785,-58.61973817174688,30.32050405936009,0.0220650681748839,0.0176814710162906,0.0166330895342368,1.6633089534236818,5826794.8,4409583.0,0.8480591021872136,-0.6431773168531748,-0.0005254071461292,0.04004382906664,0.0031239383413412,-0.2367576172611245,2605.0,2346.199951171875,0.4884085109594404,3350.0,2346.199951171875,0.1259216381110355,-0.4547959963480631,3,1,-0.9681332111358644,-0.3362132766180568,-0.0280658995111783,4.0,0.5133372147878013,0.4142893776297569,0.0,-0.0280658995111783,-0.108001400778691,2.6,1.4,0.4547959963480631,0,1,0,0.0093146338983254,0.0002389530665122,-0.3856938843412776,0.0332847211182718,0.0557712112340624,-0.0112837278097744,1,1
2026-04-15,2554.89990234375,2559.0,2493.39990234375,2501.89990234375,5261384,0.0332847211182718,3.3284721118271854,82.2998046875,65.60009765625,2.567619091302616,53.0,2.118390106268849,2540.0,2493.1499755859377,2444.004992675781,2633.86599609375,2918.5419995117186,3015.286994628906,2524.1981670140217,2502.105025494956,2498.265068311945,2629.132635408787,3016.1523574353646,0.045374256599434,-0.0299810597301128,-0.1526843358875085,65.94214159484903,-20.696026054924005,-51.0349957483823,30.338969693458296,0.0241646400902772,0.0199633874815117,0.0180156712395517,1.801567123955171,5975761.6,4535048.45,1.1601604829602206,0.4069425313543982,0.0059452922377067,0.0690852163956496,0.0460612530700004,-0.2182068842277387,2605.0,2346.199951171875,0.8064138786560948,3350.0,2346.199951171875,0.2079098834628663,0.0,0,0,-0.4547959963480631,-0.4743097358279758,-0.2017279659708341,1.3333333333333333,0.4547959963480631,-0.9681332111358644,0.4142893776297569,-0.2017279659708341,-0.108001400778691,2.4,1.4,0.0,0,0,1,0.0,0.0,0.0,0.0086109048655167,-0.0064189999493543,-0.0313906431709137,1,0
2026-04-16,2576.89990234375,2594.0,2558.0,2572.0,3905403,0.0086109048655167,0.8610904865516744,22.0,36.0,1.3970274890094554,4.89990234375,0.1905094223853032,2543.539990234375,2514.9499755859374,2452.324987792969,2622.51599609375,2913.439997558594,3011.2194946289064,2541.765412123931,2515.704094012918,2505.754100124497,2627.0842929356486,3011.781686240424,0.0507986972244227,-0.0173940192616347,-0.1442337873608515,68.19978931663206,-12.74825876141449,-43.37764835098874,30.62938958957425,0.0242310379117703,0.0187109885357039,0.0176849757060211,1.7684975706021102,5802974.8,4606994.2,0.8477117249246808,-0.2577232530452064,0.0069162048724524,0.09241596041587,0.0690312807897739,-0.1928269687255286,2605.0,2346.199951171875,0.8914215905928522,3350.0,2346.199951171875,0.2298265988741513,-0.7855833172798157,1,1,0.0,-0.4134597712092929,-0.3588446294267972,1.3333333333333333,-0.7855833172798157,-0.4547959963480631,-0.9681332111358644,-0.3588446294267972,-0.1865597325066725,2.6,1.5,0.7855833172798157,0,1,0,-0.0067645832090335,-0.005433255166688,-0.6659481889633254,0.001785128577197,-0.0213822250004784,-0.039970508713326,1,0
2026-04-17,2581.5,2589.0,2555.89990234375,2570.0,2718206,0.001785128577197,0.1785128577197037,4.60009765625,33.10009765625,1.2822040540867714,11.5,0.4474708171206225,2542.039990234375,2532.27998046875,2460.939990234375,2611.667998046875,2907.777998046875,3006.9029943847654,2555.0102747492874,2527.6669860105694,2512.9679953507352,2625.296673604839,3007.5002764270857,0.0489894147130923,-0.0115512377796242,-0.1414754633518884,67.56391377677929,-6.00913689493018,-35.903946059777034,29.89480916484685,0.0236037587118014,0.0183369750802342,0.0176647139214228,1.7664713921422837,5220963.8,4552509.15,0.5970786461791076,-0.3039883464011268,-0.0028968713789108,0.0719624833244407,0.0715175379047785,-0.1913860610806578,2605.0,2346.199951171875,0.9091963077039182,3350.0,2346.199951171875,0.2344092821103399,0.0,1,1,-0.7855833172798157,-0.2618611057599385,-0.4417025049527486,0.6666666666666666,0.7855833172798157,0.0,-0.4547959963480631,-0.4417025049527486,-0.0925912814835707,1.2,1.5,0.0,0,0,1,0.0,-0.0,0.0,-0.0007359683686809,-0.0715088505350571,-0.0416812309340499,0,0
2026-04-20,2579.60009765625,2594.0,2561.199951171875,2587.10009765625,2288558,-0.0007359683686809,-0.073596836868095,-1.89990234375,32.800048828125,1.271516808280717,-7.5,-0.2898998769624155,2553.1,2545.169995117188,2470.334997558594,2599.867998046875,2902.125998535156,3002.5919946289064,2563.2068823849418,2537.109369946148,2519.3139098560223,2623.50465101862,3003.2425632054856,0.0442308837488201,-0.0077957420937721,-0.1408755827396171,70.19578064998161,-0.8122770794375356,-28.88561226370913,28.0733351842716,0.0193925951539732,0.0180845144925662,0.0175129113489666,1.7512911348966624,3582627.6,4517268.7,0.5066242794014002,-0.1580630754254828,0.0219070822637734,0.052597277942058,0.0785634278214157,-0.1955592550174374,2605.0,2346.199951171875,0.9018551099245786,3350.0,2346.199951171875,0.2325165721568308,-0.9206759333610536,1,1,0.0,-0.5687530835469564,-0.4322110493977864,1.0,-0.9206759333610536,-0.7855833172798157,0.0,-0.4322110493977864,-0.1846588748196761,1.2,1.6,0.9206759333610536,0,1,0,0.0006775883647595,-0.020169323410417,-0.4664367813012553,0.0119785630229369,-0.0511707222061014,-0.0574895500131459,1,0
2026-04-21,2610.5,2614.0,2560.0,2560.0,2719959,0.0119785630229369,1.1978563022936983,30.89990234375,54.0,2.0685692396092703,50.5,1.97265625,2580.67998046875,2558.8300048828123,2478.819995117188,2587.5719970703126,2896.7249975585937,2998.438994140625,2578.9712549232945,2550.4531208650296,2527.998299393544,2622.9946647041643,2999.334677004436,0.0531220520821187,0.0088608173823363,-0.1293803191923239,71.25794774138112,5.733542929688156,-21.96178122502968,27.695324154717834,0.0134714493493789,0.0181662934423349,0.0171878229294687,1.7187822929468717,3378702.0,4499147.25,0.6045498955385379,0.1885034156879572,0.0557712112340624,0.0552165014950023,0.0695263633960312,-0.1748324948105841,2614.0,2346.199951171875,0.986930547565933,3120.0,2346.199951171875,0.341561168454812,0.0,0,0,-0.9206759333610536,-0.3068919777870179,-0.3412518501281738,0.6666666666666666,0.9206759333610536,0.0,-0.7855833172798157,-0.3412518501281738,-0.1846588748196761,0.6,1.6,0.0,0,0,1,0.0,0.0,0.0,-0.0275809231947902,-0.0635127557280693,-0.0701781080911223,0,0
2026-04-22,2538.5,2580.0,2503.60009765625,2580.0,5232045,-0.0275809231947902,-2.758092319479022,-72.0,76.39990234375,3.0096475219125467,-41.5,-1.608527131782946,2577.4,2558.7,2487.944995117188,2578.359995117188,2890.697998046875,2993.821494140625,2565.48083661553,2548.279826162297,2528.998461356064,2619.681148441256,2994.7492573327504,0.020319984960291,-0.0154594374690395,-0.1520870549669578,66.03000638897436,5.053105125673483,-16.558803954889047,21.61190908056253,0.0156125521475932,0.019228816681228,0.0164057988838401,1.6405798883840146,3372834.2,4622896.5,1.1317677131642467,0.9235749509459515,-0.0064189999493543,-0.0005118705422203,0.0774617996604414,-0.1817361441363794,2614.0,2346.199951171875,0.7180732403508404,3029.699951171875,2346.199951171875,0.2813460846058888,-0.5583907961845398,1,1,0.0,-0.4930222431818644,-0.4529300093650817,0.6666666666666666,-0.5583907961845398,-0.9206759333610536,0.0,-0.4529300093650817,-0.327328987667958,0.8,1.6,0.5583907961845398,0,1,0,0.0154009336622435,0.0035843104924284,-0.6319686744497396,-0.0065786689666633,-0.0251329717660527,-0.0406145746134528,0,0
2026-04-23,2521.800048828125,2559.5,2516.300048828125,2529.0,2509050,-0.0065786689666633,-0.657866896666337,-16.699951171875,43.199951171875,1.7130601290911196,-7.199951171875,-0.2846955781682483,2566.380029296875,2554.960009765625,2494.504992675781,2568.96599609375,2884.723999023437,2989.2819946289064,2550.9205740197285,2543.4653211924474,2528.3128982581648,2615.842673946624,2990.0432950590725,0.0109420731698216,-0.0183598955133479,-0.1563860307059506,60.76574884037745,3.130223503396337,-12.62099846323197,15.751221966628307,0.0146789759377673,0.0191361476698065,0.0163566064426421,1.6356606442642128,3093563.6,4538033.0,0.5528937317115147,-0.520445638368936,-0.0213822250004784,-0.0146139039767582,0.0548815970100995,-0.1924037757121289,2614.0,2346.199951171875,0.655713463924537,3011.60009765625,2346.199951171875,0.2639015013507717,0.2599866092205047,2,1,-0.5583907961845398,-0.099468062321345,-0.2438160240650177,1.0,0.8183774054050446,0.0,-0.9206759333610536,-0.2438160240650177,-0.3013303267459075,1.0,1.8,0.2599866092205047,1,0,0,-0.0017103658378269,-0.0055590921754643,0.1437449665669481,-0.049528171966852,-0.0189944268208869,-0.0477437323154643,0,0
2026-04-24,2396.89990234375,2505.0,2388.800048828125,2488.0,5107719,-0.049528171966852,-4.952817196685199,-124.900146484375,116.199951171875,4.847926734789873,-91.10009765625,-3.6615794877914,2529.460009765625,2535.75,2495.1599853515627,2558.0719921875,2877.0639990234376,2984.1499938964844,2499.580350127736,2516.8170632199567,2515.7973748377444,2607.256682903374,2984.1413707534475,-0.0393802736436429,-0.0630052986530399,-0.1967897366934784,45.59015816716756,-8.375524193761066,-11.771903609337793,3.3963794155767246,0.0242455827602542,0.023756055147947,0.0201060736630574,2.010607366305741,3571466.2,4600393.2,1.1102787909520428,1.0357182997548873,-0.0715088505350571,-0.074198569971514,0.0054953659062406,-0.2391759850676199,2614.0,2346.199951171875,0.189320171500097,3011.60009765625,2346.199951171875,0.0761946799076419,0.8964292407035828,1,1,0.2599866092205047,0.1993416845798492,-0.0645301759243011,1.3333333333333333,0.636442631483078,-0.5583907961845398,0.0,-0.0645301759243011,-0.2531163404385249,1.0,1.1,0.8964292407035828,1,0,0,-0.0443985015896816,-0.0641026245887273,0.9952863735424315,0.0211524040961927,0.032124829211561,-0.0010430139354402,1,1
2026-04-27,2447.60009765625,2459.0,2396.89990234375,2396.89990234375,5853425,0.0211524040961927,2.115240409619279,50.7001953125,62.10009765625,2.537183166307079,50.7001953125,2.1152404096192776,2503.060009765625,2528.0800048828123,2497.599987792969,2548.059995117188,2870.1739990234373,2979.383994140625,2482.253599303908,2504.2321603901914,2509.3023960585547,2600.995640344663,2978.802651618152,-0.020019174560015,-0.0394260330029306,-0.1784878678042851,47.93727022058824,-13.25009129117734,-12.0675411457057,-1.182550145471641,0.0288822534370399,0.0244363826573962,0.0206011165570712,2.060111655707127,4284439.6,4722055.35,1.2395926278161904,0.1459958936660377,-0.0511707222061014,-0.0303846411631937,0.0203435250270087,-0.2260553050889328,2614.0,2346.199951171875,0.3786412546528472,3011.60009765625,2346.199951171875,0.1523897267232659,0.8299960494041443,1,1,0.8964292407035828,0.6621372997760773,0.2856042206287384,1.3333333333333333,-0.0664331912994384,0.2599866092205047,-0.5583907961845398,0.2856042206287384,-0.073303414384524,1.0,1.1,0.8299960494041443,1,0,0,0.01755641183524,-0.042471497276221,1.0288569839579398,-0.0011848939241144,-0.0066596045831724,-0.0223485018508045,0,0
2026-04-28,2444.699951171875,2487.0,2427.39990234375,2444.0,4508363,-0.0011848939241144,-0.1184893924114471,-2.900146484375,59.60009765625,2.4379309873050268,0.699951171875,0.0286395733173076,2469.9,2525.289990234375,2500.964990234375,2537.2619921875,2863.245998535156,2974.5084936523435,2469.73571659323,2493.4081223504973,2503.1497822598235,2594.866397632005,2973.488196887344,-0.0224973317428274,-0.0364810734171848,-0.1781163320296747,41.72322909867277,-17.14954909228163,-13.083942735020887,-4.065606357260744,0.0268970260802134,0.0236346033873151,0.0204730931684499,2.0473093168449976,4642120.4,4655284.6,0.9684398242805607,-0.2297905926871873,-0.0635127557280693,-0.0112837278097744,0.0283082575892164,-0.2258708197682473,2614.0,2346.199951171875,0.3678117327873141,2998.0,2346.199951171875,0.151119964131782,0.0,0,0,0.8299960494041443,0.5754750967025757,0.2856042206287384,0.6666666666666666,-0.8299960494041443,0.8964292407035828,0.2599866092205047,0.2856042206287384,-0.0278238147497177,1.0,0.8,0.0,0,0,1,-0.0,-0.0,0.0,0.0122714445940981,-0.0071173979184682,-0.0590665133668167,1,0
2026-04-29,2474.699951171875,2487.89990234375,2447.60009765625,2451.0,2835961,0.0122714445940981,1.2271444594098124,30.0,40.2998046875,1.6284723595851018,23.699951171875,0.9669502722103224,2457.139990234375,2517.269995117188,2505.2099853515624,2528.559990234375,2856.658999023437,2969.823493652344,2471.3904614527783,2490.006636681657,2500.4402745371617,2590.153987966902,2968.5251297657965,-0.0121786334710804,-0.0213006767767087,-0.1667181714801362,42.77901333989827,-17.61608099807745,-13.9903703876322,-3.6257106104452497,0.0273029303867627,0.0210526848395535,0.0205991223250855,2.0599122325085584,4162903.6,4548112.1,0.6235468558481662,-0.3709554887217378,-0.0251329717660527,-0.0313906431709137,0.0355259438484747,-0.226680455094407,2614.0,2346.199951171875,0.4798356107936027,2880.0,2346.199951171875,0.240726841974072,0.0,0,0,0.0,0.2766653498013814,0.3972823798656463,0.3333333333333333,0.0,0.8299960494041443,0.8964292407035828,0.3972823798656463,-0.0278238147497177,0.8,0.8,0.0,0,0,1,0.0,-0.0,0.0,-0.0003232912449633,-0.0158807328579428,-0.0815856088929657,0,0
2026-04-30,2473.89990234375,2491.0,2438.0,2479.0,3970446,-0.0003232912449633,-0.032329124496333,-0.800048828125,53.0,2.142366388785104,-5.10009765625,-0.2057320555163372,2447.5599609375,2506.9699951171874,2510.9599853515624,2523.035986328125,2850.040998535156,2965.161993408203,2472.226941749769,2487.0781395293097,2497.9126200425508,2585.5950042169748,2963.6034857118457,-0.0147593283939264,-0.0194749834130922,-0.1656779940376171,39.65113491785445,-17.844665947619433,-14.761229499629646,-3.0834364479897864,0.0273428270755953,0.0206925877713944,0.0203106777405093,2.031067774050933,4455182.8,4406396.6,0.901064148424588,0.4000354729842899,-0.0189944268208869,-0.039970508713326,0.0487515387514911,-0.2132362361098623,2614.0,2375.699951171875,0.4120853170395368,2760.0,2346.199951171875,0.3086030355325457,0.0,0,0,0.0,0.0,0.3452850580215454,0.0,0.0,0.0,0.8299960494041443,0.3452850580215454,0.0507345169782638,0.4,0.7,0.0,0,0,1,-0.0,-0.0,0.0,0.0,-0.0293059553182868,-0.0921217152431429,0,0
2026-05-01,2473.89990234375,2473.89990234375,2473.89990234375,2473.89990234375,0,0.0,0.0,0.0,0.0,0.0,0.0,0.0,2462.9599609375,2496.2099853515624,2514.244982910156,2518.6699853515624,2842.979997558594,2960.612492675781,2472.784595281096,2484.6820964046624,2495.625694547427,2581.214804143516,2958.730813240521,-0.0160465988162012,-0.0177752874605218,-0.1643959118378723,44.87178149569624,-17.820398703555384,-15.373063340414795,-2.4473353631405885,0.0099473504853712,0.0206459859068674,0.0198510105946023,1.98510105946024,3433639.0,4199763.55,0.0,-1.0,0.032124829211561,-0.0416812309340499,0.027281767504357,-0.2080732482856855,2614.0,2375.699951171875,0.4120853170395368,2760.0,2346.199951171875,0.3086030355325457,0.0,0,0,0.0,0.0,0.1659992098808288,0.0,0.0,0.0,0.0,0.1659992098808288,0.0507345169782638,0.2,0.6,0.0,0,0,1,0.0,0.0,0.0,-0.0172197159130271,-0.0321354958317765,-0.0848457539227406,0,0
2026-05-05,2427.300048828125,2460.39990234375,2412.199951171875,2430.0,3385720,-0.0016452103482365,-0.1645210348236503,-4.0,48.199951171875,1.9857434269465544,-2.699951171875,-0.111109101723251,2456.219970703125,2463.0599853515623,2510.944995117188,2507.361987304688,2826.891999511719,2951.6654931640624,2448.4042916961125,2466.307865800848,2483.5756907888235,2569.5304707859304,2948.247097205525,-0.033312138040347,-0.0319307458922696,-0.1776507011212302,34.20794846460416,-23.56485812333858,-17.911185498808297,-5.653672624530284,0.0104922573043983,0.0201571973555581,0.0197628928791351,1.9762892879135123,2564897.0,4103128.55,0.8251557217236102,0.2861928354729866,-0.0071173979184682,-0.0701781080911223,-0.0188365962064498,-0.2474188410129296,2614.0,2388.800048828125,0.17095918449208,2748.699951171875,2346.199951171875,0.2014909258540372,0.0,0,0,0.0,0.0,0.0,0.0,0.0,0.0,0.0,0.0,0.1428021103143691,0.0,0.5,0.0,0,0,1,-0.0,-0.0,0.0,0.0033369807410235,-0.0523215084436364,-0.0412804141046553,1,0
2026-05-06,2435.39990234375,2471.0,2406.5,2441.89990234375,3147628,0.0033369807410235,0.3336980741023509,8.099853515625,64.5,2.648435681463537,-6.5,-0.2661861771549793,2448.3599609375,2452.7499755859376,2505.724987792969,2502.171987304688,2818.8809985351563,2947.728992919922,2444.069495245325,2460.688236081376,2478.987520460721,2564.2704484940805,2943.144140042721,-0.0280657637178136,-0.0266856496274917,-0.1738046787227464,31.86362925180711,-24.6623516597042,-19.26141873098748,-5.4009329287167205,0.008065558714575,0.0189983614705595,0.0187219208799237,1.8721920879923784,2627230.4,4034682.45,0.7801426850829363,-0.0703224129579528,-0.0158807328579428,-0.0406145746134528,-0.0411056557513437,-0.1879564459195686,2614.0,2388.800048828125,0.2069265702462763,2748.699951171875,2346.199951171875,0.2216147855201863,0.0,0,0,0.0,0.0,0.0,0.0,0.0,0.0,0.0,0.0,0.1986411899328231,0.0,0.4,0.0,0,0,1,0.0,-0.0,0.0,-0.0139607462278698,-0.0667651556358954,-0.0443458997826452,0,0
2026-05-07,2401.39990234375,2439.699951171875,2398.0,2438.199951171875,5829594,-0.0139607462278698,-1.3960746227869802,-34.0,41.699951171875,1.7364850865187482,-36.800048828125,-1.509312179685581,2433.8599609375,2440.7099609375,2497.8349853515624,2496.6419873046875,2810.8119970703124,2943.4744921875,2429.846297611467,2449.9085390381706,2471.5982234972003,2557.883368252891,2937.7536501153686,-0.0386074674961922,-0.0381480746719951,-0.184161470154578,28.53395737112635,-27.95340953965251,-20.99981689272049,-6.953592646932023,0.0091014644524554,0.0192526239586662,0.0187639497553629,1.8763949755362983,2999060.0,4087695.3,1.426132226636364,0.8520593920247246,-0.0293059553182868,-0.0477437323154643,-0.0616599139726723,-0.1972589328618585,2614.0,2388.800048828125,0.0559496280974264,2704.0,2346.199951171875,0.1542759743959431,0.0,0,0,0.0,0.0,0.0,0.0,0.0,0.0,0.0,0.0,0.1726425290107726,0.0,0.2,0.0,0,0,1,-0.0,-0.0,0.0,-0.0029149663882171,-0.0647122131520371,-0.0308986233819099,0,0
2026-05-08,2394.39990234375,2407.0,2375.10009765625,2398.0,3792199,-0.0029149663882171,-0.2914966388217199,-7.0,31.89990234375,1.3322712848645246,-3.60009765625,-0.1501291766576313,2417.9599609375,2440.4599609375,2488.10498046875,2490.805986328125,2802.863996582031,2939.2809912109374,2418.030832522228,2439.816059639185,2464.246002434967,2551.4722519427287,2932.3471451624173,-0.0376612236463375,-0.0387047744840593,-0.1853790401450203,28.191220829341944,-30.771720875342,-22.95419768924479,-7.817523186097208,0.0087143678175971,0.011121837709886,0.0184452884763613,1.844528847636135,3757499.8,3995892.2,0.9490243505568042,-0.3494917484819697,-0.0321354958317765,-0.0010430139354402,-0.0751641937644843,-0.1860212731664264,2614.0,2375.10009765625,0.0807861556164629,2704.0,2346.199951171875,0.1347119748299101,0.0,0,0,0.0,0.0,0.0,0.0,0.0,0.0,0.0,0.0,0.0829996049404144,0.0,0.1,0.0,0,0,1,-0.0,-0.0,0.0,-0.0006264617696198,-0.0544603690536859,-0.0322000737805561,0,0
2026-05-11,2392.89990234375,2415.0,2371.0,2371.0,1975188,-0.0006264617696198,-0.062646176961989,-1.5,44.0,1.8387731119427,21.89990234375,0.923656783793758,2410.279931640625,2434.98994140625,2481.5349731445312,2485.1379833984374,2794.8739965820314,2935.199490966797,2409.653855796069,2431.285849221833,2457.451135759613,2545.253728429044,2926.979510905515,-0.0357178406752274,-0.0371158791466989,-0.184757318980191,22.469636878065657,-32.748782795038096,-24.91311471040345,-7.835668084634644,0.0064737991416217,0.0082776018266986,0.0177594993866843,1.7759499386684383,3626065.8,3570639.65,0.5531748352147493,-0.4791444225368975,-0.015794079592473,-0.0223485018508045,-0.0520540918047265,-0.1883522345922974,2614.0,2371.0,0.0901230549125514,2688.60009765625,2346.199951171875,0.136389985960494,-0.460558146238327,2,1,0.0,-0.1535193820794423,-0.0921116292476654,0.6666666666666666,-0.460558146238327,0.0,0.0,-0.0921116292476654,-0.0460558146238327,0.4,0.2,0.460558146238327,0,1,0,0.0002885220713053,0.0072740920186499,-0.2547691766521969,-0.0386977547305372,-0.0458439364991524,-0.035396361999478,0,0
2026-05-12,2300.300048828125,2375.0,2283.0,2375.0,6347884,-0.0386977547305372,-3.869775473053727,-92.599853515625,92.0,3.999478244017292,-74.699951171875,-3.145261101973684,2384.879931640625,2420.549951171875,2472.919970703125,2479.6699853515624,2785.6719970703125,2930.7514916992186,2373.2025868067544,2407.4702491502494,2442.4843655756617,2535.647701778027,2920.7438943674315,-0.0698040874432013,-0.0723362131182979,-0.2151159675792111,21.35643059167397,-41.3114403311456,-28.192779834551885,-13.11866049659372,0.0169819412766823,0.0141617649380062,0.0191425579191404,1.91425579191404,4218498.6,3701054.5,1.7151555050053977,2.2138125586020165,-0.0523215084436364,-0.0590665133668167,-0.0696837507170877,-0.2292769638939209,2614.0,2283.0,0.0522660085441842,2688.60009765625,2283.0,0.0426529700759267,0.8498318791389465,1,1,-0.460558146238327,0.1297579109668731,0.0778547465801238,1.0,1.3103900253772736,0.0,0.0,0.0778547465801238,0.0389273732900619,0.6,0.3,0.8498318791389465,1,0,0,-0.0328865856211105,-0.0444644858400398,1.457593825834246,-0.0119549621424429,0.0116506752420311,-0.0104769365494417,0,1
2026-05-13,2272.800048828125,2309.199951171875,2269.0,2306.0,3171843,-0.0119549621424429,-1.195496214244296,-27.5,40.199951171875,1.7687412138433576,-33.199951171875,-1.4397203457014311,2352.3599609375,2400.3599609375,2458.814978027344,2472.5399853515623,2776.097998046875,2926.3244921875,2339.7350741472114,2382.98475818259,2426.3239544568487,2525.3399506819524,2914.2966919242544,-0.0756522678044099,-0.0807832988371417,-0.2233260341100617,20.81575914210859,-49.74302170181545,-32.5028282080046,-17.24019349381085,0.0151262306866878,0.0126885407443881,0.0171445732995264,1.7144573299526404,4223341.6,3596577.45,0.8819059353219266,-0.5003306613668429,-0.0667651556358954,-0.0815856088929657,-0.1104152273272386,-0.2189153857003134,2614.0,2269.0,0.0110146342844202,2688.60009765625,2269.0,0.0090563583024666,0.0,0,0,0.8498318791389465,0.1297579109668731,0.0778547465801238,1.0,-0.8498318791389465,-0.460558146238327,0.0,0.0778547465801238,0.0389273732900619,0.6,0.3,0.0,0,0,1,-0.0,-0.0,0.0,-0.0117916438984341,0.024023166289431,0.0050157964180033,0,1
2026-05-14,2246.0,2265.0,2206.39990234375,2265.0,5633313,-0.0117916438984341,-1.1791643898434123,-26.800048828125,58.60009765625,2.609087161898932,-19.0,-0.8388520971302429,2321.27998046875,2377.569970703125,2442.269982910156,2464.505986328125,2766.5069970703125,2921.7564916992187,2308.4900494314743,2358.078438513028,2409.150244508577,2514.385442812072,2907.6469735966502,-0.0803637535094646,-0.0886611708554531,-0.2312843296897121,27.03197833428463,-57.91998511296788,-37.58625958899726,-20.33372552397062,0.0151455011646167,0.0123921805681012,0.0168533288640784,1.6853328864078414,4184085.4,3682972.95,1.5295558985845932,0.7760377799279472,-0.0647122131520371,-0.0921217152431429,-0.1284100721346563,-0.1833024543673392,2614.0,2206.39990234375,0.0971542889316154,2688.60009765625,2206.39990234375,0.0821237694244116,0.0,0,0,0.0,0.2832772930463155,0.0778547465801238,0.3333333333333333,0.0,0.8498318791389465,-0.460558146238327,0.0778547465801238,0.0389273732900619,0.6,0.3,0.0,0,0,1,-0.0,-0.0,0.0,0.0080142475512021,0.0361531394353851,0.0170079925075132,1,1
2026-05-15,2264.0,2304.89990234375,2252.0,2252.0,3410637,0.0080142475512021,0.8014247551202169,18.0,52.89990234375,2.33656812472394,12.0,0.5328596802841918,2295.2,2356.57998046875,2426.394982910156,2457.03798828125,2756.968996582031,2917.180991210937,2293.660032954316,2340.973267874296,2395.326411698237,2504.5664058390494,2901.2425260981763,-0.066928502594983,-0.0785653250791958,-0.2239082844632819,18.965480242589123,-62.23048368167201,-42.51510440753221,-19.7153792741398,0.0175915855956625,0.0133038500071586,0.0170747075021055,1.7074707502105542,4107773.0,3717594.5,0.9174311507078032,-0.3945592939714161,-0.0544603690536859,-0.0848457539227406,-0.1229905093937633,-0.1590520611165919,2614.0,2206.39990234375,0.1413152204512647,2635.0,2206.39990234375,0.1343912378257248,0.0,1,1,0.0,0.0,0.0778547465801238,0.3333333333333333,0.0,0.0,0.8498318791389465,0.0778547465801238,0.0389273732900619,0.8,0.4,0.0,0,0,1,0.0,-0.0,0.0,0.0084805438038317,0.023542424394048,-0.0022526933110644,1,1
2026-05-18,2283.199951171875,2292.89990234375,2252.199951171875,2264.0,3773336,0.0084805438038317,0.8480543803831786,19.199951171875,40.699951171875,1.7825837439679932,19.199951171875,0.8480543803831713,2273.260009765625,2341.769970703125,2411.5749755859374,2450.4319873046875,2746.992995605469,2912.8569909667967,2290.173339026836,2330.469028473856,2384.6477011719167,2495.885368401121,2895.092848735725,-0.0532328564169444,-0.0682459407154395,-0.2161647625501636,24.12685002659657,-63.36685558723957,-46.68545464347368,-16.681400943765887,0.0193219784698025,0.0139516332715587,0.0173576310491384,1.7357631049138411,4467402.6,3791833.4,0.9951217793482172,0.1063434777726273,-0.0458439364991524,-0.0609139533097256,-0.1149015875575736,-0.1564324729209215,2614.0,2206.39990234375,0.1884200942780303,2635.0,2206.39990234375,0.1791881272265152,0.2459221283594767,3,1,0.0,0.0819740427864922,0.2191508014996846,1.3333333333333333,0.2459221283594767,0.0,0.0,0.2191508014996846,0.0635195861260096,1.0,0.7,0.2459221283594767,1,0,0,0.002085553381884,-0.0112740384362482,0.2447224659541831,0.0192274647088368,0.0109495447331138,0.006219320022579,1,1
2026-05-19,2327.10009765625,2377.60009765625,2297.10009765625,2300.0,10394707,0.0192274647088368,1.922746470883685,43.900146484375,80.5,3.459240970385243,27.10009765625,1.1782651154891304,2278.62001953125,2331.7499755859376,2397.40498046875,2445.21798828125,2737.443996582031,2908.8134912109376,2302.482258569974,2329.856495597928,2379.166977027567,2489.266338175832,2889.441179570756,-0.029325409509558,-0.048305668938754,-0.1999830498972695,27.36196870354492,-60.0330400605144,-49.35497172688183,-10.678068333632568,0.0137761018897791,0.0161006336501723,0.0178209507098438,1.7820950709843828,5276767.2,4175570.8,2.489409831106205,1.7547790602268123,0.0116506752420311,-0.0412804141046553,-0.1085615408326948,-0.1436298736711028,2580.0,2206.39990234375,0.3230732434753173,2619.199951171875,2206.39990234375,0.2923938494075982,0.0,0,0,0.2459221283594767,0.0819740427864922,0.0491844256718953,1.3333333333333333,-0.2459221283594767,0.0,0.0,0.0491844256718953,0.0635195861260096,0.8,0.7,0.0,0,0,1,0.0,0.0,0.0,0.0001288318829955,-0.0218727791450137,0.0514802972197701,1,0
2026-05-20,2327.39990234375,2342.0,2317.800048828125,2323.89990234375,2537422,0.0001288318829955,0.0128831882995505,0.2998046875,24.199951171875,1.0397848323145946,3.5,0.1506088965566074,2289.539990234375,2320.9499755859374,2386.849975585937,2440.1899853515624,2727.468996582031,2905.0539904785155,2310.7881398279,2329.4098422789857,2374.2367794386323,2482.9186348098683,2883.8487290510843,-0.0249073355469664,-0.0462218448911315,-0.1988445275124182,27.49612599625276,-56.71302307663609,-50.82658199683269,-5.886441079803404,0.0115014268685221,0.0159676445866453,0.0170819823831279,1.7081982383127927,5149883.0,4040839.65,0.6279442442117197,-0.7558928789431005,0.024023166289431,-0.0443458997826452,-0.0831593845405751,-0.1363687013682347,2559.5,2206.39990234375,0.3426790329517153,2619.199951171875,2206.39990234375,0.2931201203669916,0.0,0,0,0.0,0.0819740427864922,0.0491844256718953,1.0,0.0,0.2459221283594767,0.0,0.0491844256718953,0.0635195861260096,0.8,0.7,0.0,0,0,1,0.0,0.0,0.0,-8.591182446715528e-05,-0.0185614647179332,-0.0368221856010103,0,0
2026-05-21,2327.199951171875,2335.89990234375,2314.0,2331.0,3299087,-8.591182446715528e-05,-0.0085911824467155,-0.199951171875,21.89990234375,0.941040856103584,-3.800048828125,-0.1630222577488202,2305.77998046875,2313.52998046875,2377.119970703125,2435.581982421875,2717.64099609375,2901.409990234375,2316.258743609225,2329.0080438958744,2369.757081508465,2476.812019765241,2878.309935241341,-0.0210002104001862,-0.0444994387510734,-0.1979072385478743,27.479245763887064,-53.48151843258847,-51.35756928398385,-2.123949148604624,0.0079062886367852,0.0156450500195802,0.0170959025349521,1.7095902534952183,4683037.8,4080341.5,0.8085320799741884,0.3001727737837854,0.0361531394353851,-0.0308986233819099,-0.0771671400937121,-0.1309608140561697,2505.0,2206.39990234375,0.4045546192928264,2614.0,2206.39990234375,0.2963690379927285,0.0,0,0,0.0,0.0,0.0491844256718953,0.0,0.0,0.0,0.2459221283594767,0.0491844256718953,0.0635195861260096,0.8,0.7,0.0,0,0,1,-0.0,0.0,0.0,-0.0042539973149985,-0.0184771402983001,-0.0370401998025431,0,0
2026-05-22,2317.300048828125,2340.0,2308.10009765625,2331.10009765625,2617262,-0.0042539973149985,-0.4253997314998536,-9.89990234375,31.89990234375,1.376597836774828,-13.800048828125,-0.5919972652397011,2316.439990234375,2305.819995117188,2373.139978027344,2431.3799853515625,2707.6239965820314,2897.7284899902343,2316.6058453488586,2326.87931751992,2364.761173634147,2470.5566483559423,2872.7277473168315,-0.0235299770414871,-0.0469198303888078,-0.2003046328070803,30.546042665520133,-51.12997260575548,-51.312049948338185,0.1820773425827013,0.0093449764352063,0.0156497611189821,0.0133096028709852,1.3309602870985269,4524362.8,3955818.65,0.6616233532343552,-0.2066708152891997,0.023542424394048,-0.0322000737805561,-0.033209502590321,-0.1373315125639901,2498.300048828125,2206.39990234375,0.3799249428958794,2614.0,2206.39990234375,0.2720807652453085,0.0,0,0,0.0,0.0,0.0491844256718953,0.0,0.0,0.0,0.0,0.0491844256718953,0.0635195861260096,0.6,0.7,0.0,0,0,1,-0.0,0.0,0.0,-0.0039270260494975,-0.0252018060906304,-0.0510940076768439,0,0
2026-05-25,2308.199951171875,2326.10009765625,2293.0,2325.0,3298364,-0.0039270260494975,-0.3927026049497573,-9.10009765625,33.10009765625,1.4340221105821032,-16.800048828125,-0.722582745295699,2321.439990234375,2297.35,2366.169970703125,2427.281982421875,2697.90599609375,2894.085489501953,2313.803880623197,2323.4830690930025,2359.374390542502,2464.1897190546065,2867.1105553153893,-0.0244995162008685,-0.04905982581026,-0.2024423744410203,30.023439496288333,-49.430849362373465,-50.93580983114525,1.5049604687717846,0.0097293707030565,0.0156252715103889,0.0121870073958778,1.2187007395877838,4429368.4,3828065.6,0.8616268226960374,0.2602345504576919,0.0109495447331138,-0.035396361999478,-0.0569538081886255,-0.1375406684379169,2498.300048828125,2206.39990234375,0.348749564034817,2614.0,2206.39990234375,0.2497547213886543,0.0,0,0,0.0,0.0,0.0,0.0,0.0,0.0,0.0,0.0,0.1095754007498423,0.0,0.5,0.0,0,0,1,-0.0,0.0,0.0,-0.0138636169642727,-0.0046789918796427,-0.0679317442791372,0,0
2026-05-26,2276.199951171875,2327.89990234375,2272.39990234375,2308.199951171875,3587597,-0.0138636169642727,-1.386361696427274,-32.0,55.5,2.4382743691487416,-32.0,-1.3863616964272776,2311.2599609375,2294.939990234375,2357.744970703125,2423.5079833984373,2688.1529956054687,2890.4514892578127,2301.2692374727567,2314.8861385618884,2351.453015364348,2456.8175712944994,2861.2308478114737,-0.0345860220441618,-0.0607829779128662,-0.2125105854115754,25.279491944490573,-50.08901947810136,-50.76645176053648,0.6774322824351131,0.0056772956063427,0.0105593394359993,0.012422959239262,1.2422959239262017,3067946.4,3782027.3,0.948590984523036,0.0876898365371439,-0.0218727791450137,-0.0104769365494417,-0.0689246138035176,-0.1155923400723305,2498.300048828125,2206.39990234375,0.2391230346020443,2614.0,2206.39990234375,0.1712463986870556,0.0,2,1,0.0,0.0,0.0,0.6666666666666666,0.0,0.0,0.0,0.0,0.0245922128359476,0.4,0.6,0.0,0,0,1,-0.0,-0.0,0.0,0.0035146297212955,0.0749933902265449,-0.0550039336866768,1,1
2026-05-27,2284.199951171875,2295.60009765625,2260.89990234375,2275.0,2653950,0.0035146297212955,0.351462972129557,8.0,34.7001953125,1.519140007629261,9.199951171875,0.4043934581043956,2302.619970703125,2296.07998046875,2348.219970703125,2420.343984375,2678.5269946289063,2886.5004895019533,2295.579475372463,2309.306831763704,2345.047961631731,2450.0482528583184,2855.489246849886,-0.0272632122756713,-0.0562498694739381,-0.2086611592551648,30.202694621891027,-49.39568815021767,-50.49229903847272,1.0966108882550571,0.0064955252174576,0.0098883621937541,0.0119847950796242,1.1984795079624238,3091252.0,3772926.75,0.7034194342628041,-0.2602429983077809,-0.0185614647179332,0.0050157964180033,-0.0769790292798083,-0.1312516986450673,2498.300048828125,2206.39990234375,0.2665296669602374,2614.0,2206.39990234375,0.1908734793624553,0.8149822354316711,3,1,0.0,0.2716607451438904,0.1629964470863342,1.6666666666666667,0.8149822354316711,0.0,0.0,0.1629964470863342,0.1060904363791147,1.0,0.9,0.8149822354316711,1,0,0,0.002864360786976,-0.0151272640087073,0.5732743429815815,0.0,-0.0186060769234304,-0.0570440642734785,0,0
2026-05-28,2284.199951171875,2284.199951171875,2284.199951171875,2284.199951171875,0,0.0,0.0,0.0,0.0,0.0,0.0,0.0,2294.019970703125,2299.8999755859377,2338.734973144531,2417.8179833984377,2669.306994628906,2882.6019897460938,2291.786300638934,2304.7419443833714,2339.2529130165067,2443.5443978902226,2849.804776246125,-0.0233181709765648,-0.0552638921308509,-0.2075909337129568,30.934248396822625,-48.28956601982145,-50.05175243474248,1.7621864149210251,0.0065076544456646,0.0089083768054601,0.01199012985774,1.1990129857740006,2431434.6,3574404.45,0.0,-1.0,-0.0184771402983001,0.0170079925075132,-0.0766805281782642,-0.137288970315203,2498.300048828125,2206.39990234375,0.2665296669602374,2614.0,2206.39990234375,0.1908734793624553,0.0,0,0,0.8149822354316711,0.2716607451438904,0.1629964470863342,1.6666666666666667,-0.8149822354316711,0.0,0.0,0.1629964470863342,0.1060904363791147,1.0,0.9,0.0,0,0,1,0.0,-0.0,0.0,-0.0110761095214738,-0.0189125085786434,-0.0650555365958168,0,0
2026-06-01,2297.39990234375,2335.0,2280.0,2284.0,7505095,0.0170436945701109,1.70436945701109,38.5,55.0,2.394010722464573,13.39990234375,0.5866857418454466,2280.179931640625,2300.8099609375,2321.2899658203123,2412.9259814453126,2650.088994140625,2874.98698852539,2286.349412697165,2296.587550320686,2328.3430698105644,2430.8562398320555,2838.487063835,-0.0102917187548001,-0.0478780037141312,-0.2009007652858598,49.43947680097392,-45.73360031367656,-49.00238165069433,3.2687813370177707,0.012388309883748,0.0106273125945532,0.0125712359338495,1.257123593384956,6015644.8,4634620.4,1.619354845113097,-0.5404551132890861,-0.0046789918796427,0.006219320022579,-0.0550734766566201,-0.1209489564401186,2471.0,2206.39990234375,0.3439152169861285,2614.0,2206.39990234375,0.2232580426826711,0.0,0,0,0.0,0.0,0.1629964470863342,0.0,0.0,0.0,0.8149822354316711,0.1629964470863342,0.081498223543167,1.0,0.5,0.0,0,0,1,0.0,-0.0,0.0,0.0650735641833553,-0.0635501028145141,-0.058936148733017,1,0
2026-06-02,2446.89990234375,2457.39990234375,2316.199951171875,2320.0,11306127,0.0650735641833553,6.50735641833553,149.5,141.199951171875,5.770565074469429,126.89990234375,5.469823376885776,2314.319921875,2312.78994140625,2322.2699584960938,2413.047978515625,2642.3969921875,2872.0394885253904,2339.8662425793605,2323.9170688703343,2339.6341967184867,2431.485403067808,2834.5906741684203,0.0536672936717343,0.0140286990269248,-0.1480270685275022,72.86575726890807,-30.81284535333043,-45.36447439122156,14.551629037891123,0.0297841244174966,0.0226314384982608,0.0197074339061875,1.970743390618756,7559350.8,5030640.75,2.2474526729025524,0.5064602113630807,0.0749933902265449,0.0514802972197701,0.0080747551276521,-0.0544478490709439,2471.0,2206.39990234375,0.9089187877490538,2614.0,2206.39990234375,0.5900391128042024,0.0,0,0,0.0,0.0,0.1629964470863342,0.0,0.0,0.0,0.0,0.1629964470863342,0.081498223543167,0.6,0.5,0.0,0,0,1,0.0,0.0,0.0,-0.0838611955378008,-0.1209284867191844,-0.1013118281243545,0,0
2026-06-03,2241.699951171875,2393.0,2224.800048828125,2393.0,15660062,-0.0838611955378008,-8.38611955378008,-205.199951171875,168.199951171875,7.503232137911521,-151.300048828125,-6.322609645972628,2305.819921875,2304.2199462890626,2312.5849609375,2410.7619775390626,2632.2559912109373,2868.0439880371096,2307.144145443532,2308.968502016069,2330.307125714048,2424.042836326791,2828.6912639893503,-0.0306518510510804,-0.0701280457972745,-0.2183871793730418,49.615448939837286,-35.14087850804299,-43.31975521458584,8.178876706542852,0.0539619446504405,0.0362394697214672,0.0272632359683057,2.726323596830576,10160573.2,5656262.45,2.768623651825066,0.3850951789237817,-0.0186060769234304,-0.0368221856010103,-0.0795351724312153,-0.1307197499897043,2457.39990234375,2206.39990234375,0.1406376447335657,2614.0,2206.39990234375,0.0866046132743945,0.0,0,0,0.0,0.0,0.0,0.0,0.0,0.0,0.0,0.0,0.081498223543167,0.0,0.5,0.0,0,0,1,-0.0,-0.0,0.0,-0.0003122412397381,-0.0391667264756938,-0.0083418617920294,0,0
2026-06-04,2241.0,2253.10009765625,2216.60009765625,2241.699951171875,4867263,-0.0003122412397381,-0.0312241239738164,-0.699951171875,36.5,1.6287371709058456,-0.699951171875,-0.0312241239738213,2297.179931640625,2295.599951171875,2304.5649658203124,2407.7699755859376,2621.709990234375,2864.0719885253907,2285.0960969623547,2296.6105925586016,2321.8016851698526,2416.864685882603,2822.8435897208,-0.0275821974051776,-0.069263250757728,-0.2175476004170511,47.87744478670808,-38.18715838361595,-42.29323584839186,4.106077464775908,0.0539584161615253,0.0362374185148805,0.027165541969534,2.716554196953409,11134025.8,5608145.9,0.8678916502511106,-0.6891926098376877,-0.0189125085786434,-0.0370401998025431,-0.0667943320007636,-0.1237879596369964,2457.39990234375,2206.39990234375,0.1378489946464143,2614.0,2206.39990234375,0.0848873635094907,0.5656810998916626,1,1,0.0,0.1885603666305542,0.1131362199783325,0.3333333333333333,0.5656810998916626,0.0,0.0,0.1131362199783325,0.1380663335323333,0.2,0.6,0.5656810998916626,1,0,0,-0.0001766289679266,-0.0106984486544775,0.4909499033008384,-0.0187862997127398,-0.0470325311663319,-0.0168228251547858,0,0
2026-06-05,2198.89990234375,2271.800048828125,2192.0,2262.89990234375,5019717,-0.0187862997127398,-1.8786299712739816,-42.10009765625,79.800048828125,3.6290896526516834,-64.0,-2.828229385387899,2285.179931640625,2283.7599365234373,2294.7899658203123,2404.07197265625,2611.659990234375,2859.88548828125,2256.3640320894865,2278.8450125195377,2310.0967534721285,2408.3170473124524,2816.635194821526,-0.0417859869115667,-0.0853435640222561,-0.2311230951889416,42.53585477976542,-43.49707595234349,-42.534003869182186,-0.9630720831613075,0.0543688724662387,0.036575703942148,0.0273909160658052,2.739091606580528,8871652.8,5669521.8,0.8853863124752427,0.0313223263259043,-0.0265616019274453,-0.0510940076768439,-0.0816488506404613,-0.1299754738834048,2457.39990234375,2192.0,0.025998134448494,2614.0,2192.0,0.0163504794875592,0.0,0,0,0.5656810998916626,0.1885603666305542,0.1131362199783325,0.3333333333333333,-0.5656810998916626,0.0,0.0,0.1131362199783325,0.1380663335323333,0.2,0.6,0.0,0,0,1,-0.0,-0.0,0.0,-0.0216017109052444,-0.0170539822936141,-0.0336076700285365,0,0
2026-06-08,2151.39990234375,2177.0,2143.300048828125,2170.0,6536734,-0.0216017109052444,-2.160171090524443,-47.5,33.699951171875,1.566419666337348,-18.60009765625,-0.8571473574308757,2255.979931640625,2268.079931640625,2282.7149658203125,2399.1239697265623,2601.0959887695312,2855.5309875488283,2221.375988840908,2255.673174305758,2294.982767650378,2398.241865156817,2810.0159381799563,-0.0575258258007579,-0.1032560511706472,-0.2465849918195076,34.54159284736029,-50.9507483956213,-44.21735277447001,-6.733395621151296,0.0533365814621261,0.0369635210570036,0.0276597135473464,2.765971354734645,8677980.6,5897599.1,1.1083720492293212,0.3022116585456909,-0.0635501028145141,-0.0679317442791372,-0.100923569666855,-0.1439259007827926,2457.39990234375,2143.300048828125,0.0257875112801415,2614.0,2143.300048828125,0.0172081035816112,0.4668537179629008,6,1,0.0,0.3441782726181878,0.2065069635709126,2.333333333333333,0.4668537179629008,0.5656810998916626,0.0,0.2065069635709126,0.1847517053286234,1.4,1.2,0.4668537179629008,1,0,0,-0.0100848390504731,-0.0296686017758805,0.5174476120688679,-0.0001858800603803,0.0049270698788739,-0.0109695335999202,0,1
2026-06-09,2151.0,2174.0,2132.800048828125,2174.0,4148655,-0.0001858800603803,-0.0185880060380339,-0.39990234375,41.199951171875,1.9153859215190607,-23.0,-1.0579576816927323,2196.799951171875,2255.559936523437,2275.249963378906,2394.5959716796874,2590.2099877929686,2851.2299877929686,2197.9173258939386,2236.641688068348,2281.2701231122464,2388.5461057389025,2803.458565660753,-0.0546093683677666,-0.1017273788817147,-0.2455887426797831,34.48276454513983,-56.2417859852053,-46.62223941661707,-9.619546568588229,0.0344238725032152,0.0369091393141071,0.026501957435422,2.6501957435422008,7246486.2,5787637.65,0.7168131888837235,-0.3653321368132771,-0.1209284867191844,-0.0550039336866768,-0.0649045975129136,-0.1273479308613214,2457.39990234375,2132.800048828125,0.0560688828869077,2614.0,2132.800048828125,0.0378220137544742,0.1820408701896667,4,1,0.4668537179629008,0.2162981960508558,0.242915137608846,3.333333333333333,-0.2848128477732341,0.0,0.5656810998916626,0.242915137608846,0.2029557923475901,2.2,1.4,0.1820408701896667,1,0,0,-3.38377679425447e-05,-0.0220139269530798,0.1304892966678229,0.0013481647344257,0.0223152022315202,-0.0424918188487912,1,1
2026-06-10,2153.89990234375,2180.800048828125,2144.800048828125,2151.300048828125,2848650,0.0013481647344257,0.1348164734425783,2.89990234375,36.0,1.67138686253836,2.599853515625,0.1208503442855967,2179.23994140625,2242.529931640625,2269.3049560546874,2389.87796875,2579.0689868164063,2846.918487548828,2183.244851377209,2221.597727027512,2269.139625896199,2379.344293841053,2796.995295378992,-0.050854801776653,-0.0987406342465577,-0.2434276176982366,34.82751766076372,-59.51492253098786,-49.20077603949123,-10.31414649149663,0.0112789449336687,0.0368598079917519,0.0264325131146866,2.643251311468661,4684203.8,5771478.0,0.493573743155566,-0.3133557743413226,-0.0391667264756938,-0.0570440642734785,-0.0523143892687264,-0.1181215245395124,2457.39990234375,2132.800048828125,0.0650026587723316,2614.0,2132.800048828125,0.0438484115890705,-0.5764150619506836,3,1,0.1820408701896667,0.0241598420672946,0.1276321252187092,4.333333333333333,-0.7584559321403503,0.4668537179629008,0.0,0.1276321252187092,0.0638160626093546,2.8,1.4,0.5764150619506836,0,1,0,-0.0007771024589137,0.0225762910678925,-0.2845033397382464,-0.0084961258726959,0.0320813876174372,-0.0208458630296108,0,1
2026-06-11,2135.60009765625,2154.60009765625,2110.0,2127.0,3079815,-0.0084961258726959,-0.8496125872695992,-18.2998046875,44.60009765625,2.088410545831924,8.60009765625,0.404329932122708,2158.1599609375,2227.6699462890624,2263.7849609375,2385.41197265625,2568.499987792969,2842.103487548828,2167.363266803556,2205.961794414555,2256.421575587633,2369.785697912237,2790.4142486354817,-0.0566241341351453,-0.1047248348979419,-0.2485846813769268,34.322689584017056,-62.86092649456714,-51.93280613050642,-10.928120364060716,0.0104656604803706,0.0368236136367977,0.0263807508213164,2.638075082131648,4326714.2,5643803.1,0.545698520205285,0.0811489652993522,-0.0470325311663319,-0.0650555365958168,-0.0491540081672974,-0.1140426892112632,2457.39990234375,2110.0,0.0736905724024034,2614.0,2110.0,0.0507938445560515,0.0,0,0,-0.5764150619506836,-0.1314580639203389,0.0144959052403767,2.333333333333333,0.5764150619506836,0.1820408701896667,0.4668537179629008,0.0144959052403767,0.0638160626093546,2.6,1.4,0.0,0,0,1,-0.0,-0.0,0.0,0.0120808220208523,0.031700668700181,-0.0191515942190027,1,1
2026-06-12,2161.39990234375,2168.0,2138.0,2150.0,2124656,0.0120808220208523,1.2080822020852366,25.7998046875,30.0,1.387989328928395,11.39990234375,0.5302280159883721,2150.6599609375,2217.9199462890624,2258.654956054688,2380.4759716796875,2558.188986816406,2837.3974865722657,2165.375478650288,2197.8596322198628,2247.3718924215486,2361.61370592916,2784.155399418649,-0.0430588361671753,-0.092030363650911,-0.2382456414470002,37.688679882704285,-62.70797165911426,-54.08783923622799,-8.620132422886272,0.0125479086294441,0.0372010863491721,0.0264789543938767,2.647895439387673,3747702.0,5579504.05,0.3807965691861089,-0.3101351866914084,-0.0170539822936141,-0.0431626031320987,-0.0453180643357994,-0.1028557420929677,2457.39990234375,2110.0,0.1479560068871007,2614.0,2110.0,0.1019839332217261,0.0,1,1,0.0,-0.1921383539835612,0.0144959052403767,1.3333333333333333,0.0,-0.5764150619506836,0.1820408701896667,0.0144959052403767,0.0638160626093546,2.8,1.5,0.0,0,0,1,0.0,-0.0,0.0,0.00027764304773,-0.0168408920090535,-0.0308596068222024,1,0
2026-06-15,2162.0,2192.0,2159.300048828125,2192.0,3337083,0.00027764304773,0.0277643047730036,0.60009765625,32.699951171875,1.512486178162581,-30.0,-1.3686131386861315,2152.77998046875,2204.379956054688,2252.5949584960936,2374.70197265625,2547.7419873046874,2832.9374865722657,2164.250319100192,2191.3396990889787,2239.2412360004487,2353.7857174613496,2777.964798429409,-0.0402180419317717,-0.0895699650336878,-0.2368345541518008,39.89022308539871,-61.825643451818,-55.63540007934599,-6.190243372472004,0.0073316135970756,0.0365305964257864,0.0263717493709537,2.6371749370953728,3107771.8,5557691.4,0.6004440980656104,0.5706462599121929,0.0049270698788739,-0.058936148733017,-0.0530833714803068,-0.0960404548485805,2457.39990234375,2110.0,0.1496834041955093,2614.0,2110.0,0.1031746031746031,0.0,0,0,0.0,0.0,-0.0788748383522034,0.3333333333333333,0.0,0.0,-0.5764150619506836,-0.0788748383522034,0.0638160626093546,1.6,1.5,0.0,0,0,1,0.0,0.0,0.0,0.0171137835337651,-0.0158186638167784,-0.029648518804926,1,0
2026-06-16,2199.0,2209.0,2160.60009765625,2167.0,3079898,0.0171137835337651,1.7113783533765137,37.0,48.39990234375,2.200996013813097,32.0,1.4766958929395475,2162.37998046875,2179.5899658203125,2246.189953613281,2369.203974609375,2538.095986328125,2828.2294860839843,2175.833546066795,2192.7324810728005,2235.40873733374,2347.71568932561,2772.2039546639426,-0.0210088882008266,-0.0718401524028498,-0.2224817643617832,42.82586609752558,-57.47822797941399,-56.0039656593596,-1.4742623200543932,0.0101640527601213,0.0285116932308866,0.0262846593144114,2.6284659314411427,2894020.4,5191950.95,0.5932062975286775,-0.0770688053009169,0.0223152022315202,-0.1013118281243545,-0.0550470939283044,-0.0990658980624888,2457.39990234375,2110.0,0.2561889033346217,2614.0,2110.0,0.1765873015873016,-0.5259201327959696,3,1,0.0,-0.1753067109319898,-0.2204670389493306,1.3333333333333333,-0.5259201327959696,0.0,0.0,-0.2204670389493306,0.0112240493297576,1.4,1.8,0.5259201327959696,0,1,0,-0.0090004833087192,-0.01173601412097,-0.3119791347716875,0.0109140518417463,-0.0633924067047522,-0.0761709868121873,1,0
2026-06-17,2223.0,2231.0,2200.699951171875,2209.0,2865010,0.0109140518417463,1.091405184174632,24.0,30.300048828125,1.3630251384671614,14.0,0.6337709370755998,2176.2,2177.719970703125,2240.9699584960936,2362.8679736328127,2529.302985839844,2823.558486328125,2191.5556973778635,2198.235666332291,2234.226952825764,2342.824877979508,2766.739238697137,-0.0080188306085785,-0.0591941552357541,-0.2126956070632405,45.04694118609434,-51.50258078047136,-55.10368868358195,3.601107903110588,0.0103296777395546,0.0126748451997448,0.0264513970031477,2.6451397003147763,2897292.4,5208330.35,0.5500822350871043,-0.0697711417715781,0.0320813876174372,-0.0083418617920294,-0.0448568818098757,-0.0564516129032257,2457.39990234375,2110.0,0.3252735514248568,2614.0,2110.0,0.2242063492063492,0.0,0,0,-0.5259201327959696,-0.1753067109319898,-0.1051840265591939,1.0,0.5259201327959696,0.0,0.0,-0.1051840265591939,0.0112240493297576,0.8,1.8,0.0,0,0,1,0.0,0.0,0.0,-0.008861876370614,-0.0512820512820513,-0.1081421612298977,0,0
2026-06-18,2203.300048828125,2214.0,2182.0,2209.0,3735188,-0.008861876370614,-0.8861876370614086,-19.699951171875,32.0,1.4523668720027454,-5.699951171875,-0.2580330996774558,2189.739990234375,2173.9499755859374,2234.7749633789062,2355.7499755859376,2520.1099853515625,2819.1064868164062,2195.4704811946176,2199.156463149716,2231.281533397417,2337.3533160520024,2761.1328785989376,-0.0140841539155209,-0.064713967245142,-0.2184402898110125,45.45900830645139,-47.80538798839598,-53.64402854454476,5.838640556148782,0.0104617929985912,0.0129267761401083,0.0264915343864606,2.64915343864606,3028367.0,5230135.4,0.714166596910665,0.303725990485199,0.031700668700181,-0.0168228251547858,-0.0532399041523524,-0.0783485489738556,2457.39990234375,2110.0,0.2685667100038652,2614.0,2110.0,0.185119144500248,0.2978459000587463,2,1,0.0,-0.0760247442457411,-0.0456148465474446,1.6666666666666667,0.2978459000587463,-0.5259201327959696,0.0,-0.0456148465474446,-0.0155594706535339,1.2,1.9,0.2978459000587463,1,0,0,-0.0026394735438148,0.0094419142014695,0.2127115928487488,-0.0355376240606769,-0.0492897450413126,-0.0613624781807562,0,0
2026-06-19,2125.0,2138.0,2059.89990234375,2105.0,13286502,-0.0355376240606769,-3.553762406067696,-78.300048828125,78.10009765625,3.675298713235294,20.0,0.9501187648456058,2182.460009765625,2166.5599853515623,2225.1599609375,2346.4699755859374,2509.855986328125,2814.307987060547,2171.980320796412,2185.673469849767,2221.159482597663,2329.0257350303555,2754.8031982148686,-0.0450124767188874,-0.0943843210824098,-0.2449298336322126,36.77913869219911,-50.610093963932286,-53.037241628422265,2.427147664489979,0.0206259985692437,0.0160954968839901,0.027511143076681,2.751114307668102,5260736.2,5763597.4,2.305244637663276,2.557117339207558,-0.0168408920090535,-0.0336076700285365,-0.0829845271549415,-0.1085661731382844,2457.39990234375,2059.89990234375,0.163773830581761,2614.0,2059.89990234375,0.1174879736199514,0.5259965658187866,1,1,0.2978459000587463,0.274614155292511,0.0595844666163126,1.0,0.2281506657600403,0.0,-0.5259201327959696,0.0595844666163126,0.0370401859283446,1.2,2.0,0.5259965658187866,1,0,0,-0.0186926682132751,-0.0088582513620872,1.2125507627830563,0.0013176700367647,-0.0142588465073529,-0.0148235294117646,1,0
2026-06-22,2127.800048828125,2157.0,2121.0,2132.199951171875,4566101,0.0013176700367647,0.1317670036764751,2.800048828125,36.0,1.6918882965449134,-4.39990234375,-0.2063550532083905,2175.62001953125,2164.2,2216.1399658203127,2338.5399755859376,2499.5089868164064,2809.3839868164064,2157.2535634736496,2175.151029664014,2212.268107952945,2321.134531649876,2748.5643609075382,-0.0398620657335099,-0.0901160249377435,-0.2426097469006549,18.424685233223823,-52.00739424948597,-52.83127215263501,0.8238779031490395,0.0206752593227402,0.014776823886848,0.0275364299719409,2.7536429971941,5506539.8,5826984.25,0.7836130670852595,-0.656335354482316,-0.0158186638167784,-0.0109695335999202,-0.0781560983276864,-0.1129731509436938,2457.39990234375,2059.89990234375,0.170817978577044,2614.0,2059.89990234375,0.1225413003382984,-0.2425114512443542,4,1,0.5259965658187866,0.1937770048777262,0.0110821763674417,2.333333333333333,-0.7685080170631409,0.2978459000587463,0.0,0.0110821763674417,-0.0338963309923808,2.0,1.8,0.2425114512443542,0,1,0,-0.000319550072877,0.0038362071189534,-0.1900351421128857,-0.0320518608923972,-0.0140521410838591,-0.032991798834922,0,0
2026-06-23,2059.60009765625,2114.0,2055.0,2111.0,6392736,-0.0320518608923972,-3.20518608923972,-68.199951171875,59.0,2.86463377366994,-51.39990234375,-2.4348603668285174,2147.7400390625,2155.060009765625,2205.309973144532,2330.2799755859373,2488.5249877929687,2804.124487304688,2124.702408201183,2154.1417692989658,2197.7282974484983,2310.8782793364003,2741.708995104043,-0.0660722879153876,-0.1161576637852823,-0.2655104625415797,25.278296117808097,-57.94992027325134,-53.85500177675828,-4.094918496493058,0.0204009664427205,0.0177232262228523,0.02818269080363,2.818269080363008,6169107.4,5967241.2,1.0713051116485788,0.4000426184177703,-0.0633924067047522,-0.0424918188487912,-0.0951585353492829,-0.1336753670992407,2457.39990234375,2055.0,0.0114316569896191,2614.0,2055.0,0.0082291550201252,0.0,1,1,-0.2425114512443542,0.0944950381914774,0.1162662029266357,2.0,0.2425114512443542,0.5259965658187866,0.2978459000587463,0.1162662029266357,-0.0521004180113474,1.6,1.5,0.0,0,0,1,-0.0,-0.0,0.0,0.0239851912999835,-0.0136434726761893,0.0177218869049071,1,0
2026-06-24,2109.0,2120.699951171875,2061.0,2061.0,4747277,0.0239851912999835,2.3985191299983555,49.39990234375,59.699951171875,2.830723147077999,48.0,2.32896652110626,2124.9400390625,2150.57001953125,2196.5499755859373,2321.3619775390625,2477.6139868164064,2799.1819873046875,2119.4682721341223,2145.934174880972,2189.277983405784,2302.961484068306,2735.4133832124608,-0.0398579484004606,-0.09148163000593,-0.246565600391441,34.172643337646306,-58.00461460321594,-54.68492434204981,-3.31969026116613,0.0246098009398259,0.0198296084043931,0.0288567321338705,2.885673213387053,6545560.8,6071907.55,0.7818427670230256,-0.2573951122023497,-0.0512820512820513,-0.0208458630296108,-0.0767007945525921,-0.117499390363566,2457.39990234375,2055.0,0.1341948635809322,2614.0,2055.0,0.0966010733452593,-0.4719847738742828,2,1,0.0,-0.2381654083728789,0.0218692481517791,2.333333333333333,-0.4719847738742828,-0.2425114512443542,0.5259965658187866,0.0218692481517791,-0.0416573892037073,2.0,1.4,0.4719847738742828,0,1,0,-0.0113206450920541,0.0242043473781683,-0.3690178815986062,-0.0067804878274656,-0.0599336294044868,-0.0244191559981034,0,0
2026-06-25,2094.699951171875,2148.5,2088.0,2133.60009765625,4738903,-0.0067804878274656,-0.6780487827465653,-14.300048828125,60.5,2.888241820321493,-38.900146484375,-1.8232163809472373,2103.22001953125,2146.4800048828124,2187.0749755859374,2311.717978515625,2467.1169873046874,2794.1769873046874,2111.212165146707,2136.6188614793177,2180.2705517644595,2294.794365131191,2729.0381251822064,-0.0422367890654111,-0.0938773800959489,-0.2503338332936241,36.61355408895338,-58.52718967305873,-55.4533774082516,-3.073812264807131,0.0246562816370245,0.0197737899119621,0.0288522786589618,2.885227865896187,6746303.8,6308852.7,0.7511513147231984,-0.0017639585808875,-0.0492897450413126,-0.0191515942190027,-0.0829612135762369,-0.1120013405017193,2457.39990234375,2055.0,0.0986579542903599,2614.0,2055.0,0.0710195906473613,0.0,0,0,-0.4719847738742828,-0.1573282579580942,-0.03769993185997,1.0,0.4719847738742828,0.0,-0.2425114512443542,-0.03769993185997,-0.0416573892037073,1.6,1.4,0.0,0,0,1,-0.0,-0.0,0.0,0.0,-0.0126986461716122,-0.0215782461572063,0,0
2026-06-26,2094.699951171875,2094.699951171875,2094.699951171875,2094.699951171875,0,0.0,0.0,0.0,0.0,0.0,0.0,0.0,2097.160009765625,2139.810009765625,2178.864978027344,2301.9819775390624,2456.824987792969,2789.4089868164065,2105.708093821763,2128.997241423419,2172.120970755642,2286.9475253680807,2722.7263025552384,-0.0386279221999649,-0.0900450257168314,-0.2490524117933,41.703242566988735,-58.26963806483809,-56.0166295395689,-2.253008525269188,0.0200855237179455,0.0191951903807949,0.0288139628653755,2.8813962865375555,4089003.4,5492273.6,0.0,-1.0,-0.0142588465073529,-0.0308596068222024,-0.072690228992222,-0.1301802202294062,2457.39990234375,2055.0,0.0986579542903599,2614.0,2055.0,0.0710195906473613,0.7527576088905334,1,1,0.0,0.0935909450054169,0.0076522767543792,1.0,0.7527576088905334,-0.4719847738742828,0.0,0.0076522767543792,0.0336183716853459,1.6,1.4,0.7527576088905334,1,0,0,0.0,-0.0107334552024121,0.0,0.0015276417847265,-0.0005728511003227,-0.0122690369842694,1,0
2026-06-30,2031.5,2104.300048828125,2018.800048828125,2090.0,6848411,-0.0316506532411621,-3.165065324116212,-66.39990234375,85.5,4.2087127738124535,-58.5,-2.799043062200957,2085.5599609375,2116.65,2148.119982910156,2280.7679736328123,2434.1699853515624,2779.7139868164063,2079.236908886061,2106.6444198139206,2152.33303113798,2269.807073755652,2709.693113255187,-0.0542893245432993,-0.1092912459814041,-0.2691694146825992,34.99999401615398,-60.91578750104782,-57.17756750908954,-3.7382199919582746,0.0199498459934937,0.019776433249969,0.0239167222518155,2.391672225181558,3949412.2,5064756.55,1.3521698293672182,1.0068780091839633,-0.0136434726761893,-0.0761709868121873,-0.1697657930125631,-0.1788269209779363,2393.0,2018.800048828125,0.0339389439579102,2580.0,2018.800048828125,0.0226299933657433,0.0,0,0,0.0,0.2509192029635111,0.0561545670032501,0.3333333333333333,0.0,0.7527576088905334,0.0,0.0561545670032501,0.0862103849649429,0.6,1.1,0.0,0,0,1,-0.0,-0.0,0.0,-0.0240708956013107,0.0317992112509228,0.0832390340419639,0,1
2026-07-01,1982.5999755859373,2052.0,1976.800048828125,2039.9000244140625,4658295,-0.0240708956013107,-2.4070895601310704,-48.90002441406273,75.199951171875,3.7929966759759695,-57.30004882812523,-2.808963583623859,2060.279956054688,2092.609997558593,2135.1649841308595,2269.649973144531,2424.004984130859,2774.076986694336,2047.02459778602,2084.0908844997416,2136.1679782282617,2258.5440502980155,2702.4583556664384,-0.0714534987595,-0.1264732451942335,-0.2853118406247059,32.558114939316866,-67.07399088321608,-59.15685218391485,-7.917138699301233,0.0148820798606813,0.0192010683561717,0.0167170680055057,1.671706800550579,3931615.8,4514668.2,1.0318133678129435,-0.3197991475686842,-0.0599336294044868,-0.1081421612298977,-0.1155819160590561,-0.219387377954923,2271.800048828125,1976.800048828125,0.01966076867055,2559.5,1976.800048828125,0.0099535391175989,0.0,0,0,0.0,0.0,0.1505515217781066,0.0,0.0,0.0,0.7527576088905334,0.1505515217781066,0.0862103849649429,0.2,1.1,0.0,0,0,1,-0.0,-0.0,0.0,0.0431252512474404,0.037778687247248,0.1042065863664096,1,1
2026-07-02,2068.10009765625,2076.89990234375,2002.5,2008.0,6040621,0.0431252512474404,4.312525124744049,85.50012207031273,74.39990234375,3.597500064337621,60.10009765625,2.993032751805279,2054.9599853515624,2079.0900024414063,2126.519989013672,2260.5759741210936,2414.770985107422,2768.7964874267577,2054.0497644094303,2081.183468710016,2129.6853229356893,2251.075659998339,2696.146333198675,-0.0274720631168477,-0.0851446174197608,-0.2530689391410328,40.63819029248368,-64.31389558006731,-60.18826086314535,-4.125634716921965,0.0292352091745954,0.025808928217532,0.019993880297911,1.999388029791104,4191959.4,4573336.1,1.3208346965795932,0.2967450537160054,-0.0126986461716122,-0.0613624781807562,-0.0771530130940428,-0.1918958513932243,2271.800048828125,1976.800048828125,0.3094916909427966,2505.0,1976.800048828125,0.1728513011513251,0.5378509163856506,1,1,0.0,0.1792836387952169,0.2581217050552368,0.3333333333333333,0.5378509163856506,0.0,0.0,0.2581217050552368,0.1102108865976333,0.4,1.0,0.5378509163856506,1,0,0,0.0231949559027972,-0.0068299784802587,0.710412151949297,0.0122817567546829,-0.0089938091861845,0.0642618326329387,1,0
2026-07-03,2093.5,2116.60009765625,2085.0,2100.0,4028819,0.0122817567546829,1.2281756754682904,25.39990234375,31.60009765625,1.509438627000239,-6.5,-0.3095238095238095,2054.7199951171874,2075.9400024414062,2121.2499938964843,2254.5079760742187,2406.2899841308595,2763.596987915039,2067.1998429396203,2083.4228380354675,2126.239101703719,2244.896222351345,2690.149852271325,-0.013081906411941,-0.0714160152826704,-0.2424727595395829,43.45249290937205,-59.39230282704375,-60.02906925592503,0.6367664288812804,0.0299743226629883,0.0241046042618319,0.0199765091316871,1.997650913168714,4997723.2,4523791.2,0.8905846494418221,-0.3330455593886787,-0.0005728511003227,-0.0148235294117646,-0.0479330151551723,-0.1913866357667053,2231.0,1976.800048828125,0.4590872289073312,2498.300048828125,1976.800048828125,0.2237774710870086,0.0,0,0,0.5378509163856506,0.1792836387952169,0.1075701832771301,0.3333333333333333,-0.5378509163856506,0.0,0.0,0.1075701832771301,0.0576112300157547,0.2,0.9,0.0,0,0,1,0.0,-0.0,0.0,-0.0171482695695008,-0.0117028898973011,0.0838309051827084,0,0
2026-07-06,2057.60009765625,2093.0,2050.60009765625,2090.0,2567386,-0.0171482695695008,-1.7148269569500885,-35.89990234375,42.39990234375,2.060648344255351,-32.39990234375,-1.5502345619019138,2046.6600341796875,2068.9200073242187,2116.560003662109,2246.7079760742185,2397.383985595703,2758.3254888916017,2063.999927845164,2078.727794330155,2119.702053699198,2237.5512762848707,2683.85582486222,-0.0278564774463497,-0.084171098528081,-0.2540401392284307,36.455941716777104,-57.72332860264351,-59.567921125268725,1.84459252262522,0.0309227824973907,0.0245900354531735,0.0197733919657424,1.9773391965742448,4828706.4,4325323.8,0.5935708212180554,-0.3627447646568387,-0.0192095936714985,-0.032991798834922,-0.0435994277890009,-0.1848829149246875,2231.0,1976.800048828125,0.3178602059348657,2498.300048828125,1976.800048828125,0.1549377734000479,-0.5533917546272278,1,1,0.0,-0.005180279413859,-0.0031081676483154,0.6666666666666666,-0.5533917546272278,0.5378509163856506,0.0,-0.0031081676483154,0.0265231996774673,0.4,0.6,0.5533917546272278,0,1,0,0.0094897109858867,0.0106304307475466,-0.3284771982493842,0.0187111188631134,0.0602157350618717,0.0940415974029209,1,1
2026-07-07,2096.10009765625,2122.699951171875,2049.0,2050.0,4769048,0.0187111188631134,1.8711118863113496,38.5,73.699951171875,3.51605113010979,46.10009765625,2.24878525152439,2059.5800537109376,2072.5700073242188,2113.815008544922,2239.7359790039063,2388.498985595704,2753.077489624024,2074.699984448859,2081.8863949349,2117.4542483617743,2232.004171240611,2678.007509168628,-0.0083805398377156,-0.0641307201804815,-0.2386338177707792,38.17334947893133,-52.68668693278369,-58.19167428677172,5.504987353988035,0.027466969442445,0.0231412217149472,0.020310863072022,2.031086307202201,4412833.8,4356343.45,1.0947364583937935,0.8575500528553166,0.0317992112509228,0.0177218869049071,-0.025522967151906,-0.1522688607659928,2231.0,1976.800048828125,0.4693157818408129,2498.300048828125,1976.800048828125,0.2287632767557526,-0.8373667001724243,1,1,-0.5533917546272278,-0.463586151599884,-0.1705815076828003,0.6666666666666666,-0.2839749455451965,0.0,0.5378509163856506,-0.1705815076828003,-0.057213470339775,0.6,0.6,0.8373667001724243,0,1,0,-0.0156680678589393,-0.0266276005932711,-0.9166958557236574,-0.0184151976804021,0.0498544893523198,0.0596345566415308,0,1
2026-07-08,2057.5,2109.699951171875,2048.800048828125,2094.0,3666985,-0.0184151976804021,-1.841519768040212,-38.60009765625,60.89990234375,2.9598980482989066,-36.5,-1.7430754536771726,2074.56005859375,2067.4200073242187,2108.995013427734,2231.391979980469,2379.975985107422,2747.500989379883,2068.96665629924,2077.452504946736,2111.744319946367,2225.1608704076457,2671.8333050972988,-0.0244168493049396,-0.0779298220754522,-0.2511376673009379,36.87431810729003,-51.21939213914402,-56.79721785724618,5.5778257181021615,0.0259645196011371,0.0225416493169801,0.0206634098630824,2.066340986308246,4214571.8,4397260.2,0.833924951723348,-0.2310865816406125,0.037778687247248,-0.0244191559981034,-0.044755980646479,-0.194684692690879,2231.0,1976.800048828125,0.3174664306576143,2498.300048828125,1976.800048828125,0.1547458315855704,0.0,0,0,-0.8373667001724243,-0.463586151599884,-0.1705815076828003,0.6666666666666666,0.8373667001724243,-0.5533917546272278,0.0,-0.1705815076828003,-0.0100149929523468,0.6,0.4,0.0,0,0,1,-0.0,0.0,0.0,-0.0038882138517618,0.0640096968028554,0.0732928548374847,0,1
2026-07-09,2049.5,2065.0,2016.0,2057.5,3791498,-0.0038882138517618,-0.3888213851761857,-8.0,49.0,2.3908270309831665,-8.0,-0.3888213851761847,2070.8400390625,2062.900012207031,2104.690008544922,2222.903981933594,2372.96998413086,2741.864989624024,2062.47777086616,2072.3702313200565,2105.8162894752845,2218.272208823032,2665.6409339023007,-0.0262223929988994,-0.0780078596929582,-0.2525160765552368,42.21809701107567,-50.12428206276945,-55.46263069835084,5.338348635581383,0.0168444211969539,0.022495453999132,0.0206137804308336,2.0613780430833666,3764747.2,4432844.35,0.8553194519451152,0.0339551429853135,-0.0089938091861845,-0.0215782461572063,-0.0403165825618485,-0.2046644892430892,2231.0,1976.800048828125,0.2859951421576772,2498.300048828125,1976.800048828125,0.1394054672519175,0.3420390033203622,23,1,0.0,-0.1651092322840207,-0.209743890295858,8.0,0.3420390033203622,-0.8373667001724243,-0.5533917546272278,-0.209743890295858,0.0241889073796894,5.0,2.7,0.3420390033203622,1,0,0,-0.001329920790553,-0.003076233530096,0.2925526128638256,0.0095145157355451,0.0739204684069285,0.0943644314924372,1,1
2026-07-10,2069.0,2133.300048828125,2064.60009765625,2105.199951171875,6714551,0.0095145157355451,0.951451573554518,19.5,68.699951171875,3.3204422992689704,-36.199951171875,-1.7195493070253982,2065.9400390625,2060.330017089844,2100.0700134277345,2214.805983886719,2366.7379846191407,2736.363989868164,2064.651847244106,2071.757461989137,2102.309976191924,2212.418396712325,2659.7042081918303,-0.0147947512364228,-0.0658323956804771,-0.2438871408698508,44.14108492282663,-47.13951739253025,-53.798008037186726,6.658490644656474,0.0163074217502917,0.0227865489852361,0.0205302960298538,2.053029602985386,4301893.6,4662339.1,1.44016787624907,0.7709493714621503,-0.0117028898973011,-0.0122690369842694,-0.0427500261490502,-0.1985279876041061,2231.0,1976.800048828125,0.3627064078762739,2498.300048828125,1976.800048828125,0.1767976053151965,0.1556444891861506,14,1,0.3420390033203622,0.1658944975021709,-0.1786149924586279,12.333333333333334,-0.1863945141342116,0.0,-0.8373667001724243,-0.1786149924586279,-0.0355224045907488,7.8,4.0,0.1556444891861506,1,0,0,0.0014808819415125,-0.0018214903200672,0.2241541934410898,0.0543740937651038,0.0966650555824069,0.0895601975969671,1,1
2026-07-13,2181.5,2204.89990234375,2065.10009765625,2075.0,12382622,0.0543740937651038,5.437409376510383,112.5,139.7998046875,6.408425610245244,106.5,5.132530120481928,2090.72001953125,2068.6900268554687,2101.0450134277344,2209.809982910156,2361.4869836425783,2731.9024896240235,2103.601231496072,2091.710650718385,2109.8518832212644,2211.205910566744,2654.945957364051,0.0382928428748929,-0.0128110485195989,-0.2014722310604037,61.16095358376269,-35.2894651022566,-50.0962994502007,14.806834347944104,0.0274967388950117,0.0287784732355062,0.0240973146436638,2.4097314643663865,6264940.8,5114616.05,2.421026696617824,0.8441474344300908,0.0602157350618717,0.0398494215872038,0.0090194264569842,-0.1543262841468924,2231.0,1976.800048828125,0.8052714024066392,2471.0,1976.800048828125,0.4142047175166222,0.1149586737155914,8,1,0.1556444891861506,0.204214055407368,-0.044944906790064,15.0,-0.0406858154705591,0.3420390033203622,0.0,-0.044944906790064,-0.0240265372191897,9.2,4.8,0.1149586737155914,1,0,0,0.0062507737037235,0.0069223210395222,0.2783180180732244,0.0087554882678202,0.0319046975275039,0.0523035056870273,1,1
2026-07-14,2200.60009765625,2228.0,2179.0,2182.89990234375,9546290,0.0087554882678202,0.8755488267820244,19.10009765625,49.0,2.226665356062988,17.7001953125,0.8108569382176224,2111.62001953125,2085.6000366210938,2101.1250183105467,2205.2759838867187,2356.318985595703,2727.593490600586,2135.934186882798,2111.508731979815,2118.494570310311,2210.78999633496,2650.4251030386004,0.0473437222815462,-0.0021203179396293,-0.1932081869092222,58.879419250188256,-24.07942243955221,-44.89292404807101,20.81350160851879,0.0272540246187745,0.0258613535105772,0.0238694926544937,2.386949265449377,7220389.2,5437935.65,1.7554988904659068,-0.2290574645660669,0.0498544893523198,0.0832390340419639,0.0007276478655069,-0.1570196906124306,2231.0,1976.800048828125,0.8804094878712413,2471.0,1976.800048828125,0.4528532394579109,0.3667915761470794,4,1,0.1149586737155914,0.2124649130162738,0.1958867484738367,8.666666666666666,0.251832902431488,0.1556444891861506,0.3420390033203622,0.1958867484738367,0.0126526203955182,9.8,5.2,0.3667915761470794,1,0,0,0.003211439341691,0.0182862067275451,0.6439022049584391,-0.0051804716797553,0.0093156407753656,0.089702759967152,0,1
2026-07-15,2189.199951171875,2202.89990234375,2145.39990234375,2174.10009765625,5426489,-0.0051804716797553,-0.5180471679755327,-11.400146484375,57.5,2.626530297939224,15.099853515625,0.694533500637948,2137.960009765625,2106.2600341796874,2099.4350158691404,2200.3519848632814,2351.2619860839845,2723.3624908447264,2153.6894416458235,2125.634408196553,2125.2284161066505,2209.9433278971915,2645.835798044902,0.0427567105550885,-0.005068295330985,-0.1961408154326037,59.21231945903516,-15.93162950382748,-39.10066513922231,23.169035635394827,0.0242760970031648,0.0238433416316562,0.0237640710484849,2.376407104848498,7572290.0,5566009.6,0.9749334604094108,-0.4315604281872853,0.0640096968028554,0.1042065863664096,-0.0152047003275416,-0.1376009646752511,2228.0,1976.800048828125,0.8455411768707813,2457.39990234375,1976.800048828125,0.4419474970498395,0.5554892619450887,3,1,0.3667915761470794,0.3457465039359198,0.3069846008628544,5.0,0.1886976857980093,0.1149586737155914,0.1556444891861506,0.3069846008628544,0.068201546590027,10.4,5.5,0.5554892619450887,1,0,0,-0.0028776963899147,0.035556699234347,0.541565068368395,0.0053901192633447,0.0087246930761284,0.1175772666843835,1,1
2026-07-16,2201.0,2231.39990234375,2187.800048828125,2206.0,5197595,0.0053901192633447,0.5390119263344761,11.800048828125,43.599853515625,1.9809111092969105,-5.0,-0.2266545784224841,2168.260009765625,2119.5500244140626,2099.3200134277345,2196.3439868164064,2346.492987060547,2719.580491333008,2169.4596277638825,2139.337243069907,2132.4447574298265,2209.592609156125,2641.409571198684,0.0484347245402782,0.0021198925175388,-0.1906840018104501,60.12959874779681,-8.425159582097876,-32.96556402779743,24.54040444569955,0.0230113216015479,0.0208545089224944,0.0237137498577955,2.37137498577956,7853509.4,5639129.95,0.9217015827060344,-0.0421808650123496,0.0739204684069285,0.0642618326329387,-0.0010439108506117,-0.1272107393991051,2231.39990234375,1976.800048828125,0.8805973297942831,2457.39990234375,1976.800048828125,0.4665002486618235,0.4441466331481933,2,1,0.5554892619450887,0.4554758237467871,0.3274061268284207,3.0,-0.1113426287968954,0.3667915761470794,0.1149586737155914,0.3274061268284207,0.0588311182662813,6.2,5.6,0.4441466331481933,1,0,0,0.0023940033230817,0.0328315271636747,0.4093706547262462,0.0308950477055882,0.0190367570848477,0.10486144880878,1,1
2026-07-17,2269.0,2275.0,2215.10009765625,2224.800048828125,5615138,0.0308950477055882,3.0895047705588263,68.0,59.89990234375,2.63992518042089,44.199951171875,1.986693194975277,2208.260009765625,2137.1000244140623,2106.5200134277343,2193.8359887695315,2342.3209875488283,2716.4299908447265,2202.6397518425883,2162.912289784469,2145.450018626986,2211.922310757846,2637.70400332606,0.0771319453584862,0.0342614541903956,-0.1647125058818797,64.51230083082324,2.976492460079044,-25.77715273022213,28.75364519030117,0.0238095332184866,0.0222198397209593,0.0230869274326967,2.308692743269672,7633626.8,5255561.75,1.0684182333125474,0.0803338851911317,0.0966650555824069,0.0838309051827084,0.0677647058823529,-0.0533605521943933,2275.0,1976.800048828125,0.9798792723592976,2457.39990234375,1976.800048828125,0.6079900961983442,0.7426338493824005,2,1,0.4441466331481933,0.5807565814918942,0.4448039988676706,2.333333333333333,0.2984872162342072,0.5554892619450887,0.3667915761470794,0.4448039988676706,0.1330945032045214,3.8,5.8,0.7426338493824005,1,0,0,0.0229437082044539,0.0717867423279265,0.7934435453552408,-0.0078888948187527,-0.0064786034252424,0.0425738641058837,0,0
2026-07-20,2251.10009765625,2283.39990234375,2245.10009765625,2280.10009765625,2202693,-0.0078888948187527,-0.7888894818752767,-17.89990234375,38.2998046875,1.7013816812222669,-29.0,-1.2718739861381323,2222.180029296875,2156.4500244140627,2112.6850158691404,2190.9999926757814,2338.068988037109,2713.2049908447266,2218.793200447142,2178.946436670248,2155.5119309154875,2213.4586945577835,2633.8571982945195,0.0655161942018918,0.0274304450850639,-0.1703169848012867,70.295748480214,10.447578147068723,-18.532206554763963,28.97978470183269,0.0153692486867513,0.0212115496365949,0.0232248295191606,2.322482951916069,5597641.0,5137391.35,0.4287570967315932,-0.6077223747662124,0.0319046975275039,0.0940415974029209,0.057947197104367,-0.0802827227324278,2283.39990234375,1976.800048828125,0.8946515977841003,2457.39990234375,1976.800048828125,0.5707451777639942,0.7352922558784485,1,1,0.7426338493824005,0.6406909128030142,0.568870715300242,1.6666666666666667,-0.007341593503952,0.4441466331481933,0.5554892619450887,0.568870715300242,0.261962904255089,2.4,5.8,0.7352922558784485,1,0,0,-0.0058006432676685,0.0234592770181179,0.3152617728796673,-0.0133268174219506,0.0197681125092266,0.0988849201985226,0,1
2026-07-21,2221.10009765625,2259.89990234375,2218.5,2245.10009765625,2382160,-0.0133268174219506,-1.3326817421950632,-30.0,41.39990234375,1.8639368116473465,-24.0,-1.068994653069347,2226.280029296875,2168.9500244140627,2120.7600158691407,2189.415993652344,2334.5429895019533,2709.868491821289,2219.562166183512,2186.610738667702,2161.7584229860363,2213.7583574243904,2629.7501624672736,0.0473132655445634,0.0144714865040568,-0.1803660936463157,72.84045409856573,13.788769746310209,-12.068011294549128,25.85678104085934,0.0175404886772087,0.022023816484544,0.0220836696962184,2.208366969621847,4164815.0,4936862.55,0.4825250806304097,0.0814761748459727,0.0093156407753656,0.0596345566415308,0.0784132804148636,-0.0914631071221814,2283.39990234375,1976.800048828125,0.7968041929141852,2457.39990234375,1976.800048828125,0.5083231862037645,0.0,0,0,0.7352922558784485,0.4926420350869496,0.4955124000708261,1.0,-0.7352922558784485,0.7426338493824005,0.4441466331481933,0.4955124000708261,0.3456995742723315,1.6,5.7,0.0,0,0,1,-0.0,0.0,0.0,-0.0057629320000623,0.0796451733672058,0.107559268758685,0,1
2026-07-22,2208.300048828125,2226.800048828125,2201.0,2216.0,1599665,-0.0057629320000623,-0.5762932000062393,-12.800048828125,25.800048828125,1.1683217070894087,-7.699951171875,-0.3474707207524819,2230.100048828125,2184.030029296875,2125.725018310547,2188.125993652344,2330.3329895019533,2706.33899230957,2215.8081270650496,2190.5542496059606,2166.1909587805208,2213.544306106889,2625.556628998227,0.0388455843565343,0.0092197868104054,-0.1840268144148572,65.5985653619218,15.228288958899157,-6.608751243859473,21.83704020275863,0.0176017413530761,0.0207929260789506,0.021665356747787,2.1665356747787,3399450.2,4779481.95,0.334694223502612,-0.3284812942875373,0.0087246930761284,0.0732928548374847,0.0470839491835586,-0.1076493747121134,2283.39990234375,1976.800048828125,0.755055807579511,2457.39990234375,1976.800048828125,0.4816897015397729,0.0,1,1,0.0,0.2450974186261495,0.3844145476818085,0.6666666666666666,0.0,0.7352922558784485,0.7426338493824005,0.3844145476818085,0.3456995742723315,1.2,5.8,0.0,0,0,1,-0.0,0.0,0.0,0.0156680943488571,0.1079110825336364,0.0926957146428097,1,1
2026-07-23,2242.89990234375,2250.0,2193.60009765625,2204.0,2503539,0.0156680943488571,1.5668094348857189,34.599853515625,56.39990234375,2.514597387284833,38.89990234375,1.7649683459051724,2238.480029296875,2203.37001953125,2133.1350158691407,2188.0639916992186,2326.284989013672,2703.0439923095705,2224.8387188246165,2200.071641012831,2173.4965724532094,2214.695505959315,2621.749099379774,0.0514570740520547,0.0250613834204851,-0.1702318168979033,66.28869063779995,18.94267792204392,-1.4984654106787958,20.44114333272271,0.0186837680329019,0.020543119184235,0.0217393685048008,2.17393685048008,2860639.0,4667713.75,0.5363522988100974,0.565039555156861,0.0190367570848477,0.0943644314924372,0.0707499664040021,-0.093374836945162,2283.39990234375,1976.800048828125,0.8679060034256147,2457.39990234375,1976.800048828125,0.5536827603443573,0.0,2,1,0.0,0.0,0.2955852210521698,1.0,0.0,0.0,0.7352922558784485,0.2955852210521698,0.3114956739402952,1.2,3.7,0.0,0,0,1,0.0,0.0,0.0,0.0050827709575724,0.0842213895889785,0.0580053071116994,1,1
2026-07-24,2254.300048828125,2264.300048828125,2205.10009765625,2205.10009765625,3211699,0.0050827709575724,0.508277095757248,11.400146484375,59.199951171875,2.6260901339486504,49.199951171875,2.231189016052763,2235.5400390625,2221.9000244140625,2141.115020751953,2187.8699926757813,2322.453990478516,2699.3734930419923,2234.65916215912,2209.9313515247027,2181.1921416317728,2216.248625287504,2618.092889921549,0.0528626565967584,0.0303628901053207,-0.1648802751309167,72.65604656721455,22.54635414637187,3.310498500731337,19.23585564564053,0.0115824954601494,0.0205843920575048,0.0217242123821624,2.172421238216243,2379951.2,4828298.7,0.6651823343075274,0.2828635783185322,-0.0064786034252424,0.0895601975969671,0.076192343236062,-0.0887666688969824,2283.39990234375,1976.800048828125,0.905088495046714,2457.39990234375,1976.800048828125,0.5774034219321252,0.0,1,1,0.0,0.0,0.1470584511756897,1.3333333333333333,0.0,0.0,0.0,0.1470584511756897,0.2959312250216802,1.0,2.4,0.0,0,0,1,0.0,-0.0,0.0,0.0183205642255095,0.0493723312857057,0.0880095364620545,1,1
2026-07-27,2295.60009765625,2315.0,2272.39990234375,2286.0,4007292,0.0183205642255095,1.832056422550954,41.300048828125,42.60009765625,1.85572816884542,9.60009765625,0.4199517784886264,2244.4400390625,2233.310034179688,2151.000030517578,2188.117995605469,2319.274991455078,2695.982993774414,2254.97280732483,2225.507487184984,2192.088137443628,2219.360447733337,2614.884006416422,0.0672245769814693,0.0491207979947352,-0.1485109131039518,72.8312910998556,28.40739948053761,8.329878696692592,20.077520783845014,0.0135824220456544,0.0137321967441969,0.0219510483773615,2.195104837736156,2740871.0,4858039.8,0.8248783799589291,0.2477171739942005,0.0197681125092266,0.0523035056870273,0.0942371917228421,-0.0558137409807899,2315.0,1976.800048828125,0.9426377730791248,2457.39990234375,1976.800048828125,0.6633377985783351,0.0,1,1,0.0,0.0,0.0,1.3333333333333333,0.0,0.0,0.0,0.0,0.284435357650121,1.0,1.7,0.0,0,0,1,0.0,0.0,0.0,0.0446070299649741,0.0775831355371785,0.0566735703001815,1,1
2026-07-28,2398.0,2417.39990234375,2323.0,2325.0,8248513,0.0446070299649741,4.460702996497412,102.39990234375,94.39990234375,3.9366097724666393,73.0,3.139784946236559,2279.82001953125,2253.0500244140626,2169.325030517578,2189.535993652344,2317.3769909667967,2692.836994018555,2302.6485382165533,2256.86976224226,2211.698791020425,2226.365920371245,2612.7259566013336,0.1054129585310978,0.0952092164513448,-0.1094893581280483,84.00238338108548,40.84430869591779,14.832764696537634,26.011543999380155,0.0188135552008637,0.0185868396820129,0.0219203868475871,2.192038684758712,3914141.6,4928044.9,1.673790147488307,1.0583758308603417,0.0796451733672058,0.089702759967152,0.18040856509968,-0.012071045292596,2417.39990234375,1976.800048828125,0.9559693400055522,2457.39990234375,1976.800048828125,0.8764046599073322,0.0,0,0,0.0,0.0,0.0,0.6666666666666666,0.0,0.0,0.0,0.0,0.247756200035413,1.0,1.3,0.0,0,0,1,0.0,0.0,0.0,0.0202669297982693,0.0258548790658883,0.0198915559515742,1,1
2026-07-29,2446.60009765625,2475.5,2415.10009765625,2440.0,7169419,0.0202669297982693,2.0266929798269384,48.60009765625,60.39990234375,2.468728027993248,6.60009765625,0.2704958055840164,2327.480029296875,2278.7900390625,2192.525036621094,2191.919997558594,2316.054991455078,2689.7614947509765,2350.632391363119,2291.366186862985,2234.070344033361,2235.002554774579,2611.0729629799894,0.1158823989653097,0.1161904177074547,-0.090402586835023,86.68020346694834,53.99979454725917,22.666170666681943,31.33362388057723,0.0145479688382219,0.0182010692311768,0.020652818742674,2.065281874267401,5028092.4,5053601.1,1.4186752887955485,-0.1308228525553636,0.1079110825336364,0.1175772666843835,0.2340361786462659,0.0045989142488349,2475.5,2002.5,0.938900840710888,2475.5,1976.800048828125,0.9420495184011162,0.5535045266151428,1,1,0.0,0.1845015088717143,0.1107009053230285,0.6666666666666666,0.5535045266151428,0.0,0.0,0.1107009053230285,0.2475577265024185,1.0,1.1,0.5535045266151428,1,0,0,0.0112178373839334,0.059729272654308,0.785243194145381,-0.006049230866255,-0.0137333835997299,-0.0396060421060237,0,0
2026-07-30,2431.800048828125,2495.0,2423.0,2440.0,4901582,-0.006049230866255,-0.6049230866255084,-14.800048828125,72.0,2.9607697406987272,-8.199951171875,-0.3360635726178279,2365.26005859375,2301.8700439453123,2210.710034179688,2194.011999511719,2314.796990966797,2686.7789947509764,2377.688277184788,2316.8996163111924,2252.901744490005,2242.720103560993,2609.289152888926,0.1000085996038262,0.1083804689169094,-0.0949013470854844,83.80542468657796,62.51078618185284,30.63509376971612,31.875692412136715,0.0190152273815898,0.0189592249038139,0.0194926014089402,1.9492601408940209,5507701.0,4996649.15,0.9809738192244296,-0.3163208901586027,0.0842213895889785,0.10486144880878,0.1758618703147161,0.012659343599833,2495.0,2016.0,0.868058557052453,2495.0,1976.800048828125,0.8780394497742571,0.0,0,0,0.5535045266151428,0.1845015088717143,0.1107009053230285,0.3333333333333333,-0.5535045266151428,0.0,0.0,0.1107009053230285,0.2031430631875991,0.6,0.9,0.0,0,0,1,-0.0,0.0,0.0,-0.0272226128146417,-0.0241796396280444,-0.0233572035889615,0,0
2026-07-31,2365.60009765625,2391.0,2326.10009765625,2385.0,4343683,-0.0272226128146417,-2.722261281464178,-66.199951171875,64.89990234375,2.7434857822355707,-19.39990234375,-0.8134130961740041,2387.520068359375,2311.5300537109374,2224.3150390625,2194.9780004882814,2313.1789929199217,2683.5709954833983,2373.6588840086088,2325.7542492830207,2263.634920982028,2247.538926858846,2606.8643861701926,0.0635184567440134,0.0777329418017005,-0.1184879767899978,68.77421860606393,63.185660603428914,37.14520713645868,26.040453466970234,0.0274562728715596,0.0207291847179516,0.0210113506671106,2.1011350667110658,5734097.8,5012392.35,0.8665887856923252,-0.1138201911138077,0.0493723312857057,0.0425738641058837,0.1299737748537139,-0.0120279844061592,2495.0,2016.0,0.7298540660882046,2495.0,1976.800048828125,0.7502896284511015,0.0,1,1,0.0,0.1845015088717143,0.1107009053230285,0.6666666666666666,0.0,0.5535045266151428,0.0,0.1107009053230285,0.1288796782493591,0.6,0.8,0.0,0,0,1,-0.0,0.0,0.0,0.0456965882030213,0.0368193481230916,-0.0019445795850311,1,1
2026-08-03,2473.699951171875,2473.699951171875,2383.0,2383.89990234375,3036839,0.0456965882030213,4.569658820302136,108.099853515625,90.699951171875,3.666570439511364,89.800048828125,3.7669387351305055,2423.1400390625,2333.7900390625,2245.1200317382813,2198.2880004882813,2312.784991455078,2681.137994995117,2407.0059063963645,2352.6534678082667,2283.641114333442,2256.407986635828,2605.539366916478,0.1018118925501795,0.1252847445932559,-0.0773694021756682,73.57153724292644,71.61769399931882,44.03970450903071,27.57798949028811,0.0319036034204225,0.0238928453386,0.0219909520447047,2.1990952044704715,5540007.2,5035865.0,0.6030421784539498,-0.3008608132775803,0.0775831355371785,0.0988849201985226,0.2022258134559731,0.0337665811883667,2495.0,2016.0,0.9555322571437892,2495.0,1976.800048828125,0.9588960809819524,-0.7305925488471985,1,1,0.0,-0.2435308496157328,-0.0354176044464111,0.6666666666666666,-0.7305925488471985,0.0,0.5535045266151428,-0.0354176044464111,-0.0177088022232055,0.6,0.8,0.7305925488471985,0,1,0,-0.0333855868488661,-0.0566816607396649,-0.4405781222190383,-0.0055382428921442,-0.0194041318460069,-0.0648825658600856,0,0
2026-08-04,2460.0,2467.39990234375,2435.10009765625,2463.10009765625,2792792,-0.0055382428921442,-0.5538242892144218,-13.699951171875,32.2998046875,1.3130001905487805,-3.10009765625,-0.1258616188274232,2435.5400390625,2357.680029296875,2263.3150268554687,2201.964001464844,2312.7359924316406,2678.588994750977,2424.670604264243,2372.1710191158545,2300.437198682638,2264.391987159913,2604.0912140118367,0.0869012801182145,0.1171844763872157,-0.0816060228647727,73.28061528826106,76.31495831572875,50.49475527037031,25.82020304535844,0.0281060528447178,0.0231739300435062,0.0221231527098317,2.212315270983173,4448863.0,4937052.2,0.5656800630951401,-0.0803621792264918,0.0258548790658883,0.107559268758685,0.1736080747053272,0.0694257043785366,2495.0,2016.0,0.9269311064718164,2495.0,1976.800048828125,0.9324585038635188,0.0,0,0,-0.7305925488471985,-0.2435308496157328,-0.0354176044464111,0.6666666666666666,0.7305925488471985,0.0,0.0,-0.0354176044464111,-0.0177088022232055,0.6,0.8,0.0,0,0,1,-0.0,0.0,0.0,-0.0191056910569106,-0.0058130279789125,-0.073170731707317,0,0
2026-08-05,2413.0,2460.89990234375,2408.0,2460.0,3014409,-0.0191056910569106,-1.9105691056910623,-47.0,52.89990234375,2.1922877059158723,-47.0,-1.9105691056910568,2428.82001953125,2378.1500244140625,2281.0900268554688,2204.540002441406,2312.441993408203,2675.8004949951173,2420.780402842829,2379.594470185699,2311.157465474768,2270.2197523693285,2602.1898088972907,0.0578276050447565,0.0945594080069928,-0.0982137851781796,67.18547885301368,75.37617727228098,55.47103967075245,19.90513760152853,0.0284239329745635,0.0245575839999017,0.0221674746057315,2.216747460573157,3617861.0,4904423.4,0.6146306617817703,0.0793532063970392,-0.0137333835997299,0.0926957146428097,0.172782503037667,0.0616860032382362,2495.0,2016.0,0.8288100208768268,2495.0,1976.800048828125,0.8417599233373867,0.699238121509552,1,1,0.0,-0.0104514757792154,-0.0062708854675292,0.6666666666666666,0.699238121509552,-0.7305925488471985,0.0,-0.0062708854675292,0.0522150099277496,0.6,0.8,0.699238121509552,1,0,0,-0.013359427524776,-0.0096029053502452,0.4297731893664578,-0.0165768752590136,-0.0262329253328326,-0.0513883133029423,0,0
2026-08-06,2373.0,2434.5,2368.5,2417.0,2729141,-0.0165768752590136,-1.6576875259013637,-40.0,66.0,2.781289506953224,-44.0,-1.8204385601985933,2417.060009765625,2391.1600341796875,2297.265026855469,2206.3160034179687,2312.066993408203,2672.8544952392576,2404.8536018952195,2378.3954756064804,2317.047230667647,2274.250350315629,2599.9093132863723,0.0329674514081634,0.0755485598272453,-0.1121851173617352,58.83152466866026,70.59079409268816,58.4949905551396,12.095803537548562,0.0291387091792674,0.025700293770341,0.0227075594256021,2.270755942560213,3183372.8,4851305.55,0.5625580520278711,-0.0946348023775141,-0.0241796396280444,0.0580053071116994,0.1578433764332765,0.0565449688334818,2495.0,2064.60009765625,0.7165426866138981,2495.0,1976.800048828125,0.7645696420385508,0.0,0,0,0.699238121509552,0.2330793738365173,-0.0062708854675292,0.3333333333333333,-0.699238121509552,0.0,-0.7305925488471985,-0.0062708854675292,0.0522150099277496,0.6,0.6,0.0,0,0,1,-0.0,-0.0,0.0,0.0335861572574274,0.0008428150021071,-0.0316055625790139,1,1
2026-08-07,2452.699951171875,2457.699951171875,2375.0,2375.0,4547979,0.0335861572574274,3.358615725742742,79.699951171875,82.699951171875,3.3717924254192533,77.699951171875,3.2715768914473684,2434.47998046875,2411.0000244140624,2316.4500244140627,2210.192004394531,2312.501993408203,2670.0419952392576,2420.802384987438,2391.9053802547337,2329.9665373823354,2281.2483738786195,2598.4445435140888,0.0588184184082608,0.1097225699374374,-0.0814002343239949,65.4933829470024,72.39493962560437,61.27498036923255,11.119959256371814,0.0299873235422423,0.0271342622647162,0.0234407073824327,2.344070738243277,3224232.0,4742976.95,0.9588870129339336,0.6664507257045349,0.0368193481230916,0.0880095364620545,0.1854518855349807,0.0833480349699093,2495.0,2065.10009765625,0.90160488849262,2495.0,1976.800048828125,0.9183711833000636,0.0,0,0,0.0,0.2330793738365173,-0.0062708854675292,0.3333333333333333,0.0,0.699238121509552,0.0,-0.0062708854675292,0.0522150099277496,0.4,0.5,0.0,0,0,1,0.0,0.0,0.0,-0.0110082768122939,-0.0373873498582905,-0.0614424732629329,0,0
2026-08-10,2425.699951171875,2472.89990234375,2423.5,2452.699951171875,2322023,-0.0110082768122939,-1.1008276812293991,-27.0,49.39990234375,2.036521554114082,-27.0,-1.100827681229401,2424.87998046875,2424.010009765625,2328.660021972656,2212.758005371093,2312.841993408203,2667.136995239258,2422.434907048917,2398.049847694214,2339.0840053622915,2286.91314161561,2596.725691848992,0.041672003763355,0.096233725189967,-0.0905229257058558,65.79678040420438,70.82958424967728,63.1859011453215,7.64368310435578,0.0215069332865715,0.0275721922265493,0.0212025786481114,2.1202578648111445,3081268.8,4239947.0,0.5476537796345096,-0.4894384956482869,-0.0194041318460069,0.0566735703001815,0.1119413023937083,0.0624124049787493,2495.0,2145.39990234375,0.8017733710810762,2495.0,1976.800048828125,0.8662677434233494,-0.4398401379585266,2,1,0.0,-0.1466133793195088,0.051879596710205,0.6666666666666666,-0.4398401379585266,0.0,0.699238121509552,0.051879596710205,0.0082309961318969,0.6,0.6,0.4398401379585266,0,1,0,0.004841881991805,0.0085347160281131,-0.2408801139879512,0.0082450428340643,-0.0463783659416121,-0.0583748428766784,1,0
2026-08-11,2445.699951171875,2456.60009765625,2428.0,2438.0,1514105,0.0082450428340643,0.8245042834064353,20.0,28.60009765625,1.1694033702926665,7.699951171875,0.3158306469185807,2422.019970703125,2428.7800048828126,2340.9150146484376,2212.7340063476563,2312.890992431641,2663.9994952392576,2430.1899217565697,2406.7135028719704,2349.237904963204,2293.1400753236994,2595.222948160663,0.0447623838831134,0.1052842068481393,-0.0819442888249409,68.12767052191226,70.39143306626192,64.62700752950958,5.764425536752341,0.0220923620684752,0.0240706699504437,0.0211987991056444,2.119879910564449,2825531.4,3838337.75,0.3944689338503366,-0.3479371220698503,-0.0058130279789125,0.0198915559515742,0.1113786433876236,0.0509646549519178,2495.0,2145.39990234375,0.8589815930869674,2495.0,1976.800048828125,0.9048628840727672,0.0,0,0,-0.4398401379585266,-0.1466133793195088,0.051879596710205,0.6666666666666666,0.4398401379585266,0.0,0.0,0.051879596710205,0.0082309961318969,0.6,0.6,0.0,0,0,1,0.0,-0.0,0.0,-0.0392525665112766,-0.0677515453571803,-0.0611276947232901,0,0
2026-08-12,2349.699951171875,2445.800048828125,2300.10009765625,2445.699951171875,7022647,-0.0392525665112766,-3.925256651127662,-96.0,145.699951171875,6.200789641213956,-96.0,-3.925256651127662,2409.3599609375,2419.089990234375,2348.9400146484377,2214.894006347656,2312.8279919433594,2660.431995239258,2403.359931561672,2396.347402562862,2349.2819093640296,2295.358109670686,2592.779933265252,0.0003235231716,0.0608633841790528,-0.1167975894980312,57.45602178926252,61.58785099303032,64.01917622221373,-2.431325229183414,0.0274211798920939,0.0263643611889816,0.0233614638416971,2.3361463841697194,3627179.0,3918145.65,1.7923394450637635,3.6381505906129368,-0.0262329253328326,-0.0396060421060237,0.073314454403347,0.0095815286430442,2495.0,2187.800048828125,0.5270179950424823,2495.0,1976.800048828125,0.7196062089555614,-0.7164277732372284,4,1,0.0,-0.3854226370652516,-0.231253582239151,2.0,-0.7164277732372284,-0.4398401379585266,0.0,-0.231253582239151,-0.1187622338533401,1.2,0.9,0.7164277732372284,0,1,0,0.0281216288195201,0.0187939962816997,-1.2840817575122818,0.0107673530041598,-0.025833064830938,-0.0339192036549713,1,0
2026-08-13,2375.0,2375.0,2332.300048828125,2349.699951171875,2123494,0.0107673530041598,1.0767353004159874,25.300048828125,42.699951171875,1.7978926809210527,25.300048828125,1.076735300415996,2409.7599609375,2413.4099853515627,2357.640014648437,2217.5740063476565,2312.671990966797,2656.882495727539,2393.9066210411147,2392.4660566423418,2351.73125132936,2298.4813210561497,2590.61296875515,0.007363289239961,0.0709901871151637,-0.1060952060096096,58.265989274663774,56.006839292394034,62.4167088362498,-6.409869543855763,0.0272616935464168,0.0267332100232638,0.0234116003293344,2.3411600329334488,3506049.6,3764440.6,0.5640928429047333,-0.6976219935303597,0.0008428150021071,-0.0233572035889615,0.0790549750113585,0.020539725778206,2495.0,2193.60009765625,0.6018578670170283,2495.0,1976.800048828125,0.7684291561034926,0.3643560409545898,2,1,-0.7164277732372284,-0.1173572440942128,-0.158382374048233,2.0,1.0807838141918182,0.0,-0.4398401379585266,-0.158382374048233,-0.0823266297578811,1.6,1.1,0.3643560409545898,1,0,0,0.0039231501121562,0.0003070847374248,0.2055306349715879,-0.0058947368421052,-0.0324210526315789,-0.0533053042763157,0,0
2026-08-14,2361.0,2390.0,2333.39990234375,2375.10009765625,2232160,-0.0058947368421052,-0.5894736842105286,-14.0,56.60009765625,2.397293420425667,-14.10009765625,-0.593663301608382,2391.419970703125,2412.9499755859374,2362.2400146484374,2220.816008300781,2312.443990478516,2653.3979962158205,2382.937747360744,2386.744955434643,2352.613989297992,2300.9330339559083,2588.3282625983825,-0.00052493169227,0.0631227400987974,-0.1101975642677155,54.65281164760924,49.8791880820113,59.9092046854021,-10.030016603390806,0.0200292751503336,0.0253140864632988,0.0226251008732422,2.262510087324221,3042885.8,3595291.7,0.6208564384358576,0.0511732079299493,-0.0373873498582905,-0.0019445795850311,0.0405464962538564,0.0188581324174978,2495.0,2193.60009765625,0.5554079515023482,2495.0,1976.800048828125,0.7414125576489001,0.0,0,0,0.3643560409545898,-0.1173572440942128,-0.158382374048233,2.0,-0.3643560409545898,-0.7164277732372284,0.0,-0.158382374048233,-0.0823266297578811,1.6,1.0,0.0,0,0,1,-0.0,-0.0,0.0,-0.0202456793003493,-0.0249894112664125,-0.0080474375264718,0,0
2026-08-17,2313.199951171875,2361.10009765625,2310.60009765625,2351.0,2237636,-0.0202456793003493,-2.0245679300349373,-47.800048828125,50.5,2.183122992649923,-37.800048828125,-1.6078285337356442,2368.919970703125,2396.8999755859377,2365.345007324219,2224.052009277344,2311.587989501953,2649.6759954833983,2359.691815297788,2373.373136477776,2348.86027138122,2301.414089533005,2585.5906674598104,-0.0220454335375508,0.0400835688745867,-0.1269876184428118,43.45880475038484,40.696788645057495,56.06672147733318,-15.369932832275689,0.0208511647508841,0.0201830918534146,0.0230801294048786,2.308012940487862,3026008.4,3597038.85,0.6220772400053449,0.0024532291592,-0.0463783659416121,-0.0648825658600856,0.0275864469910871,0.0021661901506675,2495.0,2193.60009765625,0.3968145065263492,2495.0,1976.800048828125,0.6491700772703738,0.4978454411029815,1,1,0.0,0.2874004940191905,0.0291547417640685,1.0,0.4978454411029815,0.3643560409545898,-0.7164277732372284,0.0291547417640685,0.0405171692371368,1.4,1.0,0.4978454411029815,1,0,0,-0.0100792191417119,-0.0230892580498373,0.3096983179505862,-0.0143523914372624,-0.0125799127312288,0.0372212084876759,0,0
2026-08-18,2280.0,2307.0,2280.0,2300.0,1797822,-0.0143523914372624,-1.4352391437262413,-33.199951171875,27.0,1.1842105263157896,-20.0,-0.8695652173913043,2335.77998046875,2378.8999755859377,2368.290002441406,2226.632009277344,2310.6139904785155,2645.8994952392577,2333.127876865192,2356.396202572725,2342.302150297294,2300.574321316025,2582.549964301006,-0.0372800638225852,0.0239680335593382,-0.1382892645384366,36.83627140667946,30.390390831510103,50.93145534816857,-20.541064516658462,0.0184101397507319,0.0203282492824421,0.0231161799811388,2.3116179981138805,3082751.8,3567821.95,0.5038990244454323,-0.1965529692943802,-0.0677515453571803,-0.073170731707317,0.026518346654391,0.0016694705692128,2495.0,2193.60009765625,0.2866620117388423,2495.0,1976.800048828125,0.5851022380187576,0.0,0,0,0.4978454411029815,0.1659484803676605,0.0291547417640685,0.3333333333333333,-0.4978454411029815,0.0,0.3643560409545898,0.0291547417640685,0.0405171692371368,1.4,1.0,0.0,0,0,1,-0.0,-0.0,0.0,0.0039473684210526,0.0071052417420505,0.0390350877192982,1,1
2026-08-19,2289.0,2308.199951171875,2258.300048828125,2293.60009765625,3368922,0.0039473684210526,0.3947368421052699,9.0,49.89990234375,2.179986996231979,-4.60009765625,-0.200562323874623,2323.639990234375,2366.4999755859376,2372.325,2229.3340112304686,2309.6059899902343,2642.054495239258,2318.4185845767947,2344.1423475595025,2337.225755030885,2300.1204263624554,2579.629069133832,-0.035123770984161,0.0267640418479055,-0.133628771047467,38.61243186351794,22.68719720743138,45.282603720021136,-22.595406512589754,0.0127401163235326,0.0201576735157629,0.0230561409464195,2.30561409464195,2352006.8,3656284.8,0.9214057942094664,0.8738907411301007,-0.025833064830938,-0.0513883133029423,0.0365439249139625,0.0021014135937016,2495.0,2193.60009765625,0.3165226717125652,2495.0,1976.800048828125,0.6024700513109957,0.0,0,0,0.0,0.1659484803676605,0.1724402964115142,0.3333333333333333,0.0,0.4978454411029815,0.0,0.1724402964115142,-0.0294066429138183,0.6,0.9,0.0,0,0,1,0.0,-0.0,0.0,0.0039318479685452,-0.0083005679335954,0.0257754477937963,1,0
2026-08-20,2298.0,2329.0,2288.10009765625,2319.39990234375,2047848,0.0039318479685452,0.3931847968545288,9.0,40.89990234375,1.7798042795365534,-21.39990234375,-0.922648238543316,2308.239990234375,2358.9999755859376,2375.0800048828123,2232.582009277344,2308.996990966797,2638.460494995117,2311.612389717863,2335.752829821411,2333.489968837467,2300.037272387457,2576.826789838968,-0.0324536456558714,0.0293014950630329,-0.1290375564238824,44.0680834654441,17.11133670756999,39.64835031753091,-22.537013609960923,0.010827493622426,0.0198994627413369,0.0228395552661141,2.2839555266114164,2336877.6,3633500.25,0.5636019978256503,-0.3921355258447657,-0.0324210526315789,-0.0316055625790139,0.0245664541688519,0.0060415240010163,2495.0,2205.10009765625,0.320455100511188,2495.0,1976.800048828125,0.6198378646032338,0.0,3,1,0.0,0.0,0.0995690882205963,1.0,0.0,0.0,0.4978454411029815,0.0995690882205963,-0.0294066429138183,0.8,1.2,0.0,0,0,1,0.0,-0.0,0.0,0.0017406440382941,-0.02158402857104,0.0096171008077676,1,0
2026-08-21,2302.0,2307.199951171875,2263.300048828125,2290.10009765625,2066749,0.0017406440382941,0.1740644038294103,4.0,43.89990234375,1.9070331165834056,11.89990234375,0.5196236774073185,2296.439990234375,2343.92998046875,2377.4650024414063,2235.3940112304685,2307.934991455078,2635.0194952392576,2308.408259811909,2329.615951672064,2330.49092418628,2300.114242097753,2574.092194915197,-0.031741793197339,0.0297960844642633,-0.1263821751000061,31.565388750866973,12.8668723648575,34.292054726996234,-21.42518236213873,0.0114582662280665,0.0154368015228015,0.0228238771546295,2.28238771546295,2303795.4,3576252.75,0.5779090977280619,0.0092296889222247,-0.0249894112664125,-0.0614424732629329,0.0211595396081685,0.019080127282989,2495.0,2258.300048828125,0.1846217160397432,2495.0,1976.800048828125,0.6275568927331173,0.0,0,0,0.0,0.0,0.0995690882205963,1.0,0.0,0.0,0.0,0.0995690882205963,-0.0294066429138183,0.8,1.2,0.0,0,0,1,0.0,-0.0,0.0,-0.0077758046671372,0.0173761946133796,0.0222415078939508,0,1
