Date,Close,High,Low,Open,Volume,Daily_Return,Daily_Return_Percent,SMA_20,SMA_50
2018-01-01,1063.4425048828125,1083.2192350699193,1059.1816211560729,1078.194654324397,1351760,,,,
2018-01-02,1057.65380859375,1073.0893748500007,1053.2321788771071,1069.23045875186,1920290,-0.0054433561405375,-0.5443356140537592,,
2018-01-03,1060.648681640625,1072.84840204998,1057.6540513633315,1057.9756441347124,1257120,0.0028316194037603,0.283161940376031,,
2018-01-04,1068.0648193359375,1070.03441518073,1061.1911555511372,1065.210819019134,913082,0.0069920774179825,0.6992077417982578,,
2018-01-05,1080.9681396484375,1085.1084136415166,1065.2110746990254,1065.2110746990254,1153706,0.0120810273673488,1.208102736734884,,
2018-01-08,1091.09765625,1096.102216894728,1078.0137272477698,1085.309378817508,1242220,0.0093707818297557,0.9370781829755704,,
2018-01-09,1088.9271240234375,1093.7507214720465,1075.8833322167595,1091.338922747742,2149396,-0.0019893106855553,-0.1989310685555301,,
2018-01-10,1128.158935546875,1131.9373804458207,1083.158718635501,1089.730908518686,3365850,0.0360279495825959,3.602794958259592,,
2018-01-11,1121.6873779296875,1134.3090851962022,1118.351036769785,1129.52572369913,2520744,-0.005736388210275,-0.5736388210275001,,
2018-01-12,1115.9993896484375,1127.5156870909336,1101.6089737296024,1127.5156870909336,3360314,-0.005070921179258,-0.5070921179258003,,
2018-01-15,1103.8399658203125,1128.721646624928,1099.398217491051,1116.3209439806606,1457214,-0.0108955470235118,-1.089554702351181,,
2018-01-16,1145.9459228515625,1150.2870813570232,1105.6286742838822,1107.8193714833894,4267752,0.0381449832720626,3.8144983272062616,,
2018-01-17,1161.260986328125,1175.7518968550949,1150.4882655604404,1153.6437415296143,4280806,0.0133645603786018,1.3364560378601895,,
2018-01-18,1173.0185546875,1178.9676781801174,1152.8599751010115,1164.4968849941356,2209478,0.0101248285250261,1.0124828525026164,,
2018-01-19,1189.5391845703125,1198.6638022032798,1167.1696955769755,1177.982650595348,1820000,0.0140838606659667,1.4083860665966783,,
2018-01-22,1255.658203125,1263.031649136002,1177.3306971200586,1193.0445565272053,4367110,0.0555837246997215,5.55837246997215,,
2018-01-23,1249.856201171875,1266.1140412020343,1245.0413331590223,1255.0739886564145,3239610,-0.0046206857397063,-0.4620685739706309,,
2018-01-24,1279.108154296875,1313.1346829464733,1242.0596313348044,1245.0211287070022,5621538,0.0234042549035427,2.34042549035427,,
2018-01-25,1257.531982421875,1281.2035041249717,1241.3950360381298,1279.269470763084,3833844,-0.0168681372271138,-1.6868137227113889,,
2018-01-29,1288.878662109375,1299.414964254886,1257.9142692724818,1261.7016719912426,3141060,0.0249271431070321,2.4927143107032146,1149.0643127441406,
2018-01-30,1270.344970703125,1290.873702556528,1266.658197717545,1281.2841973803154,1574758,-0.0143797022567802,-1.4379702256780202,1159.4094360351562,
2018-01-31,1254.0264892578125,1269.1963684088073,1248.4863463798376,1263.9584151423585,3043214,-0.0128457087024796,-1.2845708702479697,1169.2280700683593,
2018-02-01,1264.6029052734375,1285.3129236931834,1244.537498891199,1258.7202425133244,2400630,0.0084339653956468,0.8433965395646892,1179.42578125,
2018-02-02,1270.6671142578125,1285.3132782652788,1250.4405738786652,1257.1089116575768,2456490,0.0047953463961587,0.479534639615875,1189.5558959960938,
2018-02-05,1250.3399658203125,1284.5075643707307,1239.723094377125,1253.0798385172436,2757742,-0.0159972255592472,-1.5997225559247208,1198.0244873046875,
2018-02-06,1207.6505126953125,1239.843742499211,1202.714748651433,1212.7877364960848,2657306,-0.0341422767343061,-3.4142276734306143,1203.8521301269532,
2018-02-07,1190.647216796875,1221.248931314202,1187.5849894327778,1219.6372534107852,2180324,-0.0140796494678649,-1.4079649467864996,1208.938134765625,
2018-02-08,1198.3629150390625,1219.878871012135,1192.2385595505882,1200.5991374859293,2755004,0.006480255556255,0.6480255556255088,1212.4483337402344,
2018-02-09,1197.3558349609375,1206.3409593082797,1167.1167074060097,1188.6125016564542,2102458,-0.0008403798761514,-0.0840379876151486,1216.231756591797,
2018-02-12,1195.5830078125,1218.1666646261858,1190.8487038625692,1200.0151221486055,1974562,-0.001480618456664,-0.1480618456664029,1220.2109375,
2018-02-14,1173.220947265625,1198.4638130329413,1165.4445817224214,1196.6708410425554,2847532,-0.0187038962587715,-1.870389625877156,1223.6799865722655,
2018-02-15,1178.8824462890625,1185.7924786399385,1170.521863913331,1181.3401970262807,2465236,0.0048256034267308,0.4825603426730884,1225.3268127441406,
2018-02-16,1181.783203125,1208.5975187905815,1177.7338419828643,1177.7338419828643,2515756,0.0024605988875894,0.2460598887589427,1226.3529235839844,
2018-02-19,1177.9755859375,1189.9422763928917,1166.5326121797475,1186.5980245954386,1568224,-0.0032219252883536,-0.3221925288353633,1226.6007751464845,
2018-02-20,1186.4974365234375,1202.7351153166592,1179.7082022338338,1179.748533539562,1889068,0.0072343185102221,0.723431851022216,1226.4486877441407,
2018-02-21,1225.80224609375,1233.9815331627271,1192.6621109581486,1198.2828193711696,3089228,0.0331267547323825,3.312675473238258,1224.9558898925782,
2018-02-22,1228.98486328125,1240.588962893778,1217.8240144028723,1229.7101379512214,3463010,0.0025963545079494,0.2596354507949483,1223.9123229980469,
2018-02-23,1239.299560546875,1244.618077169169,1205.575225070445,1228.9042199307107,3362500,0.008392859484116,0.8392859484116055,1221.921893310547,
2018-02-26,1221.5311279296875,1245.0011907155513,1217.30047283524,1238.977563373929,1363882,-0.0143374799627514,-1.4337479962751476,1220.1218505859374,
2018-02-27,1225.8221435546875,1240.4078093451787,1221.6518875066545,1225.2781628983298,1717800,0.0035128172560552,0.3512817256055234,1216.9690246582031,
2018-02-28,1222.880859375,1234.525193684289,1217.401114777088,1222.8606937260113,2706864,-0.0023994379569276,-0.2399437956927652,1214.5958190917968,
2018-03-01,1223.9482421875,1233.4168480912233,1216.8165884784944,1228.5012510830893,1718124,0.0008728428483584,0.0872842848358423,1213.0919067382813,
2018-03-05,1251.40771484375,1254.5504086162466,1222.0348208355592,1228.501699241021,2858168,0.022435158374976,2.2435158374976005,1212.432147216797,
2018-03-06,1226.00341796875,1259.9292186368805,1220.9064275064218,1257.9146212294022,1906764,-0.0203005755627548,-2.030057556275489,1210.1989624023438,
2018-03-07,1219.8184814453125,1244.6181935149857,1216.2123720054983,1236.9627238883152,1917772,-0.0050447954979478,-0.5044795497947896,1208.6728881835938,
2018-03-08,1210.3502197265625,1230.8789520950495,1203.7222124897569,1230.8789520950495,1951826,-0.0077620251396186,-0.7762025139618656,1208.8078735351562,
2018-03-09,1222.4979248046875,1234.222821607681,1199.5717494118703,1210.772929632689,1872436,0.0100365207360142,1.0036520736014245,1210.400408935547,
2018-03-12,1229.7705078125,1242.5631998074325,1223.0619386021283,1226.083834348963,2091340,0.0059489532540306,0.5948953254030664,1211.9707885742187,
2018-03-13,1163.148193359375,1184.462598513621,1157.1849642597176,1178.499369413964,88067154,-0.0541745911370341,-5.417459113703416,1210.2604064941406,
2018-03-14,1163.1885986328125,1177.7542017544838,1158.4140602105922,1165.626281980383,3668668,3.473785513152805e-05,0.0034737855131528,1208.6406860351562,1189.0736181640625
2018-03-15,1156.25830078125,1169.494248351658,1150.5771937161774,1166.4521858443015,2348906,-0.005958017349644,-0.5958017349644074,1207.7925537109375,1190.9299340820312
2018-03-16,1138.529541015625,1157.1847323849083,1130.1891275555947,1155.895409738505,7197482,-0.0153328713434067,-1.533287134340677,1205.7749084472657,1192.5474487304687
2018-03-19,1140.6651611328125,1147.5147929728894,1136.2330464127629,1139.8593220928035,3489940,0.0018757704918945,0.1875770491894579,1203.7190063476562,1194.1477783203125
2018-03-20,1154.3038330078125,1157.668151415266,1135.8299367604347,1136.2328562129926,4024984,0.0119567707857888,1.1956770785788828,1202.535418701172,1195.87255859375
2018-03-21,1151.040283203125,1162.140735117148,1148.3205765743962,1157.3862653368255,3907678,-0.0028272883718869,-0.2827288371886949,1200.7625610351563,1197.2740014648436
2018-03-22,1140.8062744140625,1158.7764268055632,1137.2605628022825,1152.3297141910637,2326094,-0.0088910952452361,-0.8891095245236125,1196.512762451172,1198.268173828125
2018-03-23,1135.4874267578125,1141.9140707828917,1127.388804705208,1128.980316884259,3654122,-0.004662358347373,-0.4662358347373052,1191.837890625,1199.1993798828125
2018-03-26,1135.024169921875,1139.214493146931,1120.7406940955957,1135.830008878156,2964210,-0.0004079805949593,-0.0407980594959389,1186.62412109375,1199.3366845703124
2018-03-27,1147.3941650390625,1153.5588548066692,1137.4622359022296,1138.247909475669,2494574,0.0108984420288062,1.08984420288063,1182.9172729492188,1199.8508203125
2018-03-28,1147.9781494140625,1158.3936587016517,1138.2476820285792,1142.6394655956983,6865654,0.0005089657876899,0.0508965787689996,1179.0250732421875,1200.4903955078125
2018-04-02,1172.354736328125,1174.107475579224,1144.2914312439932,1144.2914312439932,1662988,0.0212343648931858,2.1234364893185864,1176.4987670898438,1201.8606909179687
2018-04-03,1172.9993896484375,1180.5137989455511,1165.283520602136,1165.283520602136,1937290,0.0005498790599265,0.0549879059926539,1173.9513244628906,1202.4017602539063
2018-04-04,1172.8585205078125,1182.166001791824,1165.2433800892825,1180.3326981002415,2841820,-0.0001200931064996,-0.012009310649963,1170.0238647460938,1202.6337109375
2018-04-05,1191.815673828125,1194.1526265205089,1176.665960177355,1179.1640413165176,1809424,0.0161632055263618,1.6163205526361857,1168.3144775390624,1203.0096533203125
2018-04-06,1188.733154296875,1192.6414528977743,1179.1638183150094,1190.2239364391978,1129018,-0.0025864062698126,-0.2586406269812658,1166.7602111816407,1202.9935327148437
2018-04-09,1178.096435546875,1194.0520891103708,1174.5104908914227,1184.4625841249983,1235866,-0.0089479448870015,-0.8947944887001569,1165.1475219726562,1201.4422973632813
2018-04-10,1183.6165771484375,1191.5339074113165,1178.8217752076837,1178.8217752076837,1184532,0.0046856449395842,0.4685644939584232,1163.2034545898437,1200.1175048828125
2018-04-11,1214.4599609375,1218.8316775417509,1186.8399036011613,1188.85450141528,3124416,0.026058593960698,2.605859396069809,1162.4379272460938,1198.824541015625
2018-04-12,1264.8651123046875,1269.1964971760024,1211.9617592724037,1212.78776396818,6114360,0.0415041689215323,4.15041689215323,1167.5237731933594,1198.9712036132812
2018-04-13,1270.5257568359375,1305.781204145641,1261.9838852758426,1269.1961031493158,8179118,0.0044752950146089,0.4475295014608971,1172.8906311035157,1198.6041455078125
2018-04-16,1284.3665771484375,1289.322507723035,1253.3821003764835,1255.4974281999912,6270274,0.0108937738869367,1.0893773886936795,1179.296044921875,1198.8845776367189
2018-04-17,1275.8848876953125,1287.3075961376364,1268.0681906211194,1284.366264206858,3301724,-0.0066037917865755,-0.6603791786575552,1186.1638122558593,1199.3217456054688
2018-04-18,1272.8631591796875,1286.7033863683405,1267.5244752704175,1275.6432646602998,2433066,-0.0023683394519102,-0.2368339451910284,1192.7737121582031,1199.4869506835937
2018-04-19,1285.7764892578125,1296.2725616305397,1275.5423735746062,1281.243645002039,4820952,0.0101451047467249,1.014510474672492,1199.347344970703,1199.7891381835936
2018-04-20,1370.91357421875,1378.9317321155252,1305.459314379897,1309.48850979465,18465662,0.0662145292531217,6.621452925312177,1210.3410095214845,1202.2006103515625
2018-04-23,1373.411865234375,1433.54761597407,1365.716159839532,1379.596720487214,15185910,0.001822354860735,0.1822354860735009,1221.9712890625,1205.5158374023438
2018-04-24,1364.144775390625,1387.3126535964198,1346.7588330933738,1373.955907508872,8314336,-0.0067474951093192,-0.6747495109319268,1233.4041564941406,1208.9857885742188
2018-04-25,1398.2313232421875,1403.3685466040024,1355.844213687526,1363.8824376269158,8196574,0.0249874855414826,2.498748554148267,1246.5645141601562,1212.9831567382812
2018-04-26,1426.03271484375,1434.3932937327822,1396.921783531336,1396.921783531336,12135034,0.0198832561818864,1.9883256181886464,1260.4964416503906,1217.5566943359374
2018-04-27,1390.8582763671875,1427.947044762899,1377.9850149799984,1420.2915724574543,4501330,-0.0246659407672962,-2.4665940767296224,1272.640447998047,1221.4621997070312
2018-04-30,1423.1522216796875,1429.9615229173949,1385.076323140467,1390.8581598231506,3458558,0.0232187174360058,2.32187174360059,1285.180322265625,1226.4608251953125
2018-05-02,1410.1175537109375,1423.192272123545,1398.6545133367165,1422.507328631035,3158046,-0.0091590117839718,-0.9159011783971828,1297.03623046875,1231.08552734375
2018-05-03,1402.9053955078125,1420.6942532908868,1398.2918882249064,1414.166976622289,3761550,-0.0051145794080394,-0.5114579408039499,1308.53857421875,1235.5079711914063
2018-05-04,1402.4619140625,1409.0093553046215,1398.130529856173,1406.9947579993536,2347244,-0.0003161164300404,-0.031611643004048,1319.0708862304687,1239.9976977539063
2018-05-07,1378.3673095703125,1406.1889180087285,1374.3179493159985,1406.1889180087285,3484426,-0.01718022019036,-1.718022019036003,1328.5525939941406,1243.8350952148437
2018-05-08,1386.526611328125,1404.7788849785618,1368.596692962559,1383.9076344882108,2992820,0.0059195409678978,0.5919540967897818,1338.974102783203,1247.0495825195312
2018-05-09,1405.9072265625,1408.103118469109,1386.1238370133467,1386.1238370133467,2615050,0.0139778169968267,1.3977816996826764,1350.0886352539062,1250.5880297851563
2018-05-10,1390.575927734375,1414.710766495073,1386.123647574815,1411.406846260895,3858678,-0.0109049150174799,-1.090491501747992,1358.89443359375,1253.6135571289062
2018-05-11,1392.8721923828125,1404.1741011635374,1387.050026759104,1391.7641640389963,2627876,0.0016513047598765,0.1651304759876515,1365.2947875976563,1257.0403784179687
2018-05-14,1383.4444580078125,1398.5337756716328,1374.2780381298148,1392.8929019005575,2433894,-0.0067685566748746,-0.6768556674874637,1370.94072265625,1260.1928247070311
2018-05-15,1403.1270751953125,1408.5262564700292,1383.5049117545318,1390.0725204379444,1952890,0.0142272550759596,1.4227255075959675,1376.8787475585937,1263.7977490234375
2018-05-16,1407.760498046875,1413.8446222608684,1400.2460882052103,1402.139790311008,1648450,0.003302211847717,0.3302211847717062,1383.4725280761718,1267.473994140625
2018-05-17,1406.914306640625,1423.5749686702711,1400.5481589714966,1415.4360145778994,2968048,-0.0006010904606458,-0.0601090460645825,1390.1750854492188,1270.5841259765625
2018-05-18,1411.04443359375,1417.3500852208088,1393.2958076941122,1402.4823931329347,1874996,0.0029355924050462,0.2935592405046261,1396.4384826660157,1274.2849462890624
2018-05-21,1433.0841064453125,1447.28702055291,1417.4911395669478,1421.7821934178012,3446178,0.0156194038450159,1.5619403845015922,1399.5470092773437,1278.5502587890626
2018-05-22,1413.80419921875,1440.4170519619795,1407.6798424708238,1433.5875860865517,1857416,-0.0134534373382908,-1.3453437338290852,1401.5666259765626,1282.6193383789061
2018-05-23,1408.244384765625,1428.3500341926792,1402.5631788504136,1420.291641898221,1507298,-0.003932520823037,-0.3932520823037078,1403.7716064453125,1286.334267578125
2018-05-24,1452.0010986328125,1456.554109020846,1411.1652630624544,1414.247558136423,2962316,0.0310718184574689,3.107181845746898,1406.4600952148437,1290.7788793945313
2018-05-25,1444.78857421875,1480.6484050387903,1439.4498915404856,1460.582996883663,3769772,-0.0049672995570414,-0.4967299557041449,1407.3978881835938,1296.4116870117186
2018-05-28,1411.04443359375,1457.1585565430182,1404.577555124834,1457.1585565430182,3716798,-0.0233557637616609,-2.335576376166093,1408.4071960449219,1301.3688037109375
2018-05-29,1419.687255859375,1427.9471079226978,1405.3836096033774,1422.2659020339647,3525312,0.0061251240994677,0.6125124099467749,1408.2339477539062,1306.6373828125
2018-05-30,1415.899169921875,1423.514307594808,1403.16687693148,1413.8644071817423,3779106,-0.0026682538156665,-0.2668253815666599,1408.5230285644532,1312.184775390625
2018-05-31,1414.680419921875,1429.3062186321035,1402.53282203613,1408.951942418684,5049371,-0.0008607604452987,-0.0860760445298702,1409.1117797851562,1317.6650805664062
2018-06-01,1407.692626953125,1428.0469055955266,1394.5701131166174,1425.2029999513818,1603856,-0.0049394851800775,-0.4939485180077585,1409.3733154296874,1322.7328564453126
2018-06-04,1417.2806396484375,1421.1402257389234,1391.563588281689,1417.8900479785143,1681483,0.00681115501476,0.681115501476004,1411.3189819335937,1328.0576635742189
2018-06-05,1398.876708984375,1423.496849079537,1390.3856579204455,1417.0777271522852,2449568,-0.0129853821107919,-1.298538211079192,1411.9364868164062,1333.219072265625
2018-06-06,1402.2484130859375,1409.6832137316374,1393.676030511858,1400.0139161217269,2236512,0.0024102939736629,0.2410293973662991,1411.7535461425782,1338.5542919921875
2018-06-07,1410.2115478515625,1421.140230935882,1400.6641506454469,1401.6391643021136,2414762,0.0056788331449064,0.567883314490647,1412.7353271484376,1344.0580395507814
2018-06-08,1419.596435546875,1427.884448722578,1409.7646672153344,1409.7646672153344,2582138,0.006654950251691,0.665495025169105,1414.0715393066407,1349.5020849609375
2018-06-11,1421.7086181640625,1432.5154962395195,1416.2646114268196,1419.596022975917,2179378,0.0014878754019791,0.1487875401979144,1415.9847473144532,1354.9766943359375
2018-06-12,1447.141845703125,1450.392023907961,1424.3905982692747,1427.6407764741105,4608875,0.0178891984012208,1.788919840122083,1418.1854858398438,1360.4724365234374
2018-06-13,1482.162353515625,1488.297103962435,1460.9549626056355,1475.5807631211535,5370983,0.0241997755206122,2.419977552061225,1421.9055786132812,1366.6556958007814
2018-06-14,1452.464111328125,1488.8254814752404,1449.579538378856,1486.9565892563378,3819998,-0.0200371046512259,-2.003710465122599,1424.1830688476562,1372.2478076171874
2018-06-15,1495.1221923828125,1500.8505702369866,1453.3167282580152,1462.5797531991172,9183574,0.0293694561689934,2.9369456168993446,1428.3869567871093,1378.3139379882812
2018-06-18,1486.1436767578125,1517.792240805985,1480.5777675708323,1517.792240805985,4674987,-0.0060052052405767,-0.6005205240576794,1431.0399353027344,1384.2621484375
2018-06-19,1482.487548828125,1494.269444941037,1479.643642869836,1480.578088950787,3245034,-0.0024601443231004,-0.2460144323100488,1434.474102783203,1390.349970703125
2018-06-20,1480.8214111328125,1492.0752297314891,1477.693135222503,1488.581249351117,3107695,-0.0011238797227197,-0.1123879722719767,1438.1029541015625,1396.2940673828125
2018-06-21,1478.302978515625,1488.5816874064644,1476.8810254845323,1488.5816874064644,2910659,-0.0017006997591025,-0.1700699759102586,1439.4180480957032,1401.570927734375
2018-06-22,1470.5428466796875,1484.5185702273902,1462.214266852194,1484.5185702273902,2949458,-0.0052493514176163,-0.5249351417616399,1440.70576171875,1405.684482421875
2018-06-25,1478.2213134765625,1480.7401811321292,1467.4551008045469,1472.2491323224249,2083217,0.0052215185801707,0.5221518580170725,1444.0646057128906,1409.8383935546874
2018-06-26,1504.83251953125,1512.145420544091,1479.6436382647985,1481.2687273787628,4679712,0.0180021799253466,1.8002179925346695,1448.3218688964844,1414.2477124023437
2018-06-27,1509.7078857421875,1531.7684917464949,1504.2232096233718,1511.3329749625773,4081208,0.0032398065217624,0.3239806521762478,1453.0123046875,1418.9241723632813
2018-06-28,1497.2755126953125,1520.2705586828515,1483.9498640055867,1515.3952923268405,4888125,-0.0082349527112413,-0.8234952711241306,1457.1420593261719,1423.4124194335936
2018-06-29,1501.3790283203125,1517.3455468218715,1496.9507006813878,1499.063296443191,3506276,0.0027406550031752,0.2740655003175218,1461.8263793945312,1427.7244702148437
2018-07-02,1504.3040771484375,1509.5450481177745,1495.97549692638,1504.8322508536878,2650290,0.0019482414320102,0.1948241432010222,1466.1775512695312,1430.3922802734376
2018-07-03,1522.7490234375,1527.5023888111675,1508.935767268261,1511.2920669117902,3242233,0.0122614480471441,1.226144804714413,1472.3711669921875,1433.3790234375
2018-07-04,1516.3297119140625,1527.50219711946,1509.0168125068933,1527.50219711946,2700614,-0.0042156070531874,-0.4215607053187464,1478.0752319335938,1436.4227221679687
2018-07-05,1527.8271484375,1533.6774279578726,1513.0387820699646,1521.8955351338254,2472571,0.0075824119471512,0.7582411947151257,1483.9560119628907,1439.014638671875
2018-07-06,1554.357177734375,1560.8982015439333,1528.9245908604937,1529.8996047210455,3713781,0.0173645489439084,1.7364548943908489,1490.6940490722657,1441.5811279296875
2018-07-09,1530.021484375,1563.6608507091291,1524.7399444661112,1563.3358130310671,6151747,-0.015656435797367,-1.5656435797367083,1496.1096923828125,1444.3643920898437
2018-07-10,1523.6019287109375,1542.9405243965432,1520.067380538108,1542.2092146258606,5303302,-0.0041957290989838,-0.4195729098983802,1499.9326965332032,1446.3733862304687
2018-07-11,1608.7567138671875,1623.4637480030783,1539.0810299876762,1543.8343949979226,22903802,0.0558904419531001,5.589044195310011,1506.2624145507812,1450.3461694335938
2018-07-12,1601.8094482421875,1617.694731583203,1592.9933609811794,1612.0881551576945,6921701,-0.0043184066087282,-0.4318406608728287,1513.7296813964845,1454.3242504882812
2018-07-13,1609.7318115234375,1623.382598140494,1603.9627656890175,1604.7753101498529,4148185,0.0049458837253981,0.494588372539817,1519.4601623535157,1458.4696484375
2018-07-16,1616.313232421875,1621.8385738514976,1606.7658360076691,1616.963307597435,2582159,0.0040885201195153,0.4088520119515326,1525.9686401367187,1463.2285668945312
2018-07-17,1630.11376953125,1635.6908938163583,1612.8938081882557,1619.4072612248565,3315492,0.0085382813383865,0.8538281338386522,1533.349951171875,1468.1003100585938
2018-07-18,1628.566650390625,1637.8889894118056,1622.7045829675744,1632.434012765006,2013869,-0.0009490866033662,-0.0949086603366233,1540.7372131347656,1472.5534985351562
2018-07-19,1613.2197265625,1636.871646580396,1603.9380348084594,1630.0732488991744,1746318,-0.0094235773675237,-0.942357736752375,1547.4830505371094,1477.0063745117188
2018-07-20,1625.594970703125,1628.3632080342638,1615.3363023699897,1616.0690856910858,1934995,0.0076711460546012,0.7671146054601286,1555.2356567382812,1481.660830078125
2018-07-23,1632.9637451171875,1636.4646672205931,1616.965052888614,1629.1777798741775,2086201,0.0045329707257124,0.4532970725712459,1562.9727783203125,1486.6512158203125
2018-07-24,1627.54931640625,1640.5762243914926,1615.4587373099307,1640.5762243914926,2038423,-0.003315706626756,-0.3315706626756065,1569.1086181640626,1491.1396606445312
2018-07-25,1613.301025390625,1629.991750104482,1602.6352650851063,1629.910351812629,1535492,-0.0087544450247973,-0.8754445024797386,1574.2882751464845,1495.2504711914062
2018-07-26,1599.6226806640625,1616.1506082515234,1591.8065565419402,1607.9680427469734,3503036,-0.0084784826336118,-0.8478482633611839,1579.4056335449218,1499.104638671875
2018-07-27,1582.565673828125,1599.5820911759656,1579.756786727936,1596.488160971844,2033977,-0.0106631439039465,-1.0663143903946517,1583.4649658203125,1502.5350634765625
2018-07-30,1583.2576904296875,1591.4809056000822,1572.6326790349274,1581.955019606516,1579251,0.0004372751241903,0.0437275124190339,1587.412646484375,1505.53853515625
2018-07-31,1579.6749267578125,1585.2114007836103,1569.7419520856708,1581.1404932315213,2204803,-0.0022629062176875,-0.2262906217687543,1590.2589416503906,1508.8559497070312
2018-08-01,1609.22998046875,1613.341637426529,1587.4913708543645,1587.6134185880885,2425180,0.0187095795535587,1.8709579553558784,1594.903955078125,1512.8756616210937
2018-08-02,1586.351806640625,1616.150840035328,1583.5835686996031,1612.0799311183623,1509287,-0.0142168453892841,-1.4216845389284138,1597.8301879882813,1515.56267578125
2018-08-03,1611.6322021484375,1613.7491544406953,1592.9467686903038,1592.9467686903038,1505131,0.0159361847743899,1.593618477438996,1600.6939392089844,1518.8995483398437
2018-08-06,1608.4564208984375,1627.5081898959008,1605.7695819950015,1625.920575608578,1532249,-0.001970537226649,-0.1970537226649082,1604.6156860351562,1522.8477880859375
2018-08-07,1601.7801513671875,1611.3875340050556,1596.2030272829804,1610.61400185238,1353521,-0.0041507307531035,-0.4150730753103571,1608.5245971679688,1526.4896459960937
2018-08-08,1607.1947021484375,1610.6957232707994,1597.4245215882647,1605.566338721742,1315062,0.0033803332976929,0.3380333297692939,1608.4464965820312,1530.315556640625
2018-08-09,1607.4794921875,1612.73102336897,1600.6810954084906,1612.0796383056008,2060297,0.0001771969747546,0.01771969747546,1608.729998779297,1534.1715380859375
2018-08-10,1622.745361328125,1625.513598704025,1605.606897918885,1612.853034801882,2784105,0.0094967738094442,0.9496773809444248,1609.3806762695312,1538.4725927734376
2018-08-13,1628.4854736328125,1631.8235985746676,1620.2215098733134,1626.5721666016502,3559575,0.0035372846790882,0.3537284679088204,1609.9892883300781,1542.696689453125
2018-08-14,1631.2535400390625,1648.3920026201838,1614.0335797902374,1621.8497030600347,3311765,0.0016997796118347,0.1699779611834762,1610.0462768554687,1547.3442260742188
2018-08-16,1635.2840576171875,1644.6878966579309,1624.2926039065417,1628.607806970134,2152065,0.0024708100115622,0.2470810011562241,1610.382147216797,1552.0049389648439
2018-08-17,1638.7440185546875,1646.193800086509,1631.619929540973,1639.639598438931,1213731,0.0021158164671044,0.2115816467104458,1611.6583618164063,1556.5755883789063
2018-08-20,1636.4644775390625,1647.90377024459,1631.375841884898,1647.90377024459,1587032,-0.0013910293430913,-0.1391029343091321,1612.201837158203,1560.91294921875
2018-08-21,1642.733642578125,1647.9036762303183,1631.6200430659871,1636.6272801415007,1376866,0.0038309203316715,0.3830920331671539,1612.69033203125,1565.3334497070311
2018-08-23,1656.94140625,1659.3025534115357,1644.8915749155829,1646.9270294707983,3046791,0.0086488541438629,0.8648854143862961,1614.1599365234374,1569.5294409179687
2018-08-24,1663.373291015625,1665.8158362300385,1653.6031101579708,1656.9412354068522,1570533,0.0038817816619005,0.3881781661900563,1616.6635498046876,1573.1536596679687
2018-08-27,1669.8052978515625,1676.4002496403184,1656.859887332709,1663.3733414352455,1532702,0.0038668450856333,0.3866845085633397,1620.1726806640625,1577.5004833984376
2018-08-28,1684.70458984375,1686.9843381637986,1670.7007055560398,1673.1432504472036,1987983,0.0089227720210001,0.8922772021000114,1625.2796264648437,1581.2921313476563
2018-08-29,1686.9842529296875,1690.7295677501663,1665.4898390959602,1687.3913437243134,1525867,0.0013531530095427,0.1353153009542751,1630.4659545898437,1585.3089428710937
2018-08-30,1695.4520263671875,1697.568978464179,1681.6924340612768,1683.727888471905,2408020,0.0050194739060513,0.5019473906051397,1636.2548095703125,1589.568232421875
2018-08-31,1692.1951904296875,1703.2681412209804,1688.6128704074154,1695.370618370859,2504554,-0.0019209248547588,-0.1920924854758809,1640.4030700683593,1593.7957080078124
2018-09-03,1671.4332275390625,1701.6394426091713,1667.7694105573682,1697.405738296394,1439711,-0.0122692482569656,-1.2269248256965626,1644.6571411132813,1597.6583129882813
2018-09-04,1708.8858642578125,1713.648906639267,1674.7309822246712,1677.0514795438055,4420803,0.0224074980092943,2.2407498009294318,1649.51982421875,1602.4251733398437
2018-09-05,1692.8868408203125,1715.6839222405213,1689.4673183622365,1709.7811065156457,1681106,-0.0093622539527814,-0.9362253952781452,1653.7413452148437,1606.7184838867188
2018-09-06,1689.67138671875,1694.7192736978334,1677.4586607492724,1689.427092444393,2238097,-0.001899391042584,-0.1899391042584075,1658.1359069824218,1610.4152612304688
2018-09-07,1693.3756103515625,1696.754384342133,1681.6105276974913,1692.9277707350925,1312182,0.0021922745818676,0.2192274581867659,1662.4449523925782,1614.0886157226562
2018-09-10,1694.108642578125,1704.4079620006005,1688.8164613085069,1697.080326396514,1530539,0.0004328822395229,0.043288223952298,1666.7764099121093,1618.0252783203125
2018-09-11,1666.01904296875,1700.825305198152,1662.7215678446892,1700.825305198152,3679745,-0.0165807545652018,-1.6580754565201803,1668.9400939941406,1621.3180786132812
2018-09-12,1664.146484375,1684.460276062609,1660.9305067272303,1670.9857292558218,2307661,-0.001123971902754,-0.1123971902754039,1670.72314453125,1624.5149267578124
2018-09-14,1681.6109619140625,1686.6182991051635,1643.1409723563504,1664.1875514044057,3642038,0.0104945554391033,1.049455543910338,1673.241015625,1627.6921655273438
2018-09-17,1688.73486328125,1691.7067456978882,1672.777021512128,1685.3560887967326,1033857,0.0042363552144539,0.4236355214453979,1675.913555908203,1631.1402685546875
2018-09-18,1685.966796875,1692.520999476686,1675.2603867657588,1687.798705745201,1456507,-0.0016391361761025,-0.1639136176102562,1678.2746948242188,1634.3030615234375
2018-09-19,1691.7882080078125,1700.825705098696,1682.791658534945,1686.9031174235176,1301268,0.003452862264905,0.3452862264905043,1681.0408813476563,1637.0516821289064
2018-09-21,1712.3460693359375,1726.8792913972277,1669.1944415923954,1691.0552985535323,4508530,0.0121515572876189,1.2151557287618964,1684.521502685547,1640.698173828125
2018-09-24,1789.9375,1799.74842804173,1708.2750457086966,1721.9940851880838,3032226,0.0453129376435881,4.5312937643588125,1691.1713073730468,1646.0248852539062
2018-09-25,1777.521484375,1800.8884598923537,1753.584621410849,1795.189187874715,2868778,-0.0069365637766681,-0.6936563776668181,1696.8787170410155,1649.4001806640624
2018-09-26,1744.0992431640625,1790.3855521602654,1738.3594212186092,1780.61537179377,1970951,-0.018802721376214,-1.880272137621408,1700.5934143066406,1652.2459765625
2018-09-27,1782.1214599609375,1799.0970269159443,1738.9290866824708,1743.8954751365973,3311802,0.0218004892473302,2.1800489247330246,1705.4642578125,1655.69376953125
2018-09-28,1777.9285888671875,1783.0579734773632,1757.69629231432,1773.2877928007752,2904371,-0.0023527414870151,-0.2352741487015142,1710.011474609375,1658.9260766601562
2018-10-01,1836.42724609375,1853.0364703054577,1783.3426484639072,1783.7902892993122,3772208,0.0329027035128757,3.290270351287572,1717.060235595703,1663.0523461914063
2018-10-03,1760.952880859375,1835.9796412340213,1755.0500638310173,1832.153027191292,3902322,-0.0410984782516791,-4.109847825167911,1720.4981201171875,1665.7000708007813
2018-10-04,1681.122314453125,1755.9047799088014,1674.2425192501266,1755.8642298460636,4762419,-0.0453337322502866,-4.53337322502867,1720.9825744628906,1667.0581225585938
2018-10-05,1711.939208984375,1726.0653421196794,1645.3799490707202,1669.0726185591238,3417624,0.0183311435856319,1.8331143585631928,1721.1352416992188,1668.7850073242187
2018-10-08,1691.503173828125,1727.85630600329,1667.5661133864846,1711.9390145474613,2010154,-0.0119373603040343,-1.193736030403436,1721.0660583496094,1669.9557958984376
2018-10-09,1703.1048583984375,1716.0095155823244,1671.6773737830497,1693.7825202140734,1867130,0.0068588015380759,0.6858801538075943,1721.7377319335938,1671.4669067382813
2018-10-10,1663.861572265625,1714.6257774175638,1651.9745402516946,1709.781436435958,2749573,-0.0230422019755823,-2.3042201975582377,1720.262030029297,1672.4781176757813
2018-10-11,1612.0390625,1638.947808196797,1580.3267241480294,1616.1507199556097,4700256,-0.0311459262173234,-3.1145926217323483,1716.1585510253906,1672.7264453125
2018-10-12,1561.8448486328125,1610.4514580411708,1549.387828439003,1610.4514580411708,9373289,-0.031137095269481,-3.113709526948105,1710.9498413085937,1672.3120288085938
2018-10-15,1587.2470703125,1592.172908875049,1563.228712490382,1579.512344912157,2638151,0.016264241420602,1.626424142060201,1707.1048706054687,1672.39181640625
2018-10-16,1597.6688232421875,1605.4849478489714,1575.4416226100864,1594.167802103643,2815425,0.0065659298571807,0.6565929857180741,1702.907763671875,1672.7516943359376
2018-10-17,1570.8822021484375,1619.4074119088464,1563.228874240817,1603.937959507505,2779207,-0.0167660660983489,-1.6766066098348964,1697.0151306152343,1671.9847387695313
2018-10-19,1557.6923828125,1570.5564933789678,1522.5605220998796,1570.5564933789678,3428776,-0.0083964407502347,-0.8396440750234713,1690.6014099121094,1671.4115502929687
2018-10-22,1549.387939453125,1559.9723026758736,1536.320282026992,1558.343939103143,1778496,-0.0053312473316334,-0.5331247331633482,1683.481396484375,1670.1666650390625
2018-10-23,1504.2275390625,1548.5714920585272,1498.8018076456872,1540.412527400685,2752811,-0.0291472517893516,-2.9147251789351625,1673.0754699707031,1668.0820874023439
2018-10-24,1508.18505859375,1528.9904245629905,1477.6705019195113,1511.0815317340564,2735913,0.0026309314438668,0.2630931443866835,1658.9878479003905,1666.210185546875
2018-10-25,1511.8565673828125,1531.3565182036489,1489.0522947237578,1504.513497168865,2507233,0.0024343887828233,0.2434388782823315,1645.7046020507812,1664.3034228515626
2018-10-26,1467.879638671875,1512.590814795832,1461.352465491546,1512.590814795832,2285970,-0.0290880296846323,-2.908802968463231,1631.893621826172,1661.51142578125
2018-10-29,1526.54248046875,1532.2129217841166,1455.8450228515824,1475.7120843856874,2609483,0.0399643405708336,3.996434057083365,1619.1146728515625,1659.5873681640626
2018-10-30,1545.960693359375,1557.8727620728127,1505.3290087321373,1523.2787313294853,2404883,0.0127203881575981,1.2720388157598128,1607.5162780761718,1657.9368725585937
2018-10-31,1581.3302001953125,1586.021606194119,1530.173417632877,1550.203721344748,2769190,0.022878658550548,2.2878658550548048,1594.76142578125,1656.9384057617187
2018-11-01,1579.3720703125,1586.3887621610336,1551.2644682437983,1585.8176742977032,2769759,-0.0012382802039514,-0.1238280203951447,1585.6823852539062,1655.820166015625
2018-11-02,1561.1776123046875,1594.7517838275337,1554.2833245358752,1578.1074700391334,1818635,-0.0115200580976542,-1.1520058097654218,1579.6851501464844,1654.268837890625
2018-11-05,1542.7381591796875,1572.5183868747004,1537.761209539051,1558.3625999308065,1713366,-0.0118112461898417,-1.181124618984175,1571.22509765625,1652.3943115234374
2018-11-06,1576.8834228515625,1580.7997666282356,1542.860572229158,1545.3082621903886,1398710,0.0221328962848956,2.213289628489568,1565.4941101074219,1651.0773071289063
2018-11-07,1584.59423828125,1590.1831123174452,1580.3923491836283,1582.8400399670825,144530,0.0048899083584401,0.4889908358440165,1559.5685791015626,1649.6303637695312
2018-11-09,1557.7099609375,1600.7485124464802,1554.2832345897095,1599.9734504096696,2570479,-0.0169660324985848,-1.696603249858486,1554.2609985351562,1647.5170971679688
2018-11-12,1562.3199462890625,1587.816720941914,1557.1390215989582,1557.1390215989582,2552008,0.0029594632294627,0.2959463229462722,1551.7750427246094,1645.3673901367188
2018-11-13,1578.7193603515625,1582.0237819938163,1552.651499295633,1562.4422601950273,1418432,0.0104968345961742,1.0496834596174232,1552.6187683105468,1643.247685546875
2018-11-14,1534.4158935546875,1574.5987993460578,1525.7265752256303,1570.6008862616782,2422318,-0.0280629147329954,-2.806291473299549,1549.9772094726563,1640.196318359375
2018-11-15,1528.0523681640625,1549.3880903277957,1515.6099414249898,1520.83170109058,1829123,-0.0041471972607655,-0.4147197260765511,1546.49638671875,1636.8483251953126
2018-11-16,1539.2706298828125,1550.0405256301558,1525.9307393154345,1541.2288018002168,1829729,0.0073415427065688,0.7341542706568838,1544.9158081054688,1633.789833984375
2018-11-19,1552.2022705078125,1556.2001833130175,1521.0758984310366,1549.3874673962632,1740628,0.0084011481632599,0.8401148163259986,1544.6413024902345,1631.40521484375
2018-11-20,1532.4578857421875,1551.8354312161005,1529.1534644647743,1551.8354312161005,1190182,-0.0127202395852478,-1.2720239585247817,1543.7947998046875,1627.8766552734376
2018-11-21,1478.4051513671875,1526.5839021265606,1467.43137813422,1526.543067443713,3840461,-0.0352719215829031,-3.5271921582903154,1542.503680419922,1623.587021484375
2018-11-22,1478.853759765625,1507.4508823658052,1476.7323484439407,1484.932150984516,3194219,0.0003034407706321,0.0303440770632157,1541.0371154785157,1619.3706689453124
2018-11-26,1506.2269287109375,1517.567913142485,1455.96771021654,1484.1161473151506,4333177,0.0185097199534123,1.850971995341233,1540.755633544922,1615.6276953125
2018-11-27,1542.2489013671875,1548.4905317060422,1497.4561478490712,1512.6726428434154,3344839,0.0239153689059843,2.3915368905984336,1544.4740966796876,1612.5905004882814
2018-11-28,1618.657470703125,1622.8185239220338,1535.9255260348057,1541.2288545443548,5313249,0.0495436043223647,4.954360432236471,1549.0798461914062,1611.6432690429688
2018-11-29,1599.60595703125,1629.345345251857,1584.9198197180135,1629.345345251857,4035441,-0.0117699476366666,-1.1769947636666611,1551.762109375,1610.3524584960937
2018-11-30,1605.8885498046875,1624.4501982274269,1599.034998160017,1604.052782378263,5268901,0.0039275877573607,0.3927587757360795,1552.9900268554688,1608.8380102539063
2018-12-03,1617.433837890625,1623.6346336576,1605.9297129182355,1618.7392528526022,1610576,0.007189345790741,0.7189345790741042,1554.893115234375,1607.4119897460937
2018-12-04,1640.6458740234375,1647.6218307098504,1608.1324101555265,1617.9231706435355,3270615,0.0143511503154183,1.4351150315418335,1558.8665283203125,1606.5055712890626
2018-12-05,1637.3004150390625,1646.4792513012724,1619.5546649321236,1636.688492621582,2501539,-0.0020391109607161,-0.2039110960716184,1563.5946411132813,1605.4158154296874
2018-12-06,1625.8372802734375,1645.6636095077995,1615.1490536461604,1630.1615725317718,2321216,-0.0070012409820048,-0.700124098200483,1566.042333984375,1603.6856396484375
2018-12-07,1627.8768310546875,1634.9751911218666,1609.7639666563025,1619.5955603714392,1680420,0.0012544618123819,0.1254461812381979,1568.2064636230468,1600.4444262695313
2018-12-10,1612.048828125,1640.7683537016562,1599.1576197191678,1611.396070890488,2010786,-0.0097230961383194,-0.9723096138319454,1570.923406982422,1597.1349731445312
2018-12-11,1631.7930908203125,1639.952056274414,1599.9731255493164,1607.3161944580077,2942014,0.0122479309254406,1.224793092544063,1574.3970642089844,1594.8888500976564
2018-12-12,1645.50048828125,1649.743111240988,1619.5140989633712,1632.6908504586595,2219993,0.0084002056008503,0.8400205600850308,1577.7361206054688,1592.1564306640626
2018-12-13,1617.5966796875,1656.025392014432,1610.9879367364715,1651.37482094435,3748429,-0.0169576422446984,-1.6957642244698423,1581.8951599121094,1588.9497924804687
2018-12-14,1623.4305419921875,1630.936752178019,1611.6000392361193,1617.9232389850522,2473761,0.0036064999254414,0.3606499925441486,1586.6640686035157,1584.6898583984375
2018-12-17,1627.1427001953125,1635.7911846132124,1619.5548216456252,1630.9773745438815,1227921,0.0022866135058476,0.228661350584769,1591.0576721191405,1582.0136547851562
2018-12-18,1621.88037109375,1633.425330285603,1612.5383929345724,1625.1847928443758,1768742,-0.0032340919459189,-0.3234091945918949,1594.5415771484375,1580.8288159179688
2018-12-19,1606.0518798828125,1619.3918711086271,1599.1984270216003,1619.3918711086271,2498833,-0.0097593456909914,-0.975934569099146,1598.2212768554687,1578.7110693359375
2018-12-20,1594.3028564453125,1611.3142813335392,1587.7348487072811,1594.0988822869483,1940277,-0.0073154694344975,-0.7315469434497568,1604.016162109375,1576.7670629882812
2018-12-21,1546.776611328125,1590.9981614117453,1539.229568767582,1589.366368425682,3729956,-0.0298100482759925,-2.981004827599254,1607.4123046875,1573.640498046875
2018-12-24,1565.297607421875,1581.941917771982,1554.283003460345,1554.93576057084,1864116,0.0119739307913682,1.1973930791368217,1610.3658386230468,1571.66921875
2018-12-26,1541.3916015625,1567.989906684354,1525.9304029909945,1567.989906684354,2446614,-0.0152724988181317,-1.5272498818131752,1610.3229736328126,1570.25626953125
2018-12-27,1557.506103515625,1584.2267228062583,1527.440327378191,1557.5469381929463,4968201,0.0104545152165029,1.045451521650298,1607.2654052734374,1570.1694946289062
2018-12-28,1546.9810791015625,1566.521766506516,1544.492554165018,1562.4422827395715,2239130,-0.0067576135915649,-0.6757613591564904,1604.6341613769532,1569.3641748046875
2018-12-31,1544.5333251953125,1557.5468380369034,1538.9036179095606,1556.7309413171354,1879740,-0.0015822778567347,-0.1582277856734704,1601.5664001464843,1568.30146484375
2019-01-01,1552.4879150390625,1558.3623300571255,1537.964917360043,1546.9397789467594,1094883,0.0051501574708621,0.5150157470862116,1598.3191040039062,1567.9335791015626
2019-01-02,1569.214111328125,1578.311279556454,1550.2036790047823,1554.2831623705847,2100463,0.010773801281823,1.0773801281823037,1594.7475158691407,1568.164013671875
2019-01-03,1550.162841796875,1586.8781920290396,1544.57396951422,1565.7057132338628,2611668,-0.0121406437743066,-1.214064377430668,1590.3906372070312,1568.17951171875
2019-01-04,1531.3154296875,1551.1824908870074,1502.0655581033166,1550.2034548594793,4280862,-0.0121583433696088,-1.215834336960886,1585.6645446777343,1568.72126953125
2019-01-07,1548.490234375,1557.383527563526,1534.701561405277,1543.5132848501344,1856423,0.0112157197364652,1.121571973646529,1581.69521484375,1569.527373046875
2019-01-08,1544.941162109375,1555.4254142827472,1536.5782213350228,1554.6095176218348,1691756,-0.0022919565050131,-0.2291956505013126,1578.3398315429688,1570.1890649414063
2019-01-09,1539.5565185546875,1565.7060523898017,1523.0346073713142,1556.2416688658432,2414376,-0.0034853389156488,-0.3485338915648839,1573.7280029296876,1571.6226025390624
2019-01-10,1540.8619384765625,1554.2834009717017,1527.440376384646,1542.0449489955463,3053461,0.0008479194535193,0.0847919453519363,1568.496075439453,1571.9089916992189
2019-01-11,1503.3304443359375,1529.8062513539994,1497.1703846584476,1525.7267680170555,9209862,-0.0243574672093802,-2.4357467209380257,1562.782763671875,1571.05638671875
2019-01-14,1479.4249267578125,1510.2250320853225,1476.773262060742,1509.4091352554549,3615370,-0.0159017052226895,-1.5901705222689522,1555.5824829101562,1569.01828125
2019-01-15,1523.9320068359375,1525.1965870547697,1475.1413407918349,1476.77313431041,7711653,0.0300840409493863,3.0084040949386326,1550.4219482421875,1567.9094799804689
2019-01-16,1525.8492431640625,1529.806322264968,1506.9612145191445,1525.726838738928,2359280,0.0012580852160888,0.1258085216088833,1545.6203918457031,1567.2029125976562
2019-01-17,1548.865966796875,1551.8912153325928,1530.0601196142356,1535.5383047389937,2625816,0.0150845332433262,1.508453324332626,1542.7610961914063,1567.32546875
2019-01-18,1554.057861328125,1556.960442820906,1533.9028808053886,1537.991108099646,1683728,0.0033520618585138,0.3352061858513888,1540.748846435547,1566.8689575195312
2019-01-21,1560.6396484375,1579.690825124216,1549.8058474887962,1555.161464485641,2409803,0.0042352265466809,0.4235226546680959,1541.4419982910156,1566.3898657226562
2019-01-22,1555.0799560546875,1568.448439670701,1545.3499548951518,1559.3316726202504,2457093,-0.0035624446606741,-0.3562444660674124,1540.9311157226562,1566.337265625
2019-01-23,1533.5760498046875,1558.5142403185953,1528.9972544592663,1554.3442677684843,2578169,-0.0138281675911742,-1.3828167591174223,1540.5403381347655,1565.7623876953126
2019-01-24,1554.7938232421875,1557.8190716346105,1533.0852955333391,1541.0982612687565,1962927,0.013835488263006,1.3835488263006068,1540.4047241210938,1565.283876953125
2019-01-25,1570.5338134765625,1582.144341849233,1554.34438958935,1555.1620352440525,2327080,0.0101235224883724,1.012352248837245,1541.5823608398437,1566.0062353515625
2019-01-28,1598.4967041015625,1604.2202217121562,1574.376165599774,1580.508505896839,2769033,0.017804704607474,1.7804704607474076,1544.2805297851562,1567.4151220703125
2019-01-29,1621.1866455078125,1626.3378521784484,1583.4932072134443,1604.2205010648486,2557626,0.014194550009412,1.4194550009412057,1547.7154663085937,1569.0534423828126
2019-01-30,1620.0828857421875,1626.705794624803,1598.2108676440655,1618.611083852608,2429575,-0.0006808344792892,-0.0680834479289238,1550.2589050292968,1570.4110546875
2019-01-31,1646.820068359375,1651.4397862008846,1623.026600128113,1624.661891412877,4094319,0.0165035893240355,1.6503589324035506,1555.0917663574219,1572.6982983398439
2019-02-01,1659.779296875,1663.704034854038,1633.73730995163,1643.0584877941712,3064163,0.0078692437410818,0.7869243741081888,1561.514959716797,1576.32578125
2019-02-04,1676.3775634765625,1680.6292798407644,1654.0967252350133,1659.7793211193143,1590764,0.0100002853589109,1.0000285358910954,1567.909326171875,1580.2762573242187
2019-02-05,1671.717041015625,1680.261396025089,1658.1849689240296,1676.173168784152,1111404,-0.0027801150304542,-0.2780115030454277,1574.2481201171875,1583.5860595703125
2019-02-06,1696.4510498046875,1706.3037187383595,1668.8555121222748,1676.0915555644751,1789812,0.0147955713689655,1.4795571368965588,1582.0928466796875,1586.6701025390626
2019-02-07,1703.0740966796875,1715.3797040130514,1690.0736102948606,1696.4103642763723,1339945,0.0039040601117035,0.3904060111703522,1590.2034545898437,1588.3584350585938
2019-02-08,1685.494140625,1708.4700561165791,1676.990708348937,1696.6141978664282,1684474,-0.0103224845524697,-1.0322484552469755,1599.3116394042968,1590.0761987304688
2019-02-11,1689.173828125,1713.7850385361442,1675.2738540529033,1684.3497993246451,1778730,0.0021831505736564,0.2183150573656478,1609.7990844726562,1591.741904296875
2019-02-12,1677.4814453125,1692.5260413877602,1650.0084789954108,1692.5260413877602,2422903,-0.0069219535715152,-0.692195357151526,1617.4765563964843,1592.9428564453126
2019-02-14,1671.7581787109375,1696.6146249860367,1662.3144318893364,1684.390863154215,1724085,-0.0034118211069072,-0.3411821106907298,1624.7720031738281,1593.5651025390625
2019-02-15,1659.5750732421875,1677.8086082757145,1644.2442197308962,1675.3556717139077,1930065,-0.0072876003383122,-0.7287600338312217,1630.3074584960937,1594.010595703125
2019-02-18,1611.007080078125,1669.5913043597725,1604.7520716081435,1666.034566150645,2942184,-0.0292653185427633,-2.926531854276337,1633.1549194335937,1593.7139916992187
2019-02-19,1557.451171875,1611.5792634792267,1546.9852696614394,1610.7616179878623,4408554,-0.0332437447764213,-3.3243744776421336,1632.9954956054687,1592.305478515625
2019-02-20,1565.5865478515625,1581.1627328267436,1538.23634882768,1565.790959203939,4645778,0.0052235191211602,0.5223519121160258,1633.5208251953125,1591.3762329101562
2019-02-21,1565.1370849609375,1586.232380251265,1551.1145435094925,1565.586829941294,4683919,-0.0002870891368106,-0.0287089136810636,1635.098876953125,1590.0431127929687
2019-02-22,1574.4990234375,1578.055761279372,1557.696369060404,1567.5898593115587,2271955,0.0059815453652714,0.5981545365271401,1636.0841369628906,1588.6230834960938
2019-02-25,1623.1492919921875,1627.1148534569022,1578.4649369841957,1580.100228294203,2934880,0.0308988877290457,3.08988877290457,1638.714910888672,1588.7341357421874
2019-02-26,1666.9339599609375,1672.2078336986876,1612.6014525301734,1622.208787841229,6453309,0.026975132962052,2.6975132962052006,1642.1367736816405,1589.6042041015626
2019-02-27,1682.79638671875,1696.5735944673547,1653.2793025082626,1667.996922411897,4732082,0.0095159299281324,0.9515929928132438,1645.2172607421876,1590.7172778320312
2019-02-28,1621.759033203125,1693.6301971297414,1616.975826677089,1684.3498402491025,8454295,-0.0362713837499024,-3.6271383749902464,1645.3010681152343,1590.7148510742188
2019-03-01,1631.5296630859375,1639.3790390214504,1619.2240598016094,1631.243507155885,4148548,0.0060247112442559,0.6024711244255965,1644.5365478515625,1591.2244067382812
2019-03-05,1625.56103515625,1641.0145554159376,1616.1581116947236,1639.3792643791503,2449622,-0.003658301816222,-0.3658301816222065,1642.825634765625,1591.8495703125
2019-03-06,1634.964111328125,1647.555873449542,1623.0674278104602,1626.5424215882074,2635047,0.0057845112970311,0.578451129703117,1640.7549621582032,1593.6133203125
2019-03-07,1646.1656494140625,1654.9553381350763,1635.4544140081723,1639.3791521518826,2539884,0.0068512440171168,0.6851244017116898,1639.477392578125,1595.2306811523438
2019-03-08,1653.8516845703125,1662.2734740184617,1643.508547770047,1655.7323093395892,2031071,0.0046690532990927,0.4669053299092729,1637.3474243164062,1597.4798828125
2019-03-11,1647.3922119140625,1662.2733202578916,1638.2754445241362,1658.9209936321106,3111689,-0.0039057145912865,-0.3905714591286524,1634.563330078125,1599.2776049804688
2019-03-12,1645.4703369140625,1655.568336787062,1637.7436283171348,1646.7786493160638,2658550,-0.0011666165386122,-0.1166616538612275,1632.5621398925782,1601.2473901367186
2019-03-13,1635.69970703125,1648.2914668024853,1617.7932518860068,1645.9202750581887,1833163,-0.0059378948763892,-0.5937894876389294,1629.8884338378907,1603.0707177734375
2019-03-14,1624.98876953125,1641.6687585439242,1619.755818102338,1639.3383889018894,1905495,-0.0065482297599968,-0.6548229759996804,1627.2638000488282,1604.5207348632812
2019-03-15,1667.9559326171875,1691.6676526121369,1627.9322244808443,1634.3916440277242,5184318,0.0264415138686355,2.644151386863558,1627.0736877441407,1606.4955712890626
2019-03-18,1653.933349609375,1688.110971274051,1644.2850928302823,1670.449748708238,2349915,-0.0084070464534453,-0.8407046453445366,1626.7916015625,1608.5709814453126
2019-03-19,1653.933349609375,1659.8203572578184,1631.2845094788747,1659.8203572578184,2373993,0.0,0.0,1628.9379150390625,1611.02333984375
2019-03-20,1647.5966796875,1671.9216344196216,1635.2910744283283,1658.185149470325,3091165,-0.0038312728402094,-0.3831272840209454,1633.4451904296875,1613.00546875
2019-03-22,1639.910888671875,1648.3735005205326,1621.636529796309,1647.5558549349569,3148149,-0.0046648497841612,-0.4664849784161262,1637.1614074707031,1614.90486328125
2019-03-25,1622.4132080078125,1641.668800936112,1616.648766865895,1641.668800936112,2429205,-0.0106698972394978,-1.066989723949785,1640.025213623047,1616.5619970703126
2019-03-26,1621.1048583984375,1631.1618380869872,1600.990799211097,1622.208659853124,2316539,-0.000806421941659,-0.080642194165903,1642.3555053710938,1618.16685546875
2019-03-27,1609.0443115234375,1633.6554167079948,1603.4025386208098,1630.384835293164,2266166,-0.0074397080562174,-0.7439708056217409,1641.6502563476563,1620.2811328125
2019-03-28,1635.536376953125,1647.228648027092,1613.0511251067528,1618.938132938796,4054489,0.0164644722584457,1.6464472258445717,1640.0803771972655,1623.4033618164062
2019-04-01,1661.1695556640625,1667.9559536551717,1642.0366303613166,1643.467510034232,2095740,0.0156726435878424,1.5672643587842483,1638.9990356445312,1626.1481127929687
2019-04-02,1700.1304931640625,1705.6086786219212,1665.544045231473,1665.6257898273627,3719663,0.0234539197802869,2.345391978028699,1642.9176086425782,1629.6337377929688
2019-04-03,1700.1304931640625,1708.552282555951,1682.7964468049488,1704.791033042524,2939886,0.0,0.0,1646.3476501464843,1632.6590283203125
2019-04-04,1647.1468505859375,1700.457296965243,1641.341587530284,1699.1899065231974,4397518,-0.031164456370357,-3.116445637035703,1647.4269409179688,1634.5208081054689
2019-04-05,1674.783447265625,1679.7709654295577,1650.6629031477837,1658.7166919844026,3152103,0.0167784655447427,1.6778465544742716,1649.4179077148438,1636.8036840820312
2019-04-08,1693.1392822265625,1696.6142753205927,1662.0278335429757,1683.5319483783614,2194294,0.010960124421403,1.096012442140304,1651.7665893554688,1639.5648706054687
2019-04-09,1710.10546875,1715.4201642063113,1682.4280902562516,1692.526091471432,2690970,0.0100205498162715,1.002054981627154,1654.579278564453,1643.095458984375
2019-04-10,1668.201171875,1705.19962943037,1664.726178623943,1703.1555157532778,3313062,-0.0245039254249213,-2.4503925424921302,1655.6197265625,1645.3636059570313
2019-04-11,1651.235107421875,1680.2615230264685,1646.4519011504906,1672.085067926583,3422442,-0.0101702748680219,-1.0170274868021911,1655.9079650878907,1646.9776318359375
2019-04-12,1647.1468505859375,1667.1791652244856,1641.0145093700553,1666.3615197290349,3198471,-0.0024758780972872,-0.247587809728722,1656.480322265625,1647.950634765625
2019-04-15,1727.929931640625,1733.2446263343068,1668.8141338160465,1692.5258486032417,9189201,0.0490442494705014,4.9044249470501455,1661.6273803710938,1650.0855004882812
2019-04-16,1743.0565185546875,1762.802575285417,1729.7697806910292,1733.408262828062,5771952,0.0087541668426913,0.8754166842691369,1665.3824096679687,1652.5449731445312
2019-04-18,1757.978759765625,1762.0260650954594,1728.6660885328963,1757.8559931674574,3413728,0.0085609623394833,0.8560962339483336,1670.5846801757812,1654.7681469726563
2019-04-22,1767.2998046875,1779.1965864927863,1754.3402434414472,1756.3025127695337,2007135,0.0053021373950603,0.5302137395060358,1676.2530029296875,1656.9185571289063
2019-04-23,1762.0672607421875,1770.6116176801288,1744.8967024548251,1768.5675035983,2163524,-0.002960756251675,-0.2960756251675023,1681.9765319824219,1658.6323510742188
2019-04-24,1785.2879638671875,1794.731808982054,1762.9254800059157,1764.4789265527436,3003071,0.0131781025857204,1.3178102585720497,1689.2453857421874,1660.90376953125
2019-04-25,1794.731689453125,1802.9081436191984,1772.6961853996495,1778.378781120978,4211526,0.0052897492040897,0.5289749204089755,1697.861309814453,1662.8693823242188
2019-04-26,1830.34033203125,1834.755537781941,1793.219107409098,1801.2729952478437,2716958,0.0198406496009302,1.984064960093024,1708.3230834960937,1665.41470703125
2019-04-30,1848.16552734375,1853.561869160774,1823.4317450592632,1830.3408112609063,3488395,0.0097387327375986,0.973873273759862,1720.2791442871094,1668.668134765625
2019-05-02,1811.4114990234373,1847.387895823271,1807.8957835779995,1843.7903359914696,2457699,-0.0198867621847361,-1.9886762184736173,1729.072900390625,1671.1128881835937
2019-05-03,1743.220458984375,1787.4142445970822,1737.4969396537508,1786.555676773386,3780886,-0.0376452507206812,-3.7645250720681256,1733.1754455566406,1672.4276684570314
2019-05-06,1764.3563232421875,1770.2024083916897,1724.005440228119,1725.2319084094524,2891422,0.0121246077332792,1.212460773327928,1736.386737060547,1674.2796313476563
2019-05-07,1759.5321044921875,1786.0239371198295,1748.780146561119,1766.1551125542162,2201698,-0.0027342655712169,-0.273426557121692,1739.3568176269532,1676.2787719726562
2019-05-08,1760.2681884765625,1772.6554379108184,1741.911887368231,1758.7554644585657,1824895,0.0004183407523488,0.0418340752348811,1745.0128845214845,1679.263994140625
2019-05-09,1776.3759765625,1785.8198231047108,1746.5728345619186,1753.8498005060253,2264162,0.0091507579307434,0.9150757930743492,1750.092510986328,1683.642490234375
2019-05-10,1746.3271484375,1792.2787816562354,1738.1916163371957,1778.3788093532444,2039633,-0.0169158041548996,-1.6915804154899683,1752.751904296875,1687.2573022460938
2019-05-13,1740.56298828125,1771.8379309949355,1734.7576249489418,1744.037981916104,1701744,-0.0033007332912434,-0.3300733291243474,1754.2747802734375,1690.7658203125
2019-05-14,1710.8006591796875,1765.9508087917145,1694.4477490133052,1745.673160261303,2456110,-0.0170992542653982,-1.7099254265398267,1756.4047546386719,1693.4918530273437
2019-05-15,1713.2943115234375,1736.6790528172878,1704.382055366119,1714.60262417978,2346876,0.0014575937473308,0.1457593747330898,1759.50771484375,1695.2947534179686
2019-05-16,1724.2100830078125,1736.6791778582544,1698.2907585542728,1713.7851020672792,1946529,0.0063712179576833,0.6371217957683362,1763.3608764648438,1696.4402758789063
2019-05-17,1713.335205078125,1745.6731241879988,1708.879077073966,1727.357945028317,1947908,-0.0063071652560555,-0.6307165256055569,1762.6311401367188,1697.0510522460938
2019-05-20,1752.99072265625,1759.0821406398652,1676.1729813147213,1737.496383070138,2625116,0.0231452184374607,2.314521843746076,1763.1278503417968,1699.6756860351563
2019-05-21,1725.0272216796875,1756.874467113781,1719.1402152731232,1756.343077501551,1863157,-0.0159518818982625,-1.5951881898262577,1761.4802734375,1701.5456372070312
2019-05-22,1702.134033203125,1735.003352296557,1696.6149244128662,1725.2325255475412,2595795,-0.0132712041809236,-1.3271204180923646,1758.2219848632812,1703.0770971679688
2019-05-23,1679.485107421875,1729.6068262912893,1676.173602575609,1715.420594245672,2541294,-0.0133061940713496,-1.3306194071349695,1754.0928771972656,1703.9675170898438
2019-05-24,1674.5380859375,1692.5262880325315,1661.6601685285568,1692.5262880325315,2274208,-0.0029455584110352,-0.2945558411035276,1748.5553833007812,1704.5349658203124
2019-05-27,1680.3836669921875,1691.6672121136553,1668.07816505074,1680.0976109079936,2329820,0.0034908618106554,0.3490861810655499,1742.8379821777344,1705.06560546875
2019-05-28,1695.59228515625,1715.0113649741938,1672.0849780082128,1684.349659998493,5872979,0.0090506819738882,0.9050681973888252,1736.1005798339843,1706.0296069335936
2019-05-29,1723.2288818359375,1736.4337773367845,1698.331615296979,1700.702707492883,3281320,0.0162990814016004,1.6299081401600413,1729.8537475585938,1707.5847778320312
2019-05-30,1754.9127197265625,1763.29358678521,1728.829706376618,1735.861538098415,4971725,0.0183863201369216,1.8386320136921648,1727.02880859375,1709.9690380859374
2019-05-31,1795.99951171875,1802.8676550218847,1759.777771127464,1766.1145246301878,4265370,0.0234124418441672,2.341244184416724,1729.6677612304688,1713.3892529296875
2019-06-03,1833.4063720703125,1837.7806553114497,1787.0866390812105,1799.6375761734955,3682419,0.0208278789094795,2.082787890947957,1733.120263671875,1716.69826171875
2019-06-04,1799.4468994140625,1833.159143088923,1792.7702950622336,1833.159143088923,2408658,-0.0185226107935374,-1.8522610793537453,1735.1160034179688,1719.6085327148437
2019-06-06,1785.4342041015625,1812.5523465270628,1773.8120280701407,1812.5523465270628,3735467,-0.0077872235724559,-0.7787223572455981,1736.3743041992188,1722.2385498046874
2019-06-07,1798.333984375,1804.9693350721448,1765.6520699201287,1791.945952575341,2659446,0.0072250101649244,0.7225010164924495,1737.4722045898438,1725.2532958984375
2019-06-10,1839.3409423828125,1842.926563141273,1801.4248844174936,1810.6565800227447,2080593,0.0228027487463982,2.2802748746398205,1742.1228942871094,1729.2418969726561
2019-06-11,1856.8975830078125,1866.088024353751,1838.928630104312,1843.874202395045,3048937,0.0095450714005507,0.954507140055072,1747.9396240234375,1733.9315844726561
2019-06-12,1863.573974609375,1868.519546872908,1829.037475463375,1850.468288605352,2404448,0.003595454947358,0.3595454947358023,1755.5782897949218,1738.780966796875
2019-06-13,1857.969482421875,1883.4391035909607,1848.861344977901,1866.1295976060983,3320916,-0.0030073891693377,-0.3007389169337737,1762.8120483398438,1743.7594702148438
2019-06-14,1858.2994384765625,1865.3881750680248,1841.4020605706987,1860.5661599029588,2131408,0.0001775895986502,0.0177589598650218,1769.5165161132813,1748.2147314453125
2019-06-17,1853.9307861328125,1864.4813841683945,1847.5427530968689,1859.5358102050827,1489497,-0.0023508871892742,-0.2350887189274231,1776.5462951660156,1752.0699560546875
2019-06-18,1855.2908935546875,1862.8328131667267,1839.0940184862689,1849.644616259352,1877447,0.0007336344118391,0.0733634411839156,1781.6613037109375,1755.1731640625
2019-06-19,1862.7501220703125,1876.020824389216,1848.9437297994336,1858.711317661548,1652817,0.0040205169666591,0.4020516966659171,1788.5474487304687,1758.425556640625
2019-06-20,1877.6279296875,1882.614755956364,1823.2678809875115,1838.104599729725,2199377,0.0079870120210496,0.7987012021049678,1797.3221435546875,1763.0351782226562
2019-06-21,1854.4666748046875,1889.6213825172376,1847.996135050664,1883.4394150717071,3871804,-0.0123353804641515,-1.2335380464151502,1806.071221923828,1766.6288427734376
2019-06-24,1875.609375,1879.3185563612392,1855.2501308866133,1858.011289602844,1382424,0.011400959899988,1.1400959899988017,1816.1247863769531,1770.2782446289064
2019-06-25,1869.2620849609373,1874.743348763841,1855.0023069178524,1871.0754217745048,1386077,-0.0033841215146744,-0.3384121514674487,1825.5687072753906,1773.461376953125
2019-06-26,1858.0516357421875,1868.4374189769603,1854.5897750758863,1866.9537069097253,1762224,-0.0059972591906415,-0.5997259190641535,1833.6916748046874,1777.2583862304687
2019-06-27,1856.6920166015625,1866.1297793462163,1847.4190660637328,1858.711418915953,2813464,-0.0007317445406095,-0.0731744540609535,1840.3648315429687,1781.3675244140625
2019-06-28,1835.796630859375,1864.439740737676,1831.9226389791256,1862.832469783048,2372928,-0.0112540936005282,-1.1254093600528203,1844.4090270996094,1785.1405200195313
2019-07-01,1845.97607421875,1858.7108823674007,1818.8166805084888,1842.225641725562,2769940,0.0055449733310655,0.5544973331065517,1846.9078552246094,1787.5014428710938
2019-07-02,1856.3212890625,1860.3600940181484,1826.9362160162293,1850.3864392492471,1771746,0.0056041976861094,0.5604197686109424,1848.0536010742187,1789.76673828125
2019-07-03,1844.410888671875,1861.8441611565147,1839.7538860765044,1856.4039482033024,1656881,-0.0064161309040635,-0.6416130904063566,1850.3018005371093,1791.495380859375
2019-07-04,1848.531982421875,1856.2389163210464,1838.187650337876,1841.4021931888176,984140,0.0022343685863661,0.2234368586366164,1853.456689453125,1793.1200244140625
2019-07-05,1782.9617919921875,1854.5901025704347,1763.9212531114356,1852.1173157670075,4088470,-0.0354714936247843,-3.54714936247843,1852.6880798339844,1793.5379150390625
2019-07-08,1793.0999755859375,1804.1452102152548,1757.4095819969782,1771.339533196909,2788062,0.005686147420143,0.5686147420143062,1850.3760314941405,1793.6941552734374
2019-07-09,1758.43994140625,1792.275745585193,1734.7011484957648,1791.9461211814512,3977224,-0.0193296718819939,-1.932967188199397,1845.4531494140624,1792.9683203125
2019-07-10,1737.70947265625,1753.9063450952235,1707.294278970669,1714.4653196277045,6343581,-0.0117891252705631,-1.1789125270563194,1839.1599243164062,1791.115703125
2019-07-11,1733.052490234375,1754.854184691325,1719.4521642374718,1754.0299225096944,2400346,-0.0026799545580863,-0.2679954558086339,1832.9140747070312,1788.8134423828126
2019-07-12,1737.2149658203125,1747.2296703215554,1725.2631647967662,1732.6815240527606,1560725,0.0024018173767919,0.2401817376791903,1826.8598510742188,1787.32951171875
2019-07-15,1768.6195068359375,1775.1312994896568,1729.3022369298517,1751.5573181486818,2900415,0.0180775215695863,1.8077521569586308,1822.594287109375,1787.8374926757813
2019-07-16,1739.95068359375,1761.8446499352667,1734.993559139067,1756.474431776027,2735399,-0.0162097178796111,-1.620971787961112,1816.8272766113282,1787.3493798828124
2019-07-17,1749.245361328125,1755.6483140027233,1728.466827847119,1741.6031274907014,1802969,0.0053419202176336,0.5341920217633689,1811.1520385742188,1787.1436450195313
2019-07-18,1706.862060546875,1748.3779832795767,1701.9462851615035,1748.3779832795767,3072096,-0.0242294773038987,-2.4229477303898794,1802.6137451171876,1786.0755224609375
2019-07-19,1715.949951171875,1732.5150495692642,1704.011583088511,1715.9913008847695,1953177,0.0053243263384086,0.5324326338408625,1795.6879089355468,1784.867001953125
2019-07-22,1743.1729736328125,1749.4107297709952,1709.2167874700851,1715.9914848157,1920167,0.0158646949127776,1.5864694912777644,1789.0660888671875,1784.8039184570312
2019-07-23,1745.279541015625,1759.7791702951542,1736.976317265304,1758.0440960646122,3538588,0.0012084672116172,0.120846721161727,1782.866961669922,1784.8982495117189
2019-07-24,1732.349853515625,1752.1783519495175,1715.578208249107,1743.2554873130823,2413196,-0.0074083762492717,-0.7408376249271709,1776.5818725585937,1785.3292333984375
2019-07-25,1758.04443359375,1763.9104459699872,1728.838824282406,1742.346869905961,2544464,0.0148322118802852,1.483221188028527,1771.6494934082032,1786.2242358398437
2019-07-26,1742.4705810546875,1759.613969651357,1730.8626077119054,1759.613969651357,1720592,-0.0088586228206,-0.8858622820600015,1766.9831909179688,1786.5894458007813
2019-07-29,1759.779541015625,1769.6937919509244,1737.7203730257745,1743.9167798603366,1647090,0.0099335737137442,0.993357371374426,1762.6733642578124,1787.5183325195312
2019-07-30,1800.3861083984375,1805.219385146292,1751.8889506123462,1759.7790802570255,2851672,0.0230748036537447,2.30748036537447,1759.8766052246094,1788.466240234375
2019-07-31,1822.3212890625,1827.278412867379,1773.9479822587102,1794.2722705410686,3000677,0.0121835980414086,1.2183598041408672,1758.7721252441406,1790.4121215820312
2019-08-01,1801.1298828125,1832.0705606202373,1789.728456344347,1817.612281111397,2375236,-0.0116287980485054,-1.162879804850547,1756.4020202636718,1792.3920385742188
2019-08-02,1821.990966796875,1825.874006922908,1789.1086705844152,1795.3050755852848,2500816,0.0115822207956486,1.1582220795648634,1758.3534790039062,1795.2421557617188
2019-08-05,1857.7652587890625,1860.7807624258623,1813.9773220997204,1817.5297669192068,3039682,0.0196347252231881,1.9634725223188096,1761.5867431640625,1798.90669921875
2019-08-06,1829.9224853515625,1860.5327704313609,1827.0721790166808,1844.71136159296,2885467,-0.0149872398064159,-1.498723980641592,1765.160870361328,1801.8974755859374
2019-08-07,1828.7244873046875,1849.4205223227448,1823.6021656899163,1842.3979293186155,2165362,-0.00065467147186,-0.0654671471860046,1769.71162109375,1804.5601196289062
2019-08-08,1865.6138916015625,1884.533502815061,1833.227183410725,1841.489057601059,2073298,0.0201722044807555,2.017220448075552,1776.3396911621094,1807.4078198242187
2019-08-09,1855.8236083984373,1873.710486479262,1851.7753704692768,1867.1836861348777,1744550,-0.0052477542363926,-0.5247754236392677,1782.2701232910156,1809.4260375976562
2019-08-13,1817.157958984375,1855.8235722498976,1812.9031742701552,1854.7908379303376,1647281,-0.0208347653511264,-2.0834765351126494,1784.6970458984374,1809.8492065429687
2019-08-14,1821.247802734375,1832.3601869407044,1790.6788625754111,1801.9977936747064,1945002,0.0022506814720091,0.225068147200913,1788.7619018554688,1809.60603515625
2019-08-16,1788.77880859375,1851.816759528484,1770.7265293039777,1851.816759528484,3755507,-0.0178278837684124,-1.782788376841249,1790.73857421875,1809.3926733398437
2019-08-19,1787.0438232421875,1806.0461385147585,1782.6649885120985,1801.0890127914788,974884,-0.0009699272728562,-0.0969927272856274,1794.7476623535156,1809.4248657226562
2019-08-20,1806.665771484375,1821.7436954947048,1789.9354722400358,1794.47950413356,1843611,0.0109801158690041,1.098011586900416,1799.2834533691407,1809.5915014648438
2019-08-21,1806.211181640625,1819.264985273056,1802.947781159004,1805.1784472030267,1214408,-0.0002516181193694,-0.0251618119369467,1802.4353637695312,1808.92890625
2019-08-22,1830.8311767578125,1847.065677584159,1792.8265584677133,1806.871743487968,2131601,0.0136307400637529,1.3630740063752975,1806.7129455566405,1808.407578125
2019-08-23,1857.0213623046875,1867.100808154848,1829.0961880891325,1829.9637251926831,2826425,0.014305079506705,1.430507950670501,1812.9465209960938,1808.2765258789063
2019-08-26,1880.650634765625,1885.3598631448267,1838.2671759409463,1856.4433008266544,2345475,0.0127242868286727,1.272428682867277,1819.0768310546875,1808.7301489257814
2019-08-27,1847.768310546875,1879.4526812849017,1841.57190440822,1875.445591299533,3432106,-0.0174845468961054,-1.7484546896105455,1824.3417175292968,1808.5195263671876
2019-08-28,1850.0404052734373,1860.6981436054768,1830.8315454218769,1850.6600459138103,1294621,0.0012296426524869,0.1229642652486928,1828.8547607421874,1808.44171875
2019-08-29,1845.24853515625,1857.4348014655864,1835.9539252592983,1835.9539252592983,1670652,-0.0025901434928277,-0.2590143492827712,1831.097882080078,1808.2408715820313
2019-08-30,1866.8536376953125,1872.1411578116893,1832.484151820974,1851.486467191525,2583625,0.0117085054546504,1.1708505454650409,1833.3244995117188,1808.3229418945311
2019-09-03,1860.24365234375,1897.0914897924447,1848.1398857682232,1875.4454199997087,2545060,-0.0035407089329845,-0.3540708932984526,1836.2801879882813,1807.9752563476563
2019-09-04,1855.12158203125,1875.4458779549072,1844.8769363318536,1871.314939897738,2228092,-0.0027534405539009,-0.2753440553900921,1837.93671875,1807.9883544921875
2019-09-05,1830.2528076171875,1861.936970268568,1823.64330906701,1852.477165809804,2055943,-0.0134054687600758,-1.3405468760075867,1836.5610961914062,1807.0812231445314
2019-09-06,1815.5467529296875,1845.2894983701733,1811.4985154826488,1830.831219336604,1890550,-0.0080349854546301,-0.8034985454630106,1835.8423095703124,1806.0069165039063
2019-09-09,1803.4429931640625,1819.9667388404189,1800.9230816072422,1817.6120243991857,1703945,-0.0066667298686159,-0.6666729868615939,1834.5782348632813,1804.9147436523438
2019-09-11,1779.6077880859375,1813.4814739315843,1773.45273185273,1806.045786794735,2627440,-0.0132165004208462,-1.3216500420846211,1830.2779296875,1803.3730590820312
2019-09-12,1762.75390625,1788.696115651432,1751.8069207846968,1780.4342398285614,2118859,-0.0094705597203891,-0.9470559720389128,1825.624444580078,1801.9122045898437
2019-09-13,1769.652099609375,1782.8710982971168,1747.8408324569657,1763.9101373955696,2291174,0.0039133048208923,0.391330482089236,1823.2491516113282,1800.3857250976562
2019-09-16,1776.303466796875,1795.636177334508,1756.8053573626696,1784.5239936624848,2597948,0.0037585733314295,0.3758573331429593,1821.001934814453,1798.7853686523438
2019-09-17,1753.706787109375,1781.7146639184557,1739.6204518327272,1780.392683258006,2796530,-0.0127211819995192,-1.2721181999519215,1819.2483337402343,1796.9712866210937
2019-09-18,1766.843505859375,1770.4786505625489,1745.8582201100949,1756.8052056461431,1454663,0.0074908296224667,0.7490829622466721,1818.2383178710938,1795.3375170898437
2019-09-19,1736.60498046875,1764.57151133045,1727.5582666160408,1763.9105209111656,1652691,-0.0171144333328588,-1.7114433332858892,1814.7352783203125,1794.410380859375
2019-09-20,1706.4490966796875,1759.2837520767066,1699.4678519702466,1739.0421563677758,6941979,-0.017364849305524,-1.7364849305524066,1809.7471740722656,1792.67736328125
2019-09-23,1665.428955078125,1734.1677210203522,1631.7204616556437,1734.1677210203522,6323401,-0.024038303680653,-2.4038303680653077,1801.4770629882812,1790.8171435546874
2019-09-24,1689.3055419921875,1702.7724385920103,1663.115438566578,1664.7678135676376,4620978,0.0143365988931918,1.4336598893191832,1793.0912719726562,1789.8490649414061
2019-09-25,1725.450927734375,1728.3839331629003,1701.9872877179637,1706.076874752098,4002232,0.0213965945435552,2.1396594543555247,1785.3312866210938,1789.6970336914062
2019-09-26,1724.7489013671875,1740.7768562861295,1704.4246105924467,1733.2584702443908,4234281,-0.0004068654494331,-0.0406865449433135,1779.1803161621094,1789.4477124023438
2019-09-27,1698.765380859375,1722.7661685476858,1694.8409901571774,1722.6009713856226,2046795,-0.0150651033824202,-1.5065103382420286,1771.6165649414063,1788.0506298828125
2019-09-30,1734.4158935546875,1738.2989354361855,1701.9466763301057,1703.4752042703683,2620039,0.0209861309260244,2.0986130926024416,1766.074932861328,1787.9399340820312
2019-10-01,1701.90478515625,1731.647533144263,1685.1744894129924,1731.647533144263,3342877,-0.0187447016135247,-1.8744701613524704,1757.827490234375,1786.9931225585938
2019-10-03,1702.1527099609375,1719.4199471468776,1690.503486976355,1710.2080376746223,2317618,0.0001456748972386,0.0145674897238601,1749.9229431152344,1786.898935546875
2019-10-04,1717.9324951171875,1725.037584262297,1697.773405708254,1702.4414845751176,2163251,0.0092704873445885,0.9270487344588574,1743.0634887695312,1786.9385864257813
2019-10-07,1691.7840576171875,1730.4496719118092,1686.2486418582014,1718.4699534860652,2177916,-0.0152208760089938,-1.52208760089938,1736.1400512695313,1785.9108081054687
2019-10-09,1668.9813232421875,1701.9462241623326,1665.1808809704762,1701.9462241623326,2066920,-0.0134785135681658,-1.3478513568165873,1728.8117797851562,1784.38484375
2019-10-10,1656.051513671875,1684.637682193233,1649.9790556454589,1675.508269868787,2881452,-0.0077471265797,-0.7747126579700003,1721.442205810547,1782.858876953125
2019-10-11,1641.5107421875,1648.2441910080777,1590.4110614990225,1595.3681868855128,12593069,-0.0087803859749111,-0.8780385974911153,1714.537353515625,1780.528203125
2019-10-14,1669.7247314453125,1679.4324333723202,1625.9367993490227,1648.2438590961892,3510704,0.0171878188382819,1.718781883828191,1709.8858947753906,1779.0732861328124
2019-10-15,1683.19189453125,1691.2058732278297,1671.1294759157397,1678.8130602828285,2261310,0.0080654989605863,0.8065498960586392,1705.5628845214844,1777.541533203125
2019-10-16,1690.7100830078125,1698.641462662883,1665.593963389286,1683.7700879897643,3034082,0.004466625879669,0.4466625879669061,1701.2832153320312,1775.3480126953125
2019-10-17,1715.6729736328125,1721.6285995852031,1688.9362822446485,1701.3542686774283,3818774,0.0147647375359531,1.4764737535953198,1699.381524658203,1773.2150463867188
2019-10-18,1737.9747314453125,1743.507768848983,1710.6465424557955,1721.206089014165,3087901,0.0129988396129347,1.2998839612934798,1697.9380859375,1771.951943359375
2019-10-22,1732.9482421875,1783.7186251195176,1723.3602975471028,1757.1085674869034,5552505,-0.002892153244157,-0.2892153244157036,1697.7552490234375,1770.1710888671876
2019-10-23,1748.745361328125,1760.3608618275866,1733.8774381923618,1740.2131657375228,2348134,0.0091157478083039,0.9115747808303932,1699.8700622558595,1767.9906909179688
2019-10-24,1758.798095703125,1773.1590791934962,1741.3115276424903,1760.4876231725805,2798671,0.0057485409810409,0.5748540981040939,1704.5385192871095,1766.568203125
2019-10-25,1795.08056640625,1799.346664299883,1752.926940663942,1768.9351713821384,3954245,0.0206291278070893,2.0629127807089365,1709.8272705078125,1765.8953247070312
2019-10-27,1787.2667236328125,1798.5021233784298,1781.4379359313857,1798.5021233784298,224405,-0.0043529203756468,-0.4352920375646829,1712.9180603027344,1764.3283813476562
2019-10-29,1854.1297607421875,1859.9162685650256,1792.1662584679202,1792.1662584679202,5064173,0.0374107771522029,3.741077715220298,1719.3871032714844,1764.2945043945313
2019-10-30,1903.0830078125,1909.1652629773123,1838.923269537205,1879.598544302885,5195136,0.0264022767482665,2.640227674826656,1729.6029846191407,1766.0130053710936
2019-10-31,1917.3173828125,1930.2423055266825,1889.7359372132653,1900.717862641863,4879261,0.0074796395856435,0.7479639585643572,1738.7480590820312,1767.9343969726563
2019-11-01,1859.24072265625,1921.8378080432744,1854.2566983098843,1912.5454054549327,4172620,-0.0302905823922889,-3.029058239228899,1746.6148559570313,1769.3436352539063
2019-11-04,1853.369140625,1883.1470588369152,1842.344933911088,1864.393347338912,2646411,-0.0031580536934784,-0.3158053693478435,1754.1756774902344,1770.6701416015626
2019-11-05,1860.04296875,1867.772473831821,1832.292399702044,1855.9457824552285,2693475,0.0036009168269357,0.3600916826935751,1761.281201171875,1771.737685546875
2019-11-06,1848.7647705078125,1867.6030362853048,1840.7395179056537,1858.4795499735835,2540719,-0.0060634073683614,-0.6063407368361418,1769.1302368164063,1772.5887573242187
2019-11-07,1846.1044921875,1862.28163505338,1837.5300166189115,1862.28163505338,1915598,-0.0014389490554721,-0.1438949055472149,1777.986395263672,1772.8942236328126
2019-11-08,1799.3040771484375,1849.694346512648,1794.2777752879178,1849.694346512648,2788759,-0.0253509025286036,-2.5350902528603614,1785.1490234375,1771.7398779296875
2019-11-11,1774.80615234375,1806.9494505310624,1766.4007952596778,1803.5703959251127,2983768,-0.0136152221938562,-1.361522219385625,1791.8137939453125,1769.62298828125
2019-11-13,1840.4022216796875,1844.7949515338908,1789.2094605664608,1789.2094605664608,3823365,0.0369595683727563,3.695956837275638,1800.3476684570312,1769.4756665039063
2019-11-14,1855.77734375,1858.480546933667,1813.4545906165376,1847.920998371544,2995915,0.0083542183818274,0.8354218381827483,1808.9769409179687,1769.5904052734375
2019-11-15,1836.8958740234373,1868.1944016294976,1832.080763524293,1855.100567930535,2724180,-0.0101744262533179,-1.0174426253317992,1816.28623046875,1769.4233520507812
2019-11-18,1818.4381103515625,1848.131466802956,1815.1856881695123,1840.232845070036,1611089,-0.0100483451092118,-1.004834510921182,1821.4244873046875,1768.4550415039062
2019-11-19,1781.4376220703125,1820.1699115846911,1778.227478959832,1818.776134062004,2975313,-0.0203474003710231,-2.034740037102312,1823.5976318359376,1766.8789208984374
2019-11-20,1781.2264404296875,1803.5703977863564,1769.357469865819,1792.5461908748468,2894129,-0.0001185456274239,-0.0118545627423971,1826.011541748047,1765.4010180664063
2019-11-21,1789.2940673828125,1796.4745588003727,1780.2549308407392,1784.1409263396383,2052574,0.0045292539847874,0.4529253984787429,1828.0389770507813,1764.5818432617189
2019-11-22,1750.096923828125,1779.9171238190256,1740.6356115942583,1771.4694867814412,3742049,-0.0219064849480112,-2.1906484948011284,1827.6039184570313,1763.2728466796875
2019-11-25,1758.37548828125,1761.2898815439894,1733.6238727804964,1752.504422326229,2737010,0.0047303462684893,0.4730346268489338,1825.7686645507813,1762.3714965820313
2019-11-26,1728.935791015625,1772.229831120594,1719.1365519047874,1765.429647762969,6561580,-0.0167425543985495,-1.6742554398549547,1822.852117919922,1761.358056640625
2019-11-27,1735.39794921875,1750.0967537391389,1728.851031150906,1733.4549516407144,2907521,0.0037376507772617,0.3737650777261736,1816.91552734375,1760.8109375
2019-11-28,1754.869873046875,1769.2729284688687,1740.213141037318,1746.1687660934626,2924429,0.0112204372702473,1.1220437270247352,1809.5048706054688,1760.51529296875
2019-11-29,1734.510986328125,1761.3322325552858,1728.2175383041506,1761.3322325552858,2064271,-0.011601365452472,-1.1601365452472034,1800.36455078125,1759.679443359375
2019-12-02,1707.309814453125,1746.7179608080091,1703.043716276722,1740.2133211954597,3809860,-0.0156823289615383,-1.5682328961538317,1792.7680053710938,1758.75150390625
2019-12-03,1732.6103515625,1741.9027522778524,1697.975039805278,1712.9273160717537,4664774,0.0148189490244798,1.4818949024479888,1786.7300659179687,1758.0668408203126
2019-12-04,1755.8414306640625,1758.7981037491356,1727.964227290517,1734.2999553299594,3334301,0.0134081382352426,1.3408138235242673,1781.5199890136719,1758.4515698242187
2019-12-05,1791.9971923828125,1796.6433925106776,1747.2669978545914,1759.6427029714537,3902721,0.0205917009858207,2.059170098582075,1778.6816101074219,1760.1625317382814
2019-12-06,1793.9400634765625,1797.6569408201588,1774.848323619903,1794.277886420121,1829461,0.0010841931572262,0.1084193157226298,1776.073388671875,1762.73275390625
2019-12-09,1740.59375,1797.6153136920364,1734.7226820977244,1797.6153136920364,2244747,-0.0297369541840657,-2.9736954184065745,1773.137872314453,1763.7585180664062
2019-12-10,1700.382568359375,1740.931328494229,1692.272857580631,1740.2131968631472,4520045,-0.0231019912835059,-2.3101991283505985,1769.4166931152345,1763.2571508789063
2019-12-11,1724.923095703125,1730.0761338762002,1695.2296297148753,1710.9844940385951,4943024,0.0144323564593042,1.4432356459304296,1763.6427368164063,1763.260634765625
2019-12-12,1707.1829833984375,1760.1918024977156,1676.0111822179515,1732.6949090323626,7137306,-0.0102845815844654,-1.0284581584465435,1756.2130187988282,1763.4289868164062
2019-12-13,1749.716552734375,1754.91176621829,1695.4404931021802,1708.9567102868511,5711133,0.0249144759229424,2.491447592294249,1751.854052734375,1763.735
2019-12-16,1796.60107421875,1804.4151379011405,1757.3618443267555,1770.6245922475607,5574177,0.0267954951966968,2.6795495196696884,1750.7622009277343,1765.62892578125
2019-12-17,1828.870849609375,1832.2921833160703,1790.0540048163914,1796.3897315913432,6059673,0.0179615696849437,1.796156968494378,1753.1338623046875,1768.1632885742188
2019-12-18,1831.236083984375,1861.3940997991224,1818.7758223127016,1836.515855879152,8251081,0.0012932757802472,0.1293275780247293,1755.634344482422,1770.4293603515625
2019-12-19,1883.0206298828125,1889.314078410644,1831.0676605905007,1841.416016262547,6251505,0.0282784652133796,2.827846521337962,1760.3206726074218,1774.254091796875
2019-12-20,1877.8251953125,1897.930613146204,1865.4494892805028,1875.3754630149288,5548338,-0.0027590959375924,-0.2759095937592493,1766.7070861816405,1778.4309692382812
2019-12-23,1885.2587890625,1893.9176155224563,1866.9274611223248,1866.9274611223248,2247329,0.003958618602283,0.3958618602283081,1773.051251220703,1783.0151147460938
2019-12-24,1871.658203125,1895.2693030898004,1867.8988403361284,1891.4255876906232,1805896,-0.0072141745294624,-0.7214174529462491,1780.1873718261718,1787.6180639648437
2019-12-26,1860.1270751953125,1882.977970686272,1854.4249211791025,1872.3338673595715,1880367,-0.0061609154440883,-0.6160915444088366,1786.423828125,1791.4261108398437
2019-12-27,1857.212890625,1880.781714040961,1838.205708437571,1865.2381453263588,2720261,-0.0015666588638878,-0.1566658863887848,1791.5409790039062,1794.9065307617188
2019-12-30,1844.2880859375,1879.5992501778328,1839.1351510637187,1864.393503434821,2288830,-0.0069592477807702,-0.6959247780770283,1797.029833984375,1797.9780908203124
2019-12-31,1826.1253662109373,1855.9455614506044,1822.535121041996,1849.187452897302,1909289,-0.0098480925323172,-0.984809253231722,1802.9706115722656,1800.187138671875
2020-01-01,1831.109619140625,1844.8791005065225,1819.6207519521904,1831.447442076299,1354908,0.0027294144322793,0.2729414432279364,1807.895574951172,1802.0498364257812
2020-01-02,1822.704345703125,1841.5426177806585,1815.5661335653608,1841.5426177806585,2380752,-0.0045902622921312,-0.459026229213122,1811.238720703125,1803.8449584960938
2020-01-03,1859.0289306640625,1877.9094795882163,1828.0684272734595,1828.0684272734595,4655761,0.0199289506532256,1.992895065322564,1814.5903076171876,1806.0506298828125
2020-01-06,1858.8602294921875,1880.4017036924104,1848.2584038826744,1862.70394554869,3023209,-9.074693195587624e-05,-0.0090746931955876,1817.8363159179687,1808.0518725585937
2020-01-07,1863.4219970703125,1870.8557522661133,1844.79491716744,1858.9024290045927,2429317,0.0024540670168466,0.2454067016846695,1823.9777282714845,1809.418701171875
2020-01-08,1905.15283203125,1909.1654585481097,1860.211456290635,1862.7034673002577,5197454,0.0223947313204131,2.239473132041314,1834.216241455078,1811.7764233398439
2020-01-09,1870.602783203125,1902.3657780018257,1866.9279782156032,1899.6625751187048,3734173,-0.0181350536540882,-1.8135053654088296,1841.500225830078,1812.1058837890625
2020-01-10,1869.9267578125,1887.2021344919167,1865.238277957992,1882.1335522148568,1915807,-0.0003613944107724,-0.036139441077243,1849.6374145507812,1811.4427587890625
2020-01-13,1850.327880859375,1874.4879940782985,1845.5548431691143,1873.5588779397413,2843893,-0.0104810933750434,-1.0481093375043438,1854.6679809570312,1810.10296875
2020-01-14,1864.3089599609373,1883.654172777295,1854.2563542498435,1854.2563542498435,2948452,0.0075560008829727,0.7556000882972702,1858.0533752441406,1810.2043334960938
2020-01-15,1881.20361328125,1884.667225865554,1853.5798901700723,1869.461484016348,2620681,0.0090621531533414,0.9062153153341468,1860.6700134277344,1810.7610229492188
2020-01-16,1891.2567138671875,1899.873260996988,1871.1512997369173,1881.2461831080443,3117214,0.0053439726114508,0.5343972611450809,1863.671044921875,1811.3852978515624
2020-01-17,1874.6151123046875,1903.71717901775,1869.461971504496,1892.904162968233,3281059,-0.0087992293380795,-0.8799229338079528,1863.2507690429688,1811.9023046875
2020-01-20,1833.4332275390625,1894.1293838742167,1821.4796958176069,1854.172014194848,5817599,-0.0219681813591031,-2.1968181359103167,1861.0311706542968,1811.6488793945311
2020-01-21,1834.0240478515625,1847.1178836003253,1823.042121094536,1833.0947253987536,1902980,0.0003222480664284,0.0322248066428443,1858.46943359375,1812.3432788085938
2020-01-22,1864.3089599609373,1866.9278099736464,1836.262845873815,1842.4296622409609,1773686,0.0165128217074643,1.6512821707464376,1858.1019714355468,1814.1333349609374
2020-01-23,1855.037841796875,1877.728960191243,1848.899397444993,1870.9978797955555,2069866,-0.0049729515671353,-0.4972951567135397,1857.847509765625,1814.4260473632812
2020-01-24,1848.645263671875,1855.037753655786,1837.2998083684977,1855.037753655786,1319430,-0.0034460634607905,-0.3446063460790571,1857.4191284179688,1814.2834057617188
2020-01-27,1836.6650390625,1857.1547033540303,1833.0666403458856,1853.9796456629,1549101,-0.0064805427221765,-0.6480542722176574,1857.0379760742187,1814.2787890625
2020-01-28,1848.942138671875,1852.371242709425,1822.0599805022896,1840.686987737908,1743024,0.0066844521718787,0.6684452171878741,1858.1788146972656,1814.8888696289061
2020-01-29,1824.2608642578125,1851.6508990940788,1820.366044919788,1849.9999107673195,2306761,-0.0133488625186461,-1.3348862518646198,1857.836376953125,1815.7453344726562
2020-01-30,1810.0791015625,1833.066433974516,1799.1991557486583,1828.8330241962835,2098567,-0.0077739773807417,-0.7773977380741703,1857.2051147460938,1816.3223876953125
2020-01-31,1760.2940673828125,1815.582437480852,1753.9863284914206,1811.3911966562785,3287223,-0.027504341736619,-2.7504341736619087,1852.2683715820312,1815.7423876953126
2020-02-03,1780.14892578125,1858.212965750666,1772.2747417474332,1822.059685270512,4728073,0.0112792849594485,1.127928495944852,1848.3328063964843,1816.343427734375
2020-02-04,1784.5938720703125,1809.105273070461,1766.6866315922948,1802.5858634267324,3509339,0.0024969519261495,0.2496951926149515,1844.3914001464843,1816.8677954101563
2020-02-05,1817.4456787109373,1826.0394201725248,1781.673356529371,1790.7328145328584,2439322,0.0184085618329021,1.8408561832902184,1840.0060424804688,1818.6379931640624
2020-02-06,1802.03564453125,1840.8558886361448,1791.1556985873144,1816.1328165775417,2640065,-0.0084789517288996,-0.8478951728899675,1836.577685546875,1819.9707470703124
2020-02-07,1808.978271484375,1821.212783710414,1794.1189626603289,1811.052600816632,2083442,0.0038526579505762,0.385265795057621,1833.5302612304688,1821.0529150390626
2020-02-10,1830.4837646484373,1834.7595492870007,1794.1188209225454,1812.661070555055,2383032,0.0118881987158505,1.1888198715850562,1832.5380554199219,1822.9723706054688
2020-02-11,1823.2449951171875,1841.3641145292136,1818.334404725857,1831.3732252640093,1335820,-0.0039545663671264,-0.3954566367126433,1830.4848571777343,1825.29107421875
2020-02-12,1837.93505859375,1850.0002777967725,1820.3664060700507,1821.297839008113,1620407,0.0080570979302856,0.8057097930285639,1828.3214294433594,1827.397568359375
2020-02-13,1855.8843994140625,1860.1601844662648,1838.146454472581,1839.7974428802167,1645948,0.0097660364746761,0.976603647467611,1826.5528137207032,1829.398427734375
2020-02-14,1849.322509765625,1872.860307229109,1838.1463503591297,1852.539942232048,1500115,-0.0035357211098434,-0.3535721109843459,1825.28818359375,1830.5449340820312
2020-02-17,1865.4525146484373,1877.0943946331945,1854.4032708482737,1860.118375568064,1774724,0.0087221156924415,0.8722115692441523,1826.8891479492188,1831.9751831054687
2020-02-18,1876.035400390625,1880.48048031934,1850.8889895643536,1862.6577851680308,2486223,0.0056730930747825,0.5673093074782587,1828.9897155761719,1834.6840161132814
2020-02-19,1859.609619140625,1888.1003784910376,1854.656448020008,1876.035163067945,1760463,-0.0087555817158779,-0.875558171587798,1828.7547485351563,1837.8685571289063
2020-02-20,1826.12353515625,1874.8922878199871,1821.424409341684,1866.510219822774,2317278,-0.0180070503183619,-1.8007050318361917,1827.309033203125,1839.8925659179688
2020-02-24,1791.0289306640625,1844.8777842220093,1783.7050070141838,1825.446472803773,3092877,-0.0192180889280224,-1.9218088928022456,1824.4282165527343,1841.5694848632813
2020-02-25,1825.5732421875,1842.9302225273927,1787.3456340251305,1791.1557028802288,2674567,0.0192874112371983,1.9287411237198349,1823.8736267089844,1843.0866186523438
2020-02-26,1798.0135498046875,1832.1346609134027,1788.9962646258791,1823.752593792832,2686842,-0.0150964594276091,-1.5096459427609177,1821.327197265625,1843.1148681640625
2020-02-27,1782.688720703125,1794.9232326807137,1766.347718872245,1794.9232326807137,2349001,-0.0085232000077124,-0.852320000771245,1819.2485900878905,1842.1912255859374
2020-02-28,1693.49072265625,1752.2080882726752,1684.8968812092892,1750.9380654978945,4298076,-0.0500356551376471,-5.003565513764718,1813.419171142578,1839.436318359375
2020-03-02,1694.464599609375,1739.042320849433,1681.2562787259355,1722.9977395064852,2667076,0.0005750707341327,0.0575070734132765,1810.1276977539062,1835.6651977539063
2020-03-03,1724.0135498046875,1744.1646192721464,1703.5238902793974,1710.2973451115222,2757585,0.017438517276858,1.743851727685808,1807.3209289550782,1832.58896484375
2020-03-04,1763.8074951171875,1773.3326654249663,1714.530655400164,1740.7777913593766,3237002,0.023082153453497,2.3082153453497067,1806.2816101074218,1830.1599389648438
2020-03-05,1799.2415771484375,1818.4612166906688,1764.5276160801952,1765.9245586589109,3937056,0.0200895404568488,2.0089540456848853,1805.371405029297,1828.7116064453126
2020-03-06,1791.9600830078125,1798.0561520844574,1753.9865192180112,1776.3388414022,2595027,-0.0040469797013946,-0.404697970139467,1804.867626953125,1827.3482666015625
2020-03-09,1669.953125,1761.013706796278,1638.329574808366,1756.865047921116,4940975,-0.0680857565772465,-6.808575657724658,1797.9163696289063,1823.6030712890624
2020-03-11,1654.162353515625,1682.6109474688976,1625.6292153997167,1636.6360798789856,6796449,-0.0094558172010815,-0.9455817201081572,1789.1002990722657,1819.800556640625
2020-03-12,1498.5001220703125,1615.8079549068543,1488.7632790375558,1612.082533423374,8728786,-0.0941033575782209,-9.410335757822097,1772.863055419922,1813.2480517578124
2020-03-13,1529.3616943359375,1540.961196063312,1275.1454310842842,1429.1145277232897,8029720,0.0205949748092024,2.059497480920247,1757.4343872070312,1807.2130932617188
2020-03-16,1436.311279296875,1559.799820917011,1418.911923898886,1485.9268208491542,7844271,-0.0608426478730826,-6.084264787308269,1736.4557312011718,1799.4852319335937
2020-03-17,1403.7987060546875,1465.606489855648,1374.2918600754497,1464.7598078857718,5713248,-0.0226361609149957,-2.263616091499576,1714.179541015625,1790.3806274414062
2020-03-18,1400.7506103515625,1450.831867349641,1378.18651617059,1419.7163063179903,7258778,-0.0021713196414687,-0.2171319641468772,1690.9444458007813,1781.2184350585937
2020-03-19,1395.591064453125,1437.4668784384946,1319.1740832641362,1330.218686442073,5135111,-0.003683415063544,-0.3683415063544082,1666.9222290039063,1771.86181640625
2020-03-20,1532.9879150390625,1594.0106768146877,1387.616570988495,1390.175175606175,8547498,0.0984506522616477,9.845065226164774,1650.5911437988282,1764.4185180664062
2020-03-23,1424.033935546875,1492.5192909408574,1379.7274759540412,1381.646429328108,7003490,-0.0710729539504629,-7.1072953950462985,1630.4866638183594,1755.4871411132813
2020-03-24,1452.5623779296875,1509.5765916570176,1392.6057066848948,1409.8337053945918,6350865,0.0200335411050838,2.003354110508382,1613.5633361816406,1747.139853515625
2020-03-25,1492.775390625,1543.691585245777,1432.818708957407,1449.8760745402328,2765520,0.0276841898883732,2.768418988837329,1596.9234436035156,1739.9888037109374
2020-03-26,1527.44384765625,1562.496804475078,1469.107761856149,1562.1129514230572,4556067,0.0232241616849906,2.322416168499064,1583.3949584960938,1733.2515014648438
2020-03-27,1556.05810546875,1577.806245610955,1492.8605896422032,1552.2201983848315,4331250,0.0187334269972716,1.8733426997271647,1572.063427734375,1726.7485913085939
2020-03-30,1516.826171875,1624.714004735381,1504.0758332718217,1506.1653188255552,8513547,-0.0252123834295582,-2.5212383429558227,1563.2302001953126,1719.25998046875
2020-03-31,1557.42236328125,1582.070271349587,1518.105166038957,1567.0598141253336,3927593,0.0267639048949608,2.6763904894960837,1556.3780883789063,1712.9161254882813
2020-04-01,1457.338134765625,1564.799498324056,1451.5812760035662,1557.2516376579952,4941878,-0.0642627400731313,-6.426274007313138,1543.0443176269532,1705.3942236328126
2020-04-03,1410.814208984375,1483.9903252891293,1407.2322050155535,1483.9903252891293,5735369,-0.0319239061075775,-3.192390610757756,1525.3946533203125,1696.9300268554687
2020-04-07,1514.011474609375,1523.094541087107,1454.14017305764,1458.4045137410935,5427577,0.0731473109413112,7.314731094131122,1511.1331481933594,1689.9240771484374
2020-04-08,1454.5234375,1540.27934171858,1450.728217200058,1501.0474205009418,6285615,-0.0392916685949974,-3.929166859499744,1494.2613159179687,1681.9137890625
2020-04-09,1506.293212890625,1517.0820165904263,1476.4854064262772,1492.9031195012265,5307397,0.0355922593310737,3.5592259331073794,1486.0783203125,1675.066748046875
2020-04-13,1500.407958984375,1524.075044879965,1489.107458511706,1501.9004779147276,2990438,-0.0039071104190637,-0.3907110419063775,1478.3906005859376,1668.3416064453124
2020-04-15,1479.85400390625,1545.3968921123296,1473.58544461949,1522.369454978205,4761399,-0.0136989109895404,-1.3698910989540458,1477.4582946777343,1660.95984375
2020-04-16,1463.564453125,1505.2270420759608,1428.5968584332818,1458.3618740414963,6245533,-0.0110075390803766,-1.100753908037666,1474.1684326171876,1653.7459155273436
2020-04-17,1540.4501953125,1579.4689077146468,1495.0776577259724,1535.1624551664293,9895823,0.0525332123387758,5.253321233877584,1479.3753784179687,1648.3533374023436
2020-04-20,1551.068603515625,1560.7486357074638,1537.2947627665046,1560.7486357074638,3244282,0.0068930551831121,0.6893055183112118,1486.7388732910156,1644.168828125
2020-04-21,1481.986083984375,1530.5568743820374,1473.4999850160173,1505.3120026942368,5122541,-0.0445386615232032,-4.453866152320329,1490.8006469726563,1638.2055712890624
2020-04-22,1509.1502685546875,1526.63406652325,1466.2083758294884,1481.986437410874,3829836,0.0183295814069188,1.8329581406918871,1496.4786071777344,1632.69669921875
2020-04-23,1601.8995361328125,1620.449417624035,1501.7727986639625,1518.1052438793593,5934366,0.0614579406111432,6.145794061114329,1499.9241882324218,1628.3857763671874
2020-04-24,1550.9835205078125,1579.4692353525088,1541.8151872765093,1569.874468017424,2987102,-0.0317847745607803,-3.1784774560780327,1506.2716674804688,1623.3647338867188
2020-04-27,1566.37744140625,1599.1275953816398,1556.4841928381295,1562.7101712534295,3374741,0.009925263998548,0.9925263998548096,1511.962420654297,1618.5127172851562
2020-04-28,1585.5242919921875,1593.1574189239216,1562.9658709981445,1590.5988149320738,2678505,0.0122236506220032,1.2223650622003257,1516.5998657226562,1613.6135278320312
2020-04-29,1625.2684326171875,1631.1532444770737,1577.8489778293676,1598.27513116481,4241510,0.0250668758755263,2.506687587552636,1521.4910949707032,1609.6539965820311
2020-04-30,1718.06005859375,1733.0279350110477,1656.4403399399368,1688.6787949418672,5915544,0.0570931078918077,5.709310789180777,1529.5911926269532,1607.2564965820313
2020-05-04,1646.4193115234375,1676.738816507597,1632.0911887821817,1676.738816507597,3729348,-0.0416986278867056,-4.169862788670564,1536.070849609375,1603.0671948242189
2020-05-05,1648.380615234375,1686.120023965003,1643.476624269378,1667.4421940763468,2905528,0.0011912540731331,0.1191254073133141,1540.6187622070313,1599.0483569335938
2020-05-06,1623.5196533203125,1666.248323228811,1614.9909725357868,1654.3935402262186,3517431,-0.0150820518539813,-1.508205185398137,1548.9278381347656,1594.2096997070312
2020-05-07,1613.327880859375,1649.830571233355,1606.2490343422685,1628.9779888834803,3166754,-0.0062775787407894,-0.6277578740789491,1559.0535217285155,1588.9555493164062
2020-05-08,1614.8206787109375,1654.1378821039598,1608.7226502287158,1653.7967140002902,2686530,0.0009252910516659,0.0925291051665944,1564.0939819335938,1584.0597705078126
2020-05-11,1650.5555419921875,1664.286696468931,1628.1250711335667,1628.1250711335667,2449841,0.0221293074533674,2.2129307453367497,1573.8955871582032,1580.5484106445313
2020-05-12,1662.6661376953125,1668.6362135936797,1629.191069265181,1648.9349839510398,3256595,0.0073372845657213,0.7337284565721358,1581.7142333984375,1577.9811547851561
2020-05-13,1662.79443359375,1700.6191157730443,1642.3255976967826,1700.6191157730443,2656665,7.716275416269625e-05,0.0077162754162696,1589.8335571289062,1574.7255786132812
2020-05-14,1622.4537353515625,1640.1507498024264,1612.8589684806122,1628.9781976457857,2263146,-0.024260784993729,-2.426078499372908,1596.9635437011718,1571.2143823242188
2020-05-15,1614.394287109375,1635.2895586630975,1590.7697747643338,1634.0955223237638,3173682,-0.0049674441043098,-0.4967444104309826,1604.5050354003906,1567.8484936523437
2020-05-18,1659.340087890625,1665.6086473518733,1596.6542850584003,1626.4194013748595,3727694,0.0278406589642528,2.7840658964252807,1610.449530029297,1567.1654809570311
2020-05-19,1661.941650390625,1677.1226419910054,1623.008195965995,1623.008195965995,3198693,0.0015678295962264,0.1567829596226477,1615.993182373047,1566.5150219726563
2020-05-20,1666.1630859375,1674.0948008476576,1647.485253875746,1663.0927816241688,2778505,0.0025400624299192,0.2540062429919221,1625.2020324707032,1565.3580126953125
2020-05-21,1698.23095703125,1704.0305018848192,1655.54497013815,1659.6813596936229,3400908,0.0192465379676241,1.92465379676241,1634.6560668945312,1564.0464819335937
2020-05-22,1723.092529296875,1733.0284662763954,1672.6880312424116,1686.2059736047224,3663418,0.0146396885315802,1.4639688531580264,1640.7157165527344,1562.5235009765624
2020-05-26,1657.122802734375,1726.2051223542846,1641.7711761521728,1718.5293090631835,4575317,-0.0382856552627615,-3.828565526276151,1646.0226806640626,1559.8267553710937
2020-05-27,1710.2564697265625,1714.2649082162516,1655.6302254103475,1670.76863442569,3482160,0.0320638077663966,3.2063807766396613,1653.2166320800782,1560.632822265625
2020-05-28,1709.40380859375,1717.6765886528392,1681.259157439061,1695.9284491242158,3475681,-0.0004985574666171,-0.0498557466617199,1659.4106079101562,1561.7376513671875
2020-05-29,1682.154296875,1707.9962407301268,1673.6683013241882,1690.3844944738016,7237735,-0.0159409447795526,-1.5940944779552657,1662.254901123047,1565.4107348632813
2020-06-01,1744.3287353515625,1756.908541657117,1689.6172179532232,1697.2077659697393,3747773,0.0369611982634805,3.6961198263480544,1663.5683349609376,1569.7100756835937
2020-06-02,1745.9490966796875,1774.8186634393649,1739.8937534889687,1757.0789638427254,2443886,0.0009289311672082,0.0928931167208269,1668.54482421875,1575.90283203125
2020-06-03,1750.22607421875,1765.2806576112569,1727.8579907327626,1755.1017757530449,3699799,0.0024496576373251,0.2449657637325186,1673.6370971679687,1582.8313793945313
2020-06-04,1789.0599365234375,1796.287814773662,1750.7390880419011,1750.7390880419011,4048593,0.0221879121084525,2.21879121084525,1681.914111328125,1590.5975659179687
2020-06-05,1752.022216796875,1794.5771321078207,1745.2220258653117,1789.1028144749243,3573289,-0.0207023358862618,-2.07023358862618,1688.848828125,1597.7261889648437
2020-06-08,1772.1236572265625,1792.01113159872,1763.8693696758032,1777.6835962983484,2957841,0.011473279412197,1.1473279412197002,1696.7139770507813,1602.5089038085937
2020-06-09,1772.38037109375,1792.4388794215986,1762.286901134979,1764.724804188766,2909439,0.0001448622764785,0.0144862276478585,1702.8052185058593,1609.4758325195312
2020-06-10,1803.7723388671875,1823.659811008817,1773.620364975039,1776.6569885092654,5168397,0.0177117554930181,1.7711755493018178,1709.860528564453,1616.5000317382812
2020-06-11,1768.6160888671875,1800.564429619036,1763.612270264472,1796.2875544892995,2269513,-0.019490403108232,-1.9490403108232024,1715.151611328125,1622.016845703125
2020-06-12,1744.5374755859375,1752.834572095224,1720.1592858069723,1720.330319056604,2842642,-0.0136143810026474,-1.3614381002647449,1721.2557983398438,1626.3587182617186
2020-06-15,1736.325927734375,1761.2173221373507,1711.5627560630369,1744.1953368488598,2399022,-0.0047070057057986,-0.4707005705798628,1727.3523803710937,1629.9640747070312
2020-06-16,1749.9266357421875,1774.0053642245175,1737.2670409448092,1766.3497979079425,2146528,0.0078330385963649,0.7833038596364972,1731.8817077636718,1634.626083984375
2020-06-17,1751.636962890625,1761.0888983860686,1733.4602441808431,1750.0972461276745,2703527,0.0009773707728679,0.0977370772867969,1736.366473388672,1638.5103759765625
2020-06-18,1743.3399658203125,1761.388359499441,1732.305606176288,1749.2420748778984,1944389,-0.0047367104292093,-0.4736710429209312,1740.2253173828126,1644.2304125976561
2020-06-19,1748.9000244140625,1787.7340774093918,1738.1223183233894,1746.6760698899416,5681758,0.0031893140195027,0.3189314019502731,1742.758770751953,1650.99212890625
2020-06-22,1734.657958984375,1755.4436164800434,1727.1307204644606,1753.5190224310336,3196138,-0.0081434417238681,-0.8143441723868161,1743.3370422363282,1655.40505859375
2020-06-23,1740.945068359375,1748.3867903287544,1719.3040354994112,1733.8454129140828,4205944,0.0036244086867021,0.3624408686702107,1747.5281555175782,1661.1334912109376
2020-06-24,1746.846923828125,1765.7079858625095,1737.7799689815522,1739.8328900299598,2560937,0.0033900296890536,0.3390029689053664,1749.3576782226562,1665.9445654296876
2020-06-25,1724.52197265625,1762.0729659695623,1718.6626732399725,1740.6885853145918,3043931,-0.0127801416754658,-1.2780141675465817,1750.1135864257812,1670.426845703125
2020-06-26,1812.4119873046875,1823.6600886527071,1727.8152471989367,1732.1349341096304,6300722,0.0509648563729587,5.096485637295878,1756.6264709472657,1677.0780053710937
2020-06-29,1797.6988525390625,1819.8960016857504,1788.8458462565998,1803.130567525189,3076341,-0.0081179857938953,-0.8117985793895333,1759.2949768066405,1683.760693359375
2020-06-30,1781.0194091796875,1806.466821665913,1774.946370490481,1796.287940204158,3071725,-0.0092782188383871,-0.9278218838387198,1761.0484924316406,1688.5720776367189
2020-07-01,1789.4876708984375,1808.2203036382573,1778.7526707201755,1778.923703988262,2503466,0.0047547273629378,0.4754727362937805,1763.011572265625,1693.340458984375
2020-07-02,1845.1724853515625,1851.88726404492,1794.5771270051923,1797.998627723982,3758699,0.0311177413282583,3.11177413282584,1765.8171997070312,1700.6041870117188
2020-07-03,1881.5257568359373,1886.1020971576845,1847.824061399042,1850.732253208873,4185208,0.0197018282967991,1.970182829679912,1772.2923767089844,1708.0516967773438
2020-07-06,1935.884765625,1941.6157366765628,1886.101979629705,1886.101979629705,5190366,0.0288909192933268,2.889091929332688,1780.4804321289062,1714.7314013671876
2020-07-07,1941.6160888671875,1969.6724372790973,1909.325674968736,1945.978585933223,5630055,0.0029605704554098,0.2960570455409872,1788.9422180175782,1722.544052734375
2020-07-08,1897.9915771484373,1945.4648914788727,1888.32600634119,1941.701324866476,2793358,-0.0224681449483674,-2.2468144948367463,1793.6531799316406,1729.1763354492186
2020-07-09,1885.546630859375,1919.889865708541,1874.170097574213,1906.6315485249893,3443998,-0.0065569028013072,-0.6556902801307274,1799.49970703125,1735.1767822265624
2020-07-10,1900.9427490234373,1924.4655619471416,1861.2960335265864,1886.3157527272533,9610320,0.0081653340798286,0.8165334079828668,1807.319970703125,1740.6902685546875
2020-07-13,1898.932861328125,1920.274429872632,1890.379109700521,1898.932861328125,2963503,-0.001057311008627,-0.1057311008627048,1815.4503173828125,1744.307724609375
2020-07-14,1857.8321533203125,1915.1851031557253,1851.8873373524543,1890.379221962552,2976738,-0.0216441080381675,-2.164410803816752,1820.8455932617187,1748.5359814453125
2020-07-15,1910.8223876953125,1933.1477617509145,1865.6587486455223,1868.99462806449,5569321,0.028522616685418,2.8522616685418,1828.804864501953,1753.7848168945313
2020-07-16,1915.837890625,2000.067031582112,1903.278616431416,1923.767860638774,8582118,0.0026247876108134,0.2624787610813417,1837.4297607421875,1759.631181640625
2020-07-17,1886.6898193359373,1923.6819726733424,1877.516815158558,1917.7667276403463,4509135,-0.0152142680921473,-1.521426809214732,1844.3192504882813,1765.0984204101562
2020-07-20,1892.8192138671875,1909.107798791396,1878.159613015568,1886.9039693779807,2952646,0.0032487558200784,0.3248755820078441,1852.227313232422,1770.6583911132811
2020-07-21,1907.52197265625,1919.181044963241,1887.0325213773183,1911.765535909535,2665286,0.0077676508571695,0.7767650857169572,1860.5561584472657,1775.7977197265625
2020-07-22,1878.2880859375,1912.622749545332,1872.5013519350653,1912.622749545332,2861534,-0.0153255832109977,-1.532558321099775,1867.1282165527343,1780.1101586914062
2020-07-23,1861.356689453125,1878.2882459396003,1854.3269205187987,1878.2882459396003,2265766,-0.0090142702874698,-0.9014270287469816,1873.969952392578,1784.0814038085937
2020-07-24,1849.5260009765625,1854.3269311202928,1821.8355720806048,1847.039932084452,3665100,-0.0063559491545053,-0.6355949154505325,1875.8256530761719,1788.6228491210939
2020-07-27,1891.87646484375,1898.9062338720664,1854.755592317027,1856.0415333331928,4248480,0.0228980094601676,2.2898009460167623,1880.5345336914063,1794.1724926757813
2020-07-28,1980.134765625,1988.922028899232,1898.9061612119813,1898.9061612119813,8092319,0.0466511965349383,4.665119653493832,1890.490301513672,1800.5883862304688
2020-07-29,1951.243896484375,2007.7823894598785,1925.5250785152048,1964.917692844595,6090431,-0.0145903549809681,-1.4590354980968168,1898.5781127929688,1806.3744311523437
2020-07-30,1954.201416015625,2021.4989861657573,1947.986035332969,1959.6880131740008,7098496,0.0015157098180185,0.1515709818018518,1904.029559326172,1812.1351977539061
2020-07-31,1955.8302001953125,2001.609819577999,1935.2980533555435,1974.4763423339816,4723290,0.0008334781493548,0.083347814935486,1907.7447814941406,1817.2871826171875
2020-08-03,1932.46923828125,1975.0769186658213,1912.365735301378,1963.58905317711,4012337,-0.0119442689409998,-1.194426894099987,1907.5740051269531,1821.474716796875
2020-08-04,1928.654052734375,1945.757024248175,1907.521841734408,1937.4413152447512,2927928,-0.0019742542190571,-0.197425421905717,1906.9259033203125,1826.905341796875
2020-08-05,1937.0556640625,1971.776068751383,1931.48325343342,1937.484311033968,3800641,0.0043562044298268,0.4356204429826871,1908.8791076660157,1831.4413256835937
2020-08-06,1978.719970703125,1988.4930366349488,1942.0706595084089,1950.34346123928,4748047,0.0215090910465858,2.150909104658582,1913.537774658203,1836.8276489257812
2020-08-07,1967.7896728515625,1995.7802354752105,1960.6311849363424,1978.6343571635675,3165491,-0.0055239235533052,-0.5523923553305221,1916.8801208496093,1842.5403564453125
2020-08-10,1957.0308837890625,1993.208650554113,1951.244148997132,1987.2075922513693,2929353,-0.0054674486866826,-0.5467448686682697,1919.7850219726563,1846.7943994140626
2020-08-11,1954.544189453125,1982.0634061039973,1950.857993292014,1957.2018841416204,2774423,-0.0012706464453554,-0.1270646445355461,1924.620623779297,1850.9663012695312
2020-08-12,1935.212158203125,1968.689312183436,1925.953343709496,1961.7882648365555,3415751,-0.0098908130879399,-0.9890813087939933,1925.8401123046874,1854.6660229492188
2020-08-13,1932.726318359375,1971.776099937764,1929.3400490912773,1948.629163112408,2695682,-0.0012845309147179,-0.1284530914717918,1926.6845336914062,1857.5393505859374
2020-08-14,1922.1815185546875,1955.744701793377,1914.4231758592864,1952.058296001479,2270405,-0.0054559198084696,-0.54559198084696,1928.4591186523437,1860.9425366210937
2020-08-17,1931.826171875,1946.0573356709467,1918.838251790968,1940.0562778076444,2625630,0.0050175559525535,0.5017555952553598,1930.4094665527343,1864.1365869140625
2020-08-18,1945.843017578125,1962.3459267480243,1927.4541035060088,1939.884866257362,3493374,0.0072557489422149,0.7255748942214924,1932.3255187988282,1867.60583984375
2020-08-19,1934.5697021484373,1958.573933875812,1931.0547130682417,1951.501258456139,2843005,-0.0057935379821744,-0.5793537982174413,1935.139599609375,1870.221787109375
2020-08-20,1931.3548583984373,1951.672684199287,1920.3814534135008,1934.912544753965,2895164,-0.001661787500564,-0.1661787500564004,1938.6395080566406,1873.4765625
2020-08-21,1927.7109375,1946.9142350503232,1921.2383273992507,1937.484003176456,1975294,-0.0018867174422099,-0.1886717442209917,1942.5487548828125,1877.1400317382813
2020-08-24,1927.2823486328125,1937.4411549681524,1911.7652465439023,1929.42558321414,2167966,-0.0002223304639975,-0.0222330463997555,1944.3190490722657,1880.95916015625
2020-08-25,1922.6103515625,1928.911546333977,1914.809101555284,1924.6250762310128,1663419,-0.0024241373214602,-0.2424137321460295,1941.4428283691407,1884.4128344726562
2020-08-26,1931.9117431640625,1937.398340232176,1900.148963303465,1922.0528636227327,2618149,0.0048378973898706,0.4837897389870615,1940.476220703125,1888.018330078125
2020-08-27,1927.53955078125,1960.9313161416896,1921.8386299783936,1942.628007374168,3579393,-0.0022631429195889,-0.2263142919588956,1939.1431274414062,1891.7023217773437
2020-08-28,1919.09521484375,1954.587096977224,1916.1375928826703,1944.6853110203404,2941136,-0.0043808885447136,-0.4380888544713635,1937.306378173828,1895.1062255859374
2020-08-31,1935.12646484375,1951.3721407858,1910.050620742884,1920.3381465278549,6018154,0.0083535459189321,0.8353545918932115,1937.4392395019531,1899.115595703125
2020-09-01,1925.781982421875,1952.9152470641936,1921.45260693686,1945.1996029800944,3610908,-0.0048288742837432,-0.4828874283743234,1937.295635986328,1902.812333984375
2020-09-02,1941.899169921875,1944.9855116439287,1921.752763520274,1926.33936954883,2084137,0.0083691651739989,0.8369165173998994,1937.5378112792969,1906.71337890625
2020-09-03,1971.3475341796875,1992.3512369791663,1944.3427734375,1944.3427734375,4654146,0.0151647236447385,1.5164723644738531,1937.169189453125,1911.6498901367188
2020-09-04,1962.1748046875,1992.565839086713,1940.013668180283,1950.344104086166,5231303,-0.0046530250669395,-0.4653025066939542,1936.888446044922,1914.645146484375
2020-09-07,1994.9656982421875,2009.0681402340024,1957.501998805791,1962.34562534484,4620401,0.0167115047427743,1.6711504742774386,1938.7851867675781,1918.5904833984375
2020-09-08,2013.097900390625,2049.318574975452,1994.9662144665103,2002.5960479962075,7453998,0.0090889794067208,0.908897940672082,1941.712872314453,1923.2320532226563
2020-09-09,1995.4798583984373,2022.3561031330428,1988.9216444547087,1993.2081135160345,3866535,-0.0087517065060617,-0.8751706506061718,1944.7262573242188,1927.3518969726563
2020-09-10,1998.480712890625,2013.3548466809589,1992.608374898401,2001.781378326608,2308813,0.0015038259993243,0.1503825999324304,1948.0139770507812,1930.4180615234375
2020-09-11,2035.3016357421875,2042.93146812207,1997.6233994710933,1998.309276486205,4145424,0.0184244574461287,1.842445744612875,1953.6699829101562,1933.4935791015625
2020-09-14,2135.862060546875,2148.164312433573,2041.9456758860929,2043.8745872710967,7512131,0.0494081186978545,4.940811869785455,1963.87177734375,1937.493125
2020-09-15,2135.862060546875,2175.812042285307,2112.886750156821,2135.862060546875,7318770,0.0,0.0,1973.3727294921875,1941.3780444335937
2020-09-16,2145.807373046875,2149.751010069455,2123.774954065032,2133.762347730431,3074003,0.004656345877249,0.4656345877249057,1983.9346130371093,1946.3343603515625
2020-09-17,2109.757080078125,2139.5909453979943,2100.884215060304,2126.0885684010923,4828176,-0.016800339779596,-1.6800339779596052,1992.8547241210938,1950.8185693359376
2020-09-18,2100.284423828125,2143.5777695284337,2088.710955175567,2130.3755260448897,4183256,-0.0044899274610559,-0.448992746105592,2001.4833984375,1954.8054028320312
2020-09-21,2113.486572265625,2147.4352831776064,2102.2130325473,2113.2293422503303,4598809,0.0062858859913061,0.6285885991306195,2010.7936096191406,1959.0964770507812
2020-09-22,2162.909912109375,2190.3862273893283,2107.228707210555,2130.375645817018,7499613,0.0233847427716415,2.33847427716416,2022.8085876464843,1965.1980322265624
2020-09-23,2115.330322265625,2160.2526594732817,2065.2215231023065,2151.808228720128,7502280,-0.0219979526550636,-2.1997952655063657,2031.9795166015624,1969.2881909179687
2020-09-24,1999.423828125,2100.3701914058315,1974.005146059324,2100.3701914058315,8424708,-0.0547935671892999,-5.479356718929996,2035.57373046875,1970.9599096679688
2020-09-25,2076.622802734375,2091.7968610549296,2016.4408201493188,2030.071707777899,8228267,0.0386106104786045,3.861061047860459,2043.4501098632813,1974.7585693359374
2020-09-28,2080.052978515625,2095.227044135589,2028.358095918496,2091.797867303943,4347166,0.0016518049290095,0.1651804929009515,2050.696435546875,1978.5032446289063
2020-09-29,2133.29052734375,2152.708364039755,2080.052689997132,2087.382596318132,6995811,0.0255943234994506,2.559432349945068,2061.0718627929687,1983.0186157226562
2020-09-30,2136.634033203125,2147.521625933625,2108.943393132422,2133.804920937642,3917166,0.0015672998199349,0.1567299819934975,2070.8086059570314,1988.1855346679688
2020-10-01,2163.33837890625,2177.526635656113,2136.6337560512884,2151.8078171247416,2610337,0.0124983246022207,1.2498324602220778,2080.4081481933595,1994.2251684570313
2020-10-05,2319.666259765625,2338.783958754555,2231.579296985746,2246.1103891317093,17412105,0.0722623341700303,7.226233417003036,2098.2827209472657,2003.6279736328124
2020-10-06,2326.953125,2345.5563627715733,2271.9148925581817,2345.5563627715733,9846367,0.0031413420804384,0.314134208043848,2114.8820922851564,2012.3295068359375
2020-10-07,2345.513916015625,2374.7048240339427,2317.2661152937712,2350.700587545513,9656101,0.0079764352862179,0.7976435286217942,2131.502893066406,2019.63708984375
2020-10-08,2422.45556640625,2473.293141468768,2400.423152898631,2400.423152898631,19839329,0.0328037492616233,3.2803749261623327,2152.851678466797,2029.0613232421874
2020-10-09,2411.52490234375,2426.0132952436484,2383.277109399946,2408.995927127284,7739245,-0.0045122247912748,-0.4512224791274888,2173.5038879394533,2038.20779296875
2020-10-12,2426.141845703125,2446.716900224989,2401.0659980046034,2413.7110835961653,4623203,0.0060612865101119,0.6061286510111952,2193.0458984375,2047.6140258789062
2020-10-13,2423.18408203125,2447.48823818637,2410.88183101304,2439.0011124116168,4209878,-0.0012191223184717,-0.1219122318471765,2207.411999511719,2057.4283227539063
2020-10-14,2418.923095703125,2446.817767312512,2399.939122711301,2446.817767312512,4395936,-0.0017584245289995,-0.1758424528999547,2221.565051269531,2067.2337036132812
2020-10-15,2359.5166015625,2434.548212916701,2347.8076126333103,2420.1273190730603,6629355,-0.0245590669030165,-2.455906690301657,2232.2505126953124,2075.6829223632812
2020-10-16,2379.060546875,2386.2493453117218,2351.510177333232,2367.6960614775485,5273773,0.0082830293711677,0.828302937116776,2245.715686035156,2083.689733886719
2020-10-19,2334.5068359375,2388.2730712233697,2330.245179453124,2388.2730712233697,3331194,-0.0187274388606978,-1.8727438860697831,2257.426806640625,2091.0240771484373
2020-10-20,2358.13916015625,2376.132909028188,2340.016142827005,2346.0858749272656,3406273,0.0101230477696414,1.0123047769641458,2269.6594360351564,2099.0462426757813
2020-10-21,2303.3828125,2366.748741380843,2292.750218733415,2358.1392515977186,4570143,-0.0232201511180628,-2.322015111806286,2276.6830810546876,2106.0230151367186
2020-10-22,2299.724365234375,2313.0690777980003,2271.2701624060755,2290.9858149552647,5262294,-0.001588293203271,-0.1588293203271029,2285.902783203125,2113.3132592773436
2020-10-23,2313.1982421875,2326.28462736434,2298.8204332723008,2314.059191346406,3499091,0.0058589095096845,0.5858909509684596,2301.59150390625,2120.922697753906
2020-10-26,2314.4033203125,2333.1289631705963,2299.164563335476,2315.909981232117,2672752,0.0005209575655999,0.0520957565599999,2313.4805297851562,2128.7671337890624
2020-10-27,2264.42529296875,2340.188817170804,2259.216718833988,2324.3474370965296,3537502,-0.02159434654501,-2.1594346545010024,2322.6991455078123,2135.4191162109373
2020-10-28,2257.58056640625,2286.637596966471,2243.633233775872,2281.514992135864,3569445,-0.0030227212987566,-0.3022721298756692,2328.9136474609377,2141.6538671875
2020-10-29,2266.57763671875,2285.8199337978403,2238.682969061332,2245.355324800289,3105968,0.0039852709783119,0.3985270978311916,2335.4108276367188,2148.2940258789063
2020-10-30,2294.300537109375,2302.479554428852,2257.064484575969,2269.548247853065,3427003,0.012231171763769,1.2231171763769089,2341.958935546875,2155.552939453125
2020-11-02,2242.427734375,2294.2999089624423,2238.510374587549,2290.124222449726,2571196,-0.0226094192523401,-2.260941925234017,2338.0970092773437,2161.847275390625
2020-11-03,2267.396240234375,2294.429965127272,2239.372297496061,2241.9120559817698,2879269,0.0111345866253005,1.1134586625300535,2335.1191650390624,2168.6495532226563
2020-11-04,2284.227294921875,2343.3746733495504,2247.077420872264,2247.077420872264,4893928,0.0074230760326921,0.74230760326921,2332.054833984375,2175.881892089844
2020-11-05,2312.250244140625,2333.17134286982,2296.1505429645053,2311.647621994637,2816502,0.012268021348422,1.226802134842209,2326.544567871094,2183.488662109375
2020-11-06,2330.976318359375,2335.9698645772232,2308.4625861796503,2323.7013413780246,3884421,0.0080986364975863,0.8098636497586353,2322.517138671875,2191.5573974609374
2020-11-09,2347.46337890625,2362.4438058429355,2320.343488277951,2351.337648996007,3646592,0.0070730279055255,0.7073027905525553,2318.583215332031,2200.1247607421874
2020-11-10,2281.1708984375,2335.884047483179,2271.48522072707,2322.151950901146,4760020,-0.0282400488392868,-2.824004883928688,2311.482556152344,2207.0456494140626
2020-11-11,2314.058837890625,2318.3635830276367,2275.832574958379,2296.968915619634,3242441,0.0144171309022274,1.4417130902227404,2306.2393432617187,2214.8111865234373
2020-11-12,2299.637939453125,2335.754709079128,2291.6310714675155,2312.5090853617908,2437505,-0.0062318633395879,-0.6231863339587917,2303.24541015625,2221.9659619140625
2020-11-13,2287.41259765625,2294.343069445796,2269.4617256505835,2286.4654696117364,2548093,-0.0053162028626916,-0.5316202862691632,2298.6630126953123,2228.287263183594
2020-11-14,2299.035888671875,2315.0925079317017,2290.168069455317,2305.578976784706,298819,0.005081414270226,0.5081414270226015,2296.8894653320312,2235.024484863281
2020-11-17,2295.333740234375,2320.258178442934,2281.558552533044,2320.258178442934,2827273,-0.0016103047611139,-0.1610304761113901,2293.7491943359373,2241.031845703125
2020-11-18,2261.411865234375,2293.740545917812,2244.5373890213323,2290.985550841463,2893762,-0.0147786243043402,-1.477862430434029,2291.6506469726564,2245.998125
2020-11-19,2270.237060546875,2304.0293196111134,2265.0284855841223,2270.3232395515047,4167501,0.0039025157018821,0.3902515701882159,2290.1762817382814,2251.4932690429687
2020-11-20,2290.33984375,2303.8997920778124,2262.186850212692,2285.8198609740625,2711471,0.0088549268939703,0.8854926893970383,2289.0333618164063,2257.330451660156
2020-11-23,2345.43994140625,2350.3903973714096,2294.428721243519,2315.9524428311693,3706418,0.0240576077854166,2.4057607785416657,2290.5851928710936,2263.5332177734376
2020-11-24,2343.546630859375,2361.5834731674927,2328.867406094811,2354.179226542401,3120516,-0.0008072304532086,-0.0807230453208629,2294.541259765625,2267.6869091796875
2020-11-25,2325.681396484375,2352.930346157085,2314.4028813766267,2349.529639907723,3302249,-0.0076231614680731,-0.7623161468073181,2297.9463012695314,2271.4832958984375
2020-11-26,2342.29833984375,2351.209037424096,2307.343720302402,2312.5094151986013,2341099,0.007144978406971,0.7144978406971036,2301.7323364257813,2275.413115234375
2020-11-27,2307.041748046875,2339.800897324147,2297.9158153784547,2328.866887800721,6086808,-0.0150521354163735,-1.505213541637351,2302.3693969726564,2279.35880859375
2020-12-01,2347.6357421875,2355.4702518616264,2259.517529201016,2306.48233852835,3605017,0.0175956911811376,1.7595691181137685,2307.6297973632813,2284.3058349609373
2020-12-02,2367.222900390625,2371.6567046663813,2326.6721092420767,2340.920860453286,2509032,0.008343354912834,0.8343354912834,2312.621130371094,2289.3805615234373
2020-12-03,2332.6982421875,2388.186363583756,2325.251117362909,2388.186363583756,2852548,-0.0145844559874053,-1.458445598740532,2315.044677734375,2292.776328125
2020-12-04,2348.28173828125,2358.010505060864,2323.701599662372,2333.8608409880508,2686527,0.006680459483322,0.6680459483322077,2316.8462524414062,2297.4353564453127
2020-12-07,2357.019775390625,2362.4437955311305,2329.8567953969264,2337.476277283899,1996400,0.0037210343916274,0.3721034391627409,2318.1484252929686,2304.587275390625
2020-12-08,2408.33349609375,2415.436327751404,2352.500850441051,2359.001059632959,4277818,0.0217705940522374,2.177059405223747,2321.191931152344,2311.2214892578127
2020-12-09,2419.955810546875,2445.0954826254792,2404.759932576233,2423.571754785466,3659996,0.0048258741872651,0.48258741872651,2328.1311767578127,2318.0195458984376
2020-12-10,2397.141357421875,2434.1621800923785,2393.654470457389,2426.1553089646336,2127801,-0.0094276321185569,-0.9427632118556906,2332.285302734375,2323.2965625
2020-12-11,2396.5380859375,2417.286833886007,2380.1369629478827,2404.372596916649,1795408,-0.0002516628744095,-0.0251662874409586,2337.1303100585938,2328.4946435546876
2020-12-14,2408.67626953125,2414.1002886805645,2372.98998597568,2412.378391185072,2483658,0.005064882408911,0.5064882408911009,2343.193493652344,2333.4014013671876
2020-12-15,2377.553955078125,2406.0943327769764,2371.9146966102685,2398.6041178788414,2365509,-0.0129209204436516,-1.2920920443651671,2347.1193969726564,2334.5591552734377
2020-12-16,2422.8828125,2427.70421133273,2376.6068003361715,2392.577447502868,2565149,0.0190653328077197,1.9065332807719717,2353.4968505859374,2336.4777490234374
2020-12-17,2443.5458984375,2456.8906106062614,2414.962427959719,2420.128122992788,2863460,0.0085283059630025,0.852830596300258,2362.603552246094,2338.438388671875
2020-12-18,2463.17578125,2495.030903202552,2450.4336904304423,2469.202425943726,6076692,0.0080333595636783,0.8033359563678344,2372.25048828125,2339.25279296875
2020-12-21,2428.0048828125,2485.128924676578,2397.7426139699537,2463.174728390677,2705195,-0.0142786798673587,-1.4278679867358757,2379.133740234375,2339.582392578125
2020-12-22,2473.075927734375,2482.675424717114,2426.7137414089384,2439.929392236456,2881737,0.0185629959976301,1.856299599763012,2385.5155395507813,2340.52107421875
2020-12-23,2504.284912109375,2513.109637626907,2467.005785689479,2476.131927374888,2790988,0.0126195010937617,1.2619501093761754,2393.552453613281,2342.1430908203124
2020-12-24,2504.80224609375,2515.1336348727555,2482.288301930581,2504.500829843972,1807144,0.0002065795237089,0.0206579523708949,2402.50849609375,2343.860673828125
2020-12-28,2522.0634765625,2539.540780252204,2498.4735621546847,2505.3611529531813,2108994,0.0068912547869472,0.6891254786947298,2411.4967529296873,2347.111611328125
2020-12-29,2523.01123046875,2541.5216353331343,2513.971265302423,2513.971265302423,1994151,0.0003757851120946,0.0375785112094684,2422.2952270507812,2349.990625
2020-12-30,2504.759033203125,2537.819391590143,2498.474063300336,2526.3687275523416,2637968,-0.0072342909318853,-0.7234290931885323,2430.1513916015624,2353.3956689453125
2020-12-31,2464.68212890625,2501.057229752041,2449.4002818053555,2496.7524840898177,4040956,-0.0160003033288291,-1.600030332882918,2435.0243530273438,2355.5265283203125
2021-01-01,2521.07421875,2531.1903707419106,2478.6724752945443,2479.533424400239,2681440,0.0228800660265164,2.288006602651649,2444.443151855469,2359.8803564453124
2021-01-04,2616.81201171875,2626.540779746348,2532.0085152654137,2539.800147587225,5113293,0.0379749998063201,3.797499980632013,2457.869665527344,2366.222109375
2021-01-05,2662.91552734375,2681.210695451107,2616.940930153381,2616.940930153381,5801309,0.0176181993274782,1.7618199327478212,2473.164453125,2373.216455078125
2021-01-06,2627.186279296875,2680.5651255418056,2614.8746646566897,2668.942312246538,3726716,-0.0134173418871137,-1.3417341887113745,2484.1070922851563,2379.4721142578123
2021-01-07,2611.0859375,2652.454575316985,2583.0620079986484,2647.417940036945,3717827,-0.0061283594253483,-0.6128359425348395,2493.6635986328124,2386.4053271484377
2021-01-08,2686.935791015625,2693.0486133134364,2634.5040782414053,2660.3325495967133,5879039,0.0290491601315305,2.9049160131530583,2508.1533203125,2394.992431640625
2021-01-11,2734.761474609375,2780.86533670378,2709.0191829689534,2780.86533670378,9508039,0.0177993399595426,1.7799339959542635,2525.064489746094,2404.3561083984373
2021-01-12,2733.38427734375,2763.64655350208,2711.989608576808,2734.761669759502,3611458,-0.0005035895373002,-0.050358953730023,2541.2998901367187,2413.137783203125
2021-01-13,2719.695068359375,2735.235241372653,2691.542075335617,2733.513343203706,3572801,-0.0050081538471706,-0.5008153847170682,2558.406945800781,2422.6831298828124
2021-01-14,2804.012939453125,2817.641863076815,2691.617754288858,2721.463363847344,6931542,0.0310026929396221,3.10026929396221,2577.4634521484377,2433.4154638671876
2021-01-15,2789.046875,2824.1109663222087,2768.905376265818,2790.470059881596,4131692,-0.0053373735343902,-0.5337373534390233,2594.7385009765626,2443.51185546875
2021-01-18,2779.041015625,2809.231575273289,2749.411053561698,2803.4091101982617,4160906,-0.0035875551123535,-0.3587555112353535,2610.5317626953124,2452.8476708984376
2021-01-19,2812.638671875,2828.4240632946203,2787.882455800004,2788.7450431935063,2975735,0.0120896582889922,1.2089658288992222,2629.7634521484374,2462.48091796875
2021-01-20,2854.129638671875,2870.648105502872,2818.1597810756234,2820.661200655656,3453446,0.0147516164133574,1.475161641335743,2648.8161376953126,2472.6142431640624
2021-01-21,2823.982177734375,2854.431348081658,2813.846774585608,2850.851694185324,2778546,-0.0105627510849607,-1.0562751084960742,2664.8010009765626,2483.47046875
2021-01-22,2849.212646484375,2868.1032271116046,2796.422126882678,2796.422126882678,3052459,0.008934358350038,0.8934358350038085,2682.021520996094,2494.173544921875
2021-01-25,2839.0341796875,2880.8696719465147,2828.1223218457994,2854.258764282846,2272887,-0.0035723787796021,-0.3572378779602148,2697.8700561523438,2504.9614697265624
2021-01-27,2812.941162109375,2852.1025525039727,2783.570014017095,2846.538904944659,2786662,-0.0091908078334573,-0.9190807833457382,2712.366552734375,2515.472041015625
2021-01-28,2757.303955078125,2824.973898403804,2746.3059650919727,2786.1574631585613,3083938,-0.0197790155658743,-1.977901556587436,2724.993798828125,2524.63740234375
2021-01-29,2683.811767578125,2774.8147510394783,2674.0213149781584,2768.9491137784144,5445659,-0.026653640185243,-2.665364018524308,2735.9502807617187,2532.406962890625
2021-02-01,2707.96435546875,2730.089642266162,2625.8028899313563,2674.021450560854,3985846,0.008999359859138,0.8999359859138023,2745.294787597656,2541.3380126953125
2021-02-02,2763.25537109375,2780.981583042147,2717.150119907805,2737.852216059484,2881837,0.020417925927769,2.041792592776903,2752.6169555664064,2551.19837890625
2021-02-03,2760.32275390625,2791.332727721468,2728.0618599311533,2771.493218222829,2505866,-0.001061290685681,-0.106129068568106,2757.4873168945314,2560.598037109375
2021-02-04,2750.316650390625,2792.928592710051,2739.5774797814165,2774.124145975899,2057261,-0.0036249759204661,-0.3624975920466178,2763.643835449219,2568.6955712890626
2021-02-05,2724.007568359375,2765.325627089388,2699.0357077171384,2759.373648262348,2366135,-0.0095658374563937,-0.9565837456393722,2769.2899169921875,2576.3047900390625
2021-02-08,2772.4423828125,2782.707089139848,2721.592684609688,2751.2226474927297,2526592,0.0177807194868759,1.7780719486875984,2773.5652465820312,2585.240009765625
2021-02-09,2740.35400390625,2799.786405962383,2729.2267099642486,2755.9669210922166,2658751,-0.0115740471669236,-1.157404716692367,2773.844873046875,2593.201123046875
2021-02-10,2771.752685546875,2777.014343377286,2723.4477815441405,2747.3414151555307,2127983,0.0114578925189474,1.1457892518947466,2775.763293457031,2602.495341796875
2021-02-11,2765.455078125,2776.927532139676,2747.383915038683,2773.218364370516,1165882,-0.0022720668603347,-0.2272066860334765,2778.0512939453124,2610.851728515625
2021-02-12,2752.34423828125,2799.527732432653,2744.753426159513,2746.6510765417843,2777404,-0.0047409339415628,-0.474093394156283,2775.4678588867187,2618.5541552734376
2021-02-15,2708.394775390625,2768.042602007056,2701.235258795116,2768.042602007056,2630853,-0.0159680109338612,-1.5968010933861243,2771.43525390625,2626.0680859375
2021-02-16,2681.611328125,2732.3744622498484,2674.020518084178,2717.149881279084,3435770,-0.0098890484906366,-0.9889048490636654,2766.56376953125,2632.734677734375
2021-02-17,2650.817626953125,2702.357228065124,2627.0533001377667,2678.4204258750324,3678426,-0.011483282774393,-1.148328277439303,2758.4727172851562,2638.610634765625
2021-02-18,2637.23193359375,2672.209687664128,2614.5026691089115,2643.830643622175,4189909,-0.0051250954502631,-0.5125095450263184,2747.62783203125,2643.188603515625
2021-02-19,2649.739013671875,2662.9364315448893,2601.6927301955807,2637.792094735,3725028,0.0047425028943441,0.4742502894344191,2738.915673828125,2647.784267578125
2021-02-22,2551.922119140625,2670.57107987573,2538.724487383171,2670.57107987573,5366696,-0.0369156713270791,-3.691567132707918,2724.0511474609375,2650.8798828125
2021-02-23,2570.682861328125,2611.914580107528,2560.159337436969,2561.8845121926547,3832829,0.0073516123579107,0.7351612357910708,2710.633581542969,2654.3627783203124
2021-02-24,2542.994140625,2590.6520971446007,2519.747240418704,2563.6098964027583,3774549,-0.0107709593896851,-1.0770959389685195,2697.13623046875,2657.0491357421874
2021-02-25,2583.708251953125,2613.553651608383,2560.547694496672,2565.335097001332,4224073,0.0160103048126247,1.6010304812624776,2688.4564453125,2661.1722216796875
2021-02-26,2496.587158203125,2563.9121577933784,2484.2521142672244,2553.2591174413137,5553153,-0.0337194006653582,-3.371940066535828,2679.09521484375,2662.64630859375
2021-03-01,2522.37841796875,2557.572031379109,2503.0565414965754,2523.9311176442743,3265871,0.0103306065966419,1.0330606596641978,2669.81591796875,2664.222958984375
2021-03-02,2593.239501953125,2609.3266714092324,2542.907447046088,2553.258494998786,3306469,0.0280929631650745,2.809296316507459,2661.3151245117188,2666.8242333984376
2021-03-03,2638.741455078125,2642.968049510322,2585.088345128961,2617.9530124881944,3509857,0.017546375138405,1.7546375138405068,2655.2360595703126,2671.03896484375
2021-03-04,2630.633056640625,2658.02020976572,2601.6070715025844,2607.602012509075,3916760,-0.003072827927835,-0.3072827927835031,2649.2518798828123,2674.190107421875
2021-03-05,2594.705810546875,2642.27741665036,2584.829227925613,2601.6496805392176,3203686,-0.0136572624612381,-1.3657262461238109,2642.7867919921873,2675.998525390625
2021-03-08,2593.75732421875,2616.227769700516,2584.312033637568,2601.563782860783,2003125,-0.000365546769992,-0.0365546769992009,2633.8525390625,2677.777626953125
2021-03-09,2631.711181640625,2645.469409575345,2580.9480357307766,2593.7573332178704,1942397,0.0146327711800513,1.4632771180051352,2628.4203979492186,2679.9705810546875
2021-03-10,2648.963134765625,2668.15570731994,2639.5178434248423,2652.456656382807,3053778,0.0065554127844094,0.6555412784409409,2622.2809204101563,2682.489619140625
2021-03-12,2637.7490234375,2688.684850091769,2623.4301993562667,2652.4561803119,2938317,-0.0042333965244545,-0.4233396524454536,2615.895617675781,2685.1494189453124
2021-03-15,2644.82275390625,2673.1588393934207,2623.128761082734,2623.128761082734,3097083,0.0026817299166437,0.2681729916643727,2610.5195434570314,2688.7522314453126
2021-03-16,2682.690673828125,2709.387718589675,2639.518121262148,2639.518121262148,4894756,0.014317753379105,1.4317753379105014,2609.234338378906,2691.984560546875
2021-03-17,2685.191650390625,2721.46349599781,2661.3411908355,2678.334122051727,3838390,0.0009322642326599,0.0932264232659907,2609.4133544921874,2693.3521533203125
2021-03-18,2619.245849609375,2714.0872634976304,2576.590957671183,2696.4042271343856,3656306,-0.0245590666765467,-2.4559066676546726,2607.834765625,2692.478759765625
2021-03-19,2631.064453125,2673.158766887321,2592.0755387210065,2613.6402270631115,5776626,0.0045122161851998,0.4512216185199813,2607.5263916015624,2692.5563232421873
2021-03-22,2699.596435546875,2708.0498337575755,2603.8492389926228,2629.770031169302,2821646,0.0260472457603526,2.604724576035266,2610.0192626953126,2694.326533203125
2021-03-23,2710.767333984375,2733.5395578340426,2693.7312322907105,2708.5245224357504,3305973,0.0041379882898078,0.4137988289807826,2617.9615234375,2694.8031640625
2021-03-24,2692.2216796875,2719.134365061862,2683.638766387938,2683.6819378774467,2207104,-0.0068414777116323,-0.6841477711632349,2624.038464355469,2693.9523681640626
2021-03-25,2643.701416015625,2700.632191713419,2630.89190724656,2684.5448082856474,3179786,-0.018022387992027,-1.8022387992027045,2629.073828125,2692.1587109375
2021-03-26,2645.383056640625,2689.547489004796,2624.896606074921,2665.9556395899776,3697370,0.0006360932497189,0.0636093249718916,2632.157568359375,2690.672470703125
2021-03-30,2724.525146484375,2750.316422403273,2640.2933706563263,2659.3566341390606,4694008,0.0299170623494704,2.9917062349470447,2643.5544677734374,2689.08271484375
2021-03-31,2741.173828125,2764.5929950000286,2701.624106190356,2721.463619102992,3530069,0.0061106727761746,0.6110672776174608,2654.49423828125,2688.12525390625
2021-04-01,2730.089111328125,2773.218481175331,2712.837363389243,2752.602726625417,4285076,-0.0040437847038897,-0.4043784703889774,2661.33671875,2687.1462158203126
2021-04-05,2793.833740234375,2814.6221770509164,2718.0124057270723,2735.26415060633,5317862,0.0233489187740247,2.3348918774024785,2669.0913330078124,2686.7701171875
2021-04-06,2816.08935546875,2824.9740487941745,2786.157611482499,2824.9740487941745,2291562,0.0079659769705937,0.7965976970593758,2678.364147949219,2686.0093115234376
2021-04-07,2821.8681640625,2827.173202604607,2790.2975935030586,2811.1721651917283,2491268,0.0020520686186777,0.2052068618677793,2689.722265625,2685.96703125
2021-04-08,2861.50439453125,2876.728977898369,2817.2536188096706,2820.6607969198403,2578118,0.0140460957650436,1.4046095765043676,2703.109619140625,2686.2128662109376
2021-04-09,2865.731201171875,2893.420342992683,2853.4393298146024,2893.118353143342,2911129,0.0014771274329345,0.1477127432934599,2714.8106201171877,2686.746806640625
2021-04-12,2800.433349609375,2879.403273387137,2771.665973691975,2865.731177961672,3791828,-0.0227857558782198,-2.278575587821985,2722.384130859375,2686.496650390625
2021-04-13,2677.514404296875,2772.355844796707,2650.7741954640505,2772.355844796707,8654596,-0.0438928301327526,-4.38928301327527,2724.3723999023437,2684.900859375
2021-04-15,2776.625732421875,2792.411124320326,2663.195486735529,2726.035064495398,6062760,0.0370161699096542,3.701616990965429,2730.962548828125,2686.757138671875
2021-04-16,2756.09619140625,2800.821434678752,2745.2708874426585,2785.2948606645173,3224657,-0.0073937012021128,-0.7393701202112801,2734.6328247070314,2687.719775390625
2021-04-19,2727.3291015625,2750.7914386004254,2704.2980582590685,2733.53968922068,2679106,-0.0104376218556697,-1.0437621855669763,2736.739697265625,2687.00125
2021-04-20,2712.44921875,2782.146321965287,2696.750170373957,2781.844332141803,3141893,-0.0054558442558234,-0.5455844255823461,2741.399865722656,2686.043779296875
2021-04-22,2690.2373046875,2715.424811647797,2678.549204691652,2715.424811647797,1988980,-0.0081888773839372,-0.8188877383937254,2744.358508300781,2684.8421923828123
2021-04-23,2682.215576171875,2690.410156642572,2666.3008804288893,2678.3339327910185,1615309,-0.0029817921644488,-0.2981792164448826,2743.489465332031,2684.0063525390624
2021-04-26,2674.7109375,2719.737955733293,2663.712948620964,2675.789171703827,2490260,-0.002797925244542,-0.2797925244542032,2741.6866455078125,2682.0517236328124
2021-04-27,2701.6240234375,2705.160716389788,2676.6089861834494,2679.196748658006,1471417,0.0100620540186877,1.006205401868776,2742.1567626953124,2681.2771240234374
2021-04-28,2694.80908203125,2718.012596283586,2684.3716914105107,2717.1068374954057,1639037,-0.0025225350926435,-0.2522535092643552,2744.7121459960936,2679.738251953125
2021-04-29,2687.17529296875,2723.490305328415,2678.765066147004,2713.3549037740027,1621395,-0.0028327754694762,-0.2832775469476245,2746.8017578125,2678.17265625
2021-04-30,2618.513427734375,2701.6669817097545,2605.014018794562,2673.1584252464727,3072305,-0.0255516882036074,-2.5551688203607426,2741.501171875,2675.4960400390623
2021-05-03,2619.677978515625,2635.20455198065,2591.212593829746,2609.2405865604173,1545831,0.0004447373723257,0.0444737372325754,2735.426379394531,2673.7217041015624
2021-05-04,2630.675537109375,2665.394674864487,2617.952374826446,2641.932343146011,1990777,0.0041980574268831,0.4198057426883173,2730.455700683594,2672.70298828125
2021-05-05,2670.3115234375,2673.503054401822,2632.961450376518,2648.1430714400576,1939289,0.0150668471915307,1.506684719153073,2724.27958984375,2673.0928662109377
2021-05-06,2683.8984375,2703.349832111878,2651.5945704888045,2678.766082840918,1791671,0.0050881381978269,0.5088138197826941,2717.6700439453125,2674.0261962890627
2021-05-07,2702.400146484375,2725.6470468101074,2684.1996775869275,2702.486489466706,1912540,0.0068935950503437,0.6893595050343704,2711.696643066406,2675.0794189453127
2021-05-10,2713.26806640625,2729.398405098987,2695.5850286185123,2713.6561885318547,2137153,0.0040215805701511,0.4021580570151117,2704.2848266601563,2678.306337890625
2021-05-11,2693.515380859375,2698.259611350448,2666.3868398499667,2695.58550629116,2415625,-0.0072800346532061,-0.7280034653206147,2695.674035644531,2680.76298828125
2021-05-12,2663.324951171875,2691.272698807051,2648.6609653129904,2691.272698807051,1978558,-0.0112085603453534,-1.1208560345353449,2688.8186157226564,2683.1696044921873
2021-05-14,2632.18603515625,2672.727651952037,2622.266277855153,2672.727651952037,2043935,-0.0116917449378167,-1.1691744937816773,2686.552197265625,2684.13916015625
2021-05-17,2647.927490234375,2652.628549124657,2618.8151674734304,2635.2043269536657,2890462,0.0059803732972811,0.5980373297281183,2680.11728515625,2687.165966796875
2021-05-18,2664.360107421875,2694.7231429706226,2655.04412101907,2674.021044561117,2098538,0.0062058410768814,0.6205841076881491,2675.530480957031,2690.0056005859374
2021-05-19,2658.49462890625,2689.5477783678416,2645.6421596161504,2660.2198038763386,1986041,-0.0022014586163807,-0.2201458616380769,2672.088757324219,2691.310703125
2021-05-20,2639.517822265625,2664.3603850643035,2632.7034650661194,2645.642277920362,2329027,-0.0071381775363722,-0.7138177536372248,2668.4421875,2691.32623046875
2021-05-21,2657.200439453125,2663.8423201990017,2635.290804111499,2640.3799854458744,1685566,0.006699184615591,0.6699184615591047,2666.7903442382812,2691.857578125
2021-05-24,2658.062744140625,2678.3335455319293,2649.8681648547786,2658.062744140625,1652260,0.0003245162369751,0.0324516236975158,2665.5827026367188,2693.124716796875
2021-05-25,2699.23583984375,2711.587834293902,2671.584793057056,2680.1660940259712,1841613,0.0154898885641003,1.5489888564100385,2666.808947753906,2695.234287109375
2021-05-26,2737.809326171875,2743.443570471421,2690.3950356987057,2704.4372637822544,1923753,0.0142905209536481,1.4290520953648134,2668.618212890625,2697.35625
2021-05-27,2756.44580078125,2789.167759579833,2740.669958334037,2740.7998947132687,5959785,0.0068070754348088,0.6807075434808851,2671.700048828125,2699.5059033203124
2021-05-28,2724.89404296875,2772.0482500019803,2718.002759352993,2764.680391926616,1763701,-0.0114465366246481,-1.1446536624648118,2673.585986328125,2701.2488037109374
2021-05-31,2738.37255859375,2748.08096384286,2711.8917807222774,2730.441361193668,1652799,0.0049464365999036,0.4946436599903681,2679.5789428710937,2703.1197998046873
2021-06-01,2733.0419921875,2747.734325938931,2714.839048376546,2746.5642636676007,1377441,-0.0019466183991367,-0.194661839913679,2685.2471435546877,2704.126826171875
2021-06-02,2712.62841796875,2738.6326212021613,2700.10310240254,2731.1782099155653,2240078,-0.007469176938043,-0.7469176938043054,2689.3447875976562,2704.6755615234374
2021-06-03,2722.857177734375,2734.385751842096,2706.7344847268523,2734.385751842096,1281706,0.0037707928214083,0.3770792821408353,2691.9720703125,2706.7477880859374
2021-06-04,2725.024169921875,2736.379424869507,2708.7715406778084,2711.3719613568587,1836060,0.0007958523147009,0.0795852314700917,2694.028356933594,2708.626982421875
2021-06-07,2759.219970703125,2765.504321386228,2716.226470934479,2726.1079859801675,2559821,0.0125488064137906,1.2548806413790636,2696.869348144531,2709.819453125
2021-06-08,2773.912109375,2800.653187785545,2762.687001968259,2772.04855912664,2574057,0.0053247435245733,0.532474352457335,2699.9015502929688,2711.0823486328127
2021-06-09,2773.99853515625,2791.1179699095774,2761.8198569692045,2775.5154470964185,1710925,3.1156640096119403e-05,0.0031156640096119,2703.9257080078123,2712.7178857421877
2021-06-10,2788.3447265625,2794.585694473738,2767.7146781807214,2782.450396793021,1874324,0.0051716650980286,0.5171665098028688,2710.1766967773438,2715.610751953125
2021-06-11,2837.75244140625,2868.2640016376467,2783.316926339826,2783.7937124543178,3452954,0.017719371056627,1.771937105662702,2720.4550170898438,2719.4581396484373
2021-06-14,2839.962646484375,2868.003720504315,2834.761805496382,2842.2595999383007,1847360,0.0007788576078291,0.0778857607829142,2730.056774902344,2721.7668896484374
2021-06-15,2828.17431640625,2858.729260748697,2818.46612109576,2858.729260748697,1304985,-0.0041508750450355,-0.4150875045035529,2738.2474853515623,2723.5068994140624
2021-06-16,2838.228759765625,2855.8681501125543,2819.722351048015,2827.6103771033627,1635552,0.0035551002995286,0.3555100299528657,2747.2341918945312,2725.6696923828126
2021-06-17,2875.847900390625,2891.710505167781,2825.789813962305,2830.557250765002,2273413,0.0132544427560894,1.3254442756089446,2759.0506958007813,2727.3099755859375
2021-06-18,2858.122314453125,2910.737448763456,2838.792479065014,2904.5830353811075,3380431,-0.0061636034141765,-0.6163603414176544,2769.096789550781,2728.150634765625
2021-06-21,2837.145751953125,2848.3274763254985,2818.5959573004056,2830.1245314068024,1130569,-0.0073392808956861,-0.733928089568614,2778.0509399414063,2728.4561865234373
2021-06-22,2861.5029296875,2883.9099729657505,2847.460700066523,2863.930031360667,1708688,0.0085850992031717,0.8585099203171742,2786.1642944335936,2728.4561572265625
2021-06-23,2827.00390625,2885.600136660066,2822.669871800225,2885.600136660066,1467104,-0.0120562600441815,-1.2056260044181588,2790.6240234375,2727.681611328125
2021-06-24,2924.25927734375,2932.407175979968,2841.8258724358034,2846.593309464444,4155204,0.0344022768694221,3.44022768694221,2799.014697265625,2730.1581298828123
2021-06-25,2930.501220703125,2946.8404060852245,2903.803522115531,2925.6903994090885,2722861,0.0021345382770041,0.2134538277004161,2809.295056152344,2735.2178662109377
2021-06-28,2892.317626953125,2939.7752998610995,2889.0671014114832,2939.7752998610995,1355238,-0.013029714330178,-1.3029714330178075,2816.9923095703125,2737.5317041015624
2021-06-29,2895.871337890625,2917.931526763228,2883.4325767119,2896.8680809773546,1497322,0.0012286724336163,0.1228672433616351,2825.1337768554686,2740.32720703125
2021-06-30,2900.119384765625,2931.5411370477004,2893.83503430921,2900.336086505501,1693146,0.0014669321870128,0.1466932187012881,2834.5083251953124,2743.7830126953127
2021-07-01,2896.43505859375,2914.2045988305217,2888.50386064937,2910.737371467249,990310,-0.0012704050016798,-0.1270405001679853,2843.187219238281,2747.4627294921875
2021-07-02,2882.522216796875,2894.8742119230924,2856.3013148622726,2887.333036170578,1682274,-0.0048034364711874,-0.4803436471187416,2851.062121582031,2751.308427734375
2021-07-05,2878.665283203125,2924.6060420136537,2862.1959545729355,2896.8682253733346,1972858,-0.0013380412373841,-0.1338041237384124,2857.034387207031,2755.237421875
2021-07-06,2827.78369140625,2884.732852326244,2822.4095319025464,2871.7307511288595,2159420,-0.0176754109252529,-1.7675410925252932,2859.7279663085938,2758.298876953125
2021-07-07,2838.748779296875,2845.466531741208,2809.8409005907183,2838.7921619597746,2640710,0.0038776261154445,0.387762611544451,2862.965478515625,2761.0413720703127
2021-07-08,2824.489990234375,2858.728859227549,2801.4328444405023,2858.728859227549,2485811,-0.0050229133224081,-0.5022913322408118,2864.772741699219,2763.634990234375
2021-07-09,2780.8466796875,2844.8604586920123,2774.649094537822,2817.1226358162826,6365067,-0.015451749058333,-1.545174905833302,2861.927453613281,2765.50841796875
2021-07-12,2767.80126953125,2804.987201866084,2763.683936648412,2804.120394943381,1892226,-0.00469116483535,-0.4691164835350037,2858.319384765625,2768.4941748046876
2021-07-13,2762.989990234375,2785.916987210296,2752.111522835311,2785.916987210296,1809339,-0.0017383037394479,-0.1738303739447944,2855.060168457031,2771.3604150390624
2021-07-14,2786.393798828125,2792.851467065225,2760.779615953675,2762.5132295272724,2044279,0.0084704644882787,0.8470464488278706,2852.4684204101563,2774.4747802734373
2021-07-15,2782.39794921875,2807.503464302064,2774.623139694448,2803.81149550316,2232968,-0.0014340577455547,-0.1434057745554717,2847.7959228515624,2776.7165087890626
2021-07-16,2775.317626953125,2797.078563789918,2772.885229072114,2791.127895052852,1256526,-0.002544683540905,-0.254468354090509,2843.6556884765623,2778.544892578125
2021-07-19,2766.45751953125,2779.661695228817,2758.986627079998,2762.461421320653,1597058,-0.003192466093188,-0.3192466093188018,2840.1212768554688,2779.8260400390627
2021-07-20,2784.873291015625,2792.8652736430404,2741.742289476744,2766.456927895607,1811945,0.0066568061697529,0.6656806169752949,2836.289794921875,2781.25814453125
2021-07-22,2794.038330078125,2801.5090094588377,2771.148041204873,2771.148041204873,2859334,0.0032910075629177,0.329100756291778,2834.6415161132813,2783.268603515625
2021-07-23,2790.998291015625,2815.929897607345,2785.612190203211,2805.8963866869444,1776193,-0.0010880448667341,-0.1088044866734194,2827.978466796875,2785.8220703125
2021-07-26,2777.70703125,2800.901239619414,2771.886793507054,2779.8353002348217,1259611,-0.004762188428567,-0.4762188428567016,2820.338757324219,2788.732490234375
2021-07-27,2765.02392578125,2788.522263282844,2746.0862555326894,2779.835278038972,1121367,-0.004566034259935,-0.456603425993507,2813.974072265625,2791.0744189453126
2021-07-28,2777.923828125,2783.700587738903,2721.110824651444,2769.410541258795,1660654,0.0046653854324625,0.4665385432462532,2808.076696777344,2793.345693359375
2021-07-29,2776.18701171875,2801.943840221094,2771.4091694472813,2780.052678048742,1731997,-0.0006252210333003,-0.0625221033300316,2801.880078125,2795.699541015625
2021-07-30,2751.558837890625,2800.2494279850853,2747.12860308686,2796.340284995809,2999943,-0.008871222912637,-0.8871222912637089,2794.636267089844,2797.940361328125
2021-08-02,2796.688720703125,2801.466563913181,2751.16899022664,2762.4620741776803,2608669,0.0164015692454162,1.6401569245416248,2790.344592285156,2800.730126953125
2021-08-03,2853.587158203125,2858.017604673373,2796.296543772557,2805.0270047083045,3804735,0.02034493044535,2.034493044535002,2789.090686035156,2804.640615234375
2021-08-04,2844.0751953125,2871.222021372472,2832.999290280032,2866.7048319330083,2929598,-0.0033333353296328,-0.3333335329632869,2789.9052612304686,2807.53740234375
2021-08-05,2852.76220703125,2879.73533608023,2834.128667861765,2844.9873983899706,2534521,0.0030544240648304,0.3054424064830474,2790.6059326171876,2809.8364599609376
2021-08-06,2875.21875,2887.5542280518885,2836.301009202592,2842.859726234978,2292362,0.0078718593906639,0.7871859390663927,2793.142370605469,2812.2119189453124
2021-08-09,2886.424560546875,2898.846991931317,2875.39213164299,2887.466956364992,1510489,0.0038973766941645,0.3897376694164567,2798.4212646484375,2815.442529296875
2021-08-10,2896.15380859375,2910.0529844223115,2880.2567959075063,2880.2567959075063,2040777,0.003370691955667,0.3370691955667082,2804.8388916015624,2818.598154296875
2021-08-11,2905.101806640625,2918.8272868947324,2890.2471878777355,2910.140300921831,1929707,0.0030896142395213,0.3089614239521365,2811.944482421875,2822.0393505859374
2021-08-12,2911.660400390625,2925.776751999888,2889.2914124559466,2889.2914124559466,1310205,0.0022576123614697,0.2257612361469707,2818.2078125,2826.019990234375
2021-08-13,3008.650634765625,3023.0711163036794,2916.655538215404,2919.4788086544804,4363584,0.0333109707306482,3.331097073064826,2829.5204467773438,2831.735859375
2021-08-16,3016.946044921875,3035.536317803578,2985.282030878575,3005.6964431368747,2083489,0.0027571862483448,0.2757186248344867,2841.6018676757812,2837.574296875
2021-08-17,3086.52978515625,3093.2621997032534,3008.3034291964027,3024.895658268676,4336019,0.0230642972059438,2.306429720594383,2857.6054809570314,2844.1204931640623
2021-08-18,3093.044189453125,3122.9708074862524,3072.2389047937404,3104.597920810114,2631309,0.0021105917487671,0.2110591748767154,2873.014025878906,2850.503134765625
2021-08-20,3092.1318359375,3105.596660619908,3040.444283124385,3045.6564733240275,2836148,-0.0002949694410238,-0.0294969441023806,2887.918701171875,2856.86580078125
2021-08-23,3159.804443359375,3190.7302007075746,3094.217694066312,3109.9412247571786,3744176,0.0218854211309387,2.188542113093872,2906.3590087890625,2864.2949951171877
2021-08-24,3138.78125,3185.8213991107027,3122.4496764479563,3176.8302851679027,2511141,-0.006653321031799,-0.6653321031799053,2924.4127197265625,2870.3155712890625
2021-08-25,3178.568359375,3212.2304320521744,3133.439506938269,3136.0021255380566,2123263,0.0126759739548589,1.2675973954858977,2945.08994140625,2877.087685546875
2021-08-26,3189.73046875,3203.412469252929,3168.9249713334366,3179.436307347297,1902533,0.0035116782503916,0.351167825039167,2965.6802734375,2884.31880859375
2021-08-27,3231.688720703125,3239.811136714947,3171.705257446776,3184.648780586405,3944728,0.0131541684678981,1.3154168467898186,2988.455358886719,2892.1880078125
2021-08-30,3215.313720703125,3249.2364387035072,3203.412593965281,3227.214847440969,2033114,-0.0050670102894183,-0.5067010289418361,3011.643103027344,2898.97732421875
2021-08-31,3289.282958984375,3304.615612737441,3217.180992996099,3222.3497059723213,3207480,0.0230052942594585,2.300529425945852,3036.272814941406,2907.600537109375
2021-09-01,3227.17138671875,3315.5614573561893,3220.2652761964287,3297.5794411765964,2643336,-0.0188830128146844,-1.8883012814684408,3054.9520263671875,2915.4010498046873
2021-09-02,3332.97900390625,3352.437765671095,3233.295850013439,3243.720232119877,3403717,0.0327864883851367,3.278648838513676,3079.397216796875,2924.8305712890624
2021-09-03,3337.583251953125,3350.483297959247,3305.007056859982,3322.771899500522,1746812,0.0013814212575233,0.1381421257523385,3103.6382690429687,2935.042158203125
2021-09-06,3346.2265625,3368.4653285384056,3313.216020086968,3344.228513568609,1723693,0.0025896913707896,0.2589691370789682,3127.1886596679688,2943.48150390625
2021-09-07,3314.865966796875,3361.819155284344,3308.220509217382,3356.6504424908985,1585039,-0.0093719283848178,-0.9371928384817818,3148.610729980469,2951.168798828125
2021-09-08,3278.597900390625,3314.08431398627,3262.8311096546345,3309.7408220937587,4147175,-0.0109410355560455,-1.094103555604553,3167.7329345703124,2958.894404296875
2021-09-09,3293.58349609375,3308.612022962336,3270.649939914643,3292.1067510212,1441148,0.0045707330262547,0.4570733026254769,3187.157019042969,2966.8486474609376
2021-09-13,3340.449951171875,3346.574106093032,3272.38733704224,3272.38733704224,1691473,0.014229624095976,1.4229624095976057,3208.5964965820312,2975.6552587890624
2021-09-14,3375.675537109375,3384.883826372717,3322.771881400139,3344.445867333789,1991188,0.0105451620148184,1.0545162014818477,3226.9477416992186,2985.240068359375
2021-09-15,3435.311767578125,3457.4201024494814,3358.388471374295,3372.374602351209,2461369,0.0176664581098386,1.766645810983869,3247.8660278320312,2996.295859375
2021-09-16,3390.791259765625,3458.940621955318,3381.0618779429806,3413.9854697769574,2946666,-0.0129596702787434,-1.2959670278743451,3263.0791015625,3006.53837890625
2021-09-17,3325.24755859375,3427.015500602913,3305.3977135092737,3405.2980386219065,6477148,-0.0193299133301427,-1.9329913330142776,3274.6892700195312,3016.48765625
2021-09-20,3321.46875,3362.7319291879166,3307.873703164557,3308.87262161632,2002008,-0.0011363991784564,-0.1136399178456426,3286.156115722656,3026.1420556640624
2021-09-21,3355.738525390625,3363.2094166504107,3319.861238160691,3351.438510620508,1568129,0.0103176570276704,1.0317657027670402,3295.9528198242188,3036.7670263671876
2021-09-22,3355.0439453125,3385.187953993705,3346.6176119821243,3355.348074632068,1744067,-0.0002069827767776,-0.0206982776777664,3306.7659545898437,3048.2509716796876
2021-09-23,3361.2119140625,3369.6817250496706,3331.458988287055,3361.86343798459,2003869,0.0018384166796436,0.1838416679643684,3315.8981323242188,3060.1191845703124
2021-09-24,3362.9921875,3426.49391383993,3348.8323610402954,3379.2368053039554,2320754,0.0005296522453854,0.0529652245385481,3324.5612182617188,3072.119228515625
2021-09-27,3333.152587890625,3391.3988633473587,3303.573362252145,3387.9240694299947,1673362,-0.0088729315876161,-0.8872931587616151,3329.634411621094,3083.054404296875
2021-09-28,3282.941650390625,3344.4890201802423,3258.705048558736,3344.4890201802423,2253075,-0.0150640980801229,-1.506409808012299,3333.0158081054688,3093.0652783203127
2021-09-29,3294.017578125,3306.2663111425195,3233.425861046127,3266.132485042677,2489161,0.0033737814782839,0.3373781478283932,3333.2525390625,3103.43927734375
2021-09-30,3279.814697265625,3305.3978259324667,3257.706362633929,3305.3978259324667,2252412,-0.0043117198140331,-0.431171981403311,3335.8847045898438,3113.7064208984375
2021-10-01,3240.4189453125,3309.7411246713523,3235.9017557482384,3285.200393235141,1578374,-0.0120115785766705,-1.2011578576670567,3331.256701660156,3122.817333984375
2021-10-04,3277.860107421875,3286.8510096871387,3220.656226102049,3235.728229979652,1356860,0.0115544201972823,1.155442019728237,3328.270544433594,3132.49376953125
2021-10-05,3329.982177734375,3335.802415573793,3250.3225635085573,3261.0943406416723,1877966,0.0159012491699943,1.5901249169994358,3327.4583251953127,3143.273447265625
2021-10-06,3310.522705078125,3350.960658715592,3296.7104851126683,3332.327120129696,1678154,-0.0058437167581147,-0.5843716758114792,3327.241162109375,3153.9297607421877
2021-10-07,3381.75634765625,3387.055493405651,3318.4717883990315,3327.115296164053,1647233,0.0215173399864792,2.15173399864792,3332.3990844726563,3166.2644091796874
2021-10-08,3418.892822265625,3466.019711142976,3387.9238086943383,3409.6412690064817,2934339,0.0109814163977581,1.098141639775818,3338.66455078125,3179.0837890625
2021-10-11,3201.675048828125,3264.13438170408,3179.436283975231,3261.962635608468,11845402,-0.0635345372697453,-6.353453726974534,3331.7258056640626,3187.5935498046874
2021-10-12,3173.2255859375,3220.2655276267183,3153.8970431833336,3219.396829075969,5752877,-0.0088858058537321,-0.8885805853732109,3321.603308105469,3196.026884765625
2021-10-13,3175.26708984375,3192.858236546606,3166.4064065140506,3170.749899527101,3545655,0.0006433529073057,0.0643352907305772,3308.60107421875,3203.5984521484374
2021-10-14,3143.281005859375,3194.2409413041028,3140.452318377293,3155.074499244516,6442299,-0.0100735097487338,-1.0073509748733889,3296.2255615234376,3209.3923291015626
2021-10-18,3174.35302734375,3179.1835977264323,3134.577371767137,3136.31810253628,3590107,0.0098852191154572,0.9885219115457256,3288.6808349609373,3215.9978857421875
2021-10-19,3163.037841796875,3211.7349483513485,3155.248115175907,3193.370156269083,3135441,-0.0035645643220544,-0.3564564322054431,3280.7592895507814,3222.2033984375
2021-10-20,3141.017822265625,3159.425962920744,3114.428120492601,3143.7593878979965,2933693,-0.0069616680648818,-0.6961668064881854,3270.0232543945312,3227.5193798828127
2021-10-21,3074.565673828125,3139.7995159026163,3056.07040968974,3136.883919403963,4871211,-0.0211562468593596,-2.1156246859359684,3255.9993408203127,3231.2822021484376
2021-10-22,3045.277587890625,3099.893008187751,3033.222943991784,3098.5003387692245,2691670,-0.0095259262753146,-0.9525926275314678,3240.2026245117186,3234.264677734375
2021-10-25,3040.142333984375,3058.942308854021,3002.7601880545794,3048.889547465273,2595594,-0.0016863007584826,-0.1686300758482639,3224.0601318359377,3236.96548828125
2021-10-26,3031.1337890625,3071.518647461256,3024.518928854595,3041.491049462556,3878763,-0.0029631984072497,-0.2963198407249789,3208.959191894531,3239.3549560546876
2021-10-27,3037.357177734375,3056.070030896145,3031.482212206842,3031.482212206842,2510813,0.0020531553883669,0.2053155388366923,3196.679968261719,3239.9290869140623
2021-10-28,2978.08544921875,3061.9452338402966,2972.297604765382,3061.9452338402966,2424942,-0.0195142438137081,-1.9514243813708143,3180.8833618164062,3239.151875
2021-10-29,2957.28369140625,3012.3342965071097,2947.0133383911043,2959.2855740900413,3960501,-0.0069849432352443,-0.6984943235244345,3164.7568115234376,3236.566953125
2021-11-01,3025.73828125,3034.9642397600896,2970.513637481384,2992.2727731263512,2020718,0.0231477926999956,2.3147792699995677,3154.0227783203127,3235.2208349609373
2021-11-02,3032.526611328125,3058.115477593055,3019.949875757492,3041.056233416435,3087414,0.0022435285035031,0.2243528503503178,3141.756103515625,3234.02873046875
2021-11-03,3039.533447265625,3063.5989646219014,3016.729917190848,3049.9342708836666,1537639,0.0023105604123392,0.2310560412339235,3127.2336669921874,3231.623310546875
2021-11-04,3053.807373046875,3057.811138748893,3050.630624440296,3057.549986639362,328991,0.0046960910379489,0.469609103794899,3114.397900390625,3229.9238330078124
2021-11-08,3048.67236328125,3088.056397094248,3029.915946668684,3088.056397094248,2526082,-0.0016815106974156,-0.1681510697415622,3097.743701171875,3227.3259130859374
2021-11-09,3051.239990234375,3076.7417393701817,3042.797488214472,3053.241873185459,1782692,0.0008422115095245,0.084221150952457,3079.3610595703126,3224.556103515625
2021-11-10,3032.614013671875,3063.4248618840948,3029.0454307612417,3044.537976398456,1516489,-0.0061043957938783,-0.6104395793878337,3070.9080078125,3220.574609375
2021-11-11,3036.00830078125,3055.025868233188,2990.5752730659246,3028.8713475755,1284514,0.0011192611700903,0.1119261170090313,3064.0471435546874,3216.9885009765626
2021-11-12,3068.95166015625,3076.001491709849,3033.832334714238,3051.500793099573,1747259,0.0108508792174655,1.0850879217465526,3058.7313720703123,3212.581875
2021-11-15,3092.66943359375,3106.856432182133,3070.649146366676,3070.649146366676,1809157,0.0077282981499593,0.7728298149959345,3056.200793457031,3209.8918359375
2021-11-16,3095.3671875,3112.034811133801,3082.8340116924446,3106.333875700264,2013204,0.000872305936401,0.0872305936401085,3052.251501464844,3205.139599609375
2021-11-17,3065.339111328125,3100.9807362432443,3051.84845073497,3090.318762548654,1632914,-0.0097009738596238,-0.9700973859623874,3047.366564941406,3199.694716796875
2021-11-18,3025.12841796875,3064.425535995087,3004.152743208787,3059.4642841407654,2136598,-0.0131178613194129,-1.311786131941295,3041.5720947265627,3193.27275390625
2021-11-22,3010.0712890625,3060.16085491759,2994.317804519924,3027.4785951812783,3167936,-0.0049773519751469,-0.4977351975146926,3038.347375488281,3187.1768603515625
2021-11-23,3015.163330078125,3029.698389726688,2966.0312458584126,2998.4087961663104,2153461,0.0016916679130249,0.1691667913024996,3036.841662597656,3181.9081689453124
2021-11-24,2996.929443359375,3040.230125174157,2980.131347413317,3022.0829202611835,2161746,-0.0060473960189338,-0.6047396018933893,3034.681018066406,3175.975087890625
2021-11-25,2999.19189453125,3014.075227111931,2988.8781925600256,2997.451163819664,1849619,0.0007549230686387,0.0754923068638779,3033.0839233398438,3169.1499267578124
2021-11-26,3000.018798828125,3037.574977522078,2969.5993607935234,2981.0012315223835,1941251,0.0002757090329508,0.0275709032950821,3031.217004394531,3161.6367919921877
2021-11-29,3048.01953125,3071.8241091591503,2964.8560774978537,3000.2799056225817,2981745,0.0160001438793067,1.6000143879306703,3034.7137084960937,3153.890947265625
2021-11-30,3071.64990234375,3101.764629552227,3038.44554802296,3038.44554802296,5588446,0.0077526967434027,0.7752696743402732,3040.432019042969,3147.5081201171874
2021-12-01,3113.99267578125,3124.6110887936125,3076.7410024750475,3076.7410024750475,2102118,0.0137850258928242,1.3785025892824263,3044.8447387695314,3143.2830224609374
2021-12-02,3170.65380859375,3175.092756819471,3110.772843260999,3123.9152323855865,3152938,0.0181956538476073,1.8195653847607351,3051.7510986328125,3140.2667236328125
2021-12-03,3168.521484375,3190.715800719207,3160.16610454034,3173.7436764559898,2486263,-0.0006725187760866,-0.067251877608665,3058.2005004882812,3136.5223828125
2021-12-06,3077.9599609375,3183.796473257268,3065.426784803744,3168.5215187563167,1849642,-0.0285816346469759,-2.858163464697594,3059.4081298828123,3130.980703125
2021-12-07,3119.824462890625,3131.574394610258,3067.4285135724954,3100.6764260141867,1484458,0.0136013796424998,1.3601379642499856,3062.9657348632813,3126.1529541015625
2021-12-08,3156.72802734375,3173.743712566218,3134.185649600943,3134.185649600943,1428660,0.0118287310366598,1.1828731036659823,3068.24013671875,3122.0276708984375
2021-12-09,3134.83837890625,3163.5604352688256,3103.722817846793,3142.018892996894,1567957,-0.0069342839319354,-0.6934283931935403,3073.351354980469,3118.06138671875
2021-12-10,3165.344482421875,3169.8703393647284,3111.6429873202883,3120.259518567422,1510718,0.009731316204655,0.973131620465506,3079.8181640625,3115.709443359375
2021-12-13,3141.71435546875,3187.278068783452,3134.7949930935406,3176.833684068705,1883864,-0.0074652623385386,-0.7465262338538614,3083.456298828125,3112.66337890625
2021-12-14,3154.0302734375,3163.7783237110075,3113.035976873672,3137.6673609293484,1747007,0.0039201265854458,0.3920126585445826,3086.5243408203123,3110.1476904296874
2021-12-15,3107.5087890625,3153.3334364504094,3096.8901625623257,3150.722340588044,1603233,-0.0147498534705874,-1.4749853470587435,3087.1314208984377,3107.4894873046874
2021-12-16,3117.30029296875,3140.6694726505343,3107.203970979604,3117.648354075334,2072320,0.0031509175261912,0.3150917526191232,3089.7294799804686,3104.278291015625
2021-12-17,3119.69384765625,3178.0083208796227,3110.424330014637,3135.490892346272,4333992,0.0007678293595578,0.0767829359557881,3094.4577514648436,3100.0725244140626
2021-12-20,3095.802490234375,3138.5375147693103,3055.112909309398,3123.741303523864,2312310,-0.0076582378235043,-0.7658237823504388,3098.7443115234373,3095.7781201171874
2021-12-21,3140.5390625,3169.173995034654,3104.0706300032657,3118.214065713996,2340989,0.0144507191291256,1.4450719129125655,3105.0130981445313,3090.9537744140625
2021-12-22,3160.07861328125,3165.344365511799,3138.7546647787667,3154.203647877505,1224328,0.0062217187534983,0.6221718753498306,3113.170556640625,3085.777490234375
2021-12-23,3187.88671875,3194.6756101132755,3159.4258179297617,3175.092392233545,1792861,0.0087998144577408,0.8799814457740807,3122.6052978515627,3085.5017236328126
2021-12-24,3195.0234375,3224.7029749788608,3172.3070339161004,3207.295671470203,2209923,0.0022386989813736,0.2238698981373632,3132.3555297851562,3085.9376806640626
2021-12-27,3216.95703125,3220.351370671129,3179.531326131389,3195.1107788469503,1534135,0.0068649242107476,0.6864924210747692,3140.8024047851563,3086.7714794921876
2021-12-28,3226.052490234375,3242.110687247403,3214.998893611058,3229.0552079698964,1456218,0.0028273486080232,0.282734860802325,3148.5225341796877,3088.4269091796873
2021-12-29,3215.73876953125,3237.715494300175,3207.296268256941,3213.606416952969,1456923,-0.0031970095757417,-0.319700957574176,3153.6098388671876,3089.2546240234374
2021-12-30,3249.72607421875,3255.1658567333443,3202.943944593237,3204.119022612992,1966475,0.0105690502628901,1.0569050262890125,3157.5634521484376,3090.988388671875
2021-12-31,3253.730224609375,3272.573548475662,3247.5941067076774,3257.6033077203024,1207141,0.001232150125634,0.1232150125634046,3161.8238891601563,3093.24263671875
2022-01-03,3322.8369140625,3333.4988883136334,3259.5178424894407,3263.869668714393,2346158,0.0212392191984576,2.123921919845761,3174.067736816406,3098.2080615234377
2022-01-04,3381.152099609375,3384.98162249956,3317.5718625357454,3334.4570793497937,2488606,0.0175498187407514,1.7549818740751455,3187.1341186523437,3104.9255517578126
2022-01-05,3360.43701171875,3368.3138605317376,3318.180732029534,3363.9620338385444,1733031,-0.0061266359159111,-0.6126635915911116,3197.3195678710936,3111.3314453125
2022-01-06,3313.872802734375,3337.851412747996,3283.0183908436607,3317.833007925778,1810293,-0.0138565933008096,-1.3856593300809683,3206.2712890625,3116.9862255859375
2022-01-07,3353.952880859375,3363.874960866469,3304.254934309088,3324.795641594086,2460591,0.0120946338350489,1.209463383504894,3215.701708984375,3123.3181396484374
2022-01-10,3376.88720703125,3462.313484143397,3360.480734609768,3462.313484143397,3937092,0.0068379989184579,0.6837998918457933,3227.4603515625,3131.2941748046874
2022-01-11,3408.263671875,3416.1840817490493,3356.128871139957,3356.128871139957,1906106,0.0092915347537871,0.929153475378719,3240.172021484375,3140.3137744140627
2022-01-12,3359.52294921875,3419.665276673529,3339.200046881566,3416.183815460321,3203744,-0.0143007488119122,-1.4300748811912234,3252.7727294921874,3146.9894677734374
2022-01-13,3392.5966796875,3414.442932824278,3356.9988253640686,3410.091106501536,6684507,0.0098447699178365,0.984476991783656,3266.537548828125,3154.190869140625
2022-01-14,3453.740234375,3461.4430528434973,3359.653866015669,3375.146411994142,3348123,0.0180226417875088,1.8022641787508895,3283.2398681640625,3162.4750048828123
2022-01-17,3498.128662109375,3518.886959817252,3448.648521569268,3475.10754208303,3442604,0.0128522774505672,1.285227745056727,3303.3561767578126,3171.3614306640625
2022-01-18,3473.2802734375,3517.755818179657,3464.0543151392512,3511.010486284599,2389041,-0.0071033375475936,-0.7103337547593624,3319.9932373046877,3179.8535888671877
2022-01-19,3413.16259765625,3498.0416342208123,3409.5443196960337,3498.0416342208123,3102539,-0.0173086163650569,-1.7308616365056984,3332.6474365234376,3187.092041015625
2022-01-20,3336.348388671875,3417.8268980433213,3322.7903848069127,3409.107951874844,6176776,-0.022505288507826,-2.250528850782607,3340.070520019531,3193.166728515625
2022-01-21,3342.408203125,3358.1459444240563,3288.0020610960582,3319.3029944689906,3112358,0.0018163014611125,0.1816301461112557,3347.4397583007812,3199.2947265625
2022-01-24,3288.220458984375,3356.4896498685425,3260.973747148441,3348.0759503995805,3258414,-0.0162121861985504,-1.6212186198550471,3351.0029296875,3203.6801025390623
2022-01-25,3286.955322265625,3321.395158492782,3245.365992989606,3286.6066495763694,3330501,-0.0003847481440282,-0.0384748144028224,3354.0480712890626,3207.5658203125
2022-01-27,3181.76220703125,3255.1320717987264,3160.7060320416385,3253.0396093535915,5718297,-0.0320032081123231,-3.200320811232316,3352.3492431640625,3209.293720703125
2022-01-28,3217.335693359375,3251.9935142882946,3178.9286819330778,3178.9286819330778,3143862,0.0111804352473332,1.1180435247333254,3350.7297241210936,3212.33365234375
2022-01-31,3257.61669921875,3276.5804096792403,3244.668977275617,3268.7333570749,2739393,0.0125199884931235,1.2519988493123524,3350.9240478515626,3216.98341796875
2022-02-01,3313.766357421875,3320.1748683247147,3257.747125465504,3287.042871214332,2105169,0.017236422632715,1.7236422632715076,3350.4705200195312,3223.0573193359373
2022-02-02,3362.200439453125,3369.00126096906,3313.766644280028,3337.525775843539,1984212,0.0146160220145792,1.4616022014579233,3349.5229370117186,3229.9980615234376
2022-02-03,3334.6484375,3385.1310537087656,3327.193695504169,3357.666371624586,1960538,-0.0081946339753635,-0.8194633975363574,3348.233508300781,3236.75244140625
2022-02-04,3326.19140625,3334.7360179114785,3286.171519848865,3326.5402918909444,2307366,-0.0025361088008246,-0.2536108800824665,3348.8494384765627,3243.292431640625
2022-02-07,3294.889892578125,3340.9259728140128,3274.9670146178178,3305.352628410604,1919149,-0.0094106170838691,-0.9410617083869144,3345.8962890625,3249.189853515625
2022-02-08,3263.894287109375,3312.938365711903,3244.3202929778845,3305.832508802573,2946443,-0.0094071748918131,-0.9407174891813196,3340.2466430664062,3253.5073486328124
2022-02-09,3278.8037109375,3293.974593822682,3266.204874886914,3269.605179127238,1638721,0.0045679861284138,0.4567986128413803,3333.773645019531,3257.6504248046876
2022-02-10,3287.348388671875,3304.3066986400545,3276.580403583315,3304.3066986400545,2112459,0.0026060351541847,0.2606035154184782,3330.1649169921875,3261.1175390625
2022-02-11,3221.60693359375,3271.784510768928,3217.291097864715,3271.784510768928,3851488,-0.0199983230571693,-1.999832305716931,3321.6154296875,3262.1366015625
2022-02-14,3255.4365234375,3307.314253104599,3234.729026301473,3246.935550929026,5951745,0.0105008433806703,1.0500843380670366,3311.700244140625,3263.87490234375
2022-02-15,3328.718994140625,3343.7155375509287,3267.860713100621,3300.992705389261,3931683,0.0225107969931308,2.251079699313085,3303.2297607421874,3268.8900830078123
2022-02-16,3324.621826171875,3360.3695095219214,3318.431288543338,3351.56328774582,3256906,-0.0012308542643467,-0.123085426434677,3295.796838378906,3272.9860302734373
2022-02-17,3299.423583984375,3343.715873327904,3294.889774525724,3334.996927113229,3134372,-0.0075792807437934,-0.7579280743793437,3290.1098876953124,3275.83994140625
2022-02-18,3307.880615234375,3327.1059324438424,3276.231013675727,3286.1705263010226,3688883,0.0025631844577491,0.2563184457749168,3288.6864990234376,3279.3007861328124
2022-02-21,3242.925048828125,3337.4385616421955,3230.8494350012497,3321.918793472412,7465922,-0.0196366114626683,-1.9636611462668372,3283.7123413085938,3280.8523974609375
2022-02-22,3126.963134765625,3198.0225543570805,3112.664146521412,3182.415724034496,5408531,-0.0357584317603653,-3.5758431760365306,3275.6494750976562,3280.557373046875
2022-02-23,3107.259033203125,3158.787893178811,3100.1529621726163,3148.412429195075,2426203,-0.0063013539697445,-0.6301353969744516,3266.664660644531,3279.6219482421875
2022-02-24,2965.880615234375,3037.5505321408286,2956.68229614939,3028.9622839273047,5039136,-0.0454993988135613,-4.549939881356135,3255.8705810546876,3276.789384765625
2022-02-25,3069.723388671875,3077.78841497173,3018.499572983606,3023.7309413943226,2549723,0.0350124589992284,3.5012458999228446,3248.4899658203126,3275.8378466796876
2022-02-28,3098.888427734375,3107.215065572524,3013.181127091719,3042.912824650469,3288942,0.0095008687656115,0.9500868765611514,3240.5535522460937,3275.42173828125
2022-03-02,3091.869384765625,3114.36431117706,3056.862896806409,3097.406001398964,2761341,-0.0022650195811927,-0.2265019581192739,3229.458703613281,3275.343076171875
2022-03-03,3090.343505859375,3120.162475048833,3077.8755818754444,3106.4301334512893,1928039,-0.0004935133785949,-0.0493513378594934,3215.865856933594,3274.3391650390627
2022-03-04,3072.863037109375,3104.9922381403285,3040.341313060864,3052.940152453584,2370257,-0.0056564808141413,-0.5656480814141385,3202.7765869140626,3272.594853515625
2022-03-07,3038.465576171875,3093.4822136519515,2991.9501243817053,3008.036538077574,3054130,-0.0111939453604341,-1.1193945360434163,3188.3902954101563,3269.6064306640624
2022-03-08,3138.7783203125,3146.669012528996,3016.75665928244,3016.75665928244,3300992,0.0330142769848351,3.3014276984835167,3180.584716796875,3268.4815283203125
2022-03-09,3167.24462890625,3185.903089495152,3136.2487311522195,3143.1802511302744,2719654,0.0090692319395515,0.906923193955156,3175.752233886719,3267.4872802734376
2022-03-10,3157.087158203125,3212.060163122713,3151.8994271684605,3212.060163122713,2005441,-0.0032070369968968,-0.3207036996896839,3169.66640625,3266.1079736328124
2022-03-11,3138.08056640625,3173.5668605102896,3132.5877986142987,3141.6554207814643,1623423,-0.0060202936581873,-0.6020293658187348,3162.203015136719,3264.5548095703125
2022-03-14,3176.312255859375,3180.97697745026,3121.382892115444,3121.382892115444,1765688,0.0121831446465723,1.218314464657233,3159.93828125,3263.086533203125
2022-03-15,3133.502197265625,3190.2626259339454,3126.091092504641,3190.2626259339454,3651133,-0.0134779124800397,-1.347791248003971,3153.8415649414064,3260.68197265625
2022-03-16,3187.55908203125,3198.109090841097,3152.988549551286,3174.1319916049656,3090475,0.0172512675474734,1.7251267547473417,3146.7835693359375,3257.976416015625
2022-03-17,3202.25146484375,3234.7295445021614,3191.3964177054013,3223.046239918665,3600452,0.0046092895643325,0.4609289564332597,3140.6650512695314,3254.3984033203124
2022-03-21,3162.100341796875,3238.173151385832,3151.8992167802776,3222.5226847081344,2413831,-0.0125384041471066,-1.2538404147106608,3133.7988891601562,3250.431669921875
2022-03-22,3226.838623046875,3235.6012072887484,3160.618263654463,3173.696684055792,2907611,0.0204731900484891,2.047319004848913,3129.746789550781,3248.690986328125
2022-03-23,3236.821533203125,3251.992627455648,3217.291178673667,3232.9852819842704,1596195,0.0030937122436025,0.3093712243602553,3129.441613769531,3246.348359375
2022-03-24,3269.474365234375,3276.7545581252484,3221.6508566813804,3226.010330100435,1879046,0.0100879309212136,1.0087930921213628,3136.567175292969,3244.2001025390623
2022-03-25,3232.50634765625,3295.3264108407147,3201.597719435667,3278.237187540887,1690133,-0.0113070216947471,-1.1307021694747177,3142.829541015625,3240.6849560546875
2022-03-28,3232.723876953125,3237.3449613508205,3192.1807741513976,3221.6508570404744,1760990,6.729431390994911e-05,0.0067294313909949,3156.1717041015627,3238.148974609375
2022-03-29,3230.675048828125,3245.1920101542364,3218.163274981001,3221.4328800422795,2689063,-0.0006337776447925,-0.0633777644792554,3164.219287109375,3234.9105419921875
2022-03-30,3253.518798828125,3259.142477223061,3231.416182436141,3259.142477223061,1583455,0.0070708906512544,0.7070890651254436,3171.9508056640625,3230.90611328125
2022-03-31,3260.842529296875,3273.6593387691028,3243.6226090320506,3260.886166604706,2168110,0.0022510183347912,0.2251018334791243,3180.399462890625,3226.160390625
2022-04-01,3277.234375,3280.9399276687727,3250.4672488832616,3267.8615064848686,1387014,0.0050268743601855,0.5026874360185563,3189.744006347656,3222.23947265625
2022-04-04,3287.348388671875,3295.762087691573,3258.35788882644,3280.067982512089,1472994,0.003086142922529,0.3086142922529067,3200.4682739257814,3219.7231884765624
2022-04-05,3326.104248046875,3344.239702036937,3288.7871089041378,3288.7871089041378,2314947,0.0117893982604799,1.1789398260479975,3214.850207519531,3219.5183056640626
2022-04-06,3274.270263671875,3321.3089461528684,3253.1702389534807,3321.3089461528684,2051729,-0.0155839927162347,-1.5583992716234785,3221.6248046875,3218.155546875
2022-04-07,3212.19091796875,3265.681745359496,3207.700745208273,3265.681745359496,2494829,-0.0189597500218284,-1.895975002182848,3223.872119140625,3216.6349560546873
2022-04-08,3213.499267578125,3230.3705185904314,3175.877088789648,3217.2920954382435,2296773,0.0004073075488932,0.0407307548893287,3226.692724609375,3215.1658349609374
2022-04-11,3222.87158203125,3236.778473211479,3187.734394843684,3217.2915409273724,2291660,0.0029165447609353,0.2916544760935391,3230.932275390625,3215.9880224609374
2022-04-12,3218.250244140625,3260.0139103467973,3180.9767499798,3211.1878127326167,4483476,-0.0014339193396319,-0.1433919339631995,3233.0291748046875,3216.0063134765624
2022-04-13,3192.835205078125,3234.5990948262,3187.255163355914,3232.1141094342306,1621672,-0.0078971606104194,-0.7897160610419451,3235.9958251953126,3214.71068359375
2022-04-18,3076.08837890625,3147.5401125729736,3071.2493203707204,3147.5401125729736,3820792,-0.0365652527215285,-3.656525272152855,3230.4222900390623,3209.9571240234377
2022-04-19,3027.130615234375,3107.039878783788,2998.576068606461,3095.22566501056,3170014,-0.0159155907247641,-1.5915590724764117,3221.6662475585936,3203.2557275390627
2022-04-20,3101.155029296875,3111.922800837386,3034.193475539571,3051.631369077155,2640370,0.0244536571002136,2.4453657100213637,3218.6189819335937,3198.585859375
2022-04-21,3163.801025390625,3177.1846959049176,3110.397468139204,3121.38342791976,2280996,0.0202008591966309,2.020085919663095,3215.4671020507812,3195.3380517578125
2022-04-22,3149.763427734375,3153.64331680634,3113.9721056051544,3122.342380367201,1581465,-0.0044369407379267,-0.4436940737926775,3211.1141967773438,3192.4355224609376
2022-04-25,3093.656982421875,3124.870857781857,3080.49149910498,3102.201593746609,1960694,-0.0178129077309331,-1.7812907730933136,3202.3233276367187,3189.0307763671876
2022-04-26,3092.0,3128.270689253386,3067.456038200025,3117.154032609224,1943469,-0.0005356063814734,-0.053560638147343,3195.2980102539063,3185.2947021484374
2022-04-27,3104.9912109375,3111.3124472027903,3057.1242793987144,3091.7384547198044,1727648,0.0042015559306274,0.4201555930627432,3188.911376953125,3181.64755859375
2022-04-28,3125.13232421875,3142.65728057788,3084.8071929445496,3128.358292147701,1703660,0.0064866893053681,0.648668930536811,3183.634240722656,3179.71806640625
2022-04-29,3092.34912109375,3159.092707941327,3083.761085375679,3136.205470355331,2051115,-0.0104901808064065,-1.0490180806406513,3175.5757568359377,3176.456318359375
2022-05-02,3088.599853515625,3093.4389119139187,3045.3103646568115,3068.9822217914025,1324161,-0.0012124334709008,-0.1212433470900831,3166.963623046875,3171.653935546875
2022-05-04,3033.975830078125,3091.259273972882,3021.376993207293,3085.199647886039,2305825,-0.0176856912608228,-1.768569126082287,3154.8006958007813,3165.841015625
2022-05-05,3063.314697265625,3080.403918216015,3038.8582216741816,3062.181404468486,1612262,0.009670105772314,0.9670105772314086,3143.599011230469,3161.118837890625
2022-05-06,2992.8662109375,3029.398518342552,2985.803777828197,3015.884148783102,2010812,-0.0229974695028912,-2.299746950289128,3126.937109375,3154.8185498046873
2022-05-09,3003.764892578125,3013.2684608532413,2918.101227566889,2962.698561915311,2481830,0.0036415532377609,0.3641553237760941,3113.4118408203126,3150.0353466796873
2022-05-10,2998.228271484375,3020.941173809357,2983.6240334480644,2994.08677114572,1622685,-0.0018432271804728,-0.1843227180472806,3102.7137084960937,3147.4606494140626
2022-05-11,2974.90478515625,3006.6853051327807,2948.878642613765,2994.9583637197297,1841769,-0.0077790895876577,-0.7779089587657717,3090.783984375,3144.813564453125
2022-05-12,2971.98388671875,3007.7752079636566,2920.934620561456,2945.260398386172,2807195,-0.0009818460248119,-0.0981846024811994,3078.239599609375,3144.9356298828125
2022-05-13,2977.433349609375,2999.230718747237,2948.8787960387763,2994.958519542189,2187823,0.0018336111830812,0.1833611183081229,3066.1987548828124,3143.0898291015624
2022-05-16,2944.2138671875,2990.5986195296737,2935.320584419605,2977.5201999107394,1195813,-0.0111570868332731,-1.11570868332731,3053.767687988281,3139.996337890625
2022-05-17,3009.43212890625,3022.859223466472,2921.1962062592934,2938.285429213155,1754076,0.0221513329740039,2.215133297400396,3050.4348754882812,3138.3475927734376
2022-05-18,3006.99072265625,3047.272218421192,3001.97732773324,3021.1153753446147,1866781,-0.000811251473841,-0.081125147384109,3049.427880859375,3136.680537109375
2022-05-19,2844.076904296875,2968.8014850294667,2816.2199109090097,2961.826327355389,4642963,-0.0541783574960496,-5.41783574960496,3036.573974609375,3132.104814453125
2022-05-20,2871.149169921875,2889.3716835160767,2851.139229667737,2885.9713794234453,3065125,0.0095188233426806,0.9518823342680616,3021.9413818359376,3128.758486328125
2022-05-23,2896.21630859375,2911.1692180116047,2848.4800723039907,2881.437735548261,2293690,0.0087306988206945,0.8730698820694549,3009.264025878906,3123.90724609375
2022-05-24,2866.79052734375,2898.9199406322628,2855.9791153671536,2890.4623895266486,1711510,-0.0101600771885327,-1.0160077188532737,2997.920703125,3117.8981640625
2022-05-25,2780.4609375,2890.3576316315725,2768.5234246366185,2890.3576316315725,3548046,-0.0301136720734666,-3.01136720734666,2982.34375,3110.3656396484375
2022-05-26,2832.5126953125,2845.284259373515,2791.7843560328024,2800.956986475671,2813186,0.0187205499313007,1.872054993130079,2968.71982421875,3104.2542822265623
2022-05-27,2862.66455078125,2878.113137542295,2834.488114923966,2855.554544933507,3103153,0.0106449145024656,1.064491450246563,2955.596435546875,3097.981328125
2022-05-30,2962.686279296875,2972.649031269277,2884.652794101805,2894.0009370688977,2094624,0.0349400800342911,3.4940080034291165,2949.1132934570314,3094.565009765625
2022-05-31,2953.11865234375,2969.839960148592,2918.5783982122985,2944.1652479237173,4840965,-0.0032293756581597,-0.3229375658159727,2942.3392333984375,3089.876201171875
2022-06-01,2945.086669921875,2973.877498481216,2931.7885726124696,2973.877498481216,1493835,-0.0027198305816463,-0.2719830581646376,2937.894775390625,3084.7329052734376
2022-06-02,3004.599853515625,3012.499765488059,2937.2750910103164,2944.911629723904,2657939,0.0202076170462339,2.020761704623397,2934.959033203125,3081.5828955078123
2022-06-03,3019.653076171875,3052.262281379866,3011.797096532928,3036.550107803173,1913622,0.0050100590395212,0.5010059039521231,2936.298376464844,3077.4391845703126
2022-06-06,3011.57763671875,3030.932461150583,2964.3536823588743,3000.210585639355,1084210,-0.002674293784557,-0.267429378455708,2936.689013671875,3072.934306640625
2022-06-07,2951.669921875,3000.9567154912565,2945.7889201087964,2985.3324048192408,2308256,-0.0198924690213273,-1.9892469021327357,2934.3610961914064,3066.5782177734377
2022-06-08,2988.052978515625,2996.655145262253,2937.449753818976,2966.986552670218,2185707,0.0123262619478512,1.2326261947851247,2935.018505859375,3061.689150390625
2022-06-09,3008.1982421875,3016.888058060886,2943.243422200155,2971.244130502211,1279197,0.0067419365776715,0.6741936577671526,2936.8292236328125,3057.1986376953123
2022-06-10,2949.21240234375,2978.266606743859,2942.2781213691173,2968.6111594481968,1527582,-0.0196083619146245,-1.960836191462456,2935.418176269531,3051.569384765625
2022-06-13,2826.0615234375,2890.4895994549984,2802.2299971584944,2887.8562958417688,3030921,-0.0417572090800857,-4.175720908008573,2929.5105590820312,3043.0202392578126
2022-06-14,2818.11767578125,2843.0022662978668,2786.64961194576,2800.079503206477,2611493,-0.0028109252365416,-0.2810925236541695,2919.9448364257814,3034.1657421875
2022-06-15,2814.38671875,2838.7008420388174,2809.7345069159724,2825.0954422083905,1404536,-0.0013239181114804,-0.1323918111480471,2910.3146362304688,3024.9087890625
2022-06-16,2757.947021484375,2848.2255448740734,2750.091040842458,2843.9682844078216,2032028,-0.0200539950283351,-2.005399502833516,2906.0081420898437,3014.32076171875
2022-06-17,2711.33740234375,2737.538862021221,2654.238767217844,2714.0585687758285,5240434,-0.0169001140259535,-1.6900114025953594,2898.0175537109376,3002.0254248046876
2022-06-20,2731.964599609375,2755.0938684218168,2693.869560234665,2715.813756717515,1502769,0.0076077574291544,0.7607757429154427,2889.804968261719,2991.1793115234377
2022-06-21,2819.345947265625,2841.9923969951083,2743.375109267297,2747.412926444194,2964461,0.031984802317257,3.198480231725709,2887.4327392578125,2983.322412109375
2022-06-22,2829.001953125,2853.2284323936533,2793.935169090272,2808.769360580185,3336315,0.0034249099046324,0.34249099046324,2889.8597900390623,2975.6324658203125
2022-06-23,2904.358154296875,2912.4335752382617,2829.001702563437,2829.001702563437,3692578,0.0266370269163773,2.663702691637737,2893.4520629882813,2969.262197265625
2022-06-24,2890.577392578125,2936.1334582739805,2876.8841283984966,2930.866851173937,2132118,-0.0047448561735962,-0.4744856173596212,2894.847705078125,2962.708740234375
2022-06-27,2909.536865234375,2951.845230064648,2902.33921218006,2940.5221112364125,2037686,0.0065590607277739,0.6559060727773902,2892.190234375,2957.0427734375
2022-06-28,2912.5654296875,2922.9670648721058,2872.5832738577947,2902.778403463079,1400046,0.0010409094620222,0.1040909462022288,2890.1625732421876,2953.772314453125
2022-06-29,2888.294677734375,2925.599805770756,2871.1782072235646,2871.1782072235646,2133994,-0.0083331181870578,-0.8333118187057842,2887.3229736328126,2950.995595703125
2022-06-30,2867.75537109375,2906.20143071572,2857.134294601676,2872.056347753205,2719603,-0.0071112226875467,-0.7111222687546714,2880.480749511719,2946.3276025390624
2022-07-01,2909.887939453125,2925.599896381452,2854.54464022768,2861.5228509461544,1502879,0.0146918278958032,1.4691827895803256,2874.9924926757812,2941.2493408203127
2022-07-04,2839.622314453125,2912.389167827332,2830.84463784351,2907.16649310436,2622535,-0.0241471927655074,-2.4147192765507475,2866.3947265625,2935.0465185546873
2022-07-05,2823.164794921875,2872.0564215860604,2814.9575797580337,2857.134368050925,2170627,-0.005795671997464,-0.5795671997464003,2859.9694702148436,2929.6366748046876
2022-07-06,2862.181640625,2868.984341756593,2810.832219180068,2825.095947359216,2182144,0.0138202508664411,1.382025086644112,2853.6759033203125,2925.0403076171874
2022-07-07,2885.969482421875,2913.6628902111784,2865.9563300088125,2871.1790065280893,1989921,0.0083110874094212,0.8311087409421214,2847.5644653320314,2920.659873046875
2022-07-08,2866.306640625,2901.0223978064614,2852.745171821785,2896.6335590805816,2136916,-0.0068132535415357,-0.6813253541535724,2843.4191772460936,2915.483359375
2022-07-11,2733.193359375,2830.8010937637823,2726.346727823352,2814.255085372196,6974600,-0.0464406980618704,-4.644069806187046,2838.775769042969,2908.300244140625
2022-07-12,2707.650390625,2752.8554340083,2703.7443666293075,2734.158936312343,3734815,-0.0093454671483034,-0.934546714830342,2833.252404785156,2900.6812548828125
2022-07-13,2667.317626953125,2729.8585996953416,2664.025996808798,2724.591991464418,3863530,-0.0148958535457619,-1.489585354576195,2825.8989501953124,2893.3480908203123
2022-07-14,2639.154541015625,2690.419485413844,2611.211846000286,2689.539400531471,4764908,-0.0105585797705205,-1.0558579770520549,2819.959326171875,2884.8648876953125
2022-07-15,2635.502197265625,2665.688935952516,2598.8905812888142,2656.580186606266,4574806,-0.0013839067372668,-0.1383906737266849,2816.1675659179687,2877.717607421875
2022-07-18,2696.14013671875,2707.977235850919,2652.8400018798093,2660.496697666323,3202795,0.0230081156889332,2.300811568893324,2814.3763427734375,2871.5651123046873
2022-07-19,2705.6005859375,2709.736941355733,2666.7008823385627,2666.7008823385627,1865074,0.003508886311178,0.3508886311178072,2808.689074707031,2865.71255859375
2022-07-20,2785.29248046875,2791.5850009840688,2726.54681875147,2735.1276457438817,3402251,0.0294544194532824,2.945441945328242,2806.5036010742188,2861.9203125
2022-07-21,2796.2939453125,2802.190471485001,2767.031120822275,2787.229027384736,2420640,0.0039498418643266,0.3949841864326675,2801.100390625,2858.406513671875
2022-07-22,2790.748779296875,2813.630983100634,2766.546448350592,2803.069965960437,2075886,-0.0019830411695167,-0.1983041169516752,2796.1089599609377,2854.672822265625
2022-07-25,2787.009033203125,2804.3466638559003,2771.475619682265,2785.4688845307937,1797504,-0.001340051143798,-0.1340051143798093,2789.982568359375,2851.5287255859375
2022-07-26,2742.256591796875,2788.9010938413444,2725.1830298245063,2785.204780048454,2639367,-0.0160575157357188,-1.6057515735718897,2781.4671264648437,2846.18521484375
2022-07-27,2806.458740234375,2811.079185829187,2737.063961878892,2741.464386254903,1389808,0.0234121593980494,2.341215939804941,2777.3753295898437,2842.1745751953126
2022-07-28,2869.516357421875,2872.5966540791287,2817.7232833962703,2830.3525856367887,2106333,0.0224687490621129,2.2468749062112936,2777.46337890625,2842.6833642578126
2022-07-29,2905.951904296875,2919.5053390848148,2882.2777092112715,2895.478981161857,2430257,0.012697452231196,1.2697452231196005,2777.2665771484376,2843.3794189453124
2022-08-01,2903.2236328125,2928.0419799310016,2878.757233650227,2928.0419799310016,1306913,-0.000938856379674,-0.0938856379674057,2780.446643066406,2843.5195654296876
2022-08-02,2897.0634765625,2915.633138775944,2879.3296371550764,2895.479280791604,1269114,-0.0021218331858342,-0.2121833185834254,2784.1415771484376,2844.1250244140624
2022-08-03,2939.043212890625,2947.4040185568806,2884.081959667972,2886.678166875655,2895824,0.0144904440885553,1.4490444088555376,2787.984655761719,2847.296669921875
2022-08-04,2952.639892578125,2981.638638223972,2910.747993021764,2948.2835166234595,2150567,0.0046262265310919,0.4626226531091904,2791.3181762695312,2849.6992138671876
2022-08-05,2961.52978515625,2972.04675691392,2952.684888790702,2958.141372288894,1106933,0.0030108285810508,0.3010828581050839,2796.0793334960936,2851.6765185546874
2022-08-08,2969.8017578125,2973.7180917346627,2935.962544242779,2961.485000412756,1068836,0.0027931418072209,0.27931418072209,2807.9097534179687,2851.818828125
2022-08-10,2952.024658203125,2979.087267799829,2935.083024553156,2979.087267799829,1878359,-0.0059859549758194,-0.5985954975819441,2820.128466796875,2851.7969482421877
2022-08-11,3012.090576171875,3017.547059589707,2970.330590557669,2992.2886658829434,1449248,0.0203473632247068,2.034736322470687,2837.3671142578123,2853.1370263671874
2022-08-12,2993.65283203125,3009.010270550342,2975.787065603493,3009.010270550342,1472354,-0.0061212449208808,-0.6121244920880842,2855.0920288085936,2852.9180859375
2022-08-16,2985.86376953125,3005.357777498168,2981.2873713731783,3001.969364945804,839942,-0.0026018589786561,-0.2601858978656168,2872.610107421875,2852.2422998046877
2022-08-17,2993.256591796875,3008.0858922168222,2966.854046980335,2979.1752345613872,1622326,0.0024759409123296,0.247594091232961,2887.465930175781,2851.87587890625
2022-08-18,2975.78662109375,2985.2475323475046,2958.844989313771,2983.4873628119226,1430659,-0.0058364427396575,-0.5836442739657555,2900.975231933594,2852.358212890625
2022-08-19,2979.7470703125,3011.2101014765467,2966.98584088932,2980.8471762972567,1398410,0.0013308915332426,0.1330891533242617,2910.697961425781,2852.1920947265626
2022-08-22,2952.28857421875,2978.295123607797,2945.995838840667,2961.4854176096087,1536532,-0.0092150425676466,-0.9215042567646604,2918.497692871094,2851.0739013671873
2022-08-23,2890.726318359375,2941.1550002452464,2877.876995674506,2921.8371838740786,1849256,-0.0208523842814606,-2.0852384281460634,2923.4965698242186,2849.9041796875
2022-08-24,2864.984130859375,2911.320509491812,2860.451565234572,2897.239152734898,1691923,-0.008905093275869,-0.890509327586908,2927.3953247070312,2850.6826318359376
2022-08-25,2832.289306640625,2885.0503557407283,2829.2530565751263,2883.158259068392,1946930,-0.0114118692200025,-1.141186922000259,2931.8969604492186,2850.966064453125
2022-08-26,2835.80908203125,2866.436074774527,2831.0567102540363,2846.458193615582,1457962,0.0012427315890266,0.1242731589026657,2933.3644775390626,2851.39451171875
2022-08-29,2756.90966796875,2765.842442693576,2711.5412538067208,2750.264984792601,2539173,-0.0278225408623014,-2.7822540862301404,2927.7341430664064,2851.3737646484374
2022-08-30,2826.084228515625,2839.593616184148,2765.314544774919,2776.667552785057,3431525,0.0250913409860982,2.509134098609822,2923.740759277344,2853.668701171875
2022-09-01,2756.1611328125,2807.4701123209047,2746.744269766001,2807.4701123209047,3546935,-0.0247420423629239,-2.474204236292399,2916.3876342773438,2854.1526318359374
2022-09-02,2755.01708984375,2783.707937331414,2746.1283631926813,2783.707937331414,2052900,-0.0004150856621298,-0.0415085662129888,2909.2853149414063,2852.8660546875
2022-09-05,2757.65771484375,2770.462992067452,2739.044006672377,2749.076887768465,2147912,0.0009584786278584,0.0958478627858472,2900.2160400390626,2851.439169921875
2022-09-06,2752.0693359375,2764.214549676102,2733.8516227618284,2759.506009846509,1936453,-0.0020264947590011,-0.2026494759001185,2890.1875122070314,2848.3933935546875
2022-09-07,2771.9150390625,2782.73990969169,2730.022918646201,2730.022918646201,1291534,0.0072111929978826,0.7211192997882643,2880.7067749023436,2846.020146484375
2022-09-08,2789.560546875,2801.749806630052,2781.1559093890387,2789.868662483827,1346113,0.0063658184193364,0.6365818419336478,2871.694714355469,2843.6206201171876
2022-09-09,2831.804443359375,2845.7538717723155,2788.548366386449,2811.8706108899173,1561185,0.0151435668000461,1.5143566800046138,2865.683703613281,2842.005400390625
2022-09-12,2854.071044921875,2877.7014084575,2838.2735652602178,2851.386743228349,1785928,0.0078630435144331,0.7863043514433121,2857.7827270507814,2841.320927734375
2022-09-13,2842.102294921875,2872.1130614855856,2838.2738396110262,2872.1130614855856,1972678,-0.00419357115209,-0.419357115209007,2850.2052001953125,2840.8078662109374
2022-09-14,2746.216796875,2764.698579511597,2740.4083655364684,2759.066122177662,5090269,-0.0337375252883045,-3.3737525288304537,2838.2228515625,2837.534443359375
2022-09-15,2732.091796875,2761.486548220436,2728.263341401753,2754.665889866932,2138023,-0.0051434395187128,-0.5143439518712878,2825.1646118164062,2835.3838330078124
2022-09-16,2647.91162109375,2723.2910281150525,2640.2549247847733,2707.141382879321,5322221,-0.0308116205603107,-3.0811620560310726,2808.770861816406,2831.87876953125
2022-09-19,2665.60107421875,2677.2181514295744,2629.517594860232,2671.937642255157,2072220,0.0066805300388739,0.6680530038873922,2793.0635620117187,2827.947158203125
2022-09-20,2675.721923828125,2710.61720102937,2666.6570072003938,2684.258703617558,1544295,0.0037968358083519,0.3796835808351995,2779.2352294921875,2823.74220703125
2022-09-21,2641.310791015625,2676.690161452811,2638.626489065098,2664.8971095952425,2253818,-0.0128605041151915,-1.286050411519157,2766.764453125,2819.2422900390625
2022-09-22,2646.766357421875,2666.612308254682,2622.036108918616,2631.4529712273843,2017983,0.0020654768930665,0.2065476893066575,2755.853564453125,2817.51375
2022-09-23,2624.456787109375,2660.0561724828663,2621.772485633237,2643.774604512334,2652374,-0.0084289911914366,-0.8428991191436697,2745.4619384765624,2815.8498779296874
2022-09-26,2635.326171875,2663.00501422092,2575.2165443379304,2604.9194100878144,2925489,0.0041415750562221,0.4141575056222146,2735.43779296875,2815.210048828125
2022-09-27,2655.612060546875,2662.2567443196413,2619.1325854860343,2648.527334337031,2227447,0.0076976766247656,0.7697676624765615,2730.372912597656,2815.53919921875
2022-09-28,2671.62939453125,2684.214650414333,2622.652760305555,2622.652760305555,2739767,0.0060315037058071,0.6031503705807184,2722.6501708984374,2816.2617431640624
2022-09-29,2637.87841796875,2689.407429965768,2631.453755459116,2687.779187014094,2493902,-0.0126331057112888,-1.263310571128884,2716.73603515625,2815.0965087890627
2022-09-30,2644.2587890625,2657.591987636285,2596.338215395767,2632.2016704566418,2817353,0.0024187510122861,0.2418751012286168,2711.1981201171875,2813.8696728515624
2022-10-03,2627.009033203125,2658.472064233224,2617.372147790572,2635.8539282558045,1763331,-0.006523474907496,-0.6523474907496052,2704.6656860351563,2810.70400390625
2022-10-04,2720.47412109375,2726.502788091317,2660.496426210475,2666.612972771875,2145875,0.0355785178921377,3.557851789213773,2703.0859252929686,2809.187607421875
2022-10-06,2729.97900390625,2749.3849167299395,2721.6181983015977,2737.943814323573,1790816,0.0034938332031178,0.3493833203117802,2700.989123535156,2807.9722119140624
2022-10-07,2697.371826171875,2732.663312710145,2691.387421404363,2725.9745822630443,1939879,-0.0119441130088246,-1.1944113008824695,2696.3796875,2806.1794677734374
2022-10-10,2744.58837890625,2752.02505217605,2644.6547111573486,2649.0551349695907,3064063,0.0175046511112206,1.7504651111220682,2692.0188842773437,2806.226103515625
2022-10-11,2701.46435546875,2767.8667110161023,2687.2070246042927,2728.2628948012457,4730645,-0.015712382872759,-1.5712382872759,2684.3885498046875,2804.1262158203126
2022-10-12,2728.922607421875,2736.9752964040767,2694.863372830549,2714.973179114535,1665247,0.0101642103467105,1.0164210346710556,2678.7295654296877,2801.3143408203123
2022-10-13,2731.167724609375,2737.0642509230306,2686.327438455416,2728.923464967713,2054781,0.0008227119308528,0.0822711930852815,2677.9771118164062,2797.8186572265627
2022-10-14,2727.5146484375,2772.267045256709,2702.740347931223,2767.866621375349,2245977,-0.0013375510185473,-0.1337551018547378,2677.748254394531,2794.3044775390626
2022-10-17,2745.69189453125,2760.3831460488755,2710.1326377090127,2711.19142977343,1517005,0.0066643990726733,0.6664399072673355,2682.6372680664062,2791.2770458984373
2022-10-18,2774.765380859375,2784.1626709744187,2760.515312292103,2779.4419453117853,1793722,0.010588765034428,1.0588765034428071,2688.0954833984374,2787.9914892578126
2022-10-19,2754.603759765625,2787.3834440777728,2745.91240201647,2787.3834440777728,1194289,-0.0072660633698354,-0.7266063369835485,2692.0395751953124,2784.0307666015624
2022-10-20,2785.8828125,2788.265147865024,2739.735216493956,2739.735216493956,1587601,0.0113551913314153,1.1355191331415382,2699.268176269531,2780.5178271484374
2022-10-21,2768.32373046875,2788.6180658364588,2759.1472476011204,2786.324052829806,1021913,-0.0063028789123734,-0.6302878912373466,2705.346044921875,2776.4882666015624
2022-10-24,2789.76513671875,2804.1476868183136,2783.853351765821,2797.1771100771816,260949,0.0077452669332027,0.7745266933202766,2713.611462402344,2773.243076171875
2022-10-25,2790.11865234375,2809.66289628552,2780.4566102689723,2806.354036786087,2069643,0.0001267187765547,0.012671877655479,2721.3510864257814,2768.8036376953123
2022-10-27,2785.97119140625,2800.618494654253,2765.632908701152,2788.88303065682,2438421,-0.0014864819221992,-0.1486481922199245,2727.86904296875,2764.6500048828125
2022-10-28,2791.133056640625,2804.58908417995,2775.0299417165147,2779.4417540244904,1355739,0.0018528063930802,0.1852806393080275,2733.8442260742186,2760.755390625
2022-10-31,2817.515380859375,2822.6772870116406,2803.971247418453,2822.6772870116406,1919414,0.0094521915234322,0.945219152343224,2742.82607421875,2757.24056640625
2022-11-01,2876.236572265625,2878.795552389022,2826.6036889900406,2836.3538362553886,2991060,0.0208414803358905,2.0841480335890505,2754.4249633789063,2755.2495654296877
2022-11-02,2860.354736328125,2885.325640459638,2843.0163977761526,2885.325640459638,1405955,-0.0055217418798725,-0.5521741879872533,2766.092248535156,2752.86171875
2022-11-03,2829.515625,2848.309987196131,2819.147866804397,2848.309987196131,1422652,-0.0107815687811203,-1.0781568781120354,2771.544323730469,2750.406259765625
2022-11-04,2838.9130859375,2841.2514758680345,2793.692006783395,2838.560227097683,1464013,0.0033212260269812,0.3321226026981261,2776.9910278320312,2749.3699951171875
2022-11-07,2853.295654296875,2861.325239443402,2819.2365900807545,2849.148593513063,1474498,0.0050662235595089,0.506622355950892,2784.787219238281,2749.1362255859376
2022-11-09,2837.72216796875,2867.501904513535,2825.0160177906464,2867.501904513535,1162267,-0.0054580696201854,-0.5458069620185468,2789.4439086914062,2749.2448828125
2022-11-10,2828.546142578125,2845.6199484369868,2797.089995827984,2797.089995827984,1573092,-0.0032335883668249,-0.3233588366824969,2795.797998046875,2749.0996240234376
2022-11-11,2925.8701171875,2948.502846331555,2872.1343229110385,2884.972741372326,3265394,0.0344077733590257,3.4407773359025784,2805.645373535156,2752.4788330078127
2022-11-14,2943.1201171875,2955.032010931176,2919.737510949914,2932.972948442887,1342074,0.0058956820737421,0.5895682073742137,2816.2429931640627,2754.81955078125
2022-11-15,2940.561767578125,2947.04700361366,2904.737758867368,2930.3262749691767,1400708,-0.0008692644226222,-0.0869264422622251,2826.8953491210937,2758.5075634765626
2022-11-16,2960.63525390625,2971.7087315184385,2930.723034354456,2946.120217692935,1748235,0.0068264120650176,0.6826412065017662,2837.6425170898438,2762.6199267578127
2022-11-17,2955.031982421875,2964.7379698230816,2927.4581545775386,2947.090720002706,1417986,-0.0018925909488451,-0.1892590948845196,2846.6558471679687,2766.567412109375
2022-11-18,2950.135009765625,2967.164649978448,2930.3260137026023,2955.9145275229503,1164540,-0.0016571640122272,-0.1657164012227263,2856.432409667969,2770.5287255859375
2022-11-21,2897.23779296875,2941.5323553991875,2887.972985042399,2931.649936695195,1304194,-0.017930439326259,-1.793043932625904,2862.0001586914063,2773.0351806640624
2022-11-22,2924.987548828125,2928.51699885532,2872.3105502563512,2894.1490222996185,1149739,0.00957800423794,0.9578004237940084,2869.833349609375,2775.743720703125
2022-11-23,2919.11962890625,2938.266850281943,2903.8547159993614,2938.266850281943,1150011,-0.0020061350087544,-0.2006135008754461,2876.30107421875,2777.4900244140626
2022-11-24,2982.517578125,2993.8118614360064,2919.1199604786734,2926.1346994104915,1296591,0.0217181744081191,2.1718174408119184,2885.9210205078125,2780.058955078125
2022-11-25,2990.900146484375,3002.988685816619,2954.149832260228,2985.032521665577,1588981,0.0028105679647476,0.2810567964747656,2896.1674682617186,2783.034912109375
2022-11-28,2995.841552734375,3015.032938868525,2969.635427166336,2970.032447243622,2195437,0.0016521468481014,0.1652146848101443,2906.4028930664062,2788.0274072265624
2022-11-29,2997.69482421875,3025.6215158212262,2985.032834069177,2985.032834069177,1576028,0.0006186146535964,0.0618614653596472,2915.411865234375,2793.3394677734377
2022-11-30,2991.91455078125,3013.1793559501702,2977.973181396093,2985.032080789032,3410702,-0.0019282394561315,-0.1928239456131519,2921.195764160156,2800.2195263671874
2022-12-01,3066.783203125,3070.6215662510285,3017.679815108769,3022.0916277039573,2180856,0.0250236599585373,2.502365995853739,2931.5171875,2808.2431689453124
2022-12-02,3034.576904296875,3060.827188659679,3011.5032111008086,3051.297846000532,2411749,-0.0105016548921056,-1.050165489210564,2941.7702514648436,2815.4202685546875
2022-12-05,3022.885986328125,3034.5772909373013,3006.2094191292977,3029.1508470416434,1475065,-0.0038525693490238,-0.3852569349023893,2950.968896484375,2823.0517724609376
2022-12-06,2987.106201171875,3007.047465925803,2971.797124472303,3000.0768878174986,1166999,-0.0118362999193731,-1.1836299919373183,2957.659423828125,2829.8585693359373
2022-12-07,2982.914794921875,2994.473614579414,2959.4438659290595,2972.0616929376706,1167505,-0.0014031661306034,-0.1403166130603428,2964.919055175781,2837.0277294921875
2022-12-08,2956.400146484375,2982.915186541277,2946.605835144837,2964.7384302353,1285619,-0.0088888386898072,-0.8888838689807277,2971.3117553710936,2843.449208984375
2022-12-09,2905.3994140625,2977.1796968244453,2890.928753775441,2977.1796968244453,1797896,-0.0172509572097413,-1.7250957209741349,2970.288220214844,2848.4449560546873
2022-12-12,2899.840576171875,2908.2671822385046,2855.413747710101,2872.5314962917028,1527610,-0.0019132783822146,-0.1913278382214667,2968.1242431640626,2853.0091796875
2022-12-13,2940.120361328125,2943.958509197416,2883.3844058485947,2891.6785277132994,1378016,0.013890344692474,1.3890344692474077,2968.1021728515625,2859.0540185546874
2022-12-14,2969.458740234375,2979.7381772420185,2947.8848046662138,2954.8555977030205,1213311,0.0099786319268226,0.997863192682269,2968.543347167969,2865.558017578125
2022-12-15,2916.296142578125,2968.9289751611977,2910.869484401753,2963.678961806573,1415694,-0.0179031272386205,-1.790312723862053,2966.606555175781,2871.343759765625
2022-12-16,2859.0751953125,2904.737456359463,2845.7955961171497,2889.7372933102192,2703680,-0.0196211030938165,-1.9621103093816596,2962.053564453125,2874.11578125
2022-12-19,2825.369384765625,2863.70799907164,2818.7075036309825,2847.384289941205,2120965,-0.0117890605333277,-1.178906053332773,2958.4601440429688,2876.0235888671873
2022-12-20,2862.340087890625,2866.796062065357,2791.4863286526675,2822.589610027799,1529971,0.0130852635851248,1.308526358512485,2955.327770996094,2879.3229541015626
2022-12-21,2884.046142578125,2896.840399494086,2858.8546488077627,2866.7959117211176,1432566,0.0075833248394658,0.7583324839465888,2953.5740966796875,2882.112109375
2022-12-22,2876.236572265625,2906.5016446182144,2863.354210925507,2906.5016446182144,1384101,-0.0027078520683857,-0.2707852068385752,2948.260046386719,2885.6075537109373
2022-12-23,2848.5751953125,2882.54615313989,2838.56029430426,2838.56029430426,1360281,-0.0096172120262472,-0.9617212026247212,2941.143798828125,2888.00060546875
2022-12-26,2870.237060546875,2887.09027146601,2845.663392714749,2848.575232221792,870157,0.0076044561751507,0.7604456175150709,2934.86357421875,2890.7819921875
2022-12-27,2876.060302734375,2888.67812840142,2851.3541550195223,2884.619175108632,835883,0.0020288366656342,0.2028836665634248,2928.781848144531,2893.7529052734376
2022-12-28,2873.943115234375,2881.884378094464,2846.501554071851,2867.5018256081944,910795,-0.0007361415537731,-0.0736141553773106,2922.8832763671876,2896.3179296875
2022-12-29,2884.22265625,2886.64915332218,2848.2663814531547,2851.00179159365,1037927,0.0035768074048281,0.357680740482813,2913.7552490234375,2898.5070751953126
2022-12-30,2873.58984375,2910.9138197149614,2864.325037715745,2899.487268690152,1163131,-0.0036865435742137,-0.3686543574213718,2905.7058959960937,2900.886796875
2023-01-02,2877.78125,2882.546136946802,2854.6192334296225,2877.3842299429016,709547,0.0014585958601978,0.1458595860197808,2898.4506591796876,2902.724765625
2023-01-03,2921.81103515625,2929.4433843116235,2863.5309512487165,2869.442736681144,1245178,0.0152999068835582,1.52999068835582,2895.185900878906,2905.79451171875
2023-01-04,2924.722900390625,2935.9290769595705,2899.6197292688294,2917.708161297688,1231668,0.000996596015053,0.0996596015053086,2892.2763061523438,2908.4936669921876
2023-01-05,2921.590576171875,2944.70843071638,2895.869579901462,2938.443570763314,1826057,-0.0010709815341246,-0.1070981534124659,2890.5358276367188,2911.12310546875
2023-01-06,2833.751953125,2913.1645955885083,2823.560620924734,2911.796890328632,2488376,-0.0300653430919703,-3.00653430919704,2886.9534545898437,2912.078720703125
2023-01-09,2929.39990234375,2935.620602249584,2842.2224274885925,2849.149060614339,2885060,0.0337531127638999,3.375311276389992,2888.4314208984374,2914.8440576171874
2023-01-10,2899.796142578125,2910.0316341301827,2850.119304301601,2898.5609212000154,3864655,-0.0101057420470109,-1.010574204701098,2886.4152099609373,2916.4896728515623
2023-01-11,2937.119873046875,2955.4730552710416,2886.3398704670703,2903.0608113950348,2720512,0.0128711566722641,1.2871156672264128,2884.7982666015623,2917.7073388671874
2023-01-12,2942.10546875,2955.914355616233,2925.5170107746744,2937.384743237744,2250391,0.0016974437267189,0.1697443726718983,2886.088732910156,2919.342353515625
2023-01-13,2977.575927734375,2981.502397129478,2916.2075828685784,2949.649029950219,1742837,0.0120561480073129,1.2056148007312917,2892.01376953125,2922.3035595703127
2023-01-16,3008.710205078125,3025.8110015993384,2976.2231200624447,2993.323916583658,1843607,0.0104562496807394,1.0456249680739438,2901.180810546875,2925.699501953125
2023-01-17,3048.732177734375,3051.8005344403805,2996.933416683974,3005.0551874608955,1688475,0.0133020363970914,1.3302036397091488,2910.5004150390623,2929.608232421875
2023-01-18,3059.2001953125,3076.3009900989787,3043.182259186601,3050.1760059457965,2421189,0.0034335641728635,0.3433564172863557,2919.2581176757812,2934.03779296875
2023-01-19,3043.949462890625,3056.4929982286035,3033.030105416692,3050.1760655484736,1585044,-0.0049852024869909,-0.4985202486990969,2927.643762207031,2938.345859375
2023-01-20,3034.925048828125,3063.3961884764685,3028.1569071715403,3036.639556587615,1529349,-0.0029647056143731,-0.296470561437312,2936.9612548828127,2940.5269580078125
2023-01-23,3081.669921875,3085.3699271417267,3028.156662422473,3057.3949438889063,1067916,0.0154023154756077,1.5402315475607775,2947.5328979492188,2943.2979541015625
2023-01-24,3100.982177734375,3115.104945700404,3083.836218260596,3090.784799878651,1387863,0.0062668151842897,0.6266815184289731,2958.7789916992188,2946.5063623046876
2023-01-25,3095.0712890625,3099.8089883897333,3072.736420805544,3091.055568934269,874110,-0.0019061343577903,-0.1906134357790301,2969.835400390625,2949.1950830078126
2023-01-27,3078.196044921875,3109.735541536543,3052.25150144562,3091.6871634661047,1785879,-0.005452295784029,-0.545229578402906,2979.534069824219,2951.6583642578125
2023-01-30,3098.591064453125,3120.971100823279,3055.1848405969054,3086.27313262084,1953798,0.006625640223564,0.6625640223564044,2990.784130859375,2954.6274853515624
2023-01-31,3030.95458984375,3112.4430679566062,3024.0060077479234,3112.4430679566062,2820375,-0.0218281384030623,-2.1828138403062303,2998.4427978515623,2957.3018212890624
2023-02-01,3075.759765625,3085.3704394695874,3027.615625744506,3034.834977460141,2205161,0.0147825295474188,1.4782529547418877,3006.140234375,2960.317265625
2023-02-02,3122.72998046875,3130.490870407494,3086.362678464304,3092.5892801632986,1813847,0.0152710934607747,1.527109346077471,3016.0405883789062,2964.38947265625
2023-02-03,3142.493408203125,3162.0758544483574,3115.9621601108056,3162.0758544483574,1804469,0.0063288942233195,0.6328894223319503,3027.085729980469,2967.5889892578125
2023-02-06,3122.324951171875,3134.2368393436204,3101.479201950612,3134.2368393436204,1138714,-0.006417979104937,-0.6417979104937022,3041.5143798828126,2970.2174853515626
2023-02-07,3133.695068359375,3152.149492409252,3123.632964557196,3130.4011068970385,1455647,0.0036415547277461,0.3641554727746188,3051.729138183594,2972.9745556640623
2023-02-08,3176.605224609375,3194.472944637688,3138.658461421749,3138.658461421749,1986946,0.0136931498802355,1.3693149880235511,3065.5695922851564,2976.552763671875
2023-02-09,3195.330322265625,3201.421650359285,3163.249283575588,3172.0027035874955,1655427,0.0058946883015822,0.589468830158224,3078.480114746094,2980.6210791015624
2023-02-10,3192.35205078125,3196.68370560134,3165.820802706398,3176.514554888765,1187821,-0.0009320699846341,-0.0932069984634131,3090.9924438476564,2983.1324560546873
2023-02-13,3142.583984375,3202.6851807113194,3134.462212995343,3202.6851807113194,1087939,-0.0155897800789454,-1.5589780078945403,3099.2428466796873,2985.29259765625
2023-02-14,3158.556884765625,3180.891755402696,3153.954459659008,3162.9786498154,1579818,0.0050827282484868,0.5082728248486879,3106.7351806640627,2988.006015625
2023-02-15,3177.101318359375,3181.929348066534,3122.504969647513,3146.7350075745903,1429449,0.0058711729027878,0.5871172902787825,3113.1536376953127,2991.80591796875
2023-02-16,3210.851806640625,3226.147763863208,3182.831654026723,3183.012093754283,1618931,0.0106230443726227,1.0623044372622736,3120.736218261719,2996.364658203125
2023-02-17,3159.504150390625,3193.570467173406,3149.442266805479,3182.0646250812088,1061369,-0.0159919109763345,-1.599191097633457,3126.513952636719,3000.42673828125
2023-02-20,3147.005615234375,3178.319508405955,3135.950983213372,3160.271129596154,1296082,-0.0039558533748735,-0.3955853374873586,3132.1179809570312,3005.2588623046877
2023-02-21,3114.248046875,3166.498020154709,3108.607927983963,3153.0520648453344,1139541,-0.0104091229455703,-1.0409122945570393,3133.7468872070312,3009.54701171875
2023-02-22,3069.623291015625,3110.6381891326687,3063.712402699568,3081.715617084995,1218430,-0.01432922335912,-1.4329223359120014,3132.1789428710936,3012.1370703125
2023-02-23,3080.677490234375,3115.510725383209,3075.443416881661,3087.174861840423,1441570,0.0036011582434574,0.3601158243457414,3131.4592529296874,3014.3614453125
2023-02-24,3068.630859375,3098.861897992003,3052.2520415048884,3088.529243781861,977592,-0.0039103836404694,-0.3910383640469472,3130.980993652344,3017.4081396484376
2023-02-27,3006.724609375,3059.200182190444,2992.421181163278,3059.200182190444,1128022,-0.0201738993176288,-2.0173899317628807,3126.3876708984376,3020.3611279296874
2023-02-28,2989.57861328125,3061.004982816527,2977.8921119899733,3003.701381280899,4116217,-0.0057025495585091,-0.5702549558509129,3124.3188720703124,3023.6453125
2023-03-01,3055.3203125,3058.298339602881,2991.5193259910147,2998.73867881392,1669307,0.0219902895099299,2.1990289509929983,3123.2968994140624,3027.5049169921876
2023-03-02,2997.339111328125,3041.061261510807,2994.2258102904307,3033.029821695641,1556538,-0.0189771268611873,-1.8977126861187357,3117.0273559570314,3029.7707763671874
2023-03-03,3016.01953125,3030.3229603301693,3006.047977690829,3026.713284379806,1043190,0.0062323344900396,0.6232334490039682,3110.703662109375,3032.566435546875
2023-03-06,3042.821533203125,3072.6914693231265,3031.22536115521,3033.8422880766893,1334132,0.0088865478739179,0.888654787391796,3106.7284912109376,3036.4513623046873
2023-03-08,3059.561279296875,3064.614913806922,3005.8224042793245,3035.7375059029696,1844590,0.0055013893884627,0.5501389388462785,3103.0218017578127,3040.2378466796877
2023-03-09,3011.237060546875,3054.6884491786423,3005.82254630904,3054.6884491786423,1648500,-0.0157944928500027,-1.5794492850002784,3094.7533935546876,3042.9413818359376
2023-03-10,3005.957763671875,3011.5978825619827,2968.9585837527675,2989.623891239265,1024404,-0.0017531986917168,-0.1753198691716861,3085.284765625,3045.5816748046873
2023-03-13,2961.694091796875,3040.97169171865,2952.7150665107374,3007.762627347276,1901233,-0.014725313978108,-1.4725313978108057,3073.7518676757813,3047.131103515625
2023-03-14,2901.231689453125,2981.9530185255367,2896.223220337673,2959.934084802029,2670334,-0.0204148033084223,-2.041480330842238,3061.6842529296873,3047.6839404296875
2023-03-15,2886.74755859375,2942.201372938956,2880.5209566826484,2932.861249755203,1780522,-0.004992407504726,-0.4992407504726071,3048.093786621094,3047.8632666015624
2023-03-16,2874.2041015625,2905.608322308614,2862.47265625,2894.959735576924,1901060,-0.0043451866769259,-0.434518667692596,3032.94892578125,3046.9111279296876
2023-03-17,2869.060546875,2907.0522516200167,2837.205114597425,2843.0708376396906,6739966,-0.0017895579109026,-0.1789557910902628,3015.8593627929686,3045.797880859375
2023-03-20,2836.57373046875,2860.3523392948427,2793.0320130478685,2860.3523392948427,2289468,-0.0113231546966252,-1.132315469662526,2999.712841796875,3044.0975439453123
2023-03-21,2803.003662109375,2848.711094996725,2795.197605797223,2836.5736038648693,1815297,-0.0118347244066973,-1.1834724406697306,2982.512744140625,3043.482578125
2023-03-22,2825.293701171875,2836.7543794303024,2803.0039939479107,2824.6168868615287,1123939,0.0079521976242178,0.7952197624217838,2968.0650268554687,3041.4004541015624
2023-03-23,2819.743408203125,2839.326076534462,2798.4012872223343,2810.944823053039,1372218,-0.0019645012362601,-0.196450123626013,2955.5710327148436,3039.7993994140625
2023-03-24,2815.99853515625,2860.668276380488,2802.9134594441,2841.6271470449155,1329577,-0.0013280900084668,-0.1328090008466897,2942.3370849609373,3037.37697265625
2023-03-27,2817.623046875,2845.1016629132937,2802.913572280926,2829.0837247587583,1524217,0.0005768865638489,0.057688656384891,2929.7866943359377,3034.88732421875
2023-03-28,2811.847412109375,2842.21394514146,2806.6585026044622,2821.864351628328,1303530,-0.0020498252142104,-0.2049825214210487,2920.042834472656,3031.57275390625
2023-03-29,2832.6025390625,2842.619476774167,2801.1985382394446,2823.6686802623394,1740616,0.0073813133898168,0.7381313389816846,2912.1940307617188,3028.0506005859374
2023-03-31,2893.064208984375,2899.471470294865,2844.423926040901,2878.6706738535167,2382581,0.021344918352677,2.1344918352677045,2904.0812255859373,3024.9372412109374
2023-04-03,2887.740234375,2910.2555399514736,2864.0517402648925,2910.2555399514736,1521830,-0.0018402545622187,-0.1840254562218701,2898.601281738281,3021.5080419921874
2023-04-05,2923.656982421875,2945.8114118907883,2874.6555889687143,2874.6555889687143,2655065,0.0124376658327263,1.243766583272632,2893.983154296875,3019.1021923828125
2023-04-06,2906.421142578125,2939.4949346840967,2901.277397787005,2910.301588759904,1703464,-0.0058953016538459,-0.5895301653845997,2887.163134765625,3016.5321142578123
2023-04-10,2944.9541015625,2952.7149931554736,2901.277109717252,2905.7892047556925,2203187,0.0132578718272722,1.3257871827272227,2881.4327758789063,3013.7977978515623
2023-04-11,2900.194091796875,2953.572085045166,2880.656589162442,2945.495479433064,2348779,-0.0151988819594426,-1.5198881959442634,2875.8806274414064,3009.7820361328127
2023-04-12,2925.32666015625,2942.7433920921726,2886.838575342086,2912.9635630873936,2417727,0.0086658228945648,0.8665822894564856,2871.849072265625,3006.3871435546876
2023-04-13,2877.678955078125,2914.813409301973,2869.6924586935834,2896.765029058617,4174070,-0.0162879946800813,-1.6287994680081352,2867.6483154296875,3002.3768017578127
2023-04-17,2833.14404296875,2854.711765839504,2770.6515362079326,2828.2710691965544,5505048,-0.0154759835285954,-1.5475983528595472,2864.243933105469,2997.067861328125
2023-04-18,2825.247802734375,2848.801022746983,2807.064151110326,2847.0862947489463,2617302,-0.0027870945192397,-0.2787094519239752,2861.1689453125,2992.9537255859377
2023-04-19,2788.1142578125,2833.596094255852,2771.780383282436,2825.248717226595,3298034,-0.0131434647558829,-1.3143464755882903,2856.864453125,2987.2008154296873
2023-04-20,2801.830322265625,2809.230113386837,2777.6454510133904,2788.474478112857,2419999,0.0049194771751881,0.4919477175188147,2853.5029418945314,2980.782822265625
2023-04-21,2852.4111328125,2855.6597089636048,2798.220828776796,2806.523039363576,1929184,0.0180527743400158,1.805277434001584,2854.294812011719,2974.9811767578126
2023-04-24,2865.0,2870.5497889454005,2821.097181701511,2843.612712906917,1640676,0.0044134125837207,0.4413412583720744,2857.39462890625,2969.834677734375
2023-04-25,2866.0830078125,2879.7997338116465,2840.3640639451646,2872.3999413939505,2024090,0.0003780131980801,0.0378013198080173,2859.4340942382814,2964.4824365234376
2023-04-26,2886.0712890625,2895.3210839802464,2870.5948910586885,2870.5948910586885,2000029,0.0069740761853425,0.6974076185342515,2862.75048828125,2958.6717578125
2023-04-27,2876.866455078125,2887.018668292053,2861.254563139059,2874.20436323212,2434446,-0.0031893993815257,-0.3189399381525737,2865.7938842773438,2952.30248046875
2023-04-28,2905.11181640625,2912.3311670411026,2884.356183331048,2888.101133346039,2931312,0.0098180995778471,0.9818099577847184,2870.168322753906,2946.55767578125
2023-05-02,2905.247802734375,2919.325628047492,2896.765151787465,2919.325628047492,2321159,4.6809326703645127e-05,0.0046809326703645,2874.838342285156,2941.8109521484375
2023-05-03,2869.602294921875,2902.1797112754293,2863.5109662368286,2902.1797112754293,2468285,-0.0122693519564668,-1.2269351956466834,2876.688330078125,2936.0318603515625
2023-05-04,2906.421142578125,2909.805214192962,2867.887891187279,2869.828004119587,1953253,0.0128306447626578,1.2830644762657828,2877.3561767578126,2930.6182568359377
2023-05-05,2915.44482421875,2927.447040179334,2896.809961242115,2905.788985628069,1710027,0.0031047398838492,0.3104739883849294,2878.74140625,2924.7101171875
2023-05-08,2933.40283203125,2937.2381121830967,2915.986103984148,2928.349198292563,928235,0.0061596116185502,0.6159611618550276,2879.2286987304688,2920.1880908203125
2023-05-09,2962.8671875,2976.177867775832,2929.2520796847634,2935.208133223178,1107375,0.010044428657058,1.004442865705801,2882.0510009765626,2916.505322265625
2023-05-10,2966.070556640625,2983.848165339088,2947.345364010718,2968.9582531273554,1559987,0.0010811720330021,0.1081172033002175,2883.106823730469,2913.5417724609374
2023-05-11,2961.874267578125,2986.7359537053417,2952.714803365684,2986.1043045039883,1719623,-0.0014147637361845,-0.1414763736184543,2886.1908325195313,2911.3867919921877
2023-05-12,2954.7900390625,2968.9579707256435,2941.8854056430387,2959.166638227262,1027479,-0.0023918059565093,-0.239180595650934,2887.6640014648438,2908.86904296875
2023-05-15,2937.419189453125,2970.7635294766205,2931.3730258472074,2963.5441770356083,1150390,-0.0058788778152529,-0.5878877815252981,2890.651013183594,2906.2448095703126
2023-05-16,2940.216796875,2964.446838614286,2933.268213645488,2938.4571236369734,986306,0.0009524031952674,0.0952403195267459,2896.0046508789064,2904.9146533203125
2023-05-17,2895.592041015625,2959.934565107148,2886.161805748151,2938.231342296513,1588815,-0.0151773692017556,-1.5177369201755608,2899.521862792969,2903.034921875
2023-05-18,2887.60546875,2913.865728945654,2883.228648558824,2911.1584719986504,1369364,-0.0027581828353222,-0.2758182835322254,2904.4964233398437,2899.680625
2023-05-19,2908.36083984375,2918.873931901369,2890.492901561237,2896.7646688524947,1152449,0.0071877447658161,0.7187744765816184,2909.82294921875,2897.9010595703126
2023-05-22,2976.80908203125,2985.607666012644,2903.1266694318583,2914.812949733468,1333243,0.0235349896236318,2.3534989623631875,2916.0428466796875,2897.1168505859373
2023-05-23,2975.3203125,3003.204968703597,2969.0485451363493,2983.396917684391,1687418,-0.0005001226112337,-0.0500122611233777,2921.5588623046874,2895.766826171875
2023-05-24,2981.005615234375,2993.5039850346407,2956.324369747154,2956.324369747154,1016555,0.001910820394863,0.1910820394863011,2927.3049926757812,2894.195712890625
2023-05-25,2972.11669921875,2983.396935666369,2948.2929279682253,2972.567908676655,1374917,-0.0029818514833378,-0.2981851483337849,2931.6072631835937,2893.4133056640626
2023-05-26,3004.062744140625,3012.8613300442594,2969.861149626693,2972.117197294292,1791115,0.0107485836374703,1.0748583637470333,2937.967077636719,2893.3754052734375
2023-05-29,2996.34716796875,3042.95702357488,2988.811880806644,3032.8499743215725,1210372,-0.0025683804996829,-0.2568380499682998,2942.528845214844,2894.068466796875
2023-05-30,2992.60205078125,3002.3030557024185,2979.2012598943925,2991.5191919697595,1344224,-0.0012498942804544,-0.1249894280454411,2946.8965576171877,2895.8958740234375
2023-05-31,2968.50732421875,3002.9796862307608,2946.5333332663195,2986.104494859353,5815424,-0.0080514302114474,-0.8051430211447497,2951.8418090820314,2897.5310693359374
2023-06-01,2999.640380859375,3014.079083053644,2975.7262803501167,2990.616191987957,1177314,0.0104877816492565,1.048778164925657,2956.5027709960937,2900.039794921875
2023-06-02,2983.036376953125,3010.379496788302,2975.681529808237,3001.671241441304,2030661,-0.005535331505803,-0.5535331505803098,2959.8823486328124,2902.3193115234376
2023-06-05,2967.96533203125,3002.3475790890493,2964.491151573636,2991.518552654102,1861468,-0.005052249794308,-0.5052249794308072,2961.6104736328125,2904.9471435546875
2023-06-06,2916.888671875,2967.920505036819,2906.3304147456515,2959.934009597492,2022849,-0.0172093183181805,-1.720931831818051,2959.3115478515624,2907.22484375
2023-06-07,2955.331298828125,2958.896029412764,2924.739389025935,2935.56841484152,1567196,0.0131793260825459,1.3179326082545906,2958.7745849609373,2909.825595703125
2023-06-08,2920.634033203125,2950.910235802077,2917.520731604928,2942.788464510879,1759366,-0.0117405671705093,-1.1740567170509308,2956.7125732421873,2911.843408203125
2023-06-09,2896.13330078125,2932.8617095107734,2892.568789843888,2928.3496145730646,1775689,-0.008388840280343,-0.8388840280343035,2953.779736328125,2913.446103515625
2023-06-12,2930.06396484375,2936.832106886092,2897.667213061257,2901.2768888171727,2324605,0.0117158502522474,1.1715850252247415,2953.411975097656,2915.694921875
2023-06-13,2927.17626953125,2946.3978370029945,2922.9349445796934,2941.885742306206,1371928,-0.0009855400247734,-0.0985540024773468,2952.7599487304688,2918.0014990234376
2023-06-14,2933.80908203125,2938.140736922636,2911.068169247874,2927.176214824085,1658544,0.0022659422901998,0.2265942290199829,2954.67080078125,2920.0256298828126
2023-06-15,2924.03564453125,2952.354962814374,2918.3080796100494,2950.400421574456,2273810,-0.0033313133972688,-0.3331313397268887,2956.4923095703125,2920.64505859375
2023-06-16,2886.39794921875,2908.6716434866084,2869.2154738515223,2906.489819361,4156189,-0.0128718319090579,-1.287183190905794,2955.3941650390625,2920.618212890625
2023-06-19,2918.67138671875,2922.762472452538,2886.488267728523,2900.1252201744846,1468186,0.0111812155038204,1.1181215503820452,2952.4872802734376,2920.5185009765623
2023-06-20,2934.3994140625,2938.763283282626,2910.171183742042,2921.9443750875053,1528452,0.0053887626456747,0.5388762645674783,2950.4412353515627,2921.07806640625
2023-06-21,2962.1279296875,2965.0371018935944,2930.990220795414,2954.6731065482545,1645987,0.0094494687710597,0.9449468771059788,2949.497351074219,2921.42154296875
2023-06-22,2944.21875,2970.7198119240816,2936.5821435529915,2963.7650532654006,1529603,-0.0060460520654789,-0.6046052065478924,2948.1024536132813,2922.3020361328126
2023-06-23,2924.08154296875,2954.128124015964,2917.535626765662,2943.1277797551047,1119505,-0.0068395757045056,-0.6839575704505663,2944.1033935546875,2922.2771337890626
2023-06-26,2899.807373046875,2921.853782825176,2884.6704423318647,2913.76261193622,1978803,-0.0083014681927201,-0.8301468192720152,2939.276403808594,2922.7197021484376
2023-06-27,2906.807861328125,2917.989986483776,2893.125405885089,2911.035228452272,863542,0.002414121829718,0.2414121829718007,2934.9866943359375,2924.192978515625
2023-06-28,2923.26318359375,2937.354704231224,2903.2168146828576,2916.4902067752564,1575872,0.0056609597368113,0.5660959736811355,2932.7244873046875,2926.1532861328124
2023-06-30,3002.176025390625,3009.2217863707983,2922.0362650887305,2927.4000459558824,2672406,0.0269947783831978,2.699477838319786,2932.85126953125,2930.434521484375
2023-07-03,2974.94775390625,3017.222321791973,2971.720296267923,3013.1312345772258,1687264,-0.0090695119986617,-0.9069511998661794,2932.4468383789062,2933.8968701171875
2023-07-04,3008.176025390625,3013.7670882199945,2979.4929186666623,2991.0388296361334,1656681,0.0111693630386431,1.1169363038643132,2934.457373046875,2937.01216796875
2023-07-05,3018.267578125,3026.495253047851,3004.676122356007,3018.31307903841,1453008,0.0033547081850253,0.3354708185025368,2939.526318359375,2940.07751953125
2023-07-06,3020.948974609375,3025.9946921480014,3001.948240187536,3006.084827429316,1848238,0.0008883892547528,0.0888389254752874,2942.8072021484377,2943.1748388671876
2023-07-07,3026.72265625,3051.860025287149,3001.948850623264,3001.948850623264,1789326,0.0019112145518351,0.1911214551835183,2948.1116333007812,2945.9878662109377
2023-07-10,2974.629150390625,3022.6312796193856,2968.492520226724,3022.6312796193856,1407431,-0.0172111923607553,-1.72111923607553,2952.03642578125,2947.9431201171874
2023-07-11,2975.0380859375,2995.58452074979,2964.4923069892843,2995.58452074979,1110172,0.0001374744636053,0.0137474463605347,2954.2851318359376,2949.3416455078127
2023-07-12,2963.674072265625,2990.266136197233,2954.764772000077,2982.811311383607,1515240,-0.0038197876274561,-0.3819787627456161,2956.1100219726563,2950.5101708984375
2023-07-13,3036.995361328125,3061.4508783669453,2975.356280703942,2985.583996893055,4585146,0.0247399974743001,2.4739997474300117,2961.2693359375,2953.8580322265625
2023-07-14,3195.275390625,3204.548699195468,3047.405405082493,3059.224101462586,6306101,0.0521173101916285,5.211731019162857,2974.8313232421874,2959.6351171875
2023-07-17,3174.41064453125,3227.3219906075915,3161.0919726546085,3191.047775615765,2743228,-0.0065298741244549,-0.6529874124454937,2989.2319580078124,2964.81443359375
2023-07-18,3179.0927734375,3203.775575367843,3150.1368810015824,3160.1373155444444,2600090,0.0014749600573309,0.1474960057330943,3002.25302734375,2969.728232421875
2023-07-19,3154.728271484375,3197.275622406531,3132.545354564023,3181.956685012128,2405370,-0.0076639795342556,-0.7663979534255683,3013.2694702148438,2973.5654541015624
2023-07-20,3156.77880859375,3170.9979886535184,3131.940584552698,3147.4816096060504,1715404,0.0006499885038941,0.0649988503894194,3023.0020141601562,2977.379619140625
2023-07-21,3070.186767578125,3130.8921637786366,3061.7554440058743,3102.772693816824,3770223,-0.0274305063059515,-2.7430506305951563,3029.3004150390625,2979.545869140625
2023-07-24,3094.296142578125,3111.341046261028,3073.6508799072253,3081.7630924388072,1680132,0.0078527388804487,0.7852738880448795,3037.811145019531,2982.3359912109377
2023-07-25,3098.306640625,3105.2797075197404,3081.033863241791,3096.8027636160755,1272980,0.0012960938003605,0.1296093800360553,3047.7361083984374,2985.553740234375
2023-07-26,3088.416748046875,3118.0859374639376,3085.408771798231,3099.400300884362,1066803,-0.0031920315595779,-0.3192031559577923,3056.816552734375,2988.5177392578125
2023-07-27,3096.255126953125,3109.699668869432,3085.454052221402,3094.477757443632,1701769,0.0025379926174817,0.2537992617481777,3065.4661499023437,2992.5310009765626
2023-07-28,3058.42822265625,3093.338502704607,3036.1878482954903,3085.4085459262187,2599831,-0.0122169855990189,-1.221698559901896,3068.278759765625,2995.9474560546873
2023-07-31,3118.6328125,3123.3725393934046,3063.441776018759,3066.63200676874,2743678,0.0196848137215599,1.9684813721559944,3075.4630126953125,3000.1528955078124
2023-08-01,3146.5244140625,3153.770750326194,3112.753500683223,3112.753500683223,1956167,0.0089435349524655,0.8943534952465582,3082.3804321289062,3003.5472021484375
2023-08-02,3136.133544921875,3141.374638434765,3111.477796074465,3130.9380706417523,1914899,-0.0033023322794464,-0.3302332279446429,3088.27373046875,3006.763466796875
2023-08-03,3099.03564453125,3129.3884555329005,3069.913440103345,3117.3111535491207,2026351,-0.0118291838849449,-1.1829183884944916,3092.1780639648437,3009.1240673828124
2023-08-04,3138.777099609375,3163.7975804799803,3100.2208356691253,3100.2208356691253,2248493,0.0128238134815439,1.2823813481543933,3097.7807861328124,3012.457275390625
2023-08-07,3175.6923828125,3179.292741496562,3136.680374620139,3148.2563099923013,1853889,0.0117610400584735,1.176104005847356,3107.833947753906,3015.8898681640626
2023-08-08,3163.4326171875,3181.06990066204,3150.67169533121,3175.6921726071587,1634225,-0.0038605016315031,-0.3860501631503199,3117.2536743164064,3019.2315771484373
2023-08-09,3156.04931640625,3160.1510411495938,3121.913896104317,3158.2368139229097,1794589,-0.0023339522837108,-0.2333952283710805,3126.8724365234375,3022.5005224609376
2023-08-10,3137.455078125,3158.236973179639,3126.471525696296,3144.655795135516,1096701,-0.0058916184181884,-0.5891618418188416,3131.8954223632813,3025.8794775390625
2023-08-11,3143.5625,3159.832544464097,3111.842444634241,3133.809552661935,1679974,0.0019466165165462,0.1946616516546262,3129.309777832031,3028.757919921875
2023-08-14,3144.51904296875,3149.213150112812,3109.107396536846,3136.1787356940604,1190425,0.0003042862894406,0.030428628944068,3127.8151977539064,3031.9875732421874
2023-08-16,3152.312744140625,3159.240191912721,3131.166114540913,3144.656278735975,1328445,0.0024785034103393,0.2478503410339394,3126.4761962890625,3035.674521484375
2023-08-17,3131.666748046875,3154.4997262763704,3111.112505717872,3149.2130144806674,1843241,-0.0065494758196583,-0.6549475819658368,3125.3231201171875,3039.9700830078127
2023-08-18,3069.092529296875,3108.195545534027,3059.430600758053,3108.195545534027,2526749,-0.0199811230837462,-1.9981123083746224,3120.9388061523437,3042.2453076171873
2023-08-21,3100.5849609375,3107.968154886351,3073.559239908139,3076.293723217665,1375579,0.0102611541815715,1.0261154181571586,3122.4587158203126,3045.844326171875
2023-08-22,3082.81103515625,3109.107740502868,3067.2246127209246,3099.0813009996327,1222012,-0.0057324427503756,-0.5732442750375655,3121.8844604492188,3049.577880859375
2023-08-23,3097.48583984375,3100.9039438382806,3077.205089476201,3088.143022258699,1330046,0.0047602024646171,0.4760202464617169,3121.8434204101563,3052.926318359375
2023-08-24,3087.915283203125,3110.9761369975763,3079.1194508870794,3106.3730455778173,1152881,-0.003089782209015,-0.3089782209015013,3121.8183471679686,3056.1410986328124
2023-08-25,3082.0361328125,3086.137857710432,3053.734186510207,3076.293673448832,1158046,-0.0019039221777245,-0.1903922177724504,3121.1073974609376,3059.1056396484373
2023-08-28,3076.795166015625,3093.6121942799687,3062.712621128665,3093.6121942799687,1037485,-0.0017004884339536,-0.170048843395365,3122.025744628906,3062.160830078125
2023-08-29,3077.341796875,3089.555955621917,3067.1787231057706,3081.8082530524075,944517,0.000177662414909,0.0177662414909018,3119.9611938476564,3065.97970703125
2023-08-30,3090.831787109375,3106.4640490627457,3083.631070604938,3097.25786691958,1188200,0.0043836502815755,0.4383650281575502,3117.1765625,3069.4229150390624
2023-08-31,3059.705078125,3114.9415166492786,3047.718790770656,3099.9930944161924,3417652,-0.0100706577155676,-1.00706577155677,3113.3551391601563,3071.9290283203127
2023-09-01,3080.1220703125,3089.054760630272,3059.704683185733,3068.090387808054,1277950,0.0066728627976169,0.6672862797616919,3112.409460449219,3074.2889111328127
2023-09-04,3115.94384765625,3129.023882322115,3071.78198506352,3079.0283215980144,1828332,0.0116299862557445,1.1629986255744518,3111.2677978515626,3077.7234130859374
2023-09-05,3125.833251953125,3141.9210382883625,3103.7749105597304,3117.310690729968,1501842,0.003173806968413,0.3173806968413073,3108.7748413085938,3081.758447265625
2023-09-06,3126.334716796875,3139.095639063221,3097.349371389577,3130.071933045149,1314818,0.000160425973918,0.0160425973918076,3106.9199462890624,3086.288994140625
2023-09-07,3149.44140625,3153.771005173287,3119.4077066466084,3127.155409983017,1885092,0.0073909838665,0.7390983866500056,3106.58955078125,3091.1416650390624
2023-09-08,3137.272705078125,3158.328316199252,3131.029101522507,3149.441245179643,1518917,-0.0038637649037466,-0.3863764903746625,3106.580432128906,3095.42185546875
2023-09-11,3172.5927734375,3177.1958644886363,3140.0980883290167,3155.5934925384777,1783604,0.0112582079021068,1.1258207902106854,3108.031945800781,3098.8301904296877
2023-09-12,3263.879638671875,3272.174105327243,3174.7354296463814,3182.938880368982,4476016,0.0287735841796883,2.877358417968834,3113.9999755859376,3104.608828125
2023-09-13,3252.075439453125,3271.2168221792035,3231.2477030451937,3255.0377963035894,1754929,-0.0036166159679691,-0.3616615967969139,3118.9881103515627,3109.48681640625
2023-09-14,3244.966064453125,3279.283743631725,3231.79501333232,3254.081009523971,2604721,-0.0021861039611047,-0.2186103961104746,3124.653076171875,3114.0207861328126
2023-09-15,3279.830810546875,3288.079880546778,3247.153642645778,3252.075846625595,2952897,0.0107442559956711,1.0744255995671192,3135.189990234375,3119.1984228515626
2023-09-18,3286.98583984375,3298.9721261758623,3258.820748484001,3263.1959666407256,1395753,0.0021815238986921,0.2181523898692194,3144.5100341796874,3124.4036865234375
2023-09-20,3286.894775390625,3304.167551602088,3263.150299237373,3263.150299237373,1649396,-2.77045468286552e-05,-0.0027704546828655,3154.714221191406,3130.6489990234377
2023-09-21,3267.981201171875,3285.937597907689,3215.752523000923,3270.943558229628,2004073,-0.0057542378175164,-0.5754237817516494,3163.2389892578126,3136.507861328125
2023-09-22,3284.706787109375,3312.1428582437647,3249.52323591542,3266.796010717758,1989083,0.0051180177938301,0.5118017793830143,3173.078564453125,3142.928515625
2023-09-25,3260.55224609375,3299.6098718496296,3243.689598958607,3283.658719154224,1238778,-0.0073536368939894,-0.735363689398949,3182.0043701171876,3147.3996533203126
2023-09-26,3268.345703125,3276.7770270409974,3223.0444721045315,3251.847786603666,1726062,0.002390226085347,0.2390226085347002,3191.581896972656,3148.8610595703126
2023-09-27,3271.627197265625,3294.141066523065,3241.000893577568,3272.26519889812,1541134,0.0010040229641214,0.1004022964121498,3201.2961669921874,3150.805390625
2023-09-28,3223.727783203125,3283.932032157433,3215.159824951922,3281.37980335937,1755753,-0.0146408533657299,-1.4640853365729956,3207.940966796875,3151.6980908203127
2023-09-29,3216.299560546875,3252.6224826131343,3195.289567953573,3224.138279675587,2243791,-0.0023042338422474,-0.2304233842247427,3215.7706909179688,3152.9295166015627
2023-10-03,3202.855224609375,3221.404005246326,3172.092283440465,3221.404005246326,1948148,-0.0041800633567894,-0.4180063356789443,3221.9073486328125,3153.851044921875
2023-10-04,3224.63916015625,3233.981977311674,3169.539370804724,3177.7428200143645,1788138,0.0068014112469076,0.6801411246907696,3227.3421142578127,3156.9400927734373
2023-10-05,3271.672607421875,3303.2558002739493,3236.8989615455466,3239.4511904452584,2990768,0.0145856466195573,1.4585646619557302,3234.63408203125,3160.4876220703127
2023-10-06,3300.88623046875,3313.237025963605,3258.638592157678,3273.176885530309,2075691,0.0089292623536361,0.8929262353636114,3243.3616577148437,3164.5392138671873
2023-10-09,3316.3359375,3353.388098061812,3309.636364246382,3322.4429058385053,4233074,0.0046804724405955,0.4680472440595551,3251.7063842773437,3169.09759765625
2023-10-10,3307.721923828125,3325.1315558006227,3282.610431250672,3317.885219860744,1848148,-0.0025974490625243,-0.2597449062524348,3260.2288452148437,3173.32693359375
2023-10-11,3290.40380859375,3326.954825968897,3285.937574689828,3326.954825968897,2426417,-0.0052356623782727,-0.5235662378272776,3266.1193969726564,3177.9664453125
2023-10-12,3229.0146484375,3271.0344082831,3224.958542716829,3258.592598284596,4241281,-0.0186570292667167,-1.8657029266716751,3264.3761474609373,3180.17408203125
2023-10-13,3254.809814453125,3260.4154159090654,3213.017707877958,3217.575179804026,2890357,0.0079885565177313,0.7988556517731338,3264.5128662109373,3182.3397900390623
2023-10-16,3212.15234375,3258.273833459736,3207.6404903319494,3250.389494786418,1671104,-0.0131059794995401,-1.3105979499540177,3262.872180175781,3183.860166015625
2023-10-17,3196.656494140625,3221.3578589700005,3193.2840093522973,3217.5752462064243,1672065,-0.0048241328402514,-0.4824132840251405,3258.7134643554687,3185.8125830078125
2023-10-18,3178.609375,3210.921812346968,3175.6470177073625,3200.257370600043,1408245,-0.0056456235362494,-0.5645623536249422,3253.294641113281,3186.609228515625
2023-10-19,3157.9560546875,3177.329916924604,3154.529105910934,3170.613008079076,1514545,-0.0064975962365617,-0.6497596236561765,3246.847705078125,3186.254501953125
2023-10-20,3193.5048828125,3198.0284103099434,3147.355308667436,3153.158141056141,1481211,0.0112569103272457,1.125691032724574,3243.123889160156,3186.855947265625
2023-10-23,3116.3759765625,3179.249112786493,3108.288510708511,3173.8117316083208,1106272,-0.0241518047037,-2.415180470370004,3234.7073486328127,3186.06248046875
2023-10-25,3098.052734375,3129.946110609001,3086.263898370604,3098.418186283159,1518537,-0.0058796635339588,-0.5879663533958857,3226.582373046875,3185.27443359375
2023-10-26,3049.298583984375,3083.065403130757,3043.1300770713924,3077.9022236248165,1984471,-0.0157370305061835,-1.573703050618358,3215.630017089844,3183.3891552734376
2023-10-27,3062.275634765625,3072.373754935252,3049.5274301662507,3061.407519046132,1108851,0.0042557494531392,0.4255749453139223,3205.1624389648437,3181.744287109375
2023-10-30,3087.498046875,3091.4276593319496,3046.557388528169,3061.4074995333685,910972,0.0082364930912908,0.823649309129082,3198.3509521484375,3180.4479931640626
2023-10-31,3078.5419921875,3106.1860427295915,3061.4529873832034,3106.1860427295915,999811,-0.0029007482924774,-0.2900748292477439,3191.4630737304688,3179.385498046875
2023-11-01,3043.72412109375,3081.14657643751,3025.767000563393,3065.9765288100825,1563475,-0.0113098574526864,-1.1309857452686425,3183.5065185546873,3178.8781298828126
2023-11-02,3070.637451171875,3085.1218868690776,3055.193202126613,3055.193202126613,1245384,0.0088422370120895,0.8842237012089527,3175.806433105469,3178.2791796875
2023-11-03,3062.2294921875,3096.0420483703,3056.198197111951,3090.6504056818926,1402598,-0.0027381803023233,-0.2738180302323312,3165.33427734375,3177.867548828125
2023-11-06,3089.051025390625,3100.0629966023776,3069.631652773348,3084.253298038121,1099852,0.0087588253171597,0.8758825317159769,3154.7425170898437,3177.6988525390625
2023-11-07,3080.095703125,3110.8925036423684,3076.0291020236123,3086.99533768145,1191144,-0.0028990528780574,-0.2899052878057473,3142.9305053710937,3177.5424609375
2023-11-08,3090.2392578125,3108.8817673622384,3079.273023228274,3081.009254460664,992899,0.0032932595819046,0.3293259581904628,3132.0563720703126,3177.7065234375
2023-11-09,3059.076904296875,3099.332169937544,3054.142187785448,3098.0528650963947,2112352,-0.0100841232395979,-1.0084123239597953,3120.490026855469,3177.352158203125
2023-11-10,3046.283203125,3059.077144977572,3036.139568807074,3050.441278848814,1338557,-0.0041822097227777,-0.4182209722777719,3111.3534545898438,3176.730986328125
2023-11-13,3044.547119140625,3066.890781193562,3040.389043215429,3066.890781193562,1030990,-0.0005699023592402,-0.0569902359240259,3100.8403198242186,3175.80529296875
2023-11-15,3111.02978515625,3118.9802615645867,3066.936378294108,3091.6561463483945,2059802,0.0218366356026018,2.183663560260185,3095.7841918945314,3176.831787109375
2023-11-16,3196.520263671875,3225.306628294285,3120.076339309424,3134.5609961485866,3951984,0.0274798007153542,2.7479800715354274,3095.777380371094,3179.1597509765625
2023-11-17,3200.723876953125,3220.874376961997,3191.6768229615204,3196.520287698974,2021292,0.0013150591688793,0.1315059168879306,3096.88310546875,3180.8553515625
2023-11-20,3216.396728515625,3229.464646386725,3190.4889097792343,3190.4889097792343,1475621,0.004896658432598,0.4896658432598011,3099.805139160156,3182.66662109375
2023-11-21,3207.806396484375,3234.171141823176,3199.398994448308,3216.396747586853,1807236,-0.0026707936726494,-0.2670793672649441,3100.52021484375,3184.2960546875
2023-11-22,3226.037841796875,3228.3224741290987,3181.21353392554,3198.485265113703,1798051,0.0056834618611898,0.5683461861189842,3106.003308105469,3185.8279833984375
2023-11-23,3206.024169921875,3238.694408381137,3198.484884123584,3225.900468844643,2729804,-0.0062037932772209,-0.6203793277220981,3111.4018798828124,3187.2030126953123
2023-11-24,3159.281005859375,3202.643282111628,3155.5341196594813,3193.230552452981,1989733,-0.0145797915377658,-1.4579791537765896,3116.9010009765625,3186.93677734375
2023-11-28,3171.206298828125,3181.3501544527285,3137.256755543617,3159.2806979209345,1689195,0.0037746857423042,0.3774685742304218,3122.3475341796875,3185.083310546875
2023-11-29,3211.05078125,3214.934656261117,3176.37010665481,3181.122097340804,1441634,0.0125644561303372,1.2564456130337298,3128.5251708984374,3184.2628173828125
2023-11-30,3187.153564453125,3213.7008135539186,3181.1220458782195,3197.982587796699,3266235,-0.0074421796554622,-0.7442179655462233,3133.9557495117188,3183.1065673828125
2023-12-01,3209.1318359375,3213.975301516175,3189.392744770605,3198.4855376057844,1172141,0.0068958934798444,0.6895893479844428,3142.2261352539062,3181.692587890625
2023-12-04,3209.863037109375,3242.1678310288294,3196.657905420833,3239.289060113302,1625213,0.0002278501505257,0.0227850150525732,3149.1874145507813,3180.1501318359374
2023-12-05,3227.363037109375,3233.211606509697,3201.044028590681,3233.211606509697,1377656,0.0054519460169115,0.5451946016911569,3157.444091796875,3178.9594970703124
2023-12-06,3293.617919921875,3301.614134238469,3221.469041972652,3228.277425791993,1896572,0.0205291075254558,2.052910752545589,3167.6724365234377,3179.4722314453124
2023-12-07,3303.487060546875,3317.788993602691,3282.285715953096,3294.440005254403,1967653,0.0029964436874432,0.2996443687443229,3178.842004394531,3179.8478369140626
2023-12-08,3314.27001953125,3330.993570970187,3291.743636477184,3320.0273369916845,1641155,0.0032641141880513,0.3264114188051392,3190.0435424804687,3180.9221923828127
2023-12-11,3329.074951171875,3338.304955567598,3303.578542123424,3310.797891464415,1102503,0.0044670263899375,0.4467026389937567,3203.5434448242186,3182.13677734375
2023-12-12,3355.759521484375,3379.7936756866497,3318.2000758331174,3325.4651621953826,2236866,0.0080156111544158,0.8015611154415847,3219.0172607421873,3183.819423828125
2023-12-13,3283.9765625,3335.563520823612,3256.058308135486,3329.6692134701866,3850968,-0.0213909723044226,-2.139097230442266,3230.988732910156,3185.0243994140624
2023-12-14,3351.327392578125,3361.151312264597,3315.093210605896,3317.286368548256,3290396,0.0205089253215779,2.0508925321578,3243.00361328125,3187.7249560546875
2023-12-15,3528.38623046875,3560.3253463637,3350.824558139156,3350.824558139156,8531230,0.0528324502949908,5.283245029499084,3259.5969116210936,3194.235576171875
2023-12-18,3526.741455078125,3590.528439137833,3500.19398079059,3525.7363506427123,2521612,-0.000466155143794,-0.0466155143794,3275.8977905273437,3200.2776220703126
2023-12-19,3487.44580078125,3522.9948166196496,3463.502896618964,3513.764812005255,2004435,-0.0111421987682974,-1.114219876829747,3289.450244140625,3204.5930859375
2023-12-20,3454.41015625,3562.930202481097,3442.073140467938,3497.5439742144413,2586083,-0.0094727334612194,-0.9472733461219462,3301.7804321289063,3207.663564453125
2023-12-21,3461.21826171875,3478.764194819794,3420.8717407298955,3432.6603552689257,1517562,0.0019708445612436,0.1970844561243634,3313.539453125,3210.5612109375
2023-12-22,3494.57373046875,3514.632758384625,3437.914846763452,3472.6412593570217,2413058,0.009636915741175,0.9636915741175088,3327.966931152344,3214.2982470703123
2023-12-26,3468.57470703125,3503.712309330165,3463.639767096589,3490.7813789656334,1285231,-0.0074398268409155,-0.7439826840915598,3343.4316162109376,3217.8616650390627
2023-12-27,3482.876220703125,3489.2731911736523,3443.3978189924524,3471.727259647645,1293976,0.0041231672602823,0.412316726028239,3359.0151123046876,3222.938896484375
2023-12-28,3472.5498046875,3507.3676920200533,3465.4219300223085,3494.573750465004,1682889,-0.0029649104249649,-0.2964910424964939,3372.0900634765626,3227.2936962890626
2023-12-29,3466.60986328125,3493.2945492321064,3441.021979411716,3465.33055833123,1574996,-0.001710541746077,-0.1710541746077098,3386.062878417969,3232.3828466796876
2024-01-01,3482.78466796875,3501.884103192092,3447.966785319353,3463.5022836894645,825907,0.004665885497767,0.466588549776703,3399.7455200195313,3238.10541015625
2024-01-02,3457.288330078125,3482.7849604684966,3442.712420593152,3482.7849604684966,1344068,-0.0073206759307044,-0.7320675930704401,3412.1167846679687,3243.6789892578126
2024-01-03,3373.716552734375,3446.9162616362587,3369.4214885871284,3442.483985684402,1803075,-0.0241726374444047,-2.4172637444404788,3419.434460449219,3247.99419921875
2024-01-04,3350.91650390625,3398.619589854675,3336.4775806828225,3382.855624292697,3598144,-0.0067581400131691,-0.67581400131691,3422.2993896484377,3251.142431640625
2024-01-05,3415.890869140625,3424.8924099852666,3358.2726188503784,3358.409607550091,1963127,0.0193900281187646,1.9390028118764668,3427.919580078125,3257.1327294921875
2024-01-08,3361.425048828125,3417.581262942363,3356.033183042012,3415.8905458931986,1067805,-0.0159448361786226,-1.5944836178622634,3430.2773315429686,3262.40017578125
2024-01-09,3372.025634765625,3429.095925305516,3365.491675951761,3390.348429534068,1370944,0.0031535987813251,0.3153598781325151,3432.4248657226562,3268.854716796875
2024-01-10,3393.181884765625,3407.986258562806,3370.289822773917,3372.11752875156,1292227,0.0062740477954492,0.6274047795449267,3434.2959838867187,3275.472841796875
2024-01-11,3413.743408203125,3447.9671563203865,3387.6528620407294,3403.188362082459,1777909,0.0060596584962966,0.6059658496296638,3440.784326171875,3281.9977490234373
2024-01-12,3548.30810546875,3568.824058571868,3492.3803522837784,3516.505979741258,6813450,0.0394185154462018,3.9418515446201896,3450.6333618164062,3291.3930712890624
2024-01-15,3567.4990234375,3623.4267767315314,3550.3185441619166,3618.85751219593,2801505,0.0054084700083323,0.5408470008332333,3452.589001464844,3301.8685693359375
2024-01-16,3528.6611328125,3563.113351165616,3523.4064773189884,3563.113351165616,1432672,-0.0108865875981593,-1.0886587598159303,3452.6849853515623,3311.02904296875
2024-01-17,3549.953125,3573.1191625440915,3484.109977812694,3490.004284496285,3458696,0.0060340144281663,0.6034014428166312,3455.8103515625,3320.783515625
2024-01-18,3566.40283203125,3572.068676049219,3529.3003107278364,3562.19901895834,2239110,0.0046337814759878,0.4633781475987808,3461.4099853515627,3330.3305517578124
2024-01-19,3628.471923828125,3647.336425550741,3602.705775133821,3630.266307108167,2941975,0.0174038365042243,1.740383650422439,3469.772668457031,3341.298076171875
2024-01-23,3550.43701171875,3620.051529496022,3536.17360896319,3588.8561772055014,2618854,-0.0215062741968377,-2.1506274196837705,3472.5658325195313,3350.50203125
2024-01-24,3535.299072265625,3573.8101208438484,3501.98717363284,3570.451409769425,2657709,-0.0042636834291552,-0.4263683429155285,3475.90205078125,3360.026474609375
2024-01-25,3506.312255859375,3552.9673375819,3477.2332310375527,3533.550617096936,2205154,-0.0081992543809521,-0.8199254380952148,3477.0738525390625,3369.2270556640624
2024-01-29,3497.754638671875,3515.2388107673146,3479.212303920064,3497.5706396876776,1646747,-0.0024406317986082,-0.2440631798608206,3478.334094238281,3378.2912060546873
2024-01-30,3497.340087890625,3540.820457055553,3484.871069366822,3503.6895122527035,1411621,-0.0001185191141387,-0.0118519114138737,3479.87060546875,3386.017412109375
2024-01-31,3511.51171875,3528.121726426989,3493.5674376687984,3507.140675922528,2459358,0.0040521168954783,0.4052116895478352,3481.3069580078127,3392.3172412109375
2024-02-01,3546.663818359375,3593.3649569612444,3501.481176697016,3515.2384129880293,2363107,0.0100105317666114,1.0010531766611486,3485.775732421875,3399.2360400390626
2024-02-02,3649.86669921875,3666.522537605696,3563.089954213246,3565.896668660393,2826510,0.0290985800021821,2.909858000218213,3499.5832397460936,3407.905439453125
2024-02-05,3656.30810546875,3701.122749220152,3646.001692223504,3665.2341894937504,1691523,0.0017648332886728,0.1764833288672829,3514.852819824219,3416.8754736328124
2024-02-06,3806.02734375,3818.818303226733,3671.675314691128,3678.116850330936,4474396,0.0409482007430703,4.094820074307037,3534.3596435546874,3428.475263671875
2024-02-07,3757.62451171875,3823.512322961572,3748.928481692986,3821.6718838169454,2124267,-0.0127174157355264,-1.2717415735526427,3554.1696166992188,3439.5072705078123
2024-02-08,3804.279541015625,3826.272697294097,3760.0629489197368,3763.697771027623,2345173,0.0124160966992241,1.2416096699224166,3575.7823120117187,3452.4072412109376
2024-02-09,3803.911376953125,3850.888400846203,3772.8998012950433,3806.533642964029,2100596,-9.67762906302072e-05,-0.0096776290630207,3596.3187866210938,3465.0613427734374
2024-02-12,3791.94873046875,3827.745179692485,3778.007045373113,3800.5065922172175,1013716,-0.0031448278624085,-0.314482786240855,3615.229052734375,3476.6793017578125
2024-02-13,3818.450927734375,3837.315428040088,3755.875999891036,3796.319827837805,1257415,0.0069890705675097,0.6989070567509748,3628.736193847656,3489.3052490234377
2024-02-14,3772.991943359375,3786.611011801424,3726.4287482560735,3779.3413678448446,1391283,-0.0119050853959703,-1.190508539597035,3639.01083984375,3500.582451171875
2024-02-15,3775.8447265625,3815.505826442883,3757.2561134518432,3798.665989794075,1091582,0.0007561063596084,0.0756106359608432,3651.37001953125,3511.9020849609374
2024-02-16,3798.942138671875,3817.024812052794,3772.99221729805,3785.093014356532,1307556,0.0061171509376134,0.6117150937613447,3663.819470214844,3523.3336669921873
2024-02-19,3776.396484375,3798.941861408623,3731.489953932272,3794.110709187132,772291,-0.0059347190543831,-0.5934719054383142,3674.3191528320312,3532.98923828125
2024-02-20,3709.08251953125,3771.059390745061,3690.080077327402,3756.427991026826,1193648,-0.017824919899768,-1.7824919899768088,3678.3496826171877,3541.1011474609377
2024-02-21,3673.05615234375,3739.174013609637,3663.025849609525,3692.840871691211,1885939,-0.0097130131232704,-0.9713013123270442,3684.4806396484373,3548.2768701171876
2024-02-22,3761.02880859375,3768.25239610325,3654.19124613324,3654.19124613324,2982052,0.0239508062499576,2.39508062499576,3695.767126464844,3556.915947265625
2024-02-23,3728.8212890625,3800.5062936958448,3723.5758585151752,3800.5062936958448,2538072,-0.0085634865273186,-0.8563486527318642,3706.892578125,3564.3771826171874
2024-02-26,3681.84375,3726.8884431644256,3665.003690620523,3714.0053720028695,1379284,-0.0125984957231112,-1.2598495723111225,3716.097033691406,3572.3345263671877
2024-02-27,3776.948486328125,3794.984876771557,3679.957449614321,3679.957449614321,2960475,0.0258307366596219,2.583073665962199,3730.0774536132812,3580.8469482421874
2024-02-28,3790.33837890625,3823.420001118156,3762.777624498999,3768.85116320784,1939225,0.0035451615574302,0.3545161557430232,3744.0187866210936,3586.0859912109377
2024-02-29,3768.39111328125,3807.9605533454464,3740.278361512349,3771.97987960793,3772719,-0.0057903182858658,-0.5790318285865848,3755.1051513671873,3590.918984375
2024-03-01,3767.700927734375,3809.7088594718166,3760.753225340666,3779.525838576427,2043265,-0.0001831512510584,-0.0183151251058499,3760.996862792969,3596.5240869140625
2024-03-04,3755.1396484375,3789.371768720034,3750.722549928762,3777.501027099328,1749271,-0.0033339374695083,-0.3333937469508385,3765.938439941406,3602.5386767578125
2024-03-05,3692.0126953125,3739.77199684402,3662.4735599013775,3737.931557869195,2070859,-0.0168108137206739,-1.6810813720673945,3760.2377075195313,3607.1545654296874
2024-03-06,3740.048095703125,3747.1337408010254,3642.642773405773,3675.402676918432,1744204,0.0130106270900998,1.301062709009981,3759.35888671875,3612.064052734375
2024-03-07,3780.813720703125,3794.985010362576,3715.570026925066,3740.692062833141,2688905,0.0108997595637432,1.0899759563743228,3758.185595703125,3618.3088330078126
2024-03-11,3793.466796875,3821.671433578365,3762.77738788874,3762.77738788874,2304068,0.0033466542143001,0.3346654214300137,3757.663366699219,3624.52064453125
2024-03-12,3857.789794921875,3892.482246169564,3792.269993652149,3793.4665484724137,4039801,0.0169562570311312,1.695625703113124,3760.955419921875,3632.2254443359375
2024-03-13,3817.990478515625,3902.6506674824695,3802.254636135956,3869.522767451965,2837260,-0.0103166109409691,-1.031661094096914,3760.9323974609374,3639.253056640625
2024-03-14,3871.915283203125,3887.9270110877537,3760.0165129714937,3822.0854919676153,2919608,0.0141238709187312,1.412387091873124,3765.878564453125,3647.0356689453124
2024-03-15,3882.63623046875,3900.8105660856863,3843.75695554138,3858.112469995136,3373143,0.002768900268075,0.276890026807508,3771.2181396484375,3655.542626953125
2024-03-18,3821.21142578125,3915.303868475081,3789.325910371704,3878.955198681376,1526904,-0.015820386212201,-1.5820386212201054,3772.3316040039062,3664.4925244140627
2024-03-19,3659.9892578125,3734.250930497236,3650.142953569068,3728.0394485403954,8931209,-0.0421913759811884,-4.2191375981188495,3766.5112426757814,3670.6739794921873
2024-03-20,3654.09912109375,3697.441544645537,3644.252818458466,3667.9945238818095,1817913,-0.001609331695763,-0.160933169576305,3763.762072753906,3675.43814453125
2024-03-21,3655.98583984375,3688.607574600137,3633.026409367597,3671.721682393882,3829582,0.0005163293844736,0.0516329384473657,3762.908557128906,3681.3293603515626
2024-03-22,3598.88623046875,3623.824267937054,3547.446052030813,3586.095269718309,5852485,-0.0156181155716511,-1.561811557165116,3754.8014282226563,3685.866572265625
2024-03-26,3568.150634765625,3631.829770729436,3562.583262601489,3565.850086322836,3440925,-0.008540307677112,-0.8540307677112002,3746.7678955078127,3689.365947265625
2024-03-27,3534.470947265625,3584.254911511496,3523.888423136644,3578.2734848298974,1968575,-0.0094389758021559,-0.9438975802155912,3739.3992553710937,3691.780498046875
2024-03-28,3567.046630859375,3602.65907796181,3534.1027302458065,3542.9369266623094,4311783,0.0092165656698781,0.9216565669878164,3728.904162597656,3692.1552685546876
2024-04-01,3604.26953125,3619.499208082045,3577.8592779642013,3586.73930579266,1569676,0.0104352155277704,1.0435215527770492,3719.600720214844,3692.8906787109377
2024-04-02,3573.948486328125,3597.9202488822098,3564.0100709420926,3579.653802211397,2142666,-0.0084125353720034,-0.8412535372003482,3709.8785888671873,3693.79642578125
2024-04-03,3632.38232421875,3663.39367512938,3543.7651451703696,3543.7651451703696,3973090,0.0163499384823702,1.6349938482370208,3703.112658691406,3695.445009765625
2024-04-04,3683.914306640625,3707.241733238287,3621.2933325972463,3658.700160709349,3394637,0.0141868277681806,1.41868277681807,3699.5513916015625,3697.7952392578127
2024-04-05,3661.783203125,3682.7181953650174,3644.529088641468,3660.632928826098,1636819,-0.0060074968290471,-0.600749682904711,3698.0399169921875,3698.46146484375
2024-04-08,3655.61767578125,3710.9227277310406,3644.068877210029,3665.2339237190768,2302538,-0.0016837499659969,-0.1683749965996961,3693.818395996094,3700.565078125
2024-04-09,3631.6923828125,3695.4636403269888,3611.907663180312,3666.1545588206272,1876992,-0.0065448017519055,-0.6544801751905527,3686.3623291015624,3702.4929443359374
2024-04-10,3666.75244140625,3671.859704425388,3605.419903259126,3640.756241235992,2101965,0.0096539174847729,0.9653917484772956,3680.026611328125,3705.701748046875
2024-04-12,3682.166015625,3693.162817777665,3630.725838259486,3654.191434223399,4354821,0.0042036037242914,0.4203603724291405,3671.2454223632812,3709.3899755859375
2024-04-15,3626.768798828125,3739.95578953719,3606.386028171306,3682.165963982411,4200329,-0.0150447363214479,-1.5044736321447982,3661.6843383789064,3711.9785498046876
2024-04-16,3563.825927734375,3615.2661050786087,3554.669789147579,3590.6962907179723,3051420,-0.0173550823295072,-1.735508232950722,3646.2798706054687,3713.024833984375
2024-04-18,3553.887451171875,3621.983689231616,3542.844817972998,3567.5067437164125,3476284,-0.0027887098764158,-0.2788709876415884,3629.842431640625,3713.169306640625
2024-04-19,3520.943603515625,3545.191475811575,3497.6620065717075,3531.8022379238537,2957749,-0.00926980612326,-0.9269806123260004,3614.8290405273438,3710.5908447265624
2024-04-22,3556.2802734375,3568.6111245390066,3507.876639180684,3530.8821260588365,1728883,0.0100361363035157,1.003613630351574,3609.643591308594,3708.5902880859376
2024-04-23,3565.57421875,3584.254718312047,3552.599259445536,3567.736824298885,1807586,0.0026133894400612,0.2613389440061286,3605.2173461914062,3703.7812255859376
2024-04-24,3525.40673828125,3587.015384991863,3519.3332000987416,3579.6536294557072,1317312,-0.011265360922099,-1.1265360922099066,3598.6883911132813,3699.1368701171873
2024-04-25,3544.869384765625,3564.6080473941747,3506.9563876693583,3507.1403866301107,2856271,0.0055206811381609,0.5520681138160954,3595.987548828125,3693.9486669921876
2024-04-26,3516.48095703125,3567.507084546707,3499.1807851009403,3547.584197115917,2039178,-0.008008314172696,-0.8008314172696096,3593.4040649414064,3688.20005859375
2024-04-29,3561.432861328125,3568.426618209879,3514.5016747694726,3531.80184337466,1110693,0.0127832070886073,1.2783207088607362,3594.752160644531,3683.5897412109375
2024-04-30,3515.83642578125,3572.061925224906,3506.036178297648,3563.089785398555,2203078,-0.012802834511352,-1.2802834511352,3592.191650390625,3677.537451171875
2024-05-02,3555.083984375,3562.261741296734,3476.635273211625,3476.635273211625,2491044,0.0111630786648524,1.1163078664852444,3589.732373046875,3673.1792919921877
2024-05-03,3536.771484375,3582.966682325397,3494.625611625741,3579.79174536676,2962234,-0.0051510738088004,-0.5151073808800422,3587.8735229492186,3668.3978271484375
2024-05-06,3608.226318359375,3625.618375130373,3545.605343342577,3545.605343342577,2053831,0.0202034070620771,2.0203407062077128,3586.66572265625,3664.5835107421876
2024-05-07,3661.507568359375,3669.835600298666,3601.2792431717226,3617.1990864707095,2062112,0.014766604225709,1.476660422570908,3585.5453857421876,3662.285732421875
2024-05-08,3659.6669921875,3666.43069555621,3624.3767082288086,3644.989535707688,1247685,-0.0005026826075085,-0.050268260750852,3585.4395751953125,3661.297421875
2024-05-09,3644.253173828125,3654.191589237616,3598.1042563399305,3645.9096138402,1726486,-0.0042118089958129,-0.4211808995812971,3584.8713500976564,3660.7213623046873
2024-05-10,3583.242431640625,3656.584101641413,3575.098624294189,3646.461687676862,1672489,-0.0167416310770228,-1.6741631077022867,3582.4488525390625,3657.165634765625
2024-05-13,3632.842529296875,3639.468064658985,3561.2494084020914,3574.592590940032,931326,0.0138422388667518,1.3842238866751844,3580.7533569335938,3655.2460595703124
2024-05-14,3589.96044921875,3631.0023308503582,3582.322582051597,3621.984134363707,1058317,-0.0118040018889629,-1.1804001888962912,3576.1430786132814,3653.4083935546873
2024-05-15,3570.8193359375,3613.655594732349,3566.310350659281,3592.996713752849,1115021,-0.0053318451698863,-0.5331845169886384,3573.34560546875,3649.285810546875
2024-05-16,3615.821044921875,3623.746152107256,3562.5702354838822,3606.691138597264,2599399,0.0126026283467965,1.2602628346796596,3575.945361328125,3645.7954638671877
2024-05-17,3553.857421875,3633.478714409665,3550.057009231892,3632.551806574356,2765804,-0.0171368057979246,-1.7136805797924648,3575.9438598632814,3641.5047900390623
2024-05-21,3540.972900390625,3563.7285306494523,3531.564877355128,3550.6128766567804,1908117,-0.0036255032081667,-0.3625503208166791,3576.9453247070314,3636.9702294921876
2024-05-22,3551.910888671875,3560.4847863024115,3538.517115470372,3554.691612227725,1311168,0.0030889782522887,0.308897825228871,3576.72685546875,3632.905654296875
2024-05-23,3608.868896484375,3619.574726144816,3545.885560785401,3560.2062401149506,2095742,0.0160358774748985,1.603587747489854,3578.8915893554686,3631.2427783203125
2024-05-24,3568.1318359375,3599.92482105189,3563.311960285678,3594.780437128097,1309452,-0.0112880411329321,-1.1288041132932136,3581.0278442382814,3627.804453125
2024-05-27,3565.8603515625,3622.679839453395,3560.577022873854,3573.2292225989668,1841538,-0.0006366032645211,-0.0636603264521196,3582.077392578125,3623.5053857421876
2024-05-28,3559.233154296875,3587.133169466621,3550.056857637509,3576.010275917888,1801993,-0.0018585128446549,-0.1858512844654991,3584.2150024414063,3618.820712890625
2024-05-29,3525.632568359375,3567.5751439944142,3522.2494455944416,3567.5751439944142,1568095,-0.0094404003561654,-0.9440400356165446,3582.4249877929688,3612.177568359375
2024-05-30,3463.020263671875,3517.058806463482,3443.8794821473,3500.930701533928,2919230,-0.017759169021018,-1.775916902101804,3579.7841796875,3605.0781640625
2024-05-31,3402.6318359375,3475.718599887057,3386.689068476094,3466.6348590080306,10956800,-0.017438080962987,-1.7438080962987046,3572.161572265625,3595.6924951171877
2024-06-03,3432.200439453125,3477.340801445973,3425.8510308716222,3459.961281200074,2156773,0.0086899214905742,0.8689921490574237,3566.9330200195313,3586.683779296875
2024-06-04,3443.46240234375,3471.269635740873,3328.989291525593,3429.5587856451884,3395997,0.0032812660825891,0.3281266082589162,3558.69482421875,3579.128798828125
2024-06-05,3472.61376953125,3507.2338672517226,3429.558946395804,3444.389471569407,2799670,0.0084657138023804,0.8465713802380481,3549.250134277344,3575.3812890625
2024-06-06,3550.42724609375,3559.2328694484427,3468.02524016659,3504.63809516768,4328036,0.0224077544255674,2.2407754425567417,3543.7881469726562,3573.3078515625
2024-06-07,3609.33251953125,3628.8439736397454,3556.8232840964106,3556.8232840964106,4552445,0.0165910380229052,1.6591038022905291,3542.0421142578125,3572.37478515625
2024-06-10,3576.658935546875,3620.408936648928,3561.08683988795,3610.305732562661,1734661,-0.0090525280803493,-0.9052528080349398,3541.712939453125,3571.9302392578124
2024-06-11,3570.541748046875,3596.355995375244,3560.2529805994373,3563.960611925237,1419898,-0.0017103077509582,-0.1710307750958262,3538.597900390625,3571.9780615234376
2024-06-12,3551.5859375,3608.9152715121113,3547.6929702664606,3591.2112432293293,2177001,-0.0053089452202159,-0.5308945220215966,3536.6791748046876,3572.320361328125
2024-06-13,3594.687255859375,3605.6712033854537,3570.448708339529,3574.897910867656,1932323,0.0121357948583709,1.2135794858370907,3537.8725708007814,3572.873173828125
2024-06-14,3551.956787109375,3604.7441367037127,3548.2027655700213,3604.7441367037127,1860730,-0.0118871172117543,-1.1887117211754394,3534.6793579101563,3571.8269189453126
2024-06-18,3536.24609375,3561.179823442644,3517.661546809407,3546.395689059985,1774045,-0.0044231093735125,-0.4423109373512535,3533.798791503906,3571.07287109375
2024-06-19,3523.8251953125,3553.625415653325,3515.714752390912,3547.8784064893566,1509050,-0.003512453066955,-0.3512453066955023,3532.94140625,3568.901728515625
2024-06-20,3510.431640625,3531.4724028758133,3503.757949581445,3518.542084048452,2846526,-0.0038008567239137,-0.3800856723913726,3530.8674438476564,3565.4320751953123
2024-06-21,3532.213623046875,3594.3628314432963,3520.4419401652044,3547.275873620781,4642195,0.0062049299492972,0.6204929949297222,3527.0346801757814,3562.84068359375
2024-06-24,3537.822021484375,3575.083672788881,3514.185870679056,3530.360367833718,1702154,0.0015877857445842,0.1587785744584291,3525.519189453125,3560.4847705078123
2024-06-25,3557.88916015625,3566.41666656242,3515.668465075754,3538.007033326123,1338808,0.0056721730347122,0.5672173034712236,3525.1206298828124,3559.0087060546875
2024-06-26,3574.01708984375,3584.3056293758546,3560.2524201950137,3563.4965970944363,1639845,0.0045330050941754,0.4533005094175424,3525.859826660156,3557.1539990234373
2024-06-27,3646.59423828125,3653.870555044415,3539.0267689087714,3550.9837890347926,4526556,0.0203068834348167,2.030688343481679,3531.90791015625,3556.4425634765626
2024-06-28,3618.787109375,3670.555002133022,3612.94777109011,3631.4395370159273,2731571,-0.0076255067301801,-0.7625506730180143,3539.696252441406,3556.2829296875
2024-07-01,3687.424560546875,3709.206893822337,3600.1098911444064,3600.1098911444064,2658723,0.0189669768066929,1.8966976806692903,3553.935888671875,3558.75490234375
2024-07-02,3723.75927734375,3729.320724102144,3691.45667653292,3701.699052905465,2307449,0.0098536841094007,0.9853684109400797,3568.5138305664063,3562.1523388671876
2024-07-03,3675.421142578125,3731.8235725519535,3665.9203376575206,3726.169344471108,1821198,-0.0129810041856694,-1.2981004185669498,3580.111767578125,3565.2418896484373
2024-07-04,3727.0498046875,3751.520305935504,3691.039573096493,3707.4921862442698,2518001,0.0140470058005814,1.4047005800581491,3592.8335693359377,3568.6572802734377
2024-07-05,3718.568359375,3732.425584242968,3696.50791083652,3716.8998802543742,1668616,-0.0022756458209474,-0.2275645820947414,3601.240625,3571.7171630859375
2024-07-08,3701.32861328125,3736.597504442825,3687.2860489922064,3728.023606293096,1758882,-0.004636124558605,-0.463612455860507,3605.8404296875,3575.2356005859374
2024-07-09,3694.19091796875,3714.073044379492,3684.551167677433,3693.7274640836704,1305801,-0.0019284143771748,-0.1928414377174836,3611.7170288085936,3578.22203125
2024-07-10,3623.42138671875,3710.68988827446,3616.794086739857,3692.522405623858,2669716,-0.0191569772167899,-1.9156977216789997,3614.3610107421873,3580.36083984375
2024-07-11,3636.907958984375,3689.092911509367,3610.861986517304,3643.6744309405326,4872189,0.0037220546070237,0.3722054607023795,3618.6271118164063,3581.870341796875
2024-07-12,3878.136474609375,3892.967000953419,3681.029374640541,3689.093428080941,13509164,0.0663279132563927,6.632791325639276,3632.7995727539064,3589.1163427734373
2024-07-15,3864.46435546875,3930.089249638286,3853.20206311634,3926.103726954822,4848030,-0.0035254352780357,-0.3525435278035727,3648.424951171875,3595.3039501953126
2024-07-16,3873.038330078125,3887.961184556231,3841.94029980865,3867.0595933422346,2029521,0.0022186708999505,0.2218670899950536,3665.2645629882813,3602.029287109375
2024-07-18,4000.1162109375,4008.875669448441,3855.935904024396,3855.935904024396,5613364,0.0328109019403408,3.2810901940340864,3689.0791137695314,3609.8670849609375
2024-07-19,3997.190185546875,4049.5428404415234,3981.2568871814256,4011.1260943754655,3903354,-0.000731485096014,-0.0731485096014061,3713.417041015625,3616.5807373046873
2024-07-22,3983.208251953125,4013.495719745839,3962.443655783337,3994.914506823056,1896386,-0.0034979405394084,-0.3497940539408439,3735.9667724609376,3623.0515625
2024-07-23,3997.14404296875,4052.2838814085662,3963.6511354841136,3979.1666292711343,2365208,0.0034986348024339,0.3498634802433953,3758.9328735351564,3630.1093798828124
2024-07-24,4000.767578125,4031.2873123813406,3965.32400369121,3983.347690266691,1809793,0.0009065310424887,0.0906531042488723,3781.076794433594,3638.4598828125
2024-07-25,4015.8642578125,4034.909999231854,3970.990814364529,3990.315092493855,2810342,0.0037734458182585,0.3773445818258558,3803.169152832031,3646.1203173828126
2024-07-26,4076.5791015625,4108.724692655695,4029.382545604429,4041.414063180722,3552210,0.0151187490044975,1.51187490044975,3824.6683959960938,3655.8526904296873
2024-07-29,4070.307861328125,4116.667898821432,4060.924257672868,4101.802927848481,1746803,-0.0015383585300653,-0.1538358530065342,3847.24443359375,3665.8424609375
2024-07-30,4055.675048828125,4086.008788693186,4020.32401847736,4079.598360858332,1797906,-0.0035950136939335,-0.3595013693933557,3865.6569580078126,3674.639541015625
2024-07-31,4074.256591796875,4100.874091170698,4036.768900348138,4041.414204030933,2330091,0.0045816153279141,0.4581615327914123,3883.1818237304688,3685.0475244140625
2024-08-01,4085.1728515625,4105.797726698967,4055.396184256165,4087.309509692771,2202244,0.0026793255455741,0.2679325545574151,3903.6694091796876,3695.9315234375
2024-08-02,3979.212646484375,4086.0083392177967,3967.088587644382,4055.349340765276,2811282,-0.0259377531693909,-2.593775316939096,3916.277551269531,3704.47755859375
2024-08-05,3860.29296875,3938.2877856411073,3818.9035015045465,3938.2877856411073,2787771,-0.0298852281341235,-2.988522813412353,3923.3637817382814,3709.5060400390626
2024-08-06,3875.29736328125,3956.17189885466,3865.634771106592,3875.065098154798,2203067,0.0038868538353731,0.3886853835373127,3932.062219238281,3715.6493505859376
2024-08-07,3902.47265625,3943.815851652465,3883.7517228332495,3928.068093519552,1237666,0.00701244070358,0.7012440703580092,3942.4763061523436,3722.3815966796874
2024-08-08,3876.5517578125,3931.784593830913,3864.8922283404063,3884.402501608471,2441283,-0.0066421729812728,-0.6642172981272898,3955.1328247070314,3728.72796875
2024-08-09,3928.764892578125,3951.898410084894,3907.210505857532,3917.848430860645,1302536,0.0134689636634925,1.3468963663492597,3969.7256713867187,3736.790615234375
2024-08-12,3898.012939453125,3938.287806404304,3889.372857499192,3929.926261167776,936912,-0.0078273844238156,-0.7827384423815698,3970.7194946289064,3745.49046875
2024-08-13,3899.220947265625,3933.642459984778,3886.260370835221,3914.132187982019,1495593,0.0003099034896147,0.0309903489614793,3972.45732421875,3755.4222509765623
2024-08-14,3990.547607421875,4000.721002615426,3891.0451248057766,3910.416129361195,3226545,0.0234217710130772,2.3421771013077297,3978.3327880859374,3766.5891943359375
2024-08-16,4102.77783203125,4112.951226936545,4018.280043659057,4041.413561593398,3457058,0.028124015962281,2.812401596228109,3983.465869140625,3779.7755029296877
2024-08-19,4171.48193359375,4175.430440991918,4078.901139092339,4107.376754658791,2055210,0.0167457523598066,1.6745752359806687,3992.180456542969,3793.7528662109376
2024-08-20,4202.419921875,4241.161933038117,4180.772989851375,4185.418293173432,2212298,0.0074165461516446,0.7416546151644665,4003.1410400390623,3806.7927197265626
2024-08-21,4228.61865234375,4236.5156661952105,4173.85035717562,4197.495127164465,1896990,0.006234200997472,0.6234200997472072,4014.7147705078123,3819.1784423828126
2024-08-22,4182.630859375,4237.39916370202,4178.171549911448,4236.516374666815,1829872,-0.0108753701266631,-1.0875370126663175,4023.8079345703127,3831.297880859375
2024-08-23,4147.234375,4186.347925037084,4138.96582468713,4180.773560290031,1809253,-0.0084627320853959,-0.8462732085395941,4030.3764404296876,3842.8317333984373
2024-08-26,4183.048828125,4229.222864979793,4166.836540173764,4170.5527823500615,1844164,0.0086357436996793,0.8635743699679344,4035.6999267578126,3855.4609912109377
2024-08-27,4178.125,4190.06352004845,4168.509131570201,4185.4182168111465,930697,-0.0011770907601876,-0.1177090760187682,4041.090783691406,3867.12974609375
2024-08-28,4186.3935546875,4238.83920976465,4141.101848062617,4179.611593409034,1848058,0.0019790108451758,0.1979010845175821,4047.626708984375,3879.8184814453125
2024-08-29,4191.7353515625,4232.8000107357375,4143.61019488178,4143.61019488178,2133641,0.00127599013452,0.1275990134520066,4053.5006469726563,3892.9282666015624
2024-08-30,4230.7099609375,4266.478796182319,4169.438229236293,4180.77295069311,3637222,0.0092979651877287,0.929796518772874,4060.7775024414063,3907.0659619140624
2024-09-02,4200.3291015625,4262.529888077796,4191.921284875112,4251.38116125632,1216500,-0.0071810309984633,-0.7181030998463345,4071.8333251953127,3920.8639111328125
2024-09-03,4192.24658203125,4232.706988670382,4176.963354094572,4200.329136859027,1717263,-0.001924258632078,-0.1924258632078013,4088.431005859375,3934.0645703125
2024-09-04,4161.49462890625,4168.694848446134,4121.9632824379705,4159.357971016076,1265505,-0.0073354351952503,-0.7335435195250373,4102.740869140625,3946.5380224609376
2024-09-05,4158.4287109375,4179.843374955519,4138.174918953167,4163.120285213532,1688793,-0.0007367348133657,-0.073673481336578,4115.538671875,3958.5488134765624
2024-09-06,4140.5908203125,4198.378570967705,4125.029055295338,4156.570844055927,1649179,-0.0042895747083706,-0.4289574708370658,4128.740625,3969.8802880859375
2024-09-09,4133.90185546875,4171.714807408975,4116.203430594168,4138.965417739988,1184938,-0.0016154614483846,-0.1615461448384647,4138.997473144531,3979.6264404296876
2024-09-10,4188.06591796875,4217.88885396822,4125.447324234446,4127.305445435125,1385591,0.0131024064899718,1.3102406489971852,4153.5001220703125,3991.0120166015627
2024-09-11,4161.58740234375,4226.621639858806,4154.061921274154,4200.700941634944,1325919,-0.0063223731774122,-0.6322373177412244,4166.618444824218,4000.4952734375
2024-09-12,4197.21728515625,4211.0601974701785,4116.94608580757,4190.295602177849,2742216,0.0085616086766395,0.8561608676639576,4176.951928710938,4009.96443359375
2024-09-13,4201.76904296875,4224.438028089181,4185.417487693372,4208.643999833735,1458786,0.0010844703772181,0.1084470377218149,4181.9014892578125,4020.4913916015626
2024-09-16,4193.08349609375,4223.556507717359,4175.617335175356,4205.8580816078,1155120,-0.0020671166801836,-0.2067116680183667,4182.9815673828125,4029.8120654296877
2024-09-17,4186.021484375,4214.032568613279,4149.184325105708,4193.082435128378,1699364,-0.0016842048877225,-0.1684204887722584,4182.161645507813,4039.1611279296876
2024-09-18,4037.836669921875,4178.03182491242,4014.47088636393,4178.03182491242,2961779,-0.0353999173215543,-3.539991732155434,4172.622546386719,4045.8912890625
2024-09-19,3991.383544921875,4108.49190394668,3978.051434787186,4078.622243199174,2927551,-0.0115044586488681,-1.1504458648868177,4163.0601806640625,4051.8351416015626
2024-09-20,3980.931884765625,4023.483134681912,3927.603894233645,4010.6618255380617,5447908,-0.002618555705965,-0.2618555705965031,4154.745056152344,4058.9853515625
2024-09-23,3965.6953125,4003.693801666292,3951.2948726865407,3994.960722443481,1702319,-0.0038273883368697,-0.3827388336869797,4143.877380371094,4065.5610986328124
2024-09-24,3968.296630859375,3986.599307388911,3939.217213546721,3950.040679548759,3012026,0.0006559551741596,0.0655955174159617,4133.385961914062,4067.3643017578124
2024-09-25,3971.50146484375,3985.298104318543,3939.21661171706,3950.6905998877737,2713073,0.0008076094814719,0.080760948147196,4122.641357421875,4069.5050439453125
2024-09-26,3987.99267578125,4010.5686671887433,3957.798205900553,3957.798205900553,3964251,0.004152386970893,0.415238697089304,4112.4542236328125,4071.804130859375
2024-09-27,4003.0439453125,4067.427669171365,3995.007207492202,4027.478059812212,3012477,0.0037741467336827,0.3774146733682704,4101.0709228515625,4071.862685546875
2024-09-30,3965.6953125,3993.799396652073,3957.844568692927,3982.789937420948,2503416,-0.0093300581564274,-0.93300581564274,4089.3392333984375,4071.2327880859375
2024-10-01,3983.718994140625,3991.01221083208,3941.9579909083504,3953.663791959934,1823365,0.0045448982386049,0.4544898238604933,4078.9128540039064,4071.2430029296875
2024-10-03,3932.481201171875,3975.450253337536,3911.345072809307,3960.213750433312,3350119,-0.0128617989984012,-1.286179899840123,4067.4621826171874,4069.94974609375
2024-10-04,3950.597900390625,3993.1024224537377,3924.398210251953,3925.280999271066,2965463,0.0046069385438769,0.4606938543876948,4057.0706420898437,4068.9463525390624
2024-10-07,3969.736083984375,3992.40506851833,3929.3682254716655,3970.711416011911,1472619,0.0048443764909249,0.4844376490924951,4048.5279052734377,4068.0237890625
2024-10-08,3951.52734375,3975.8221898436273,3905.724833607358,3969.504758666336,1541867,-0.0045868893672394,-0.4586889367239499,4039.4091796875,4065.52275390625
2024-10-09,3951.248779296875,3990.315599224436,3945.442150077981,3957.7984755986254,1082504,-7.049538795822485e-05,-0.0070495387958224,4027.568322753906,4063.141572265625
2024-10-10,3927.510498046875,3989.246753361262,3900.7537355297673,3951.526804113441,2378875,-0.0060077921123012,-0.6007792112301291,4015.8644775390626,4060.57828125
2024-10-11,3854.8583984375,3941.028768538948,3820.71542160485,3849.098041297021,5759183,-0.0184982572664043,-1.8498257266404303,3998.746533203125,4056.1903173828123
2024-10-14,3843.197998046875,3869.908487223454,3829.773346107295,3846.3104414273184,2137590,-0.0030248582919027,-0.3024858291902799,3980.817980957031,4051.3508203125
2024-10-15,3824.75634765625,3874.1362795372975,3804.5030088222256,3837.995460690613,2759474,-0.0047985168601766,-0.4798516860176627,3962.4016235351564,4048.2616943359376
2024-10-16,3804.45703125,3823.08474346886,3778.675597074724,3795.212922738832,2359151,-0.0053073489030717,-0.5307348903071718,3943.3234008789063,4047.1449755859376
2024-10-17,3817.51025390625,3836.9742562004353,3802.59878494128,3821.040502958908,2522659,0.0034310343234342,0.3431034323434279,3932.307080078125,4045.9892333984376
2024-10-18,3839.908203125,3861.4219511234783,3799.814751434331,3809.128022883925,2361000,0.0058671615081666,0.5867161508166685,3924.7333129882813,4044.7379443359373
2024-10-21,3799.675048828125,3855.647899798256,3790.501385728475,3848.8025545031073,1595450,-0.0104776344038985,-1.0477634403898597,3915.6704711914062,4043.20041015625
2024-10-22,3739.744140625,3808.941792786158,3731.222588221232,3786.776161320197,1928049,-0.0157726404055548,-1.5772640405554816,3904.372912597656,4039.4199951171877
2024-10-23,3787.00927734375,3831.06087258952,3720.7918215935465,3724.936409588488,1966476,0.0126386017175097,1.2638601717509743,3895.308544921875,4037.199921875
2024-10-24,3769.919189453125,3798.883555612545,3729.034017325969,3729.034017325969,2676744,-0.0045128191242805,-0.4512819124280587,3885.2294311523438,4034.61388671875
2024-10-25,3778.906494140625,3810.990668738502,3755.762923689694,3778.440830569176,1759676,0.0023839515479915,0.2383951547991536,3874.7751220703126,4030.381064453125
2024-10-28,3809.919921875,3850.1065991283663,3772.806442445335,3789.523720012066,1532534,0.0082069846878887,0.8206984687888719,3865.1189208984374,4024.52390625
2024-10-29,3795.390869140625,3821.7008604425614,3781.281354135695,3814.5762988806255,1445885,-0.0038134798190784,-0.3813479819078424,3856.6036987304688,4017.0020849609373
2024-10-30,3804.14501953125,3824.96027046286,3781.234510070215,3795.157804269821,1935002,0.0023065214341433,0.2306521434143338,3847.625,4009.0365869140624
2024-10-31,3695.925048828125,3798.23142349314,3688.055380171151,3790.501362953683,3740372,-0.028447908832997,-2.844790883299708,3835.7971923828127,3998.38271484375
2024-11-01,3710.593505859375,3724.330581026832,3703.003280699814,3715.855640568731,154895,0.0039688188579205,0.3968818857920553,3823.79697265625,3988.9419677734377
2024-11-04,3691.92041015625,3717.7647384247807,3644.51594943524,3693.9228999424704,2269192,-0.005032374382599,-0.503237438259907,3809.9061889648438,3979.8356884765626
2024-11-05,3698.6259765625,3712.269827653512,3670.45333173397,3670.45333173397,967590,0.0018162814094808,0.1816281409480868,3797.261120605469,3970.1472314453126
2024-11-06,3855.368408203125,3864.8212879793314,3702.258313204772,3728.661529286281,3792017,0.0423785569651735,4.237855696517356,3792.4671020507812,3963.692099609375
2024-11-07,3865.845458984375,3916.975224376799,3804.517707610648,3883.354680818364,3724349,0.0027175226001638,0.2717522600163891,3789.3838500976562,3957.2811376953123
2024-11-08,3862.213623046875,3883.401315336317,3834.879080725745,3869.6642401156896,1648039,-0.0009394674401842,-0.0939467440184249,3789.751611328125,3950.690703125
2024-11-11,3910.36328125,3943.5181622491855,3834.878946856849,3844.704720623095,1406487,0.0124668552551838,1.2466855255183873,3793.1098754882814,3944.28376953125
2024-11-12,3909.152587890625,3928.3380186185295,3878.3724067000553,3926.475364271153,1587640,-0.0003096114791124,-0.0309611479112459,3797.3296875,3938.4602392578126
2024-11-13,3865.33349609375,3908.5469823117096,3847.358610327207,3891.177822956001,1098813,-0.0112093582462381,-1.1209358246238144,3800.3735107421876,3931.9219775390625
2024-11-14,3861.18896484375,3874.320768012165,3833.761654371864,3851.0375903197846,1825432,-0.0010722312199421,-0.1072231219942154,3802.5574462890627,3925.9158642578127
2024-11-18,3743.4697265625,3923.681541984777,3716.181793791039,3923.681541984777,3313944,-0.0304878210709415,-3.04878210709415,3797.7355224609373,3917.6166845703124
2024-11-19,3762.142822265625,3848.383584240519,3738.440590588596,3743.842106428696,1776233,0.0049881786329475,0.4988178632947537,3795.8589111328124,3910.047724609375
2024-11-21,3793.156005859375,3811.40988220988,3747.660582048356,3767.1252292109634,2384347,0.0082434891653244,0.8243489165324469,3798.529504394531,3903.2328076171875
2024-11-22,3953.111328125,3962.750655117127,3775.600281653816,3791.432843269039,3096553,0.042169455202617,4.216945520261706,3806.834606933594,3898.5337158203124
2024-11-25,4018.76953125,4030.876783161637,3960.189149488993,3986.079860138673,4052167,0.0166092471663685,1.660924716636858,3819.2771240234374,3895.6773583984377
2024-11-26,4053.78759765625,4066.732953228961,4014.0197491006056,4024.310731522724,2060669,0.0087136289189886,0.8713628918988636,3833.0211791992188,3892.8087646484373
2024-11-27,4035.02099609375,4076.7911069702654,4027.104715840101,4059.6083950341376,1558993,-0.0046293993235734,-0.4629399323573424,3844.276232910156,3889.4738037109373
2024-11-28,3953.390869140625,4041.913795234672,3942.308166049447,4022.4023078590976,2558544,-0.020230409465564,-2.023040946556409,3852.176232910156,3884.679951171875
2024-11-29,3977.558349609375,4003.4958997310346,3907.522371310432,3930.2002766528776,2017425,0.0061131017065365,0.6113101706536561,3860.8468994140626,3880.5106884765623
2024-12-02,3982.9599609375,3993.71706181836,3939.5600270221935,3976.766726657372,1670944,0.0013580218951798,0.1358021895179861,3875.1986450195313,3879.413154296875
2024-12-03,4007.267822265625,4027.9898509787527,3972.529502098055,4018.071307960362,2010905,0.0061029640183487,0.6102964018348755,3890.032360839844,3879.73083984375
2024-12-04,4055.370849609375,4085.685821181156,3994.50852942798,4017.326044595098,3302642,0.0120039461990721,1.200394619907219,3908.2048828125,3881.219619140625
2024-12-05,4157.49072265625,4180.727516616581,4060.586315983135,4098.584281260393,3746747,0.0251813895285832,2.5181389528583287,3931.1481201171873,3885.05552734375
2024-12-06,4140.21484375,4158.375723168091,4109.713879599103,4147.199797372343,1842087,-0.0041553619860424,-0.4155361986042494,3945.3904418945312,3888.4938916015626
2024-12-09,4146.408203125,4162.473596939852,4112.321537472264,4126.198676219265,2066639,0.0014959028960415,0.1495902896041512,3959.4185791015625,3891.9920263671875
2024-12-10,4128.15380859375,4185.1975942064855,4109.108442002176,4122.193406026578,2087828,-0.0044024595835722,-0.4402459583572216,3972.7155883789064,3894.7952490234375
2024-12-11,4123.404296875,4143.148158287083,4104.358476029229,4127.502045111503,1635256,-0.0011505171413096,-0.1150517141309648,3983.367639160156,3897.2024560546874
2024-12-12,4149.01611328125,4177.002312539005,4122.054010099808,4125.825703197917,1914642,0.0062113279616216,0.6211327961621604,3995.3608154296876,3900.8688720703126
2024-12-13,4166.66455078125,4186.222421425734,4092.624040484277,4130.389630221359,1967048,0.004253644000925,0.4253644000925094,4010.4273681640625,3904.527783203125
2024-12-16,4111.99560546875,4167.6887843067,4095.045270300907,4152.787550664486,1646224,-0.013120553537781,-1.3120553537781077,4022.9677001953123,3908.1180712890623
2024-12-17,4031.249267578125,4128.526563027335,4021.470333233763,4107.152424631981,3225027,-0.0196367763095943,-1.9636776309594373,4037.3566772460936,3909.7310986328125
2024-12-18,4049.27001953125,4062.448205083399,3995.0202240369567,4015.6026408310418,1575404,0.0044702648625722,0.4470264862572293,4051.713037109375,3911.32177734375
2024-12-19,3978.5361328125,4064.311449354893,3969.316085506543,3987.942627437592,3015763,-0.0174683057384595,-1.7468305738459589,4060.982043457031,3911.861953125
2024-12-20,3883.9130859375,4081.075207937829,3867.335646043321,4031.71487338267,4116989,-0.0237833825598836,-2.378338255988366,4057.5221313476563,3910.5152392578125
2024-12-23,3872.7373046875,3927.4063874513017,3832.31779942793,3911.620211179341,2195338,-0.0028774540013432,-0.2877454001343205,4050.2205200195312,3909.419775390625
2024-12-24,3892.48193359375,3928.338029883583,3872.737615555093,3872.737615555093,1181886,0.0050983651492062,0.5098365149206252,4042.155236816406,3910.17224609375
2024-12-26,3882.796142578125,3911.5276763317006,3858.628020945553,3892.4818540644487,1208464,-0.0024883329404903,-0.2488332940490334,4034.543994140625,3910.964208984375
2024-12-27,3878.837890625,3893.8323483767854,3862.4464421773887,3877.114844483566,858100,-0.0010194333690918,-0.1019433369091826,4030.8163452148438,3912.04583984375
2024-12-30,3873.203125,3910.921874141445,3829.617196780828,3865.938955213331,1527169,-0.0014526942821248,-0.14526942821248,4025.598583984375,3913.42076171875
2024-12-31,3813.598388671875,3855.647945140545,3755.157611091625,3851.037693933587,1555429,-0.0153890034693506,-1.5389003469350682,4017.130505371094,3913.3425244140626
2025-01-01,3830.036865234375,3850.1067852265496,3804.890802542408,3813.2261358114647,763161,0.0043104896969039,0.4310489696903952,4008.2689575195313,3913.14509765625
2025-01-02,3888.98876953125,3895.740890366813,3815.600382901077,3837.067288623301,1720835,0.0153919939601592,1.5391993960159225,3999.949853515625,3914.9313720703126
2025-01-03,3818.347900390625,3892.900907869697,3811.269950829448,3892.900907869697,1791953,-0.0181643283966437,-1.8164328396643723,3982.992712402344,3916.503447265625
2025-01-06,3813.78466796875,3864.681605615779,3787.148620607623,3823.563603014824,2085593,-0.0011950803176966,-0.1195080317696661,3966.6712036132812,3917.038955078125
2025-01-07,3751.6650390625,3856.020287112112,3736.065309985075,3832.364669490885,2669054,-0.0162881846549913,-1.6288184654991378,3946.934045410156,3916.6738720703124
2025-01-08,3826.264404296875,3842.655853224678,3741.839688389106,3757.811858196048,2181277,0.019884335210538,1.988433521053801,3931.8395751953126,3917.6210302734376
2025-01-09,3761.490478515625,3853.5986360350175,3748.870951071417,3819.372365749408,2392472,-0.016928763654835,-1.6928763654835088,3913.7438842773436,3916.65244140625
2025-01-10,3972.715576171875,4001.91277334576,3883.6342250062416,3911.574039574632,7894300,0.056154627763302,5.6154627763302045,3904.928857421875,3920.198935546875
2025-01-13,3996.418212890625,4026.08107496772,3937.0924887364367,3953.4839382998034,4003771,0.0059663563283807,0.5966356328380717,3896.416540527344,3924.0443994140624
2025-01-14,3942.3544921875,4017.6523885968354,3929.315911155568,4006.569685669616,3441709,-0.0135280438190227,-1.3528043819022728,3887.9344848632813,3928.97298828125
2025-01-15,3957.767822265625,3964.1475039910265,3918.512475086078,3928.3377943076216,1653474,0.0039096763390176,0.390967633901762,3884.2604125976563,3933.916474609375
2025-01-16,3917.441162109375,3999.118734083526,3903.9837578032057,3967.4536113637214,2637705,-0.0101892435249435,-1.0189243524943548,3877.6689697265624,3938.4268896484373
2025-01-17,3911.750244140625,3946.179768328342,3888.7499900580783,3945.5156582213353,1761466,-0.0014527130678552,-0.1452713067855215,3874.3296752929687,3942.689375
2025-01-20,3867.64697265625,3932.142300220547,3858.446917151911,3932.142300220547,1287799,-0.0112745622117457,-1.127456221174572,3873.5163696289064,3942.9349462890623
2025-01-21,3827.859130859375,3899.136119079718,3822.3105229606576,3884.2452782424407,1971591,-0.0102873509599427,-1.028735095994271,3871.2724609375,3942.1752197265623
2025-01-22,3942.385986328125,3948.598240960883,3835.778482129901,3841.279620243455,2409223,0.0299192973287494,2.991929732874943,3873.7676635742187,3943.7786669921875
2025-01-23,3931.81103515625,3975.345448560087,3926.688958070982,3953.1987172495446,1822998,-0.0026823733669275,-0.2682373366927559,3876.218408203125,3944.2076220703125
2025-01-24,3938.35498046875,3962.682991900412,3892.4966488174464,3892.4966488174464,1910099,0.0016643590584561,0.1664359058456188,3879.1942626953123,3944.791669921875
2025-01-27,3855.648681640625,3942.148791419916,3832.7908361324735,3890.599675788401,1551782,-0.0210002143631758,-2.100021436317589,3878.316540527344,3944.5979736328127
2025-01-28,3832.079345703125,3890.599531248556,3820.697777108541,3861.007499214359,2468272,-0.0061129365986402,-0.6112936598640206,3879.240588378906,3944.01578125
2025-01-29,3888.512939453125,3896.148353343233,3845.073468836012,3845.073468836012,1217089,0.0147266245447861,1.4726624544786129,3882.1643920898437,3946.9166455078125
2025-01-30,3888.75048828125,3917.062237495437,3849.3419857109207,3888.608311273599,1531251,6.108989010034094e-05,0.006108989010034,3882.152478027344,3949.448798828125
2025-01-31,3900.464111328125,3915.687239717276,3874.713400737575,3898.187889855317,1492943,0.0030121816974819,0.3012181697481964,3886.2582885742186,3951.5949609375
2025-02-01,3863.236572265625,3922.7526963272944,3846.970505085766,3901.032960408717,437172,-0.0095443870267591,-0.9544387026759192,3888.7308837890623,3949.7974658203125
2025-02-03,3858.968505859375,3866.888274001076,3792.6234860032378,3823.1639848038094,1265713,-0.0011047903296657,-0.1104790329665705,3894.096057128906,3946.6014453125
2025-02-04,3895.38916015625,3906.581314014397,3856.502364977536,3873.242663132477,2547132,0.009437924730812,0.9437924730812064,3897.552294921875,3943.4334765625
2025-02-05,3880.261474609375,3936.1259160718655,3865.939574435885,3936.1259160718655,1693912,-0.0038834850447312,-0.3883485044731238,3903.4908447265625,3940.3382861328123
2025-02-06,3872.342041015625,3926.167381981307,3842.750005598202,3893.8246615705457,2284536,-0.0020409535918058,-0.2040953591805894,3898.47216796875,3938.7173095703124
2025-02-07,3821.7412109375,3879.218228908592,3801.444171507491,3879.218228908592,1548940,-0.0130672418764055,-1.306724187640551,3889.738317871094,3935.600966796875
2025-02-10,3828.902099609375,3843.176530616503,3807.466949898956,3831.794961424154,1339511,0.0018737241159556,0.1873724115955655,3884.0656982421874,3932.5198095703126
2025-02-11,3759.28466796875,3831.794697050472,3751.175254166984,3811.307781294286,1810908,-0.0181820871439171,-1.8182087143917116,3874.1415405273438,3927.560146484375
2025-02-12,3746.575439453125,3814.485562859376,3737.090798282343,3766.445947952812,1678002,-0.0033807571488041,-0.3380757148804147,3865.598254394531,3921.38423828125
2025-02-13,3708.63671875,3779.10764599597,3701.143945163747,3763.505458238132,2277310,-0.0101262396330294,-1.01262396330295,3855.442578125,3912.407158203125
2025-02-14,3732.064208984375,3744.536419785488,3699.010141125482,3722.721744594235,1681975,0.0063170086506265,0.6317008650626565,3848.663439941406,3904.2441455078124
2025-02-17,3703.278076171875,3731.257767104663,3657.467213858333,3657.751799399881,1799806,-0.0077131933430303,-0.7713193343030333,3842.4343872070312,3895.38154296875
2025-02-18,3673.591552734375,3722.1528742505816,3665.339960372217,3697.492804650458,2149879,-0.0080162825547757,-0.8016282554775711,3828.994665527344,3886.2902978515626
2025-02-19,3589.08349609375,3675.251330310773,3573.95530675462,3672.6430537431497,4366672,-0.0230042059460101,-2.300420594601016,3811.858288574219,3875.6038818359375
2025-02-20,3584.625244140625,3592.782128290818,3557.9735409942346,3567.6478288188787,2888572,-0.0012421700297519,-0.124217002975191,3794.1718017578123,3864.316064453125
2025-02-21,3590.885498046875,3620.28788854858,3580.4523917398187,3581.495794993982,1833931,0.0017464179600037,0.1746417960003743,3780.933642578125,3852.8004833984373
2025-02-24,3486.175048828125,3569.2603724469545,3480.863556771993,3550.2436192378755,2508516,-0.0291600635207397,-2.9160063520739743,3763.638427734375,3840.284072265625
2025-02-25,3442.498046875,3469.4818051991183,3434.625748244206,3438.1824887498096,4101954,-0.0125286313341629,-1.2528631334162932,3741.337683105469,3828.5090478515626
2025-02-27,3426.373779296875,3450.5121425585785,3415.1343879133137,3425.5674922476032,3823856,-0.0046838857592852,-0.4683885759285244,3718.21884765625,3816.051123046875
2025-02-28,3303.737548828125,3414.470731581497,3278.8403664103434,3400.1963006835795,7085018,-0.0357918424457229,-3.5791842445722977,3688.38251953125,3802.5551513671876
2025-03-03,3313.03271484375,3341.6762855972443,3297.0035319217445,3305.397532195103,4990439,0.0028135303964813,0.2813530396481356,3660.8723266601564,3791.1375439453127
2025-03-04,3350.022705078125,3367.996053645755,3285.7642616440216,3294.964317196664,2797737,0.011164993955129,1.1164993955129043,3635.4250366210936,3780.683251953125
2025-03-05,3364.24951171875,3414.8026927498004,3339.3997995005207,3339.3997995005207,2501894,0.004246779169305,0.4246779169305048,3608.868054199219,3770.118603515625
2025-03-06,3415.98828125,3423.433585251506,3353.863884772035,3373.6866911774378,2786513,0.0153789929525225,1.537899295252254,3585.65439453125,3760.7824462890626
2025-03-07,3425.093505859375,3438.1823567291294,3390.189980726236,3414.4707542689284,2051315,0.0026654730226542,0.2665473022654296,3563.2919677734376,3751.70755859375
2025-03-10,3404.654052734375,3435.4318979249574,3397.96756609828,3420.635765390215,1004626,-0.0059675606198877,-0.5967560619887791,3542.437609863281,3742.3365771484373
2025-03-11,3391.043701171875,3403.8004968476407,3355.33388931262,3374.6352261327497,1995450,-0.0039975725438445,-0.3997572543844585,3520.5446899414064,3733.8854833984374
2025-03-12,3325.5048828125,3385.305592458114,3307.15224085139,3381.2746199098347,3174167,-0.0193270344279922,-1.9327034427992216,3498.8557006835936,3723.79484375
2025-03-13,3330.104736328125,3342.671884942561,3304.5436765901054,3321.805675922365,1693004,0.001383204559223,0.1383204559223028,3478.0321655273438,3712.6171630859376
2025-03-17,3317.442626953125,3348.504824268339,3298.141522671048,3309.1910361154605,2690906,-0.0038023156559818,-0.380231565598188,3458.4724609375,3702.5990576171876
2025-03-18,3317.442626953125,3317.442626953125,3317.442626953125,3317.442626953125,0,0.0,0.0,3437.7413818359373,3692.672216796875
2025-03-19,3316.873779296875,3364.2020435877325,3284.2939459919426,3364.2020435877325,3051244,-0.000171471738992,-0.0171471738992012,3418.4211669921874,3683.9763916015627
2025-03-20,3379.52001953125,3394.505799750347,3331.006169790024,3331.006169790024,2845192,0.0188871342121601,1.888713421216015,3403.7175903320312,3675.04150390625
2025-03-21,3393.69970703125,3429.8835221492395,3286.428317800792,3295.912959410607,4161925,0.004195769641266,0.4195769641266,3393.9484008789063,3667.6856884765625
2025-03-24,3441.9287109375,3461.6568103088644,3382.792113898217,3414.470721860925,1834751,0.0142113351415054,1.421133514150541,3386.81357421875,3657.069951171875
2025-03-25,3469.24462890625,3518.8018790902024,3450.5124625687754,3457.151711397248,3135390,0.0079362242111371,0.7936224211137155,3380.7315307617187,3646.5264794921877
2025-03-26,3448.42578125,3490.8220797184467,3438.988609875757,3459.7598808023267,1734499,-0.0060009742417079,-0.6000974241707979,3378.8440673828127,3636.6479052734376
2025-03-27,3463.031982421875,3474.223904812437,3424.4295409023484,3428.555452249772,2528474,0.0042356141898987,0.4235614189898706,3379.8707641601563,3626.7531884765626
2025-03-28,3420.3037109375,3472.279589767322,3406.7880975546004,3462.8424183134416,2051919,-0.0123383993278898,-1.2338399327889826,3379.5672607421875,3616.810439453125
2025-04-01,3367.80615234375,3399.2951120927096,3343.335733852344,3388.577422151902,2618493,-0.0153488002910011,-1.5348800291001163,3382.7706909179688,3605.9315576171875
2025-04-02,3361.309326171875,3380.4210168658315,3348.1257677061367,3361.356795688956,1764313,-0.0019290974236606,-0.1929097423660652,3385.184521484375,3595.8048046875
2025-04-03,3227.765380859375,3321.521146037298,3221.1261324235493,3311.088041352429,4537821,-0.0397297399179237,-3.972973991792372,3379.0716552734375,3583.8029296875
2025-04-04,3129.3623046875,3224.445829064787,3125.663387385046,3189.305420015634,5317367,-0.0304864401717065,-3.048644017170654,3367.327294921875,3567.5424560546876
2025-04-07,3105.318603515625,3121.774314969891,2898.553451648533,2940.23839811002,6623955,-0.0076832590256039,-0.7683259025603961,3351.793811035156,3551.012607421875
2025-04-08,3123.244873046875,3176.4063332063806,3087.535291604866,3131.875989149625,5557558,0.0057727633843931,0.5772763384393143,3336.701379394531,3534.7104052734376
2025-04-09,3079.2841796875,3101.4781508961373,3046.514692974098,3092.515209891059,2990265,-0.0140753271505379,-1.4075327150537942,3320.4328857421874,3519.183115234375
2025-04-11,3064.9619140625,3128.9357749466626,3040.7760781322527,3120.0203045213184,7108961,-0.0046511672158993,-0.465116721589931,3304.128796386719,3503.8407666015623
2025-04-15,3080.80126953125,3143.5895512500647,3071.696152437833,3143.5895512500647,3512160,0.005167880030116,0.5167880030116034,3291.8936157226562,3487.686533203125
2025-04-16,3105.08203125,3109.1604734732773,3062.590790324908,3080.8012559903377,2384391,0.0078813138513293,0.7881313851329397,3280.64248046875,3472.0131640625
2025-04-17,3128.88818359375,3133.3461501914685,3052.15752913606,3078.240292358944,2932346,0.0076668352411179,0.7666835241117997,3271.2147583007813,3456.5816455078125
2025-04-21,3150.41845703125,3181.148601343861,3114.851053170071,3120.5418377878595,2432946,0.0068811258741663,0.6881125874166338,3262.8635498046874,3442.325283203125
2025-04-22,3143.589111328125,3162.0841600479707,3125.1890016354123,3151.366701677712,2710498,-0.0021677582823586,-0.21677582823586,3254.19931640625,3428.0176953125
2025-04-23,3237.108154296875,3244.6009284823726,3165.3094642241085,3191.581874951358,3543923,0.0297491305819033,2.974913058190332,3247.078723144531,3414.8520751953124
2025-04-24,3226.295654296875,3236.633820616935,3213.1118640484187,3225.8214222352462,2252175,-0.003340172612289,-0.3340172612289027,3238.7085205078124,3401.7727587890627
2025-04-25,3270.30419921875,3298.568475558524,3229.5202431380058,3243.747204561521,2742991,0.0136405802931491,1.3640580293149185,3230.127294921875,3389.732001953125
2025-04-28,3266.0361328125,3279.5992157727555,3229.520264912607,3257.9741879514845,1593296,-0.001305097674788,-0.1305097674788036,3219.9668701171877,3378.617900390625
2025-04-29,3293.541259765625,3314.881699893696,3253.610832502552,3276.943139666014,1578332,0.0084215623571315,0.842156235713154,3212.2226440429686,3367.91068359375
2025-04-30,3275.710693359375,3329.014333983257,3192.530431054501,3293.067634171488,2809332,-0.0054137977939037,-0.5413797793903719,3202.856579589844,3358.2392041015623
2025-05-02,3254.18017578125,3311.562251162995,3243.747071166388,3293.067202073011,1721761,-0.0065727775110825,-0.6572777511082539,3194.550402832031,3348.391298828125
2025-05-05,3276.279541015625,3323.892391856476,3268.7865357954893,3272.201099131072,1284443,0.0067910699594466,0.6791069959446672,3189.974072265625,3339.7441552734376
2025-05-06,3281.68603515625,3294.0160693923863,3259.871359200009,3281.68603515625,1324763,0.0016501931758086,0.1650193175808612,3185.9929077148436,3330.736591796875
2025-05-07,3267.5537109375,3281.211501134211,3244.3163408615387,3244.3163408615387,1477128,-0.004306421780558,-0.4306421780558067,3187.98232421875,3322.0221044921873
2025-05-08,3271.15771484375,3297.809648457028,3251.9987864937443,3270.304189784248,2543591,0.0011029669976614,0.1102966997661436,3195.0720947265627,3313.973427734375
2025-05-09,3263.0009765625,3268.5968219353003,3222.975839240067,3223.829364277068,2531757,-0.0024935325631768,-0.2493532563176859,3202.9562133789063,3307.45177734375
2025-05-12,3433.8193359375,3443.3989159735165,3321.7109255991563,3324.3666713915923,2228678,0.0523500791455335,5.235007914553358,3218.4849365234377,3304.4356591796877
2025-05-13,3333.8515625,3436.285693012091,3329.5834737286627,3433.819593542976,3062887,-0.029112706190236,-2.9112706190236093,3231.2133056640623,3299.29498046875
2025-05-14,3365.814697265625,3377.4808526725133,3327.7814236222675,3339.5422865093847,2119499,0.0095874498808388,0.9587449880838816,3246.2559448242187,3296.8877734375
2025-05-15,3395.406494140625,3414.470714922388,3332.997742431436,3380.326007773164,3548330,0.008791867508048,0.8791867508048057,3261.9862060546875,3295.9459423828125
2025-05-16,3377.76513671875,3408.6849264465072,3363.348529175367,3408.6849264465072,1666727,-0.0051956540262022,-0.5195654026202257,3275.620361328125,3294.97376953125
2025-05-19,3337.45556640625,3367.0476004136544,3323.133665679634,3367.0476004136544,2537377,-0.0119337990301059,-1.193379903010594,3286.04873046875,3295.6481298828126
2025-05-20,3318.012451171875,3374.6357192042983,3313.934008684603,3349.786002772028,2038374,-0.0058257300651679,-0.5825730065167956,3294.428430175781,3295.747724609375
2025-05-21,3344.0947265625,3354.717478032502,3318.0119641520128,3327.212019490534,1440153,0.00786081299406,0.7860812994060051,3304.4537109375,3295.6291650390626
2025-05-22,3297.8095703125,3317.5376692737764,3273.4340900331863,3314.881923566922,2034383,-0.0138408627848822,-1.384086278488228,3307.4887817382814,3294.3003662109377
2025-05-23,3333.47216796875,3352.820743852965,3286.9974249846496,3297.8098235860703,1274331,0.0108140257634314,1.081402576343149,3312.847607421875,3292.6500439453125
2025-05-26,3355.00244140625,3362.3055693919314,3329.2042616284266,3339.54242872468,967470,0.0064588130191647,0.6458813019164733,3317.08251953125,3291.24822265625
2025-05-27,3318.39111328125,3357.5627247146417,3303.595213090552,3349.975012342405,2467680,-0.0109124594584957,-1.091245945849573,3319.7002685546877,3289.5229638671876
2025-05-28,3317.442626953125,3347.1295977218288,3312.984892276097,3338.593421360396,1222933,-0.0002858271661615,-0.0285827166161545,3320.8953369140627,3288.0509423828125
2025-05-29,3317.822509765625,3350.4495836467595,3306.820233088302,3324.0822341714443,3188072,0.0001145107407174,0.0114510740717443,3323.000927734375,3287.897294921875
2025-05-30,3284.91064453125,3325.979188538535,3275.141649033021,3310.139883545045,3404365,-0.009919718471227,-0.991971847122708,3324.537451171875,3286.9934130859374
2025-06-02,3272.011474609375,3281.6857620470387,3242.41944121709,3272.201121116267,1877585,-0.0039267947648286,-0.39267947648286,3324.3240478515627,3286.0847900390627
2025-06-03,3229.7099609375,3294.490106360913,3225.252225904789,3268.407343175387,2848125,-0.0129282901359399,-1.292829013593999,3321.725244140625,3284.33013671875
2025-06-04,3235.164306640625,3248.465279476926,3224.7342507303856,3242.9152450223373,2544807,0.0016888035672224,0.1688803567222452,3320.1057739257812,3282.695947265625
2025-06-05,3225.786865234375,3262.053070221624,3218.7057063727016,3262.053070221624,3584683,-0.0028985981908249,-0.2898598190824941,3317.8372314453127,3279.6212841796873
2025-06-06,3238.322021484375,3244.7331673196672,3213.9212139850256,3225.7868448606714,2070390,0.0038859220319533,0.388592203195337,3316.6032836914064,3276.51373046875
2025-06-09,3274.396728515625,3285.975243758928,3244.73300325164,3253.440835404879,1718678,0.011139938150658,1.1139938150658055,3308.6321533203127,3273.1630908203124
2025-06-10,3313.629638671875,3335.5426613582063,3275.640976404185,3291.7168496023487,2419874,0.0119817216449624,1.1981721644962473,3307.621057128906,3270.050791015625
2025-06-11,3322.241455078125,3338.604442179547,3300.424450431947,3320.423449229873,2847013,0.0025989073449081,0.2598907344908197,3305.4423950195314,3267.5271044921874
2025-06-12,3286.16650390625,3324.920724772973,3275.64066613998,3322.241373890929,4060134,-0.0108586180925331,-1.085861809253319,3299.9803955078123,3263.989794921875
2025-06-13,3297.1708984375,3301.76403815699,3246.933943792306,3246.933943792306,2178493,0.0033487026656042,0.3348702665604275,3295.95068359375,3261.527138671875
2025-06-16,3345.58984375,3357.742355566309,3278.511454741814,3291.7166438153617,1934088,0.0146849971699813,1.4684997169981395,3296.3573974609376,3261.0828125
2025-06-17,3363.770751953125,3368.268108670322,3337.743272382211,3358.6991651797816,2111940,0.0054342908282942,0.5434290828294275,3298.6453125,3261.132041015625
2025-06-18,3302.625244140625,3385.4923927635227,3294.683207501011,3367.4071820205213,2696327,-0.0181776679570082,-1.8177667957008257,3296.5718383789062,3262.62923828125
2025-06-19,3276.40625,3302.242397415304,3265.880412164136,3301.2855030665887,2672768,-0.0079388341705258,-0.7938834170525877,3295.501672363281,3265.5701171875
2025-06-20,3287.60205078125,3297.745224890876,3263.871022884297,3277.3633274014865,2351248,0.0034170978587437,0.3417097858743778,3293.2081665039063,3269.2157861328124
2025-06-23,3247.31689453125,3277.3632849229502,3224.734093486232,3267.7943410253647,3123421,-0.012253659545086,-1.225365954508606,3287.8238891601563,3271.6972265625
2025-06-24,3244.25439453125,3293.726017546798,3236.216575726009,3286.549310178985,3403048,-0.0009430862769067,-0.0943086276906757,3284.117053222656,3274.996630859375
2025-06-25,3296.31005859375,3301.285863026253,3253.441140373699,3260.426516604334,1757699,0.0160454938892118,1.6045493889211837,3283.0604248046875,3279.62359375
2025-06-26,3293.439453125,3302.625499921456,3268.0817495194324,3296.3101365520456,2879106,-0.0008708542029491,-0.0870854202949189,3281.841271972656,3283.876357421875
2025-06-27,3292.76953125,3316.978773543857,3283.1048040170426,3306.0702704397795,1778433,-0.0002034110189468,-0.020341101894683,3282.2342163085937,3287.630107421875
2025-06-30,3312.768310546875,3315.543210774505,3282.1476906920225,3291.620851512901,1468351,0.0060735435951642,0.607354359516421,3284.2720581054687,3291.3077099609377
2025-07-01,3281.860595703125,3334.776901436363,3266.35895353028,3306.0700701470973,2375183,-0.0093298751818378,-0.932987518183781,3286.87958984375,3293.936552734375
2025-07-02,3275.736328125,3339.4653488059707,3272.578530188305,3336.8817809002294,3090585,-0.0018660961974263,-0.1866096197426392,3288.9081909179686,3296.5794970703123
2025-07-03,3254.20654296875,3287.2193999790024,3251.144527592608,3282.147812903343,2531870,-0.0065725024848302,-0.6572502484830212,3290.3291748046877,3296.92146484375
2025-07-04,3272.387451171875,3279.2770439923584,3243.967734776887,3261.096050751665,1109320,0.0055868943667414,0.5586894366741424,3292.0324462890626,3297.84330078125
2025-07-07,3264.63671875,3278.416138875185,3261.4789203702617,3270.952315509477,1639174,-0.0023685252854455,-0.236852528544551,3291.5444458007814,3297.729951171875
2025-07-08,3259.373779296875,3277.3634414066432,3247.125483799789,3258.225552697699,2325242,-0.001612105697059,-0.1612105697059052,3288.831652832031,3297.5967041015624
2025-07-09,3237.939208984375,3266.837372173034,3221.8633368794976,3263.009794701244,2034938,-0.0065762848215352,-0.6576284821535272,3284.6165405273437,3296.4846630859374
2025-07-10,3236.216796875,3252.484001353674,3211.33754296644,3234.303008112803,3035012,-0.0005319470188309,-0.0531947018830969,3282.1190551757813,3295.69478515625
2025-07-11,3125.217041015625,3191.242753149758,3120.5283520064395,3157.6556670087216,7635550,-0.0342992335886026,-3.429923358860265,3273.5213623046875,3293.1155224609374
2025-07-14,3083.78369140625,3130.9586344245786,3062.062234156067,3125.217267735536,3924009,-0.0132577510827568,-1.325775108275684,3260.4310546875,3289.26560546875
2025-07-15,3112.10791015625,3118.901720676558,3067.8036497758007,3067.8036497758007,2590889,0.0091848915437657,0.9184891543765784,3247.8479125976564,3285.87404296875
2025-07-16,3104.234375,3115.563860083304,3092.2326031663256,3098.3774165813243,2540733,-0.0025299685562171,-0.2529968556217121,3237.928369140625,3282.60765625
2025-07-17,3081.287109375,3112.779808234124,3076.390526695053,3095.593363266516,2947640,-0.0073922464778453,-0.739224647784531,3228.172412109375,3278.810244140625
2025-07-18,3062.756103515625,3100.105758589483,3059.971786178145,3096.4571730230687,3432645,-0.0060140471178402,-0.601404711784026,3216.9301147460938,3274.8053466796873
2025-07-21,3032.31982421875,3070.1495522628406,3026.3669918654064,3062.8523807267275,3844346,-0.0099375458796534,-0.9937545879653452,3206.1802612304687,3266.7753564453124
2025-07-22,3033.6640625,3053.3469689942053,3028.8633535989743,3033.6640625,3198036,0.0004433035956543,0.0443303595654365,3195.650744628906,3260.7716064453125
2025-07-23,3052.38671875,3055.171036049811,3031.743671209123,3033.6639547012974,1922875,0.0061716313554411,0.6171631355441187,3183.4545776367186,3254.503046875
2025-07-24,3022.526611328125,3047.2022105424912,3014.845476356516,3038.945131093794,2934778,-0.0097825440133297,-0.9782544013329786,3169.908935546875,3247.04544921875
2025-07-25,3010.812744140625,3031.0715957495104,3001.019344529776,3014.845292873372,2568917,-0.0038755216061945,-0.3875521606194532,3155.8110961914062,3239.7064013671875
2025-07-28,2956.564697265625,2993.72213811463,2947.539223682625,2986.041003699968,3374473,-0.0180177418806841,-1.8017741880684168,3138.0009155273438,3232.088583984375
2025-07-29,2934.193359375,2951.475911884408,2919.9832137631183,2938.0339265993125,4785312,-0.0075666661079039,-0.7566666107903908,3120.6175537109375,3224.4122021484377
2025-07-30,2931.888916015625,2946.675005072937,2925.7438682234083,2938.0337293982366,2880121,-0.0007853754259282,-0.0785375425928269,3103.425183105469,3216.1680859375
2025-07-31,2915.7587890625,2937.8420514011964,2894.827650050853,2920.463390318632,2968371,-0.0055016159940485,-0.5501615994048525,3086.502795410156,3208.5270703125
2025-08-01,2883.3056640625,2915.758501968501,2880.4252388236764,2909.133383273443,2053847,-0.01113025025312,-1.1130250253120089,3067.0487060546875,3199.523740234375
2025-08-04,2951.859619140625,2956.660327755159,2872.360072011628,2889.162552162496,2519252,0.0237761663401077,2.3776166340107707,3051.4098510742188,3191.4608837890623
2025-08-05,2941.7783203125,2954.836342347973,2920.751308991888,2951.859809051624,1927996,-0.003415236538606,-0.3415236538606092,3035.530078125,3183.9286279296875
2025-08-06,2911.438232421875,2944.5631268588136,2905.389291773203,2940.9145408794843,1487081,-0.0103135194386101,-1.031351943861014,3019.205029296875,3175.8085400390623
2025-08-07,2925.552001953125,2929.9687479023937,2890.890789951502,2895.7876067904904,2543076,0.0048476967067612,0.4847696706761217,3003.6717895507813,3167.9631298828126
2025-08-08,2915.37451171875,2937.841970823321,2904.428988797544,2926.6083584758467,2762140,-0.0034788273213329,-0.3478827321332978,2993.1796630859376,3160.5724072265625
2025-08-11,2919.59912109375,2928.3362704951187,2900.8763567070323,2915.3743566889298,1884215,0.0014490794777888,0.1449079477788828,2984.9704345703126,3153.52416015625
2025-08-12,2914.414306640625,2972.9829560524563,2906.253101394714,2919.791194448837,3358232,-0.0017758651917879,-0.1775865191787962,2975.0857543945312,3147.2182470703124
2025-08-13,2915.1826171875,2923.055733419127,2907.8856798255947,2915.086743648966,2148166,0.0002636243395883,0.0263624339588375,2965.633166503906,3140.81861328125
2025-08-14,2901.83642578125,2934.0970475783347,2898.7640190971856,2913.070037249964,3342174,-0.004578166502353,-0.4578166502353098,2956.6606323242186,3134.3396044921874
2025-08-18,2891.178955078125,2927.472362173284,2883.6898021204543,2925.072007661826,2945609,-0.0036726641820465,-0.3672664182046592,2948.0817749023436,3127.3967431640626
2025-08-19,2895.979736328125,2904.429031301108,2891.083153648401,2891.1790271854784,2650784,0.0016604925964778,0.1660492596477825,2941.2647705078125,3119.8284033203126
2025-08-20,2975.09521484375,2979.7037075526887,2890.8905988262018,2890.8905988262018,4952358,0.0273190718578497,2.7319071857849764,2938.336328125,3113.05771484375
2025-08-21,2978.936279296875,3005.2440729447403,2960.213512708241,3005.2440729447403,3230726,0.0012910727811199,0.129107278111995,2934.6638061523436,3106.191611328125
2025-08-22,2932.27294921875,2972.310813922428,2928.43238216018,2962.997485687316,1593791,-0.0156644270649317,-1.5664427064931763,2930.151123046875,3099.113740234375
2025-08-25,3015.42138671875,3026.366909314735,2954.4523833109183,2964.245782645686,3448370,0.0283563088907372,2.835630889073726,2930.381555175781,3093.47875
2025-08-26,3031.35986328125,3035.9685911364395,2995.6426326203955,3004.283909445262,5522097,0.0052856548118613,0.5285654811861384,2934.1213134765626,3087.194150390625
2025-08-28,2970.390625,3021.086158669707,2963.4776509563167,3019.645945976872,3116051,-0.0201128341836837,-2.0112834183683703,2935.9311767578124,3079.3265478515623
2025-08-29,2961.749267578125,2990.841610057071,2954.548204311535,2969.7184911417403,2271789,-0.0029091653296862,-0.2909165329686214,2937.4241943359375,3072.5090283203126
2025-09-01,2988.537353515625,3006.2999761800884,2966.8380558481663,2966.8380558481663,1246862,0.0090446839071576,0.9044683907157623,2941.063122558594,3066.751650390625
2025-09-02,2987.481201171875,3029.247369338668,2979.416103841445,2996.698656186325,2185229,-0.0003534010851521,-0.0353401085152138,2946.2718994140623,3060.7492333984374
2025-09-03,2974.0390625,3016.6692623196923,2964.917715899919,3005.1475613511693,1799774,-0.0044994889563161,-0.4499488956316133,2947.3808715820314,3055.2836767578124
2025-09-04,2972.310791015625,2993.721999084069,2967.6061901689773,2991.8017155695825,1481391,-0.0005811192953606,-0.0581119295360643,2948.9074951171874,3049.8448046875
2025-09-05,2926.80029296875,2979.703965451406,2907.885546409113,2973.655259644998,2802055,-0.0153114870034584,-1.5311487003458413,2949.6755981445312,3042.454609375
2025-09-08,2898.66796875,2942.738381698852,2895.7875434746607,2928.4323632618416,2626187,-0.0096119725989962,-0.9611972598996266,2948.331396484375,3034.5591796875
2025-09-09,2927.8564453125,2938.034042622692,2909.997947659983,2911.246178939102,2489301,0.0100696171059173,1.006961710591736,2948.9554931640623,3027.26091796875
2025-09-10,2986.041015625,2998.2347696750494,2931.696895660388,2934.5773210773896,2079428,0.0198727538044611,1.9872753804461183,2952.277587890625,3020.7263720703127
2025-09-11,2999.675048828125,3013.885194748687,2986.137189714118,3013.885194748687,2263446,0.0045659229500809,0.4565922950080958,2956.540625,3015.0826611328125
2025-09-12,3008.50830078125,3023.198517586115,2996.602635914744,3018.685897890405,1447167,0.0029447362828769,0.2944736282876947,2961.2069091796875,3009.7381005859374
2025-09-15,2987.865234375,3009.0844623500607,2972.599073208612,3009.0844623500607,1732539,-0.0068615620574785,-0.6861562057478565,2965.508349609375,3004.4112744140625
2025-09-16,3020.31787109375,3024.4465275211764,2985.176823514983,3003.323408916267,2573429,0.0108614794085712,1.0861479408571295,2971.965295410156,2999.3698828125
2025-09-17,3046.338134765625,3055.55535595913,3017.149681628776,3026.367137231914,2418271,0.0086150745657946,0.8615074565794689,2979.4832153320312,2995.0039111328124
2025-09-18,3050.08251953125,3075.334296666793,3035.392302577828,3058.0517436415034,2633138,0.0012291428593869,0.1229142859386911,2983.2325805664063,2990.8180859375
2025-09-19,3042.88134765625,3053.730996885227,3018.685821162444,3043.649507978673,4901694,-0.0023609760814297,-0.2360976081429711,2986.429833984375,2986.9169287109376
2025-09-22,2951.283935546875,2983.06448873766,2942.8346407567424,2971.638894989272,3634901,-0.0301021964526901,-3.010219645269019,2987.3803833007814,2981.218271484375
2025-09-23,2940.338134765625,2957.9087764692863,2930.352753876681,2947.6353061603577,3177741,-0.0037088267412744,-0.3708826741274484,2983.626220703125,2977.520693359375
2025-09-24,2914.414306640625,2935.153463147022,2912.1100600997443,2928.432470591566,1625714,-0.0088166145990098,-0.8816614599009842,2977.778942871094,2974.1333056640624
2025-09-25,2839.523193359375,2908.845617084501,2833.3783797594588,2901.548445826189,4974361,-0.0256967971611336,-2.56967971611336,2971.2355712890626,2968.681611328125
2025-09-26,2783.547119140625,2837.026969231378,2776.057966398974,2823.7769658283983,3934636,-0.0197131949299297,-1.9713194929929732,2962.3254638671874,2962.2678662109374
2025-09-29,2780.666748046875,2812.5434087793974,2778.6503565122343,2799.773476015783,3110035,-0.0010347843849826,-0.1034784384982612,2951.93193359375,2956.255458984375
2025-09-30,2773.273193359375,2799.101145742985,2770.1049132760872,2794.9724895498107,2253458,-0.0026589143386899,-0.2658914338689921,2941.221533203125,2950.46580078125
2025-10-01,2798.045166015625,2808.222762784315,2752.342557318892,2775.7699233020426,1952902,0.008932395378705,0.8932395378705049,2932.421838378906,2945.7803076171876
2025-10-03,2786.235107421875,2807.454332770607,2775.8657645822723,2807.454332770607,2899519,-0.0042208248591524,-0.4220824859152428,2923.118054199219,2940.831728515625
2025-10-06,2869.28759765625,2874.2805224331,2780.18662812204,2786.331441741774,2112774,0.0298081414641364,2.980814146413646,2920.2424194335936,2937.16974609375
2025-10-07,2855.17333984375,2884.7457512248284,2837.6988077034384,2875.624405031906,3062943,-0.0049190808980003,-0.4919080898000305,2918.0676879882812,2933.8226806640623
2025-10-08,2906.54150390625,2921.711792761769,2849.7011504820675,2856.422143761506,4121889,0.0179912593556617,1.7991259355661704,2917.0019409179686,2931.737255859375
2025-10-09,2939.666015625,2943.794672125363,2899.628150625765,2913.070135429991,3211304,0.0113965383512439,1.139653835124399,2914.6831909179687,2931.3992822265627
2025-10-10,2907.59716796875,2947.635030127983,2887.049994865423,2928.432196055488,8817365,-0.0109090105766426,-1.090901057664262,2910.079296875,2930.8673583984373
2025-10-13,2887.338134765625,2914.510192335436,2878.6968592818434,2906.348987711864,2866865,-0.0069676203520578,-0.696762035205789,2904.020788574219,2929.9763427734374
2025-10-14,2842.3076171875,2906.541005318549,2837.6988899902512,2900.588173459837,3611416,-0.0155958587031859,-1.5595858703185916,2896.7429077148436,2928.5073193359376
2025-10-15,2862.064208984375,2871.6049712258155,2843.946172081733,2863.2206293645645,4282226,0.0069508985154902,0.6950898515490245,2888.830224609375,2928.082490234375
2025-10-16,2862.931396484375,2867.0754517571395,2836.332787245134,2862.160371154854,3251495,0.0003029937264431,0.0302993726443157,2879.6598876953126,2926.30392578125
2025-10-17,2854.73974609375,2880.374867719902,2848.186383733,2862.2568312933195,4374683,-0.0028612807141255,-0.2861280714125502,2869.8927490234373,2924.563154296875
2025-10-20,2905.81689453125,2913.333979311689,2870.4483153754104,2877.1943748710046,3133039,0.0178920507578286,1.7892050757828626,2863.0395263671876,2924.4507275390624
2025-10-21,2897.625244140625,2921.814780103732,2887.313457420898,2921.140221212513,310644,-0.002819052503288,-0.2819052503288066,2860.356591796875,2923.8921923828125
2025-10-23,2961.713134765625,2985.613509464342,2925.959156761946,2944.1734252464703,5564758,0.022117384142271,2.2117384142271046,2861.425341796875,2924.81896484375
2025-10-24,2952.07568359375,2977.903502125272,2947.35353590782,2968.2662739630537,2684318,-0.003254012368297,-0.3254012368297032,2863.3084106445312,2925.46849609375
2025-10-27,2972.98828125,2981.95095007438,2949.184375870237,2955.2558763824863,1946312,0.0070840316772609,0.7084031677260905,2869.9816650390626,2926.6399755859375
2025-10-28,2946.968017578125,2978.096312781555,2929.9101701396817,2964.4114953280427,3470737,-0.0087522254413107,-0.8752225441310713,2878.1527099609375,2927.27568359375
2025-10-29,2946.67919921875,2964.4116062609737,2935.5963859963827,2946.968127858293,2895420,-9.800525748915324e-05,-0.0098005257489153,2886.453332519531,2928.1725390625
2025-10-30,2925.187744140625,2952.653842834952,2922.778437237614,2938.487165302022,2241536,-0.0072934492101559,-0.7293449210155956,2894.0490600585936,2928.85271484375
2025-10-31,2947.064208984375,2956.1231088421955,2915.357824198127,2924.898585437403,1868085,0.0074786532548449,0.747865325484498,2901.5000122070314,2929.874404296875
2025-11-03,2907.35888671875,2947.0642176101555,2900.805524854993,2936.3668007969727,2194877,-0.0134728392223623,-1.347283922236231,2907.556201171875,2928.519677734375
2025-11-04,2881.723876953125,2919.405532644096,2868.039060214524,2910.0574685167057,2670720,-0.0088172842653617,-0.8817284265361769,2908.178015136719,2926.5754296875
2025-11-06,2901.6728515625,2914.2977142131544,2881.531139384038,2881.627605776501,2542721,0.0069225836551929,0.6922583655192938,2910.5029907226562,2925.963427734375
2025-11-07,2883.265869140625,2895.023240036059,2853.1012989769483,2892.1320716871546,1830520,-0.0063435760554341,-0.6343576055434119,2909.339208984375,2923.3203173828124
2025-11-10,2915.4541015625,2937.3305615709287,2883.458552382941,2884.422275161144,1556656,0.0111638100275048,1.1163810027504883,2908.12861328125,2921.0022021484374
2025-11-11,2936.46337890625,2944.847720230334,2908.5154176367123,2934.5359333014544,2806868,0.0072061766750126,0.7206176675012665,2909.571923828125,2920.3236572265623
2025-11-12,3018.18701171875,3022.619995280987,2946.1969680097523,2948.991669923252,4460315,0.0278306323857304,2.783063238573047,2916.114367675781,2921.452412109375
2025-11-13,2993.033935546875,3018.2834265472866,2989.468208145196,3018.1871954349617,1740435,-0.008333836198424,-0.8333836198424094,2923.65068359375,2921.54234375
2025-11-14,2993.322998046875,3000.1655239975616,2965.6642009169345,2977.9034333434784,2210794,9.65784238418088e-05,0.0096578423841808,2930.213623046875,2921.6591796875
2025-11-17,2989.660888671875,3010.188231818854,2974.626953832486,2993.323082448971,2232853,-0.0012234260644071,-0.1223426064407173,2936.55009765625,2921.9716162109376
2025-11-18,2975.10888671875,2992.359431517968,2966.338914722159,2989.4682629851,2548350,-0.0048674423270759,-0.4867442327075921,2942.5685546875,2922.027578125
2025-11-19,3033.510009765625,3040.545232796858,2971.639057156612,2984.6493140956795,3151053,0.0196299111295001,1.9629911129500188,2948.9532104492187,2924.1617724609373
2025-11-20,3030.715576171875,3049.7008686990343,3024.258680324472,3033.79944214396,2700767,-0.0009211881895078,-0.0921188189507815,2955.6077270507812,2926.802724609375
2025-11-21,3036.30517578125,3055.0013041600305,3021.463703354114,3030.715536432949,4177037,0.0018443167855544,0.1844316785554411,2959.3373291015623,2928.97169921875
2025-11-24,3027.24609375,3063.578397230728,3017.416167982308,3043.4366842823783,6703764,-0.0029835874547489,-0.2983587454748915,2963.095849609375,2929.79580078125
2025-11-25,3006.044189453125,3035.534202019235,3001.996600643867,3031.197449305625,2737920,-0.0070036936675376,-0.7003693667537614,2964.748645019531,2929.92318359375
2025-11-26,3048.158935546875,3062.711244826224,3003.9241504478728,3005.658898650244,2508527,0.0140100222882657,1.4010022288265755,2969.8081909179687,2930.7161962890623
2025-11-27,3022.81298828125,3064.6384631299097,3011.6337098367826,3064.6384631299097,2836233,-0.0083151659088529,-0.8315165908852951,2973.614880371094,2931.4151513671877
2025-11-28,3023.68017578125,3033.12470593688,3011.6336412163846,3026.089482694223,1616690,0.0002868809626537,0.0286880962653723,2978.539501953125,2931.4823974609376
2025-12-01,3019.72900390625,3039.581788202742,3008.935355329588,3024.0657566161144,1747647,-0.0013067426597057,-0.1306742659705762,2982.172741699219,2930.95021484375
2025-12-02,3021.945556640625,3029.9445029896465,3007.200550647543,3017.4161065078188,2512003,0.0007340237258071,0.0734023725807109,2987.9020751953126,2930.3874755859374
2025-12-03,3064.638427734375,3095.3810901757683,3025.125793917674,3026.089516693691,3952112,0.0141276109359196,1.4127610935919632,2997.047802734375,2930.8226171875
2025-12-04,3112.053466796875,3132.0989471151875,3071.769808666434,3078.13047294951,5025905,0.0154716584616976,1.5471658461697624,3007.5668334960938,2934.0380078125
2025-12-05,3120.72705078125,3152.915532717371,3105.5001838412545,3112.824571063191,5244013,0.0027870934985261,0.2787093498526127,3019.439892578125,2937.6457861328126
2025-12-08,3119.088623046875,3141.639640868843,3092.200852929616,3125.3528208067405,2544725,-0.0005250147506379,-0.0525014750637931,3029.621618652344,2941.7392724609376
2025-12-09,3091.912109375,3116.3905759892023,3065.795125666069,3112.824848451781,2734893,-0.0087129661757823,-0.8712966175782322,3037.3940551757814,2946.78705078125
2025-12-10,3073.5048828125,3108.0062080861744,3062.807700289892,3108.0062080861744,1386849,-0.0059533472852243,-0.5953347285224342,3040.159948730469,2952.5862060546874
2025-12-11,3076.10693359375,3092.0083609433445,3038.714674477584,3088.73179730002,1914362,0.0008466070107131,0.0846607010713151,3044.3135986328125,2958.495009765625
2025-12-12,3103.669189453125,3106.078496384854,3070.131589906683,3081.696263178982,1146554,0.008960109792794,0.8960109792794047,3049.830908203125,2965.1029296875
2025-12-15,3113.017333984375,3120.727116365754,3081.31094805451,3094.610369719165,1562190,0.0030119655029656,0.3011965502965674,3055.99873046875,2971.402373046875
2025-12-16,3088.828125,3103.187500999765,3075.336005430436,3103.187500999765,1734623,-0.0077703418867298,-0.777034188672987,3061.6846923828125,2977.4542333984373
2025-12-17,3101.067138671875,3119.474102184826,3084.394687896739,3084.394687896739,1376350,0.003962348559577,0.3962348559577,3065.062548828125,2982.08982421875
2025-12-18,3161.78173828125,3168.5277977297296,3104.1510690788923,3110.897128527372,2307422,0.0195786150039234,1.957861500392344,3071.615856933594,2988.2219921875
2025-12-19,3162.938232421875,3197.535786859188,3159.854366515901,3179.321520036492,3902511,0.0003657729205728,0.0365772920572826,3077.947509765625,2993.3499267578127
2025-12-22,3204.281982421875,3207.8479451634685,3171.6118722001,3189.9226061933546,2632816,0.0130713112182221,1.3071311218222137,3086.7993041992186,2998.64224609375
2025-12-23,3189.92236328125,3199.463124574492,3174.0209376032617,3199.463124574492,2365420,-0.0044813843536241,-0.4481384353624107,3095.993212890625,3004.28875
2025-12-24,3198.595947265625,3206.4021959958864,3176.5267894381177,3184.236571775606,1367708,0.0027190580197862,0.2719058019786224,3103.5150634765623,3010.51390625
2025-12-26,3161.0107421875,3199.5596536775915,3153.108262388808,3192.910060559104,1176664,-0.0117505323266151,-1.175053232661516,3110.424951171875,3016.88796875
2025-12-29,3133.544677734375,3168.7205598617948,3125.2565675579217,3161.010777477703,2079473,-0.0086890133230352,-0.8689013323035288,3115.918176269531,3022.317578125
2025-12-30,3129.01513671875,3148.96415100114,3121.9799134409154,3132.099002526,2807593,-0.0014455006969614,-0.1445500696961477,3121.3824829101563,3027.6392529296877
2025-12-31,3089.887939453125,3128.2441532690227,3082.467321081629,3122.461816571668,3362634,-0.0125046366207917,-1.250463662079171,3124.7796020507812,3032.342216796875
