Date,Close,High,Low,Open,Volume,Daily_Return,Daily_Return_Percent,SMA_20,SMA_50,RSI_14,MACD,MACD_Signal,MACD_Histogram,Future_Close_5D,Future_Return_5D,Target,Volatility_20,Volume_SMA_20,Volume_Ratio,NIFTY_Close,NIFTY_Return,NIFTY_Momentum_20,NIFTY_Volatility_20
2018-03-14,1163.1885986328125,1177.7542017544838,1158.4140602105922,1165.626281980383,3668668,3.473785513152805e-05,0.0034737855131528,1208.6406860351562,1189.0736181640625,39.41818970319127,0.0483472151238402,8.152337564603318,-8.103990349479478,1151.040283203125,-0.0104439773945226,0,0.0175965069904179,6652067.6,0.551507925144958,10410.900390625,-0.0015296296913748,-0.0122251105932303,0.0077418562152464
2018-03-15,1156.25830078125,1169.494248351658,1150.5771937161774,1166.4521858443015,2348906,-0.005958017349644,-0.5958017349644074,1207.7925537109377,1190.9299340820312,38.07313407428988,-3.871357645280568,5.747598522626541,-9.61895616790711,1140.8062744140625,-0.0133638187563687,0,0.0171553721472656,6627136.3,0.3544375569882273,10360.150390625,-0.0048746984502608,-0.013403612525042,0.0077714102861644
2018-03-16,1138.529541015625,1157.1847323849083,1130.1891275555947,1155.895409738505,7197482,-0.0153328713434067,-1.533287134340677,1205.7749084472655,1192.547448730469,34.80158297581619,-8.312493484219658,2.9355801212573014,-11.24807360547696,1135.4874267578125,-0.0026719677867108,0,0.0174109659291607,6863748.6,1.04862261417908,10195.150390625,-0.0159264097313983,-0.0332226645844199,0.008387660503214
2018-03-19,1140.6651611328125,1147.5147929728894,1136.2330464127629,1139.8593220928035,3489940,0.0018757704918945,0.1875770491894579,1203.7190063476562,1194.1477783203125,35.52034989918677,-11.526923736328172,0.0430793497402066,-11.57000308606838,1135.024169921875,-0.0049453524164227,0,0.0174042877393828,6912457.8,0.5048768615990683,10094.25,-0.0098969006595315,-0.0342556003346676,0.008438581968976
2018-03-20,1154.3038330078125,1157.668151415266,1135.8299367604347,1136.2328562129926,4024984,0.0119567707857888,1.1956770785788828,1202.535418701172,1195.87255859375,40.064648393736086,-12.82600582146938,-2.530737684501711,-10.29526813696767,1147.3941650390625,-0.0059860045259879,0,0.0176599702031088,7035295.8,0.5721129735582688,10124.349609375,0.0029818569358792,-0.0244787993995191,0.0084016417424883
2018-03-21,1151.040283203125,1162.140735117148,1148.3205765743962,1157.3862653368255,3907678,-0.0028272883718869,-0.2827288371886949,1200.7625610351563,1197.2740014648436,39.350001066227165,-13.95798002277752,-4.816186152156873,-9.141793870620646,1147.9781494140625,-0.0026603185255524,0,0.0175601528199309,7136226.3,0.5475832513887627,10155.25,0.0030520864862653,-0.0198013959779622,0.0084537767180662
2018-03-22,1140.8062744140625,1158.7764268055632,1137.2605628022825,1152.3297141910637,2326094,-0.0088910952452361,-0.8891095245236125,1196.512762451172,1198.268173828125,37.11430872826267,-15.502177263125986,-6.953384374350696,-8.54879288877529,1172.354736328125,0.0276545305032323,1,0.0156227004070648,7098069.6,0.3277079728832188,10114.75,-0.003988084980675,-0.0271893772032637,0.0084089798796514
2018-03-23,1135.4874267578125,1141.9140707828917,1127.388804705208,1128.980316884259,3654122,-0.004662358347373,-0.4662358347373052,1191.837890625,1199.1993798828123,35.97045709735096,-16.959650956625865,-8.954637690805729,-8.005013265820136,1172.9993896484375,0.0330360002292,1,0.0155585791682154,7107625.2,0.5141129276203252,9998.0498046875,-0.0115376252811487,-0.0370472404470139,0.0087126536083302
2018-03-26,1135.024169921875,1139.214493146931,1120.7406940955957,1135.830008878156,2964210,-0.0004079805949593,-0.0407980594959389,1186.62412109375,1199.3366845703124,35.86677360909239,-17.945228886233053,-10.752755929891194,-7.19247295634186,1172.8585205078125,0.033333519750986,1,0.0153172353871473,7087710.7,0.4182182548731849,10130.650390625,0.0132626450685744,-0.0343530362329869,0.008942364284554
2018-03-27,1147.3941650390625,1153.5588548066692,1137.4622359022296,1138.247909475669,2494574,0.0108984420288062,1.08984420288063,1182.9172729492188,1199.8508203125,40.77579847906595,-17.526121056648435,-12.107428955242645,-5.418692101405792,1191.815673828125,0.0387151252312236,1,0.0154829008260834,7144245.3,0.3491725011177878,10184.150390625,0.0052810034832027,-0.0376513553812447,0.0087621294596982
2018-03-28,1147.9781494140625,1158.3936587016517,1138.2476820285792,1142.6394655956983,6865654,0.0005089657876899,0.0508965787689996,1179.0250732421875,1200.4903955078123,41.0053821091981,-16.951446698066093,-13.076232503807333,-3.87521419425876,1188.733154296875,0.0355015510561889,1,0.0154307830722711,7401638.0,0.927585758719894,10113.7001953125,-0.0069176310846069,-0.0417459819721357,0.0088334417221933
2018-04-02,1172.354736328125,1174.107475579224,1144.2914312439932,1144.2914312439932,1662988,0.0212343648931858,2.1234364893185864,1176.4987670898438,1201.860690917969,49.760180144478,-14.363453339102762,-13.33367667086642,-1.029776668236341,1178.096435546875,0.0048975783871811,0,0.0163685098343849,7349444.2,0.2262739813712715,10211.7998046875,0.0096996754383196,-0.026784888295396,0.0091642119807917
2018-04-03,1172.9993896484375,1180.5137989455511,1165.283520602136,1165.283520602136,1937290,0.0005498790599265,0.0549879059926539,1173.9513244628906,1202.4017602539063,49.971620647328905,-12.120711800527031,-13.091083696798544,0.9703718962715104,1183.6165771484375,0.0090513154513933,0,0.0163657084560016,7360402.5,0.2632043560117806,10245.0,0.003251160025411,-0.0203999309015019,0.0092067342636027
2018-04-04,1172.8585205078125,1182.166001791824,1165.2433800892825,1180.3326981002415,2841820,-0.0001200931064996,-0.012009310649963,1170.0238647460938,1202.6337109375,49.922177290036245,-10.23668777097464,-12.520204511633764,2.283516740659124,1214.4599609375,0.0354701267904633,1,0.0153385960398757,7359585.1,0.3861386153412371,10128.400390625,-0.0113811234138604,-0.0222466033816571,0.0093066462828851
2018-04-05,1191.815673828125,1194.1526265205089,1176.665960177355,1179.1640413165176,1809424,0.0161632055263618,1.6163205526361857,1168.3144775390624,1203.0096533203125,56.20242183736555,-7.131691610919006,-11.442501931490812,4.310810320571807,1264.8651123046875,0.0612925640102777,1,0.0153563007383039,7354718.1,0.2460222098791251,10325.150390625,0.0194255748599863,0.0074054580213185,0.0100813929229512
2018-04-06,1188.733154296875,1192.6414528977743,1179.1638183150094,1190.2239364391978,1129018,-0.0025864062698126,-0.2586406269812658,1166.760211181641,1202.9935327148437,54.99469337976953,-4.863628466805039,-10.12672723855366,5.26309877174862,1270.5257568359375,0.0688065292394759,1,0.0153345604256368,7315280.4,0.1543369410692719,10331.599609375,0.0006246125727966,0.0174705452571628,0.0098201849607157
2018-04-09,1178.096435546875,1194.0520891103708,1174.5104908914227,1184.4625841249983,1235866,-0.0089479448870015,-0.8947944887001569,1165.1475219726562,1201.442297363281,50.92786139057725,-3.879743129202325,-8.877330416683392,4.997587287481068,1284.3665771484375,0.090204959793662,1,0.0153636340694043,7279482.4,0.1697738839233954,10379.349609375,0.0046217431767943,0.0133460787527337,0.0096909928646832
2018-04-10,1183.6165771484375,1191.5339074113165,1178.8217752076837,1178.8217752076837,1184532,0.0046856449395842,0.4685644939584232,1163.2034545898437,1200.1175048828125,52.87550452908039,-2.6243260203666523,-7.626729537420045,5.002403517053393,1275.8848876953125,0.0779545609011047,1,0.0152027672226325,7245087.2,0.1634945125298146,10402.25,0.0022063415808168,0.0171509699784975,0.0096814292563285
2018-04-11,1214.4599609375,1218.8316775417509,1186.8399036011613,1188.85450141528,3124416,0.026058593960698,2.605859396069809,1162.4379272460938,1198.824541015625,61.96017862047198,0.8496106038639937,-5.931461509163238,6.781072113027232,1272.8631591796875,0.0480898507325866,1,0.016343729202351,7296741.0,0.4281933537177761,10417.150390625,0.0014324199692374,-0.0004078146737191,0.0086967810716704
2018-04-12,1264.8651123046875,1269.1964971760024,1211.9617592724037,1212.78776396818,6114360,0.0415041689215323,4.15041689215323,1167.5237731933594,1198.9712036132812,71.59684478133657,7.582597405941897,-3.228649726142211,10.811247132084109,1285.7764892578125,0.0165324956390193,0,0.0135730907865206,3199101.3,1.9112742694331064,10458.650390625,0.0039838150015909,0.0030498935384477,0.0087417246085259
2018-04-13,1270.5257568359375,1305.781204145641,1261.9838852758426,1269.1961031493158,8179118,0.0044752950146089,0.4475295014608971,1172.8906311035155,1198.6041455078123,72.44119830210924,13.222879536490607,0.0616561263843529,13.161223410106256,1370.91357421875,0.079012815633753,1,0.0135361434878515,3424623.8,2.388325981966253,10480.599609375,0.0020986664560156,0.0066948310073895,0.0087418397180909
2018-04-16,1284.3665771484375,1289.322507723035,1253.3821003764835,1255.4974281999912,6270274,0.0108937738869367,1.0893773886936795,1179.296044921875,1198.8845776367189,74.44183414759586,18.59532693394067,3.768390287895616,14.826936646045052,1373.411865234375,0.0693301193524023,1,0.0133738337418597,3620692.2,1.7317887447046727,10528.349609375,0.0045560370379273,0.016235210147355,0.0086982920283872
2018-04-17,1275.8848876953125,1287.3075961376364,1268.0681906211194,1284.366264206858,3301724,-0.0066037917865755,-0.6603791786575552,1186.1638122558593,1199.3217456054688,71.03848409033489,21.91599480253172,7.397911190822836,14.518083611708878,1364.144775390625,0.0691754315350032,1,0.0127931028036609,3425904.3,0.9637525484877087,10548.7001953125,0.0019329321966454,0.0346782333895347,0.0077514897296981
2018-04-18,1272.8631591796875,1286.7033863683405,1267.5244752704175,1275.6432646602998,2433066,-0.0023683394519102,-0.2368339451910284,1192.7737121582031,1199.4869506835937,69.81389833092778,24.0268531678164,10.72369958622155,13.303153581594849,1398.2313232421875,0.0984930415798153,1,0.012896194733423,3373060.6,0.7213229433233426,10526.2001953125,-0.0021329642120266,0.0427917076863064,0.0073207734260929
2018-04-19,1285.7764892578125,1296.2725616305397,1275.5423735746062,1281.243645002039,4820952,0.0101451047467249,1.014510474672492,1199.347344970703,1199.7891381835936,72.03267666011686,26.43697248396893,13.866354165771025,12.570618318197903,1426.03271484375,0.1090828979668911,1,0.0128553126169437,3412859.0,1.4125845808455608,10565.2998046875,0.003714503681244,0.0435534342773176,0.0073271293302973
2018-04-20,1370.91357421875,1378.9317321155252,1305.459314379897,1309.48850979465,18465662,0.0662145292531217,6.621452925312177,1210.3410095214845,1202.2006103515623,81.62319527773292,34.815528896824844,18.05618911198179,16.759339784843053,1390.8582763671875,0.0145484752091709,0,0.0185253032698704,4140758.2,4.45948811983274,10564.0498046875,-0.0001183118343168,0.0402550212636321,0.0073410793331081
2018-04-23,1373.411865234375,1433.54761597407,1365.716159839532,1379.596720487214,15185910,0.001822354860735,0.1822354860735009,1221.9712890625,1205.5158374023438,81.82020564874506,41.18246065290873,22.681443420167177,18.50101723274156,1423.1522216796875,0.0362166351583281,1,0.0181334010186519,4783749.0,3.174478844939398,10584.7001953125,0.0019547797489403,0.0464618695778442,0.007204922750179
2018-04-24,1364.144775390625,1387.3126535964198,1346.7588330933738,1373.955907508872,8314336,-0.0067474951093192,-0.6747495109319268,1233.4041564941406,1208.9857885742188,78.46009967531522,44.96222667765642,27.137600071665027,17.82462660599139,1410.1175537109375,0.0337008059186005,1,0.018224712247244,5016759.7,1.6573119896494144,10614.349609375,0.0028011576629851,0.0616420018630585,0.0064271563395927
2018-04-25,1398.2313232421875,1403.3685466040024,1355.844213687526,1363.8824376269158,8196574,0.0249874855414826,2.498748554148267,1246.5645141601562,1212.9831567382812,81.47381803048822,50.13034659201185,31.736149375734392,18.39419721627745,1402.9053955078125,0.0033428462000026,0,0.0183916220570351,5278377.9,1.5528585022303916,10570.5498046875,-0.004126470890766,0.043422623138746,0.0061375487620545
2018-04-26,1426.03271484375,1434.3932937327822,1396.921783531336,1396.921783531336,12135034,0.0198832561818864,1.9883256181886464,1260.4964416503906,1217.5566943359374,83.50138272647523,55.82593221857428,36.55410594430237,19.27182627427191,1402.4619140625,-0.0165289341092238,0,0.0185076756639522,5760400.9,2.106630113192295,10617.7998046875,0.004469966167611,0.0425808140521664,0.0061183902877116
2018-04-27,1390.8582763671875,1427.947044762899,1377.9850149799984,1420.2915724574543,4501330,-0.0246659407672962,-2.4665940767296224,1272.640447998047,1221.4621997070312,72.66554154538552,56.84615455785252,40.6125156670124,16.233638890840112,1378.3673095703125,-0.0089807617419515,0,0.0200563257908161,5642184.7,0.7977991220315775,10692.2998046875,0.0070165195587046,0.057209487942224,0.0058231424018256
2018-04-30,1423.1522216796875,1429.9615229173949,1385.076323140467,1390.8581598231506,3458558,0.0232187174360058,2.32187174360059,1285.180322265625,1226.4608251953125,75.77389993349387,59.57380981090091,44.40477449579011,15.169035315110804,1386.526611328125,-0.0257355536488814,-1,0.0201205232346325,5731963.2,0.6033810545050254,10739.349609375,0.0044003446916887,0.051660805614828,0.0056093842622282
2018-05-02,1410.1175537109375,1423.192272123545,1398.6545133367165,1422.507328631035,3158046,-0.0091590117839718,-0.9159011783971828,1297.03623046875,1231.08552734375,72.20486637422493,59.99215525882073,47.52225064839624,12.469904610424493,1405.9072265625,-0.0029857986927099,0,0.0204727383914693,5793001.0,0.5451485335493641,10718.0498046875,-0.001983342144752,0.0461737242252318,0.0056957406505913
2018-05-03,1402.9053955078125,1420.6942532908868,1398.2918882249064,1414.166976622289,3761550,-0.0051145794080394,-0.5114579408039499,1308.53857421875,1235.5079711914063,70.2336858156147,59.06091864188375,49.82998424709374,9.230934394790005,1390.575927734375,-0.0087885240251531,0,0.0206254148396002,5838987.5,0.6442127166739097,10679.650390625,-0.0035826866605626,0.0544261659037734,0.0049266832937013
2018-05-04,1402.4619140625,1409.0093553046215,1398.130529856173,1406.9947579993536,2347244,-0.0003161164300404,-0.031611643004048,1319.070886230469,1239.9976977539063,70.10694518164429,57.62288096469297,51.38856359061359,6.234317374079375,1392.8721923828125,-0.0068377769004144,0,0.0206614386104074,5865878.5,0.4001521681705476,10618.25,-0.005749288448515,0.0283869578927515,0.0033977985974411
2018-05-07,1378.3673095703125,1406.1889180087285,1374.3179493159985,1406.1889180087285,3484426,-0.01718022019036,-1.718022019036003,1328.5525939941406,1243.8350952148437,63.41166714241535,53.91746554911629,51.89434398231414,2.0231215668021463,1383.4444580078125,0.003683450994701,0,0.0213160399154897,5983648.9,0.5823246079829316,10715.5,0.0091587596826219,0.0371578850458591,0.003805869028947
2018-05-08,1386.526611328125,1404.7788849785618,1368.596692962559,1383.9076344882108,2992820,0.0059195409678978,0.5919540967897818,1338.974102783203,1247.0495825195312,64.64306956562234,51.05080272216082,51.72563573028348,-0.6748330081226541,1403.1270751953125,0.0119726976255336,0,0.0209634608596689,6071496.6,0.4929295356930612,10717.7998046875,0.0002146241134337,0.0326080349973758,0.0037632350415252
2018-05-09,1405.9072265625,1408.103118469109,1386.1238370133467,1386.1238370133467,2615050,0.0139778169968267,1.3977816996826764,1350.0886352539062,1250.5880297851563,67.44569499651594,49.76909827276222,51.33432823877924,-1.5652299660170144,1407.760498046875,0.0013182032564882,0,0.0209801760873391,6143022.5,0.4256943548554477,10741.7001953125,0.0022299717349214,0.0326323819666418,0.0037634350376478
2018-05-10,1390.575927734375,1414.710766495073,1386.123647574815,1411.406846260895,3858678,-0.0109049150174799,-1.090491501747992,1358.89443359375,1253.6135571289062,63.17929700541328,46.97473507087284,50.46240960519796,-3.487674534325123,1406.914306640625,0.0117493612397487,0,0.0210122659974383,6179735.6,0.6244082675640686,10716.5498046875,-0.0023413789407356,0.0287410090893904,0.0038661973899007
2018-05-11,1392.8721923828125,1404.1741011635374,1387.050026759104,1391.7641640389963,2627876,0.0016513047598765,0.1651304759876515,1365.2947875976563,1257.040378417969,63.55119013787086,44.43327236247728,49.25658215665383,-4.823309794176545,1411.04443359375,0.0130465963139445,0,0.0193953009216549,6005411.4,0.4375846757143066,10806.5,0.0083935778727175,0.0332595121151393,0.0041361337712941
2018-05-14,1383.4444580078125,1398.5337756716328,1374.2780381298148,1392.8929019005575,2433894,-0.0067685566748746,-0.6768556674874637,1370.94072265625,1260.1928247070311,60.83446406715476,41.18366581900523,47.64199888912411,-6.458333070118883,1433.0841064453125,0.0358812008318585,1,0.0195736442651832,5718150.2,0.4256435936222871,10806.599609375,9.217542682682378e-06,0.0311050905626038,0.0041504449712454
2018-05-15,1403.1270751953125,1408.5262564700292,1383.5049117545318,1390.0725204379444,1952890,0.0142272550759596,1.4227255075959675,1376.8787475585937,1263.7977490234375,64.2687075244534,39.73847156977217,46.06129342525372,-6.32282185548155,1413.80419921875,0.007609520343659,0,0.0196455146869869,5502281.0,0.354923712547578,10801.849609375,-0.0004395462191344,0.0259774808158403,0.0041095586476808
2018-05-16,1407.760498046875,1413.8446222608684,1400.2460882052103,1402.139790311008,1648450,0.003302211847717,0.3302211847717062,1383.4725280761718,1267.473994140625,65.04572551077577,38.522954575543054,44.55362565531159,-6.030671079768538,1408.244384765625,0.0003437280129832,0,0.0194719977227479,5419617.3,0.3041635430605036,10741.099609375,-0.005624036826737,0.0182391584271204,0.004385580613768
2018-05-17,1406.914306640625,1423.5749686702711,1400.5481589714966,1415.4360145778994,2968048,-0.0006010904606458,-0.0601090460645825,1390.1750854492188,1270.5841259765623,64.7687132620546,37.064115968448505,43.05572371793898,-5.991607749490477,1452.0010986328125,0.0320465800790981,1,0.0194402775128049,5446366.4,0.5449592961648706,10682.7001953125,-0.0054370051657959,0.014867663268431,0.0045649329580814
2018-05-18,1411.04443359375,1417.3500852208088,1393.2958076941122,1402.4823931329347,1874996,0.0029355924050462,0.2935592405046261,1396.4384826660155,1274.2849462890624,65.54010265775322,35.82823697660433,41.610226369672056,-5.781989393067725,1444.78857421875,0.0239143005150148,1,0.0194104691222392,5299068.6,0.3538350116848837,10596.400390625,-0.0080784636009318,0.0029436538964755,0.0049101819850367
2018-05-21,1433.0841064453125,1447.28702055291,1417.4911395669478,1421.7821934178012,3446178,0.0156194038450159,1.5619403845015922,1399.5470092773437,1278.5502587890626,69.39146302351,36.20980725916911,40.53014254757147,-4.320335288402362,1411.04443359375,-0.0153791900645878,0,0.0133364024444871,4548094.4,0.7577191009931543,10516.7001953125,-0.007521440524559,-0.0044821456023418,0.0052024852765142
2018-05-22,1413.80419921875,1440.4170519619795,1407.6798424708238,1433.5875860865517,1857416,-0.0134534373382908,-1.3453437338290852,1401.5666259765626,1282.619338378906,62.78126156964048,34.55811266180399,39.33573657041798,-4.77762390861399,1419.687255859375,0.0041611537466617,0,0.0137950049039252,3881669.7,0.478509544488033,10536.7001953125,0.0019017372016476,-0.0045348473848373,0.0052013360919812
2018-05-23,1408.244384765625,1428.3500341926792,1402.5631788504136,1420.291641898221,1507298,-0.003932520823037,-0.3932520823037078,1403.7716064453125,1286.334267578125,60.97734194921615,32.42670733527916,37.953930723390215,-5.527223388111054,1415.899169921875,0.0054356937184052,0,0.0137201495920137,3541317.8,0.4256319497786954,10430.349609375,-0.0100933483885982,-0.0173350235079391,0.0055923394228391
2018-05-24,1452.0010986328125,1456.554109020846,1411.1652630624544,1414.247558136423,2962316,0.0310718184574689,3.107181845746898,1406.4600952148437,1290.7788793945313,68.61950101587306,33.87783182002522,37.13871094271722,-3.260879122691996,1414.680419921875,-0.025702927322905,-1,0.0143185209610308,3279604.9,0.9032539254957206,10513.849609375,0.0080054842960344,-0.0053639778781758,0.005870341245646
2018-05-25,1444.78857421875,1480.6484050387903,1439.4498915404856,1460.582996883663,3769772,-0.0049672995570414,-0.4967299557041449,1407.3978881835938,1296.4116870117186,66.3141723068305,34.05332248222271,36.52163325061832,-2.468310768395611,1407.692626953125,-0.025675692573693,-1,0.0137506293862039,2861341.8,1.3174839860096408,10605.150390625,0.008683858400313,-0.0011913404184655,0.0061191086881138
2018-05-28,1411.04443359375,1457.1585565430182,1404.577555124834,1457.1585565430182,3716798,-0.0233557637616609,-2.335576376166093,1408.407196044922,1301.3688037109375,56.71414531508805,31.11090283742351,35.439487167979365,-4.328584330555856,1417.2806396484375,0.0044195674538785,0,0.0136257625205187,2822115.2,1.3170256125618116,10688.650390625,0.007873532851907,-0.0003413123583478,0.0061738935298542
2018-05-29,1419.687255859375,1427.9471079226978,1405.3836096033774,1422.2659020339647,3525312,0.0061251240994677,0.6125124099467749,1408.2339477539062,1306.6373828125,58.37621623364422,29.14050400485371,34.17969053535424,-5.03918653050053,1398.876708984375,-0.0146585431327287,0,0.0126470425868327,2825452.9,1.247698023916803,10633.2998046875,-0.0051784447909389,-0.0098748814914194,0.0061861797014194
2018-05-30,1415.899169921875,1423.514307594808,1403.16687693148,1413.8644071817423,3779106,-0.0026682538156665,-0.2668253815666599,1408.5230285644532,1312.184775390625,57.33704342895453,26.962475226431707,32.73624747356973,-5.773772247138027,1402.2484130859375,-0.0096410515140641,0,0.0124831064933889,2856505.9,1.3229820390008646,10614.349609375,-0.0017821556488181,-0.009675285821787,0.0061837659876016
2018-05-31,1414.680419921875,1429.3062186321035,1402.53282203613,1408.951942418684,5049371,-0.0008607604452987,-0.0860760445298702,1409.1117797851562,1317.6650805664062,56.98556700933599,24.85155552565743,31.159309083987274,-6.307753558329843,1410.2115478515625,-0.0031589269260963,0,0.0124224754059401,2920896.95,1.728705629275966,10736.150390625,0.0114751054687722,0.0052904353544753,0.0066812205163596
2018-06-01,1407.692626953125,1428.0469055955266,1394.5701131166174,1425.2029999513818,1603856,-0.0049394851800775,-0.4939485180077585,1409.3733154296874,1322.7328564453126,54.90730125590216,22.357061671125848,29.39885960141499,-7.041797930289143,1419.596435546875,0.008456255553114,0,0.0124811657871174,2883727.55,0.5561745942330787,10696.2001953125,-0.0037210912532843,0.0073411527617546,0.0065997039039088
2018-06-04,1417.2806396484375,1421.1402257389234,1391.563588281689,1417.8900479785143,1681483,0.00681115501476,0.681115501476004,1411.3189819335937,1328.0576635742189,57.21309438503736,20.912760528071885,27.70163978674637,-6.788879258674484,1421.7086181640625,0.0031242778541893,0,0.0118539198443445,2793580.4,0.6019096497097417,10628.5,-0.0063293687549125,-0.0081190798376183,0.0064224948983647
2018-06-05,1398.876708984375,1423.496849079537,1390.3856579204455,1417.0777271522852,2449568,-0.0129853821107919,-1.298538211079192,1411.9364868164062,1333.219072265625,51.743711118185225,18.074743676089383,25.77626056461497,-7.701516888525589,1447.141845703125,0.0345027809876052,1,0.0122274155308142,2766417.8,0.8854656733339411,10593.150390625,-0.0033259264595192,-0.0116301308415915,0.0064537306569403
2018-06-06,1402.2484130859375,1409.6832137316374,1393.676030511858,1400.0139161217269,2236512,0.0024102939736629,0.2410293973662991,1411.7535461425782,1338.5542919921877,52.63702774656386,15.91421406310974,23.803851264313927,-7.889637201204188,1482.162353515625,0.0569898597737188,1,0.0118239724875893,2747490.9,0.8140198025769622,10684.650390625,0.0086376570355291,-0.0053110591107723,0.0067519434932322
2018-06-07,1410.2115478515625,1421.140230935882,1400.6641506454469,1401.6391643021136,2414762,0.0056788331449064,0.567883314490647,1412.7353271484376,1344.0580395507814,54.76677630731496,14.675368688795515,21.978154749210248,-7.302786060414732,1452.464111328125,0.0299618617794852,1,0.0116031513945585,2675295.1,0.9026151918717304,10768.349609375,0.0078335945201764,0.0048336270191029,0.0069655934679181
2018-06-08,1419.596435546875,1427.884448722578,1409.7646672153344,1409.7646672153344,2582138,0.006654950251691,0.665495025169105,1414.0715393066407,1349.5020849609375,57.20892593956556,14.286174679613625,20.439758735290926,-6.153584055677303,1495.1221923828125,0.0532022728042724,1,0.0116769752221963,2673008.2,0.9660045188039452,10767.650390625,-6.493276828523076e-05,-0.0035950223823624,0.0066976574060416
2018-06-11,1421.7086181640625,1432.5154962395195,1416.2646114268196,1419.596022975917,2179378,0.0014878754019791,0.1487875401979144,1415.9847473144532,1354.9766943359375,57.7616504669404,13.986938389122995,19.14919466605734,-5.162256276934343,1486.1436767578125,0.0453222677069784,1,0.0115323602011493,2660282.4,0.8192280639078017,10786.9501953125,0.0017923877528847,-0.0018182790861848,0.006711865074045
2018-06-12,1447.141845703125,1450.392023907961,1424.3905982692747,1427.6407764741105,4608875,0.0178891984012208,1.788919840122083,1418.1854858398438,1360.4724365234374,63.82148758657807,15.621960148816015,18.443747762609075,-2.8217876137930595,1482.487548828125,0.0244244910959827,1,0.0117728294340931,2793081.65,1.650103927323428,10842.849609375,0.0051821333231696,0.0037956462534356,0.0068125172247134
2018-06-13,1482.162353515625,1488.297103962435,1460.9549626056355,1475.5807631211535,5370983,0.0241997755206122,2.419977552061225,1421.9055786132812,1366.6556958007814,70.16808306890826,19.5185908099852,18.6587163720843,0.8598744379008991,1480.8214111328125,-0.0009047203092372,0,0.0128122941999022,2979208.3,1.8028222464337256,10856.7001953125,0.0012773935299743,0.0107624535793897,0.0066747721385056
2018-06-14,1452.464111328125,1488.8254814752404,1449.579538378856,1486.9565892563378,3819998,-0.0200371046512259,-2.003710465122599,1424.1830688476562,1372.2478076171874,60.47890339804377,19.97998194198408,18.922969486064257,1.0570124559198213,1478.302978515625,0.0177896768574012,0,0.0137733977981518,3021805.8,1.2641441087974614,10808.0498046875,-0.0044811397339686,0.0117338881634068,0.0066328886987775
2018-06-15,1495.1221923828125,1500.8505702369866,1453.3167282580152,1462.5797531991172,9183574,0.0293694561689934,2.9369456168993446,1428.3869567871093,1378.3139379882812,67.43484332944394,23.516702463531143,19.841716081557635,3.674986381973511,1470.5428466796875,-0.0164396902329115,0,0.0151038391526119,3387234.7,2.711230491350363,10817.7001953125,0.0008928891705157,0.0208844321212411,0.0063102972036865
2018-06-18,1486.1436767578125,1517.792240805985,1480.5777675708323,1517.792240805985,4674987,-0.0060052052405767,-0.6005205240576794,1431.0399353027344,1384.2621484375,64.84776395809902,25.30340587114165,20.93405403947444,4.36935183166721,1478.2213134765625,-0.0053308192237062,0,0.0149263300940599,3448675.15,1.35558926157484,10799.849609375,-0.0016501276255774,0.0269237887173683,0.0060203192616637
2018-06-19,1482.487548828125,1494.269444941037,1479.643642869836,1480.578088950787,3245034,-0.0024601443231004,-0.2460144323100488,1434.474102783203,1390.349970703125,63.77482212044959,26.12322989272866,21.971889210125283,4.151340682603376,1504.83251953125,0.0150726194771675,0,0.0145273049695411,3518056.05,0.9223940590713444,10710.4501953125,-0.0082778387936898,0.0164899823264683,0.0063898697835913
2018-06-20,1480.8214111328125,1492.0752297314891,1477.693135222503,1488.581249351117,3107695,-0.0011238797227197,-0.1123879722719767,1438.1029541015623,1396.2940673828125,63.26114242999391,26.334930265654062,22.844497421231043,3.4904328444230224,1509.7078857421875,0.0195070616836079,0,0.0144755950108928,3598075.9,0.8637102402425697,10772.0498046875,0.0057513557555179,0.0327601861979174,0.0059289149443836
2018-06-21,1478.302978515625,1488.5816874064644,1476.8810254845323,1488.5816874064644,2910659,-0.0017006997591025,-0.1700699759102586,1439.4180480957032,1401.570927734375,62.4424380393467,25.999778608134648,23.47555365861177,2.524224949522882,1497.2755126953125,0.0128339957744914,0,0.0128481645057448,3595493.05,0.8095298640613421,10741.099609375,-0.0028731945983977,0.0216143475932322,0.0058110474010464
2018-06-22,1470.5428466796875,1484.5185702273902,1462.214266852194,1484.5185702273902,2949458,-0.0052493514176163,-0.5249351417616399,1440.70576171875,1405.684482421875,59.87126122434736,24.82185977150584,23.74481488119058,1.0770448903152603,1501.3790283203125,0.0209692507159853,1,0.0128551844565744,3554477.35,0.8297866914245493,10821.849609375,0.0075178522624927,0.0204333942252779,0.005736173105058
2018-06-25,1478.2213134765625,1480.7401811321292,1467.4551008045469,1472.2491323224249,2083217,0.0052215185801707,0.5221518580170725,1444.0646057128906,1409.8383935546874,61.55800123436815,24.228645957128265,23.84158109637812,0.3870648607501437,1504.3040771484375,0.0176446946300159,0,0.0115298573207642,3472798.3,0.5998669718307568,10762.4501953125,-0.0054888412061319,0.0069045016901507,0.0056746732569064
2018-06-26,1504.83251953125,1512.145420544091,1479.6436382647985,1481.2687273787628,4679712,0.0180021799253466,1.8002179925346695,1448.3218688964844,1414.2477124023435,66.77096904450963,25.610598625928787,24.195384602288257,1.4152140236405302,1522.7490234375,0.0119059786878017,0,0.0120274447076285,3530518.3,1.3255028305617338,10769.150390625,0.0006225529680423,0.012775957457497,0.005522946213123
2018-06-27,1509.7078857421875,1531.7684917464949,1504.2232096233718,1511.3329749625773,4081208,0.0032398065217624,0.3239806521762478,1453.0123046875,1418.9241723632813,67.63684815501823,26.79038450434109,24.714384582698827,2.075999921642264,1516.3297119140625,0.0043861638628319,0,0.0119536219096958,3545623.4,1.1510551289795752,10671.400390625,-0.0090768534614481,0.0053748730114948,0.00591867204945
2018-06-28,1497.2755126953125,1520.2705586828515,1483.9498640055867,1515.3952923268405,4888125,-0.0082349527112413,-0.8234952711241306,1457.142059326172,1423.4124194335936,63.11997516545819,26.4176583881972,25.055039343798505,1.3626190443986914,1527.8271484375,0.0204048189415655,1,0.012199275207456,3537561.1,1.381778253950158,10589.099609375,-0.0077122756374413,-0.0136967885042302,0.0055530968554935
2018-06-29,1501.3790283203125,1517.3455468218715,1496.9507006813878,1499.063296443191,3506276,0.0027406550031752,0.2740655003175218,1461.8263793945312,1427.7244702148437,63.97512793411422,26.151926542064984,25.274416783451805,0.8775097586131793,1554.357177734375,0.0352863257143885,1,0.0120592111132524,3632682.1,0.9652030933287556,10714.2998046875,0.0118234977411728,0.001692153198753,0.0061590463737874
2018-07-02,1504.3040771484375,1509.5450481177745,1495.97549692638,1504.8322508536878,2650290,0.0019482414320102,0.1948241432010222,1466.1775512695312,1430.3922802734376,64.60514790362426,25.87904165127543,25.39534175701653,0.4836998942588977,1530.021484375,0.0170958834834193,0,0.0120335917174928,3681122.45,0.7199679000083249,10657.2998046875,-0.005319993003655,0.0027096772533754,0.0061074874794131
2018-07-03,1522.7490234375,1527.5023888111675,1508.935767268261,1511.2920669117902,3242233,0.0122614480471441,1.226144804714413,1472.3711669921877,1433.3790234375,68.36250843144657,26.841716820852525,25.684616769783734,1.1571000510687917,1523.6019287109375,0.0005601088953661,0,0.0115782694345847,3720755.7,0.8713909918890939,10699.900390625,0.0039973151471972,0.0100772665414505,0.0061074624736112
2018-07-04,1516.3297119140625,1527.50219711946,1509.0168125068933,1527.50219711946,2700614,-0.0042156070531874,-0.4215607053187464,1478.0752319335938,1436.4227221679687,65.74666216569496,26.777979161860912,25.90328924819917,0.8746899136617401,1608.7567138671875,0.0609544225288933,1,0.0117294358780365,3743960.8,0.7213253942188711,10769.900390625,0.0065421169772132,0.0079787355583296,0.0059774460326307
2018-07-05,1527.8271484375,1533.6774279578726,1513.0387820699646,1521.8955351338254,2472571,0.0075824119471512,0.7582411947151257,1483.956011962891,1439.014638671875,68.10099881560805,27.34005451737744,26.190642302034828,1.1494122153426112,1601.8094482421875,0.0484232132413333,1,0.0117516204005814,3746851.25,0.6599063680470368,10749.75,-0.0018709913642785,-0.0017272479116768,0.0057323499034142
2018-07-06,1554.357177734375,1560.8982015439333,1528.9245908604937,1529.8996047210455,3713781,0.0173645489439084,1.7364548943908489,1490.6940490722657,1441.5811279296877,72.75451840765807,29.585214987491327,26.86955683912613,2.7156581483652005,1609.7318115234375,0.0356254241832474,1,0.0121136214569569,3803433.4,0.9764285605737174,10772.650390625,0.002130318437638,0.0004643538579551,0.0057534472810582
2018-07-09,1530.021484375,1563.6608507091291,1524.7399444661112,1563.3358130310671,6151747,-0.015656435797367,-1.5656435797367083,1496.1096923828125,1444.3643920898437,63.590473679630605,29.06578152671864,27.308801776644632,1.756979750074006,1616.313232421875,0.0563990433651488,1,0.01292585842925,4002051.85,1.5371482505905063,10852.900390625,0.0074494202531476,0.0061138870689474,0.0059788294556283
2018-07-10,1523.6019287109375,1542.9405243965432,1520.067380538108,1542.2092146258606,5303302,-0.0041957290989838,-0.4195729098983802,1499.9326965332032,1446.373386230469,61.39364311078883,27.8154827050289,27.41013796232149,0.4053447427074097,1630.11376953125,0.069907919393636,1,0.0125940859769375,4036773.2,1.313747822146659,10947.25,0.0086934926129518,0.0096285012138075,0.0061773256453134
2018-07-11,1608.7567138671875,1623.4637480030783,1539.0810299876762,1543.8343949979226,22903802,0.0558904419531001,5.589044195310011,1506.2624145507812,1450.3461694335938,74.15053419516497,33.31189261269333,28.59048889239586,4.721403720297467,1628.566650390625,0.0123138174670411,0,0.0167542367616141,4913414.15,4.661484112834249,10948.2998046875,9.589665783638068e-05,0.008437150121779,0.0061751223495074
2018-07-12,1601.8094482421875,1617.694731583203,1592.9933609811794,1612.0881551576945,6921701,-0.0043184066087282,-0.4318406608728287,1513.7296813964845,1454.3242504882812,72.05853747262152,36.68437613593278,30.20926634110325,6.475109794829532,1613.2197265625,0.0071233680965199,0,0.015902649529347,5068499.3,1.3656312431571216,11023.2001953125,0.0068412805605608,0.0199064951136409,0.0062192342443184
2018-07-13,1609.7318115234375,1623.382598140494,1603.9627656890175,1604.7753101498529,4148185,0.0049458837253981,0.494588372539817,1519.4601623535157,1458.4696484375,72.99422094481655,39.54056313371643,32.075525699625885,7.465037434090547,1625.594970703125,0.0098545354363561,0,0.0148366938051093,4816729.85,0.8612035819281001,11018.900390625,-0.0003900686380828,0.0185991654122272,0.0062270564554869
2018-07-16,1616.313232421875,1621.8385738514976,1606.7658360076691,1616.963307597435,2582159,0.0040885201195153,0.4088520119515326,1525.9686401367187,1463.2285668945312,73.77975701527971,41.85272540440542,34.0309656405818,7.821759763823621,1632.9637451171875,0.0103015383165325,0,0.0146561144760836,4712088.45,0.5479861058210823,10936.849609375,-0.0074463674542162,0.0126853618295827,0.006483557490531
2018-07-17,1630.11376953125,1635.6908938163583,1612.8938081882557,1619.4072612248565,3315492,0.0085382813383865,0.8538281338386522,1533.349951171875,1468.1003100585938,75.39589347172758,44.28819196248082,36.082410904961606,8.205781057519218,1627.54931640625,-0.0015731743225121,0,0.0145950674330455,4715611.35,0.7030884765344371,11008.0498046875,0.006510119262449,0.0277859103910727,0.0062508168524064
2018-07-18,1628.566650390625,1637.8889894118056,1622.7045829675744,1632.434012765006,2013869,-0.0009490866033662,-0.0949086603366233,1540.7372131347656,1472.5534985351562,74.83898775866207,45.56819538038144,37.97956780004557,7.588627580335867,1613.301025390625,-0.0093736568879992,0,0.0145913497451764,4660920.05,0.4320754225337978,10980.4501953125,-0.0025072206126145,0.0193464005833239,0.0062202362240744
2018-07-19,1613.2197265625,1636.871646580396,1603.9380348084594,1630.0732488991744,1746318,-0.0094235773675237,-0.942357736752375,1547.4830505371094,1477.0063745117188,69.36555124872395,44.82749535534958,39.34915331110638,5.478342044243206,1599.6226806640625,-0.008428514525675,0,0.0148737104375054,4602703.0,0.3794114023868148,10957.099609375,-0.0021265599790679,0.020109672925058,0.0061981142845228
2018-07-20,1625.594970703125,1628.3632080342638,1615.3363023699897,1616.0690856910858,1934995,0.0076711460546012,0.7671146054601286,1555.2356567382812,1481.660830078125,71.19498785140125,44.72351913777766,40.42402647644063,4.299492661337027,1582.565673828125,-0.0264698757381048,-1,0.0147086064528724,4551979.85,0.4250886567522921,11010.2001953125,0.0048462264495676,0.017404657497211,0.0060782010517306
2018-07-23,1632.9637451171875,1636.4646672205931,1616.965052888614,1629.1777798741775,2086201,0.0045329707257124,0.4532970725712459,1562.9727783203125,1486.6512158203125,72.25737077416284,44.72020901586984,41.28326298432647,3.436946031543372,1583.2576904296875,-0.0304391661089407,-1,0.0147091746137736,4552129.05,0.4582912692248916,11084.75,0.0067709763096985,0.0299466941856674,0.0060199506968312
2018-07-24,1627.54931640625,1640.5762243914926,1615.4587373099307,1640.5762243914926,2038423,-0.003315706626756,-0.3315706626756065,1569.1086181640626,1491.1396606445312,70.2083615278794,43.77606336488884,41.78182306043895,1.994240304449896,1579.6749267578125,-0.0294150162860488,-1,0.0144951400162368,4420064.6,0.46117493395911,11134.2998046875,0.004470087704955,0.0339069843783013,0.0060520399413275
2018-07-25,1613.301025390625,1629.991750104482,1602.6352650851063,1629.910351812629,1535492,-0.0087544450247973,-0.8754445024797386,1574.2882751464845,1495.2504711914062,64.98589474470673,41.400859786778256,41.70563040570681,-0.3047706189285577,1609.22998046875,-0.0025234254846452,0,0.0147747490997366,4292778.8,0.3576918521867467,11132.0,-0.0002065513528324,0.0431620586347452,0.0055237516515228
2018-07-26,1599.6226806640625,1616.1506082515234,1591.8065565419402,1607.9680427469734,3503036,-0.0084784826336118,-0.8478482633611839,1579.4056335449218,1499.104638671875,60.345179872794674,37.9769906258914,40.95990244974374,-2.9829118238523336,1586.351806640625,-0.008296252725004,0,0.0147849611699693,4223524.35,0.8294106319050819,11167.2998046875,0.0031710209025781,0.0546033389657223,0.0050159007224093
2018-07-27,1582.565673828125,1599.5820911759656,1579.756786727936,1596.488160971844,2033977,-0.0106631439039465,-1.0663143903946517,1583.4649658203125,1502.5350634765623,55.06448219250251,33.501012924598626,39.46812454471471,-5.967111620116086,1611.6322021484375,0.0183667122325499,0,0.0151170959744443,4149909.4,0.4901256398513182,11278.349609375,0.0099441948035536,0.0526445792043945,0.004850342642339
2018-07-30,1583.2576904296875,1591.4809056000822,1572.6326790349274,1581.955019606516,1579251,0.0004372751241903,0.0437275124190339,1587.412646484375,1505.53853515625,55.23563323047966,29.66761846673512,37.5080233291188,-7.840404862383679,1608.4564208984375,0.0159157480308282,0,0.0151250485550015,4096357.45,0.3855256820910489,11319.5498046875,0.0036530340643325,0.0621405057694555,0.0044821936978456
2018-07-31,1579.6749267578125,1585.2114007836103,1569.7419520856708,1581.1404932315213,2204803,-0.0022629062176875,-0.2262906217687543,1590.2589416503906,1508.8559497070312,54.087032020926046,26.040349712912075,35.214488605877456,-9.17413889296538,1601.7801513671875,0.0139935275511049,0,0.0149882073501042,4044485.95,0.5451380044972093,11356.5,0.0032642813495284,0.0613650207389124,0.0044768474814541
2018-08-01,1609.22998046875,1613.341637426529,1587.4913708543645,1587.6134185880885,2425180,0.0187095795535587,1.8709579553558784,1594.903955078125,1512.8756616210935,61.246199269173154,25.259384464345658,33.2234677775711,-7.964083313225444,1607.1947021484375,-0.0012647529222141,0,0.0153644990077236,4030714.25,0.6016750009008949,11346.2001953125,-0.0009069523785937,0.0535102260731361,0.0044757900133218
2018-08-02,1586.351806640625,1616.150840035328,1583.5835686996031,1612.0799311183623,1509287,-0.0142168453892841,-1.4216845389284138,1597.8301879882813,1515.56267578125,54.20077828083464,22.534621363489123,31.08569849475471,-8.551077131265586,1607.4794921875,0.0133184111232025,0,0.0157959847749022,3982550.05,0.3789750238041579,11244.7001953125,-0.0089457261684782,0.0460429493999861,0.005087163889539
2018-08-03,1611.6322021484375,1613.7491544406953,1592.9467686903038,1592.9467686903038,1505131,0.0159361847743899,1.593618477438996,1600.6939392089844,1518.8995483398437,59.71538131045647,22.15970038351543,29.300498872506854,-7.140798488991425,1622.745361328125,0.0068955926574765,0,0.0157259213103382,3872117.55,0.3887100483300152,11360.7998046875,0.0103248292403026,0.0545965377818575,0.005396303637128
2018-08-06,1608.4564208984375,1627.5081898959008,1605.7695819950015,1625.920575608578,1532249,-0.001970537226649,-0.1970537226649082,1604.6156860351562,1522.8477880859375,58.758239404655335,21.36008800167292,27.71241669834007,-6.352328696667151,1628.4854736328125,0.0124523440449741,0,0.0152098813393984,3641142.65,0.4208154272670421,11387.099609375,0.0023149606664707,0.0492217932094405,0.0052780625997357
2018-08-07,1601.7801513671875,1611.3875340050556,1596.2030272829804,1610.61400185238,1353521,-0.0041507307531035,-0.4150730753103571,1608.5245971679688,1526.4896459960937,56.70070756616124,19.9576113524181,26.16145562915568,-6.2038442767375805,1631.2535400390625,0.0184003957389022,0,0.0152088248982776,3443653.6,0.39304795348754,11389.4501953125,0.0002064253425486,0.0403937240231564,0.0050846414118234
2018-08-08,1607.1947021484375,1610.6957232707994,1597.4245215882647,1605.566338721742,1315062,0.0033803332976929,0.3380333297692939,1608.4464965820312,1530.315556640625,57.98566441327318,19.063297671279315,24.741824037580407,-5.678526366301092,1635.2840576171875,0.017477257379707,0,0.0086420782399543,2364216.6,0.5562358372748081,11450.0,0.0053163061999621,0.0458244845558299,0.0051159618471925
2018-08-09,1607.4794921875,1612.73102336897,1600.6810954084906,1612.0796383056008,2060297,0.0001771969747546,0.01771969747546,1608.729998779297,1534.1715380859375,58.05616989372984,18.168097295482767,23.427078689160883,-5.258981393678116,1638.7440185546875,0.019449409164556,0,0.0085824655902942,2121146.4,0.971312965479422,11470.7001953125,0.001807877319869,0.0405961963922505,0.0050009978015216
2018-08-10,1622.745361328125,1625.513598704025,1605.606897918885,1612.853034801882,2784105,0.0094967738094442,0.9496773809444248,1609.3806762695312,1538.4725927734376,61.76057250342452,18.47747576674078,22.43715810467686,-3.95968233793608,1636.4644775390625,0.0084542630888861,0,0.0087728082216973,2052942.4,1.3561534897423329,11429.5,-0.0035917768410803,0.0372632109211499,0.0051312012159905
2018-08-13,1628.4854736328125,1631.8235985746676,1620.2215098733134,1626.5721666016502,3559575,0.0035372846790882,0.3537284679088204,1609.989288330078,1542.696689453125,63.08090901399248,18.967197479163133,21.743165979574115,-2.775968500410982,1642.733642578125,0.0087493374525029,0,0.0087615981778459,2101813.2,1.6935734345944728,11355.75,-0.006452600726191,0.0383017418714362,0.005040518168833
2018-08-14,1631.2535400390625,1648.3920026201838,1614.0335797902374,1621.8497030600347,3311765,0.0016997796118347,0.1699779611834762,1610.0462768554687,1547.3442260742188,63.73125810957997,19.355546597038938,21.26564210306708,-1.9100955060281424,1656.94140625,0.0157473167600434,0,0.0085588500028534,2101626.85,1.575810187236616,11435.099609375,0.0069876150298306,0.0387943198172715,0.0050646110453289
2018-08-16,1635.2840576171875,1644.6878966579309,1624.2926039065417,1628.607806970134,2152065,0.0024708100115622,0.2470810011562241,1610.382147216797,1552.004938964844,64.70616554745979,19.760755466597857,20.96466477577324,-1.20390930917538,1663.373291015625,0.0171769750139723,0,0.0085715787806037,2108536.65,1.0206438669206912,11385.0498046875,-0.0043768577797491,0.0368472696636539,0.0051667949954141
2018-08-17,1638.7440185546875,1646.193800086509,1631.619929540973,1639.639598438931,1213731,0.0021158164671044,0.2115816467104458,1611.6583618164063,1556.5755883789063,65.56195021638189,20.129041288570534,20.7975400783327,-0.6684987897621646,1669.8052978515625,0.0189543204705453,0,0.0082698832741065,2081907.3,0.5829899342780536,11470.75,0.0075274326228431,0.046878317158449,0.0052289213575869
2018-08-20,1636.4644775390625,1647.90377024459,1631.375841884898,1647.90377024459,1587032,-0.0013910293430913,-0.1391029343091321,1612.201837158203,1560.91294921875,64.45310632249283,20.00634979982624,20.63930202263141,-0.6329522228051694,1684.70458984375,0.0294782520285632,1,0.0081215422992748,2064509.15,0.768721223638074,11551.75,0.0070614388771439,0.0491861905397561,0.0053084132776177
2018-08-21,1642.733642578125,1647.9036762303183,1631.6200430659871,1636.6272801415007,1376866,0.0038309203316715,0.3830920331671539,1612.69033203125,1565.3334497070311,66.14877095709988,20.18233573284533,20.5479087646742,-0.3655730318288626,1686.9842529296875,0.0269371791047725,1,0.0081040757372169,2029042.4,0.6785792154959404,11570.900390625,0.0016577912978552,0.0438575872820767,0.0052098986850374
2018-08-23,1656.94140625,1659.3025534115357,1644.8915749155829,1646.9270294707983,3046791,0.0086488541438629,0.8648854143862961,1614.1599365234374,1569.5294409179687,69.67885182868605,21.223601178603985,20.68304724746016,0.5405539311438297,1695.4520263671875,0.0232419927294502,1,0.0082609214924321,2079460.8,1.4651831859489728,11582.75,0.0010240870610727,0.0402764613113528,0.0051864557136179
2018-08-24,1663.373291015625,1665.8158362300385,1653.6031101579708,1656.9412354068522,1570533,0.0038817816619005,0.3881781661900563,1616.6635498046876,1573.153659667969,71.14580544825405,22.31062786323878,21.00856337061588,1.3020644926228968,1692.1951904296875,0.0173273789892733,0,0.0079591531770819,2081212.85,0.7546239203741222,11557.099609375,-0.0022145337355118,0.0381871729585878,0.0052502378469714
2018-08-27,1669.8052978515625,1676.4002496403184,1656.859887332709,1663.3733414352455,1532702,0.0038668450856333,0.3866845085633397,1620.1726806640625,1577.5004833984376,72.57474651092332,23.421129339671324,21.49107656442697,1.930052775244352,1671.4332275390625,0.0009749218604075,0,0.0076107887283917,1982696.15,0.7730392778540475,11691.9501953125,0.0116682031387971,0.0469809533012426,0.0056852540589971
2018-08-28,1684.70458984375,1686.9843381637986,1670.7007055560398,1673.1432504472036,1987983,0.0089227720210001,0.8922772021000114,1625.2796264648437,1581.2921313476563,75.59032832867618,25.21282040645633,22.235425332832847,2.977395073623484,1708.8858642578125,0.0143534211041149,0,0.0071156795439205,1980396.45,1.0038308238736744,11738.5,0.0039813550271674,0.0407994437628094,0.0054139033608399
2018-08-29,1686.9842529296875,1690.7295677501663,1665.4898390959602,1687.3913437243134,1525867,0.0013531530095427,0.1353153009542751,1630.4659545898437,1585.3089428710937,76.02471251646377,26.51109484561971,23.09055923539022,3.4205356102294893,1692.8868408203125,0.0034988992223101,0,0.0071001921702746,1977727.25,0.7715254972595438,11691.900390625,-0.0039698095476423,0.0328944695117916,0.0055589260862934
2018-08-30,1695.4520263671875,1697.568978464179,1681.6924340612768,1683.727888471905,2408020,0.0050194739060513,0.5019473906051397,1636.2548095703123,1589.568232421875,77.61800021616219,27.901632588176422,24.05277390594746,3.8488586822289648,1689.67138671875,-0.0034094976198315,0,0.0069910886624123,1987888.1,1.2113458498997,11676.7998046875,-0.0012915424723947,0.0282040949841499,0.0055819102103332
2018-08-31,1692.1951904296875,1703.2681412209804,1688.6128704074154,1695.370618370859,2504554,-0.0019209248547588,-0.1920924854758809,1640.4030700683593,1593.7957080078124,75.53872784924786,28.4133133363257,24.92488179202311,3.488431544302589,1693.3756103515625,0.0006975672360676,0,0.00610489572095,1991856.8,1.257396616061958,11680.5,0.0003168843668119,0.0294635912404939,0.0055618872350417
2018-09-03,1671.4332275390625,1701.6394426091713,1667.7694105573682,1697.405738296394,1439711,-0.0122692482569656,-1.2269248256965626,1644.657141113281,1597.6583129882813,63.80443295426796,26.834179408856244,25.30674131538974,1.527438093466504,1694.108642578125,0.0135664498380523,0,0.0058331151896578,1988378.0,0.7240630302688925,11582.349609375,-0.0084029271542314,0.0300274269831803,0.0055094769838781
2018-09-04,1708.8858642578125,1713.648906639267,1674.7309822246712,1677.0514795438055,4420803,0.0224074980092943,2.240749800929432,1649.51982421875,1602.4251733398437,72.19526106382719,28.2788383274758,25.90116071780696,2.377677609668844,1666.01904296875,-0.0250846602372007,-1,0.0067217534671724,2134161.6,2.071447166887456,11520.2998046875,-0.0053572726415783,0.0140395045016274,0.0052985407259887
2018-09-05,1692.8868408203125,1715.6839222405213,1689.4673183622365,1709.7811065156457,1681106,-0.0093622539527814,-0.9362253952781452,1653.7413452148437,1606.7184838867188,65.23789088082809,27.8121522678191,26.283359027809382,1.528793240009719,1664.146484375,-0.0169771279168228,0,0.0071935073833646,2141604.45,0.7849750218813749,11476.9501953125,-0.003762888996809,0.0078905594066751,0.0053754211700684
2018-09-06,1689.67138671875,1694.7192736978334,1677.4586607492724,1689.427092444393,2238097,-0.001899391042584,-0.1899391042584075,1658.1359069824218,1610.4152612304688,63.90496937537769,26.87306397630755,26.401300017509016,0.4717639587985331,1681.6109619140625,-0.0047704097187444,0,0.0070995451592397,2185833.25,1.0239102182199855,11536.900390625,0.0052235301445313,0.0129462083580809,0.0054815982723638
2018-09-07,1693.3756103515625,1696.754384342133,1681.6105276974913,1692.9277707350925,1312182,0.0021922745818676,0.2192274581867659,1662.4449523925782,1614.0886157226562,64.79728879087196,26.126558921173228,26.34635179824186,-0.219792877068631,1688.73486328125,-0.002740530241456,0,0.0070985085867199,2185689.25,0.6003515824584853,11589.099609375,0.0045245444601755,0.0121484375,0.0054489442197009
2018-09-10,1694.108642578125,1704.4079620006005,1688.8164613085069,1697.080326396514,1530539,0.0004328822395229,0.043288223952298,1666.776409912109,1618.0252783203125,64.98178079064051,25.30242723028164,26.13756688464981,-0.8351396543681773,1685.966796875,-0.0048059761331095,0,0.0070940705889348,2159201.35,0.7088449625135701,11438.099609375,-0.0130294850410853,-0.0028420746233801,0.0062321760926149
2018-09-11,1666.01904296875,1700.825305198152,1662.7215678446892,1700.825305198152,3679745,-0.0165807545652018,-1.6580754565201803,1668.9400939941406,1621.3180786132812,53.42683227469848,22.12762747820534,25.33557900336092,-3.207951525155579,1691.7882080078125,0.0154675092987792,0,0.0080955527095968,2203983.35,1.6695883841409236,11287.5,-0.0131664887103767,-0.0124239905507677,0.0068497433292536
2018-09-12,1664.146484375,1684.460276062609,1660.9305067272303,1670.9857292558218,2307661,-0.001123971902754,-0.1123971902754039,1670.72314453125,1624.5149267578124,52.75338853867376,19.23870416664181,24.1162040360171,-4.8774998693752885,1712.3460693359375,0.0289635470275562,1,0.0080962993521401,2141387.65,1.0776474777931964,11369.900390625,0.0073001453488372,0.0012460991678224,0.0069214921216813
2018-09-14,1681.6109619140625,1686.6182991051635,1643.1409723563504,1664.1875514044057,3642038,0.0104945554391033,1.049455543910338,1673.241015625,1627.6921655273438,58.06279789085593,18.14923591520937,22.922810411855554,-4.77357449664618,1789.9375,0.064418311095354,1,0.0083641529428387,2157901.3,1.6877685740307031,11515.2001953125,0.012779338401883,0.0070048000169433,0.0073343325083198
2018-09-17,1688.73486328125,1691.7067456978882,1672.777021512128,1685.3560887967326,1033857,0.0042363552144539,0.4236355214453979,1675.913555908203,1631.1402685546875,60.03565325021619,17.65712345217912,21.869673019920267,-4.212549567741146,1777.521484375,0.0525758205294795,1,0.0083836271804425,2101990.9,0.4918465631796979,11377.75,-0.0119364138687273,-0.000641174594115,0.007773721978788
2018-09-18,1685.966796875,1692.520999476686,1675.2603867657588,1687.798705745201,1456507,-0.0016391361761025,-0.1639136176102562,1678.2746948242188,1634.3030615234377,58.87665648817186,16.849530060392908,20.8656444280148,-4.016114367621888,1744.0992431640625,0.0344801845426689,1,0.0084144647364208,2114129.7,0.688939283148049,11278.900390625,-0.0086879751598514,-0.0167251146938953,0.0077925335368621
2018-09-19,1691.7882080078125,1700.825705098696,1682.791658534945,1686.9031174235176,1301268,0.003452862264905,0.3452862264905043,1681.0408813476563,1637.0516821289064,60.59936824750402,16.489168831720463,19.99034930875593,-3.5011804770354686,1782.1214599609375,0.0533951303866209,1,0.0083979295944081,2099841.5,0.6196982010308874,11234.349609375,-0.0039499223955404,-0.0274763902114397,0.0075932613616848
2018-09-21,1712.3460693359375,1726.8792913972277,1669.1944415923954,1691.0552985535323,4508530,0.0121515572876189,1.2151557287618964,1684.521502685547,1640.698173828125,66.01388892634253,17.6588671336458,19.524052873733908,-1.8651857400881084,1777.9285888671875,0.0382998044061755,1,0.0087095166540183,2256424.7,1.9980857327080312,11143.099609375,-0.0081224105687304,-0.0369721254878845,0.0077025078998377
2018-09-24,1789.9375,1799.74842804173,1708.2750457086966,1721.9940851880838,3032226,0.0453129376435881,4.5312937643588125,1691.1713073730468,1646.0248852539062,78.19403780808702,24.56368657264443,20.53197961351601,4.031706959128414,1836.42724609375,0.025972832064667,1,0.0129727313026913,2255696.45,1.3442526808072957,10967.400390625,-0.0157675355071025,-0.0531263827135179,0.0082668006381707
2018-09-25,1777.521484375,1800.8884598923537,1753.584621410849,1795.189187874715,2868778,-0.0069365637766681,-0.6936563776668181,1696.8787170410155,1649.4001806640624,73.64571005602451,28.7030659513739,22.1661968810876,6.536869070286308,1760.952880859375,-0.0093211832662887,0,0.0131991380461513,2320608.7,1.2362178940378874,11067.4501953125,0.0091224721560292,-0.0423678457928407,0.0086797278365633
2018-09-26,1744.0992431640625,1790.3855521602654,1738.3594212186092,1780.61537179377,1970951,-0.018802721376214,-1.880272137621408,1700.5934143066406,1652.2459765625,63.01923469969607,28.952907294504485,23.52353896377097,5.42936833073351,1681.122314453125,-0.0361085694852362,-1,0.0141000682040615,2342521.15,0.8413802368443931,11053.7998046875,-0.001233381707991,-0.0545803206449549,0.0080576849084301
2018-09-27,1782.1214599609375,1799.0970269159443,1738.9290866824708,1743.8954751365973,3311802,0.0218004892473302,2.1800489247330246,1705.4642578125,1655.69376953125,68.57456223821931,31.85181558651425,25.18919428831963,6.662621298194619,1711.939208984375,-0.0393812950202063,-1,0.0147009884052515,2408712.1,1.3749264596628217,10977.5498046875,-0.006898080420062,-0.0648251646558333,0.0079442437945941
2018-09-28,1777.9285888671875,1783.0579734773632,1757.69629231432,1773.2877928007752,2904371,-0.0023527414870151,-0.2352741487015142,1710.011474609375,1658.9260766601562,67.3726407331678,33.425582331048645,26.83647189686544,6.589110434183212,1691.503173828125,-0.0486101722983872,-1,0.0147450121122489,2477637.3,1.1722341280541748,10930.4501953125,-0.0042905393473949,-0.0651262985376662,0.0079459577353074
2018-10-01,1836.42724609375,1853.0364703054577,1783.3426484639072,1783.7902892993122,3772208,0.0329027035128757,3.290270351287572,1717.060235595703,1663.0523461914063,74.17392020234328,38.9442316979048,29.258023857073308,9.68620784083149,1703.1048583984375,-0.0725987854835531,-1,0.0162174891588107,2545846.7,1.4817105837519595,11008.2998046875,0.0071222692555139,-0.0572502750052834,0.0082755405389464
2018-10-03,1760.952880859375,1835.9796412340213,1755.0500638310173,1832.153027191292,3902322,-0.0410984782516791,-4.109847825167911,1720.4981201171877,1665.7000708007813,57.51555837149418,36.803403841868885,30.767099854032423,6.036303987836462,1663.861572265625,-0.0551356652691171,-1,0.0190966844857891,2615735.1,1.4918643711284068,10858.25,-0.0136306066649463,-0.07039510294936,0.0085716065701109
2018-10-04,1681.122314453125,1755.9047799088014,1674.2425192501266,1755.8642298460636,4762419,-0.0453337322502866,-4.53337322502867,1720.9825744628906,1667.0581225585938,45.79918435925414,28.338454738870723,30.28137083100009,-1.9429160921293624,1612.0390625,-0.041093531005564,-1,0.0216699709616971,2781870.5,1.7119484893347838,10599.25,-0.0238528307968595,-0.0848791171507427,0.0096542807801114
2018-10-05,1711.939208984375,1726.0653421196794,1645.3799490707202,1669.0726185591238,3417624,0.0183311435856319,1.8331143585631928,1721.1352416992188,1668.785007324219,50.03087558367382,23.84175452404179,28.993447569608428,-5.151693045566638,1561.8448486328125,-0.08767505269104,-1,0.0214714611788056,2731711.55,1.2510925613650534,10316.4501953125,-0.0266811146720287,-0.1044981146137503,0.0108688790313014
2018-10-08,1691.503173828125,1727.85630600329,1667.5661133864846,1711.9390145474613,2010154,-0.0119373603040343,-1.193736030403436,1721.0660583496094,1669.9557958984376,47.38862092926881,18.41677286720665,26.87811262912808,-8.46133976192143,1587.2470703125,-0.061635180547535,-1,0.0215401184770562,2748163.95,0.7314534491291904,10348.0498046875,0.0030630312536532,-0.0983624021550667,0.011030510430579
2018-10-09,1703.1048583984375,1716.0095155823244,1671.6773737830497,1693.7825202140734,1867130,0.0068588015380759,0.6858801538075943,1721.7377319335938,1671.4669067382813,49.034221122119206,14.882043866836966,24.478898876669856,-9.59685500983289,1597.6688232421875,-0.0619081289307105,-1,0.0215845974001285,2729615.6,0.6840267179012312,10301.0498046875,-0.0045419186114382,-0.1071215442703973,0.010762092801436
2018-10-10,1663.861572265625,1714.6257774175638,1651.9745402516946,1709.781436435958,2749573,-0.0230422019755823,-2.3042201975582377,1720.262030029297,1672.4781176757813,44.01875402234601,8.812554800490034,21.34563006143389,-12.533075260943855,1570.8822021484375,-0.0558816740929839,-1,0.0222160358303703,2801485.15,0.9814697750584186,10460.099609375,0.015440154906845,-0.0974191298767245,0.0115501652071657
2018-10-11,1612.0390625,1638.947808196797,1580.3267241480294,1616.1507199556097,4700256,-0.0311459262173234,-3.1145926217323483,1716.1585510253906,1672.7264453125,38.428817411241,-0.1771602590108614,17.041071997344943,-17.218232256355805,1557.6923828125,-0.0337130042017824,-1,0.0232343443686368,2959971.0,1.587939881843437,10234.650390625,-0.0215532573464155,-0.1052140879909472,0.0120083426930473
2018-10-12,1561.8448486328125,1610.4514580411708,1549.387828439003,1610.4514580411708,9373289,-0.031137095269481,-3.113709526948105,1710.9498413085937,1672.3120288085938,33.933889992873475,-11.222462220857096,11.388365153704536,-22.61082737456163,1549.387939453125,-0.0079757660887967,0,0.0239254953446807,3244648.2,2.8888460080202223,10472.5,0.0232396418340652,-0.0722037652270209,0.0134533356378617
2018-10-15,1587.2470703125,1592.172908875049,1563.228712490382,1579.512344912157,2638151,0.016264241420602,1.626424142060201,1707.1048706054687,1672.39181640625,37.893097477691896,-17.721909467560863,5.566310229451457,-23.28821969701232,1504.2275390625,-0.0523041011086289,-1,0.0243082260706361,3261172.7,0.8089577715402806,10512.5,0.0038195273334924,-0.0754096659749073,0.0133260873998333
2018-10-16,1597.6688232421875,1605.4849478489714,1575.4416226100864,1594.167802103643,2815425,0.0065659298571807,0.6565929857180741,1702.907763671875,1672.7516943359376,39.49513820884166,-21.78074500300817,0.0968991829595298,-21.877644185967707,1508.18505859375,-0.0560089571422229,-1,0.0242169581882818,3219842.05,0.8743984817516127,10584.75,0.006872770511296,-0.0808019122143668,0.0130001339882945
2018-10-17,1570.8822021484375,1619.4074119088464,1563.228874240817,1603.937959507505,2779207,-0.0167660660983489,-1.6766066098348964,1697.0151306152345,1671.9847387695313,36.86312719026891,-26.849355210589465,-5.292351695750269,-21.557003514839195,1511.8565673828125,-0.0375748319542342,-1,0.0243744858001693,3307109.55,0.8403734312339306,10453.0498046875,-0.0124424474184557,-0.081272676523258,0.0130166226649702
2018-10-19,1557.6923828125,1570.5564933789678,1522.5605220998796,1570.5564933789678,3428776,-0.0083964407502347,-0.8396440750234713,1690.6014099121094,1671.4115502929687,35.6048989778411,-31.566692326397742,-10.547219821879764,-21.01947250451797,1467.879638671875,-0.0576575613591068,-1,0.0243966727835609,3405723.0,1.0067689004654812,10303.5498046875,-0.0143020460816095,-0.086475680443832,0.0131791849664456
2018-10-22,1549.387939453125,1559.9723026758736,1536.320282026992,1558.343939103143,1778496,-0.0053312473316334,-0.5331247331633482,1683.481396484375,1670.1666650390623,34.79952621299134,-35.56534005176604,-15.550843867857022,-20.01449618390902,1526.54248046875,-0.0147448282012822,0,0.0243407844820869,3429584.4,0.5185747870791575,10245.25,-0.0056582251546914,-0.0880424451585165,0.0131814501081776
2018-10-23,1504.2275390625,1548.5714920585272,1498.8018076456872,1540.412527400685,2752811,-0.0291472517893516,-2.9147251789351625,1673.0754699707031,1668.082087402344,30.728859360766847,-41.89541975320958,-20.819759044927537,-21.075660708282044,1545.960693359375,0.0277439105541739,1,0.0246390693049503,3341798.45,0.8237513546036865,10146.7998046875,-0.0096093502171737,-0.0894095753976106,0.0132070379355223
2018-10-24,1508.18505859375,1528.9904245629905,1477.6705019195113,1511.0815317340564,2735913,0.0026309314438668,0.2630931443866835,1658.9878479003903,1666.210185546875,31.48521576836424,-46.06174366206756,-25.868155968355545,-20.19358769371201,1581.3302001953125,0.0484987841410946,1,0.0216071415694132,3326982.8,0.822340590399205,10224.75,0.0076822443344639,-0.0677143501809072,0.0132033165324115
2018-10-25,1511.8565673828125,1531.3565182036489,1489.0522947237578,1504.513497168865,2507233,0.0024343887828233,0.2434388782823315,1645.7046020507812,1664.3034228515626,32.2245700993073,-48.50815350307562,-30.396155475299565,-18.111998027776053,1579.3720703125,0.0446573467260615,1,0.0217395457430527,3308905.55,0.7577227461206925,10124.900390625,-0.0097654817354947,-0.0851641333869933,0.0129319404693675
2018-10-26,1467.879638671875,1512.590814795832,1461.352465491546,1512.590814795832,2285970,-0.0290880296846323,-2.908802968463231,1631.893621826172,1661.51142578125,28.28706426195916,-53.380187965102095,-34.99296197326007,-18.387225991842023,1561.1776123046875,0.0635596892107772,1,0.0221307804278354,3324656.5,0.6875808072202346,10030.0,-0.0093729702973544,-0.0926197165479101,0.0129563885870242
2018-10-29,1526.54248046875,1532.2129217841166,1455.8450228515824,1475.7120843856874,2609483,0.0399643405708336,3.996434057083365,1619.1146728515623,1659.5873681640626,38.99534900052032,-51.90933085651045,-38.37623574991015,-13.5330951066003,1542.7381591796875,0.0106093861901337,0,0.0237468698555795,3289540.55,0.7932667071089913,10250.849609375,0.0220189042248255,-0.0661987609477474,0.0142546045486249
2018-10-30,1545.960693359375,1557.8727620728127,1505.3290087321373,1523.2787313294853,2404883,0.0127203881575981,1.2720388157598128,1607.5162780761718,1657.9368725585937,42.0784882589557,-48.61635937723327,-40.42426047537478,-8.192098901858486,1576.8834228515625,0.0200022740714012,1,0.024152585273699,3264566.15,0.7366623586414385,10198.400390625,-0.005116572845048,-0.0669734358243943,0.0142587542586425
2018-10-31,1581.3302001953125,1586.021606194119,1530.173417632877,1550.203721344748,2769190,0.022878658550548,2.2878658550548048,1594.76142578125,1656.9384057617187,47.30272426724802,-42.660864261232064,-40.87158123254624,-1.78928302868583,1584.59423828125,0.0020641091187243,0,0.0233794203393471,3214415.25,0.8614910596880724,10386.599609375,0.0184537978056837,-0.0564755871790274,0.0149076991513918
2018-11-01,1579.3720703125,1586.3887621610336,1551.2644682437983,1585.8176742977032,2769759,-0.0012382802039514,-0.1238280203951447,1585.6823852539062,1655.820166015625,47.049714627825104,-37.66491845716814,-40.23024867747062,2.565330220302478,1557.7099609375,-0.0137156467321306,0,0.0219945511050279,3157787.1,0.8771202466436068,10380.4501953125,-0.0005920526730374,-0.0440033895597817,0.0146925342885973
2018-11-02,1561.1776123046875,1594.7517838275337,1554.2833245358752,1578.1074700391334,1818635,-0.0115200580976542,-1.1520058097654218,1579.6851501464844,1654.268837890625,44.65944680789105,-34.772895819767655,-39.13877810593003,4.365882286162375,1562.3199462890625,0.0007317130193076,0,0.0199515408511869,3010597.9,0.604077681712327,10553.0,0.0166225743046692,-0.0043635162865297,0.0143281328270484
2018-11-05,1542.7381591796875,1572.5183868747004,1537.761209539051,1558.3625999308065,1713366,-0.0118112461898417,-1.181124618984175,1571.22509765625,1652.3943115234374,42.31327501698601,-33.5817473267075,-38.02737195008552,4.445624623378023,1578.7193603515625,0.0233229475512597,1,0.0193444683005797,2925385.0,0.5856890631489531,10524.0,-0.002748033734483,0.0201183353535505,0.0129237461800583
2018-11-06,1576.8834228515625,1580.7997666282356,1542.860572229158,1545.3082621903886,1398710,0.0221328962848956,2.213289628489568,1565.494110107422,1651.0773071289063,47.7836842088019,-29.54197465516632,-36.33029249110168,6.788317835935366,1534.4158935546875,-0.0269313055622582,-1,0.0201844367971558,2894812.8,0.4831780486807299,10530.0,0.000570125427594,0.0175830420945672,0.0129155873954051
2018-11-07,1584.59423828125,1590.1831123174452,1580.3923491836283,1582.8400399670825,144530,0.0048899083584401,0.4889908358440165,1559.5685791015626,1649.6303637695312,48.96075528726526,-25.42514213287086,-34.14926241945552,8.724120286584657,1528.0523681640625,-0.0356822388667248,-1,0.0201369831226284,2808682.8,0.0514582850010688,10598.400390625,0.0064957635921176,0.0288660468180816,0.0129043427439817
2018-11-09,1557.7099609375,1600.7485124464802,1554.2832345897095,1599.9734504096696,2570479,-0.0169660324985848,-1.696603249858486,1554.2609985351562,1647.5170971679688,45.14006864092325,-24.05457305441564,-32.13032454644755,8.075751492031905,1539.2706298828125,-0.011837461091659,0,0.0198692108057221,2799728.1,0.9181173700403265,10585.2001953125,-0.001245489397077,0.0119597891616038,0.0124885217000411
2018-11-12,1562.3199462890625,1587.816720941914,1557.1390215989582,1557.1390215989582,2552008,0.0029594632294627,0.2959463229462722,1551.7750427246094,1645.3673901367188,45.91939738684364,-22.338891063998062,-30.17203784995765,7.833146785959588,1552.2022705078125,-0.0064760587645842,0,0.0187688635278932,2692315.7,0.9478858664308945,10482.2001953125,-0.0097305670275005,0.0241874216743405,0.0116317313024491
2018-11-13,1578.7193603515625,1582.0237819938163,1552.651499295633,1562.4422601950273,1418432,0.0104968345961742,1.0496834596174232,1552.6187683105468,1643.247685546875,48.71069240991761,-19.4319061484116,-28.02401150964844,8.592105361236843,1532.4578857421875,-0.0293031654461202,-1,0.0175672259508201,2294572.85,0.6181682137483672,10582.5,0.0095685831999614,0.0105037001671042,0.010630686746958
2018-11-14,1534.4158935546875,1574.5987993460578,1525.7265752256303,1570.6008862616782,2422318,-0.0280629147329954,-2.806291473299549,1549.9772094726563,1640.196318359375,42.3511802708564,-20.467087327706626,-26.51262667326008,6.045539345553458,1478.4051513671875,-0.0365029731657323,-1,0.0182798535889883,2283781.2,1.0606611526533276,10576.2998046875,-0.0005858913595558,0.0060689469381689,0.0106055549352325
2018-11-15,1528.0523681640625,1549.3880903277957,1515.6099414249898,1520.83170109058,1829123,-0.0041471972607655,-0.4147197260765511,1546.49638671875,1636.8483251953126,41.51282795133358,-21.55251520785714,-25.520604380179496,3.9680891723223546,1478.853759765625,-0.0321969386805434,-1,0.0181867755857838,2234466.1,0.818595099742171,10616.7001953125,0.0038198983927342,0.003018512039727,0.0105285103523008
2018-11-16,1539.2706298828125,1550.0405256301558,1525.9307393154345,1541.2288018002168,1829729,0.0073415427065688,0.7341542706568838,1544.9158081054688,1633.789833984375,43.63124735970384,-21.26240488901089,-24.66896448194578,3.406559592934883,1506.2269287109375,-0.0214671160031103,-1,0.0179588441645081,2186992.2,0.8366417584845524,10682.2001953125,0.0061695252569078,0.0219218692062714,0.0101683402834864
2018-11-19,1552.2022705078125,1556.2001833130175,1521.0758984310366,1549.3874673962632,1740628,0.0084011481632599,0.8401148163259986,1544.6413024902345,1631.40521484375,46.056746915898046,-19.76122000371538,-23.6874155862997,3.92619558258432,1542.2489013671875,-0.0064124175887003,0,0.0179807561663556,2102584.8,0.8278515092470944,10763.400390625,0.007601448561892,0.0446303065112856,0.0095809226196937
2018-11-20,1532.4578857421875,1551.8354312161005,1529.1534644647743,1551.8354312161005,1190182,-0.0127202395852478,-1.2720239585247817,1543.7947998046875,1627.8766552734376,43.0134670890065,-19.934929547778893,-22.936918378595543,3.00198883081665,1618.657470703125,0.0562492357949464,1,0.0181704727204166,2073169.1,0.5740882400765089,10656.2001953125,-0.0099596959531369,0.0401112901405529,0.009812767143975
2018-11-21,1478.4051513671875,1526.5839021265606,1467.43137813422,1526.543067443713,3840461,-0.0352719215829031,-3.5271921582903154,1542.503680419922,1623.587021484375,36.00030935767473,-24.155747123067613,-23.18068412748996,-0.9750629955776516,1599.60595703125,0.0819807787817699,1,0.0187237785216272,2127551.6,1.805108275634772,10600.0498046875,-0.0052692694953028,0.0446692561915544,0.0095876041595897
2018-11-22,1478.853759765625,1507.4508823658052,1476.7323484439407,1484.932150984516,3194219,0.0003034407706321,0.0303440770632157,1541.0371154785155,1619.3706689453124,36.09343923202139,-27.1515898853354,-23.97486527905905,-3.1767246062763483,1605.8885498046875,0.0859008466524746,1,0.0187092214950604,2150466.9,1.4853606907411596,10526.75,-0.0069150434232002,0.0295361744785935,0.009705658441878
2018-11-26,1506.2269287109375,1517.567913142485,1455.96771021654,1484.1161473151506,4333177,0.0185097199534123,1.850971995341233,1540.755633544922,1615.6276953125,41.67092643297485,-27.005725696200216,-24.581037362487283,-2.424688333712933,1617.433837890625,0.0738314440274021,1,0.019195167357355,2241764.1,1.9329317478141432,10628.599609375,0.0096753137839313,0.049748560412149,0.0094890123383269
2018-11-27,1542.2489013671875,1548.4905317060422,1497.4561478490712,1512.6726428434154,3344839,0.0239153689059843,2.3915368905984336,1544.4740966796876,1612.5905004882814,48.09130116620699,-23.71013940226294,-24.40685777044241,0.6967183681794786,1640.6458740234375,0.0638009679040925,1,0.018619746418216,2294707.55,1.4576319322259608,10685.599609375,0.0053628890065369,0.0653638693295115,0.0090842617038563
2018-11-28,1618.657470703125,1622.8185239220338,1535.9255260348057,1541.2288545443548,5313249,0.0495436043223647,4.954360432236471,1549.0798461914062,1611.6432690429688,58.52082857975819,-14.76265584144221,-22.47801738464237,7.715361543200167,1637.3004150390625,0.0115175351631615,0,0.0197210559717045,2429895.85,2.186615940761412,10728.849609375,0.0040475033298135,0.0466302812171628,0.0079429662998625
2018-11-29,1599.60595703125,1629.345345251857,1584.9198197180135,1629.345345251857,4035441,-0.0117699476366666,-1.1769947636666611,1551.762109375,1610.3524584960935,55.52520814528612,-9.104062622698848,-19.80322643225367,10.699163809554822,1625.8372802734375,0.0163986156258575,0,0.0198533109839157,2511423.75,1.6068339721641958,10858.7001953125,0.0121029365370202,0.0647454286355033,0.0080282491038279
2018-11-30,1605.8885498046875,1624.4501982274269,1599.034998160017,1604.052782378263,5268901,0.0039275877573607,0.3927587757360795,1552.9900268554688,1608.8380102539063,56.31928073669514,-4.065766373976658,-16.655734420598268,12.58996804662161,1627.8768310546875,0.0136922834730182,0,0.0192418386114849,2636409.3,1.998514039530964,10876.75,0.0016622435800641,0.0471906503628567,0.0071791303639154
2018-12-03,1617.433837890625,1623.6346336576,1605.9297129182355,1618.7392528526022,1610576,0.007189345790741,0.7189345790741042,1554.893115234375,1607.4119897460937,57.8100347810128,0.8489418889885201,-13.15479915868091,14.00374104766943,1612.048828125,-0.00332935396767,0,0.019283727911438,2578450.15,0.6246294891526214,10883.75,0.0006435745971913,0.0484853542204533,0.0071579220872363
2018-12-04,1640.6458740234375,1647.6218307098504,1608.1324101555265,1617.9231706435355,3270615,0.0143511503154183,1.4351150315418335,1558.8665283203125,1606.5055712890626,60.71310206113042,6.541494642487805,-9.215540398447168,15.757035040934973,1631.7930908203125,-0.0053959134894935,0,0.0192414350476576,2651049.15,1.233705908470237,10869.5,-0.0013092913747559,0.0299914716194447,0.0063605718744166
2018-12-05,1637.3004150390625,1646.4792513012724,1619.5546649321236,1636.688492621582,2501539,-0.0020391109607161,-0.2039110960716184,1563.594641113281,1605.4158154296874,60.07153242787125,10.660050702544368,-5.240422178248862,15.90047288079323,1645.50048828125,0.0050082887458327,0,0.0189768575830054,2690457.8,0.9297819129517662,10782.900390625,-0.0079672118657712,0.024600949318225,0.0066446584980052
2018-12-06,1625.8372802734375,1645.6636095077995,1615.1490536461604,1630.1615725317718,2321216,-0.0070012409820048,-0.700124098200483,1566.042333984375,1603.6856396484377,57.817035897160345,12.850919478236392,-1.6221538469518104,14.473073325188205,1617.5966796875,-0.0050685272664873,0,0.0185564771855849,2736583.1,0.8482168876947314,10601.150390625,-0.0168553907961552,0.0067569221866097,0.007781831305773
2018-12-07,1627.8768310546875,1634.9751911218666,1609.7639666563025,1619.5955603714392,1680420,0.0012544618123819,0.1254461812381979,1568.2064636230468,1600.4444262695313,58.11821294558355,14.58366209156202,1.6190093407509556,12.964652750811062,1623.4305419921875,-0.0027313424318591,0,0.0185413079141519,2813377.6,0.5972962889873012,10693.7001953125,0.0087301661873739,0.008991904549275,0.0078897619976889
2018-12-10,1612.048828125,1640.7683537016562,1599.1576197191678,1611.396070890488,2010786,-0.0097230961383194,-0.9723096138319454,1570.923406982422,1597.1349731445312,54.84554161857594,14.512395676368442,4.197686607874453,10.31470906849399,1627.1427001953125,0.0093631605984716,0,0.0182295402830459,2785392.95,0.7219038879236052,10488.4501953125,-0.0191935435117182,-0.0091401199991327,0.009033814861205
2018-12-11,1631.7930908203125,1639.952056274414,1599.9731255493164,1607.3161944580077,2942014,0.0122479309254406,1.224793092544063,1574.3970642089844,1594.8888500976564,58.02110390495811,15.866217638149235,6.53139281392941,9.334824824219826,1621.88037109375,-0.0060747405920068,0,0.018376405790341,2804893.25,1.0488862633185774,10549.150390625,0.0057873369451311,0.0063870365061753,0.0088567349999208
2018-12-12,1645.50048828125,1649.743111240988,1619.5140989633712,1632.6908504586595,2219993,0.0084002056008503,0.8400205600850308,1577.7361206054688,1592.1564306640626,60.11808617009279,17.839560367047852,8.7930263245531,9.046534042494752,1606.0518798828125,-0.0239736230279956,-1,0.0183333383849976,2844971.3,0.7803217557941622,10737.599609375,0.0178639238016242,0.0146562352350578,0.0094829810591815
2018-12-13,1617.5966796875,1656.025392014432,1610.9879367364715,1651.37482094435,3748429,-0.0169576422446984,-1.6957642244698423,1581.8951599121094,1588.949792480469,54.18431871159873,16.9563819293096,10.4256974455044,6.530684483805199,1594.3028564453125,-0.0144002664784694,0,0.0175175068249149,2911276.85,1.2875549778098223,10791.5498046875,0.0050244186107848,0.0203521083909326,0.0095236357355272
2018-12-14,1623.4305419921875,1630.936752178019,1611.6000392361193,1617.9232389850522,2473761,0.0036064999254414,0.3606499925441486,1586.6640686035155,1584.6898583984375,55.18034602674649,16.53657721830109,11.64787340006374,4.888703818237351,1546.776611328125,-0.0472172530214917,-1,0.0174415846742089,2943508.75,0.84041231404527,10805.4501953125,0.0012880810334547,0.0177785937746774,0.0095016964068234
2018-12-17,1627.1427001953125,1635.7911846132124,1619.5548216456252,1630.9773745438815,1227921,0.0022866135058476,0.228661350584769,1591.0576721191403,1582.0136547851562,55.838243806910285,16.315345951312338,12.58136791031346,3.7339780409988776,1565.297607421875,-0.0380084013319876,-1,0.0174146408946018,2913418.35,0.4214708814475614,10888.349609375,0.0076720000151833,0.0192984039142949,0.0095511588311246
2018-12-18,1621.88037109375,1633.425330285603,1612.5383929345724,1625.1847928443758,1768742,-0.0032340919459189,-0.3234091945918949,1594.5415771484377,1580.8288159179688,54.61437986295645,15.53629980581104,13.172354289412976,2.363945516398063,1541.3916015625,-0.0496268226472034,-1,0.0174163387342378,2914824.05,0.6068091828733196,10908.7001953125,0.0018690239262686,0.0134994332101643,0.0094278332264444
2018-12-19,1606.0518798828125,1619.3918711086271,1599.1984270216003,1619.3918711086271,2498833,-0.0097593456909914,-0.975934569099146,1598.221276855469,1578.7110693359375,50.9939024977376,13.486212503411252,13.235125932212632,0.2510865711986199,1557.506103515625,-0.0302267797044822,-1,0.0172937282968437,2980256.6,0.8384623659586896,10967.2998046875,0.0053718232535331,0.0291942346871305,0.0091330580065486
2018-12-20,1594.3028564453125,1611.3142813335392,1587.7348487072811,1594.0988822869483,1940277,-0.0073154694344975,-0.7315469434497568,1604.016162109375,1576.7670629882812,48.42765126815837,10.789085681691631,12.745917882108431,-1.9568322004168013,1546.9810791015625,-0.0296817992594327,-1,0.0150674820621919,2885247.4,0.6724820200860419,10951.7001953125,-0.0014223746640291,0.0331744092815011,0.0090232935648975
2018-12-21,1546.776611328125,1590.9981614117453,1539.229568767582,1589.366368425682,3729956,-0.0298100482759925,-2.981004827599254,1607.4123046875,1573.640498046875,39.719908728112415,4.761732171774384,11.149080740041622,-6.387348568267239,1544.5333251953125,-0.0014502974226422,0,0.0168442513400307,2912034.25,1.280876418263281,10754.0,-0.0180520094402436,0.0215878595007956,0.0098837254219637
2018-12-24,1565.297607421875,1581.941917771982,1554.283003460345,1554.93576057084,1864116,0.0119739307913682,1.1973930791368217,1610.3658386230468,1571.66921875,43.94957953967317,1.4626402820613291,9.211792648445565,-7.749152366384235,1552.4879150390625,-0.0081835507331482,0,0.0165761429371123,2788581.2,0.6684818788852195,10663.5,-0.0084154733122558,0.0032836301966079,0.009886892473462
2018-12-26,1541.3916015625,1567.989906684354,1525.9304029909945,1567.989906684354,2446614,-0.0152724988181317,-1.5272498818131752,1610.3229736328126,1570.25626953125,40.04390169282237,-3.045818392758747,6.760270440204702,-9.80608883296345,1569.214111328125,0.0180502538987636,0,0.0161671071550635,2743669.95,0.891730435725332,10729.849609375,0.0062221230716932,0.0041410872218323,0.0099122936545875
2018-12-27,1557.506103515625,1584.2267228062583,1527.440327378191,1557.5469381929463,4968201,0.0104545152165029,1.045451521650298,1607.2654052734374,1570.1694946289062,43.677352651825984,-5.257889068875556,4.356638538388651,-9.614527607264208,1550.162841796875,-0.0047147563031533,0,0.0115892064655147,2726417.55,1.8222450922823616,10779.7998046875,0.0046552558638712,0.0047488964024604,0.0099254597617897
2018-12-28,1546.9810791015625,1566.521766506516,1544.492554165018,1562.4422827395715,2239130,-0.0067576135915649,-0.6757613591564904,1604.6341613769532,1569.3641748046875,41.89166904557519,-7.770676998363797,1.9311754310381617,-9.701852429401958,1531.3154296875,-0.0101265940648482,0,0.0114165229263422,2636602.0,0.8492483886456886,10859.900390625,0.007430619064249,0.0001105284510034,0.0096846991048957
2018-12-31,1544.5333251953125,1557.5468380369034,1538.9036179095606,1556.7309413171354,1879740,-0.0015822778567347,-0.1582277856734704,1601.5664001464845,1568.30146484375,41.4670681958047,-9.84609318637149,-0.4242782924437687,-9.421814893927722,1548.490234375,0.0025618800935791,0,0.0113421269841399,2467143.95,0.7619093324489639,10862.5498046875,0.0002439630168971,-0.0013055549968969,0.0096774643415982
2019-01-02,1569.214111328125,1578.311279556454,1550.2036790047823,1554.2831623705847,2100463,0.010773801281823,1.0773801281823037,1594.747515869141,1568.164013671875,47.54161381492259,-9.957754215338127,-3.979148333364635,-5.978605881973492,1539.5565185546875,-0.0188996470012218,0,0.011017796597855,2382851.7,0.88149128206342,10792.5,-0.006448744166611,-0.0083840588032617,0.0097812311323669
2019-01-03,1550.162841796875,1586.8781920290396,1544.57396951422,1565.7057132338628,2611668,-0.0121406437743066,-1.214064377430668,1590.3906372070312,1568.17951171875,43.6841492537411,-10.7626256525798,-5.335843797207668,-5.426781855372132,1540.8619384765625,-0.0059999524369526,0,0.0112409875121071,2388358.15,1.0934993145814418,10672.25,-0.0111419967570072,-0.0181471088826532,0.0100733968693572
2019-01-04,1531.3154296875,1551.1824908870074,1502.0655581033166,1550.2034548594793,4280862,-0.0121583433696088,-1.215834336960886,1585.6645446777345,1568.72126953125,40.20833467932562,-12.774069190168348,-6.823488875799804,-5.950580314368544,1503.3304443359375,-0.0182751279122639,0,0.0114035368771274,2486340.45,1.721752143798328,10727.349609375,0.0051628859308019,-0.0051517476038541,0.0100139825780702
2019-01-07,1548.490234375,1557.383527563526,1534.701561405277,1543.5132848501344,1856423,0.0112157197364652,1.121571973646529,1581.69521484375,1569.527373046875,44.53891263910415,-12.834343164032134,-8.02565973344627,-4.808683430585864,1479.4249267578125,-0.0446017069297589,-1,0.0118062557998441,2495140.6,0.744015387349314,10771.7998046875,0.0041436325775803,0.01609725433321,0.0092485300152301
2019-01-08,1544.941162109375,1555.4254142827472,1536.5782213350228,1554.6095176218348,1691756,-0.0022919565050131,-0.2291956505013126,1578.3398315429688,1570.1890649414063,43.83241881838331,-13.01842291786079,-9.024212370329174,-3.994210547531616,1523.9320068359375,-0.0135986766284049,0,0.0116809242108169,2479189.1,0.6823828000857215,10802.150390625,0.0028175965472634,0.0101415032525447,0.0090759190563833
2019-01-09,1539.5565185546875,1565.7060523898017,1523.0346073713142,1556.2416688658432,2414376,-0.0034853389156488,-0.3485338915648839,1573.7280029296876,1571.6226025390624,42.72508517389036,-13.443831066472512,-9.908136109557844,-3.5356949569146696,1525.8492431640625,-0.0089033921297628,0,0.0111860346579399,2452807.2,0.9843317485369416,10855.150390625,0.0049064304868406,0.034962285989248,0.0078321102904176
2019-01-10,1540.8619384765625,1554.2834009717017,1527.440376384646,1542.0449489955463,3053461,0.0008479194535193,0.0847919453519363,1568.496075439453,1571.9089916992189,43.10037811723967,-13.519785934819764,-10.630466074610228,-2.889319860209538,1548.865966796875,0.0051945136163373,0,0.0109105171849204,2494480.6,1.2240868900724262,10821.599609375,-0.0030907707440862,0.0258266503615423,0.0078427638069671
2019-01-11,1503.3304443359375,1529.8062513539994,1497.1703846584476,1525.7267680170555,9209862,-0.0243574672093802,-2.4357467209380257,1562.782763671875,1571.05638671875,35.83102897881837,-16.419188444773226,-11.788210548642828,-4.6309778961304,1554.057861328125,0.0337433577450068,1,0.0115098096194575,2767552.25,3.3278005862400613,10794.9501953125,-0.0024626132017869,0.0053410993167808,0.0068364707519629
2019-01-14,1479.4249267578125,1510.2250320853225,1476.773262060742,1509.4091352554549,3615370,-0.0159017052226895,-1.5901705222689522,1555.5824829101562,1569.01828125,32.11553479018667,-20.410679694475903,-13.512704377809442,-6.897975316666461,1560.6396484375,0.0548961425556557,1,0.0116927541169416,2824632.7,1.2799434064471462,10737.599609375,-0.0053127235327499,-0.0049993000346498,0.006850337182333
2019-01-15,1523.9320068359375,1525.1965870547697,1475.1413407918349,1476.77313431041,7711653,0.0300840409493863,3.0084040949386326,1550.4219482421877,1567.9094799804689,43.80000929318814,-19.75489374776044,-14.761142251799642,-4.993751495960792,1555.0799560546875,0.0204391987825105,1,0.0139790150279244,3148819.3,2.4490617800773773,10886.7998046875,0.0138951162960325,0.0075285719617947,0.0075422893349418
2019-01-16,1525.8492431640625,1529.806322264968,1506.9612145191445,1525.726838738928,2359280,0.0012580852160888,0.1258085216088833,1545.6203918457031,1567.2029125976562,44.24520629137308,-18.863032415779344,-15.581520284595584,-3.28151213118376,1533.5760498046875,0.0050639384429633,0,0.0140141171335779,3178346.2,0.7422979913264326,10890.2998046875,0.000321490250835,0.0001791084399807,0.0073459308056936
2019-01-17,1548.865966796875,1551.8912153325928,1530.0601196142356,1535.5383047389937,2625816,0.0150845332433262,1.508453324332626,1542.7610961914063,1567.32546875,49.42491288944456,-16.11322541385175,-15.687861310446818,-0.4253641034049327,1554.7938232421875,0.0038272236412886,0,0.01447268855983,3184695.35,0.8245108908140931,10905.2001953125,0.001368225934293,-0.0003208448245285,0.0073402002644489
2019-01-18,1554.057861328125,1556.960442820906,1533.9028808053886,1537.991108099646,1683728,0.0033520618585138,0.3352061858513888,1540.748846435547,1566.8689575195312,50.54109356241403,-13.361023493451285,-15.222493747047713,1.861470253596428,1570.5338134765625,0.0106018910610941,0,0.0144518468070789,3171867.9,0.5308316906892623,10906.9501953125,0.0001604738994844,-0.0055026862080679,0.0072315242369982
2019-01-21,1560.6396484375,1579.690825124216,1549.8058474887962,1555.161464485641,2409803,0.0042352265466809,0.4235226546680959,1541.4419982910156,1566.3898657226562,51.98770850098629,-10.527434715256277,-14.283481940689429,3.75604722543315,1598.4967041015625,0.0242573970884083,1,0.0128141104241937,3105860.25,0.7758890632635516,10961.849609375,0.0050334340103701,0.0009267432345203,0.0073200246232106
2019-01-22,1555.0799560546875,1568.448439670701,1545.3499548951518,1559.3316726202504,2457093,-0.0035624446606741,-0.3562444660674124,1540.9311157226562,1566.337265625,50.6403089511893,-8.63092398549611,-13.152970349650763,4.522046364154654,1621.1866455078125,0.0425101546680859,1,0.012551702746553,3135509.1,0.7836344662498348,10922.75,-0.003566880660501,0.0156918355960573,0.006036501702131
2019-01-23,1533.5760498046875,1558.5142403185953,1528.9972544592663,1554.3442677684843,2578169,-0.0138281675911742,-1.3828167591174223,1540.5403381347655,1565.7623876953126,45.70606277610519,-8.76210697231636,-12.274797674183883,3.512690701867525,1620.0828857421875,0.0564085725963947,1,0.0124645904510463,3142086.85,0.820527605721656,10831.5,-0.0083541232748163,0.0157546771697847,0.0060315879807625
2019-01-24,1554.7938232421875,1557.8190716346105,1533.0852955333391,1541.0982612687565,1962927,0.013835488263006,1.3835488263006068,1540.4047241210938,1565.283876953125,50.80003309644372,-7.072446679542281,-11.234327475255563,4.161880795713284,1646.820068359375,0.0591887128322174,1,0.0126381358592722,2991823.15,0.6560972696531211,10849.7998046875,0.0016894986555417,0.0111791124460585,0.0059008386838081
2019-01-25,1570.5338134765625,1582.144341849233,1554.34438958935,1555.1620352440525,2327080,0.0101235224883724,1.012352248837245,1541.5823608398437,1566.0062353515625,54.2306274374593,-4.412429318307204,-9.869947843865893,5.457518525558688,1659.779296875,0.0568249359756745,1,0.0127272713021372,2996220.65,0.7766717714865226,10780.5498046875,-0.0063826062458849,6.957457592804417e-05,0.0060139827588728
2019-01-28,1598.4967041015625,1604.2202217121562,1574.376165599774,1580.508505896839,2769033,0.017804704607474,1.7804704607474076,1544.2805297851562,1567.4151220703125,59.61775549239745,-0.0474280957635073,-7.905443894245415,7.858015798481908,1676.3775634765625,0.0487213137037858,1,0.0132607707893192,3040685.3,0.9106608303069048,10661.5498046875,-0.0110383980553809,-0.0182644940379682,0.0062303640460986
2019-01-29,1621.1866455078125,1626.3378521784484,1583.4932072134443,1604.2205010648486,2557626,0.014194550009412,1.4194550009412057,1547.7154663085937,1569.0534423828126,63.38384841459506,5.183008963944758,-5.287753322607381,10.47076228655214,1671.717041015625,0.0311687711268955,1,0.0135323950717395,3113822.45,0.821378238826687,10652.2001953125,-0.0008769465552643,-0.0193646623635481,0.0062245441838617
2019-01-30,1620.0828857421875,1626.705794624803,1598.2108676440655,1618.611083852608,2429575,-0.0006808344792892,-0.0680834479289238,1550.2589050292968,1570.4110546875,63.075679814668746,9.133814895929165,-2.4034396789000727,11.537254574829236,1696.4510498046875,0.0471384302214354,1,0.0133945364446817,3130278.05,0.7761530960484485,10651.7998046875,-3.758759858607519e-05,-0.0130368492297892,0.0060905824956617
2019-01-31,1646.820068359375,1651.4397862008846,1623.026600128113,1624.661891412877,4094319,0.0165035893240355,1.6503589324035506,1555.091766357422,1572.698298339844,67.23180030109918,14.257967274827251,0.9288417118453922,13.32912556298186,1703.0740966796875,0.034159183144006,1,0.0133701938723714,3204410.6,1.2777135988752502,10830.9501953125,0.0168187906184795,0.0148703596066901,0.0067283391538023
2019-02-01,1659.779296875,1663.704034854038,1633.73730995163,1643.0584877941712,3064163,0.0078692437410818,0.7869243741081888,1561.514959716797,1576.32578125,69.05016957401327,19.14391722791902,4.5718568150601175,14.5720604128589,1685.494140625,0.0154929295710672,0,0.0129081897903163,3143575.65,0.9747381139054184,10893.650390625,0.0057889838086075,0.0155025040952021,0.0067513211144838
2019-02-04,1676.3775634765625,1680.6292798407644,1654.0967252350133,1659.7793211193143,1590764,0.0100002853589109,1.0000285358910954,1567.909326171875,1580.2762573242187,71.2506890363315,24.07785464396534,8.473056380841163,15.604798263124176,1689.173828125,0.0076332831739287,0,0.0128758208777242,3130292.7,0.5081837874138735,10912.25,0.0017073807867935,0.0130386934272006,0.0067094963757765
2019-02-05,1671.717041015625,1680.261396025089,1658.1849689240296,1676.173168784152,1111404,-0.0027801150304542,-0.2780115030454277,1574.2481201171877,1583.5860595703125,69.75109223448867,27.29730405117516,12.237905914907962,15.059398136267198,1677.4814453125,0.0034481937764856,0,0.0128889402040395,3101275.1,0.3583700136759876,10934.349609375,0.0020252110586724,0.0122382316455003,0.0066984731817666
2019-02-06,1696.4510498046875,1706.3037187383595,1668.8555121222748,1676.0915555644751,1789812,0.0147955713689655,1.4795571368965588,1582.0928466796877,1586.6701025390626,72.99904130204378,31.48166763200629,16.08665825832763,15.39500937367866,1671.7581787109375,-0.0145556048296193,0,0.0129758553006561,3070046.9,0.5829917451749679,11062.4501953125,0.0117154280331102,0.0190969076638987,0.0070889359136652
2019-02-07,1703.0740966796875,1715.3797040130514,1690.0736102948606,1696.4103642763723,1339945,0.0039040601117035,0.3904060111703522,1590.2034545898437,1588.3584350585938,73.8099715212989,34.9295839473923,19.855243396140565,15.074340551251735,1659.5750732421875,-0.0255414743975648,-1,0.0129430346610218,2984371.1,0.4489873930222686,11069.400390625,0.0006282690714798,0.0228987201702901,0.0070253004392923
2019-02-08,1685.494140625,1708.4700561165791,1676.990708348937,1696.6141978664282,1684474,-0.0103224845524697,-1.0322484552469755,1599.3116394042968,1590.0761987304688,67.97426478834421,35.830495290441604,23.05029377500077,12.78020151544083,1611.007080078125,-0.0441930106735668,-1,0.0115696397309976,2608101.7,0.6458620842891211,10943.599609375,-0.0113647331210952,0.0137702732641646,0.0075304800477524
2019-02-11,1689.173828125,1713.7850385361442,1675.2738540529033,1684.3497993246451,1778730,0.0021831505736564,0.2183150573656478,1609.7990844726562,1591.741904296875,68.53503319106431,36.421549102911285,25.72454484058288,10.697004262328406,1557.451171875,-0.0779805216353686,-1,0.0104355033591192,2516269.7,0.7068916340724525,10888.7998046875,-0.0050074752954736,0.0140813776647517,0.0075179279505131
2019-02-12,1677.4814453125,1692.5260413877602,1650.0084789954108,1692.5260413877602,2422903,-0.0069219535715152,-0.692195357151526,1617.4765563964845,1592.9428564453126,64.66066100865746,35.53683936863081,27.687003746192467,7.849835622438341,1565.5865478515625,-0.0667041044022352,-1,0.0092894026346282,2251832.2,1.0759696037742066,10831.400390625,-0.0052714178873772,-0.0050886775780194,0.0069511376410761
2019-02-14,1671.7581787109375,1696.6146249860367,1662.3144318893364,1684.390863154215,1724085,-0.0034118211069072,-0.3411821106907298,1624.772003173828,1593.5651025390623,62.78954095784572,33.982155610096925,28.94603411897336,5.036121491123566,1565.1370849609375,-0.063777820923965,-1,0.009441941452204,2220072.45,0.7765895207609103,10746.0498046875,-0.0078799216038005,-0.013245732678352,0.0071556629214113
2019-02-15,1659.5750732421875,1677.8086082757145,1644.2442197308962,1675.3556717139077,1930065,-0.0072876003383122,-0.7287600338312217,1630.3074584960937,1594.010595703125,58.883356217603136,31.40496584040397,29.43782046325948,1.9671453771444936,1574.4990234375,-0.0512637549071406,-1,0.0094620152936409,2185284.9,0.8832097819373574,10724.400390625,-0.0020146392819672,-0.016579228390985,0.0071456139654328
2019-02-18,1611.007080078125,1669.5913043597725,1604.7520716081435,1666.034566150645,2942184,-0.0292653185427633,-2.926531854276337,1633.1549194335937,1593.7139916992187,46.47167448351321,25.153538892765937,28.58096414916077,-3.4274252563948338,1623.1492919921875,0.0075370319995575,0,0.0119680147213437,2248207.7,1.308679798579108,10640.9501953125,-0.0077813390280961,-0.0243881190650635,0.0073075975584491
2019-02-19,1557.451171875,1611.5792634792267,1546.9852696614394,1610.7616179878623,4408554,-0.0332437447764213,-3.3243744776421336,1632.9954956054687,1592.305478515625,37.16809126204775,15.696781069805638,26.004127533289747,-10.307346463484109,1666.9339599609375,0.0702961287409944,1,0.0142875336402083,2348145.25,1.8774622225775848,10604.349609375,-0.0034395975233135,-0.0326131093510215,0.00717101581319
2019-02-20,1565.5865478515625,1581.1627328267436,1538.23634882768,1565.790959203939,4645778,0.0052235191211602,0.5223519121160258,1633.5208251953125,1591.3762329101562,39.16060682657301,8.757735490747109,22.55484912478122,-13.797113634034112,1682.79638671875,0.0748664064775168,1,0.0143074374636063,2457579.5,1.8903876761667324,10735.4501953125,0.0123629068039776,-0.0171476784406399,0.0078017372785292
2019-02-21,1565.1370849609375,1586.232380251265,1551.1145435094925,1565.586829941294,4683919,-0.0002870891368106,-0.0287089136810636,1635.098876953125,1590.0431127929687,39.0868583370972,3.185503476098802,18.680979995044737,-15.495476518945935,1621.759033203125,0.0361769897258557,1,0.0139118917110055,2562867.0,1.8276090799873728,10789.849609375,0.0050672690080806,-0.0038453021857545,0.0076975197420992
2019-02-22,1574.4990234375,1578.055761279372,1557.696369060404,1567.5898593115587,2271955,0.0059815453652714,0.5981545365271401,1636.0841369628906,1588.6230834960938,41.55575053900367,-0.4696860982285216,14.850846776390084,-15.320532874618609,1631.5296630859375,0.0362214512676712,1,0.0136420642301525,2578318.4,0.8811770493512361,10791.650390625,0.0001668958618696,-0.0053594918901063,0.0076857381555479
2019-02-25,1623.1492919921875,1627.1148534569022,1578.4649369841957,1580.100228294203,2934880,0.0308988877290457,3.08988877290457,1638.714910888672,1588.7341357421874,52.36146867943828,0.5528470384781485,11.991246828807698,-11.43839979032955,1625.56103515625,0.0014858418606107,0,0.0151080432153288,2608708.4,1.125031835677763,10880.099609375,0.0081960789636807,0.0092342047939164,0.0077635093915597
2019-02-26,1666.9339599609375,1672.2078336986876,1612.6014525301734,1622.208787841229,6453309,0.026975132962052,2.6975132962052006,1642.1367736816403,1589.6042041015626,59.60090832779363,4.840470763735993,10.561091615793355,-5.720620852057364,1634.964111328125,-0.0191788333555588,0,0.0157463619102914,2792922.2,2.310593900539012,10835.2998046875,-0.0041175914096317,0.0162968802081295,0.0073667984028528
2019-02-27,1682.79638671875,1696.5735944673547,1653.2793025082626,1667.996922411897,4732082,0.0095159299281324,0.9515929928132438,1645.2172607421876,1590.7172778320312,61.86209134419341,9.409936833849317,10.330860659404548,-0.9209238255552332,1646.1656494140625,-0.0217677774885843,-1,0.0155930537987304,2901645.0,1.6308273410427534,10806.650390625,-0.0026440813432874,0.0144993703160465,0.0073989305164203
2019-02-28,1621.759033203125,1693.6301971297414,1616.975826677089,1684.3498402491025,8454295,-0.0362713837499024,-3.6271383749902464,1645.3010681152343,1590.7148510742188,50.21519922295597,8.013690462077875,9.867426619939213,-1.8537361578613376,1653.8516845703125,0.0197887914974652,0,0.0177891968349559,3202881.0,2.639590730970024,10792.5,-0.0013094150466157,0.0132090536709656,0.0074114739579999
2019-03-01,1631.5296630859375,1639.3790390214504,1619.2240598016094,1631.243507155885,4148548,0.0060247112442559,0.6024711244255965,1644.5365478515623,1591.2244067382812,51.78022740852647,7.60786460063423,9.415514216078217,-1.807649615443987,1647.3922119140625,0.0097225010289558,0,0.017434610312322,3205592.45,1.294159524240207,10863.5,0.0065786425758629,0.0030052584584487,0.0065405918757417
2019-03-05,1625.56103515625,1641.0145554159376,1616.1581116947236,1639.3792643791503,2449622,-0.003658301816222,-0.3658301816222065,1642.825634765625,1591.8495703125,50.731080914590684,6.727080690860021,8.877827511034578,-2.150746820174557,1645.4703369140625,0.0122476494743852,0,0.0173398855408226,3174865.4,0.7715671977778964,10987.4501953125,0.0114097846285727,0.008610502570215,0.0069053135766229
2019-03-06,1634.964111328125,1647.555873449542,1623.0674278104602,1626.5424215882074,2635047,0.0057845112970311,0.578451129703117,1640.7549621582032,1593.6133203125,52.36845159977628,6.7104488813474745,8.444351785097158,-1.7339029037496836,1635.69970703125,0.000449915504584,0,0.0172256863728306,3227079.55,0.8165423130024794,11053.0,0.0059658795737218,0.0128983481866709,0.0070109281602133
2019-03-07,1646.1656494140625,1654.9553381350763,1635.4544140081723,1639.3791521518826,2539884,0.0068512440171168,0.6851244017116898,1639.477392578125,1595.2306811523438,54.31618163527692,7.51451589919634,8.258384607916994,-0.7438687087206546,1624.98876953125,-0.0128643675017458,0,0.0173109020745265,3298503.55,0.7700109948343091,11058.2001953125,0.0004704781790012,0.0113267446498428,0.0070036599901951
2019-03-08,1653.8516845703125,1662.2734740184617,1643.508547770047,1655.7323093395892,2031071,0.0046690532990927,0.4669053299092729,1637.3474243164062,1597.4798828125,55.65609700086574,8.671978436764903,8.341103373686577,0.3308750630783255,1667.9559326171875,0.008528121462439,0,0.0169810313849743,3310566.5,0.6135116150060722,11035.400390625,-0.0020618006804727,-0.0024451910932862,0.0065117126280124
2019-03-11,1647.3922119140625,1662.2733202578916,1638.2754445241362,1658.9209936321106,3111689,-0.0039057145912865,-0.3905714591286524,1634.563330078125,1599.2776049804688,54.21687162763045,8.964710772119133,8.465824853373089,0.4988859187460441,1653.933349609375,0.0039706013225062,0,0.0169488721145141,3399153.7,0.9154305084821552,11168.0498046875,0.0120203535320015,0.0089119022332997,0.007054604410866
2019-03-12,1645.4703369140625,1655.568336787062,1637.7436283171348,1646.7786493160638,2658550,-0.0011666165386122,-0.1166616538612275,1632.5621398925782,1601.2473901367186,53.77133884385431,8.938585555976488,8.560376993893769,0.3782085620827189,1653.933349609375,0.0051432180243273,0,0.0168218728420563,3447857.5,0.7710730504378444,11301.2001953125,0.0119224388280498,0.0326766876258115,0.0069194210229698
2019-03-13,1635.69970703125,1648.2914668024853,1617.7932518860068,1645.9202750581887,1833163,-0.0059378948763892,-0.5937894876389294,1629.8884338378907,1603.0707177734375,51.45626127129822,8.03682939249552,8.455667473614119,-0.418838081118599,1647.5966796875,0.0072733232176478,0,0.01683733341697,3450579.15,0.5312624114128783,11341.7001953125,0.0035836901656514,0.0415932332992321,0.0067501697556468
2019-03-14,1624.98876953125,1641.6687585439242,1619.755818102338,1639.3383889018894,1905495,-0.0065482297599968,-0.6548229759996804,1627.2638000488282,1604.5207348632812,48.96734186779548,6.384303715779424,8.04139472204718,-1.6570910062677555,1639.910888671875,0.0091829060116701,0,0.0168311725226688,3424708.75,0.5563962190945434,11343.25,0.0001366465927339,0.0472560879402099,0.006546212136194
2019-03-15,1667.9559326171875,1691.6676526121369,1627.9322244808443,1634.3916440277242,5184318,0.0264415138686355,2.644151386863558,1627.073687744141,1606.4955712890626,57.788023912126754,8.4444142298712,8.121998623611985,0.3224156062592147,1622.4132080078125,-0.0273045130982051,-1,0.017935824775958,3597720.4,1.441000807066608,11426.849609375,0.007369987382364,0.0633534942663796,0.0061716078511401
2019-03-18,1653.933349609375,1688.110971274051,1644.2850928302823,1670.449748708238,2349915,-0.0084070464534453,-0.8407046453445366,1626.7916015625,1608.5709814453126,54.47857458273988,8.84361767784003,8.266322434457594,0.5772952433824354,1621.1048583984375,-0.0198487388979071,0,0.0179616227613833,3618712.9,0.6493786782587809,11462.2001953125,0.0030936423551506,0.068796368823796,0.0060536282367
2019-03-19,1653.933349609375,1659.8203572578184,1631.2845094788747,1659.8203572578184,2373993,0.0,0.0,1628.9379150390623,1611.02333984375,54.47857458273988,9.05560194416512,8.4241783363991,0.6314236077660187,1609.0443115234375,-0.02714077813144,-1,0.016593353322175,3590303.35,0.6612235147205597,11532.400390625,0.0061244956567072,0.0837754316062109,0.0054792291248354
2019-03-20,1647.5966796875,1671.9216344196216,1635.2910744283283,1658.185149470325,3091165,-0.0038312728402094,-0.3831272840209454,1633.4451904296875,1613.00546875,52.89111368570201,8.612999401857905,8.461942549490862,0.1510568523670432,1635.536376953125,-0.0073199362945198,0,0.0145323699501187,3524433.9,0.8770670943779085,11521.0498046875,-0.0009842344657688,0.0864456783376956,0.0053281301763526
2019-03-22,1639.910888671875,1648.3735005205326,1621.636529796309,1647.5558549349569,3148149,-0.0046648497841612,-0.4664849784161262,1637.1614074707031,1614.90486328125,50.95179596105852,7.554965654908074,8.280547170574305,-0.7255815156662315,1661.1695556640625,0.0129633062009877,0,0.0146177497264339,3449552.45,0.9126253465141544,11456.900390625,-0.0055680181190085,0.0672026027960628,0.0053848416674774
2019-03-25,1622.4132080078125,1641.668800936112,1616.648766865895,1641.668800936112,2429205,-0.0106698972394978,-1.066989723949785,1640.025213623047,1616.5619970703126,46.749205345616026,5.24409898361273,7.6732575331819906,-2.4291585495692605,1700.1304931640625,0.0479022759261682,1,0.014900701259174,3336816.75,0.7280007210464884,11354.25,-0.0089597000170305,0.0523084575835615,0.0060151612204954
2019-03-26,1621.1048583984375,1631.1618380869872,1600.990799211097,1622.208659853124,2316539,-0.000806421941659,-0.080642194165903,1642.3555053710938,1618.16685546875,46.440755277874345,3.269459326623973,6.792497891870387,-3.523038565246414,1700.1304931640625,0.048748009332165,1,0.0148802308725483,3339045.95,0.6937727227144028,11483.25,0.0113613845036,0.0640865469452023,0.0062941717052403
2019-03-27,1609.0443115234375,1633.6554167079948,1603.4025386208098,1630.384835293164,2266166,-0.0074397080562174,-0.7439708056217409,1641.6502563476563,1620.2811328125,43.585897328711226,0.7230232711301596,5.578602967722342,-4.855579696592183,1647.1468505859375,0.0236802298045009,1,0.0132865069469676,3305610.25,0.6855514802448353,11445.0498046875,-0.0033266013813597,0.0519250940336706,0.0063332299245995
2019-03-28,1635.536376953125,1647.228648027092,1613.0511251067528,1618.938132938796,4054489,0.0164644722584457,1.6464472258445717,1640.0803771972655,1623.4033618164062,50.748029648143984,0.833039862827718,4.629490346743418,-3.7964504839157,1674.783447265625,0.0239964520909123,1,0.0123215395598766,3185669.25,1.2727275438277217,11570.0,0.0109174007492152,0.0678061713617428,0.0063917755204038
2019-04-01,1661.1695556640625,1667.9559536551717,1642.0366303613166,1643.467510034232,2095740,0.0156726435878424,1.5672643587842483,1638.9990356445312,1626.1481127929687,56.502323598556,2.954553843374015,4.294503046069537,-1.3399492026955224,1693.1392822265625,0.0192453121076614,0,0.012666945483731,3053852.15,0.6862611210565646,11669.150390625,0.008569610252809,0.0798119647461008,0.0063340234500225
2019-04-02,1700.1304931640625,1705.6086786219212,1665.544045231473,1665.6257898273627,3719663,0.0234539197802869,2.345391978028699,1642.9176086425782,1629.6337377929688,63.48539736159588,7.691033556413004,4.973809148138231,2.717224408274773,1710.10546875,0.0058671823286773,0,0.0106937712477528,2817120.55,1.3203776458909435,11713.2001953125,0.00377489390512,0.0853092606265926,0.0062163231226015
2019-04-03,1700.1304931640625,1708.552282555951,1682.7964468049488,1704.791033042524,2939886,0.0,0.0,1646.3476501464845,1632.6590283203125,63.48539736159588,11.314303604447332,6.241908039400052,5.07239556504728,1668.201171875,-0.0187805120944803,0,0.0106716082069935,2756687.45,1.066456046731014,11643.9501953125,-0.0059121332210912,0.071841505528835,0.0065735006635252
2019-04-04,1647.1468505859375,1700.457296965243,1641.341587530284,1699.1899065231974,4397518,-0.031164456370357,-3.116445637035703,1647.4269409179688,1634.5208081054689,50.65866359125486,9.797494648903694,6.953025361300781,2.844469287602913,1651.235107421875,0.0024820232843738,0,0.0129780114661992,2854082.25,1.5407818047289985,11598.0,-0.00394627205903,0.0555679246626277,0.0064967934938151
2019-04-05,1674.783447265625,1679.7709654295577,1650.6629031477837,1658.7166919844026,3152103,0.0167784655447427,1.6778465544742716,1649.4179077148438,1636.8036840820312,55.68779549642079,10.70208799836564,7.702837888713753,2.9992501096518884,1647.1468505859375,-0.0165015941164268,0,0.0134279637609237,2879935.05,1.0945048916988598,11665.9501953125,0.0058587855934213,0.055455550105175,0.0064940275598308
2019-04-08,1693.1392822265625,1696.6142753205927,1662.0278335429757,1683.5319483783614,2194294,0.010960124421403,1.096012442140304,1651.7665893554688,1639.5648706054687,58.69884943779334,12.753136995559087,8.71289771008282,4.040239285476268,1727.929931640625,0.0205480138458018,1,0.0135484280830581,2862655.55,0.7665239361403435,11604.5,-0.0052674830839918,0.0494022349965297,0.0067215077446083
2019-04-09,1710.10546875,1715.4201642063113,1682.4280902562516,1692.526091471432,2690970,0.0100205498162715,1.002054981627154,1654.579278564453,1643.095458984375,61.31539398890376,15.568177305821564,10.08395362923057,5.484223676590995,1743.0565185546875,0.0192684313376139,0,0.0136667434454501,2895650.5,0.9293145011803048,11671.9501953125,0.0058124171926838,0.0576825291475853,0.0066746758091102
2019-04-10,1668.201171875,1705.19962943037,1664.726178623943,1703.1555157532778,3313062,-0.0245039254249213,-2.4503925424921302,1655.6197265625,1645.3636059570313,52.47315646556018,14.25348517932298,10.917859939249052,3.3356252400739272,1757.978759765625,0.0538170032513034,1,0.014841972704959,2905719.15,1.1401865868557874,11584.2998046875,-0.0075094897732,0.0372715028388652,0.0066878123456452
2019-04-11,1651.235107421875,1680.2615230264685,1646.4519011504906,1672.085067926583,3422442,-0.0101702748680219,-1.0170274868021911,1655.9079650878907,1646.9776318359377,49.36892859400037,11.707604608975544,11.075808873194353,0.6317957357811927,1767.2998046875,0.070289625471227,1,0.0150378657469529,2943913.75,1.1625483253373168,11596.7001953125,0.0010704480058416,0.0261476652827163,0.0062539717193372
2019-04-12,1647.1468505859375,1667.1791652244856,1641.0145093700553,1666.3615197290349,3198471,-0.0024758780972872,-0.247587809728722,1656.480322265625,1647.950634765625,48.62248787322082,9.253420088497478,10.711331116254977,-1.4579110277574987,1762.0672607421875,0.0697693773420198,1,0.0149823186487674,3012179.15,1.0618462052630568,11643.4501953125,0.0040313191867198,0.0266053585268206,0.0062633310430109
2019-04-15,1727.929931640625,1733.2446263343068,1668.8141338160465,1692.5258486032417,9189201,0.0490442494705014,4.9044249470501455,1661.6273803710938,1650.0855004882812,61.1289575387147,13.669408253870188,11.30294654377802,2.366461710092169,1785.2879638671875,0.0331946516905941,1,0.0183850872586228,3376364.45,2.721625919263544,11690.349609375,0.0040279653604204,0.0305996614175831,0.0062846365642712
2019-04-16,1743.0565185546875,1762.802575285417,1729.7697806910292,1733.408262828062,5771952,0.0087541668426913,0.8754166842691369,1665.382409667969,1652.5449731445312,62.94774329850976,18.1801306073055,12.678383356483517,5.501747250821985,1794.731689453125,0.0296462968058464,1,0.0176195136229611,3405746.15,1.6947687072919395,11787.150390625,0.0082804008848778,0.0315310688043357,0.0063323027386481
2019-04-18,1757.978759765625,1762.0260650954594,1728.6660885328963,1757.8559931674574,3413728,0.0085609623394833,0.8560962339483336,1670.5846801757812,1654.7681469726565,64.70234676012271,22.69736957788018,14.682180600762848,8.015188977117333,1830.34033203125,0.0411618012240786,1,0.0174822301795847,3458936.8,0.986929856596397,11752.7998046875,-0.0029142400664389,0.0253528645830005,0.0063984974769908
2019-04-22,1767.2998046875,1779.1965864927863,1754.3402434414472,1756.3025127695337,2007135,0.0053021373950603,0.5302137395060358,1676.2530029296877,1656.9185571289063,65.79204599440466,26.72141657619636,17.09002779584955,9.63138878034681,1848.16552734375,0.0457566522905541,1,0.0174713622829599,3440593.9,0.5833687608409699,11594.4501953125,-0.0134733520528311,0.0053804761008768,0.0070805567750889
2019-04-23,1762.0672607421875,1770.6116176801288,1744.8967024548251,1768.5675035983,2163524,-0.002960756251675,-0.2960756251675023,1681.976531982422,1658.6323510742188,64.58663148505678,29.152231470109427,19.502468530701528,9.6497629394079,1811.4114990234373,0.0280036065481779,1,0.0174533056161694,3394211.85,0.6374157228871851,11575.9501953125,-0.0015955909670886,0.0047652246588381,0.0070876732418241
2019-04-24,1785.2879638671875,1794.731808982054,1762.9254800059157,1764.4789265527436,3003071,0.0131781025857204,1.3178102585720497,1689.2453857421874,1660.90376953125,67.4378062801828,32.57686069360125,22.11734696328148,10.459513730319774,1743.220458984375,-0.0235634282727634,-1,0.0174695893847929,3386957.95,0.8866573026098538,11726.150390625,0.0129751936366588,0.023501120793572,0.0074865707185652
2019-04-25,1794.731689453125,1802.9081436191984,1772.6961853996495,1778.378781120978,4211526,0.0052897492040897,0.5289749204089755,1697.861309814453,1662.8693823242188,68.54691107645984,35.64207411266693,24.82229239315857,10.819781719508368,1764.3563232421875,-0.0169247394412438,0,0.0171057104652216,3476074.0,1.2115754727891292,11641.7998046875,-0.0071933740509534,0.0253253015115484,0.0073700641270549
2019-04-26,1830.34033203125,1834.755537781941,1793.219107409098,1801.2729952478437,2716958,0.0198406496009302,1.984064960093024,1708.3230834960937,1665.41470703125,72.36862494520554,40.47799259124213,27.95343243277528,12.524560158466848,1759.5321044921875,-0.0386858259635692,-1,0.0173456261485647,3496094.95,0.7771407924718978,11754.650390625,0.0096935686775907,0.0236344580693619,0.0072585485370316
2019-04-30,1848.16552734375,1853.561869160774,1823.4317450592632,1830.3408112609063,3488395,0.0097387327375986,0.973873273759862,1720.2791442871094,1668.668134765625,74.06728478233532,45.22748284763316,31.408242515746856,13.8192403318863,1760.2681884765625,-0.0475592351262588,-1,0.0170559923206565,3557206.4,0.9806557752735404,11748.150390625,-0.0005529726349993,0.0264831163786949,0.007193846962259
2019-05-02,1811.4114990234373,1847.387895823271,1807.8957835779995,1843.7903359914696,2457699,-0.0198867621847361,-1.9886762184736173,1729.072900390625,1671.1128881835937,65.17091058760167,45.50123525831191,34.22684106425987,11.274394194052036,1776.3759765625,-0.0193415590437763,0,0.0179193595280661,3477366.9,0.7067701139042878,11724.75,-0.0019918361484096,0.0133751080380293,0.0068599599790197
2019-05-03,1743.220458984375,1787.4142445970822,1737.4969396537508,1786.555676773386,3780886,-0.0376452507206812,-3.7645250720681256,1733.1754455566406,1672.4276684570314,52.55759754195186,39.75743996147344,35.33296084370259,4.424479117770851,1746.3271484375,0.0017821552271908,0,0.0201213451481164,3561624.2,1.0615623063208073,11712.25,-0.0010661208128105,0.0036934659278731,0.0066110570320158
2019-05-06,1764.3563232421875,1770.2024083916897,1724.005440228119,1725.2319084094524,2891422,0.0121246077332792,1.212460773327928,1736.386737060547,1674.2796313476565,55.43653180484489,36.49029105190698,35.564426885343465,0.925864166563514,1740.56298828125,-0.0134855610782831,0,0.0196576573063956,3520212.15,0.8213772002349348,11598.25,-0.0097333987918631,-0.0098137309527503,0.0069104125476317
2019-05-07,1759.5321044921875,1786.0239371198295,1748.780146561119,1766.1551125542162,2201698,-0.0027342655712169,-0.273426557121692,1739.3568176269532,1676.2787719726562,54.62178507010277,33.129877264618244,35.07751696119842,-1.947639696580176,1710.8006591796875,-0.0276956840901543,-1,0.0196820790483661,3483302.75,0.632071961014586,11497.900390625,-0.0086521336731834,-0.0125429774464592,0.007049731827943
2019-05-08,1760.2681884765625,1772.6554379108184,1741.911887368231,1758.7554644585657,1824895,0.0004183407523488,0.0418340752348811,1745.0128845214845,1679.263994140625,54.73110805984303,30.17824493128387,34.09766255521551,-3.919417623931636,1713.2943115234375,-0.0266856364618955,-1,0.0180921661114778,3354671.6,0.5439861833271549,11359.4501953125,-0.0120413458639272,-0.0205681845738489,0.0074713054008017
2019-05-09,1776.3759765625,1785.8198231047108,1746.5728345619186,1753.8498005060253,2264162,0.0091507579307434,0.9150757930743492,1750.092510986328,1683.642490234375,57.16317004250515,28.80675260938688,33.03948056604978,-4.232727956662906,1724.2100830078125,-0.0293664709740303,-1,0.0178762234850847,3310274.55,0.6839801248509735,11301.7998046875,-0.005075103956069,-0.0312148075834679,0.0073409806830019
2019-05-10,1746.3271484375,1792.2787816562354,1738.1916163371957,1778.3788093532444,2039633,-0.0169158041548996,-1.6915804154899683,1752.751904296875,1687.2573022460938,51.594465132327706,25.00688199269393,31.432960851378617,-6.426078858684683,1713.335205078125,-0.0188921894668442,0,0.0183125528143127,3302541.5,0.617594964363052,11278.900390625,-0.0020261741013145,-0.028058047255375,0.0072903991377723
2019-05-13,1740.56298828125,1771.8379309949355,1734.7576249489418,1744.037981916104,1701744,-0.0033007332912434,-0.3300733291243474,1754.2747802734375,1690.7658203125,50.576621881385215,21.284977628203023,29.4033642067435,-8.118386578540477,1752.99072265625,0.0071400658629838,0,0.0182363409179041,3253080.2,0.5231177516004677,11148.2001953125,-0.0115880263843041,-0.0448725355434038,0.0074218800867162
2019-05-14,1710.8006591796875,1765.9508087917145,1694.4477490133052,1745.673160261303,2456110,-0.0170992542653982,-1.7099254265398267,1756.404754638672,1693.4918530273435,45.57698007291577,15.75218895130388,26.67312915565558,-10.920940204351702,1725.0272216796875,0.0083157335857126,0,0.0177593724881351,3210232.6,0.7650878631037514,11222.0498046875,0.0066243526381999,-0.0312707721750621,0.0075678608749054
2019-05-15,1713.2943115234375,1736.6790528172878,1704.382055366119,1714.60262417978,2346876,0.0014575937473308,0.1457593747330898,1759.50771484375,1695.2947534179686,46.05811717504472,11.436794716752956,23.625862267875057,-12.1890675511221,1702.134033203125,-0.0065139294779943,0,0.0175493805167275,3156454.3,0.7435165463982799,11157.0,-0.0057966063080854,-0.0379159750538546,0.0075979544047139
2019-05-16,1724.2100830078125,1736.6791778582544,1698.2907585542728,1713.7851020672792,1946529,0.0063712179576833,0.6371217957683362,1763.3608764648438,1696.4402758789065,48.21627266578594,8.79622778853036,20.65993537200612,-11.863707583475762,1679.485107421875,-0.0259394003240699,-1,0.0175423326226811,3093857.2,0.6291592902219275,11257.099609375,0.0089719108519314,-0.0331817957269263,0.0078762804286274
2019-05-17,1713.335205078125,1745.6731241879988,1708.879077073966,1727.357945028317,1947908,-0.0063071652560555,-0.6307165256055569,1762.6311401367188,1697.0510522460938,46.23176954801315,5.759654003782316,17.67987909836136,-11.920225094579044,1674.5380859375,-0.0226442082236066,-1,0.0137605187108602,2731792.55,0.7130512161327917,11407.150390625,0.0133294353303079,-0.0242250427243758,0.0084809893289846
2019-05-20,1752.99072265625,1759.0821406398652,1676.1729813147213,1737.496383070138,2625116,0.0231452184374607,2.314521843746076,1763.1278503417968,1699.6756860351563,53.71311963178984,6.4783380076760295,15.439570880224297,-8.961232872548266,1680.3836669921875,-0.0414189617353156,-1,0.0146107115147682,2574450.75,1.0196800230107337,11828.25,0.0369154078761932,0.0034868147103381,0.0118943255546566
2019-05-21,1725.0272216796875,1756.874467113781,1719.1402152731232,1756.343077501551,1863157,-0.0159518818982625,-1.5951881898262577,1761.4802734375,1701.5456372070312,48.57996833155097,4.736875676326235,13.299031839444684,-8.562156163118448,1695.59228515625,-0.0170634620448344,0,0.0149138881419141,2496922.2,0.74618143889305,11709.099609375,-0.0100733743897025,-0.0037182795622087,0.012100207253978
2019-05-22,1702.134033203125,1735.003352296557,1696.6149244128662,1725.2325255475412,2595795,-0.0132712041809236,-1.3271204180923646,1758.2219848632812,1703.0770971679688,44.804869473637766,1.4922633653002322,10.937678144615791,-9.44541477931556,1723.2288818359375,0.0123931771654406,0,0.0150885909511985,2526355.2,1.027486158715924,11737.900390625,0.0024596922232125,0.0123723154523096,0.0116922255001263
2019-05-23,1679.485107421875,1729.6068262912893,1676.173602575609,1715.420594245672,2541294,-0.0133061940713496,-1.3306194071349695,1754.0928771972656,1703.9675170898438,41.378954186946245,-2.87356957164684,8.175428601363267,-11.048998173010109,1754.9127197265625,0.0449111528118721,1,0.0153073834438221,2545243.7,0.9984482036042364,11657.0498046875,-0.0068879938700173,0.0070058706202658,0.0118057559902298
2019-05-24,1674.5380859375,1692.5262880325315,1661.6601685285568,1692.5262880325315,2274208,-0.0029455584110352,-0.2945558411035276,1748.5553833007812,1704.5349658203124,40.64786557292168,-6.655980913345729,5.209146698421468,-11.865127611767196,1795.99951171875,0.0725342867990064,1,0.0148684197793776,2508800.55,0.9064921482100282,11844.099609375,0.0160460672143893,0.0100586479638109,0.0119961498941188
2019-05-27,1680.3836669921875,1691.6672121136553,1668.07816505074,1680.0976109079936,2329820,0.0034908618106554,0.3490861810655499,1742.8379821777344,1705.06560546875,41.952951851029184,-9.07724281016226,2.3518687967047223,-11.429111606866982,1833.4063720703125,0.0910641468873765,1,0.0148204145825932,2414715.25,0.9648425419933054,11924.75,0.0068093306612486,0.0243046779758719,0.01192775040283
2019-05-28,1695.59228515625,1715.0113649741938,1672.0849780082128,1684.349659998493,5872979,0.0090506819738882,0.9050681973888252,1736.1005798339845,1706.0296069335936,45.32167146232912,-9.65757540785512,-0.050020044207246,-9.607555363647874,1799.4468994140625,0.061249756304619,1,0.0141179971526511,2572516.3,2.282970568544114,11928.75,0.0003354368016101,0.0148111261151462,0.0117622466458038
2019-05-29,1723.2288818359375,1736.4337773367845,1698.331615296979,1700.702707492883,3281320,0.0162990814016004,1.6299081401600413,1729.8537475585938,1707.5847778320312,50.89817344276802,-7.797565310142318,-1.5995290973942604,-6.1980362127480575,1785.4342041015625,0.0360981195947407,1,0.0145177274383349,2562162.55,1.280683772385948,11861.099609375,-0.0056712053337525,0.0096142128755973,0.0118486019071638
2019-05-30,1754.9127197265625,1763.29358678521,1728.829706376618,1735.861538098415,4971725,0.0183863201369216,1.8386320136921648,1727.02880859375,1709.9690380859374,56.38948125537974,-3.723945654732006,-2.0244124088618096,-1.6995332458701964,1798.333984375,0.0247426918503406,1,0.0147497734721271,2687863.85,1.8496937633206385,11945.900390625,0.0071494873192847,0.0188618427365188,0.0119217055117921
2019-05-31,1795.99951171875,1802.8676550218847,1759.777771127464,1766.1145246301878,4265370,0.0234124418441672,2.341244184416724,1729.6677612304688,1713.3892529296877,62.28053282022015,2.787653671872249,-1.061999192714998,3.849652864587247,1839.3409423828125,0.0241322062624533,1,0.0130963246847653,2712088.05,1.5727254872864471,11922.7998046875,-0.0019337668306382,0.0179768878471258,0.0119312002473186
2019-06-03,1833.4063720703125,1837.7806553114497,1787.0866390812105,1799.6375761734955,3682419,0.0208278789094795,2.082787890947957,1733.120263671875,1716.69826171875,66.69200702630731,10.841588970939029,1.3187184400158074,9.52287053092322,1856.8975830078125,0.0128128773278852,0,0.0136002596045634,2751637.9,1.3382643842781785,12088.5498046875,0.0139019360146293,0.04227360202509,0.011986880019798
2019-06-04,1799.4468994140625,1833.159143088923,1792.7702950622336,1833.159143088923,2408658,-0.0185226107935374,-1.8522610793537453,1735.1160034179688,1719.6085327148437,59.84868227083651,14.319083606222648,3.918791473257176,10.400292132965472,1863.573974609375,0.0356371033878208,1,0.0143287646206448,2761985.9,0.872074690895417,12021.650390625,-0.0055341141115669,0.0455517948674393,0.0118587235692362
2019-06-06,1785.4342041015625,1812.5523465270628,1773.8120280701407,1812.5523465270628,3735467,-0.0077872235724559,-0.7787223572455981,1736.3743041992188,1722.2385498046874,57.23875177410653,15.762614151886964,6.287556008983134,9.47505814290383,1857.969482421875,0.0406261278929696,1,0.0144696943830309,2857514.5,1.3072434103134034,11843.75,-0.0147983334105052,0.0426340884779219,0.0120486570234119
2019-06-07,1798.333984375,1804.9693350721448,1765.6520699201287,1791.945952575341,2659446,0.0072250101649244,0.7225010164924495,1737.4722045898438,1725.2532958984375,59.010853083135856,17.742996747631423,8.578644156712791,9.164352590918632,1858.2994384765625,0.0333450041107925,1,0.0144175783481326,2877278.7,0.924292109763298,11870.650390625,0.0022712730870713,0.050332743082351,0.0119279202902505
2019-06-10,1839.3409423828125,1842.926563141273,1801.4248844174936,1810.6565800227447,2080593,0.0228027487463982,2.2802748746398205,1742.1228942871094,1729.241896972656,64.10356814202862,22.36358948568818,11.33563322250787,11.027956263180313,1853.9307861328125,0.0079321040563036,0,0.0145959152385706,2879326.7,0.722597057152285,11922.7001953125,0.0043847475053773,0.0570800151070245,0.0118852358878834
2019-06-11,1856.8975830078125,1866.088024353751,1838.928630104312,1843.874202395045,3048937,0.0095450714005507,0.954507140055072,1747.9396240234375,1733.931584472656,66.0485153491932,27.12938601709243,14.494383781424784,12.635002235667644,1855.2908935546875,-0.0008652547495497,0,0.0146006467225127,2946686.35,1.0347002150398532,11965.599609375,0.0035981290613484,0.0733211998118039,0.0113893256124581
2019-06-12,1863.573974609375,1868.519546872908,1829.037475463375,1850.468288605352,2404448,0.003595454947358,0.3595454947358023,1755.5782897949218,1738.780966796875,66.78551805979646,31.08669503963233,17.812846033066293,13.27384900656604,1862.7501220703125,-0.0004420820156791,0,0.0137864153847724,2944103.25,0.8166996181265043,11906.2001953125,-0.0049641819885031,0.060964832854264,0.0115216496518725
2019-06-13,1857.969482421875,1883.4391035909607,1848.861344977901,1866.1295976060983,3320916,-0.0030073891693377,-0.3007389169337737,1762.8120483398438,1743.7594702148438,65.50013764889385,33.385804497723484,20.92743772599773,12.45836677172575,1877.6279296875,0.0105806082670421,0,0.0138720454671318,2992805.25,1.1096331777685835,11914.0498046875,0.0006592875347493,0.0678542443925338,0.0113506391211491
2019-06-14,1858.2994384765625,1865.3881750680248,1841.4020605706987,1860.5661599029588,2131408,0.0001775895986502,0.0177589598650218,1769.516516113281,1748.2147314453125,65.54218528901654,34.83295735389265,23.70854165157672,11.124415702315932,1854.4666748046875,-0.0020625113437138,0,0.0138890341538083,3002049.2,0.7099843666786007,11823.2998046875,-0.0076170572968643,0.0502971648968055,0.0115228897837559
2019-06-17,1853.9307861328125,1864.4813841683945,1847.5427530968689,1859.5358102050827,1489497,-0.0023508871892742,-0.2350887189274231,1776.5462951660156,1752.0699560546875,64.42264714098965,35.22131330946536,26.011095983154448,9.21021732631091,1875.609375,0.0116933107909642,0,0.0137644780143939,2979128.65,0.4999774011102206,11672.150390625,-0.0127840295483816,0.0232310428919908,0.0117114089009838
2019-06-18,1855.2908935546875,1862.8328131667267,1839.0940184862689,1849.644616259352,1877447,0.0007336344118391,0.0733634411839156,1781.6613037109375,1755.1731640625,64.6252389595626,35.23269690592451,27.855416167708466,7.377280738216051,1869.2620849609373,0.0075304586762032,0,0.0130194177017132,2941745.2,0.6382085708850651,11691.5,0.0016577587443133,-0.0115613045040474,0.008173736567351
2019-06-19,1862.7501220703125,1876.020824389216,1848.9437297994336,1858.711317661548,1652817,0.0040205169666591,0.4020516966659171,1788.547448730469,1758.425556640625,65.77625451818807,35.43514163481359,29.371361261129486,6.063780373684104,1858.0516357421875,-0.0025223384889128,0,0.0122382279470019,2931228.2,0.5638650037550812,11691.4501953125,-4.259905700743083e-06,-0.0015073246151539,0.0078603404470528
2019-06-20,1877.6279296875,1882.614755956364,1823.2678809875115,1838.104599729725,2199377,0.0079870120210496,0.7987012021049678,1797.3221435546875,1763.0351782226562,68.01191394341754,36.376766555572885,30.77244232001817,5.604324235554717,1856.6920166015625,-0.011150192620655,0,0.011571672038864,2911407.3,0.7554343220888401,11831.75,0.0120002054786796,0.0079954341280623,0.0082977400340634
2019-06-21,1854.4666748046875,1889.6213825172376,1847.996135050664,1883.4394150717071,3871804,-0.0123353804641515,-1.2335380464151502,1806.071221923828,1766.6288427734376,61.298606453993145,34.852335359754306,31.5884209279654,3.2639144317889084,1835.796630859375,-0.0100676082234149,0,0.0114926871970701,2977932.8,1.3001650003653542,11724.099609375,-0.0090984335051873,0.0057518673944876,0.0084142584177883
2019-06-24,1875.609375,1879.3185563612392,1855.2501308866133,1858.011289602844,1382424,0.011400959899988,1.1400959899988017,1816.124786376953,1770.2782446289064,64.72186865576595,34.94739998989576,32.260216740351474,2.687183249544283,1845.97607421875,-0.0157992923133315,0,0.011416138740644,2933343.6,0.4712792596135004,11699.650390625,-0.0020853813567439,-0.0121958801018241,0.0075646315389168
2019-06-25,1869.2620849609373,1874.743348763841,1855.0023069178524,1871.0754217745048,1386077,-0.0033841215146744,-0.3384121514674487,1825.5687072753904,1773.461376953125,62.92245184157083,34.117283329598195,32.63163005820082,1.485653271397375,1856.3212890625,-0.006922943552192,0,0.0115898510410396,2886156.45,0.4802501264267915,11796.4501953125,0.0082737348087824,-0.0107591190328937,0.0076466249237422
2019-06-26,1858.0516357421875,1868.4374189769603,1854.5897750758863,1866.9537069097253,1762224,-0.0059972591906415,-0.5997259190641535,1833.691674804688,1777.258386230469,59.762165682919445,32.18382522981119,32.542069092522894,-0.3582438627117028,1844.410888671875,-0.007341425183194,0,0.0118266689267471,2680618.7,0.6573945037390062,11847.5498046875,0.0043317785036134,-0.0068071000995494,0.0077218063927671
2019-06-27,1856.6920166015625,1866.1297793462163,1847.4190660637328,1858.711418915953,2813464,-0.0007317445406095,-0.0731744540609535,1840.364831542969,1781.3675244140625,59.37268457580006,30.19378074463112,32.07241142294454,-1.878630678313428,1848.531982421875,-0.0043949314731386,0,0.0115538569928495,2657225.9,1.058797447367949,11841.5498046875,-0.0005064338279993,-0.001648228691381,0.007618862143833
2019-06-28,1835.796630859375,1864.439740737676,1831.9226389791256,1862.832469783048,2372928,-0.0112540936005282,-1.1254093600528203,1844.4090270996087,1785.140520019531,53.59201721553483,26.62367203470444,30.98266354529652,-4.35899151059208,1782.9617919921875,-0.0287803332782315,-1,0.0114851667458681,2527286.05,0.9389233957113798,11788.849609375,-0.0044504474652159,-0.0131468349906258,0.0074818526595602
2019-07-01,1845.97607421875,1858.7108823674007,1818.8166805084888,1842.225641725562,2769940,0.0055449733310655,0.5544973331065517,1846.9078552246087,1787.5014428710938,55.847329027991165,24.33521001388908,29.653172839015035,-5.317962825125953,1793.0999755859375,-0.0286439783111439,-1,0.0104017795408263,2452514.55,1.129428569547121,11865.599609375,0.0065103892697864,-0.0047975472413795,0.0076412551765542
2019-07-02,1856.3212890625,1860.3600940181484,1826.9362160162293,1850.3864392492471,1771746,0.0056041976861094,0.5604197686109424,1848.0536010742187,1789.76673828125,58.07712501102131,23.09019041230863,28.34057635367376,-5.250385941365128,1758.43994140625,-0.0527286673018134,-1,0.0094176046919132,2356980.9,0.7517014669062444,11910.2998046875,0.0037672091410518,-0.014745358449107,0.006961807465455
2019-07-03,1844.410888671875,1861.8441611565147,1839.7538860765044,1856.4039482033024,1656881,-0.0064161309040635,-0.6416130904063566,1850.301800537109,1791.495380859375,54.65489835875228,20.90149422136483,26.852759927211974,-5.951265705847145,1737.70947265625,-0.0578512177904451,-1,0.0084598884988786,2319392.05,0.714360041028855,11916.75,0.0005415644793391,-0.0087259558560117,0.0068726439531738
2019-07-04,1848.531982421875,1856.2389163210464,1838.187650337876,1841.4021931888176,984140,0.0022343685863661,0.2234368586366164,1853.456689453125,1793.1200244140623,55.62915236760937,19.277258311407195,25.33765960405102,-6.060401292643824,1733.052490234375,-0.0624709192405766,-1,0.0081876889828455,2181825.7,0.4510626123800815,11946.75,0.0025174649128327,0.0086965699208443,0.0060007907436663
2019-07-05,1782.9617919921875,1854.5901025704347,1763.9212531114356,1852.1173157670075,4088470,-0.0354714936247843,-3.54714936247843,1852.6880798339844,1793.5379150390625,40.660236280257145,12.554354492275706,22.78099858169596,-10.226644089420253,1737.2149658203125,-0.0256577714549676,-1,0.0115615641732513,2253276.9,1.8144552052169,11811.150390625,-0.0113503345575156,-0.0050123622583468,0.0065326639639633
2019-07-08,1793.0999755859375,1804.1452102152548,1757.4095819969782,1771.339533196909,2788062,0.005686147420143,0.5686147420143062,1850.3760314941403,1793.6941552734374,43.20493797763242,7.952796578869993,19.815358181130765,-11.862561602260772,1768.6195068359375,-0.0136525955514557,0,0.0103235680316134,2288650.35,1.2182122970422284,11558.599609375,-0.021382403313606,-0.0305384334062722,0.0079595097410565
2019-07-09,1758.43994140625,1792.275745585193,1734.7011484957648,1791.9461211814512,3977224,-0.0193296718819939,-1.932967188199397,1845.4531494140624,1792.9683203125,37.31362579224305,1.4920542155275598,16.150697388010126,-14.658643172482568,1739.95068359375,-0.0105145802123408,0,0.0107489959454126,2335064.7,1.703260727636369,11555.900390625,-0.0002335247210926,-0.0342397566461276,0.0078755229889165
2019-07-10,1737.70947265625,1753.9063450952235,1707.294278970669,1714.4653196277045,6343581,-0.0117891252705631,-1.1789125270563194,1839.1599243164064,1791.115703125,34.30096772360206,-5.240497043108462,11.87245850178641,-17.112955544894874,1749.245361328125,0.0066385600432052,0,0.0108276200048691,2532021.35,2.50534261885272,11498.900390625,-0.004932545113165,-0.0342090505791977,0.0078748382949467
2019-07-11,1733.052490234375,1754.854184691325,1719.4521642374718,1754.0299225096944,2400346,-0.0026799545580863,-0.2679954558086339,1832.9140747070312,1788.8134423828126,33.643812811227505,-10.827064324490266,7.332553936531074,-18.15961826102134,1706.862060546875,-0.0151123118515342,0,0.010828546344192,2485992.85,0.9655482315647046,11582.900390625,0.0073050463215147,-0.0277948656830535,0.0081165459729442
2019-07-12,1737.2149658203125,1747.2296703215554,1725.2631647967662,1732.6815240527606,1560725,0.0024018173767919,0.2401817376791903,1826.8598510742188,1787.32951171875,34.845353718409896,-14.748569819293152,2.9163291853662288,-17.664899004659382,1715.949951171875,-0.0122408654466065,0,0.0108787175899314,2457458.7,0.6350971432398843,11552.5,-0.002624592252352,-0.0229039108506863,0.0079903225604773
2019-07-15,1768.6195068359375,1775.1312994896568,1729.3022369298517,1751.5573181486818,2900415,0.0180775215695863,1.8077521569586308,1822.594287109375,1787.8374926757813,43.201724839544426,-15.147693988398714,-0.6964754493867602,-14.451218539011954,1743.1729736328125,-0.0143877940420599,0,0.0118855793402988,2528004.6,1.1473139724508412,11588.349609375,0.0031031905972733,-0.0071795494785013,0.0075479495886246
2019-07-16,1739.95068359375,1761.8446499352667,1734.993559139067,1756.474431776027,2735399,-0.0162097178796111,-1.620971787961112,1816.827276611328,1787.3493798828124,38.36442387682169,-17.574746470825175,-4.072129653674443,-13.502616817150733,1745.279541015625,0.003062648540629,0,0.0122571319020409,2570902.2,1.0639840753179952,11662.599609375,0.0064072971995883,-0.0024719146922977,0.0076873097873799
2019-07-17,1749.245361328125,1755.6483140027233,1728.466827847119,1741.6031274907014,1802969,0.0053419202176336,0.5341920217633689,1811.1520385742188,1787.1436450195313,40.68335451028782,-18.53454553128517,-6.964612829196589,-11.569932702088586,1732.349853515625,-0.009658740955398,0,0.0123011981490087,2578409.8,0.699256184955549,11687.5,0.0021350634900458,-0.0003378704306574,0.0077035134115541
2019-07-18,1706.862060546875,1748.3779832795767,1701.9462851615035,1748.3779832795767,3072096,-0.0242294773038987,-2.4229477303898794,1802.613745117188,1786.0755224609377,34.33897999702242,-22.456309010990022,-10.062952065555278,-12.393356945434748,1758.04443359375,0.0299862386246234,1,0.0128736764339468,2622045.75,1.1716408838404135,11596.900390625,-0.0077518382352941,-0.0198491017284002,0.0073433435072954
2019-07-19,1715.949951171875,1732.5150495692642,1704.011583088511,1715.9913008847695,1953177,0.0053243263384086,0.5324326338408625,1795.6879089355468,1784.867001953125,36.62125863704957,-24.548043436559283,-12.95997033975608,-11.588073096803203,1742.4705810546875,0.015455363289996,0,0.0129262589370456,2526114.4,0.7731941989642275,11419.25,-0.0153187821435988,-0.0260019634370243,0.0078216098503819
2019-07-22,1743.1729736328125,1749.4107297709952,1709.2167874700851,1715.9914848157,1920167,0.0158646949127776,1.5864694912777644,1789.0660888671875,1784.8039184570312,43.01135364633293,-23.7354798023116,-15.115072232267185,-8.620407570044417,1759.779541015625,0.0095266319716993,0,0.0132372181215536,2553001.55,0.7521213608350532,11346.2001953125,-0.0063970755248812,-0.0302103211217081,0.0079037580267129
2019-07-23,1745.279541015625,1759.7791702951542,1736.976317265304,1758.0440960646122,3538588,0.0012084672116172,0.120846721161727,1782.866961669922,1784.8982495117189,43.48618786221853,-22.66032081272192,-16.624121948358134,-6.0361988643637865,1800.3861083984375,0.0315746366629294,1,0.0132803880370417,2660627.1,1.3299826946812652,11331.0498046875,-0.0013352832106081,-0.0394525796251769,0.0075628939301922
2019-07-24,1732.349853515625,1752.1783519495175,1715.578208249107,1743.2554873130823,2413196,-0.0074083762492717,-0.7408376249271709,1776.5818725585937,1785.3292333984375,41.21622261571183,-22.59115056945097,-17.817527672576702,-4.773622896874272,1822.3212890625,0.051936065549512,1,0.0132989783203475,2693175.7,0.8960410566603582,11271.2998046875,-0.0052731212932523,-0.0486387488974306,0.0074448201868597
2019-07-25,1758.04443359375,1763.9104459699872,1728.838824282406,1742.346869905961,2544464,0.0148322118802852,1.483221188028527,1771.6494934082032,1786.2242358398437,47.12327226204069,-20.229798257870243,-18.29998178963541,-1.9298164682348329,1801.1298828125,0.0245075996917072,1,0.0139055760545254,2679725.7,0.9495240501667764,11252.150390625,-0.0016989534831232,-0.0497738407373995,0.0074330875624731
2019-07-26,1742.4705810546875,1759.613969651357,1730.8626077119054,1759.613969651357,1720592,-0.0088586228206,-0.8858622820600015,1766.9831909179688,1786.5894458007813,44.22261279384169,-19.391555501111043,-18.51829653193053,-0.8732589691805046,1821.990966796875,0.0456365729251251,1,0.0138375648997991,2647108.9,0.649989125872381,11284.2998046875,0.0028571795564771,-0.0427989007753785,0.0075125419900664
2019-07-29,1759.779541015625,1769.6937919509244,1737.7203730257745,1743.9167798603366,1647090,0.0099335737137442,0.993357371374426,1762.6733642578124,1787.5183325195312,48.05003328852872,-17.133054478263603,-18.241248121197152,1.10819364293355,1857.7652587890625,0.0556806778858713,1,0.0140058528180541,2590966.4,0.6357048860224509,11189.2001953125,-0.0084276039294431,-0.057005076551553,0.0073461272451414
2019-07-30,1800.3861083984375,1805.219385146292,1751.8889506123462,1759.7790802570255,2851672,0.0230748036537447,2.30748036537447,1759.8766052246094,1788.466240234375,55.725603521436014,-11.929054803292502,-16.978809457616222,5.049754654323721,1829.9224853515625,0.0164055792340007,0,0.0150316398325299,2644962.7,1.078152066189818,11085.400390625,-0.0092767850137299,-0.069259332476068,0.0073015156505329
2019-07-31,1822.3212890625,1827.278412867379,1773.9479822587102,1794.2722705410686,3000677,0.0121835980414086,1.2183598041408672,1758.7721252441406,1790.4121215820312,59.22986976828122,-5.9660884545062345,-14.776265256994224,8.810176802487991,1828.7244873046875,0.0035137592260043,0,0.0152796328821903,2712152.5,1.106382107938252,11118.0,0.0029407696814063,-0.0670275033041727,0.0073915474659168
2019-08-01,1801.1298828125,1832.0705606202373,1789.728456344347,1817.612281111397,2375236,-0.0116287980485054,-1.162879804850547,1756.4020202636718,1792.3920385742188,54.72355050330805,-2.916741660391608,-12.404360537673702,9.487618877282094,1865.6138916015625,0.0358019759731982,1,0.0154628582180943,2781707.3,0.8538770416283554,10980.0,-0.0124123043712898,-0.0809215895536442,0.0075114816384398
2019-08-02,1821.990966796875,1825.874006922908,1789.1086705844152,1795.3050755852848,2500816,0.0115822207956486,1.1582220795648634,1758.3534790039062,1795.2421557617188,58.10285543939399,1.169718985151576,-9.689544633108646,10.859263618260222,1855.8236083984373,0.0185690501314841,0,0.0134154725729275,2702324.6,0.9254313860000386,10997.349609375,0.0015801101434427,-0.068901059959066,0.0074180300975981
2019-08-05,1857.7652587890625,1860.7807624258623,1813.9773220997204,1817.5297669192068,3039682,0.0196347252231881,1.9634725223188096,1761.5867431640625,1798.90669921875,63.178337243550736,7.211821484766915,-6.309271409533534,13.521092894300448,1817.157958984375,-0.0218581436016067,-1,0.0140119814021928,2714905.6,1.1196271428369369,10862.599609375,-0.0122529522827143,-0.0602149069542546,0.0064842107473289
2019-08-06,1829.9224853515625,1860.5327704313609,1827.0721790166808,1844.71136159296,2885467,-0.0149872398064159,-1.498723980641592,1765.160870361328,1801.8974755859367,57.35477697175945,9.64240053093522,-3.118937021439784,12.761337552375004,1821.247802734375,-0.0047404645205618,0,0.0136963431888772,2660317.75,1.0846324654263575,10948.25,0.0078848888576432,-0.052583560785793,0.0069118173729918
2019-08-07,1828.7244873046875,1849.4205223227448,1823.6021656899163,1842.3979293186155,2165362,-0.00065467147186,-0.0654671471860046,1769.71162109375,1804.5601196289065,57.11084581519619,11.341248651334354,-0.2268998868849561,11.56814853821931,1788.77880859375,-0.0218434646597927,-1,0.0133240130662202,2451406.8,0.8833140219730157,10855.5,-0.0084716735551343,-0.0559532101999562,0.0070171742527585
2019-08-08,1865.6138916015625,1884.533502815061,1833.227183410725,1841.489057601059,2073298,0.0201722044807555,2.017220448075552,1776.3396911621094,1807.407819824219,62.41207143254277,15.485754516909536,2.915630993873943,12.570123523035594,1787.0438232421875,-0.042114860268287,-1,0.0138145908194401,2435054.4,0.8514380623282995,11032.4501953125,0.0163005108297638,-0.0475226563942503,0.0079311836264336
2019-08-09,1855.8236083984373,1873.710486479262,1851.7753704692768,1867.1836861348777,1744550,-0.0052477542363926,-0.5247754236392677,1782.2701232910156,1809.426037597656,60.28247089614634,17.775407409439595,5.887586276987074,11.88782113245252,1806.665771484375,-0.0264884209316019,-1,0.0139599669060068,2444245.65,0.7137375901640656,11109.650390625,0.0069975566574775,-0.0383336601925989,0.008204090411417
2019-08-13,1817.157958984375,1855.8235722498976,1812.9031742701552,1854.7908379303376,1647281,-0.0208347653511264,-2.0834765351126494,1784.6970458984374,1809.849206542969,52.64266760501015,16.282286988397573,7.966526419269174,8.315760569128399,1806.211181640625,-0.0060241198568495,0,0.0145076034211929,2381588.95,0.6916730949730011,10925.849609375,-0.0165442452991232,-0.0571694867976744,0.0087303181460331
2019-08-14,1821.247802734375,1832.3601869407044,1790.6788625754111,1801.9977936747064,1945002,0.0022506814720091,0.225068147200913,1788.7619018554688,1809.60603515625,53.31660515229494,15.253165510505596,9.423854237516458,5.829311272989138,1830.8311767578125,0.0052619824765467,0,0.0138990807022493,2342069.1,0.8304631148585667,11029.400390625,0.0094775953314556,-0.0542931456071767,0.0089274148057453
2019-08-16,1788.77880859375,1851.816759528484,1770.7265293039777,1851.816759528484,3755507,-0.0178278837684124,-1.782788376841249,1790.73857421875,1809.392673339844,47.53328715450216,11.682929315634285,9.875669253140025,1.807260062494258,1857.0213623046875,0.0381503589952445,1,0.0145875592696474,2439696.0,1.539333998990038,11047.7998046875,0.0016682152620135,-0.0547337065508021,0.0089145725172059
2019-08-19,1787.0438232421875,1806.0461385147585,1782.6649885120985,1801.0890127914788,974884,-0.0009699272728562,-0.0969927272856274,1794.7476623535156,1809.424865722656,47.23842323234026,8.614193530175726,9.623374108547164,-1.0091805783714385,1880.650634765625,0.0523808147880833,1,0.0133243895504628,2334835.4,0.4175386410536691,11053.900390625,0.0005521991749806,-0.0468228562555357,0.0088636976141679
2019-08-20,1806.665771484375,1821.7436954947048,1789.9354722400358,1794.47950413356,1843611,0.0109801158690041,1.098011586900416,1799.2834533691407,1809.591501464844,50.9447228091653,7.677029529205583,9.234105192678848,-1.557075663473265,1847.768310546875,0.0227504941485274,1,0.0134495484831059,2329357.1,0.7914677401760339,11017.0,-0.0033382235519596,-0.0352256058847998,0.0083304374472724
2019-08-21,1806.211181640625,1819.264985273056,1802.947781159004,1805.1784472030267,1214408,-0.0002516181193694,-0.0251618119369467,1802.4353637695312,1808.92890625,50.85559283887091,6.819033136018788,8.751090781346836,-1.932057645328048,1850.0404052734373,0.0242658356222782,1,0.0130952049808186,2294069.15,0.5293685240481962,10918.7001953125,-0.0089225564752201,-0.037677812187433,0.0084230766844723
2019-08-22,1830.8311767578125,1847.065677584159,1792.8265584677133,1806.871743487968,2131601,0.0136307400637529,1.3630740063752975,1806.7129455566403,1808.407578125,55.40603467119837,8.033092174796138,8.607491060036697,-0.5743988852405586,1845.24853515625,0.007874761245856,0,0.0133547445654877,2223719.8,0.958574457087624,10741.349609375,-0.0162428295277892,-0.0520428561763579,0.0090109800404206
2019-08-23,1857.0213623046875,1867.100808154848,1829.0961880891325,1829.9637251926831,2826425,0.014305079506705,1.430507950670501,1812.9465209960936,1808.2765258789063,59.68270834525512,10.98197839210934,9.082388526451226,1.8995898656581147,1866.8536376953125,0.005294648510894,0,0.0133910856602471,2244381.25,1.2593337250522834,10829.349609375,0.0081926390258439,-0.0392102244613085,0.0093014926605728
2019-08-26,1880.650634765625,1885.3598631448267,1838.2671759409463,1856.4433008266544,2345475,0.0127242868286727,1.272428682867277,1819.0768310546875,1808.730148925781,63.119283379144704,15.052164788402932,10.276343778841568,4.775821009561366,1860.24365234375,-0.0108510225368988,0,0.0133057695609896,2234431.8,1.049696392613102,11057.849609375,0.0211000667853762,-0.0172678798722675,0.0106360891580339
2019-08-27,1847.768310546875,1879.4526812849017,1841.57190440822,1875.445591299533,3432106,-0.0174845468961054,-1.7484546896105455,1824.3417175292968,1808.519526367188,55.96964796430059,15.446431231998758,11.310361269473006,4.136069962525752,1855.12158203125,0.003979541938458,0,0.0138545851968618,2320007.5,1.4793512520972454,11105.349609375,0.0042955910667956,-0.0158583340047526,0.0106670585689376
2019-08-28,1850.0404052734373,1860.6981436054768,1830.8315454218769,1850.6600459138103,1294621,0.0012296426524869,0.1229642652486928,1828.854760742188,1808.44171875,56.3376729672005,15.760551458222835,12.200399307222972,3.560152150999864,1830.2528076171875,-0.0106957651302351,0,0.0137626915892408,2302384.05,0.5622958515543921,11046.099609375,-0.0053352665232603,-0.0127891702212503,0.0105718253869904
2019-08-29,1845.24853515625,1857.4348014655864,1835.9539252592983,1835.9539252592983,1670652,-0.0025901434928277,-0.2590143492827712,1831.097882080078,1808.240871582032,55.28808225067124,15.444792179298249,12.849277881638027,2.59551429766022,1815.5467529296875,-0.0160963586534144,0,0.0129234624640641,2243333.05,0.7447186676093415,10948.2998046875,-0.0088537862364102,-0.0123676710904774,0.0105539406810456
2019-08-30,1866.8536376953125,1872.1411578116893,1832.484151820974,1851.486467191525,2583625,0.0117085054546504,1.1708505454650409,1833.3244995117188,1808.3229418945311,58.99719959038179,16.74487736639867,13.628397778590156,3.116479587808513,1803.4429931640625,-0.0339665859448586,-1,0.0129028454887454,2222480.45,1.162496165039382,11023.25,0.0068458296401794,-0.0085222162259399,0.0106579048936412
2019-09-03,1860.24365234375,1897.0914897924447,1848.1398857682232,1875.4454199997087,2545060,-0.0035407089329845,-0.3540708932984526,1836.280187988281,1807.9752563476563,57.42757215992013,17.045345534897933,14.311787329851713,2.733558205046222,1779.6077880859375,-0.0433469369220629,-1,0.0125999214634748,2230971.65,1.1407854510387885,10797.900390625,-0.0204431188057061,-0.0165846638775045,0.01126908428625
2019-09-04,1855.12158203125,1875.4458779549072,1844.8769363318536,1871.314939897738,2228092,-0.0027534405539009,-0.2753440553900921,1837.93671875,1807.988354492188,56.18025018605789,16.677907915090827,14.785011446899537,1.8928964681912923,1762.75390625,-0.0497906318787542,-1,0.0124140337837576,2217335.45,1.0048511153330453,10844.650390625,0.0043295454031591,-0.0138850926972283,0.0113160050155063
2019-09-05,1830.2528076171875,1861.936970268568,1823.64330906701,1852.477165809804,2055943,-0.0134054687600758,-1.3405468760075867,1836.5610961914065,1807.081223144532,50.450719950566,14.21613395297959,14.671235948115548,-0.4551019951359585,1769.652099609375,-0.0331105668875922,-1,0.011991365487346,2168148.5,0.948248240376524,10847.900390625,0.0002996869316147,-0.0013531953011794,0.0109810390200832
2019-09-06,1815.5467529296875,1845.2894983701733,1811.4985154826488,1830.831219336604,1890550,-0.0080349854546301,-0.8034985454630106,1835.8423095703124,1806.0069165039065,47.373907451422944,10.952253877075009,13.92743953390744,-2.975185656832432,1776.303466796875,-0.0216151338815632,-1,0.0116506362577703,2118402.65,0.8924412929713811,10946.2001953125,0.0090616433731685,-0.000187226697189,0.0110286187877973
2019-09-09,1803.4429931640625,1819.9667388404189,1800.9230816072422,1817.6120243991857,1703945,-0.0066667298686159,-0.6666729868615939,1834.5782348632813,1804.914743652344,44.944400973232206,7.304728777874061,12.602897382700766,-5.298168604826705,1753.706787109375,-0.0275784741980823,-1,0.0117367032989264,2095331.8,0.8132101082988383,11003.0498046875,0.0051935473827113,0.0135921702996177,0.0108954850738092
2019-09-11,1779.6077880859375,1813.4814739315843,1773.45273185273,1806.045786794735,2627440,-0.0132165004208462,-1.3216500420846211,1830.2779296875,1803.3730590820312,40.53579916197533,2.462352539756239,10.57478841411186,-8.112435874355622,1766.843505859375,-0.0071725254924238,0,0.0109716847478731,2123038.9,1.2375844832612346,11035.7001953125,0.0029673946046386,0.0002945855129607,0.0102834638997132
2019-09-12,1762.75390625,1788.696115651432,1751.8069207846968,1780.4342398285614,2118859,-0.0094705597203891,-0.9470559720389128,1825.624444580078,1801.912204589844,37.71842478419258,-2.7040621811770507,7.919018295054079,-10.62308047623113,1736.60498046875,-0.0148341329374093,0,0.0110715792122021,2141754.35,0.9893100018683282,10982.7998046875,-0.0047935690249604,-0.0114180538070346,0.0102027822179153
2019-09-13,1769.652099609375,1782.8710982971168,1747.8408324569657,1763.9101373955696,2291174,0.0039133048208923,0.391330482089236,1823.249151611328,1800.3857250976562,39.56974006472797,-6.170724248041552,5.1010697864349535,-11.271794034476503,1706.4490966796875,-0.0357149311684701,-1,0.0102697845959605,2173949.0,1.0539226081200617,11075.900390625,0.0084769446400874,0.0137335572623338,0.0096543647246521
2019-09-16,1776.303466796875,1795.636177334508,1756.8053573626696,1784.5239936624848,2597948,0.0037585733314295,0.3758573331429593,1821.001934814453,1798.7853686523438,41.37913456820702,-8.285854989197105,2.423684831308542,-10.709539820505649,1665.428955078125,-0.0624186766457675,-1,0.0103025016915563,2206596.3,1.177355368537507,11003.5,-0.0065367498868337,-0.0023483045050223,0.0095539494535519
2019-09-17,1753.706787109375,1781.7146639184557,1739.6204518327272,1780.392683258006,2796530,-0.0127211819995192,-1.2721181999519215,1819.2483337402343,1796.9712866210937,37.29374741730386,-11.651167140510324,-0.3912855630552312,-11.259881577455094,1689.3055419921875,-0.0367229263127502,-1,0.0099250273938719,2158647.45,1.2955010323709877,10817.599609375,-0.016894659937747,-0.0208367457215171,0.0102519475208655
2019-09-18,1766.843505859375,1770.4786505625489,1745.8582201100949,1756.8052056461431,1454663,0.0074908296224667,0.7490829622466721,1818.2383178710936,1795.3375170898437,40.94415738581745,-13.107087505322625,-2.9344459515087102,-10.172641553813914,1725.450927734375,-0.0234274161733792,-1,0.0101025348283588,2182636.4,0.6664706040822924,10840.650390625,0.0021308591630644,-0.0192918329697326,0.0102706062188217
2019-09-19,1736.60498046875,1764.57151133045,1727.5582666160408,1763.9105209111656,1652691,-0.0171144333328588,-1.7114433332858892,1814.7352783203123,1794.410380859375,35.78072680844552,-16.510587394894173,-5.649674240185803,-10.86091315470837,1724.7489013671875,-0.0068271594489854,0,0.0103690707831555,2173090.4,0.7605256550762913,10704.7998046875,-0.0125315899915916,-0.0283380407835617,0.0105852812434521
2019-09-20,1706.4490966796875,1759.2837520767066,1699.4678519702466,1739.0421563677758,6941979,-0.017364849305524,-1.7364849305524066,1809.7471740722656,1792.67736328125,31.51269120196814,-21.39458986254772,-8.798657364658187,-12.595932497889532,1698.765380859375,-0.0045027512600657,0,0.0109154616831349,2459468.95,2.822551998471052,11274.2001953125,0.0531911293077771,0.0325588205226681,0.0159893104607187
2019-09-23,1665.428955078125,1734.1677210203522,1631.7204616556437,1734.1677210203522,6323401,-0.024038303680653,-2.403830368065308,1801.4770629882807,1790.8171435546874,26.825281252904205,-28.24953654060528,-12.688833199847604,-15.560703340757671,1734.4158935546875,0.0414229248664206,1,0.0111813855452867,2669058.95,2.3691499957316413,11600.2001953125,0.028915576657539,0.0799574184968245,0.0164991774374391
2019-09-24,1689.3055419921875,1702.7724385920103,1663.115438566578,1664.7678135676376,4620978,0.0143365988931918,1.4336598893191832,1793.0912719726562,1789.849064941406,33.06625482661167,-31.39360422353866,-16.429787404585817,-14.963816818952845,1701.90478515625,0.0074582382232668,0,0.0111842016783266,2758786.6,1.6750037860847953,11588.2001953125,-0.0010344649056013,0.0700735144131425,0.0165042046201743
2019-09-25,1725.450927734375,1728.3839331629003,1701.9872877179637,1706.076874752098,4002232,0.0213965945435552,2.1396594543555247,1785.3312866210938,1789.6970336914062,41.23698144572772,-30.615750648414405,-19.26698005335153,-11.34877059506287,1702.1527099609375,-0.0135026835008454,0,0.0120298926065818,2841624.45,1.4084310120572054,11440.2001953125,-0.0127716122871148,0.0345773002386773,0.0163422730068904
2019-09-26,1724.7489013671875,1740.7768562861295,1704.4246105924467,1733.2584702443908,4234281,-0.0004068654494331,-0.0406865449433135,1779.1803161621094,1789.4477124023438,41.13195946701832,-29.713425869292905,-21.35626921653981,-8.357156652753094,1717.9324951171875,-0.0039521151424399,0,0.0116391897116757,2881733.2,1.4693521940199044,11571.2001953125,0.011450848565891,0.041948304404954,0.0164769565667462
2019-09-27,1698.765380859375,1722.7661685476858,1694.8409901571774,1722.6009713856226,2046795,-0.0150651033824202,-1.5065103382420286,1771.6165649414063,1788.0506298828125,37.34132183945944,-30.74062118690881,-23.233139610613613,-7.5074815762951985,1691.7840576171875,-0.0041096453464667,0,0.0118680019778422,2919341.9,0.701115206821099,11512.400390625,-0.0050815648934429,0.0422140662985008,0.016470960094031
2019-09-30,1734.4158935546875,1738.2989354361855,1701.9466763301057,1703.4752042703683,2620039,0.0209861309260244,2.0986130926024416,1766.074932861328,1787.9399340820312,44.85102521841719,-28.35116783114813,-24.25674525472052,-4.094422576427615,1668.9813232421875,-0.0377271509997476,-1,0.0131381130252277,2966811.25,0.8831161739729819,11474.4501953125,-0.0032964624252822,0.0480577258580121,0.0163209296159097
2019-10-01,1701.90478515625,1731.647533144263,1685.1744894129924,1731.647533144263,3342877,-0.0187447016135247,-1.8744701613524704,1757.827490234375,1786.9931225585938,40.12781041294589,-28.74947749210969,-25.155291702198355,-3.594185789911336,1656.051513671875,-0.0269423247906112,-1,0.0131071307132672,3004773.85,1.1125219956237304,11359.900390625,-0.0099830321050411,0.0305400304470098,0.0165163157426907
2019-10-03,1702.1527099609375,1719.4199471468776,1690.503486976355,1710.2080376746223,2317618,0.0001456748972386,0.0145674897238601,1749.9229431152344,1786.898935546875,40.179545825359874,-28.71413661537099,-25.86706068483288,-2.847075930538108,1641.5107421875,-0.0356266317461193,-1,0.0131476777712935,2993401.75,0.7742422145640825,11314.0,-0.0040405627731454,0.0477962928629245,0.0157519972917376
2019-10-04,1717.9324951171875,1725.037584262297,1697.773405708254,1702.4414845751176,2163251,0.0092704873445885,0.9270487344588574,1743.0634887695312,1786.9385864257813,43.5244889197756,-27.10043498591336,-26.11373554504898,-0.986699440864374,1669.7247314453125,-0.0280615005588951,-1,0.0134947895541348,2990159.7,0.7234566769126076,11174.75,-0.0123077602969772,0.0304389350956268,0.0160834825049182
2019-10-07,1691.7840576171875,1730.4496719118092,1686.2486418582014,1718.4699534860652,2177916,-0.0152208760089938,-1.52208760089938,1736.140051269531,1785.9108081054687,39.57542671941641,-27.613217213706776,-26.41363187878054,-1.1995853349262369,1683.19189453125,-0.0050787587501204,0,0.0135690718337373,2996258.35,0.7268785750734745,11126.400390625,-0.0043266837625002,0.0256731708414916,0.0161366641276874
2019-10-09,1668.9813232421875,1701.9462241623326,1665.1808809704762,1701.9462241623326,2066920,-0.0134785135681658,-1.3478513568165873,1728.8117797851562,1784.38484375,36.46801837307953,-29.519310678915872,-27.034767638807608,-2.484543040108264,1690.7100830078125,0.0130191749080896,0,0.0137115279186397,3005076.85,0.6878093650084189,11313.2998046875,0.0167978328570648,0.0335367161960187,0.0164204778360743
2019-10-10,1656.051513671875,1684.637682193233,1649.9790556454589,1675.508269868787,2881452,-0.0077471265797,-0.7747126579700003,1721.442205810547,1782.858876953125,34.799483076750846,-31.70772414953012,-27.969358940952112,-3.73836520857801,1715.6729736328125,0.0360021771477034,1,0.0137242510916177,3063952.2,0.9404363423163064,11234.5498046875,-0.006960833829169,0.0210396212058747,0.016512009233797
2019-10-11,1641.5107421875,1648.2441910080777,1590.4110614990225,1595.3681868855128,12593069,-0.0087803859749111,-0.8780385974911153,1714.537353515625,1780.528203125,32.972417929169964,-34.220899105037915,-29.219666973769275,-5.00123213126864,1737.9747314453125,0.0587653719093321,1,0.0136055917155979,3562233.65,3.535160867395658,11305.0498046875,0.0062752848334504,0.0244071155076692,0.0165475046751969
2019-10-14,1669.7247314453125,1679.4324333723202,1625.9367993490227,1648.2438590961892,3510704,0.0171878188382819,1.718781883828191,1709.8858947753906,1779.0732861328124,39.59896588480733,-33.54924046437054,-30.08558167188953,-3.463658792481013,1732.9482421875,0.037864630948756,1,0.0143224895133304,3631825.9,0.9666498606114352,11341.150390625,0.0031933150725733,0.0326283454410736,0.0164881130989535
2019-10-15,1683.19189453125,1691.2058732278297,1671.1294759157397,1678.8130602828285,2261310,0.0080654989605863,0.8065498960586392,1705.5628845214844,1777.541533203125,42.52006547028056,-31.566381049990923,-30.38174154750981,-1.1846395024811116,1748.745361328125,0.0389459258982058,1,0.0144515335608969,3630332.7,0.6228933232483073,11428.2998046875,0.007684353972992,0.0318167735022953,0.0164719961295259
2019-10-16,1690.7100830078125,1698.641462662883,1665.593963389286,1683.7700879897643,3034082,0.004466625879669,0.4466625879669061,1701.2832153320312,1775.3480126953125,44.14409112266368,-29.05338634771715,-30.11607050755128,1.0626841598341308,1758.798095703125,0.0402718439900602,1,0.0144682778345038,3652139.4,0.8307683983804124,11464.0,0.0031238413344614,0.041850320352615,0.0163592012921013
2019-10-17,1715.6729736328125,1721.6285995852031,1688.9362822446485,1701.3542686774283,3818774,0.0147647375359531,1.4764737535953198,1699.381524658203,1773.2150463867188,49.269324153895305,-24.76208143029225,-29.04527269209948,4.283191261807222,1795.08056640625,0.0462836414595362,1,0.0147359085090567,3703251.6,1.0311948558936692,11586.349609375,0.0106725060515526,0.0710647489054565,0.0158202250652098
2019-10-18,1737.9747314453125,1743.507768848983,1710.6465424557955,1721.206089014165,3087901,0.0129988396129347,1.2998839612934798,1697.9380859375,1771.951943359375,53.38463362883228,-19.33870138253451,-27.103958430186488,7.765257047651978,1787.2667236328125,0.0283617427202227,1,0.0149526742460587,3784913.5,0.8158445364735548,11661.849609375,0.0065162887833896,0.0757518404486297,0.0158298351317006
2019-10-22,1732.9482421875,1783.7186251195176,1723.3602975471028,1757.1085674869034,5552505,-0.002892153244157,-0.2892153244157036,1697.7552490234375,1770.1710888671876,52.35379573936413,-15.27020389123868,-24.737207522396925,9.467003631158246,1854.1297607421875,0.0699279503014584,1,0.0144619496103663,3979904.2,1.3951353401923594,11588.349609375,-0.0063026022853966,0.0825377233398241,0.0155509545603216
2019-10-23,1748.745361328125,1760.3608618275866,1733.8774381923618,1740.2131657375228,2348134,0.0091157478083039,0.9115747808303932,1699.8700622558597,1767.9906909179688,55.27664425454683,-10.648446165857422,-21.919455251089023,11.271009085231604,1903.0830078125,0.0882562149398125,1,0.0139936582181629,3750211.95,0.6261336775912092,11604.099609375,0.0013591236483976,0.0292614472288388,0.0104039010978654
2019-10-24,1758.798095703125,1773.1590791934962,1741.3115276424903,1760.4876231725805,2798671,0.0057485409810409,0.5748540981040939,1704.5385192871097,1766.568203125,57.080985741885975,-6.1041335685831655,-18.75639091458785,12.652257346004689,1917.3173828125,0.0901293260986859,1,0.0126760227984652,3573975.45,0.7830694528133929,11582.599609375,-0.001852793471596,-0.0015172657058636,0.0081709239651908
2019-10-25,1795.08056640625,1799.346664299883,1752.926940663942,1768.9351713821384,3954245,0.0206291278070893,2.0629127807089365,1709.8272705078125,1765.8953247070312,62.89891333151955,0.4201162268934695,-14.92108948629159,15.34120571318506,1859.24072265625,0.0357422153917295,1,0.0130498266876747,3540638.8,1.116816829776593,11583.900390625,0.0001123047756004,-0.000371050259318,0.0081676325170069
2019-10-29,1854.1297607421875,1859.9162685650256,1792.1662584679202,1792.1662584679202,5064173,0.0374107771522029,3.741077715220298,1719.3871032714844,1764.2945043945313,69.53809139451386,13.694212038858725,-6.026079854072849,19.72029189293157,1860.04296875,0.003189209370894,0,0.014714047040644,3393242.05,1.4924290473177415,11786.849609375,0.017519938181983,0.030300991953317,0.0084749055013306
2019-10-30,1903.0830078125,1909.1652629773123,1838.923269537205,1879.598544302885,5195136,0.0264022767482665,2.640227674826656,1729.602984619141,1766.0130053710936,74.02861975808365,24.33049147795896,0.045234412333512,24.285257065625444,1848.7647705078125,-0.0285422323050026,-1,0.0148478955191832,3550659.1,1.4631469408031876,11844.099609375,0.0048571078699828,0.0235843654466414,0.0081920957303385
2019-10-31,1917.3173828125,1930.2423055266825,1889.7359372132653,1900.717862641863,4879261,0.0074796395856435,0.7479639585643572,1738.7480590820312,1767.9343969726565,75.1746026243475,33.52199398462744,6.7405863267922985,26.781407657835143,1846.1044921875,-0.0371419417898033,-1,0.0144218190520461,3663620.2,1.3318140892442945,11877.4501953125,0.0028157974888274,0.0317092693357654,0.0080627945010556
2019-11-01,1859.24072265625,1921.8378080432744,1854.2566983098843,1912.5454054549327,4172620,-0.0302905823922889,-3.029058239228899,1746.6148559570313,1769.3436352539063,62.966679186440686,35.70840062001298,12.534149185436435,23.174251434576544,1799.3040771484375,-0.03223716261022,-1,0.0156096937240313,3705107.35,1.1261805950102903,11890.599609375,0.0011070906504571,0.0362674818382586,0.0079819714166081
2019-11-04,1853.369140625,1883.1470588369152,1842.344933911088,1864.393347338912,2646411,-0.0031580536934784,-0.3158053693478435,1754.1756774902344,1770.6701416015626,61.872702852590415,36.54607562108413,17.336534472565976,19.209541148518152,1774.80615234375,-0.0423892826092683,-1,0.0156760513706569,3721547.0,0.711105086137566,11941.2998046875,0.0042638888683566,0.0511799746538546,0.0074946875733302
2019-11-05,1860.04296875,1867.772473831821,1832.292399702044,1855.9457824552285,2693475,0.0036009168269357,0.3600916826935751,1761.281201171875,1771.737685546875,62.66666266481013,37.31827935416186,21.33288344888516,15.985395905276704,1840.4022216796875,-0.0105592975002677,0,0.0156341850592405,3748058.2,0.7186321172920954,11917.2001953125,-0.0020181730439042,0.0533144949012285,0.0074146522583584
2019-11-06,1848.7647705078125,1867.6030362853048,1840.7395179056537,1858.4795499735835,2540719,-0.0060634073683614,-0.6063407368361418,1769.1302368164063,1772.5887573242187,60.37846286488482,36.59831741227731,24.38597024156359,12.21234717071372,1855.77734375,0.0037931127605062,0,0.0151657137387233,3766198.35,0.6746110437863688,11966.0498046875,0.0040990843968715,0.0708114100706951,0.0065302604259084
2019-11-07,1846.1044921875,1862.28163505338,1837.5300166189115,1862.28163505338,1915598,-0.0014389490554721,-0.1438949055472149,1777.986395263672,1772.8942236328126,59.82357937209498,35.404953889097214,26.58976697107032,8.815186918026896,1836.8958740234373,-0.0049881348553305,0,0.014642120090473,3758632.25,0.5096529462279796,12012.0498046875,0.0038442093047263,0.0795989163583166,0.006268693659103
2019-11-08,1799.3040771484375,1849.694346512648,1794.2777752879178,1849.694346512648,2788759,-0.0253509025286036,-2.5350902528603614,1785.1490234375,1771.7398779296875,50.952219930653214,30.333140767944546,27.338441730445165,2.9946990374993767,1818.4381103515625,0.0106341298539427,0,0.0159310606740819,3753997.6,0.7428771398255556,11908.150390625,-0.0086495990069866,0.0525797597700923,0.0060832929981786
2019-11-11,1774.80615234375,1806.9494505310624,1766.4007952596778,1803.5703959251127,2983768,-0.0136152221938562,-1.361522219385625,1791.8137939453125,1769.62298828125,47.0214462414918,24.05957077956828,26.68266754026979,-2.6230967607015145,1781.4376220703125,0.0037364473397869,0,0.016174450674982,3273532.55,0.9114826122624016,11913.4501953125,0.0004450569159482,0.0604296925491163,0.0056840783957766
2019-11-13,1840.4022216796875,1844.7949515338908,1789.2094605664608,1789.2094605664608,3823365,0.0369595683727563,3.695956837275638,1800.3476684570312,1769.4756665039065,56.66227269008931,24.102932350749143,26.166720502365663,-2.063788151616521,1781.2264404296875,-0.032153721916284,-1,0.0175650852399451,3289165.6,1.162411828702088,11840.4501953125,-0.0061275280295143,0.047359401318427,0.0059718664687461
2019-11-14,1855.77734375,1858.480546933667,1813.4545906165376,1847.920998371544,2995915,0.0083542183818274,0.8354218381827483,1808.9769409179687,1769.5904052734377,58.56554628893349,25.088733264255097,25.95112305474355,-0.8623897904884537,1789.2940673828125,-0.035825028574195,-1,0.0175678348990568,3325895.85,0.9007843706230309,11872.099609375,0.0026729907681237,0.0468161694768549,0.005969054739679
2019-11-15,1836.8958740234373,1868.1944016294976,1832.080763524293,1855.100567930535,2724180,-0.0101744262533179,-1.0174426253317992,1816.28623046875,1769.4233520507812,55.35070067905328,24.06895880788284,25.57469020537141,-1.5057313974885744,1750.096923828125,-0.0472530595897047,-1,0.0178949183958354,3310400.75,0.8229154733003248,11895.4501953125,0.0019668455206576,0.0408766306982417,0.0058333415545041
2019-11-18,1818.4381103515625,1848.131466802956,1815.1856881695123,1840.232845070036,1611089,-0.0100483451092118,-1.004834510921182,1821.4244873046875,1768.4550415039062,52.3267832511383,21.52328589179592,24.764409342656315,-3.241123450860393,1758.37548828125,-0.0330297862371024,-1,0.017991563595481,3200016.5,0.5034627165203679,11884.5,-0.0009205364347466,0.0366800418702024,0.0058631332718583
2019-11-19,1781.4376220703125,1820.1699115846911,1778.227478959832,1818.776134062004,2975313,-0.0203474003710231,-2.034740037102312,1823.5976318359376,1766.8789208984374,46.80644692653868,16.331927295311516,23.07791293318736,-6.74598563787584,1728.935791015625,-0.0294716078768293,-1,0.0185587836721288,3194387.1,0.9314190506216355,11940.099609375,0.0046783297046573,0.0305316179751529,0.0055305162647935
2019-11-20,1781.2264404296875,1803.5703977863564,1769.357469865819,1792.5461908748468,2894129,-0.0001185456274239,-0.0118545627423971,1826.011541748047,1765.4010180664063,46.77611506695273,12.061658323368649,20.874662011223617,-8.81300368785497,1735.39794921875,-0.0257286160651658,-1,0.0185353830667785,3061468.3,0.945340182029649,11999.099609375,0.0049413323113045,0.0289190832755108,0.0054664628545505
2019-11-21,1789.2940673828125,1796.4745588003727,1780.2549308407392,1784.1409263396383,2052574,0.0045292539847874,0.4529253984787429,1828.038977050781,1764.5818432617189,48.15824040131742,9.222122580091536,18.544154124997203,-9.322031544905666,1754.869873046875,-0.0192389808715397,0,0.0184649217888797,3046690.3,0.6737061525419896,11968.400390625,-0.0025584601969645,0.0327959367865928,0.0052470368924479
2019-11-22,1750.096923828125,1779.9171238190256,1740.6356115942583,1771.4694867814412,3742049,-0.0219064849480112,-2.1906484948011284,1827.603918457032,1763.2728466796875,42.39754560498888,3.765482012419852,15.588419702481731,-11.82293769006188,1734.510986328125,-0.0089057567542646,0,0.0191380786248961,3093859.2,1.2095084999343215,11914.400390625,-0.0045118811401312,0.0267406168247044,0.0054241011650448
2019-11-25,1758.37548828125,1761.2898815439894,1733.6238727804964,1752.504422326229,2737010,0.0047303462684893,0.4730346268489338,1825.7686645507813,1762.371496582031,43.923256815985226,0.1078230965454167,12.492300381294472,-12.384477284749057,1707.309814453125,-0.0290413931315887,-1,0.0185541139632186,3032997.45,0.9024109136656214,12073.75,0.0133745387220984,0.0424041585817627,0.0059921629140638
2019-11-26,1728.935791015625,1772.229831120594,1719.1365519047874,1765.429647762969,6561580,-0.0167425543985495,-1.6742554398549547,1822.852117919922,1761.358056640625,39.87815553130862,-5.107558720233101,8.972328560988958,-14.079887281222058,1732.6103515625,0.0021253308341291,0,0.0188804856494634,3349856.2,1.9587646777195984,12037.7001953125,-0.0029858001604721,0.0391750437576936,0.0060854514641129
2019-11-27,1735.39794921875,1750.0967537391389,1728.851031150906,1733.4549516407144,2907521,0.0037376507772617,0.3737650777261736,1816.91552734375,1760.8109375,41.15913694791725,-8.619978478197709,5.4538671531516245,-14.073845631349332,1755.8414306640625,0.0117802844324645,0,0.0165916699924958,3242023.6,0.8968228978962398,12100.7001953125,0.005233557820665,0.0266271816760832,0.0049428547578658
2019-11-28,1754.869873046875,1769.2729284688687,1740.213141037318,1746.1687660934626,2924429,0.0112204372702473,1.1220437270247352,1809.5048706054688,1760.51529296875,44.96428128686117,-9.720325066060925,2.4190287093091154,-12.139353775370038,1791.9971923828125,0.02115673640888,1,0.0154772071058468,3128488.25,0.934773848039864,12151.150390625,0.0041691963686567,0.0259243666784902,0.0049193301418737
2019-11-29,1734.510986328125,1761.3322325552858,1728.2175383041506,1761.3322325552858,2064271,-0.011601365452472,-1.1601365452472034,1800.36455078125,1759.679443359375,41.912420682927824,-12.095717771255067,-0.4839205868037211,-11.611797184451346,1793.9400634765625,0.0342627274297326,1,0.0153240760744487,2987738.75,0.6909141570694559,12056.0498046875,-0.0078264676907359,0.0150368645153726,0.0053061925724913
2019-12-02,1707.309814453125,1746.7179608080091,1703.043716276722,1740.2133211954597,3809860,-0.0156823289615383,-1.5682328961538317,1792.7680053710938,1758.75150390625,38.18343822014944,-15.988831547162135,-3.584902778875404,-12.40392876828673,1740.59375,0.0194949594180926,0,0.0143677678792688,2969600.75,1.2829536091678315,12048.2001953125,-0.0006510929783939,0.0132542168700426,0.0053146948966135
2019-12-03,1732.6103515625,1741.9027522778524,1697.975039805278,1712.9273160717537,4664774,0.0148189490244798,1.4818949024479888,1786.730065917969,1758.0668408203126,43.24172656040631,-16.838506541815377,-6.2356235314634,-10.602883010351976,1700.382568359375,-0.0186007102947649,0,0.0149826365549344,3070518.9,1.5192135765716994,11994.2001953125,-0.0044819972381442,0.0044300362180198,0.0053631820212256
2019-12-04,1755.8414306640625,1758.7981037491356,1727.964227290517,1734.2999553299594,3334301,0.0134081382352426,1.3408138235242673,1781.519989013672,1758.4515698242187,47.49047620859745,-15.459123016227522,-8.080323428416225,-7.378799587811297,1724.923095703125,-0.0176088423595541,0,0.0153742674840162,3102560.2,1.0746934096556773,12043.2001953125,0.0040853078322928,0.0105729532050289,0.0054017544263966
2019-12-05,1791.9971923828125,1796.6433925106776,1747.2669978545914,1759.6427029714537,3902721,0.0205917009858207,2.059170098582075,1778.681610107422,1760.1625317382814,53.34417838656695,-11.318016777690218,-8.727862098271023,-2.5901546794191947,1707.1829833984375,-0.0473294318455922,-1,0.0162062508723042,3170660.3,1.2308858820353603,12018.400390625,-0.002059237103536,0.0043749262949743,0.0053635758806465
2019-12-06,1793.9400634765625,1797.6569408201588,1774.848323619903,1794.277886420121,1829461,0.0010841931572262,0.1084193157226298,1776.073388671875,1762.73275390625,53.64323733171548,-7.789593206939344,-8.540208320004687,0.7506151130653436,1749.716552734375,-0.0246516099632028,-1,0.0162160265041555,3166353.45,0.5777816750053598,11921.5,-0.0080626695296811,-0.0075382475230967,0.0055972470043829
2019-12-09,1740.59375,1797.6153136920364,1734.7226820977244,1797.6153136920364,2244747,-0.0297369541840657,-2.9736954184065745,1773.137872314453,1763.7585180664062,45.09586229391444,-9.191934866653128,-8.670553629334375,-0.521381237318753,1796.60107421875,0.0321771373812815,1,0.0165837844317597,3139152.85,0.7150805033275139,11937.5,0.0013421129891373,0.0024646656627804,0.0052541231184172
2019-12-10,1700.382568359375,1740.931328494229,1692.272857580631,1740.2131968631472,4520045,-0.0231019912835059,-2.3101991283505985,1769.4166931152345,1763.2571508789065,39.93103868269488,-13.393613792271935,-9.615165661921887,-3.778448130350048,1828.870849609375,0.0755643368974152,1,0.0170761024081266,3215966.7,1.4055011825837624,11856.7998046875,-0.0067602257853403,-0.0047551624169537,0.0054742439366301
2019-12-11,1724.923095703125,1730.0761338762002,1695.2296297148753,1710.9844940385951,4943024,0.0144323564593042,1.4432356459304296,1763.6427368164063,1763.260634765625,44.136095101318105,-14.575244800109658,-10.60718148955944,-3.9680633105502174,1831.236083984375,0.0616334655997599,1,0.0149859835686997,3271949.65,1.510727403766742,11910.150390625,0.0044995771891509,0.0058866169919868,0.0053861183501144
2019-12-12,1707.1829833984375,1760.1918024977156,1676.0111822179515,1732.6949090323626,7137306,-0.0102845815844654,-1.0284581584465435,1756.2130187988282,1763.4289868164062,41.85508558957628,-16.75009007784797,-11.835763207217148,-4.914326870630825,1883.0206298828125,0.1029987108554353,1,0.0148129250256069,3479019.2,2.051528200821657,11971.7998046875,0.0051762078597283,0.0083978570423861,0.0054723792470014
2019-12-13,1749.716552734375,1754.91176621829,1695.4404931021802,1708.9567102868511,5711133,0.0249144759229424,2.491447592294249,1751.854052734375,1763.735,48.70059352060276,-14.870153182293734,-12.442641202232466,-2.427511980061269,1877.8251953125,0.0732167975309616,1,0.0160747865055236,3628366.85,1.5740230346333364,12086.7001953125,0.0095975870378328,0.0160775756158739,0.0058387363022069
2019-12-16,1796.60107421875,1804.4151379011405,1757.3618443267555,1770.6245922475607,5574177,0.0267954951966968,2.6795495196696884,1750.7622009277345,1765.62892578125,54.99096109010709,-9.4877319271111,-11.851659347208194,2.3639274200970952,1885.2587890625,0.0493474684591863,1,0.0172116755022721,3826521.25,1.45672182011272,12053.9501953125,-0.0027095898360001,0.0142580836646473,0.0058802654461021
2019-12-17,1828.870849609375,1832.2921833160703,1790.0540048163914,1796.3897315913432,6059673,0.0179615696849437,1.796156968494378,1753.1338623046877,1768.1632885742188,58.74098215113688,-2.588385819358564,-9.999004641638267,7.410618822279705,1871.658203125,0.0233955030366217,1,0.0170128236474459,3980739.25,1.5222481603134392,12165.0,0.0092127313360466,0.0188357214749208,0.0061231314085779
2019-12-18,1831.236083984375,1861.3940997991224,1818.7758223127016,1836.515855879152,8251081,0.0012932757802472,0.1293275780247293,1755.634344482422,1770.4293603515623,59.01055054778658,3.0352617174205534,-7.392151369826505,10.427413087247055,1860.1270751953125,0.015776770381281,0,0.0170088904624927,4248586.85,1.942076575414717,12221.650390625,0.0046568344122481,0.0185472900880094,0.0061136971800441
2019-12-19,1883.0206298828125,1889.314078410644,1831.0676605905007,1841.416016262547,6251505,0.0282784652133796,2.827846521337962,1760.3206726074218,1774.254091796875,64.48207505251855,11.537624426539423,-3.60619621055332,15.143820637092745,1857.212890625,-0.0137055000079412,0,0.0180282776239377,4458533.4,1.402143808096178,12259.7001953125,0.0031133114981498,0.0243390758313599,0.0060744420606593
2019-12-20,1877.8251953125,1897.930613146204,1865.4494892805028,1875.3754630149288,5548338,-0.0027590959375924,-0.2759095937592493,1766.7070861816403,1778.4309692382812,63.565300065076094,17.653086191020293,0.6456602697614029,17.00742592125889,1844.2880859375,-0.017859548087179,0,0.0171386681534729,4548847.85,1.2197238032483326,12271.7998046875,0.0009869417018555,0.0299972640120207,0.0059239011118741
2019-12-23,1885.2587890625,1893.9176155224563,1866.9274611223248,1866.9274611223248,2247329,0.003958618602283,0.3958618602283081,1773.051251220703,1783.0151147460938,64.34636860904635,22.83622085047409,5.083772385903941,17.75244846457015,1826.1253662109373,-0.0313662098777264,-1,0.0171370189272323,4524363.8,0.4967171295995251,12262.75,-0.0007374472230261,0.0156537943886529,0.0052348917030589
2019-12-24,1871.658203125,1895.2693030898004,1867.8988403361284,1891.4255876906232,1805896,-0.0072141745294624,-0.7214174529462491,1780.1873718261718,1787.6180639648437,61.73857030716483,25.551892479242724,9.1773964045717,16.374496074671026,1831.109619140625,-0.0216645239588474,-1,0.0166668588436211,4286579.6,0.4212906719380646,12214.5498046875,-0.0039306187692401,0.0146913120035889,0.005274868731588
2019-12-26,1860.1270751953125,1882.977970686272,1854.4249211791025,1872.3338673595715,1880367,-0.0061609154440883,-0.6160915444088366,1786.423828125,1791.4261108398437,59.535517323182304,26.46850372130325,12.635617867918011,13.83288585338524,1822.704345703125,-0.0201183725516485,-1,0.0168245890983666,4235221.9,0.4439831121953728,12126.5498046875,-0.0072045225904461,0.0021362077365583,0.0054479152847027
2019-12-27,1857.212890625,1880.781714040961,1838.205708437571,1865.2381453263588,2720261,-0.0015666588638878,-0.1566658863887848,1791.5409790039062,1794.9065307617188,58.962883449255685,26.65254049826217,15.439002393986843,11.213538104275326,1859.0289306640625,0.0009778308390113,0,0.0167630444425374,4225013.5,0.6438467001348043,12245.7998046875,0.0098337946011572,0.0077893377186348,0.0058050079995686
2019-12-30,1844.2880859375,1879.5992501778328,1839.1351510637187,1864.393503434821,2288830,-0.0069592477807702,-0.6959247780770283,1797.029833984375,1797.9780908203124,56.37309436815752,25.46195765045786,17.44359344528105,8.018364205176812,1858.8602294921875,0.0079012295670066,0,0.0165818032575821,4236241.45,0.5402973430610287,12255.849609375,0.0008206736062803,0.0165725762521167,0.0054722175843233
2019-12-31,1826.1253662109373,1855.9455614506044,1822.535121041996,1849.187452897302,1909289,-0.0098480925323172,-0.984809253231722,1802.9706115722656,1800.187138671875,52.85950996762203,22.79012213452688,18.512899183130216,4.277222951396666,1863.4219970703125,0.0204239158764671,1,0.0162806547296285,4141212.9,0.4610458448055158,12168.4501953125,-0.0071312407420245,0.0099807438497565,0.0057497321694531
2020-01-01,1831.109619140625,1844.8791005065225,1819.6207519521904,1831.447442076299,1354908,0.0027294144322793,0.2729414432279364,1807.895574951172,1802.0498364257808,53.71211854027964,20.83469144111428,18.977257634727028,1.857433806387245,1905.15283203125,0.0404362535790592,1,0.0160610476625029,3975719.6,0.3407956637585809,12182.5,0.00115460921169,0.0156992381001852,0.0056289155115726
2020-01-02,1822.704345703125,1841.5426177806585,1815.5661335653608,1841.5426177806585,2380752,-0.0045902622921312,-0.459026229213122,1811.238720703125,1803.8449584960936,52.00395886500907,18.394720322302646,18.860750172242152,-0.4660298499395061,1870.602783203125,0.0262787750591129,1,0.0159445462404604,3928042.15,0.6060912559199498,12282.2001953125,0.0081838863379848,0.0198452235389248,0.0058261895400618
2020-01-03,1859.0289306640625,1877.9094795882163,1828.0684272734595,1828.0684272734595,4655761,0.0199289506532256,1.992895065322564,1814.590307617188,1806.0506298828125,58.19194887828992,19.171123285105523,18.92282479481483,0.2482984902906935,1869.9267578125,0.0058621073446902,0,0.0159044919447414,3965694.15,1.1740090949777355,12226.650390625,-0.0045227893866035,0.0173275971203661,0.0059195473025897
2020-01-06,1858.8602294921875,1880.4017036924104,1848.2584038826744,1862.70394554869,3023209,-9.074693195587624e-05,-0.0090746931955876,1817.8363159179687,1808.0518725585937,58.154449052095806,19.54748422190869,19.0477566802336,0.4997275416750888,1850.327880859375,-0.0045900969300652,0,0.0159100574142638,4025381.55,0.751036631546145,11993.0498046875,-0.0191058530729412,0.0060017451400831,0.0071783882002412
2020-01-07,1863.4219970703125,1870.8557522661133,1844.79491716744,1858.9024290045927,2429317,0.0024540670168466,0.2454067016846695,1823.9777282714845,1809.418701171875,58.92524787385498,19.983492235927542,19.23490379137239,0.7485884445551534,1864.3089599609373,0.0004759860579188,0,0.0140621371842356,4034610.05,0.6021194043275633,12052.9501953125,0.0049945920012428,0.0096712205497382,0.0072517446158983
2020-01-08,1905.15283203125,1909.1654585481097,1860.211456290635,1862.7034673002577,5197454,0.0223947313204131,2.239473132041314,1834.216241455078,1811.776423339844,65.23414283604217,23.42631734651945,20.073186502401803,3.3531308441176506,1881.20361328125,-0.0125707598610163,0,0.0131833228910118,4068480.5,1.2774926658736596,12025.349609375,-0.0022899444111396,0.014215455052287,0.0070829094346664
2020-01-09,1870.602783203125,1902.3657780018257,1866.9279782156032,1899.6625751187048,3734173,-0.0181350536540882,-1.8135053654088296,1841.500225830078,1812.1058837890623,57.37655747517076,23.100591616716656,20.67866752526477,2.4219240914518814,1891.2567138671875,0.0110413236040929,0,0.0140421453145708,4008037.95,0.9316710686334694,12215.900390625,0.0158457581226116,0.025671380290938,0.0078170716829659
2020-01-10,1869.9267578125,1887.2021344919167,1865.238277957992,1882.1335522148568,1915807,-0.0003613944107724,-0.036139441077243,1849.6374145507807,1811.4427587890625,57.2312972332596,22.52821083865365,21.04857618794255,1.4796346507110982,1874.6151123046875,0.00250723964059,0,0.0136756172633844,3746963.0,0.5112959482119253,12256.7998046875,0.0033480474426501,0.0238059443567046,0.0077799266586595
2020-01-13,1850.327880859375,1874.4879940782985,1845.5548431691143,1873.5588779397413,2843893,-0.0104810933750434,-1.0481093375043438,1854.6679809570312,1810.10296875,53.038924868793465,20.259589436917395,20.89077883773752,-0.6311894008201264,1833.4332275390625,-0.0091306267905696,0,0.0131972270426613,3603601.0,0.7891808776831841,12329.5498046875,0.0059354808073293,0.0200923002515758,0.0076133381433169
2020-01-14,1864.3089599609373,1883.654172777295,1854.2563542498435,1854.2563542498435,2948452,0.0075560008829727,0.7556000882972702,1858.0533752441409,1810.2043334960936,55.54088978849538,19.36660075206987,20.58594322060399,-1.2193424685341192,1834.0240478515625,-0.016244577889069,0,0.0120101469895517,3472314.75,0.8491315483424998,12362.2998046875,0.0026562202609821,0.025580793381319,0.0075693074481309
2020-01-15,1881.20361328125,1884.667225865554,1853.5798901700723,1869.461484016348,2620681,0.0090621531533414,0.9062153153341468,1860.6700134277344,1810.7610229492188,58.423490477464405,19.7939853720909,20.42755165090137,-0.6335662788104699,1864.3089599609373,-0.0089807680577673,0,0.0115401747583977,3300365.15,0.7940578938666832,12343.2998046875,-0.0015369308543056,0.0146567862464035,0.0073558426235745
2020-01-16,1891.2567138671875,1899.873260996988,1871.1512997369173,1881.2461831080443,3117214,0.0053439726114508,0.5343972611450809,1863.671044921875,1811.3852978515624,60.0820364848303,20.70521513113272,20.48308434694764,0.2221307841850759,1855.037841796875,-0.0191506905459984,0,0.0115723286864352,3043671.8,1.0241623291972546,12355.5,0.0009884063018437,0.0109518440715399,0.0072989061224698
2020-01-17,1874.6151123046875,1903.71717901775,1869.461971504496,1892.904162968233,3281059,-0.0087992293380795,-0.8799229338079528,1863.2507690429688,1811.9023046875,56.09300058629718,19.855649545554343,20.35759738666898,-0.5019478411146387,1848.645263671875,-0.0138534296786313,0,0.0099414902768739,2895149.5,1.1332951890740013,12352.349609375,-0.0002549788049855,0.0075572332590909,0.0072759599428098
2020-01-20,1833.4332275390625,1894.1293838742167,1821.4796958176069,1854.172014194848,5817599,-0.0219681813591031,-2.1968181359103167,1861.0311706542968,1811.6488793945311,47.66014864879363,15.678595677595013,19.42179704485419,-3.743201367259178,1836.6650390625,0.0017627102393991,0,0.0110681477566096,2908612.55,2.0001285492631187,12224.5498046875,-0.0103461939411514,-0.0038502909721482,0.0076592052722781
2020-01-21,1834.0240478515625,1847.1178836003253,1823.042121094536,1833.0947253987536,1902980,0.0003222480664284,0.0322248066428443,1858.46943359375,1812.3432788085936,47.78143853501838,12.274432635859512,17.992324163055258,-5.717891527195746,1848.942138671875,0.0081340759069044,0,0.0110097428620701,2891395.1,0.6581528757519164,12169.849609375,-0.0044746183856623,-0.0075758203196673,0.0077192589965696
2020-01-22,1864.3089599609373,1866.9278099736464,1836.262845873815,1842.4296622409609,1773686,0.0165128217074643,1.6512821707464376,1858.1019714355468,1814.1333349609367,53.70377729144506,11.883364180137733,16.770532166471753,-4.8871679863340205,1824.2608642578125,-0.0214814693075142,-1,0.0116034362398024,2889784.6,0.6137779265624157,12106.900390625,-0.0051725551893021,-0.0088132117666087,0.0077544785652889
2020-01-23,1855.037841796875,1877.728960191243,1848.899397444993,1870.9978797955555,2069866,-0.0049729515671353,-0.4972951567135397,1857.847509765625,1814.4260473632808,51.76815115039923,10.70197218401904,15.556820169981211,-4.85484798596217,1810.0791015625,-0.0242360232343432,-1,0.0115739574013665,2899259.55,0.7139291823665805,12180.349609375,0.0060667236352978,0.0044365302212097,0.0077105077240251
2020-01-24,1848.645263671875,1855.037753655786,1837.2998083684977,1855.037753655786,1319430,-0.0034460634607905,-0.3446063460790571,1857.4191284179688,1814.2834057617188,50.41876133245854,9.144471115162103,14.27435035901739,-5.129879243855285,1760.2940673828125,-0.0477924012925956,-1,0.0115943308142052,2829218.0,0.4663585485459233,12248.25,0.0055745847042631,0.0002000845474838,0.0074874588254373
2020-01-27,1836.6650390625,1857.1547033540303,1833.0666403458856,1853.9796456629,1549101,-0.0064805427221765,-0.6480542722176574,1857.0379760742187,1814.2787890625,47.89891504244657,6.864308814709602,12.792342050155836,-5.928033235446232,1780.14892578125,-0.0307710508335792,-1,0.0115800571499291,2792231.55,0.5547895911426114,12119.0,-0.0105525279121506,-0.0111660646741551,0.0078479908992955
2020-01-28,1848.942138671875,1852.371242709425,1822.0599805022896,1840.686987737908,1743024,0.0066844521718787,0.6684452171878741,1858.1788146972656,1814.888869628906,50.6224141244746,5.979000897841388,11.429673819692946,-5.450672921851558,1784.5938720703125,-0.034802747612094,-1,0.0114400751614062,2783918.3,0.6261045807270997,12055.7998046875,-0.0052149678449129,-0.0092575791343086,0.0077745358188175
2020-01-29,1824.2608642578125,1851.6508990940788,1820.366044919788,1849.9999107673195,2306761,-0.0133488625186461,-1.3348862518646198,1857.836376953125,1815.745334472656,45.47584587352795,3.248370230252021,9.79341310180476,-6.54504287155274,1817.4456787109373,-0.0037358612906756,0,0.0118464211182906,2831510.95,0.8146749353026517,12129.5,0.0061132563999481,-0.0043505027703673,0.0079058924136451
2020-01-30,1810.0791015625,1833.066433974516,1799.1991557486583,1828.8330241962835,2098567,-0.0077739773807417,-0.7773977380741703,1857.2051147460936,1816.3223876953125,42.78427174656505,-0.0593399406220669,7.822862493319397,-7.882202433941464,1802.03564453125,-0.0044437047111955,0,0.0119307314928356,2817401.7,0.7448589954354041,12035.7998046875,-0.007724984155365,-0.0200615839757308,0.0078190576818807
2020-01-31,1760.2940673828125,1815.582437480852,1753.9863284914206,1811.3911966562785,3287223,-0.027504341736619,-2.7504341736619087,1852.2683715820312,1815.7423876953128,34.961378758392584,-6.6216302376567455,4.933963947124168,-11.555594184780912,1808.978271484375,0.0276568585917837,1,0.0124070822955928,2748974.8,1.1957996122772752,11962.099609375,-0.0061234148547233,-0.0216372246525384,0.0078652437603549
2020-02-03,1780.14892578125,1858.212965750666,1772.2747417474332,1822.059685270512,4728073,0.0112792849594485,1.127928495944852,1848.3328063964843,1816.343427734375,39.696978481604816,-10.103702247849697,1.926430708129395,-12.030132955979091,1830.4837646484373,0.0282756336496379,1,0.0127853242906456,2834218.0,1.668210772777535,11707.900390625,-0.0212503847193161,-0.0237762219540728,0.0081341778995712
2020-02-04,1784.5938720703125,1809.105273070461,1766.6866315922948,1802.5858634267324,3509339,0.0024969519261495,0.2496951926149515,1844.3914001464843,1816.8677954101563,40.73730451879758,-12.362096828242557,-0.9312747991449952,-11.43082202909756,1823.2449951171875,0.021658217957476,1,0.0127861288452535,2888219.1,1.2150529023230958,11979.650390625,0.0232108226866707,-0.0060814824171435,0.0097251613281466
2020-02-05,1817.4456787109373,1826.0394201725248,1781.673356529371,1790.7328145328584,2439322,0.0184085618329021,1.8408561832902184,1840.0060424804688,1818.6379931640624,47.89230520052952,-11.3699587551871,-3.0190115903534163,-8.350947164833682,1837.93505859375,0.0112737234035766,0,0.012410062424051,2750312.5,0.8869253948414952,12089.150390625,0.0091405004678344,0.0053055240240384,0.0099332376421393
2020-02-06,1802.03564453125,1840.8558886361448,1791.1556985873144,1816.1328165775417,2640065,-0.0084789517288996,-0.8478951728899675,1836.577685546875,1819.9707470703124,45.1392695642275,-11.6923608974098,-4.7536814517646935,-6.938679445645105,1855.8843994140625,0.0298821807694151,1,0.0119396964230461,2695607.1,0.9793953280505902,12137.9501953125,0.0040366612301674,-0.0063810437888247,0.0092914896824702
2020-02-07,1808.978271484375,1821.212783710414,1794.1189626603289,1811.052600816632,2083442,0.0038526579505762,0.385265795057621,1833.5302612304688,1821.0529150390623,46.62782797244718,-11.257881099216776,-6.05452138125511,-5.203359717961664,1849.322509765625,0.0223022238117571,1,0.0120033860904859,2703988.85,0.7705068754259101,12098.349609375,-0.0032625431230384,-0.0129275339270779,0.0092732334881877
2020-02-10,1830.4837646484373,1834.7595492870007,1794.1188209225454,1812.661070555055,2383032,0.0118881987158505,1.1888198715850562,1832.5380554199216,1822.9723706054688,51.0577724779006,-9.073643841399871,-6.658345873284064,-2.415297968115808,1865.4525146484373,0.0191035564889132,0,0.0121719913901858,2680945.8,0.8888773506722889,12031.5,-0.0055255147630383,-0.0241736161829839,0.0092013310806434
2020-02-11,1823.2449951171875,1841.3641145292136,1818.334404725857,1831.3732252640093,1335820,-0.0039545663671264,-0.3954566367126433,1830.4848571777345,1825.29107421875,49.56645104310586,-7.836395196413378,-6.893955737909927,-0.9424394585034506,1876.035400390625,0.0289540930674785,1,0.0120440645721808,2600314.2,0.5137148426140195,12107.900390625,0.0063500303889789,-0.0205786478310482,0.0093187623683602
2020-02-12,1837.93505859375,1850.0002777967725,1820.3664060700507,1821.297839008113,1620407,0.0080570979302856,0.8057097930285639,1828.32142944336,1827.397568359375,52.592657890841245,-5.605880280457086,-6.636340646419359,1.0304603659622726,1859.609619140625,0.0117928870476298,0,0.0120017012992793,2550300.5,0.6353788504531133,12201.2001953125,0.0077056964194832,-0.0115122869592,0.0095176805528642
2020-02-13,1855.8843994140625,1860.1601844662648,1838.146454472581,1839.7974428802167,1645948,0.0097660364746761,0.976603647467611,1826.5528137207032,1829.398427734375,56.06186489435253,-2.362584935788391,-5.781589504293165,3.419004568504774,1826.12353515625,-0.0160359472105097,0,0.0121661559123294,2476737.2,0.6645630388238203,12174.650390625,-0.0021759994314084,-0.0146371744870705,0.009517311082834
2020-02-14,1849.322509765625,1872.860307229109,1838.1463503591297,1852.539942232048,1500115,-0.0035357211098434,-0.3535721109843459,1825.28818359375,1830.5449340820312,54.49192909802441,-0.3180731142194872,-4.68888622627843,4.370813112058943,1791.0289306640625,-0.0315215863072744,-1,0.0120419683901721,2387690.0,0.6282704203644527,12113.4501953125,-0.0050268544351488,-0.0193404025644792,0.0095654178341321
2020-02-17,1865.4525146484373,1877.0943946331945,1854.4032708482737,1860.118375568064,1774724,0.0087221156924415,0.8722115692441523,1826.8891479492188,1831.975183105469,57.63269421313024,2.574101188080021,-3.23628874340674,5.810389931486761,1825.5732421875,-0.0213778009077079,-1,0.0110952338397387,2185546.25,0.8120276567013853,12045.7998046875,-0.0055847334602637,-0.0146222153662834,0.0093761744603337
2020-02-18,1876.035400390625,1880.48048031934,1850.8889895643536,1862.6577851680308,2486223,0.0056730930747825,0.5673093074782587,1828.989715576172,1834.684016113281,59.60264014850838,5.6549340346932695,-1.458044187786738,7.112978222480008,1798.0135498046875,-0.0415886878092449,-1,0.0111443460680178,2214708.4,1.122596094366193,11992.5,-0.0044247626186481,-0.0145728677894572,0.0093751231478679
2020-02-19,1859.609619140625,1888.1003784910376,1854.656448020008,1876.035163067945,1760463,-0.0087555817158779,-0.875558171587798,1828.7547485351563,1837.8685571289063,55.304408454530446,6.693929538054817,0.1723505573815731,6.521578980673244,1782.688720703125,-0.0413640033078809,-1,0.010741087141672,2214047.25,0.7951334371929054,12125.900390625,0.011123651500938,0.0015693529629361,0.0096687865940622
2020-02-20,1826.12353515625,1874.8922878199871,1821.424409341684,1866.510219822774,2317278,-0.0180070503183619,-1.8007050318361917,1827.309033203125,1839.8925659179688,47.74518902351286,4.760418693922702,1.089964184689799,3.6704545092329033,1693.49072265625,-0.0726307995853365,-1,0.0114276268176879,2226417.85,1.0408100168618393,12080.849609375,-0.0037152524595064,-0.0081688952444695,0.0095994478245678
2020-02-24,1791.0289306640625,1844.8777842220093,1783.7050070141838,1825.446472803773,3092877,-0.0192180889280224,-1.9218088928022456,1824.4282165527345,1841.569484863281,41.36401534483867,0.3917403956513681,0.9503194268821128,-0.5585790312307447,1694.464599609375,-0.0539155618323173,-1,0.0121469992883414,2315090.2,1.3359639291808154,11829.400390625,-0.0208138687990014,-0.03419669008838,0.0105102157443575
2020-02-25,1825.5732421875,1842.9302225273927,1787.3456340251305,1791.1557028802288,2674567,0.0192874112371983,1.9287411237198349,1823.8736267089844,1843.086618652344,48.64036777216271,-0.2798059603342153,0.7042943494388473,-0.9841003097730626,1724.0135498046875,-0.0556316723075531,-1,0.0129333193091094,2371363.5,1.1278604060490938,11797.900390625,-0.0026628568617023,-0.0264955532118986,0.0103059789906863
2020-02-26,1798.0135498046875,1832.1346609134027,1788.9962646258791,1823.752593792832,2686842,-0.0150964594276091,-1.5096459427609177,1821.327197265625,1843.1148681640625,43.95405804823897,-3.001251575073411,-0.0368148354636044,-2.9644367396098064,1763.8074951171875,-0.0190243586825114,0,0.0132345797567251,2418554.4,1.110928908607555,11678.5,-0.0101204779385897,-0.0312961239237565,0.0104614759566925
2020-02-27,1782.688720703125,1794.9232326807137,1766.347718872245,1794.9232326807137,2349001,-0.0085232000077124,-0.852320000771245,1819.2485900878903,1842.1912255859368,41.5564481801772,-6.321729502699327,-1.293797768910749,-5.027931733788578,1799.2415771484375,0.0092853318995498,0,0.0130462335323748,2420666.4,0.9703943509109724,11633.2998046875,-0.0038703767874727,-0.0409085448957088,0.0103144013758837
2020-02-28,1693.49072265625,1752.2080882726752,1684.8968812092892,1750.9380654978945,4298076,-0.0500356551376471,-5.003565513764718,1813.419171142578,1839.436318359375,30.96791763579391,-15.96671086281026,-4.228380387690652,-11.738330475119607,1791.9600830078125,0.058145792612972,1,0.0170095943889006,2530641.85,1.6984133886824009,11201.75,-0.0370960786649383,-0.0692974142327182,0.01292707854382
2020-03-02,1694.464599609375,1739.042320849433,1681.2562787259355,1722.9977395064852,2667076,0.0005750707341327,0.0575070734132765,1810.1276977539064,1835.6651977539063,31.17411482573523,-23.26367518158986,-8.035439346470493,-15.228235835119367,1669.953125,-0.0144656162277014,0,0.0160269897509416,2499634.5,1.0669863934107169,11132.75,-0.0061597518244916,-0.0693314415075608,0.012927468573221
2020-03-03,1724.0135498046875,1744.1646192721464,1703.5238902793974,1710.2973451115222,2757585,0.017438517276858,1.743851727685808,1807.3209289550784,1832.58896484375,37.29425990584811,-26.358375698596543,-11.700026616895704,-14.65834908170084,1654.162353515625,-0.0405166167614957,-1,0.0163471107086855,2401110.1,1.148462538223466,11303.2998046875,0.0153196474085468,-0.0345579115330944,0.0128717367538024
2020-03-04,1763.8074951171875,1773.3326654249663,1714.530655400164,1740.7777913593766,3237002,0.023082153453497,2.3082153453497067,1806.2816101074216,1830.159938964844,44.45728748473433,-25.308172481025167,-14.4216557897216,-10.886516691303568,1498.5001220703125,-0.150417420144395,-1,0.0172341429579416,2387493.25,1.3558161892185454,11251.0,-0.0046269501465237,-0.0608240112912832,0.0114672723475734
2020-03-05,1799.2415771484375,1818.4612166906688,1764.5276160801952,1765.9245586589109,3937056,0.0200895404568488,2.0089540456848853,1805.371405029297,1828.7116064453128,49.940837119495214,-21.370301051876368,-15.811384842152556,-5.558916209723812,1529.3616943359375,-0.1499964686455414,-1,0.0173347226656518,2462379.95,1.598882414551824,11269.0,0.0015998577904186,-0.0678418552275614,0.0111646628114586
2020-03-06,1791.9600830078125,1798.0561520844574,1753.9865192180112,1776.3388414022,2595027,-0.0040469797013946,-0.404697970139467,1804.867626953125,1827.3482666015625,48.873041674968746,-18.62239788581951,-16.373587450885946,-2.248810434933564,1436.311279296875,-0.1984691551354087,-1,0.0172535917148762,2460128.05,1.0548341172728797,10989.4501953125,-0.0248069753028219,-0.0946205892691448,0.0119802848536227
2020-03-09,1669.953125,1761.013706796278,1638.329574808366,1756.865047921116,4940975,-0.0680857565772465,-6.808575657724658,1797.9163696289063,1823.6030712890624,35.26659883436558,-25.99001002829777,-18.296871966368315,-7.69313806192946,1403.7987060546875,-0.1593783771297847,-1,0.0229397280630478,2603004.7,1.8981813594112984,10451.4501953125,-0.0489560433359516,-0.136125956616952,0.0154951746748677
2020-03-11,1654.162353515625,1682.6109474688976,1625.6292153997167,1636.6360798789856,6796449,-0.0094558172010815,-0.9455817201081572,1789.1002990722657,1819.800556640625,33.94922646816414,-32.725835956021,-21.182664764298853,-11.543171191722148,1400.7506103515625,-0.1531964154700301,-1,0.0226695941414815,2823675.55,2.4069511102293606,10458.400390625,0.0006649981756232,-0.1307484195133608,0.0155913554391996
2020-03-12,1498.5001220703125,1615.8079549068543,1488.7632790375558,1612.082533423374,8728786,-0.0941033575782209,-9.410335757822097,1772.863055419922,1813.2480517578124,24.309168235614365,-50.04774839695688,-26.95568149083046,-23.092066906126416,1395.591064453125,-0.0686747075302265,-1,0.0302029270496419,3193323.85,2.7334484098754968,9590.150390625,-0.0830193880106471,-0.2079427414144786,0.0227624236922769
2020-03-13,1529.3616943359375,1540.961196063312,1275.1454310842842,1429.1145277232897,8029720,0.0205949748092024,2.059497480920247,1757.4343872070312,1807.2130932617188,28.635797375329147,-60.586810802176615,-33.68190735309969,-26.90490344907693,1532.9879150390625,0.0023710680845183,0,0.0307082334583283,3513789.5,2.285202343509764,9955.2001953125,0.0380650761268936,-0.1840802514545148,0.0250010559285642
2020-03-16,1436.311279296875,1559.799820917011,1418.911923898886,1485.9268208491542,7844271,-0.0608426478730826,-6.084264787308269,1736.4557312011718,1799.4852319335937,24.15288406937829,-75.57628812217763,-42.06078350691528,-33.51550461526235,1424.033935546875,-0.008547829378608,0,0.0324832566586051,3823705.65,2.0514840100204887,9197.400390625,-0.0761210010667908,-0.2445450098749948,0.0289653482066112
2020-03-17,1403.7987060546875,1465.606489855648,1374.2918600754497,1464.7598078857718,5713248,-0.0226361609149957,-2.263616091499576,1714.179541015625,1790.3806274414062,22.8092535942866,-89.05250795492111,-51.45912839651645,-37.59337955840466,1452.5623779296875,0.034736940321058,1,0.032495517672162,4034362.3,1.4161464873890974,8967.0498046875,-0.0250451840905282,-0.2597443618369398,0.0290025699721139
2020-03-18,1400.7506103515625,1450.831867349641,1378.18651617059,1419.7163063179903,7258778,-0.0021713196414687,-0.2171319641468772,1690.9444458007813,1781.2184350585935,22.681858873514383,-98.83910938475653,-60.93512459416446,-37.90398479059205,1492.775390625,0.0656967625738467,1,0.0321992552510777,4308565.0,1.684732155601691,8468.7998046875,-0.055564540272715,-0.2969499790796828,0.0303163112467586
2020-03-19,1395.591064453125,1437.4668784384946,1319.1740832641362,1330.218686442073,5135111,-0.003683415063544,-0.3683415063544082,1666.9222290039063,1771.86181640625,22.453253100098664,-105.79189069763947,-69.90647781485947,-35.88541288278,1527.44384765625,0.0944780935916873,1,0.0319699404202532,4441009.4,1.1562936570231082,8263.4501953125,-0.0242477817531284,-0.3109484931988743,0.0302069924690411
2020-03-20,1532.9879150390625,1594.0106768146877,1387.616570988495,1390.175175606175,8547498,0.0984506522616477,9.845065226164774,1650.5911437988282,1764.4185180664062,39.84149168077325,-99.0731883667163,-75.73981992523083,-23.33336844148546,1556.05810546875,0.0150491665350798,0,0.0407178863925506,4780361.15,1.7880444032978553,8745.4501953125,0.0583291468584656,-0.278779314229404,0.0341849233605353
2020-03-23,1424.033935546875,1492.5192909408574,1379.7274759540412,1381.646429328108,7003490,-0.0710729539504629,-7.1072953950462985,1630.4866638183594,1755.4871411132813,33.438415123807005,-101.37169415392556,-80.86619477096978,-20.50549938295576,1516.826171875,0.065161534435266,1,0.043012405746237,5014671.75,1.3965998871212255,7610.25,-0.1298046607047124,-0.3700567223273534,0.0424880238265802
2020-03-24,1452.5623779296875,1509.5765916570176,1392.6057066848948,1409.8337053945918,6350865,0.0200335411050838,2.003354110508382,1613.5633361816406,1747.139853515625,36.32409325808133,-99.74151161303712,-84.64125813938327,-15.10025347365385,1557.42236328125,0.0721896607986072,1,0.0435327399929238,5177571.15,1.2266108598044083,7801.0498046875,0.0250714240251634,-0.3405371745748022,0.043771880907856
2020-03-25,1492.775390625,1543.691585245777,1432.818708957407,1449.8760745402328,2765520,0.0276841898883732,2.768418988837329,1596.9234436035156,1739.9888037109374,40.25590279095523,-94.1197720100024,-86.5369609135071,-7.5828110964953055,1457.338134765625,-0.0237391747492152,-1,0.0438643139397553,5182118.8,0.5336658819940601,8317.849609375,0.0662474689466749,-0.2949720429929517,0.04771423259626
2020-03-26,1527.44384765625,1562.496804475078,1469.107761856149,1562.1129514230572,4556067,0.0232241616849906,2.322416168499064,1583.3949584960938,1733.2515014648438,43.49523149162703,-85.87711025573026,-86.40499078195174,0.5278805262214803,1410.814208984375,-0.0763560891949216,-1,0.0444215489314058,5275580.05,0.8636144190438357,8641.4501953125,0.0389043564303894,-0.2600547848343109,0.049277070459334
2020-03-27,1556.05810546875,1577.806245610955,1492.8605896422032,1552.2201983848315,4331250,0.0187334269972716,1.8733426997271647,1572.063427734375,1726.748591308594,46.09321336410859,-76.15790899590775,-84.35557442474295,8.197665428835208,1514.011474609375,-0.0270212472860765,-1,0.0447945289122021,5374692.5,0.8058600561799582,8660.25,0.0021755381634551,-0.2555637570252891,0.0493593816254174
2020-03-30,1516.826171875,1624.714004735381,1504.0758332718217,1506.1653188255552,8513547,-0.0252123834295582,-2.5212383429558227,1563.2302001953126,1719.25998046875,43.162966482799206,-70.80486671154927,-81.64543288210423,10.840566170554965,1454.5234375,-0.0410744062373248,-1,0.0438383693114415,5585466.05,1.5242321632229776,8281.099609375,-0.0437805364308189,-0.2607316169906487,0.0495501582588513
2020-03-31,1557.42236328125,1582.070271349587,1518.105166038957,1567.0598141253336,3927593,0.0267639048949608,2.676390489496084,1556.3780883789063,1712.9161254882813,46.92309815067705,-62.56555202659251,-77.82945671100188,15.263904684409368,1506.293212890625,-0.032829341350219,-1,0.0443878307741557,5648491.9,0.6953348025514562,8597.75,0.0382377227133605,-0.2277065415104084,0.0508863819448094
2020-04-01,1457.338134765625,1564.799498324056,1451.5812760035662,1557.2516376579952,4941878,-0.0642627400731313,-6.426274007313138,1543.0443176269532,1705.3942236328126,39.91262981868385,-63.38117781567507,-74.93980093193653,11.558623116261458,1500.407958984375,0.0295537618835979,1,0.0461087577555638,5757706.55,0.8583066811558849,8253.7998046875,-0.0400046750966822,-0.2697884735159698,0.0508515514391094
2020-04-03,1410.814208984375,1483.9903252891293,1407.2322050155535,1483.9903252891293,5735369,-0.0319239061075775,-3.192390610757756,1525.3946533203125,1696.930026855469,37.135209413995504,-67.00921856385185,-73.35368445831959,6.344465894467746,1479.85400390625,0.0489361352346853,1,0.0458379683383845,5882624.9,0.9749676543204376,8083.7998046875,-0.0205965741867707,-0.2815038836825615,0.0508164724313015
2020-04-07,1514.011474609375,1523.094541087107,1454.14017305764,1458.4045137410935,5427577,0.0731473109413112,7.314731094131122,1511.1331481933594,1689.9240771484374,46.095689733620766,-60.85580230742221,-70.85410802814012,9.998305720717909,1463.564453125,-0.0333201051183517,-1,0.0490964728400023,5957150.95,0.9111028150126026,8792.2001953125,0.0876321046711503,-0.2197887838040199,0.0557128415576743
2020-04-08,1454.5234375,1540.27934171858,1450.728217200058,1501.0474205009418,6285615,-0.0392916685949974,-3.929166859499744,1494.261315917969,1681.9137890625,42.34848178479388,-60.0867207100282,-68.70063056451774,8.613909854489535,1540.4501953125,0.0590755402059308,1,0.0495981143531953,6141680.35,1.0234357116941133,8748.75,-0.0049419024075071,-0.2038955685215498,0.0556275751184481
2020-04-09,1506.293212890625,1517.0820165904263,1476.4854064262772,1492.9031195012265,5307397,0.0355922593310737,3.5592259331073794,1486.0783203125,1675.066748046875,46.42981407916992,-54.66963229674889,-65.89443091096396,11.224798614215077,1551.068603515625,0.029725547617037,1,0.0485267065422677,6160001.45,0.8615902192685361,9111.900390625,0.0415088316188025,-0.1281687975978961,0.0559563486279583
2020-04-13,1500.407958984375,1524.075044879965,1489.107458511706,1501.9004779147276,2990438,-0.0039071104190637,-0.3907110419063775,1478.3906005859376,1668.3416064453124,46.030868202984585,-50.27193789941634,-62.76993230865444,12.497994409238096,1481.986083984375,-0.0122779107440017,0,0.0485098615390987,5969700.9,0.5009359849167653,8993.849609375,-0.0129556707370791,-0.1400358301985489,0.0559626302105342
2020-04-15,1479.85400390625,1545.3968921123296,1473.58544461949,1522.369454978205,4761399,-0.0136989109895404,-1.3698910989540458,1477.4582946777343,1660.95984375,44.5898549425541,-47.89318300290165,-59.794582447503885,11.901399444602234,1509.1502685546875,0.0197967262791509,0,0.0437228085295822,5771331.55,0.8250087451655762,8925.2998046875,-0.0076218535626885,-0.0693263983208684,0.0529598814207518
2020-04-16,1463.564453125,1505.2270420759608,1428.5968584332818,1458.3618740414963,6245533,-0.0110075390803766,-1.100753908037666,1474.1684326171876,1653.7459155273436,43.42947092663277,-46.78314623173901,-57.19229520435091,10.409148972611902,1601.8995361328125,0.0945192968525845,1,0.0435204253975553,5682122.2,1.0991549952938358,8992.7998046875,0.0075627711647903,-0.0966731328093387,0.0521718736943639
2020-04-17,1540.4501953125,1579.4689077146468,1495.0776577259724,1535.1624551664293,9895823,0.0525332123387758,5.253321233877584,1479.3753784179687,1648.3533374023436,50.03829667251022,-39.246982476050334,-53.6032326586908,14.356250182640466,1550.9835205078125,0.0068378226231298,0,0.0427338313579664,5784699.8,1.710689118214916,9266.75,0.0304632818768748,0.0075401316056316,0.0497791544448411
2020-04-20,1551.068603515625,1560.7486357074638,1537.2947627665046,1560.7486357074638,3244282,0.0068930551831121,0.6893055183112118,1486.7388732910156,1644.168828125,50.89157044323122,-32.04826910737188,-49.292239948427024,17.243970841055145,1566.37744140625,0.0098698651084332,0,0.0422593323483988,5661251.5,0.5730679868223484,9261.849609375,-0.0005288143766692,0.0328758968789706,0.0493893710727375
2020-04-21,1481.986083984375,1530.5568743820374,1473.4999850160173,1505.3120026942368,5122541,-0.0445386615232032,-4.453866152320329,1490.8006469726563,1638.2055712890624,45.45274958087685,-31.553885329761897,-45.744569024694,14.190683694932105,1585.5242919921875,0.0698644940912307,1,0.0437188094214282,5554439.65,0.9222426244202688,8981.4501953125,-0.0302746671440956,0.0605340074683602,0.0481238578050754
2020-04-22,1509.1502685546875,1526.63406652325,1466.2083758294884,1481.986437410874,3829836,0.0183295814069188,1.8329581406918871,1496.4786071777344,1632.69669921875,47.8144372425004,-28.64001567696846,-42.32365835514889,13.683642678180432,1625.2684326171875,0.0769427448558228,1,0.0437995602908207,5489175.9,0.6977069180821842,9187.2998046875,0.0229194177887257,0.1117995011211008,0.0478179057934152
2020-04-23,1601.8995361328125,1620.449417624035,1501.7727986639625,1518.1052438793593,5934366,0.0614579406111432,6.145794061114329,1499.9241882324218,1628.3857763671874,54.9814702366163,-18.631885450718983,-37.58530377426292,18.953418323543936,1718.06005859375,0.0725142369048708,1,0.0402770792857283,5358519.3,1.1074637726881007,9313.900390625,0.0137799558770148,0.0649995349144159,0.0462860123447247
2020-04-24,1550.9835205078125,1579.4692353525088,1541.8151872765093,1569.874468017424,2987102,-0.0317847745607803,-3.1784774560780327,1506.2716674804688,1623.3647338867188,50.85260380852075,-14.640105061768963,-32.99626403176413,18.356158969995164,1646.4193115234375,0.0615324339386778,1,0.0373255063719953,5157699.9,0.5791538976511603,9154.400390625,-0.0171249415723349,0.202904029516113,0.0344645087895062
2020-04-27,1566.37744140625,1599.1275953816398,1556.4841928381295,1562.7101712534295,3374741,0.009925263998548,0.9925263998548096,1511.962420654297,1618.5127172851562,52.02561834231322,-10.117797904035116,-28.42057080621833,18.30277290218321,1648.380615234375,0.0523521162016382,1,0.0371784945002322,5008893.7,0.6737497743264146,9282.2998046875,0.0139713589754586,0.1898782903693225,0.0342951703872905
2020-04-28,1585.5242919921875,1593.1574189239216,1562.9658709981445,1590.5988149320738,2678505,0.0122236506220032,1.2223650622003257,1516.5998657226562,1613.6135278320312,53.5118215343765,-4.931993127968781,-23.722855270568424,18.790862142599643,1623.5196533203125,0.0239639099318904,1,0.0368286847355645,5004542.95,0.5352147092673067,9380.900390625,0.0106224306488902,0.1278035587529549,0.031580030879502
2020-04-29,1625.2684326171875,1631.1532444770737,1577.8489778293676,1598.27513116481,4241510,0.0250668758755263,2.506687587552636,1521.4910949707032,1609.6539965820311,56.522690859823285,2.357637138213704,-18.506756788812,20.864393927025706,1613.327880859375,-0.0073468182351787,0,0.0368824713921096,4988815.1,0.8502038890958297,9553.349609375,0.0183830135241964,0.105526201442109,0.0307953086315394
2020-04-30,1718.06005859375,1733.0279350110477,1656.4403399399368,1688.6787949418672,5915544,0.0570931078918077,5.709310789180777,1529.5911926269532,1607.256496582031,62.61120360701234,15.444199252148335,-11.716565580619932,27.16076483276827,1614.8206787109375,-0.0600906699194875,-1,0.038657251825668,5068029.8,1.1672275486620067,9859.900390625,0.032088303452139,0.1385237597788746,0.0313482404637017
2020-05-04,1646.4193115234375,1676.738816507597,1632.0911887821817,1676.738816507597,3729348,-0.0416986278867056,-4.169862788670564,1536.070849609375,1603.0671948242189,56.08135563672423,19.806270096464004,-5.411998445203146,25.21826854166715,1650.5555419921875,0.0025122582320311,0,0.039516653530767,4828819.85,0.7723104435134395,9293.5,-0.057444839013135,0.1222543428265088,0.0326349568074259
2020-05-05,1648.380615234375,1686.120023965003,1643.476624269378,1667.4421940763468,2905528,0.0011912540731331,0.1191254073133141,1540.6187622070313,1599.0483569335938,56.21598383706718,23.154591765145145,0.3013195968665112,22.85327216827863,1662.6661376953125,0.0086663979962577,0,0.0391824322360993,4777716.6,0.6081415544823232,9205.599609375,-0.0094582655216011,0.0706986838853187,0.0319117023898593
2020-05-06,1623.5196533203125,1666.248323228811,1614.9909725357868,1654.3935402262186,3517431,-0.0150820518539813,-1.508205185398137,1548.9278381347656,1594.2096997070312,53.958100351343,23.53084007919915,4.94722369333304,18.58361638586611,1662.79443359375,0.0241911332536783,1,0.0361254943616517,4706494.25,0.7473569100822762,9270.900390625,0.0070935934671216,0.1232281627862923,0.030192838198739
2020-05-07,1613.327880859375,1649.830571233355,1606.2490343422685,1628.9779888834803,3166754,-0.0062775787407894,-0.6277578740789491,1559.0535217285155,1588.9555493164062,53.017984448597865,22.74444491436111,8.506667937538655,14.237776976822456,1622.4537353515625,0.0056565404964838,0,0.0351495083558182,4578063.5,0.6917234765310704,9199.0498046875,-0.0077501195040513,0.1379611107332603,0.029724574024371
2020-05-08,1614.8206787109375,1654.1378821039598,1608.7226502287158,1653.7967140002902,2686530,0.0009252910516659,0.0925291051665944,1564.0939819335938,1584.0597705078126,53.1467502195867,21.988210982326336,11.202976546496192,10.785234435830144,1614.394287109375,-0.0002640488861604,0,0.0315556663526846,4441011.15,0.6049365581980131,9251.5,0.0057016970693835,0.0522394616233115,0.0228668532563446
2020-05-11,1650.5555419921875,1664.286696468931,1628.1250711335667,1628.1250711335667,2449841,0.0221293074533674,2.2129307453367497,1573.8955871582032,1580.5484106445313,56.238715816793736,23.995786471318297,13.761538531460614,10.234247939857685,1659.340087890625,0.005322175276716,0,0.030107273954289,4249222.45,0.5765386559133895,9239.2001953125,-0.0013294930214019,0.0560594593870553,0.0228166975818895
2020-05-12,1662.6661376953125,1668.6362135936797,1629.191069265181,1648.9349839510398,3256595,0.0073372845657213,0.7337284565721358,1581.7142333984375,1577.981154785156,57.2679327006353,26.261304400876725,16.261491705343836,9.999812695532889,1661.941650390625,-0.0004357382930115,0,0.0293366087086507,4146682.35,0.7853495216483124,9196.5498046875,-0.0046162427183511,0.009289984573316,0.020974063719521
2020-05-13,1662.79443359375,1700.6191157730443,1642.3255976967826,1700.6191157730443,2656665,7.716275416269625e-05,0.0077162754162696,1589.8335571289062,1574.7255786132812,57.27939538105396,27.74724314213404,18.55864199270188,9.18860114943216,1666.1630859375,0.0020258982563885,0,0.0292838796533845,4129993.7,0.6432612718029085,9383.5498046875,0.0203337125303977,0.0433296321639939,0.0211556136611436
2020-05-14,1622.4537353515625,1640.1507498024264,1612.8589684806122,1628.9781976457857,2263146,-0.024260784993729,-2.426078499372908,1596.9635437011718,1571.2143823242188,52.50973527635608,25.37717086434509,19.922347767030523,5.454823097314566,1698.23095703125,0.0467053204837719,1,0.0297410326018326,4005081.05,0.5650687144021718,9142.75,-0.0256619093732747,0.0243633491390729,0.021971491625335
2020-05-15,1614.394287109375,1635.2895586630975,1590.7697747643338,1634.0955223237638,3173682,-0.0049674441043098,-0.4967444104309826,1604.5050354003906,1567.8484936523437,51.58554036373051,22.58815915314653,20.455510044253728,2.1326491088928066,1723.092529296875,0.0673306657830954,1,0.0295999768518654,3851488.5,0.8240144037818106,9136.849609375,-0.0006453627874545,0.0160183488808918,0.0219276524796752
2020-05-18,1659.340087890625,1665.6086473518733,1596.6542850584003,1626.4194013748595,3727694,0.0278406589642528,2.7840658964252807,1610.449530029297,1567.1654809570311,56.213913562122094,23.731041103810185,21.110616256165024,2.620424847645161,1657.122802734375,-0.001336245156994,0,0.0279991051114751,3543082.05,1.0521049039775978,8823.25,-0.0343225097032598,-0.0478592818409906,0.0221344387865113
2020-05-19,1661.941650390625,1677.1226419910054,1623.008195965995,1623.008195965995,3198693,0.0015678295962264,0.1567829596226477,1615.993182373047,1566.5150219726563,56.47329500262423,24.563554271950125,21.801203859322044,2.7623504126280807,1710.2564697265625,0.029071309046609,1,0.0279964067726787,3540802.6,0.9033807758726792,8879.099609375,0.0063298228402233,-0.0413254388856167,0.0222148931173196
2020-05-20,1666.1630859375,1674.0948008476576,1647.485253875746,1663.0927816241688,2778505,0.0025400624299192,0.2540062429919221,1625.2020324707032,1565.3580126953125,56.91925566149365,25.272634327400965,22.49548995293783,2.777144374463134,1709.40380859375,0.0259522750331007,1,0.0255916349120365,3423600.8,0.8115738844318532,9066.5498046875,0.021111396826158,0.0094750410595623,0.02172295302469
2020-05-21,1698.23095703125,1704.0305018848192,1655.54497013815,1659.6813596936229,3400908,0.0192465379676241,1.92465379676241,1634.6560668945312,1564.0464819335937,60.25092882755905,28.098294921601337,23.616050946670534,4.482243974930803,1682.154296875,-0.0094667101018781,0,0.0256153538445884,3402154.4,0.9996336439051678,9106.25,0.0043787544510012,-0.0088219396787451,0.0211118011163595
2020-05-22,1723.092529296875,1733.0284662763954,1672.6880312424116,1686.2059736047224,3663418,0.0146396885315802,1.4639688531580264,1640.7157165527344,1562.5235009765624,62.661808921077245,31.97518240637669,25.287877238611763,6.687305167764926,1744.3287353515625,0.0123244722460453,0,0.0222161050281267,3288607.0,1.1139725725816432,9039.25,-0.0073575840768702,-0.0294882250299189,0.0209016794793483
2020-05-26,1657.122802734375,1726.2051223542846,1641.7711761521728,1718.5293090631835,4575317,-0.0382856552627615,-3.828565526276151,1646.0226806640626,1559.8267553710937,53.40554453511404,29.385698032980144,26.10744139748544,3.278256635494703,1745.9490966796875,0.0536027226218494,1,0.0228052287080664,3368017.75,1.3584598834136192,9029.0498046875,-0.0011284338094974,-0.0136929324247027,0.0205670223283114
2020-05-27,1710.2564697265625,1714.2649082162516,1655.6302254103475,1670.76863442569,3482160,0.0320638077663966,3.2063807766396613,1653.2166320800782,1560.632822265625,58.6975299308148,31.26060310695516,27.138073739379383,4.122529367575773,1750.22607421875,0.0233705325485935,1,0.0236519331735138,3373388.7,1.0322439273007584,9314.9501953125,0.0316645047717616,0.0035174893412204,0.0215772771671951
2020-05-28,1709.40380859375,1717.6765886528392,1681.259157439061,1695.9284491242158,3475681,-0.0004985574666171,-0.0498557466617199,1659.4106079101562,1561.7376513671877,58.58254419047052,32.30528108757221,28.171515209017954,4.133765878554257,1789.0599365234375,0.0465987776142939,1,0.0236090870621992,3413247.5,1.018291524420658,9490.099609375,0.0188030435364687,0.0116405903701024,0.0218569907769873
2020-05-29,1682.154296875,1707.9962407301268,1673.6683013241882,1690.3844944738016,7237735,-0.0159409447795526,-1.5940944779552657,1662.254901123047,1565.4107348632813,54.88235572173522,30.58185941291231,28.653584049796827,1.9282753631154816,1752.022216796875,0.0415347867027842,1,0.0234664315636787,3563058.75,2.0313263147850145,9580.2998046875,0.0095046626511057,0.0028210205231109,0.0215695375732514
2020-06-01,1744.3287353515625,1756.908541657117,1689.6172179532232,1697.2077659697393,3747773,0.0369611982634805,3.6961198263480544,1663.5683349609376,1569.7100756835937,60.943888390645256,33.84287331365476,29.69144190256841,4.1514314110863495,1772.1236572265625,0.0159344516384396,0,0.0213107841561589,3454670.2,1.084842483661682,9826.150390625,0.0256620973194605,-0.0034229554724599,0.0211151741778807
2020-06-02,1745.9490966796875,1774.8186634393649,1739.8937534889687,1757.0789638427254,2443886,0.0009289311672082,0.0928931167208269,1668.54482421875,1575.90283203125,61.09060362413628,36.14138455763487,30.981430433581703,5.1599541240531615,1772.38037109375,0.0151386283049874,0,0.0188021738677374,3390397.1,0.720825887917377,9979.099609375,0.0155655279707429,0.0737719491445634,0.0164487566933292
2020-06-03,1750.22607421875,1765.2806576112569,1727.8579907327626,1755.1017757530449,3699799,0.0024496576373251,0.2449657637325186,1673.6370971679687,1582.8313793945313,61.50169428079058,37.87152821848304,32.35944999056197,5.512078227921066,1803.7723388671875,0.0305939132305173,1,0.0187975312518756,3430110.65,1.078623804745191,10061.5498046875,0.0082622880359908,0.0929814712385272,0.0161780529803914
2020-06-04,1789.0599365234375,1796.287814773662,1750.7390880419011,1750.7390880419011,4048593,0.0221879121084525,2.21879121084525,1681.914111328125,1590.5975659179687,65.10653071885699,41.89332747315712,34.266225487081,7.627101986076113,1768.6160888671875,-0.0114271451944629,0,0.0187402021884077,3456668.75,1.1712412420195022,10029.099609375,-0.0032251686810099,0.0817826949706754,0.0162580128563857
2020-06-05,1752.022216796875,1794.5771321078207,1745.2220258653117,1789.1028144749243,3573289,-0.0207023358862618,-2.07023358862618,1688.848828125,1597.7261889648437,59.394284244010855,41.6123170252913,35.73544379472307,5.876873230568236,1744.5374755859375,-0.0042720583901164,0,0.019462094494648,3476995.5,1.027694456320119,10142.150390625,0.0112722762414605,0.1025215218920687,0.0160860001352876
2020-06-08,1772.1236572265625,1792.01113159872,1763.8693696758032,1777.6835962983484,2957841,0.011473279412197,1.1473279412197002,1696.7139770507813,1602.5089038085937,61.37498413091465,42.521471414940606,37.092649318766576,5.428822096174031,1736.325927734375,-0.0202004692766261,-1,0.0195083529429394,3490561.05,0.847382686516828,10167.4501953125,0.0024945207587225,0.0990055877763065,0.0160947794057527
2020-06-09,1772.38037109375,1792.4388794215986,1762.286901134979,1764.724804188766,2909439,0.0001448622764785,0.0144862276478585,1702.805218505859,1609.4758325195312,61.400879121247605,42.76967528894375,38.22805451280201,4.541620776141734,1749.9266357421875,-0.0126686887971492,0,0.0190979083474259,3513540.95,0.8280646337706694,10046.650390625,-0.0118810323499978,0.087393949502486,0.0164765739794316
2020-06-10,1803.7723388671875,1823.659811008817,1773.620364975039,1776.6569885092654,5168397,0.0177117554930181,1.7711755493018178,1709.860528564453,1616.5000317382812,64.53225070731683,44.98093586401865,39.57863078304534,5.402305080973306,1751.636962890625,-0.0289035233843893,-1,0.0193401092710461,3609131.05,1.4320336192835117,10116.150390625,0.0069177285262014,0.0999940853328253,0.016348420070634
2020-06-11,1768.6160888671875,1800.564429619036,1763.612270264472,1796.2875544892995,2269513,-0.019490403108232,-1.9490403108232024,1715.151611328125,1622.016845703125,58.78099335164041,43.39631453834795,40.34216753410586,3.0541470042420897,1743.3399658203125,-0.0142914695879898,0,0.0200448890399447,3589773.45,0.6322162196614385,9902.0,-0.021169158460066,0.0552509664363385,0.0169111426645429
2020-06-12,1744.5374755859375,1752.834572095224,1720.1592858069723,1720.330319056604,2842642,-0.0136143810026474,-1.3614381002647449,1721.2557983398438,1626.3587182617186,55.15533304759583,39.73945614920876,40.22162525712644,-0.4821691079176773,1748.9000244140625,0.0025006908072637,0,0.0194061862427905,3618748.25,0.7855318479255914,9972.900390625,0.0071602091117954,0.0907987630226134,0.0155376045474853
2020-06-15,1736.325927734375,1761.2173221373507,1711.5627560630369,1744.1953368488598,2399022,-0.0047070057057986,-0.4707005705798628,1727.3523803710937,1629.9640747070312,53.933568313936206,35.766472612303005,39.33059472816176,-3.564122115858752,1734.657958984375,-0.0009606311369066,0,0.019400070841776,3580015.25,0.6701150225547223,9813.7001953125,-0.0159632793948444,0.0740792083567849,0.0161677754324558
2020-06-16,1749.9266357421875,1774.0053642245175,1737.2670409448092,1766.3497979079425,2146528,0.0078330385963649,0.7833038596364972,1731.8817077636718,1634.626083984375,55.68452985460286,33.33109785766055,38.13069535406152,-4.799597496400963,1740.945068359375,-0.0051325393872887,0,0.0185957313842632,3500956.95,0.6131260768573575,9914.0,0.010220386061458,0.1236222480378546,0.0135020235138454
2020-06-17,1751.636962890625,1761.0888983860686,1733.4602441808431,1750.0972461276745,2703527,0.0009773707728679,0.0977370772867969,1736.366473388672,1638.5103759765625,55.91147451253271,31.17963549640376,36.740483382529966,-5.560847886126204,1746.846923828125,-0.0027346072068468,0,0.0185983016495186,3476198.65,0.7777251164860789,9881.150390625,-0.0033134566648174,0.1128549994181824,0.0136583151629446
2020-06-18,1743.3399658203125,1761.388359499441,1732.305606176288,1749.2420748778984,1944389,-0.0047367104292093,-0.4736710429209312,1740.2253173828126,1644.230412597656,54.45458869374173,28.47682464369745,35.087751634763464,-6.610926991066009,1724.52197265625,-0.010794218874692,0,0.0186745921573986,3434492.85,0.566135695987837,10091.650390625,0.0213031875518985,0.1130640219289935,0.0136699529354241
2020-06-19,1748.9000244140625,1787.7340774093918,1738.1223183233894,1746.6760698899416,5681758,0.0031893140195027,0.3189314019502731,1742.758770751953,1650.99212890625,55.29525056510344,26.478253012802725,33.36585191037132,-6.887598897568594,1812.4119873046875,0.0363153765246835,1,0.0182540894537791,3548535.35,1.6011558120732825,10244.400390625,0.0151362754442923,0.1249856297185998,0.0138358625759792
2020-06-22,1734.657958984375,1755.4436164800434,1727.1307204644606,1753.5190224310336,3196138,-0.0081434417238681,-0.8143441723868161,1743.3370422363282,1655.40505859375,52.61623766985233,23.474554885798625,31.387592505456784,-7.913037619658159,1797.6988525390625,0.0363419734871521,1,0.0181097587691495,3525171.35,0.9066617428398196,10311.2001953125,0.0065206163504338,0.140714129525403,0.0134741577918379
2020-06-23,1740.945068359375,1748.3867903287544,1719.3040354994112,1733.8454129140828,4205944,0.0036244086867021,0.3624408686702107,1747.5281555175782,1661.1334912109376,53.68305389617285,21.355249638022546,29.38112393196993,-8.025874293947396,1781.0194091796875,0.0230187279016664,1,0.0156436420628163,3506702.7,1.1994013635658365,10471.0,0.0154976919912916,0.1597012118112251,0.0134792637359549
2020-06-24,1746.846923828125,1765.7079858625095,1737.7799689815522,1739.8328900299598,2560937,0.0033900296890536,0.3390029689053664,1749.3576782226562,1665.9445654296876,54.71379184847994,19.922263915613712,27.489351928698696,-7.567088013084984,1789.4876708984375,0.0244101223116146,1,0.0140306424056428,3460641.55,0.7400179888610539,10305.2998046875,-0.0158246772335498,0.1063182935613942,0.0131819903627489
2020-06-25,1724.52197265625,1762.0729659695623,1718.6626732399725,1740.6885853145918,3043931,-0.0127801416754658,-1.2780141675465817,1750.1135864257812,1670.426845703125,50.1659627766804,16.791612171632778,25.349803977285514,-8.558191805652736,1845.1724853515625,0.0699617138014638,1,0.0143713081901971,3439054.05,0.8851070543657201,10288.900390625,-0.0015913572989929,0.0841720123212286,0.0128547789767626
2020-06-26,1812.4119873046875,1823.6600886527071,1727.8152471989367,1732.1349341096304,6300722,0.0509648563729587,5.096485637295878,1756.6264709472655,1677.0780053710937,63.15152021542172,21.15863419976654,24.51157002178172,-3.35293582201518,1881.5257568359373,0.0381335866322709,1,0.0177284673270595,3392203.4,1.857412795470932,10383.0,0.0091457401473864,0.0837865423501413,0.0128471252144841
2020-06-29,1797.6988525390625,1819.8960016857504,1788.8458462565998,1803.130567525189,3076341,-0.0081179857938953,-0.8117985793895333,1759.2949768066403,1683.760693359375,60.31796571123737,23.165268808029168,24.24230977903121,-1.0770409710020417,1935.884765625,0.0768682212211262,1,0.0160917308515701,3358631.8,0.9159506558593294,10312.400390625,-0.0067995386087835,0.0494853000076127,0.0120037933250045
2020-06-30,1781.0194091796875,1806.466821665913,1774.946370490481,1796.287940204158,3071725,-0.0092782188383871,-0.9278218838387198,1761.0484924316406,1688.5720776367189,57.18544268518071,23.14287287634147,24.022422398493266,-0.8795495221517946,1941.6160888671875,0.0901712125425229,1,0.0162759159145973,3390023.75,0.90610722122522,10302.099609375,-0.0009988732845714,0.0323676496521343,0.0116191672243011
2020-07-01,1789.4876708984375,1808.2203036382573,1778.7526707201755,1778.923703988262,2503466,0.0047547273629378,0.4754727362937805,1763.011572265625,1693.340458984375,58.36760307550149,23.53712061253964,23.92536204130254,-0.3882414287629032,1897.9915771484373,0.0606340619242846,1,0.0162939874102798,3330207.1,0.7517448389320892,10430.0498046875,0.0124198173347171,0.0366245764472907,0.0117796209211218
2020-07-02,1845.1724853515625,1851.88726404492,1794.5771270051923,1797.998627723982,3758699,0.0311177413282583,3.11177413282584,1765.8171997070312,1700.6041870117188,65.1766021981916,28.01986833245905,24.744263299533845,3.2756050329252098,1885.546630859375,0.0218809600881946,1,0.0170052161167927,3315712.4,1.1336022388431517,10551.7001953125,0.0116634525148986,0.052108425112159,0.0119106621782868
2020-07-03,1881.5257568359373,1886.1020971576845,1847.824061399042,1850.732253208873,4185208,0.0197018282967991,1.970182829679912,1772.2923767089844,1708.0516967773438,68.76784835063083,34.112653948443494,26.617941429315778,7.494712519127717,1900.9427490234373,0.0103198120551655,0,0.016601393672321,3346308.35,1.2506940670903803,10607.349609375,0.0052739760448483,0.0458679077742736,0.0117555869603296
2020-07-06,1935.884765625,1941.6157366765628,1886.101979629705,1886.101979629705,5190366,0.0288909192933268,2.889091929332688,1780.4804321289062,1714.7314013671876,73.21584711210893,42.83378692478459,29.861110528409544,12.972676396375046,1898.932861328125,-0.0190878635717478,0,0.0174649769905649,3457934.6,1.5010017829718352,10763.650390625,0.014735139974255,0.0586381230160699,0.0120798355685328
2020-07-07,1941.6160888671875,1969.6724372790973,1909.325674968736,1945.978585933223,5630055,0.0029605704554098,0.2960570455409872,1788.9422180175782,1722.544052734375,73.64207516054427,49.63564866716615,33.816018156160865,15.819630511005286,1857.8321533203125,-0.0431516487874581,-1,0.0174387436840029,3593965.4,1.5665301062720305,10799.650390625,0.0033445902359812,0.0749503536723701,0.0115666589703194
2020-07-08,1897.9915771484373,1945.4648914788727,1888.32600634119,1941.701324866476,2793358,-0.0224681449483674,-2.2468144948367463,1793.6531799316406,1729.1763354492186,65.14437520168167,50.91907617816673,37.23662976056204,13.682446417604694,1910.8223876953125,0.0067602041554644,0,0.0181617940482744,3475213.45,0.8037946561239281,10705.75,-0.008694762073642,0.0582830015972679,0.0118600418565908
2020-07-09,1885.546630859375,1919.889865708541,1874.170097574213,1906.6315485249893,3443998,-0.0065569028013072,-0.6556902801307274,1799.49970703125,1735.1767822265624,62.914040293410345,50.35157693235124,39.85961919491988,10.491957737431356,1915.837890625,0.0160649751482513,0,0.0175499116167678,3533937.7,0.9745497211227012,10813.4501953125,0.0100600327219018,0.0920470809243081,0.0105019391068273
2020-07-10,1900.9427490234373,1924.4655619471416,1861.2960335265864,1886.3157527272533,9610320,0.0081653340798286,0.8165334079828668,1807.319970703125,1740.6902685546877,64.53187547598145,50.56132823794951,41.99996100352581,8.561367234423706,1886.6898193359373,-0.00749782164393,0,0.0171121131309918,3872321.6,2.481797999422362,10768.0498046875,-0.0041985110954393,0.0797310093270338,0.0106545259371527
2020-07-13,1898.932861328125,1920.274429872632,1890.379109700521,1898.932861328125,2963503,-0.001057311008627,-0.1057311008627048,1815.4503173828125,1744.307724609375,64.13851664525322,49.98913291207782,43.59779538523621,6.39133752684161,1892.8192138671875,-0.0032195174381581,0,0.0170287022744619,3900545.65,0.7597662650096147,10802.7001953125,0.0032178891492418,0.1007774825312468,0.009582058279246
2020-07-14,1857.8321533203125,1915.1851031557253,1851.8873373524543,1890.379221962552,2976738,-0.0216441080381675,-2.164410803816752,1820.8455932617187,1748.5359814453125,56.54764981905232,45.69246604460841,44.01672951711065,1.6757365274977616,1907.52197265625,0.0267461294859883,1,0.0179849120637195,3942056.15,0.7551231861575589,10607.349609375,-0.0180834960154004,0.0699364140987492,0.0107651547783949
2020-07-15,1910.8223876953125,1933.1477617509145,1865.6587486455223,1868.99462806449,5569321,0.028522616685418,2.8522616685418,1828.804864501953,1753.784816894531,62.68022277949533,46.03256094423091,44.419895802534704,1.6126651416962048,1878.2880859375,-0.0170263348217585,0,0.0188441291205624,4085345.85,1.3632434570992318,10618.2001953125,0.0010229309240368,0.074591497502841,0.0106651657938733
2020-07-16,1915.837890625,2000.067031582112,1903.278616431416,1923.767860638774,8582118,0.0026247876108134,0.2624787610813417,1837.429760742188,1759.631181640625,63.20948230532596,46.174526572864806,44.77082195660073,1.4037046162640792,1861.356689453125,-0.0284372709395061,-1,0.018725222567693,4417232.3,1.9428722369887588,10739.9501953125,0.0114661616621005,0.064241207294474,0.0100156092475766
2020-07-17,1886.6898193359373,1923.6819726733424,1877.516815158558,1917.7667276403463,4509135,-0.0152142680921473,-1.521426809214732,1844.319250488281,1765.0984204101562,58.056479751821726,43.43434550588222,44.50352666645704,-1.0691811605748145,1849.5260009765625,-0.0196978952122905,0,0.0192579606974113,4358601.15,1.0345371932001624,10901.7001953125,0.0150605912558696,0.0641618620538315,0.010010861500599
2020-07-20,1892.8192138671875,1909.107798791396,1878.159613015568,1886.9039693779807,2952646,0.0032487558200784,0.3248755820078441,1852.227313232422,1770.6583911132811,58.81678984732851,41.28145625070079,43.85911258330579,-2.5776563326050024,1891.87646484375,-0.0004980660680802,0,0.0190480587420289,4346426.55,0.6793272510264783,11022.2001953125,0.0110533217609316,0.0689541456408946,0.0101413592153732
2020-07-21,1907.52197265625,1919.181044963241,1887.0325213773183,1911.765535909535,2665286,0.0077676508571695,0.7767650857169572,1860.5561584472653,1775.7977197265625,60.65899206844393,40.29714535587459,43.14671913781955,-2.8495737819449616,1980.134765625,0.0380665565113442,1,0.0190600752304401,4269393.65,0.6242774076360936,11162.25,0.0127061568657644,0.0660156623054148,0.0099839153981372
2020-07-22,1878.2880859375,1912.622749545332,1872.5013519350653,1912.622749545332,2861534,-0.0153255832109977,-1.532558321099775,1867.1282165527343,1780.1101586914062,55.3567438726258,36.73468693528844,41.86431269731333,-5.129625762024894,1951.243896484375,0.0388416511253442,1,0.0195826119271805,4284423.5,0.667892424733456,11132.599609375,-0.0026563094918139,0.0802790622657276,0.009050419739466
2020-07-23,1861.356689453125,1878.2882459396003,1854.3269205187987,1878.2882459396003,2265766,-0.0090142702874698,-0.9014270287469816,1873.969952392578,1784.0814038085937,52.49473163391183,32.1743054111721,39.92631124008509,-7.752005828912985,1954.201416015625,0.0498801369391366,1,0.0194321844836621,4245515.25,0.5336845745637117,11215.4501953125,0.0074421598588463,0.0900533360719237,0.0089867468841138
2020-07-24,1849.5260009765625,1854.3269311202928,1821.8355720806048,1847.039932084452,3665100,-0.0063559491545053,-0.6355949154505325,1875.825653076172,1788.622849121094,50.52891569916196,27.290939547581274,37.39923690158432,-10.10829735400305,1955.8302001953125,0.0574764556770872,1,0.0160789118926875,4113734.15,0.8909423570796378,11194.150390625,-0.0018991484351116,0.0781229308123856,0.0090164275601733
2020-07-27,1891.87646484375,1898.9062338720664,1854.755592317027,1856.0415333331928,4248480,0.0228980094601676,2.2898009460167623,1880.5345336914063,1794.1724926757813,56.76981357291026,26.53231737551141,35.225852996369746,-8.693535620858334,1932.46923828125,0.0214563552070259,1,0.0166258187905719,4172341.1,1.0182484840465225,11131.7998046875,-0.0055699256988469,0.079457680367746,0.0089442023952158
2020-07-28,1980.134765625,1988.922028899232,1898.9061612119813,1898.9061612119813,8092319,0.0466511965349383,4.665119653493832,1890.490301513672,1800.5883862304688,66.30866253024374,32.676140894182936,34.715910575932384,-2.039769681749448,1928.654052734375,-0.0259985904920849,-1,0.0190362928314208,4423370.8,1.8294462223243868,11300.5498046875,0.0151592736988444,0.0969171560333101,0.0092073200308056
2020-07-29,1951.243896484375,2007.7823894598785,1925.5250785152048,1964.917692844595,6090431,-0.0145903549809681,-1.4590354980968168,1898.5781127929688,1806.374431152344,61.52306107280254,34.8126154472327,34.73525155019245,0.0773638970402501,1937.0556640625,-0.0072713782461732,0,0.0195595457135057,4602719.05,1.323224583955434,11202.849609375,-0.0086456143286032,0.0740935871984223,0.0094758369163985
2020-07-30,1954.201416015625,2021.4989861657573,1947.986035332969,1959.6880131740008,7098496,0.0015157098180185,0.1515709818018518,1904.029559326172,1812.135197753906,61.826783396570605,36.32569404317201,35.053340048788364,1.2723539943836428,1978.719970703125,0.0125465852631967,0,0.0185337292542883,4769708.9,1.4882451212064534,11102.150390625,-0.0089887146807479,0.0521669669459554,0.0096766533276081
2020-07-31,1955.8302001953125,2001.609819577999,1935.2980533555435,1974.4763423339816,4723290,0.0008334781493548,0.083347814935486,1907.7447814941409,1817.287182617188,62.00466338839056,37.22711795981559,35.48809563099381,1.7390223288217754,1967.7896728515625,0.0061147806466306,0,0.018116268839899,4796613.0,0.9847135885259036,11073.4501953125,-0.0025851023723058,0.0439412862875332,0.0097214060799438
2020-08-03,1932.46923828125,1975.0769186658213,1912.365735301378,1963.58905317711,4012337,-0.0119442689409998,-1.194426894099987,1907.574005126953,1821.474716796875,57.8415331056755,35.645568591279925,35.51959022305103,0.1259783682288926,1957.0308837890625,0.0127099800717438,0,0.0172158027711845,4737711.55,0.8468934753953098,10891.599609375,-0.0164222155452939,0.0118871585481299,0.0100957545626896
2020-08-04,1928.654052734375,1945.757024248175,1907.521841734408,1937.4413152447512,2927928,-0.0019742542190571,-0.197425421905717,1906.9259033203125,1826.905341796875,57.166466502508165,33.69590036898671,35.15485225223817,-1.4589518832514583,1954.544189453125,0.0134239402250724,0,0.017207266457202,4602605.2,0.6361458071615614,11095.25,0.0186979321613793,0.0273712202416853,0.0108665716497952
2020-08-05,1937.0556640625,1971.776068751383,1931.48325343342,1937.484311033968,3800641,0.0043562044298268,0.4356204429826871,1908.879107666016,1831.4413256835933,58.320092875480135,32.45459767548505,34.61480133688755,-2.1602036614025053,1935.212158203125,-0.0009517051541557,0,0.0164066762767357,4652969.35,0.8168205535246005,11101.650390625,0.0005768586219327,0.0369801639889779,0.0106076143007194
2020-08-06,1978.719970703125,1988.4930366349488,1942.0706595084089,1950.34346123928,4748047,0.0215090910465858,2.150909104658582,1913.537774658203,1836.8276489257807,63.56129030383066,34.43586250318458,34.57901357014696,-0.1431510669623819,1932.726318359375,-0.0232441442067249,-1,0.016905893138028,4718171.8,1.006331944080544,11200.150390625,0.0088725546683743,0.0357610372571124,0.0105625915561203
2020-08-07,1967.7896728515625,1995.7802354752105,1960.6311849363424,1978.6343571635675,3165491,-0.0055239235533052,-0.5523923553305221,1916.8801208496093,1842.5403564453125,61.380631834606056,34.72377144267443,34.60796514465246,0.1158062980219725,1922.1815185546875,-0.0231773521967839,-1,0.0169435968620456,4395930.35,0.7200958040656855,11214.0498046875,0.001241002448872,0.0414188277440776,0.0104693186588425
2020-08-10,1957.0308837890625,1993.208650554113,1951.244148997132,1987.2075922513693,2929353,-0.0054674486866826,-0.5467448686682697,1919.7850219726563,1846.7943994140624,59.226716236052766,33.69537765019277,34.42544764576052,-0.730069995567753,1931.826171875,-0.0128790568012207,0,0.0170121768295951,4394222.85,0.6666373326969524,11270.150390625,0.005002705259437,0.0432716068076513,0.010487090640214
2020-08-11,1954.544189453125,1982.0634061039973,1950.857993292014,1957.2018841416204,2774423,-0.0012706464453554,-0.1270646445355461,1924.620623779297,1850.9663012695312,58.71387637179253,32.30729433127726,34.00181698286387,-1.6945226515866096,1945.843017578125,-0.0044517652360853,0,0.0161315128935381,4384107.1,0.6328365016447706,11322.5,0.0046449787767293,0.0674202715061766,0.0093459205248847
2020-08-12,1935.212158203125,1968.689312183436,1925.953343709496,1961.7882648365555,3415751,-0.0098908130879399,-0.9890813087939933,1925.840112304688,1854.6660229492188,54.74516378617424,29.30943403205538,33.06334039270217,-3.753906360646795,1934.5697021484373,-0.0003319822335574,0,0.0151472345800858,4276428.6,0.7987391628612718,11308.400390625,-0.0012452735151247,0.065001618223133,0.009388784869636
2020-08-13,1932.726318359375,1971.776099937764,1929.3400490912773,1948.629163112408,2695682,-0.0012845309147179,-0.1284530914717918,1926.6845336914064,1857.5393505859367,54.237485277244325,26.42837182681524,31.736346679524782,-5.307974852709549,1931.3548583984373,-0.0007095986368633,0,0.0151468786025761,3982106.8,0.6769486945955342,11300.4501953125,-0.000703034473301,0.0521883239500153,0.0092173414946567
2020-08-14,1922.1815185546875,1955.744701793377,1914.4231758592864,1952.058296001479,2270405,-0.0054559198084696,-0.54559198084696,1928.459118652344,1860.9425366210933,52.03317257145163,23.02877072060573,29.99483148774097,-6.966060767135243,1927.7109375,0.0028766372436408,0,0.0147648279197988,3870170.3,0.5866421433702801,11178.400390625,-0.0108004373788689,0.0253813800008437,0.0091893168586624
2020-08-17,1931.826171875,1946.0573356709467,1918.838251790968,1940.0562778076444,2625630,0.0050175559525535,0.5017555952553598,1930.4094665527343,1864.1365869140625,53.87946693064632,20.872203500887053,28.170305890370194,-7.298102389483141,1927.2823486328125,-0.0023520870088312,0,0.014784076589107,3853819.5,0.6813059096306924,11247.099609375,0.0061457110453491,0.0204042214872983,0.0089780973902986
2020-08-18,1945.843017578125,1962.3459267480243,1927.4541035060088,1939.884866257362,3493374,0.0072557489422149,0.7255748942214924,1932.325518798828,1867.60583984375,56.50004504619216,20.06287837342643,26.548820386981443,-6.485942013555015,1922.6103515625,-0.0119396404569888,0,0.0147724051947354,3895223.9,0.8968352242858235,11385.349609375,0.0122920579350753,0.0199869747922685,0.0089502326553189
2020-08-19,1934.5697021484373,1958.573933875812,1931.0547130682417,1951.501258456139,2843005,-0.0057935379821744,-0.5793537982174413,1935.139599609375,1870.221787109375,53.84987616535763,18.300859126768955,24.899228134938948,-6.598369008169993,1931.9117431640625,-0.0013739277429098,0,0.0143627650049756,3894297.45,0.730043104437233,11408.400390625,0.0020246002135075,0.024774157961968,0.0089099306226805
2020-08-20,1931.3548583984373,1951.672684199287,1920.3814534135008,1934.912544753965,2895164,-0.001661787500564,-0.1661787500564004,1938.6395080566408,1873.4765625,53.08517647232879,16.45534814574944,23.210452137101047,-6.755103991351607,1927.53955078125,-0.0019754565561044,0,0.014170305901022,3925767.35,0.7374772221283057,11312.2001953125,-0.008432399987605,0.0086264927680244,0.0090365862430637
2020-08-21,1927.7109375,1946.9142350503232,1921.2383273992507,1937.484003176456,1975294,-0.0018867174422099,-0.1886717442209917,1942.5487548828123,1877.140031738281,52.18067423056424,14.531226500394268,21.47460700975969,-6.943380509365426,1919.09521484375,-0.004469405909697,0,0.0140674420308897,3841277.05,0.5142284647237304,11371.599609375,0.0052509160938571,0.0158519595108006,0.0090793301923527
2020-08-24,1927.2823486328125,1937.4411549681524,1911.7652465439023,1929.42558321414,2167966,-0.0002223304639975,-0.0222330463997555,1944.3190490722657,1880.95916015625,52.06830008317159,12.823936338698104,19.744472875547377,-6.920536536849273,1935.12646484375,0.0040700399796127,0,0.0131970153566169,3737251.35,0.5800963855428134,11466.4501953125,0.0083410064718865,0.0300625591994641,0.0090964076028005
2020-08-25,1922.6103515625,1928.911546333977,1914.809101555284,1924.6250762310128,1663419,-0.0024241373214602,-0.2424137321460295,1941.442828369141,1884.412834472656,50.78439371012605,10.967479193997178,17.98907413923734,-7.02159494524016,1925.781982421875,0.0016496482799011,0,0.0076680572304201,3415806.35,0.4869769622625123,11472.25,0.0005058064691958,0.015193968282966,0.0085114469962452
2020-08-26,1931.9117431640625,1937.398340232176,1900.148963303465,1922.0528636227327,2618149,0.0048378973898706,0.4837897389870615,1940.476220703125,1888.018330078125,53.25565726186291,10.129995813014377,16.417258473992746,-6.287262660978371,1941.899169921875,0.0051697117081834,0,0.0071266369340333,3242192.25,0.8075242916270619,11549.599609375,0.0067423225064831,0.030951946343172,0.0083067847741122
2020-08-27,1927.53955078125,1960.9313161416896,1921.8386299783936,1942.628007374168,3579393,-0.0022631429195889,-0.2263142919588956,1939.1431274414065,1891.702321777344,51.93552700599105,9.00962743768332,14.93573226673086,-5.92610482904754,1971.3475341796875,0.0227274109009496,1,0.0071212072292253,3066237.1,1.1673568883502192,11559.25,0.0008355606212675,0.041172168750388,0.007932320457286
2020-08-28,1919.09521484375,1954.587096977224,1916.1375928826703,1944.6853110203404,2941136,-0.0043808885447136,-0.4380888544713635,1937.306378173828,1895.1062255859367,49.38908974659222,7.355549890057546,13.419695791396196,-6.064145901338652,1962.1748046875,0.0224478647596739,1,0.0071589010514144,2977129.4,0.9879100317238478,11647.599609375,0.0076431956549949,0.0518491891809422,0.0079475119853235
2020-08-31,1935.12646484375,1951.3721407858,1910.050620742884,1920.3381465278549,6018154,0.0083535459189321,0.8353545918932115,1937.439239501953,1899.115595703125,54.00025251742276,7.254642410976885,12.186685115312336,-4.932042704335451,1994.9656982421875,0.0309226474266988,1,0.0069500065340894,3077420.25,1.9555840642824127,11387.5,-0.0223307478019462,0.0455305380669843,0.0087587052996763
2020-09-01,1925.781982421875,1952.9152470641936,1921.45260693686,1945.1996029800944,3610908,-0.0048288742837432,-0.4828874283743234,1937.295635986328,1902.812333984375,51.07892276357617,6.347481059969141,11.018844304243698,-4.671363244274557,2013.097900390625,0.0453404999972744,1,0.0070235862612513,3111569.25,1.1604781092370031,11470.25,0.0072667398463226,0.033798246997589,0.0079671432599642
2020-09-02,1941.899169921875,1944.9855116439287,1921.752763520274,1926.33936954883,2084137,0.0083691651739989,0.8369165173998994,1937.5378112792969,1906.71337890625,55.54591462183169,6.850107710205748,10.185096985436108,-3.33498927523036,1995.4798583984373,0.0275919003965163,1,0.0072109453410971,3025744.05,0.6888014866954791,11535.0,0.0056450382511279,0.0390347015197802,0.0080102349570125
2020-09-03,1971.3475341796875,1992.3512369791663,1944.3427734375,1944.3427734375,4654146,0.0151647236447385,1.5164723644738531,1937.169189453125,1911.6498901367188,62.3165101041832,9.514996875998122,10.05107696354851,-0.5360800875503884,1998.480712890625,0.0137637723640788,0,0.0063044182836057,3021049.0,1.540572827517859,11527.4501953125,-0.0006545127600779,0.0292228044510423,0.007858558599372
2020-09-04,1962.1748046875,1992.565839086713,1940.013668180283,1950.344104086166,5231303,-0.0046530250669395,-0.4653025066939542,1936.888446044922,1914.645146484375,59.28750201353207,10.762712281432869,10.193404027125382,0.5693082543074865,2035.3016357421875,0.0372682550402709,1,0.0062683808644171,3124339.6,1.6743708014327252,11333.849609375,-0.0167947449485598,0.0106830098647701,0.0088576266857151
2020-09-07,1994.9656982421875,2009.0681402340024,1957.501998805791,1962.34562534484,4620401,0.0167115047427743,1.6711504742774386,1938.785186767578,1918.5904833984373,65.70502146479474,14.233412870891698,11.001405795878648,3.232007075013051,2135.862060546875,0.070625957342943,1,0.0071703237241214,3208892.0,1.43987426189476,11355.0498046875,0.0018705202595032,0.0075331216638532,0.0088026281446322
2020-09-08,2013.097900390625,2049.318574975452,1994.9662144665103,2002.5960479962075,7453998,0.0090889794067208,0.908897940672082,1941.712872314453,1923.2320532226563,68.64799742077571,18.236862075375484,12.448497051778014,5.7883650235974695,2135.862060546875,0.0609827073648174,1,0.0073702252559974,3442870.75,2.1650531028502886,11317.349609375,-0.0033201259317187,-0.0004548810443806,0.0087812099332211
2020-09-09,1995.4798583984373,2022.3561031330428,1988.9216444547087,1993.2081135160345,3866535,-0.0087517065060617,-0.8751706506061718,1944.7262573242188,1927.3518969726565,62.99171144804957,19.760212238197028,13.910840089061818,5.84937214913521,2145.807373046875,0.0753340175375609,1,0.007281411397371,3465409.95,1.1157511104854996,11278.0,-0.0034769279675166,-0.0026883015789043,0.0088121793552376
2020-09-10,1998.480712890625,2013.3548466809589,1992.608374898401,2001.781378326608,2308813,0.0015038259993243,0.1503825999324304,1948.0139770507808,1930.4180615234368,63.5427217377874,20.967917000602483,15.322255471369951,5.645661529232532,2109.757080078125,0.0556804809121969,1,0.0072507176578165,3446066.5,0.6699850394645606,11449.25,0.0151844298634509,0.0131675997075959,0.0094478760145004
2020-09-11,2035.3016357421875,2042.93146812207,1997.6233994710933,1998.309276486205,4145424,0.0184244574461287,1.842445744612875,1953.669982910156,1933.4935791015623,69.53620303770091,24.61245540944265,17.180295458984492,7.4321599504581535,2100.284423828125,0.0319278415271557,1,0.0079436089937413,3539817.45,1.1710841190412231,11464.4501953125,0.0013276149365679,0.0255895114409572,0.009052011710537
2020-09-14,2135.862060546875,2148.164312433573,2041.9456758860929,2043.8745872710967,7512131,0.0494081186978545,4.940811869785455,1963.87177734375,1937.493125,79.4651556889205,35.209293401820105,20.786095047551616,14.42319835426849,2113.486572265625,-0.0104760923912478,0,0.013097867245926,3784142.5,1.985160706817991,11440.0498046875,-0.0021283524468515,0.0171555513878143,0.0090080190645509
2020-09-15,2135.862060546875,2175.812042285307,2112.886750156821,2135.862060546875,7318770,0.0,0.0,1973.3727294921875,1941.3780444335937,79.46515568892052,43.11041384141163,25.25095880632362,17.859455035088008,2162.909912109375,0.0126636696545723,0,0.0131358119719643,3975412.3,1.8410090445209923,11521.7998046875,0.0071459479106903,0.0119847172018454,0.0087345215284192
2020-09-16,2145.807373046875,2149.751010069455,2123.774954065032,2133.762347730431,3074003,0.004656345877249,0.4656345877249057,1983.934613037109,1946.3343603515625,80.20515647650333,49.60282186284167,30.121331417627232,19.48149044521444,2115.330322265625,-0.014203069280154,0,0.0129000780245918,3986962.2,0.7710138310315557,11604.5498046875,0.0071820376506051,0.0171934195282703,0.0088531175709822
2020-09-17,2109.757080078125,2139.5909453979943,2100.884215060304,2126.0885684010923,4828176,-0.016800339779596,-1.6800339779596052,1992.8547241210936,1950.8185693359376,70.31378940135718,51.24838515434294,34.34674216497038,16.90164298937256,1999.423828125,-0.0522966615422091,-1,0.0137448349105136,4083612.8,1.182329529381434,11516.099609375,-0.0076220272911209,0.0180247352895144,0.0088099539584305
2020-09-18,2100.284423828125,2143.5777695284337,2088.710955175567,2130.3755260448897,4183256,-0.0044899274610559,-0.448992746105592,2001.4833984375,1954.8054028320312,67.94271812959323,51.19796347213583,37.71698642640347,13.480977045732352,2076.622802734375,-0.011265912761769,0,0.0138207682621502,4194010.9,0.997435652825795,11504.9501953125,-0.0009681588767627,0.0117266339405375,0.0087590490090288
2020-09-21,2113.486572265625,2147.4352831776064,2102.2130325473,2113.2293422503303,4598809,0.0062858859913061,0.6285885991306195,2010.7936096191409,1959.0964770507808,69.48706755001767,51.62816956830284,40.49922305478334,11.128946513519494,2080.052978515625,-0.0158191654438379,0,0.013783140679886,4315553.05,1.065636071835567,11250.5498046875,-0.0221122548386738,-0.0188288778957292,0.0099166337871632
2020-09-22,2162.909912109375,2190.3862273893283,2107.228707210555,2130.375645817018,7499613,0.0233847427716415,2.33847427716416,2022.8085876464845,1965.1980322265624,74.44946010912813,55.31947302641629,43.46327304910994,11.856199977306352,2133.29052734375,-0.013694229519129,0,0.0142792406108087,4607362.75,1.627745286606747,11153.650390625,-0.0086128603263573,-0.0277713272788685,0.0100570840056345
2020-09-23,2115.330322265625,2160.2526594732817,2065.2215231023065,2151.808228720128,7502280,-0.0219979526550636,-2.1997952655063657,2031.9795166015624,1969.288190917969,63.70776489946627,53.78557571373972,45.52773358203589,8.257842131703825,2136.634033203125,0.0100711036537701,0,0.0155945695567049,4851569.3,1.5463615041013636,11131.849609375,-0.0019545871070447,-0.0361700850357535,0.009874735610735
2020-09-24,1999.423828125,2100.3701914058315,1974.005146059324,2100.3701914058315,8424708,-0.0547935671892999,-5.479356718929996,2035.57373046875,1970.9599096679688,46.21477998243348,42.72476118445616,44.96713910251995,-2.242377918063795,2163.33837890625,0.0819808929330228,1,0.0204802464148539,5093835.05,1.6539027898047072,10805.5498046875,-0.0293122720965164,-0.0652032091452732,0.0116022031099926
2020-09-25,2076.622802734375,2091.7968610549296,2016.4408201493188,2030.071707777899,8228267,0.0386106104786045,3.861061047860459,2043.450109863281,1974.7585693359367,55.06484127560443,39.73031175075721,43.919773632167406,-4.189461881410196,2319.666259765625,0.1170378446731994,1,0.0219733821971589,5358191.6,1.5356425477580908,11050.25,0.0226457884823545,-0.0512852114949248,0.0127729583188815
2020-09-28,2080.052978515625,2095.227044135589,2028.358095918496,2091.797867303943,4347166,0.0016518049290095,0.1651804929009515,2050.696435546875,1978.5032446289065,55.41587841847059,37.20509830518654,42.57683856677124,-5.371740261584698,2326.953125,0.1186989701870808,1,0.0219575185164177,5274642.2,0.8241632010603487,11227.5498046875,0.0160448681873712,-0.0140461203347969,0.0125252423545732
2020-09-29,2133.29052734375,2152.708364039755,2080.052689997132,2087.382596318132,6995811,0.0255943234994506,2.559432349945068,2061.0718627929687,1983.018615722656,60.56501938168263,39.049534990185975,41.87137785145418,-2.821842861268209,2345.513916015625,0.0994817095710463,1,0.0223746825753437,5443887.35,1.2850763710237318,11222.400390625,-0.0004586409458945,-0.0216080390030731,0.0123871859631487
2020-09-30,2136.634033203125,2147.521625933625,2108.943393132422,2133.804920937642,3917166,0.0015672998199349,0.1567299819934975,2070.8086059570314,1988.1855346679688,60.8706702936188,40.31631593741304,41.56036546864596,-1.2440495312329176,2422.45556640625,0.1337718714396012,1,0.0223783641617123,5535538.8,0.7076395165001824,11247.5498046875,0.0022410013176423,-0.0249198262082791,0.0123139793144698
2020-10-01,2163.33837890625,2177.526635656113,2136.6337560512884,2151.8078171247416,2610337,0.0124983246022207,1.2498324602220778,2080.4081481933595,1994.2251684570315,63.31625265874165,42.97962413235655,41.84421720138808,1.1354069309684718,2411.52490234375,0.1147238572834727,1,0.0223226710289791,5433348.35,0.4804287948885147,11416.9501953125,0.0150610927327836,-0.0095858145667749,0.0128400440068441
2020-10-05,2319.666259765625,2338.783958754555,2231.579296985746,2246.1103891317093,17412105,0.0722623341700303,7.226233417003036,2098.2827209472657,2003.6279736328124,73.68493407218347,57.047065503133126,44.88478686173708,12.162278641396044,2426.141845703125,0.0459012521690331,1,0.0267730498488964,6042388.45,2.881659321323508,11503.349609375,0.0075676439490797,0.0149552010871747,0.0123493611875222
2020-10-06,2326.953125,2345.5563627715733,2271.9148925581817,2345.5563627715733,9846367,0.0031413420804384,0.314134208043848,2114.8820922851564,2012.3295068359373,74.05308386916502,67.9997445387844,49.50777839714655,18.49196614163785,2423.18408203125,0.0413549185831794,1,0.026732338809365,6303686.75,1.562001316134562,11662.400390625,0.0138264754746197,0.027067304082684,0.0126878706618876
2020-10-07,2345.513916015625,2374.7048240339427,2317.2661152937712,2350.700587545513,9656101,0.0079764352862179,0.7976435286217942,2131.502893066406,2019.63708984375,75.0120242462462,77.28661036524136,55.06354479076552,22.22306557447584,2418.923095703125,0.0312976952241672,1,0.0267312473555037,6413791.9,1.5055214061435325,11738.849609375,0.0065551872847253,0.0372437023285769,0.0126861341859871
2020-10-08,2422.45556640625,2473.293141468768,2400.423152898631,2400.423152898631,19839329,0.0328037492616233,3.2803749261623327,2152.851678466797,2029.061323242188,78.55089521731406,89.81968122493436,62.01477207759929,27.804909147335067,2359.5166015625,-0.0259814733927693,-1,0.0269740085519597,7212431.6,2.7507129495689084,11834.599609375,0.0081566766068399,0.0493526874778329,0.0126929972348195
2020-10-09,2411.52490234375,2426.0132952436484,2383.277109399946,2408.995927127284,7739245,-0.0045122247912748,-0.4512224791274888,2173.5038879394533,2038.20779296875,76.88501005208799,97.74349081970875,69.16051582602118,28.582974993687586,2379.060546875,-0.0134621688696633,0,0.0271079431548257,7483953.2,1.0341118915601983,11914.2001953125,0.0067260903253916,0.0406096639790816,0.0123848898366664
2020-10-12,2426.141845703125,2446.716900224989,2401.0659980046034,2413.7110835961653,4623203,0.0060612865101119,0.6061286510111952,2193.0458984375,2047.6140258789064,77.57005157607357,104.00374178650829,76.12916101811861,27.874580768389663,2334.5068359375,-0.037769848423297,-1,0.0270414103174622,7507842.15,0.6157831914460269,11930.9501953125,0.0014058853909966,0.0406910049808353,0.0123846567422964
2020-10-13,2423.18408203125,2447.48823818637,2410.88183101304,2439.0011124116168,4209878,-0.0012191223184717,-0.1219122318471765,2207.411999511719,2057.4283227539063,77.07229948338863,107.48732203126974,82.40079322074884,25.086528810520903,2358.13916015625,-0.0268427489093092,-1,0.0253955327440907,7342729.5,0.5733396552331119,11934.5,0.0002975290843887,0.04322098275393,0.0123532192944966
2020-10-14,2418.923095703125,2446.817767312512,2399.939122711301,2446.817767312512,4395936,-0.0017584245289995,-0.1758424528999547,2221.565051269531,2067.233703613281,76.31259170822979,108.65178830476545,87.65099223755216,21.00079606721328,2303.3828125,-0.047765174266336,-1,0.0254227385290154,7196587.8,0.6108361520997493,11971.0498046875,0.0030625333853533,0.038991304103134,0.0123006439513545
2020-10-15,2359.5166015625,2434.548212916701,2347.8076126333103,2420.1273190730603,6629355,-0.0245590669030165,-2.455906690301657,2232.2505126953124,2075.682922363281,66.47448158127543,103.5869428234396,90.83818235472964,12.748760468709932,2299.724365234375,-0.0253408839287376,-1,0.026359142006611,7374355.4,0.8989741666098707,11680.349609375,-0.0242836008583533,0.0065319039483016,0.0135499807293686
2020-10-16,2379.060546875,2386.2493453117218,2351.510177333232,2367.6960614775485,5273773,0.0082830293711677,0.828302937116776,2245.715686035156,2083.689733886719,67.93887327222468,99.9973422254102,92.67001432886578,7.327327896544418,2313.1982421875,-0.0276841649843729,-1,0.0258549238477495,7396635.25,0.712996223519336,11762.4501953125,0.007028949362235,0.0213918422290262,0.0134886010581473
2020-10-19,2334.5068359375,2388.2730712233697,2330.245179453124,2388.2730712233697,3331194,-0.0187274388606978,-1.8727438860697831,2257.426806640625,2091.0240771484373,61.35901607677512,92.49126404988374,92.63426427306938,-0.1430002231856377,2314.4033203125,-0.0086114614510978,0,0.0263598633307688,7354032.15,0.4529751749861468,11873.0498046875,0.0094027696218492,0.0319948894281154,0.0136019238817965
2020-10-20,2358.13916015625,2376.132909028188,2340.016142827005,2346.0858749272656,3406273,0.0101230477696414,1.0123047769641458,2269.6594360351564,2099.0462426757813,63.38468355944661,87.44160172411648,91.5957317632788,-4.154130039162311,2264.42529296875,-0.0397406008817946,-1,0.0263788636430966,7294405.35,0.4669706215325695,11896.7998046875,0.0020003285078973,0.0574416371838772,0.0123989523498967
2020-10-21,2303.3828125,2366.748741380843,2292.750218733415,2358.1392515977186,4570143,-0.0232201511180628,-2.322015111806286,2276.683081054688,2106.023015136718,56.05258423448427,78.12080035415238,88.90074548145353,-10.779945127301149,2257.58056640625,-0.0198847737532772,0,0.026800638009966,7147931.85,0.6393657768295595,11937.650390625,0.0034337457642519,0.0702908888608322,0.0121007851554011
2020-10-22,2299.724365234375,2313.0690777980003,2271.2701624060755,2290.9858149552647,5262294,-0.001588293203271,-0.1588293203271029,2285.902783203125,2113.313259277344,55.58989766000335,69.63607071998103,85.04781052915904,-15.411739809178002,2266.57763671875,-0.0144133484067543,0,0.0261599982777201,7035932.55,0.7479170618257277,11896.4501953125,-0.0034512817819539,0.0686858530044791,0.0121406756978871
2020-10-23,2313.1982421875,2326.28462736434,2298.8204332723008,2314.059191346406,3499091,0.0058589095096845,0.5858909509684596,2301.59150390625,2120.922697753906,56.99776817983869,63.26975625391378,80.69219967410999,-17.422443420196203,2294.300537109375,-0.0081695138503365,0,0.0221282904546544,6789651.7,0.5153564799207594,11930.349609375,0.0028495402835257,0.1040946388678487,0.0094009339017882
2020-10-26,2314.4033203125,2333.1289631705963,2299.164563335476,2315.909981232117,2672752,0.0005209575655999,0.0520957565599999,2313.480529785156,2128.7671337890624,57.12867286137733,57.65701176478524,76.08516209224504,-18.428150327459804,2242.427734375,-0.0310989814548752,-1,0.0209197571488406,6511875.95,0.4104427081415763,11767.75,-0.0136290733045432,0.064930657677428,0.0093173783237033
2020-10-27,2264.42529296875,2340.188817170804,2259.216718833988,2324.3474370965296,3537502,-0.02159434654501,-2.1594346545010024,2322.6991455078123,2135.4191162109373,50.29107310230733,48.61565123146738,70.59125992008951,-21.97560868862213,2267.396240234375,0.00131200939808,0,0.0217809380076099,6471392.75,0.5466368889448102,11889.400390625,0.0103376083469652,0.0589487998228408,0.0089844625939557
2020-10-28,2257.58056640625,2286.637596966471,2243.633233775872,2281.514992135864,3569445,-0.0030227212987566,-0.3022721298756692,2328.9136474609377,2141.6538671875,49.41869947305527,40.431921615119336,64.55939225909547,-24.12747064397614,2284.227294921875,0.0118032237308114,0,0.0212541679432747,6300074.45,0.5665718759879099,11729.599609375,-0.0134406089457635,0.0451952524500645,0.009682237166625
2020-10-29,2266.57763671875,2285.8199337978403,2238.682969061332,2245.355324800289,3105968,0.0039852709783119,0.3985270978311916,2335.4108276367188,2148.2940258789063,50.630960106364725,34.27712001339205,58.5029378099548,-24.225817796562744,2312.250244140625,0.0201504712135047,1,0.0212521984664731,6259514.55,0.4961995016051205,11670.7998046875,-0.0050129421843609,0.0376304179443247,0.0098178022878437
2020-10-30,2294.300537109375,2302.479554428852,2257.064484575969,2269.548247853065,3427003,0.012231171763769,1.2231171763769089,2341.958935546875,2155.552939453125,54.26800290220621,31.275872977520063,53.05752484346785,-21.781651865947783,2330.976318359375,0.0159856046131638,0,0.0212461069521949,6300347.85,0.5439386969721045,11642.400390625,-0.0024333734223676,0.0197469719544773,0.009351251136894
2020-11-02,2242.427734375,2294.2999089624423,2238.510374587549,2290.124222449726,2571196,-0.0226094192523401,-2.260941925234017,2338.097009277344,2161.847275390625,47.25326730972687,24.430047042086244,47.33202928319154,-22.90198224110529,2347.46337890625,0.0468401469180566,1,0.0145348557571734,5558302.4,0.462586562400779,11669.150390625,0.0022976361491175,0.0144132610830913,0.0092305105238822
2020-11-03,2267.396240234375,2294.429965127272,2239.372297496061,2241.9120559817698,2879269,0.0111345866253005,1.1134586625300535,2335.1191650390624,2168.6495532226563,50.56560219225164,20.779892750490035,42.02160197665124,-21.241709226161205,2281.1708984375,0.006075099693074,0,0.0147796700770606,5209947.5,0.5526483712167924,11813.5,0.0123701901631991,0.0129561328983751,0.0091271477039598
2020-11-04,2284.227294921875,2343.3746733495504,2247.077420872264,2247.077420872264,4893928,0.0074230760326921,0.74230760326921,2332.054833984375,2175.881892089844,52.720919216461326,19.02592559966115,37.42246670125323,-18.39654110159208,2314.058837890625,0.0130597962098908,0,0.0147621113945512,4971838.85,0.984329570537066,11908.5,0.008041647267956,0.0144520456663412,0.00918335524378
2020-11-05,2312.250244140625,2333.17134286982,2296.1505429645053,2311.647621994637,2816502,0.012268021348422,1.226802134842209,2326.544567871094,2183.488662109375,56.148982116883,19.670364087548023,33.872046178512186,-14.201682090964162,2299.637939453125,-0.0054545587007549,0,0.0128631104944406,4120697.5,0.6835012761795788,12120.2998046875,0.0177855989156905,0.0241410951567957,0.0098218577905576
2020-11-06,2330.976318359375,2335.9698645772232,2308.4625861796503,2323.7013413780246,3884421,0.0080986364975863,0.8098636497586353,2322.517138671875,2191.5573974609374,58.32362181586987,21.44492022983832,31.386620988777413,-9.941700758939096,2287.41259765625,-0.0186890447406118,0,0.0130538540251681,3927956.3,0.9889165518465672,12263.5498046875,0.0118190145712895,0.0293221201295952,0.0100352953478559
2020-11-09,2347.46337890625,2362.4438058429355,2320.343488277951,2351.337648996007,3646592,0.0070730279055255,0.7073027905525553,2318.583215332031,2200.1247607421874,60.1952670127282,23.906062547567217,29.890509300535378,-5.984446752968161,2299.035888671875,-0.0206297106355451,-1,0.0130870876066859,3879125.75,0.9400551142225796,12461.0498046875,0.0161046355374614,0.0444306279631665,0.0105533558248737
2020-11-10,2281.1708984375,2335.884047483179,2271.48522072707,2322.151950901146,4760020,-0.0282400488392868,-2.824004883928688,2311.482556152344,2207.0456494140626,50.39521130964138,20.27358515172773,27.96712447077385,-7.69353931904612,2295.333740234375,0.0062085842873833,0,0.014380358469234,3906632.85,1.2184457006242602,12631.099609375,0.0136465071043638,0.0583685625183292,0.0108429241105852
2020-11-11,2314.058837890625,2318.3635830276367,2275.832574958379,2296.968915619634,3242441,0.0144171309022274,1.4417130902227404,2306.2393432617187,2214.8111865234373,54.36461270371515,19.820128400230715,26.337725256665223,-6.517596856434508,2261.411865234375,-0.0227509222298946,-1,0.0148945676850447,3848958.1,0.8424204461981543,12749.150390625,0.0093460415087203,0.0649985254954681,0.0109385991291266
2020-11-12,2299.637939453125,2335.754709079128,2291.6310714675155,2312.5090853617908,2437505,-0.0062318633395879,-0.6231863339587917,2303.24541015625,2221.9659619140625,52.3851384940936,18.08860054691877,24.68790031471593,-6.599299767797163,2270.237060546875,-0.0127850034137294,0,0.0139760097469764,3639365.6,0.6697609605366386,12690.7998046875,-0.0045768215253314,0.0865085574580304,0.0090574146325625
2020-11-13,2287.41259765625,2294.343069445796,2269.4617256505835,2286.4654696117364,2548093,-0.0053162028626916,-0.5316202862691632,2298.6630126953123,2228.287263183594,50.69977735194715,15.550611566403404,22.86044256505343,-7.309830998650025,2290.33984375,0.0012797193198765,0,0.01382077906357,3503081.6,0.7273861391067795,12719.9501953125,0.0022969703307613,0.0814031076944816,0.0090413076021721
2020-11-17,2295.333740234375,2320.258178442934,2281.558552533044,2320.258178442934,2827273,-0.0016103047611139,-0.1610304761113901,2293.7491943359373,2241.031845703125,51.70638081776941,12.883429694103144,19.49731443052324,-6.613884736420097,2343.546630859375,0.0210047409576601,1,0.0130633620337006,3322512.85,0.8509441882218755,12874.2001953125,0.0121266198083733,0.0843212491393528,0.0091475099354062
2020-11-18,2261.411865234375,2293.740545917812,2244.5373890213323,2290.985550841463,2893762,-0.0147786243043402,-1.477862430434029,2291.6506469726564,2245.998125,46.718186986009634,8.91121758170084,17.38009506075876,-8.46887747905792,2325.681396484375,0.0284200911112399,1,0.0124381380235503,3238693.8,0.8934966312653577,12938.25,0.0049750511655721,0.0875403648384631,0.0091358249429028
2020-11-19,2270.237060546875,2304.0293196111134,2265.0284855841223,2270.3232395515047,4167501,0.0039025157018821,0.3902515701882159,2290.176281738281,2251.4932690429687,48.1204344732771,6.401537432163877,15.184383535039784,-8.782846102875906,2342.29833984375,0.0317417421066663,1,0.0124813904330428,3183954.15,1.308907353455451,12771.7001953125,-0.0128726686134137,0.0698671662677024,0.0099070481557339
2020-11-20,2290.33984375,2303.8997920778124,2262.186850212692,2285.8198609740625,2711471,0.0088549268939703,0.8854926893970383,2289.0333618164063,2257.330451660156,51.266650133314606,5.965952642523462,13.34069735653652,-7.374744714013058,2307.041748046875,0.007292325784076,0,0.0125802042475359,3144573.15,0.8622699713632039,12859.0498046875,0.0068393094137191,0.0809148606156724,0.0097975272920709
2020-11-23,2345.43994140625,2350.3903973714096,2294.428721243519,2315.9524428311693,3706418,0.0240576077854166,2.4057607785416657,2290.5851928710936,2263.5332177734376,58.66581060033833,9.952143829571014,12.66298665114342,-2.710842821572406,2347.6357421875,0.0009361999608199,0,0.0137219926056906,3196256.45,1.1596122082131426,12926.4501953125,0.005241475198302,0.0834929921210987,0.0097980690706617
2020-11-24,2343.546630859375,2361.5834731674927,2328.867406094811,2354.179226542401,3120516,-0.0008072304532086,-0.0807230453208629,2294.541259765625,2267.6869091796875,58.33804586352559,12.810780028452882,12.692545326605314,0.1182347018475677,2367.222900390625,0.0101027516241773,0,0.0126882892855077,3175407.15,0.9827136655530928,13055.150390625,0.0099563448098976,0.1094007257653333,0.0089382171937527
2020-11-25,2325.681396484375,2352.930346157085,2314.4028813766267,2349.529639907723,3302249,-0.0076231614680731,-0.7623161468073181,2297.9463012695314,2271.483295898437,55.203905090117736,13.479313567138432,12.84989897471194,0.6294145924264942,2332.6982421875,0.0030171139149721,0,0.0128212389308494,3162047.35,1.0443388837931222,12858.400390625,-0.0150706804680923,0.0815011664309053,0.0099269024082875
2020-11-26,2342.29833984375,2351.209037424096,2307.343720302402,2312.5094151986013,2341099,0.007144978406971,0.7144978406971036,2301.7323364257813,2275.413115234375,57.491451942672775,15.175051125350365,13.314929404839624,1.8601217205107403,2348.28173828125,0.0025544988593977,0,0.0128719914603612,3123803.9,0.7494385290958885,12987.0,0.0100012136399767,0.107198918334775,0.0091133247624921
2020-11-27,2307.041748046875,2339.800897324147,2297.9158153784547,2328.866887800721,6086808,-0.0150521354163735,-1.505213541637351,2302.3693969726564,2279.35880859375,51.4841772679001,13.518193728468304,13.355582269565362,0.1626114589029423,2357.019775390625,0.0216632522519633,1,0.0131426737763132,3256794.15,1.8689569311588208,12968.9501953125,-0.0013898363507738,0.1112306279217989,0.0089350629054799
2020-12-01,2347.6357421875,2355.4702518616264,2259.517529201016,2306.48233852835,3605017,0.0175956911811376,1.7595691181137685,2307.6297973632813,2284.3058349609373,57.04902607991656,15.304299930408432,13.745325801733976,1.558974128674457,2408.33349609375,0.0258548431579477,1,0.0125038361095322,3308485.2,1.0896276640439555,13109.0498046875,0.0108026946873185,0.1259748303488612,0.0088195902951011
2020-12-02,2367.222900390625,2371.6567046663813,2326.6721092420767,2340.920860453286,2509032,0.008343354912834,0.8343354912834,2312.621130371094,2289.3805615234373,59.46501173103484,18.091771256617903,14.614614892710762,3.4771563639071417,2419.955810546875,0.0222762757776415,1,0.0124161262962264,3289973.35,0.7626298857405638,13113.75,0.0003585458429504,0.1237964685531511,0.0088727808387151
2020-12-03,2332.6982421875,2388.186363583756,2325.251117362909,2388.186363583756,2852548,-0.0145844559874053,-1.458445598740532,2315.044677734375,2292.776328125,53.728251700593006,17.3154097181382,15.15477385779625,2.160635860341948,2397.141357421875,0.027625997254554,1,0.0128975451632859,3187904.35,0.8948035093963844,13133.900390625,0.00153658492994,0.1117704651987132,0.0087866273153693
2020-12-04,2348.28173828125,2358.010505060864,2323.701599662372,2333.8608409880508,2686527,0.006680459483322,0.6680459483322077,2316.8462524414062,2297.4353564453127,55.80096007794758,17.752950540561415,15.674409194349284,2.0785413462121305,2396.5380859375,0.0205496414120947,1,0.0127026189515333,3181405.6,0.8444465553213334,13258.5498046875,0.0094906623588735,0.1133685858577906,0.0088159284983383
2020-12-07,2357.019775390625,2362.4437955311305,2329.8567953969264,2337.476277283899,1996400,0.0037210343916274,0.3721034391627409,2318.148425292969,2304.587275390625,56.96502583022389,18.59049174587972,16.25762570465537,2.332866041224346,2408.67626953125,0.0219160206799979,1,0.0126085152433276,3087004.55,0.6467110649383397,13355.75,0.0073311332494399,0.1019323131623106,0.0083413647722378
2020-12-08,2408.33349609375,2415.436327751404,2352.500850441051,2359.001059632959,4277818,0.0217705940522374,2.177059405223747,2321.191931152344,2311.2214892578127,63.10948544121398,23.12822976344796,17.63174651641389,5.496483247034071,2377.553955078125,-0.0127804313918934,0,0.0134067703646755,3118565.85,1.371726045162715,13392.9501953125,0.0027853318093331,0.0920940843892776,0.0081900904142683
2020-12-09,2419.955810546875,2445.0954826254792,2404.759932576233,2423.571754785466,3659996,0.0048258741872651,0.48258741872651,2328.1311767578127,2318.0195458984376,64.35100409179441,27.347004237707097,19.57479806067253,7.772206177034565,2422.8828125,0.0012095270253977,0,0.0114612720787214,3063564.65,1.194685413281551,13529.099609375,0.0101657522858669,0.0857110613815002,0.0078455744103699
2020-12-10,2397.141357421875,2434.1621800923785,2393.654470457389,2426.1553089646336,2127801,-0.0094276321185569,-0.9427632118556906,2332.285302734375,2323.2965625,60.07687170217398,28.52070872765125,21.36398019406828,7.156728533582978,2443.5458984375,0.0193582830949665,0,0.0114534634864981,3007832.65,0.7074200088891249,13478.2998046875,-0.0037548548058806,0.0670725607043503,0.0077004901832337
2020-12-11,2396.5380859375,2417.286833886007,2380.1369629478827,2404.372596916649,1795408,-0.0002516628744095,-0.0251662874409586,2337.1303100585938,2328.494643554688,59.963457686474975,29.06713122982137,22.904610401218896,6.162520828602474,2463.17578125,0.0278058152730888,1,0.0113091439976781,2975727.8,0.6033508844458153,13513.849609375,0.0026375585350264,0.0599804061698352,0.0075672829352206
2020-12-14,2408.67626953125,2414.1002886805645,2372.98998597568,2412.378391185072,2483658,0.005064882408911,0.5064882408911009,2343.193493652344,2333.401401367188,61.53682504560962,30.13227881900184,24.350144084775486,5.782134734226354,2428.0048828125,0.0080245791124979,0,0.0111871472580524,2972506.05,0.8355434634018659,13558.150390625,0.0032781762806703,0.0683448324208166,0.0073573279396373
2020-12-15,2377.553955078125,2406.0943327769764,2371.9146966102685,2398.6041178788414,2365509,-0.0129209204436516,-1.2920920443651671,2347.1193969726564,2334.5591552734377,55.5130151586731,28.140716616896952,25.10825859119978,3.0324580256971707,2473.075927734375,0.0401765741013904,1,0.0116935996954733,3075840.55,0.7690609970012913,13567.849609375,0.0007153791977927,0.0666590199680943,0.0073775643041041
2020-12-16,2422.8828125,2427.70421133273,2376.6068003361715,2392.577447502868,2565149,0.0190653328077197,1.906533280771972,2353.4968505859374,2336.4777490234374,61.43440644954638,29.87566116323888,26.0617391056076,3.813922057631274,2504.284912109375,0.0335972087421685,1,0.0122805258492549,3062734.35,0.8375355831954541,13682.7001953125,0.008464907059269,0.0628000176892056,0.0071889075011213
2020-12-17,2443.5458984375,2456.8906106062614,2414.962427959719,2420.128122992788,2863460,0.0085283059630025,0.852830596300258,2362.603552246094,2338.438388671875,63.79981760440148,32.54282216563524,27.35795571761313,5.184866448022113,2504.80224609375,0.0250686298527971,1,0.0116144994557983,3061219.25,0.9353985344238248,13740.7001953125,0.0042389293905504,0.0620215404179467,0.0071805449528316
2020-12-18,2463.17578125,2495.030903202552,2450.4336904304423,2469.202425943726,6076692,0.0080333595636783,0.8033359563678344,2372.25048828125,2339.25279296875,65.937255319961,35.82753642702073,29.051871859494653,6.775664567526079,2522.0634765625,0.0239072240644619,1,0.0116503893058195,3156678.8,1.925027025239312,13760.5498046875,0.0014445849987885,0.077425056511891,0.0061506973718947
2020-12-21,2428.0048828125,2485.128924676578,2397.7426139699537,2463.174728390677,2705195,-0.0142786798673587,-1.4278679867358757,2379.133740234375,2339.582392578125,59.19342523105569,35.18708377722896,30.27891424304152,4.908169534187447,2523.01123046875,0.0391293890423312,1,0.012289631892815,3156365.0,0.8570602576064555,13328.400390625,-0.0314049525779333,0.0364996320152992,0.0099267479132272
2020-12-22,2473.075927734375,2482.675424717114,2426.7137414089384,2439.929392236456,2881737,0.0185629959976301,1.856299599763012,2385.5155395507813,2340.52107421875,64.24076785629676,37.879723218854906,31.799076038204195,6.080647180650711,2504.759033203125,0.0128112142103842,0,0.0118474460710587,3115130.95,0.9250773229934364,13466.2998046875,0.0103462838766079,0.0417631755987242,0.0100831679920121
2020-12-23,2504.284912109375,2513.109637626907,2467.005785689479,2476.131927374888,2790988,0.0126195010937617,1.2619501093761754,2393.552453613281,2342.1430908203124,67.26051882593988,42.04726884868887,33.84871460030113,8.198554248387744,2464.68212890625,-0.0158140086264255,0,0.0120162928987107,3098654.55,0.9007096321853626,13601.099609375,0.0100101591857162,0.0418186847653665,0.0100853826861421
2020-12-24,2504.80224609375,2515.1336348727555,2482.288301930581,2504.500829843972,1807144,0.0002065795237089,0.0206579523708949,2402.50849609375,2343.860673828125,67.30979949386872,44.87453757909407,36.05387919605972,8.820658383034349,2521.07421875,0.0064963103101756,0,0.0117634579868241,3023899.3,0.5976204300189494,13749.25,0.0108925303747413,0.0692815266527642,0.0094071308494062
2020-12-28,2522.0634765625,2539.540780252204,2498.4735621546847,2505.3611529531813,2108994,0.0068912547869472,0.6891254786947298,2411.496752929688,2347.111611328125,68.98717958023269,47.95520767501967,38.43414489185171,9.521062783167956,2616.81201171875,0.0375678629966085,1,0.0117597769947008,3012294.05,0.7001288602618327,13873.2001953125,0.0090150513891666,0.0682374832765457,0.0093732188674998
2020-12-29,2523.01123046875,2541.5216353331343,2513.971265302423,2513.971265302423,1994151,0.0003757851120946,0.0375785112094684,2422.295227050781,2349.990625,69.08098933546194,49.89794429910626,40.72690477330262,9.171039525803636,2662.91552734375,0.0554513175309994,1,0.0109374087388656,2807661.2,0.7102534308626696,13932.599609375,0.0042815942411449,0.0743043499705011,0.0093078943130647
2020-12-30,2504.759033203125,2537.819391590143,2498.474063300336,2526.3687275523416,2637968,-0.0072342909318853,-0.7234290931885323,2430.1513916015624,2353.3956689453125,65.00301495482853,49.39537811959053,42.4605994425602,6.93477867703033,2627.186279296875,0.0488778539056462,1,0.0107857642774377,2759308.75,0.956024946465306,13981.9501953125,0.0035420946069744,0.0665876172285859,0.0091538072983892
2020-12-31,2464.68212890625,2501.057229752041,2449.4002818053555,2496.7524840898177,4040956,-0.0160003033288291,-1.600030332882918,2435.024353027344,2355.5265283203125,57.04077826068388,45.24170138979662,43.01681983200749,2.224881557789125,2611.0859375,0.0594006857422704,1,0.0115342438249403,2835904.95,1.4249264595416005,13981.75,-1.4318125132972703e-05,0.0661900676770566,0.0091604237049455
2021-01-01,2521.07421875,2531.1903707419106,2478.6724752945443,2479.533424400239,2681440,0.0228800660265164,2.288006602651649,2444.443151855469,2359.8803564453124,63.766260711512416,45.97033560453292,43.60752298651258,2.3628126180203424,2686.935791015625,0.0657900394332153,1,0.0117256266425163,2827349.55,0.9483935228313032,14018.5,0.0026284263414808,0.0673523921352736,0.0091529246426272
2021-01-04,2616.81201171875,2626.540779746348,2532.0085152654137,2539.800147587225,5113293,0.0379749998063201,3.797499980632013,2457.869665527344,2366.222109375,71.82952816649568,53.654527256269375,45.61692384046394,8.037603415805435,2734.761474609375,0.0450737241966245,1,0.0139797630004835,2948687.85,1.7340909788060477,14132.900390625,0.0081606727271106,0.0659461704950852,0.0091103484106483
2021-01-05,2662.91552734375,2681.210695451107,2616.940930153381,2616.940930153381,5801309,0.0176181993274782,1.7618199327478212,2473.164453125,2373.216455078125,74.74422822854456,62.7412310531422,49.0417852829996,13.699445770142605,2733.38427734375,0.0264630061586266,1,0.0142287800520763,3138933.3,1.848178487895872,14199.5,0.0047123808655142,0.0631750369690957,0.009067143819359
2021-01-06,2627.186279296875,2680.5651255418056,2614.8746646566897,2668.942312246538,3726716,-0.0134173418871137,-1.3417341887113745,2484.1070922851563,2379.4721142578123,68.80293194728293,66.29524722013639,52.49247767042696,13.802769549709431,2719.695068359375,0.0352121163967324,1,0.0143788279608693,3111378.2,1.197770171430783,14146.25,-0.0037501320469031,0.0562459946241831,0.0091962055562361
2021-01-07,2611.0859375,2652.454575316985,2583.0620079986484,2647.417940036945,3717827,-0.0061283594253483,-0.6128359425348395,2493.6635986328124,2386.4053271484377,66.24747379467645,67.03987367805757,55.40195687195309,11.637916806104483,2804.012939453125,0.0738876492659004,1,0.0145713331136035,3114269.75,1.193803780163873,14137.349609375,-0.000629169612088,0.0449586459972926,0.0090556506238629
2021-01-08,2686.935791015625,2693.0486133134364,2634.5040782414053,2660.3325495967133,5879039,0.0290491601315305,2.9049160131530583,2508.1533203125,2394.992431640625,71.5992295370991,72.90998387650097,58.90356227286267,14.006421603638302,2789.046875,0.0380028001881571,1,0.015242528672807,3301831.65,1.780538689790559,14347.25,0.014847223590326,0.0644703121242558,0.0093577011008627
2021-01-11,2734.761474609375,2780.86533670378,2709.0191829689534,2780.86533670378,9508039,0.0177993399595426,1.7799339959542635,2525.064489746094,2404.3561083984373,74.35982120694248,80.49334430297085,63.22151867888431,17.271825624086546,2779.041015625,0.016191372237299,0,0.0153969841784365,3687463.2,2.5784769865635537,14484.75,0.0095837181341371,0.0718448420464479,0.0094651509985104
2021-01-12,2733.38427734375,2763.64655350208,2711.989608576808,2734.761669759502,3611458,-0.0005035895373002,-0.050358953730023,2541.2998901367187,2413.137783203125,74.13634931979959,85.4075585953633,67.65872666218011,17.748831933183183,2812.638671875,0.0289949697845879,1,0.0154788942264833,3743853.2,0.9646366476121446,14563.4501953125,0.0054333140242324,0.0741472675640646,0.0094745379102181
2021-01-13,2719.695068359375,2735.235241372653,2691.542075335617,2733.513343203706,3572801,-0.0050081538471706,-0.5008153847170682,2558.406945800781,2422.6831298828124,71.82571405581042,87.19240430608716,71.56546219096153,15.62694211512563,2854.129638671875,0.0494300158412965,1,0.0150528144653442,3804217.8,0.939168362021754,14564.849609375,9.609083312889231e-05,0.0734825361943207,0.0094855563083734
2021-01-14,2804.012939453125,2817.641863076815,2691.617754288858,2721.463363847344,6931542,0.0310026929396221,3.10026929396221,2577.4634521484377,2433.415463867188,76.6525783581092,94.32335400366446,76.11704055350212,18.20631345016234,2823.982177734375,0.0071216640980069,0,0.0157816176476833,4022537.45,1.7231764989534155,14595.599609375,0.002111247340323,0.0667192440842376,0.009420041570677
2021-01-15,2789.046875,2824.1109663222087,2768.905376265818,2790.470059881596,4131692,-0.0053373735343902,-0.5337373534390233,2594.7385009765626,2443.51185546875,74.22195740668207,97.64149630033626,80.42193170286896,17.219564597467297,2849.212646484375,0.0215721621689757,1,0.0160342257181533,4085949.05,1.0111951836501731,14433.7001953125,-0.0110923441582015,0.0504341110823747,0.0099467413621045
2021-01-18,2779.041015625,2809.231575273289,2749.411053561698,2803.4091101982617,4160906,-0.0035875551123535,-0.3587555112353535,2610.5317626953124,2452.8476708984376,72.56523202962526,98.33026861909184,84.00359908611354,14.3266695329783,2839.0341796875,0.0215877217087447,1,0.0161952238609979,3990159.75,1.042791833083876,14281.2998046875,-0.0105586501425666,0.037843691377986,0.0103676713809046
2021-01-19,2812.638671875,2828.4240632946203,2787.882455800004,2788.7450431935063,2975735,0.0120896582889922,1.2089658288992222,2629.7634521484374,2462.48091796875,74.61425708742864,100.42948710394012,87.28877668967887,13.14071041426125,2812.941162109375,0.0001075467806794,0,0.0155009773653356,4003686.75,0.7432487069574062,14521.150390625,0.0167947308170628,0.0894893584408644,0.0073903855586918
2021-01-20,2854.129638671875,2870.648105502872,2818.1597810756234,2820.661200655656,3453446,0.0147516164133574,1.475161641335743,2648.8161376953126,2472.6142431640624,76.9079617711331,104.23949908465192,90.6789211686735,13.560577915978428,2757.303955078125,-0.0339247672151312,-1,0.0153806773679606,4032272.2,0.8564516056232513,14644.7001953125,0.008508265623863,0.087507363397242,0.0073226279998494
2021-01-21,2823.982177734375,2854.431348081658,2813.846774585608,2850.851694185324,2778546,-0.0105627510849607,-1.0562751084960742,2664.8010009765626,2483.47046875,71.8294983671205,103.63171102797696,93.2694791405342,10.36223188744276,2683.811767578125,-0.0496357276123838,-1,0.0158259389577797,4031650.1,0.6891833197528724,14590.349609375,-0.0037112802046228,0.072733089853862,0.0073948749232915
2021-01-22,2849.212646484375,2868.1032271116046,2796.422126882678,2796.422126882678,3052459,0.008934358350038,0.8934358350038085,2682.021520996094,2494.173544921875,73.41186859613009,103.98722261003512,95.4130278344344,8.574194775600745,2707.96435546875,-0.0495744995340766,-1,0.0157738770406534,4093915.85,0.7456086328691881,14371.900390625,-0.0149721716475961,0.0452861349255413,0.0082536245572334
2021-01-25,2839.0341796875,2880.8696719465147,2828.1223218457994,2854.258764282846,2272887,-0.0035723787796021,-0.3572378779602148,2697.870056152344,2504.9614697265624,71.66302729314054,102.26876028614151,96.78417432477582,5.484585961365696,2763.25537109375,-0.0266917563500737,-1,0.0159356850525759,4102110.5,0.5540774681715668,14238.900390625,-0.0092541693433081,0.0263601901626175,0.008473461985544
2021-01-27,2812.941162109375,2852.1025525039727,2783.570014017095,2846.538904944659,2786662,-0.0091908078334573,-0.9190807833457382,2712.366552734375,2515.472041015625,67.24077553942433,97.6754364331423,96.96242674644913,0.7130096866931694,2760.32275390625,-0.0187058332082805,0,0.0162555303007576,4141736.05,0.6728246238675688,13967.5,-0.0190604880418779,0.0025049446337004,0.0095814606658061
2021-01-28,2757.303955078125,2824.973898403804,2746.3059650919727,2786.1574631585613,3083938,-0.0197790155658743,-1.977901556587436,2724.993798828125,2524.63740234375,58.895240093412895,88.52527232436023,95.27499586203136,-6.74972353767113,2750.316650390625,-0.0025341075200039,0,0.0170008582528496,4164034.55,0.7406129711387721,13817.5498046875,-0.0107356502819043,-0.0117580443592278,0.0098451639303977
2021-01-29,2683.811767578125,2774.8147510394783,2674.0213149781584,2768.9491137784144,5445659,-0.026653640185243,-2.665364018524308,2735.9502807617187,2532.406962890625,50.05732772711577,74.48488067418248,91.11697282446158,-16.632092150279107,2724.007568359375,0.0149771311337243,0,0.0178381139917429,4234269.7,1.28609167243173,13634.599609375,-0.0132404223540728,-0.0248288226169828,0.0102437667593416
2021-02-01,2707.96435546875,2730.089642266162,2625.8028899313563,2674.021450560854,3985846,0.008999359859138,0.8999359859138023,2745.294787597656,2541.3380126953125,52.57601759638408,64.56244544467245,85.80606734850376,-21.24362190383131,2772.4423828125,0.0238105155311725,1,0.0173452161849459,4299490.0,0.9270508827791204,14281.2001953125,0.0474235111013383,0.0187395367059599,0.0149448012370073
2021-02-02,2763.25537109375,2780.981583042147,2717.150119907805,2737.852216059484,2881837,0.020417925927769,2.041792592776903,2752.6169555664064,2551.19837890625,57.82025612529424,60.46338267431884,80.73753041366678,-20.27414773934794,2740.35400390625,-0.0082878214685004,0,0.0159050055369971,4187917.2,0.6881313221760926,14647.849609375,0.0256735714819573,0.0364362023729814,0.0158688736472538
2021-02-03,2760.32275390625,2791.332727721468,2728.0618599311533,2771.493218222829,2505866,-0.001061290685681,-0.106129068568106,2757.4873168945314,2560.598037109375,57.45733239470262,56.32888388857919,75.85580110864926,-19.526917220070075,2771.752685546875,0.0041407953560683,0,0.0155360704456633,4023145.05,0.6228624543378072,14789.9501953125,0.0097011226717231,0.0415824638411563,0.0159542370738515
2021-02-04,2750.316650390625,2792.928592710051,2739.5774797814165,2774.124145975899,2057261,-0.0036249759204661,-0.3624975920466178,2763.643835449219,2568.6955712890626,56.16202625869664,51.64947192256796,71.014535271433,-19.36506334886505,2765.455078125,0.0055042490224626,0,0.0151777074323916,3939672.3,0.5221908938974442,14895.650390625,0.0071467580293813,0.0529751977114076,0.0159278826020202
2021-02-05,2724.007568359375,2765.325627089388,2699.0357077171384,2759.373648262348,2366135,-0.0095658374563937,-0.9565837456393722,2769.2899169921875,2576.3047900390625,52.792093499055404,45.29593780513597,65.8708157781736,-20.57487797303763,2752.34423828125,0.0104025665167082,0,0.0152983703244898,3872087.7,0.6110747439940474,14924.25,0.0019199973566108,0.0556610971906061,0.0159100017170999
2021-02-08,2772.4423828125,2782.707089139848,2721.592684609688,2751.2226474927297,2526592,0.0177807194868759,1.7780719486875984,2773.5652465820312,2585.240009765625,57.81105393476523,43.66565054352122,61.42978273124312,-17.7641321877219,2708.394775390625,-0.0231015107181062,-1,0.0144422033690385,3704465.35,0.6820395823111154,15115.7998046875,0.0128348027329681,0.0535677432739722,0.0158361973006638
2021-02-09,2740.35400390625,2799.786405962383,2729.2267099642486,2755.9669210922166,2658751,-0.0115740471669236,-1.157404716692367,2773.844873046875,2593.201123046875,53.73507692373319,39.33098898086337,57.01002398116718,-17.679035000303813,2681.611328125,-0.0214361632466152,-1,0.0142068669588115,3362000.95,0.7908239883156487,15109.2998046875,-0.0004300136336804,0.043117748299936,0.0157662501020512
2021-02-10,2771.752685546875,2777.014343377286,2723.4477815441405,2747.3414151555307,2127983,0.0114578925189474,1.1457892518947466,2775.763293457031,2602.495341796875,56.93468501608007,37.991408354889245,53.20630085591159,-15.214892501022348,2650.817626953125,-0.0436312587426569,-1,0.0144258749417717,3287827.2,0.6472307912045986,15106.5,-0.0001853034041081,0.0372885406551732,0.0157562111604838
2021-02-11,2765.455078125,2776.927532139676,2747.383915038683,2773.218364370516,1165882,-0.0022720668603347,-0.2272066860334765,2778.0512939453124,2610.851728515625,56.09670977756168,36.00655561023086,49.76635180677545,-13.759796196544585,2637.23193359375,-0.0463660196636375,-1,0.0143808406872573,3167481.25,0.3680785797863839,15173.2998046875,0.0044219246475027,0.0417752473682155,0.0157591352811203
2021-02-12,2752.34423828125,2799.527732432653,2744.753426159513,2746.6510765417843,2777404,-0.0047409339415628,-0.474093394156283,2775.4678588867187,2618.5541552734376,54.30473627412509,32.99526147106599,46.41213373963356,-13.416872268567571,2649.739013671875,-0.0372792120921068,-1,0.0125519192954475,2959774.35,0.938383698068064,15163.2998046875,-0.0006590524229219,0.0388952979326628,0.0157718001883064
2021-02-15,2708.394775390625,2768.042602007056,2701.235258795116,2768.042602007056,2630853,-0.0159680109338612,-1.5968010933861243,2771.43525390625,2626.0680859375,48.68985684398109,26.754031000717987,42.48051319185045,-15.726482191132462,2551.922119140625,-0.0577732085705386,-1,0.0129698703512856,2884732.4,0.911992044738708,15314.7001953125,0.0099846598415338,0.0610377095324534,0.0155517310247351
2021-02-16,2681.611328125,2732.3744622498484,2674.020518084178,2717.149881279084,3435770,-0.0098890484906366,-0.9889048490636654,2766.56376953125,2632.734677734375,45.5958209284824,19.42271753409113,37.86895406029858,-18.44623652620745,2570.682861328125,-0.0413663477751031,-1,0.0131020320387421,2848475.6,1.206178490698674,15313.4501953125,-8.162092525865194e-05,0.0722728606457949,0.0152414995057724
2021-02-17,2650.817626953125,2702.357228065124,2627.0533001377667,2678.4204258750324,3678426,-0.011483282774393,-1.148328277439303,2758.472717285156,2638.610634765625,42.26999758961094,11.000991875198906,32.49536162327865,-21.49436974807974,2542.994140625,-0.0406755580737775,-1,0.0128540809250639,2883610.15,1.2756322140147829,15208.900390625,-0.0068273186874309,0.0473619500865454,0.0150799236519694
2021-02-18,2637.23193359375,2672.209687664128,2614.5026691089115,2643.830643622175,4189909,-0.0051250954502631,-0.5125095450263184,2747.62783203125,2643.188603515625,40.85415500686924,3.193647323179448,26.63501876325881,-23.44137144007936,2583.708251953125,-0.020295401765323,-1,0.0121692892750384,2920433.3,1.4346874486056571,15118.9501953125,-0.0059143128695843,0.0323837288353501,0.0151183984971406
2021-02-19,2649.739013671875,2662.9364315448893,2601.6927301955807,2637.792094735,3725028,0.0047425028943441,0.4742502894344191,2738.915673828125,2647.784267578125,42.7551372968634,-1.9618971181612324,20.915635586974805,-22.87753270513604,2496.587158203125,-0.0577988453498745,-1,0.0122076804844298,2967757.4,1.2551659377548852,14981.75,-0.0090747170630297,0.0268259775196548,0.0152663135665262
2021-02-22,2551.922119140625,2670.57107987573,2538.724487383171,2670.57107987573,5366696,-0.0369156713270791,-3.691567132707918,2724.051147460937,2650.8798828125,33.6467815867599,-13.781840650272898,13.976140339525266,-27.757980989798163,2522.37841796875,-0.0115770387153602,0,0.0140005932157883,3083469.25,1.740473332107982,14675.7001953125,-0.0204281745915864,0.0211384574364064,0.0156195647013511
2021-02-23,2570.682861328125,2611.914580107528,2560.159337436969,2561.8845121926547,3832829,0.0073516123579107,0.7351612357910708,2710.633581542969,2654.3627783203124,36.443399684818566,-21.38883873425993,6.903144524768226,-28.29198325902816,2593.239501953125,0.0087745715211817,0,0.0142858628594941,3161466.35,1.2123579933090225,14707.7998046875,0.0021872625461001,0.0329308725532786,0.0154263666516634
2021-02-24,2542.994140625,2590.6520971446007,2519.747240418704,2563.6098964027583,3774549,-0.0107709593896851,-1.0770959389685195,2697.13623046875,2657.0491357421874,34.15534003225268,-29.31377690476438,-0.340239761138295,-28.97353714362609,2638.741455078125,0.0376514097785505,1,0.0143154446790515,3210860.7,1.1755567595940863,14982.0,0.0186431824578623,0.0726328977984607,0.0150507961334449
2021-02-25,2583.708251953125,2613.553651608383,2560.547694496672,2565.335097001332,4224073,0.0160103048126247,1.6010304812624776,2688.4564453125,2661.1722216796875,40.1096577720582,-31.940864574513853,-6.660364723813407,-25.280499850700444,2630.633056640625,0.0181618047053213,0,0.0145961978675058,3267867.45,1.2926084257181238,15097.349609375,0.0076992130139501,0.0926213274261793,0.0146855447255692
2021-02-26,2496.587158203125,2563.9121577933784,2484.2521142672244,2553.2591174413137,5553153,-0.0337194006653582,-3.371940066535828,2679.09521484375,2662.64630859375,33.1926743519592,-40.584956528596194,-13.445283084769963,-27.13967344382623,2594.705810546875,0.0393011123290281,1,0.0152653431658104,3273242.15,1.6965298457983014,14529.150390625,-0.0376356932475859,0.0656088779192984,0.0170610613085885
2021-03-01,2522.37841796875,2557.572031379109,2503.0565414965754,2523.9311176442743,3265871,0.0103306065966419,1.0330606596641978,2669.81591796875,2664.222958984375,36.6742971451141,-44.83746418620558,-19.723719305057088,-25.11374488114849,2593.75732421875,0.0282982544337977,1,0.015325485812869,3237243.4,1.0088432028311496,14761.5498046875,0.0159953891187234,0.0336351008882758,0.0139485431614644
2021-03-02,2593.239501953125,2609.3266714092324,2542.907447046088,2553.258494998786,3306469,0.0280929631650745,2.809296316507459,2661.3151245117188,2666.8242333984376,45.13443441592439,-42.00549665781591,-24.18007477560885,-17.82542188220706,2631.711181640625,0.0148353746958291,0,0.0160338174597825,3258475.0,1.0147289759780265,14919.099609375,0.0106729853417877,0.0185180765254713,0.0129628300594776
2021-03-03,2638.741455078125,2642.968049510322,2585.088345128961,2617.9530124881944,3509857,0.017546375138405,1.7546375138405068,2655.2360595703126,2671.03896484375,49.77454373275879,-35.67823812665256,-26.4797074458176,-9.198530680834963,2648.963134765625,0.003873695040425,0,0.0166818874672459,3308674.55,1.060804544828986,15245.599609375,0.0218846987116321,0.0308080424913745,0.0136608134337145
2021-03-04,2630.633056640625,2658.02020976572,2601.6070715025844,2607.602012509075,3916760,-0.003072827927835,-0.3072827927835031,2649.2518798828123,2674.190107421875,48.97960554402996,-30.96121849039445,-27.376009654732968,-3.58520883566149,2637.7490234375,0.0027050396781533,0,0.0166797169464528,3401649.5,1.1514296225992713,15080.75,-0.0108129305241382,0.0124264200972048,0.0138662847938296
2021-03-05,2594.705810546875,2642.27741665036,2584.829227925613,2601.6496805392176,3203686,-0.0136572624612381,-1.3657262461238109,2642.786791992188,2675.998525390625,45.511288905878125,-29.77870457783729,-27.856548639353832,-1.9221559384834563,2644.82275390625,0.0193150773223158,0,0.0168008913929288,3443527.05,0.9303501768629928,14938.099609375,-0.0094591045289524,0.0009279936596477,0.0140462954600873
2021-03-08,2593.75732421875,2616.227769700516,2584.312033637568,2601.563782860783,2003125,-0.000365546769992,-0.0365546769992009,2633.8525390625,2677.777626953125,45.41984790702458,-28.588537834027647,-28.0029464782886,-0.5855913557390515,2682.690673828125,0.0342874596551403,1,0.0161365835259876,3417353.7,0.586162620509548,14956.2001953125,0.0012117060677612,-0.0105584627632807,0.0137303430381823
2021-03-09,2631.711181640625,2645.469409575345,2580.9480357307766,2593.7573332178704,1942397,0.0146327711800513,1.4632771180051352,2628.4203979492186,2679.9705810546875,49.7689869582294,-24.3026175670866,-27.2628806960482,2.9602631289616,2685.191650390625,0.0203215569866066,1,0.0164812458167393,3381536.0,0.5744126337853567,15098.400390625,0.0095077756017913,-0.0007213712219223,0.0139093898824972
2021-03-10,2648.963134765625,2668.15570731994,2639.5178434248423,2652.456656382807,3053778,0.0065554127844094,0.6555412784409409,2622.2809204101563,2682.489619140625,51.65475949975582,-19.29152574037153,-25.668609704912864,6.377083964541338,2619.245849609375,-0.0112184593157349,0,0.0163078080502439,3427825.75,0.890879006904012,15174.7998046875,0.0050600998838219,0.004521219652964,0.0139539712189077
2021-03-12,2637.7490234375,2688.684850091769,2623.4301993562667,2652.4561803119,2938317,-0.0042333965244545,-0.4233396524454536,2615.895617675781,2685.1494189453124,50.33202390025281,-16.040183181623433,-23.74292440025497,7.702741218631544,2631.064453125,-0.0025341949719646,0,0.0163145659182225,3516447.5,0.8355924551695995,15030.9501953125,-0.0094795062357636,-0.0093815854960582,0.0140844475417387
2021-03-15,2644.82275390625,2673.1588393934207,2623.128761082734,2623.128761082734,3097083,0.0026817299166437,0.2681729916643727,2610.5195434570314,2688.7522314453126,51.18123913748245,-12.745754721488993,-21.543490464501783,8.79773574301279,2699.596435546875,0.0207097740518631,1,0.0163389431810306,3532431.45,0.8767567166802345,14929.5,-0.006749419963093,-0.0154187945697166,0.0141565383789945
2021-03-16,2682.690673828125,2709.387718589675,2639.518121262148,2639.518121262148,4894756,0.014317753379105,1.4317753379105014,2609.234338378906,2691.984560546875,55.5615767163496,-6.9985963077124325,-18.634511633143912,11.63591532543148,2710.767333984375,0.0104658581886316,0,0.0163662889330377,3645626.6,1.3426377786468862,14910.4501953125,-0.0012759841044576,-0.0263962072286424,0.0139321783914699
2021-03-17,2685.191650390625,2721.46349599781,2661.3411908355,2678.334122051727,3838390,0.0009322642326599,0.0932264232659907,2609.4133544921874,2693.3521533203125,55.84337578210327,-2.2165726815887865,-15.350923842832888,13.1343511612441,2692.2216796875,0.0026180735724588,0,0.01621243285701,3665757.6,1.0470932393347558,14721.2998046875,-0.0126857598628687,-0.0386686463907565,0.0141600443741789
2021-03-18,2619.245849609375,2714.0872634976304,2576.590957671183,2696.4042271343856,3656306,-0.0245590666765467,-2.4559066676546726,2607.834765625,2692.478759765625,47.32205837699363,-3.705346567528068,-13.021808387771925,9.316461820243855,2643.701416015625,0.0093368732110035,0,0.0169547153239655,3664651.6,0.9977226757381248,14557.849609375,-0.0111029730717429,-0.042807222384816,0.0142706075064411
2021-03-19,2631.064453125,2673.158766887321,2592.0755387210065,2613.6402270631115,5776626,0.0045122161851998,0.4512216185199813,2607.5263916015624,2692.556323242188,48.829088496016,-3.88674410008025,-11.19479553023359,7.3080514301533395,2645.383056640625,0.0054421333155174,0,0.016952138537035,3743987.45,1.5429074154615554,14744.0,0.0127869428260285,-0.0248000152437005,0.0146152118861516
2021-03-22,2699.596435546875,2708.0498337575755,2603.8492389926228,2629.770031169302,2821646,0.0260472457603526,2.604724576035266,2610.0192626953126,2694.326533203125,56.585180467046406,1.4823674747372024,-8.659362929239432,10.141730403976634,2724.525146484375,0.0092342361285011,0,0.017906951790708,3698818.35,0.7628506547232848,14736.400390625,-0.0005154374236977,-0.0163765654462929,0.0144958605695147
2021-03-23,2710.767333984375,2733.5395578340426,2693.7312322907105,2708.5245224357504,3305973,0.0041379882898078,0.4137988289807826,2617.9615234375,2694.8031640625,57.71038890519377,6.563169097033551,-5.614856523984836,12.178025621018389,2741.173828125,0.011216932474958,0,0.0155147617223462,3595782.2,0.9194030161226115,14814.75,0.0053167399974314,0.0094748327396272,0.0137794774993524
2021-03-24,2692.2216796875,2719.134365061862,2683.638766387938,2683.6819378774467,2207104,-0.0068414777116323,-0.6841477711632349,2624.038464355469,2693.9523681640626,55.15465354811002,8.989634764927814,-2.693958266202306,11.68359303113012,2730.089111328125,0.0140654953959884,0,0.0156360369115442,3514495.95,0.6280001546167666,14549.400390625,-0.0179111769942118,-0.0107697559231134,0.0143747657059308
2021-03-25,2643.701416015625,2700.632191713419,2630.89190724656,2684.5448082856474,3179786,-0.018022387992027,-1.8022387992027045,2629.073828125,2692.1587109375,49.03616622648255,6.917703530735707,-0.7716259068147031,7.689329437550411,2793.833740234375,0.0567886839675781,1,0.0160371556493037,3484757.8,0.9124840756508245,14324.900390625,-0.0154301891468089,-0.0438592717511012,0.0140082010882743
2021-03-26,2645.383056640625,2689.547489004796,2624.896606074921,2665.9556395899776,3697370,0.0006360932497189,0.0636093249718916,2632.157568359375,2690.672470703125,49.24631372074733,5.34970932553415,0.4526411396550674,4.897068185879082,2816.08935546875,0.0645298980046031,1,0.0156984899946469,3458422.65,1.0690914252484438,14507.2998046875,0.0127330319296232,-0.0390830059549721,0.0142377481647169
2021-03-30,2724.525146484375,2750.316422403273,2640.2933706563263,2659.3566341390606,4694008,0.0299170623494704,2.9917062349470447,2643.5544677734374,2689.08271484375,58.01969029516542,10.373587593034244,2.436830430330903,7.936757162703341,2821.8681640625,0.0357284342571522,1,0.0146409881645051,3415465.4,1.3743392042560292,14845.099609375,0.0232848158675504,0.0217458839818924,0.0126127511467255
2021-03-31,2741.173828125,2764.5929950000286,2701.624106190356,2721.463619102992,3530069,0.0061106727761746,0.6110672776174608,2654.49423828125,2688.12525390625,59.6017355609235,15.519556992258911,5.053375742716505,10.466181249542409,2861.50439453125,0.0438974592459748,1,0.0145825173124846,3428675.3,1.0295722665835405,14690.7001953125,-0.0104006990943323,-0.0047996050761893,0.0123561777025911
2021-04-01,2730.089111328125,2773.218481175331,2712.837363389243,2752.602726625417,4285076,-0.0040437847038897,-0.4043784703889774,2661.33671875,2687.1462158203126,58.03360487920665,18.49018743814304,7.740738081801812,10.749449356341229,2865.731201171875,0.0496841254305298,1,0.0135533883121077,3477605.65,1.2321914648373085,14867.349609375,0.0120245741669184,-0.0034687079887502,0.0124221122358346
2021-04-05,2793.833740234375,2814.6221770509164,2718.0124057270723,2735.26415060633,5317862,0.0233489187740247,2.3348918774024785,2669.0913330078124,2686.7701171875,63.913525696928254,25.691931689540525,11.330976803349555,14.360954886190967,2800.433349609375,0.0023622054812919,0,0.013945226701916,3568005.9,1.4904297103320374,14637.7998046875,-0.015439860548026,-0.0398672285945214,0.0117297395840109
2021-04-06,2816.08935546875,2824.9740487941745,2786.157611482499,2824.9740487941745,2291562,0.0079659769705937,0.7965976970593758,2678.364147949219,2686.0093115234376,65.7194450292587,32.8169150768299,15.628164458045624,17.188750618784276,2677.514404296875,-0.0492082933742025,-1,0.0139126456417512,3486746.0,0.6572208012857834,14683.5,0.0031220672452334,-0.0263415281070238,0.0115896602019228
2021-04-07,2821.8681640625,2827.173202604607,2790.2975935030586,2811.1721651917283,2491268,0.0020520686186777,0.2052068618677793,2689.722265625,2685.96703125,66.19254160571023,38.48617266036945,20.19976609851039,18.286406561859057,2776.625732421875,-0.0160327942378044,0,0.0133237879801647,3451125.1,0.7218712529429895,14819.0498046875,0.0092314369658119,-0.0079695414946079,0.0116479964003359
2021-04-08,2861.50439453125,2876.728977898369,2817.2536188096706,2820.6607969198403,2578118,0.0140460957650436,1.4046095765043676,2703.109619140625,2686.2128662109376,69.32002936883507,45.651174363950304,25.29004775159837,20.36112661235193,2756.09619140625,-0.0368366385620271,-1,0.0134479325618227,3479874.75,0.7408651705064959,14873.7998046875,0.0036945688638336,-0.0055094468881758,0.011678546258692
2021-04-09,2865.731201171875,2893.420342992683,2853.4393298146024,2893.118353143342,2911129,0.0014771274329345,0.1477127432934599,2714.810620117188,2686.746806640625,69.64254676948588,51.081719540492486,30.4483821093772,20.63333743111529,2727.3291015625,-0.048295562247003,-1,0.0132730695721838,3528311.35,0.8250771293185336,14834.849609375,-0.0026187118170183,-0.0174555432649438,0.0114601355893281
2021-04-12,2800.433349609375,2879.403273387137,2771.665973691975,2865.731177961672,3791828,-0.0227857558782198,-2.278575587821985,2722.384130859375,2686.496650390625,59.27571182469507,49.54534689558432,34.267775066618626,15.27757182896569,2712.44921875,-0.0314180413797913,-1,0.0145744302685085,3565213.85,1.063562568624039,14310.7998046875,-0.0353255893040076,-0.0569365007196411,0.013707564809934
2021-04-13,2677.514404296875,2772.355844796707,2650.7741954640505,2772.355844796707,8654596,-0.0438928301327526,-4.38928301327527,2724.372399902344,2684.900859375,45.53470189539659,37.97151688509439,35.00852343031378,2.9629934547806087,2690.2373046875,0.0047517579626117,0,0.0179101648466144,3851027.8,2.2473470588812683,14504.7998046875,0.0135561955060299,-0.0350044663702686,0.0140827137818594
2021-04-15,2776.625732421875,2792.411124320326,2663.195486735529,2726.035064495398,6062760,0.0370161699096542,3.701616990965429,2730.962548828125,2686.757138671875,54.661145470847146,36.37729428416742,35.28227760108451,1.0950166830829104,2682.215576171875,-0.0340017580142686,-1,0.0196506815294295,3999311.65,1.5159508761964076,14581.4501953125,0.0052844845607746,-0.0233128908997287,0.0141120047371153
2021-04-16,2756.09619140625,2800.821434678752,2745.2708874426585,2785.2948606645173,3224657,-0.0073937012021128,-0.7393701202112801,2734.6328247070314,2687.719775390625,52.6916100987599,33.076019239070774,34.841025928681766,-1.765006689610992,2674.7109375,-0.0295291775954759,-1,0.0195699067994212,3915806.7,0.8234974928665401,14617.849609375,0.0024962821650071,-0.0196238599173542,0.0141344888790473
2021-04-19,2727.3291015625,2750.7914386004254,2704.2980582590685,2733.53968922068,2679106,-0.0104376218556697,-1.0437621855669763,2736.739697265625,2687.00125,49.9743359222148,27.817804908635026,33.43638172467242,-5.618576816037397,2701.6240234375,-0.00942500049234,0,0.0197525694505138,3857842.5,0.694457070240685,14359.4501953125,-0.0176769785548196,-0.0245800040876676,0.014395283008861
2021-04-20,2712.44921875,2782.146321965287,2696.750170373957,2781.844332141803,3141893,-0.0054558442558234,-0.5455844255823461,2741.399865722656,2686.043779296875,48.57884367017202,22.19411009594478,31.18792739892689,-8.993817302982116,2694.80908203125,-0.0065033979610793,0,0.0188967217678915,3832121.85,0.8198833760988053,14296.400390625,-0.004390823034999,-0.0179593295552134,0.0142281677335463
2021-04-22,2690.2373046875,2715.424811647797,2678.549204691652,2715.424811647797,1988980,-0.0081888773839372,-0.8188877383937254,2744.358508300781,2684.8421923828123,46.491816652706646,15.763266484480935,28.102995216037705,-12.339728731556768,2687.17529296875,-0.0011381939107805,0,0.0190180418227455,3642739.55,0.5460121352897711,14406.150390625,0.0076767575754221,-0.0229143793661829,0.0140154575571613
2021-04-23,2682.215576171875,2690.410156642572,2666.3008804288893,2678.3339327910185,1615309,-0.0029817921644488,-0.2981792164448826,2743.489465332031,2684.0063525390624,45.72775667229865,9.905307916025777,24.46345775603532,-14.55814984000954,2618.513427734375,-0.0237498242137633,-1,0.0181150052825338,3582422.7,0.4508984939158631,14341.349609375,-0.0044981330537942,-0.026807820823145,0.0140355260269306
2021-04-26,2674.7109375,2719.737955733293,2663.712948620964,2675.789171703827,2490260,-0.002797925244542,-0.2797925244542032,2741.6866455078125,2682.0517236328124,44.98294692658205,4.604197600350744,20.49160572489841,-15.887408124547662,2619.677978515625,-0.0205752921606598,-1,0.0180946360971763,3541637.05,0.7031381151832032,14485.0,0.0100165182871698,-0.0222582223797228,0.0141899876704465
2021-04-27,2701.6240234375,2705.160716389788,2676.6089861834494,2679.196748658006,1471417,0.0100620540186877,1.006205401868776,2742.1567626953124,2681.2771240234374,48.23896495767676,2.545349392482421,16.902354458415207,-14.357005065932784,2630.675537109375,-0.0262614211720887,-1,0.0181780910496792,3504852.7,0.4198227788574395,14653.0498046875,0.011601643402658,0.007123964650068,0.01387293631653
2021-04-28,2694.80908203125,2718.012596283586,2684.3716914105107,2717.1068374954057,1639037,-0.0025225350926435,-0.2522535092643552,2744.7121459960936,2679.738251953125,47.47280807042996,0.3596427995794329,13.593812126648052,-13.23416932706862,2670.3115234375,-0.0090906471842838,0,0.0176779408561907,3427815.25,0.4781579170581028,14864.5498046875,0.014433855260107,0.037672123320011,0.0136799096819738
2021-04-29,2687.17529296875,2723.490305328415,2678.765066147004,2713.3549037740027,1621395,-0.0028327754694762,-0.2832775469476245,2746.8017578125,2678.17265625,46.58035530705654,-1.965867109242481,10.481876279469946,-12.447743388712428,2683.8984375,-0.0012194423926582,0,0.0176998033989644,3324016.5,0.4877818747289612,14894.900390625,0.0020418099664161,0.0267176243102289,0.0134428031559028
2021-04-30,2618.513427734375,2701.6669817097545,2605.014018794562,2673.1584252464727,3072305,-0.0255516882036074,-2.5551688203607426,2741.501171875,2675.4960400390623,39.4048831125488,-9.242744553833743,6.536952112809208,-15.779696666642952,2702.400146484375,0.0320360086228703,1,0.0172595000323009,3242931.35,0.9473851489332328,14631.099609375,-0.0177108120451774,-0.0144155314299713,0.0130508807977833
2021-05-03,2619.677978515625,2635.20455198065,2591.212593829746,2609.2405865604173,1545831,0.0004447373723257,0.0444737372325754,2735.426379394531,2673.7217041015624,39.57490020414418,-14.745772750905871,2.280407140066192,-17.026179890972063,2713.26806640625,0.0357257986127192,1,0.0171683839561169,3143719.45,0.4917204046308903,14634.150390625,0.0002085134632017,-0.0038493607476615,0.0128474687951245
2021-05-04,2630.675537109375,2665.394674864487,2617.952374826446,2641.932343146011,1990777,0.0041980574268831,0.4198057426883173,2730.455700683594,2672.70298828125,41.25129307029938,-18.011920963345347,-1.778058480616116,-16.23386248272923,2693.515380859375,0.0238873410512074,1,0.0172187085777607,3029004.5,0.6572380463614366,14496.5,-0.0094061074234402,-0.0249438951204289,0.0126743481514602
2021-05-05,2670.3115234375,2673.503054401822,2632.961450376518,2648.1430714400576,1939289,0.0150668471915307,1.506684719153073,2724.27958984375,2673.0928662109377,46.96240081328095,-17.203759873259514,-4.863198759144796,-12.34056111411472,2663.324951171875,-0.0026163884641561,0,0.0166753097817907,2860075.85,0.6780550942381476,14617.849609375,0.0083709591539336,-0.0013629230880799,0.0123797741096293
2021-05-06,2683.8984375,2703.349832111878,2651.5945704888045,2678.766082840918,1791671,0.0050881381978269,0.5088138197826941,2717.6700439453125,2674.0261962890627,48.7998245904688,-15.290674594009488,-6.948693926117734,-8.341980667891754,2632.18603515625,-0.0192676450126477,0,0.0165958731462265,2835081.3,0.6319645930435929,14724.7998046875,0.0073164109749706,0.0028126675988353,0.0124705442422152
2021-05-07,2702.400146484375,2725.6470468101074,2684.1996775869275,2702.486489466706,1912540,0.0068935950503437,0.6893595050343704,2711.696643066406,2675.0794189453127,51.27525515604101,-12.141646099046284,-7.987284360703445,-4.154361738342839,2647.927490234375,-0.0201571393196026,-1,0.0166972286789107,2806144.9,0.681554256161184,14823.150390625,0.0066792477481554,0.0002767104498293,0.0123861983086369
2021-05-10,2713.26806640625,2729.398405098987,2695.5850286185123,2713.6561885318547,2137153,0.0040215805701511,0.4021580570151117,2704.2848266601563,2678.306337890625,52.72124292198055,-8.669135619491499,-8.123654612461056,-0.5454810070304426,2664.360107421875,-0.0180254798963355,0,0.016335881227888,2784096.65,0.7676288824240352,14942.349609375,0.0080414227481215,0.0046087620909014,0.0124905214732035
2021-05-11,2693.515380859375,2698.259611350448,2666.3868398499667,2695.58550629116,2415625,-0.0072800346532061,-0.7280034653206147,2695.674035644531,2680.76298828125,49.82694200000495,-7.4254269897396625,-7.984009087916778,0.5585820981771157,2658.49462890625,-0.0130018756165228,0,0.0163402220374895,2759321.45,0.8754416778806252,14850.75,-0.0061302011912188,0.0010718268835669,0.0125582757991924
2021-05-12,2663.324951171875,2691.272698807051,2648.6609653129904,2691.272698807051,1978558,-0.0112085603453534,-1.1208560345353449,2688.8186157226564,2683.169604492188,45.69761387768701,-8.774744511418703,-8.142156172617163,-0.6325883388015399,2639.517822265625,-0.0089388750312929,0,0.015797204257035,2668657.95,0.7414056192551765,14696.5,-0.0103866808073666,0.0269516868781969,0.0097843486861225
2021-05-14,2632.18603515625,2672.727651952037,2622.266277855153,2672.727651952037,2043935,-0.0116917449378167,-1.1691744937816773,2686.552197265625,2684.13916015625,41.84563252656229,-12.215921117839116,-8.956909161661553,-3.259011956177563,2657.200439453125,0.0095032812889268,0,0.012677211869671,2338124.9,0.8741769954205612,14677.7998046875,-0.0012724250884564,0.0119270863665481,0.0093656853255239
2021-05-17,2647.927490234375,2652.628549124657,2618.8151674734304,2635.2043269536657,2890462,0.0059803732972811,0.5980373297281183,2680.11728515625,2687.165966796875,44.39723552689823,-13.517058269140762,-9.868938983157395,-3.648119285983366,2658.062744140625,0.0038276176155234,0,0.0092413905466497,2179510.0,1.3261980903964652,14923.150390625,0.0167157604819725,0.0234338965422209,0.0099922324656005
2021-05-18,2664.360107421875,2694.7231429706226,2655.04412101907,2674.021044561117,2098538,0.0062058410768814,0.6205841076881491,2675.530480957031,2690.0056005859374,47.01098042981353,-13.071563118944596,-10.509463810314836,-2.56209930862976,2699.23583984375,0.0130897217402123,0,0.0093488477128577,2123204.05,0.9883826286032188,15108.099609375,0.012393443335275,0.0335377646576404,0.0102998183576314
2021-05-19,2658.49462890625,2689.5477783678416,2645.6421596161504,2660.2198038763386,1986041,-0.0022014586163807,-0.2201458616380769,2672.088757324219,2691.310703125,46.17658858031656,-13.041466194892564,-11.015864287230382,-2.025601907662182,2737.809326171875,0.0298344395370309,1,0.0091199563369172,2088550.8,0.950918215635454,15030.150390625,-0.0051594324081388,0.0467079300523249,0.0094014520262862
2021-05-20,2639.517822265625,2664.3603850643035,2632.7034650661194,2645.642277920362,2329027,-0.0071381775363722,-0.7138177536372248,2668.4421875,2691.32623046875,43.4872991326373,-14.383084619518286,-11.689308353687965,-2.693776265830321,2756.44580078125,0.0442989918572551,1,0.009168539413351,2047907.5,1.1372715808697411,14906.0498046875,-0.0082567760609306,0.0426435604351347,0.0095847995376739
2021-05-21,2657.200439453125,2663.8423201990017,2635.290804111499,2640.3799854458744,1685566,0.006699184615591,0.6699184615591047,2666.790344238281,2691.857578125,46.60764595290508,-13.85972122078374,-12.12339092710712,-1.7363302936766196,2724.89404296875,0.0254755352703301,1,0.0091860146679048,2032736.8,0.8292101564747586,15175.2998046875,0.0180631356749747,0.0533903501773127,0.0101647611348256
2021-05-24,2658.062744140625,2678.3335455319293,2649.8681648547786,2658.062744140625,1652260,0.0003245162369751,0.0324516236975158,2665.5827026367188,2693.124716796875,46.76202105203991,-13.222945292620809,-12.343301800209858,-0.8796434924109491,2738.37255859375,0.0302136639287986,1,0.0091702024428394,2034584.35,0.8120872452400413,15197.7001953125,0.0014761086049899,0.0597119942866255,0.0100304418619129
2021-05-25,2699.23583984375,2711.587834293902,2671.584793057056,2680.1660940259712,1841613,0.0154898885641003,1.5489888564100385,2666.808947753906,2695.234287109375,53.652673229910505,-9.288894463268209,-11.732420332821528,2.443525869553321,2733.0419921875,0.0125243418321339,0,0.0098092727674826,2002152.0,0.919816777147789,15208.4501953125,0.0007073438653115,0.0499447839359683,0.0099005055273776
2021-05-26,2737.809326171875,2743.443570471421,2690.3950356987057,2704.4372637822544,1923753,0.0142905209536481,1.4290520953648134,2668.618212890625,2697.35625,59.0059494735363,-3.02371733189284,-9.990679732635792,6.966962400742952,2712.62841796875,-0.0091974660040822,0,0.010068309266765,2024768.8,0.950109958233256,15301.4501953125,0.0061150215048646,0.0442502004202276,0.009708796437016
2021-05-27,2756.44580078125,2789.167759579833,2740.669958334037,2740.7998947132687,5959785,0.0068070754348088,0.6807075434808851,2671.700048828125,2699.5059033203124,61.32991481117995,3.406025886107728,-7.311338608887088,10.717364494994817,2722.857177734375,-0.0121854828552605,0,0.0101264321980989,2240806.2,2.659661063058465,15337.849609375,0.0023788211965458,0.0318408435442993,0.0092745902121151
2021-05-28,2724.89404296875,2772.0482500019803,2718.002759352993,2764.680391926616,1763701,-0.0114465366246481,-1.1446536624648118,2673.585986328125,2701.2488037109374,55.5846725456178,5.887809540397484,-4.671508979030175,10.55931851942766,2725.024169921875,4.775486718866517e-05,0,0.0104829944104734,2247921.5,0.7845918996726532,15435.650390625,0.006376433707514,0.0363043716855169,0.0093356748926905
2021-05-31,2738.37255859375,2748.08096384286,2711.8917807222774,2730.441361193668,1652799,0.0049464365999036,0.4946436599903681,2679.5789428710937,2703.119799804688,57.41972157487137,8.840338612386404,-1.9691394607468584,10.809478073133263,2759.219970703125,0.0076130663973936,0,0.0084831681237598,2176946.2,0.7592282253001934,15582.7998046875,0.0095330880357249,0.0650463889059089,0.0082606927650513
2021-06-01,2733.0419921875,2747.734325938931,2714.839048376546,2746.5642636676007,1377441,-0.0019466183991367,-0.194661839913679,2685.247143554688,2704.126826171875,56.42679718401759,10.627598672137085,0.5502081658299298,10.077390506307154,2773.912109375,0.0149540758262509,0,0.0085270548811479,2168526.7,0.6351966982929008,15574.849609375,-0.0005101904286871,0.0642810954951396,0.0082758863212534
2021-06-02,2712.62841796875,2738.6326212021613,2700.10310240254,2731.1782099155653,2240078,-0.007469176938043,-0.7469176938043054,2689.344787597656,2704.6755615234374,52.67055674963629,10.278328141133445,2.4958321608906324,7.78249598024281,2773.99853515625,0.0226238569134562,1,0.0087754018018692,2180991.75,1.0270914596536187,15576.2001953125,8.67158252806366e-05,0.0744800603809541,0.0077747726432021
2021-06-03,2722.857177734375,2734.385751842096,2706.7344847268523,2734.385751842096,1281706,0.0037707928214083,0.3770792821408353,2691.9720703125,2706.7477880859374,54.31175508752981,10.703520633575408,4.137369855427588,6.56615077814782,2788.3447265625,0.0240510407096032,1,0.0082061601332419,2148112.6,0.5966661151747817,15690.349609375,0.0073284506253876,0.0733692046819365,0.0077447291534903
2021-06-04,2725.024169921875,2736.379424869507,2708.7715406778084,2711.3719613568587,1836060,0.0007958523147009,0.0795852314700917,2694.028356933594,2708.626982421875,54.67037209069756,11.08753668524787,5.527403221391644,5.560133463856225,2837.75244140625,0.0413678061019204,1,0.0081497370107424,2150332.05,0.853849525239602,15670.25,-0.0012810173052479,0.0642080169410197,0.0077646941329038
2021-06-07,2759.219970703125,2765.504321386228,2716.226470934479,2726.1079859801675,2559821,0.0125488064137906,1.2548806413790636,2696.869348144531,2709.819453125,60.00530440213435,13.989920415572216,7.219906660227759,6.770013755344456,2839.962646484375,0.0292628629245077,1,0.0084645953783089,2182696.1,1.1727793896731662,15751.650390625,0.0051945814919991,0.0626385063587586,0.0077361707962562
2021-06-08,2773.912109375,2800.653187785545,2762.687001968259,2772.04855912664,2574057,0.0053247435245733,0.532474352457335,2699.9015502929688,2711.0823486328127,62.070768843780186,17.276460948305612,9.23121751784333,8.045243430462282,2828.17431640625,0.0195616172725372,0,0.0084934382792965,2204541.3,1.1676156849499713,15740.099609375,-0.0007333060957773,0.0533885246199488,0.0076880997240236
2021-06-09,2773.99853515625,2791.1179699095774,2761.8198569692045,2775.5154470964185,1710925,3.1156640096119403e-05,0.0031156640096119,2703.9257080078123,2712.717885742188,62.08317365859127,19.66139748558089,11.317253511390843,8.344143974190048,2838.228759765625,0.0231543830306157,1,0.0082662598813817,2169306.3,0.7886968290277865,15635.349609375,-0.0066549769442125,0.0528323222312003,0.0077204056768661
2021-06-10,2788.3447265625,2794.585694473738,2767.7146781807214,2782.450396793021,1874324,0.0051716650980286,0.5171665098028688,2710.176696777344,2715.610751953125,64.17752629815394,22.45030152314075,13.543863113740828,8.906438409399925,2875.847900390625,0.0313817631638393,1,0.0077346216451989,2164094.6,0.866100770271318,15737.75,0.006549286916079,0.0708502024291497,0.007126293098
2021-06-11,2837.75244140625,2868.2640016376467,2783.316926339826,2783.7937124543178,3452954,0.017719371056627,1.771937105662702,2720.455017089844,2719.4581396484373,70.26839239098024,28.320852576876405,16.499261006367945,11.82159157050846,2858.122314453125,0.0071781712702114,0,0.0077253856204476,2234545.55,1.5452600641772554,15799.349609375,0.0039141306333496,0.0764113027573329,0.0070391392493941
2021-06-14,2839.962646484375,2868.003720504315,2834.761805496382,2842.2595999383007,1847360,0.0007788576078291,0.0778857607829142,2730.056774902344,2721.7668896484374,70.50995041585759,32.773855060230744,19.754179817140507,13.019675243090235,2837.145751953125,-0.0009918773173784,0,0.007735498354165,2182390.45,0.8464846425624708,15811.849609375,0.0007911718082738,0.0595517163258165,0.0063585358800742
2021-06-15,2828.17431640625,2858.729260748697,2818.46612109576,2858.729260748697,1304985,-0.0041508750450355,-0.4150875045035529,2738.2474853515623,2723.5068994140624,67.3661898565762,34.94880383656664,22.793104621025734,12.155699215540906,2861.5029296875,0.0117844975424288,0,0.0078923674130926,2142712.8,0.6090340245318925,15869.25,0.0036302135450976,0.050380286753781,0.0059605283694547
2021-06-16,2838.228759765625,2855.8681501125543,2819.722351048015,2827.6103771033627,1635552,0.0035551002995286,0.3555100299528657,2747.2341918945312,2725.6696923828126,68.6500744664111,37.05661042405609,25.645805781631804,11.410804642424283,2827.00390625,-0.0039548797738742,0,0.0077964117225019,2125188.35,0.7696033153955507,15767.5498046875,-0.0064086327528081,0.0490613463536897,0.0060506307398793
2021-06-17,2875.847900390625,2891.710505167781,2825.789813962305,2830.557250765002,2273413,0.0132544427560894,1.3254442756089446,2759.0506958007813,2727.309975585937,72.9397593169074,41.28668537380918,28.77398170006728,12.512703673741896,2924.25927734375,0.0168337751612486,0,0.007691519309411,2122407.65,1.0711481368812443,15691.400390625,-0.0048295020472909,0.052686700784438,0.0057747241706269
2021-06-18,2858.122314453125,2910.737448763456,2838.792479065014,2904.5830353811075,3380431,-0.0061636034141765,-0.6163603414176544,2769.096789550781,2728.150634765625,68.20414774325354,42.71633626679204,31.56245261341224,11.153883653379808,2930.501220703125,0.0253239358875545,1,0.0080135583480936,2207150.9,1.5315812797394144,15683.349609375,-0.0005130696464038,0.0334787326264598,0.0045097721725085
2021-06-21,2837.145751953125,2848.3274763254985,2818.5959573004056,2830.1245314068024,1130569,-0.0073392808956861,-0.733928089568614,2778.0509399414063,2728.4561865234373,62.99201296046787,41.67629324828204,33.5852207403862,8.091072507895838,2892.317626953125,0.0194462603699576,0,0.0083583512108243,2181066.35,0.5183560784384207,15746.5,0.0040265882096546,0.0361107139655754,0.0045403287220259
2021-06-22,2861.5029296875,2883.9099729657505,2847.460700066523,2863.930031360667,1708688,0.0085850992031717,0.8585099203171742,2786.1642944335936,2728.4561572265625,66.22006813201565,42.3295239419549,35.33408138069994,6.995442561254961,2895.871337890625,0.0120106143686102,0,0.0079614600644642,2174420.1,0.7858131922161683,15772.75,0.0016670371193598,0.0371043595790863,0.0045334053921734
2021-06-23,2827.00390625,2885.600136660066,2822.669871800225,2885.600136660066,1467104,-0.0120562600441815,-1.2056260044181588,2790.6240234375,2727.681611328125,58.44415991578738,39.60686778452509,36.18863866146497,3.4182291230601223,2900.119384765625,0.025863239295135,1,0.0081639548991482,2151587.65,0.6818704318181043,15686.9501953125,-0.0054397492312691,0.0251936904724294,0.0046924689846118
2021-06-24,2924.25927734375,2932.407175979968,2841.8258724358034,2846.593309464444,4155204,0.0344022768694221,3.44022768694221,2799.014697265625,2730.1581298828123,69.3652746656233,44.78063552296862,37.9070380337657,6.873597489202922,2896.43505859375,-0.0095149629738967,0,0.0109428546715835,2061358.6,2.0157598973803004,15790.4501953125,0.0065978407983298,0.0295087380215839,0.0048382056414041
2021-06-25,2930.501220703125,2946.8404060852245,2903.803522115531,2925.6903994090885,2722861,0.0021345382770041,0.2134538277004161,2809.295056152344,2735.2178662109377,69.91181449086143,48.82176942622391,40.08998431225734,8.731785113966566,2882.522216796875,-0.0163722859309159,0,0.0104064138972702,2109316.6,1.2908735464367938,15860.349609375,0.0044266891189239,0.0275141771161093,0.0047529529970889
2021-06-28,2892.317626953125,2939.7752998610995,2889.0671014114832,2939.7752998610995,1355238,-0.013029714330178,-1.3029714330178075,2816.9923095703125,2737.5317041015624,62.559217059549695,48.38554184984287,41.749095819774446,6.63644603006842,2878.665283203125,-0.0047202090194989,0,0.0110490686200398,2094438.55,0.6470650571247364,15814.7001953125,-0.0028782098242977,0.0148818180000773,0.0044301559442096
2021-06-29,2895.871337890625,2917.931526763228,2883.4325767119,2896.8680809773546,1497322,0.0012286724336163,0.1228672433616351,2825.133776855469,2740.32720703125,62.949762161995686,47.77585283373446,42.95444722256645,4.821405611168011,2827.78369140625,-0.0235119722321539,-1,0.0110000413641786,2100432.6,0.7128636262834618,15748.4501953125,-0.0041891404314852,0.0111462126628179,0.0045596423081218
2021-06-30,2900.119384765625,2931.5411370477004,2893.83503430921,2900.336086505501,1693146,0.0014669321870128,0.1466932187012881,2834.5083251953124,2743.7830126953127,63.44068831564736,47.09259762500278,43.78207730305372,3.310520321949064,2838.748779296875,-0.0211614065928219,-1,0.0107325922767426,2073086.0,0.8167273330677068,15721.5,-0.0017112919035373,0.0093283215974089,0.0045871952809475
2021-07-01,2896.43505859375,2914.2045988305217,2888.50386064937,2910.737371467249,990310,-0.0012704050016798,-0.1270405001679853,2843.187219238281,2747.4627294921875,62.66514744616375,45.72670957453602,44.171003757350185,1.5557058171858316,2824.489990234375,-0.024839178819464,-1,0.0107825422229161,2058516.2,0.4810795270884922,15680.0,-0.002639697229908,-0.0006596162375385,0.0043380528031398
2021-07-02,2882.522216796875,2894.8742119230924,2856.3013148622726,2887.333036170578,1682274,-0.0048034364711874,-0.4803436471187416,2851.062121582031,2751.308427734375,59.69734962165739,43.02561093496661,43.94192519287347,-0.916314257906862,2780.8466796875,-0.0352731148148302,-1,0.0109186985658166,2050826.9,0.8202905862020827,15722.2001953125,0.0026913389867666,0.00331521164707,0.0043683054134059
2021-07-05,2878.665283203125,2924.6060420136537,2862.1959545729355,2896.8682253733346,1972858,-0.0013380412373841,-0.1338041237384124,2857.034387207031,2755.237421875,58.86505554742984,40.1113695952331,43.17581407334539,-3.064444478112293,2767.80126953125,-0.0385122974590902,-1,0.0107103273733807,2021478.75,0.9759479292077644,15834.349609375,0.007133188273225,0.0052501938970928,0.0045049312950451
2021-07-06,2827.78369140625,2884.732852326244,2822.4095319025464,2871.7307511288595,2159420,-0.0176754109252529,-1.7675410925252932,2859.7279663085938,2758.298876953125,49.13311845233803,33.31209205358073,41.20306966939246,-7.890977615811735,2762.989990234375,-0.0229132452276267,-1,0.0115557722230516,2000746.9,1.079306932825936,15818.25,-0.0010167521731027,0.0049650505755665,0.004508703000602
2021-07-07,2838.748779296875,2845.466531741208,2809.8409005907183,2838.7921619597746,2640710,0.0038776261154445,0.387762611544451,2862.965478515625,2761.0413720703127,51.01270073583965,28.48010563981643,38.65847686347725,-10.178371223660823,2786.393798828125,-0.0184429777127786,0,0.0115703594293049,2047236.15,1.2898902747492027,15879.650390625,0.0038816171589777,0.01562490045656,0.0042676523539825
2021-07-08,2824.489990234375,2858.728859227549,2801.4328444405023,2858.728859227549,2485811,-0.0050229133224081,-0.5022913322408118,2864.772741699219,2763.634990234375,48.50284558251221,23.232348431570244,35.573251177095855,-12.34090274552561,2782.39794921875,-0.0149025279470479,0,0.0116114723248217,2077810.5,1.1963607845855049,15727.900390625,-0.0095562557277451,-0.0006258588028784,0.0046269356106959
2021-07-09,2780.8466796875,2844.8604586920123,2774.649094537822,2817.1226358162826,6365067,-0.015451749058333,-1.545174905833302,2861.927453613281,2765.50841796875,41.73446302872666,15.374583983402772,31.53351773835724,-16.158933754954468,2775.317626953125,-0.0019882623428186,0,0.0114211502470969,2223416.15,2.8627420917132405,15689.7998046875,-0.0024224839292732,-0.0069338173656525,0.00455974833488
2021-07-12,2767.80126953125,2804.987201866084,2763.683936648412,2804.120394943381,1892226,-0.00469116483535,-0.4691164835350037,2858.319384765625,2768.494174804688,39.940332287993606,8.002347392079628,26.82728366910172,-18.82493627702209,2766.45751953125,-0.0004854936713818,0,0.0114430217070731,2225659.45,0.8501866716401738,15692.599609375,0.0001784474449868,-0.007541812181751,0.0045538171683798
2021-07-13,2762.989990234375,2785.916987210296,2752.111522835311,2785.916987210296,1809339,-0.0017383037394479,-0.1738303739447944,2855.060168457031,2771.3604150390624,39.26982160816435,1.7513779547730337,21.812102526235982,-20.06072457146295,2784.873291015625,0.0079201520304434,0,0.0114232473629462,2250877.15,0.8038372951629101,15812.349609375,0.0076309854951284,-0.0035855752871118,0.0048188786883975
2021-07-14,2786.393798828125,2792.851467065225,2760.779615953675,2762.5132295272724,2044279,0.0084704644882787,0.8470464488278706,2852.4684204101563,2774.4747802734373,44.17893222278591,-1.2990934596246009,17.189863329063865,-18.488956788688466,2794.038330078125,0.002743521484011,0,0.0115805507895892,2271313.5,0.900042640524965,15853.9501953125,0.0026308921169333,0.0054796332781719,0.0046227292271093
2021-07-15,2782.39794921875,2807.503464302064,2774.623139694448,2803.81149550316,2232968,-0.0014340577455547,-0.1434057745554717,2847.7959228515624,2776.7165087890626,43.53191871015144,-3.993016690915738,12.953287325067944,-16.946304015983685,2790.998291015625,0.0030909819349491,0,0.0110939927690239,2269291.25,0.9839935706798324,15924.2001953125,0.0044310723280038,0.0148361394708014,0.0045468089070605
2021-07-16,2775.317626953125,2797.078563789918,2772.885229072114,2791.127895052852,1256526,-0.002544683540905,-0.254468354090509,2843.6556884765623,2778.544892578125,42.348430252053554,-6.622947874046531,9.03804028524505,-15.66098815929158,2777.70703125,0.0008609480492141,0,0.0110449159882553,2163096.0,0.5808923875778051,15923.400390625,-5.0225736783704455e-05,0.0153060913152447,0.0045412352979851
2021-07-19,2766.45751953125,2779.661695228817,2758.986627079998,2762.461421320653,1597058,-0.003192466093188,-0.3192466093188018,2840.1212768554688,2779.8260400390627,40.85172174248627,-9.314749274836686,5.367482373228703,-14.68223164806539,2765.02392578125,-0.0005182055895956,0,0.0109664238441356,2186420.45,0.7304441375857054,15752.400390625,-0.0107389122803617,0.000374711245356,0.0051440832845462
2021-07-20,2784.873291015625,2792.8652736430404,2741.742289476744,2766.456927895607,1811945,0.0066568061697529,0.6656806169752949,2836.289794921875,2781.25814453125,45.18794476604786,-9.848495105478833,2.3242868774871965,-12.172781982966027,2777.923828125,-0.002495432346256,0,0.0108839957434317,2191583.3,0.8267744146435138,15632.099609375,-0.0076369809214345,-0.0089173029829928,0.0054025787503135
2021-07-22,2794.038330078125,2801.5090094588377,2771.148041204873,2771.148041204873,2859334,0.0032910075629177,0.329100756291778,2834.6415161132813,2783.268603515625,47.26017164265109,-9.423324248654808,-0.0252353477412043,-9.398088900913605,2776.18701171875,-0.0063890742539941,0,0.0106236739592027,2261194.8,1.264523516505522,15824.0498046875,0.0122792331234495,0.0087397236344874,0.0059623191208707
2021-07-23,2790.998291015625,2815.929897607345,2785.612190203211,2805.8963866869444,1776193,-0.0010880448667341,-0.1088044866734194,2827.978466796875,2785.8220703125,46.63043321879045,-9.225335106571492,-1.865255299507262,-7.36007980706423,2751.558837890625,-0.0141309485039663,0,0.0067325939418992,2142244.25,0.8291272108677616,15856.0498046875,0.0020222383267853,0.0041543849962222,0.0057996544312632
2021-07-26,2777.70703125,2800.901239619414,2771.886793507054,2779.8353002348217,1259611,-0.004762188428567,-0.4762188428567016,2820.338757324219,2788.732490234375,43.877602815795946,-10.025354818646065,-3.4972752033350227,-6.528079615311042,2796.688720703125,0.0068335822459228,0,0.0066694162764999,2069081.75,0.6087777827048158,15824.4501953125,-0.0019929055322251,-0.0022634692769496,0.0057320254845418
2021-07-27,2765.02392578125,2788.522263282844,2746.0862555326894,2779.835278038972,1121367,-0.004566034259935,-0.456603425993507,2813.974072265625,2791.0744189453126,41.36792547520604,-11.54965953280862,-5.107752069229742,-6.441907463578877,2853.587158203125,0.0320298249849146,1,0.0062303814370147,2057388.2,0.5450439542717315,15746.4501953125,-0.0049290812026508,-0.0043156050482847,0.0058022996577104
2021-07-28,2777.923828125,2783.700587738903,2721.110824651444,2769.410541258795,1660654,0.0046653854324625,0.4665385432462532,2808.076696777344,2793.345693359375,44.824656178289146,-11.583243272519669,-6.402850309887727,-5.18039296263194,2844.0751953125,0.0238132401319837,1,0.006376455235808,2065554.8,0.8039747965050358,15709.400390625,-0.0023528988583426,-0.0024795966716218,0.005750153103527
2021-07-29,2776.18701171875,2801.943840221094,2771.4091694472813,2780.052678048742,1731997,-0.0006252210333003,-0.0625221033300316,2801.880078125,2795.699541015625,44.44472695258632,-11.616102003873491,-7.445500648684881,-4.170601355188612,2852.76220703125,0.0275828663520372,1,0.006332602565902,2067497.35,0.8377263458161143,15778.4501953125,0.0043954449546468,0.0036224403086537,0.0058222440379867
2021-07-30,2751.558837890625,2800.2494279850853,2747.12860308686,2796.340284995809,2999943,-0.008871222912637,-0.8871222912637089,2794.636267089844,2797.940361328125,39.35132369329995,-13.474109440610391,-8.651222407069984,-4.822887033540408,2875.21875,0.0449417655208761,1,0.0065020774294315,2167979.0,1.383750949617132,15763.0498046875,-0.0009760394990868,0.0052965436662946,0.005791386791779
2021-08-02,2796.688720703125,2801.466563913181,2751.16899022664,2762.4620741776803,2608669,0.0164015692454162,1.6401569245416248,2790.344592285156,2800.730126953125,50.53747692732127,-11.176157556251836,-9.156209436906355,-2.0199481193454822,2886.424560546875,0.0320864596690579,1,0.0077273712136997,2214298.75,1.178101645046767,15885.150390625,0.0077460001364197,0.0103643378972544,0.0060083766489056
2021-08-03,2853.587158203125,2858.017604673373,2796.296543772557,2805.0270047083045,3804735,0.02034493044535,2.034493044535002,2789.090686035156,2804.640615234375,60.44347771190393,-4.709497589232797,-8.266867067371644,3.557369478138847,2896.15380859375,0.01491689162823,0,0.009140473080843,2305892.6,1.6500052951295303,16130.75,0.0154609558824161,0.0187188231873767,0.006734545076062
2021-08-04,2844.0751953125,2871.222021372472,2832.999290280032,2866.7048319330083,2929598,-0.0033333353296328,-0.3333335329632869,2789.905261230469,2807.53740234375,58.33997619231499,-0.3481456794042969,-6.683122789778174,6.3349771103738775,2905.101806640625,0.0214574535260905,1,0.0082309845130814,2344401.5,1.2496144538382183,16258.7998046875,0.0079382424678022,0.0278507296753749,0.0068927867943376
2021-08-05,2852.76220703125,2879.73533608023,2834.128667861765,2844.9873983899706,2534521,0.0030544240648304,0.3054424064830474,2790.605932617188,2809.8364599609376,59.71871391268504,3.765816389100564,-4.593334954002428,8.359151343102992,2911.660400390625,0.0206460227263973,1,0.0082142955752184,2339092.05,1.0835490634068892,16294.599609375,0.0022018725316477,0.026130878737417,0.0068711180290703
2021-08-06,2875.21875,2887.5542280518885,2836.301009202592,2842.859726234978,2292362,0.0078718593906639,0.7871859390663927,2793.142370605469,2812.2119189453124,63.11689698117923,8.737495894535186,-1.9271687842949048,10.664664678830093,3008.650634765625,0.0464075593433108,1,0.0082820907452921,2329419.6,0.9840914878538842,16238.2001953125,-0.0034612335015614,0.0324455135150574,0.006488160716552
2021-08-09,2886.424560546875,2898.846991931317,2875.39213164299,2887.466956364992,1510489,0.0038973766941645,0.3897376694164567,2798.421264648437,2815.442529296875,64.71645752940526,13.427024600315235,1.143669892627123,12.283354707688112,3016.946044921875,0.0452190873647051,1,0.007345842039301,2086690.7,0.7238681803680823,16258.25,0.0012347307242392,0.0362305575844676,0.0064194726400633
2021-08-10,2896.15380859375,2910.0529844223115,2880.2567959075063,2880.2567959075063,2040777,0.003370691955667,0.3370691955667082,2804.8388916015624,2818.598154296875,66.09145856461144,17.724264603166375,4.459788834734973,13.264475768431405,3086.52978515625,0.0657340697851052,1,0.0071851155611074,2094118.25,0.9745280621091956,16280.099609375,0.0013439090538649,0.0374380290470814,0.0064092541733145
2021-08-11,2905.101806640625,2918.8272868947324,2890.2471878777355,2910.140300921831,1929707,0.0030896142395213,0.3089614239521365,2811.944482421875,2822.0393505859374,67.3516132480969,21.602862573776747,7.888403582543328,13.714458991233418,3093.044189453125,0.064693905866876,1,0.0071233686852791,2100136.65,0.9188483044662832,16282.25,0.0001320870680521,0.0297173033883844,0.0062716780049032
2021-08-12,2911.660400390625,2925.776751999888,2889.2914124559466,2889.2914124559466,1310205,0.0022576123614697,0.2257612361469707,2818.2078125,2826.019990234375,68.28205527814907,24.91865635332761,11.294454136700184,13.62420221662742,3092.1318359375,0.0619823093114373,1,0.0069850235825086,2063432.95,0.6349636900002009,16364.400390625,0.0050453954843463,0.0321970353775566,0.0063179861295236
2021-08-13,3008.650634765625,3023.0711163036794,2916.655538215404,2919.4788086544804,4363584,0.0333109707306482,3.331097073064826,2829.520446777344,2831.735859375,78.18375194861866,34.969639904505584,16.029491290261266,18.94014861424432,3159.804443359375,0.0502397343337688,1,0.0097863064047798,2169963.75,2.0109017950184653,16529.099609375,0.0100644823408473,0.0379861724069858,0.0065711306979285
2021-08-16,3016.946044921875,3035.536317803578,2985.282030878575,3005.6964431368747,2083489,0.0027571862483448,0.2757186248344867,2841.601867675781,2837.574296875,78.79352414911118,43.10756982282692,21.4451069967744,21.66246282605252,3138.78125,0.0403836208085981,1,0.009671931790948,2211311.9,0.9421958973765756,16563.05078125,0.0020540242770237,0.0401704645322866,0.006555319070648
2021-08-17,3086.52978515625,3093.2621997032534,3008.3034291964027,3024.895658268676,4336019,0.0230642972059438,2.306429720594383,2857.6054809570314,2844.1204931640623,83.0685307738323,54.54302616131554,28.064690829682625,26.47833533163292,3178.568359375,0.0298194349723699,1,0.0103687975034179,2348259.95,1.8464816895591136,16614.599609375,0.0031122785775283,0.0547344656921706,0.0058312729747727
2021-08-18,3093.044189453125,3122.9708074862524,3072.2389047937404,3104.597920810114,2631309,0.0021105917487671,0.2110591748767154,2873.014025878906,2850.503134765625,83.40579963180409,63.40052390704659,35.13185744515542,28.26866646189117,3189.73046875,0.0312592621943659,1,0.0103928159767988,2389228.15,1.1013217804251971,16568.849609375,-0.0027536023181795,0.0599247716818671,0.0054672363404102
2021-08-20,3092.1318359375,3105.596660619908,3040.444283124385,3045.6564733240275,2836148,-0.0002949694410238,-0.0294969441023806,2887.918701171875,2856.86580078125,83.15596758688166,69.54486546263206,42.01445904865075,27.53040641398131,3231.688720703125,0.045132902531406,1,0.0104602332576108,2388068.85,1.187632425254406,16450.5,-0.0071428984006249,0.0395884873369729,0.0054437276134052
2021-08-23,3159.804443359375,3190.7302007075746,3094.217694066312,3109.9412247571786,3744176,0.0218854211309387,2.188542113093872,2906.3590087890625,2864.294995117188,86.40808964740502,78.96465883513338,49.40449900594727,29.560159829186105,3215.313720703125,0.0175673141609784,0,0.0109891733245863,2486468.0,1.5058211084960675,16496.44921875,0.0027931806783987,0.0403883326522587,0.0054469413399476
2021-08-24,3138.78125,3185.8213991107027,3122.4496764479563,3176.8302851679027,2511141,-0.006653321031799,-0.6653321031799053,2924.4127197265625,2870.3155712890625,81.1653091631781,83.76789281813808,56.27717776838544,27.49071504975264,3289.282958984375,0.0479490913820053,1,0.0110968089341866,2549044.5,0.9851303105928516,16624.599609375,0.0077683620836017,0.0505641209765075,0.0055077209884294
2021-08-25,3178.568359375,3212.2304320521744,3133.439506938269,3136.0021255380566,2123263,0.0126759739548589,1.2675973954858977,2945.08994140625,2877.087685546875,83.23811453597673,89.75039092797806,62.97182040030397,26.77857052767409,3227.17138671875,0.0152908548278969,0,0.0108851967166127,2599139.3,0.8169100440288061,16634.650390625,0.0006045728309951,0.0564063763131137,0.0052486332842958
2021-08-26,3189.73046875,3203.412469252929,3168.9249713334366,3179.436307347297,1902533,0.0035116782503916,0.351167825039167,2965.6802734375,2884.31880859375,83.77750858677032,94.30516152340306,69.23848862492379,25.06667289847927,3332.97900390625,0.0449092914149535,1,0.0109015380357273,2611233.25,0.7285955783536381,16636.900390625,0.0001352598309651,0.0590410822142841,0.0051496072876027
2021-08-27,3231.688720703125,3239.811136714947,3171.705257446776,3184.648780586405,3944728,0.0131541684678981,1.3154168467898186,2988.455358886719,2892.1880078125,85.64722201276967,100.14610831068376,75.42001256207578,24.72609574860797,3337.583251953125,0.0327675529427105,1,0.010830033531149,2721869.8,1.4492713795494554,16705.19921875,0.00410526158848,0.0587351109878218,0.0051455343278084
2021-08-30,3215.313720703125,3249.2364387035072,3203.412593965281,3227.214847440969,2033114,-0.0050670102894183,-0.5067010289418361,3011.643103027344,2898.97732421875,81.69013401926773,102.27481467324696,80.79097298431003,21.48384168893693,3346.2265625,0.0407154178934201,1,0.0105539229179865,2673528.35,0.7604609840774645,16931.05078125,0.0135198365217041,0.0740973980945722,0.0055779854222323
2021-08-31,3289.282958984375,3304.615612737441,3217.180992996099,3222.3497059723213,3207480,0.0230052942594585,2.300529425945852,3036.272814941406,2907.600537109375,85.05022858399923,108.67775958175616,86.36833030379927,22.30942927795689,3314.865966796875,0.0077776853288411,0,0.0109314203442053,2703468.9,1.1864312550442138,17132.19921875,0.0118804461754233,0.0785040618098884,0.0058116331446377
2021-09-01,3227.17138671875,3315.5614573561893,3220.2652761964287,3297.5794411765964,2643336,-0.0188830128146844,-1.8883012814684408,3054.9520263671875,2915.401049804688,72.94512124116775,107.50104957627354,90.59487415829412,16.906175417979412,3278.597900390625,0.0159354764619932,0,0.0120950718900654,2645398.95,0.9992201743332512,17076.25,-0.0032657347743637,0.0586147575283231,0.0053222886880089
2021-09-02,3332.97900390625,3352.437765671095,3233.295850013439,3243.720232119877,3403717,0.0327864883851367,3.278648838513676,3079.397216796875,2924.8305712890624,78.54676048247576,113.79453627552448,95.23480658174022,18.559729693784263,3293.58349609375,-0.0118199087862025,0,0.0132335539655319,2669104.9,1.2752278863224895,17234.150390625,0.009246783727399,0.0599890888413732,0.0053954696913719
2021-09-03,3337.583251953125,3350.483297959247,3305.007056859982,3322.771899500522,1746812,0.0013814212575233,0.1381421257523385,3103.6382690429687,2935.042158203125,78.75291617758796,117.79581730830114,99.7470087270524,18.048808581248736,3340.449951171875,0.0008589146703898,0,0.0132719935436275,2629719.45,0.6642579306321059,17323.599609375,0.0051902308336972,0.0631497566474705,0.0054155577442765
2021-09-06,3346.2265625,3368.4653285384056,3313.216020086968,3344.228513568609,1723693,0.0025896913707896,0.2589691370789682,3127.1886596679688,2943.48150390625,79.15781982519727,120.2778164823544,103.8531702781128,16.424646204241597,3375.675537109375,0.0088006517369145,0,0.0133263192287686,2601286.0,0.6626310986181451,17377.80078125,0.0031287476677577,0.0701802276256249,0.0051924815956915
2021-09-07,3314.865966796875,3361.819155284344,3308.220509217382,3356.6504424908985,1585039,-0.0093719283848178,-0.9371928384817818,3148.610729980469,2951.168798828125,73.67197474627925,118.35001542038208,106.75253930656667,11.597476113815404,3435.311767578125,0.0363350440071144,1,0.0138456640437964,2605013.5,0.6084571154813593,17362.099609375,-0.0009035189246697,0.0678947370950133,0.0052611831520888
2021-09-08,3278.597900390625,3314.08431398627,3262.8311096546345,3309.7408220937587,4147175,-0.0109410355560455,-1.094103555604553,3167.7329345703124,2958.894404296875,67.81838923398767,112.5977327619812,107.9215779976496,4.6761547643316135,3390.791259765625,0.0342199204610094,1,0.0144035592711972,2710333.4,1.5301346321452556,17353.5,-0.0004953092983268,0.0659332815142528,0.0053130461590965
2021-09-09,3293.58349609375,3308.612022962336,3270.649939914643,3292.1067510212,1441148,0.0045707330262547,0.4570733026254769,3187.157019042969,2966.8486474609376,68.91732506852765,108.0032256895579,107.93790753603126,0.0653181535266327,3325.24755859375,0.0096138636040514,0,0.0143898855248426,2685905.45,0.536559468241892,17369.25,0.0009075978909154,0.0667598151361144,0.0052921820428075
2021-09-13,3340.449951171875,3346.574106093032,3272.38733704224,3272.38733704224,1691473,0.014229624095976,1.4229624095976057,3208.5964965820312,2975.6552587890624,72.12342297193271,106.9113692636679,107.73259988155858,-0.8212306178906914,3321.46875,-0.0056822288761476,0,0.0144576764669786,2704968.85,0.6253206945433031,17355.30078125,-0.0008030985074197,0.0605521966568769,0.0053490178685054
2021-09-14,3375.675537109375,3384.883826372717,3322.771881400139,3344.445867333789,1991188,0.0105451620148184,1.0545162014818477,3226.9477416992186,2985.240068359375,74.27151741069568,107.64758126388324,107.71559615802352,-0.0680148941402762,3355.738525390625,-0.0059060805754519,0,0.0131097513419756,2586349.05,0.7698837092387047,17380.0,0.001423151293159,0.0514789317466746,0.0050873246637286
2021-09-15,3435.311767578125,3457.4201024494814,3358.388471374295,3372.374602351209,2461369,0.0176664581098386,1.766645810983869,3247.8660278320312,2996.295859375,77.44088508258643,111.75493860897905,108.52346464821464,3.2314739607644185,3355.0439453125,-0.0233655131459038,-1,0.0133462210737802,2605243.05,0.9447751909366,17519.44921875,0.0080235453826236,0.0577428910972535,0.0052313008871251
2021-09-16,3390.791259765625,3458.940621955318,3381.0618779429806,3413.9854697769574,2946666,-0.0129596702787434,-1.2959670278743451,3263.0791015625,3006.53837890625,70.46255591460628,110.1478995682828,108.84835163222829,1.2995479360545374,3361.2119140625,-0.0087234345723686,0,0.0134375917326746,2535775.4,1.162037458049321,17629.5,0.0062816347635072,0.0610848539529251,0.0052881949880281
2021-09-17,3325.24755859375,3427.015500602913,3305.3977135092737,3405.2980386219065,6477148,-0.0193299133301427,-1.9329913330142776,3274.6892700195312,3016.48765625,61.65412029226509,102.4050193196299,107.5596851697086,-5.1546658500787,3362.9921875,0.0113509229737507,0,0.0144781481884827,2728067.35,2.374262497588265,17585.150390625,-0.0025156476006126,0.0613380412768642,0.0052748618170747
2021-09-20,3321.46875,3362.7319291879166,3307.873703164557,3308.87262161632,2002008,-0.0011363991784564,-0.1136399178456426,3286.156115722656,3026.1420556640624,61.17927370077544,94.87020796269826,105.02178972830652,-10.15158176560827,3333.152587890625,0.0035176720812517,0,0.0144916609002317,2686360.35,0.7452492365739392,17396.900390625,-0.010705054879733,0.0575301900018236,0.0056797562045879
2021-09-21,3355.738525390625,3363.2094166504107,3319.861238160691,3351.438510620508,1568129,0.0103176570276704,1.0317657027670402,3295.9528198242188,3036.767026367188,63.89507919880618,90.6194950166314,102.14133078597152,-11.521835769340129,3282.941650390625,-0.021693250069752,-1,0.0139475637442728,2577558.0,0.6083777746223363,17562.0,0.0094901738624639,0.0645927355105537,0.0058724799964326
2021-09-22,3355.0439453125,3385.187953993705,3346.6176119821243,3355.348074632068,1744067,-0.0002069827767776,-0.0206982776777664,3306.765954589844,3048.250971679688,63.79766202667864,86.20105546556988,98.9532757218912,-12.752220256321324,3294.017578125,-0.0181894390005719,0,0.0137837202012241,2539204.3,0.6868557209043794,17546.650390625,-0.0008740239935656,0.0554630368799999,0.0058326587945059
2021-09-23,3361.2119140625,3369.6817250496706,3331.458988287055,3361.86343798459,2003869,0.0018384166796436,0.1838416679643684,3315.8981323242188,3060.1191845703124,64.3179247805351,82.24899856128468,95.6124202897699,-13.36342172848522,3279.814697265625,-0.0242166274778239,-1,0.0136129458853903,2533234.6,0.791031750474275,17822.94921875,0.0157465283671818,0.0714351549458895,0.0064895373581769
2021-09-24,3362.9921875,3426.49391383993,3348.8323610402954,3379.2368053039554,2320754,0.0005296522453854,0.0529652245385481,3324.5612182617188,3072.119228515625,64.47660755359183,78.35736327161658,92.16140888613924,-13.804045614522664,3240.4189453125,-0.0364476737838095,-1,0.0136220490419879,2554145.65,0.9086224193988311,17853.19921875,0.0016972499684944,0.0731084997545812,0.0064565337032575
2021-09-27,3333.152587890625,3391.3988633473587,3303.573362252145,3387.9240694299947,1673362,-0.0088729315876161,-0.8872931587616151,3329.634411621094,3083.054404296875,59.68546368631808,72.03503293883114,88.13613369667763,-16.101100757846496,3277.860107421875,-0.0165886436371464,0,0.0136258480601305,2440577.35,0.6856418625699365,17855.099609375,0.0001064453827974,0.0688348804206024,0.0065003297846693
2021-09-28,3282.941650390625,3344.4890201802423,3258.705048558736,3344.4890201802423,2253075,-0.0150640980801229,-1.506409808012299,3333.0158081054688,3093.0652783203127,52.60223515990398,62.25529725999559,82.95996640934122,-20.70466914934564,3329.982177734375,0.0143287735065753,0,0.0140610483532226,2451575.4,0.9190314929738648,17748.599609375,-0.0059646824901542,0.0482869515122108,0.0063550341194942
2021-09-29,3294.017578125,3306.2663111425195,3233.425861046127,3266.132485042677,2489161,0.0033737814782839,0.3373781478283932,3333.2525390625,3103.43927734375,53.90184412971527,54.767198900572566,77.3214129075875,-22.55421400701493,3310.522705078125,0.005010637181396,0,0.0131067892066173,2415659.45,1.0304271158751288,17711.30078125,-0.0021015082285871,0.0338019395587119,0.0060148371791015
2021-09-30,3279.814697265625,3305.3978259324667,3257.706362633929,3305.3978259324667,2252412,-0.0043117198140331,-0.431171981403311,3335.884704589844,3113.706420898437,51.93532268622664,47.143334203974064,71.28579716686482,-24.14246296289076,3381.75634765625,0.0310815274032443,1,0.0123776407409097,2396113.25,0.940027354717061,17618.150390625,-0.0052593760207388,0.0317341565405167,0.0061167830806396
2021-10-01,3240.4189453125,3309.7411246713523,3235.9017557482384,3285.200393235141,1578374,-0.0120115785766705,-1.2011578576670567,3331.256701660156,3122.817333984375,46.83155100712624,37.49029379637295,64.52669649276645,-27.03640269639349,3418.892822265625,0.0550774081886233,1,0.0101537999323222,2304846.1,0.6848066775477981,17532.05078125,-0.0048869834497958,0.0172854700622231,0.005999859147478
2021-10-04,3277.860107421875,3286.8510096871387,3220.656226102049,3235.728229979652,1356860,0.0115544201972823,1.155442019728237,3328.270544433594,3132.49376953125,51.690532682061885,32.48688995530938,58.11873518527504,-25.631845229965656,3201.675048828125,-0.0232423154427025,-1,0.0105455123979719,2285348.5,0.5937212639560224,17691.25,0.0090804675811375,0.0212225171970632,0.0062066393848804
2021-10-05,3329.982177734375,3335.802415573793,3250.3225635085573,3261.0943406416723,1877966,0.0159012491699943,1.5901249169994358,3327.4583251953127,3143.273447265625,57.51178916148615,32.354509193589365,52.9658899869379,-20.611380793348538,3173.2255859375,-0.0470743035338188,-1,0.0111752766719912,2293062.15,0.8189773661389859,17822.30078125,0.0074076609199462,0.0255786106421245,0.0063533963155537
2021-10-06,3310.522705078125,3350.960658715592,3296.7104851126683,3332.327120129696,1678154,-0.0058437167581147,-0.5843716758114792,3327.241162109375,3153.929760742188,54.85419638263766,30.329757112044263,48.438663411959176,-18.10890629991492,3175.26708984375,-0.0408562717382671,-1,0.0110497463672515,2297717.9,0.7303568466781758,17646.0,-0.0098921448702895,0.0163517314732892,0.0068171849815046
2021-10-07,3381.75634765625,3387.055493405651,3318.4717883990315,3327.115296164053,1647233,0.0215173399864792,2.15173399864792,3332.3990844726563,3166.2644091796874,61.81098466502894,34.08023044912261,45.56697681939187,-11.48674637026926,3143.281005859375,-0.0705181915196675,-1,0.0117225449125574,2172720.8,0.7581429698652492,17790.349609375,0.0081803020160375,0.0251735735946638,0.0070017125408324
2021-10-08,3418.892822265625,3466.019711142976,3387.9238086943383,3409.6412690064817,2934339,0.0109814163977581,1.098141639775818,3338.66455078125,3179.0837890625,64.85182993159951,39.59271060571109,44.37212357665571,-4.77941297094462,3174.35302734375,-0.0715260195725655,-1,0.0118939986705572,2247380.35,1.3056708447237246,17895.19921875,0.0058936227604964,0.030280479511205,0.0070766031180205
2021-10-11,3201.675048828125,3264.13438170408,3179.436283975231,3261.962635608468,11845402,-0.0635345372697453,-6.353453726974534,3331.7258056640626,3187.5935498046874,43.1892263240967,26.13249278345711,40.724197418016,-14.591704634558887,3163.037841796875,-0.0120678102686879,0,0.018525597435445,2755076.8,4.299481597028439,17945.94921875,0.0028359561343596,0.0340327399072284,0.0070605905739435
2021-10-12,3173.2255859375,3220.2655276267183,3153.8970431833336,3219.396829075969,5752877,-0.0088858058537321,-0.8885805853732109,3321.603308105469,3196.026884765625,41.24595612577394,13.019459070661924,35.18324974854518,-22.163790677883256,3141.017822265625,-0.0101498499869051,0,0.0183443183208133,2943161.25,1.954659127154518,17991.94921875,0.0025632525445875,0.0352099665563867,0.0070628536808129
2021-10-13,3175.26708984375,3192.858236546606,3166.4064065140506,3170.749899527101,3545655,0.0006433529073057,0.0643352907305772,3308.60107421875,3203.598452148437,41.44954258324491,2.760199817310422,28.69863976229823,-25.93843994498781,3074.565673828125,-0.0317143135258521,-1,0.0177230762236627,2997375.55,1.182919837989604,18161.75,0.0094375978492116,0.0366621560546882,0.0071356066482385
2021-10-14,3143.281005859375,3194.2409413041028,3140.452318377293,3155.074499244516,6442299,-0.0100735097487338,-1.0073509748733889,3296.2255615234376,3209.3923291015626,39.15999690551451,-7.86073307586139,21.386765194666307,-29.247498270527696,3045.277587890625,-0.0311787007862365,-1,0.0176559782122801,3172157.2,2.0308889483787245,18338.55078125,0.0097347877407187,0.0402195627357553,0.0072892143963769
2021-10-18,3174.35302734375,3179.1835977264323,3134.577371767137,3136.31810253628,3590107,0.0098852191154572,0.9885219115457256,3288.6808349609373,3215.9978857421875,42.48363783467844,-13.613716015338014,14.386668952665444,-28.00038496800346,3040.142333984375,-0.0422796998957865,-1,0.0174965802164438,3027805.15,1.185712693566163,18477.05078125,0.0075523961327199,0.0507189515479202,0.0073086667630687
2021-10-19,3163.037841796875,3211.7349483513485,3155.248115175907,3193.370156269083,3135441,-0.0035645643220544,-0.3564564322054431,3280.759289550781,3222.2033984375,41.59255651135073,-18.86853265239597,7.735628631653162,-26.60416128404913,3031.1337890625,-0.0417016992308388,-1,0.0174974555194041,3084476.8,1.0165228021815564,18418.75,-0.0031553077349963,0.0587374524444401,0.0067654014218171
2021-10-20,3141.017822265625,3159.425962920744,3114.428120492601,3143.7593878979965,2933693,-0.0069616680648818,-0.6961668064881854,3270.0232543945312,3227.5193798828127,39.84122242026013,-24.52711097563315,1.2830807101958994,-25.81019168582905,3037.357177734375,-0.0330022465318198,-1,0.0172671794037054,3152755.0,0.9305172777459714,18266.599609375,-0.00826062521208,0.0401206929378772,0.0070123710041036
2021-10-21,3074.565673828125,3139.7995159026163,3056.07040968974,3136.883919403963,4871211,-0.0211562468593596,-2.1156246859359684,3255.9993408203127,3231.2822021484376,35.045425994012135,-33.98198491078347,-5.769932413999974,-28.21205249678349,2978.08544921875,-0.0313801150616659,-1,0.0177086829464582,3309112.2,1.4720597869120302,18178.099609375,-0.0048449082967022,0.0359868809540637,0.0071526037281931
2021-10-22,3045.277587890625,3099.893008187751,3033.222943991784,3098.5003387692245,2691670,-0.0095259262753146,-0.9525926275314678,3240.2026245117186,3234.264677734375,33.15135598000961,-43.33876211526558,-13.283698354253096,-30.055063761012484,2957.28369140625,-0.0288951972175797,-1,0.017686947428801,3343502.25,0.8050450691337205,18114.900390625,-0.0034766680845673,0.0163806319757597,0.0064344777487695
2021-10-25,3040.142333984375,3058.942308854021,3002.7601880545794,3048.889547465273,2595594,-0.0016863007584826,-0.1686300758482639,3224.0601318359377,3236.96548828125,32.816458399831745,-50.58533132366029,-20.744024948134538,-29.841306375525747,3025.73828125,-0.0047379534087462,0,0.0176589131197706,3357244.25,0.7731323093337639,18125.400390625,0.0005796333280105,0.0152466327485509,0.0064314236545196
2021-10-26,3031.1337890625,3071.518647461256,3024.518928854595,3041.491049462556,3878763,-0.0029631984072497,-0.2963198407249789,3208.959191894531,3239.354956054688,32.20189102851883,-56.40500216362125,-27.87622039123188,-28.528781772389365,3032.526611328125,0.0004595053740783,0,0.0176380458827553,3467514.3,1.1186004337458682,18268.400390625,0.0078894808897,0.0231474923294738,0.0066214078640333
2021-10-27,3037.357177734375,3056.070030896145,3031.482212206842,3031.482212206842,2510813,0.0020531553883669,0.2053155388366923,3196.679968261719,3239.9290869140623,33.1335204763849,-59.82532862949665,-34.26604203888484,-25.55928659061181,3039.533447265625,0.0007165010250369,0,0.0175177516616369,3480401.2,0.721414818498511,18210.94921875,-0.0031448386638428,0.0260499205318025,0.0064903122469132
2021-10-28,2978.08544921875,3061.9452338402966,2972.297604765382,3061.9452338402966,2424942,-0.0195142438137081,-1.9514243813708143,3180.8833618164062,3239.151875,29.040573102190123,-66.5515305156373,-40.72313973423533,-25.828390781401964,3053.807373046875,0.0254263771538152,1,0.0177749471390091,3477190.25,0.6973854824308219,17857.25,-0.0194223384240636,0.0082404573527714,0.007958555204092
2021-10-29,2957.28369140625,3012.3342965071097,2947.0133383911043,2959.2855740900413,3960501,-0.0069849432352443,-0.6984943235244345,3164.7568115234376,3236.566953125,27.74520373470904,-72.72232429163796,-47.12297664571586,-25.5993476459221,3048.67236328125,0.0309029100388886,1,0.0177805397441992,3562594.7,1.111690027495971,17671.650390625,-0.0103935157639054,0.0030366411237168,0.0082302515441758
2021-11-01,3025.73828125,3034.9642397600896,2970.513637481384,2992.2727731263512,2020718,0.0231477926999956,2.314779269999568,3154.0227783203127,3235.2208349609373,37.60808835614303,-71.26748234180423,-51.95187778493353,-19.315604556870696,3051.239990234375,0.0084282600191842,0,0.0187626858461282,3584711.9,0.5637044360524482,17929.650390625,0.0145996550575078,0.0226784427181914,0.0087362456900292
2021-11-02,3032.526611328125,3058.115477593055,3019.949875757492,3041.056233416435,3087414,0.0022435285035031,0.2243528503503178,3141.756103515625,3234.02873046875,38.50453699008065,-68.77396465588117,-55.31629515912306,-13.457669496758117,3032.614013671875,2.8821624655561703e-05,0,0.0184895313321865,3671239.6,0.8409731688446594,17888.94921875,-0.0022700482713416,0.0111749717374407,0.0085614409979817
2021-11-03,3039.533447265625,3063.5989646219014,3016.729917190848,3049.9342708836666,1537639,0.0023105604123392,0.2310560412339235,3127.2336669921874,3231.623310546875,39.471260823462025,-65.47765517296875,-57.348567161892205,-8.129088011076547,3036.00830078125,-0.0011597656500691,0,0.0179731349941815,3654223.25,0.4207840886568712,17829.19921875,-0.0033400508475575,0.0003870677296198,0.0084475823206623
2021-11-04,3053.807373046875,3057.811138748893,3050.630624440296,3057.549986639362,328991,0.0046960910379489,0.469609103794899,3114.397900390625,3229.9238330078124,41.48917072916251,-61.01023166764708,-58.08090006304318,-2.929331604603896,3068.95166015625,0.0049591494352392,0,0.0180826258386027,3586765.1,0.0917235979573906,17916.80078125,0.0049133761659847,0.0153462983820695,0.0081744764372646
2021-11-08,3048.67236328125,3088.056397094248,3029.915946668684,3088.056397094248,2526082,-0.0016815106974156,-0.1681510697415622,3097.743701171875,3227.3259130859374,40.96013615056994,-57.22447064999369,-57.90961418043329,0.6851435304395963,3092.66943359375,0.0144315508751968,0,0.0170850392104863,3630707.55,0.6957547434521406,18068.55078125,0.0084697040421863,0.0156377574349857,0.0081884844087224
2021-11-09,3051.239990234375,3076.7417393701817,3042.797488214472,3053.241873185459,1782692,0.0008422115095245,0.084221150952457,3079.3610595703126,3224.556103515625,41.36275876966776,-53.40146290884786,-57.00798392611621,3.606521017268342,3095.3671875,0.0144620539213093,0,0.0167317520883109,3573125.2,0.4989167466060243,18044.25,-0.0013449214352717,0.0083290931510742,0.0081114823997653
2021-11-10,3032.614013671875,3063.4248618840948,3029.0454307612417,3044.537976398456,1516489,-0.0061043957938783,-0.6104395793878337,3070.9080078125,3220.574609375,39.27061129947381,-51.28349813192335,-55.86308676727764,4.579588635354284,3065.339111328125,0.0107910527052621,0,0.0097078546990972,3056679.55,0.4961229907138941,18017.19921875,-0.0014991358050348,0.0039702553000404,0.0081021762318298
2021-11-11,3036.00830078125,3055.025868233188,2990.5752730659246,3028.8713475755,1284514,0.0011192611700903,0.1119261170090313,3064.0471435546874,3216.9885009765626,39.86751756226442,-48.76892734775083,-54.44425488337228,5.675327535621449,3025.12841796875,-0.003583614316766,0,0.0096278213786056,2833261.4,0.4533693926017557,17873.599609375,-0.007970140510272,-0.0065779203762793,0.0082828211963538
2021-11-12,3068.95166015625,3076.001491709849,3033.832334714238,3051.500793099573,1747259,0.0108508792174655,1.0850879217465526,3058.7313720703123,3212.581875,45.46960475543487,-43.61509048866719,-52.27842200443126,8.663331515764071,3010.0712890625,-0.0191858255241309,0,0.0100459349069121,2743341.6,0.6369090163616518,18102.75,0.0128206066843303,-0.003248585626385,0.0085231461016805
2021-11-15,3092.66943359375,3106.856432182133,3070.649146366676,3070.649146366676,1809157,0.0077282981499593,0.7728298149959345,3056.200793457031,3209.8918359375,49.143114583575176,-37.188129934671,-49.260363590479216,12.07223365580822,3015.163330078125,-0.0250612311402325,-1,0.010049267605006,2511684.5,0.7202962792500411,18109.44921875,0.0003700663573213,-0.0124928935351992,0.0082040499636263
2021-11-16,3095.3671875,3112.034811133801,3082.8340116924446,3106.333875700264,2013204,0.000872305936401,0.0872305936401085,3052.251501464844,3205.139599609375,49.55934743515692,-31.51376018691417,-45.711042909766206,14.197282722852036,2996.929443359375,-0.0318016371492679,-1,0.0097440681681614,2432839.35,0.8275121002132755,17999.19921875,-0.0060879819517564,-0.0258618958272772,0.0080566234630274
2021-11-17,3065.339111328125,3100.9807362432443,3051.84845073497,3090.318762548654,1632914,-0.0097009738596238,-0.9700973859623874,3047.366564941406,3199.694716796875,45.131652482737735,-29.10429982062305,-42.38969429193757,13.285394471314518,2999.19189453125,-0.0215790861612747,-1,0.0099170557167705,2357713.0,0.692583872591787,17898.650390625,-0.005586294529162,-0.0282375084832032,0.0081046255433432
2021-11-18,3025.12841796875,3064.425535995087,3004.152743208787,3059.4642841407654,2136598,-0.0131178613194129,-1.311786131941295,3041.5720947265627,3193.27275390625,39.98055605941257,-30.0925636783154,-39.93026816921314,9.837704490897742,3000.018798828125,-0.0083003481741397,0,0.0101866945059603,2317858.25,0.9217983886633274,17764.80078125,-0.0074781956434608,-0.0274708396119582,0.0080715867494086
2021-11-22,3010.0712890625,3060.16085491759,2994.317804519924,3027.4785951812783,3167936,-0.0049773519751469,-0.4977351975146926,3038.347375488281,3187.1768603515625,38.22137693494047,-31.72504776813548,-38.289224088997614,6.564176320862131,3048.01953125,0.0126070908437916,0,0.0091619184575826,2232694.5,1.4188846705180669,17416.55078125,-0.0196033721001568,-0.0418937537195717,0.0090251717955042
2021-11-23,3015.163330078125,3029.698389726688,2966.0312458584126,2998.4087961663104,2153461,0.0016916679130249,0.1691667913024996,3036.841662597656,3181.9081689453124,39.195759509865184,-32.236317811412846,-37.07864283348066,4.8423250220678185,3071.64990234375,0.0187341666377196,0,0.0089547888115432,2205784.05,0.9762791602378302,17503.349609375,0.0049836979327988,-0.0337595442460448,0.0091545338100435
2021-11-24,2996.929443359375,3040.230125174157,2980.131347413317,3022.0829202611835,2161746,-0.0060473960189338,-0.6047396018933893,3034.681018066406,3175.975087890625,36.948466284306704,-33.72407512987684,-36.4077292927599,2.683654162883066,3113.99267578125,0.039061057203487,1,0.0090389558206261,2184091.65,0.9897689046153352,17415.05078125,-0.0050446817378146,-0.0391908368403499,0.0091679815111635
2021-11-25,2999.19189453125,3014.075227111931,2988.8781925600256,2997.451163819664,1849619,0.0007549230686387,0.0754923068638779,3033.083923339844,3169.1499267578124,37.427853401111406,-34.324896580718814,-35.99116275035169,1.6662661696328769,3170.65380859375,0.0571693709812783,1,0.009027684793605,2082634.45,0.8881150506273436,17536.25,0.006959452503032,-0.040077421940058,0.0091176307117665
2021-11-26,3000.018798828125,3037.574977522078,2969.5993607935234,2981.0012315223835,1941251,0.0002757090329508,0.0275709032950821,3031.217004394531,3161.636791992188,37.61454928255502,-34.338494849511335,-35.660629170183626,1.3221343206722906,3168.521484375,0.0561672098897165,1,0.0090100536461713,2054156.35,0.9450356590431882,17026.44921875,-0.0290712541877539,-0.0650432871879318,0.0109478356960669
2021-11-29,3048.01953125,3071.8241091591503,2964.8560774978537,3000.2799056225817,2981745,0.0160001438793067,1.6000143879306703,3034.7137084960937,3153.890947265625,47.42159860883469,-30.128708629304583,-34.554245062007816,4.4255364327032325,3077.9599609375,0.0098229126751105,0,0.0085709303588261,2081996.5,1.4321565862382573,17053.94921875,0.0016151341742889,-0.0449845738425569,0.0103092632642814
2021-11-30,3071.64990234375,3101.764629552227,3038.44554802296,3038.44554802296,5588446,0.0077526967434027,0.7752696743402732,3040.432019042969,3147.5081201171874,51.466466271103,-24.602052117341373,-32.56380647307453,7.961754355733156,3119.824462890625,0.015683610462936,0,0.0084634203555925,2163393.75,2.5831848686814407,16983.19921875,-0.004148599194972,-0.0389579443151631,0.010142793297315
2021-12-01,3113.99267578125,3124.6110887936125,3076.7410024750475,3076.7410024750475,2102118,0.0137850258928242,1.3785025892824263,3044.8447387695314,3143.283022460937,57.74009606353888,-16.613914209907307,-29.373828020441085,12.759913810533778,3156.72802734375,0.013723651919566,0,0.0074232104492688,2167463.75,0.9698515142410108,17166.900390625,0.0108166411704213,-0.042541264518957,0.0098492263253054
2021-12-02,3170.65380859375,3175.092756819471,3110.772843260999,3123.9152323855865,3152938,0.0181956538476073,1.8195653847607351,3051.7510986328125,3140.2667236328125,64.37613139718601,-5.646092842004691,-24.628280984753808,18.98218814274912,3134.83837890625,-0.0112959130354836,0,0.0083147682196729,2170739.95,1.452471540867896,17401.650390625,0.0136745711024337,-0.0272402152952754,0.0104630311756462
2021-12-03,3168.521484375,3190.715800719207,3160.16610454034,3173.7436764559898,2486263,-0.0006725187760866,-0.067251877608665,3058.200500488281,3136.5223828125,63.969029975177264,2.8411725979276525,-19.13439026821752,21.975562866145168,3165.344482421875,-0.0010026764750663,0,0.0083405727307081,2218171.15,1.1208616611932762,17196.69921875,-0.0117776858673942,-0.035475513635791,0.0107155091320819
2021-12-06,3077.9599609375,3183.796473257268,3065.426784803744,3168.5215187563167,1849642,-0.0285816346469759,-2.858163464697594,3059.4081298828123,3130.980703125,49.61776697932798,2.2340804308041697,-14.86069612841318,17.09477655921735,3141.71435546875,0.0207131981378443,1,0.0107651125485487,2294203.7,0.8062239634606115,16912.25,-0.0165409195759996,-0.0560675308898487,0.0110810424531432
2021-12-07,3119.824462890625,3131.574394610258,3067.4285135724954,3100.6764260141867,1484458,0.0136013796424998,1.3601379642499856,3062.9657348632813,3126.1529541015625,54.679528397396616,5.072597202899033,-10.874037462150737,15.94663466504977,3154.0302734375,0.0109640176727066,0,0.0111417308206606,2242122.5,0.6620771166606642,17176.69921875,0.0156365485816494,-0.0493593301033022,0.0115704936865361
2021-12-08,3156.72802734375,3173.743712566218,3134.185649600943,3134.185649600943,1428660,0.0118287310366598,1.1828731036659823,3068.24013671875,3122.027670898437,58.62558404709608,10.182573066722853,-6.662715356376019,16.84528842309887,3107.5087890625,-0.0155918526572166,0,0.0113905256418018,2224420.9,0.6422615432178326,17469.75,0.0170609485278816,-0.0318383972733696,0.0123686278146415
2021-12-09,3134.83837890625,3163.5604352688256,3103.722817846793,3142.018892996894,1567957,-0.0069342839319354,-0.6934283931935403,3073.351354980469,3118.06138671875,55.536683804177,12.323891910126347,-2.865393903075545,15.189285813201897,3117.30029296875,-0.0055945742069226,0,0.011422160723268,2226994.3,0.7040687082135775,17516.849609375,0.0026960665936832,-0.0277706653126363,0.0124049403276355
2021-12-10,3165.344482421875,3169.8703393647284,3111.6429873202883,3120.259518567422,1510718,0.009731316204655,0.973131620465506,3079.8181640625,3115.709443359375,58.79504191338757,16.294655479166067,0.9666159733727776,15.32803950579329,3119.69384765625,-0.0144220115754025,0,0.0115597761058823,2238304.5,0.6749385528197794,17511.30078125,-0.0003167708948091,-0.0202700539366993,0.0123071064409829
2021-12-13,3141.71435546875,3187.278068783452,3134.7949930935406,3176.833684068705,1883864,-0.0074652623385386,-0.7465262338538614,3083.456298828125,3112.66337890625,55.40790544409765,17.334934125552536,4.240279603808729,13.094654521743806,3095.802490234375,-0.0146136344809504,0,0.0115598697997935,2245134.75,0.8390872752737892,17368.25,-0.0081690551168631,-0.0405739459474389,0.0119609961292919
2021-12-14,3154.0302734375,3163.7783237110075,3113.035976873672,3137.6673609293484,1747007,0.0039201265854458,0.3920126585445826,3086.5243408203123,3110.1476904296874,56.80464195213019,18.93488453688905,7.179200590424795,11.755683946464265,3140.5390625,-0.0042774513139964,0,0.0114783799383846,2242027.25,0.7792086380752062,17324.900390625,-0.0024959111813221,-0.0433226222757068,0.0119482608580887
2021-12-15,3107.5087890625,3153.3334364504094,3096.8901625623257,3150.722340588044,1603233,-0.0147498534705874,-1.4749853470587435,3087.1314208984377,3107.4894873046874,50.38475706705984,16.26150921629096,8.995662315598029,7.265846900692932,3160.07861328125,0.0169170315475148,0,0.0120100292749986,2221528.7,0.7216800755263706,17221.400390625,-0.0059740603216401,-0.0432129684588832,0.0119463086260959
2021-12-16,3117.30029296875,3140.6694726505343,3107.203970979604,3117.648354075334,2072320,0.0031509175261912,0.3150917526191232,3089.729479980469,3104.278291015625,51.623992878043,14.762756678813275,10.14908118824108,4.613675490572197,3187.88671875,0.0226434475820189,1,0.0117905786130376,2243499.0,0.9236999882772402,17248.400390625,0.0015678167505297,-0.0363295547881414,0.0119447355915678
2021-12-17,3119.69384765625,3178.0083208796227,3110.424330014637,3135.490892346272,4333992,0.0007678293595578,0.0767829359557881,3094.457751464844,3100.0725244140626,51.94000315556241,13.611222652398284,10.84150948107252,2.769713171325764,3195.0234375,0.0241464686992742,1,0.0113207220190336,2353368.7,1.8416119837065903,16985.19921875,-0.01525945397337,-0.0438846217359688,0.0122625849710942
2021-12-20,3095.802490234375,3138.5375147693103,3055.112909309398,3123.741303523864,2312310,-0.0076582378235043,-0.7658237823504388,3098.7443115234373,3095.7781201171874,48.53213533217816,10.64804671027241,10.8028169269125,-0.1547702166400881,3216.95703125,0.0391351003165749,1,0.0114181704287687,2310587.4,1.000745524709431,16614.19921875,-0.0218425462793778,-0.0460683388219315,0.0124390868956965
2021-12-21,3140.5390625,3169.173995034654,3104.0706300032657,3118.214065713996,2340989,0.0144507191291256,1.4450719129125655,3105.013098144532,3090.9537744140625,54.54607081120105,11.773854267286424,10.997024394987283,0.7768298722991389,3226.052490234375,0.0272289011639621,1,0.0117820016024602,2319963.8,1.009062727616698,16770.849609375,0.009428705444209,-0.0418491326715924,0.0126142039952487
2021-12-22,3160.07861328125,3165.344365511799,3138.7546647787667,3154.203647877505,1224328,0.0062217187534983,0.6221718753498306,3113.170556640625,3085.777490234375,56.91413765335163,14.080432851288151,11.613706086247458,2.466726765040693,3215.73876953125,0.0176135353139856,0,0.011653884791717,2273092.9,0.5386176693438267,16955.44921875,0.0110071709945933,-0.0263910549715326,0.0129211785518995
2021-12-23,3187.88671875,3194.6756101132755,3159.4258179297617,3175.092392233545,1792861,0.0087998144577408,0.8799814457740807,3122.6052978515627,3085.5017236328126,60.10006742241151,17.94543094906703,12.880051058811372,5.06537989025566,3249.72607421875,0.0193982286462794,0,0.0117211779061931,2270255.0,0.7897178951263184,17072.599609375,0.0069093062126275,-0.0264395404162806,0.0129195050866964
2021-12-24,3195.0234375,3224.7029749788608,3172.3070339161004,3207.295671470203,2209923,0.0022386989813736,0.2238698981373632,3132.355529785156,3085.9376806640626,60.89916407959626,21.33836792369084,14.571714431787267,6.766653491903572,3253.730224609375,0.018374446465817,0,0.0117043049397572,2283688.6,0.9676989235747816,17003.75,-0.0040327548791804,-0.0013331739611922,0.011178440040993
2021-12-27,3216.95703125,3220.351370671129,3179.531326131389,3195.1107788469503,1534135,0.0068649242107476,0.6864924210747692,3140.8024047851563,3086.771479492188,63.3298861642982,25.50316798445056,16.758005142319927,8.745162842130629,3322.8369140625,0.0329130547234441,1,0.011352230395639,2211308.1,0.6937680913844615,17086.25,0.0048518709108285,0.0018940352662999,0.0112264911478175
2021-12-28,3226.052490234375,3242.110687247403,3214.998893611058,3229.0552079698964,1456218,0.0028273486080232,0.282734860802325,3148.522534179688,3088.426909179688,64.32041820437064,29.20111726175446,19.24662756620684,9.954489695547627,3381.152099609375,0.0480772119624537,1,0.0112915377038984,2004696.7,0.7264031511599734,17233.25,0.0086034091740434,0.0147234203655772,0.0113308667275822
2021-12-29,3215.73876953125,3237.715494300175,3207.296268256941,3213.606416952969,1456923,-0.0031970095757417,-0.319700957574176,3153.609838867188,3089.2546240234374,62.26648621742593,30.9428477532756,21.58587160362059,9.356976149655011,3360.43701171875,0.0449968895354619,1,0.0110351348124408,1972436.95,0.7386411007966567,17213.599609375,-0.0011402602889762,0.0027203058028753,0.0110869262975527
2021-12-30,3249.72607421875,3255.1658567333443,3202.943944593237,3204.119022612992,1966475,0.0105690502628901,1.0569050262890125,3157.5634521484376,3090.988388671875,66.10734890759423,34.666064349871704,24.201910152870813,10.464154197000893,3313.872802734375,0.019739118636652,0,0.0105552479866174,1913113.8,1.027892329248788,17203.94921875,-0.0005606259494814,-0.0113610587178276,0.0106232127659972
2021-12-31,3253.730224609375,3272.573548475662,3247.5941067076774,3257.6033077203024,1207141,0.001232150125634,0.1232150125634046,3161.8238891601563,3093.24263671875,66.5394770943407,37.50747892993422,26.86302390828349,10.644455021650728,3353.952880859375,0.0308023865936926,1,0.0105452379942746,1849157.7,0.6528058693966448,17354.05078125,0.0087248317576065,0.0091501026155318,0.0104675134053771
2022-01-03,3322.8369140625,3333.4988883136334,3259.5178424894407,3263.869668714393,2346158,0.0212392191984576,2.123921919845761,3174.067736816406,3098.2080615234377,72.9497047747065,44.81900713074583,30.454220552775965,14.364786577969866,3376.88720703125,0.0162663092913182,0,0.0088416779791069,1873983.5,1.2519629975397328,17625.69921875,0.0156533158122078,0.0421853519638131,0.0101792298625837
2022-01-04,3381.152099609375,3384.98162249956,3317.5718625357454,3334.4570793497937,2488606,0.0175498187407514,1.7549818740751455,3187.134118652344,3104.9255517578126,76.96073243188296,54.68857813363093,35.30109206894696,19.38748606468397,3408.263671875,0.0080184420774083,0,0.0091103549718458,1924190.9,1.2933259376707371,17805.25,0.0101868742352642,0.0365932227865919,0.0098664292069027
2022-01-05,3360.43701171875,3368.3138605317376,3318.180732029534,3363.9620338385444,1733031,-0.0061266359159111,-0.6126635915911116,3197.3195678710936,3111.3314453125,72.82948967048605,60.14543070434775,40.26995979602712,19.87547090832063,3359.52294921875,-0.0002720070326605,0,0.0091898241284948,1939409.45,0.8935869627736422,17925.25,0.006739585234692,0.0260736415804461,0.0092812382059127
2022-01-06,3313.872802734375,3337.851412747996,3283.0183908436607,3317.833007925778,1810293,-0.0138565933008096,-1.3856593300809683,3206.2712890625,3116.986225585937,64.4539774048832,60.02080074015157,44.22012798485201,15.80067275529956,3392.5966796875,0.0237558535403554,1,0.009706317250904,1951526.25,0.9276293362694968,17745.900390625,-0.0100054174627969,0.0130760260182523,0.0096114429500532
2022-01-07,3353.952880859375,3363.874960866469,3304.254934309088,3324.795641594086,2460591,0.0120946338350489,1.209463383504894,3215.701708984375,3123.3181396484374,67.87822144835613,62.43642964153514,47.86338831618864,14.573041325346502,3453.740234375,0.0297521632116837,1,0.0098086604158176,1999019.9,1.2308987019088704,17812.69921875,0.0037641836511315,0.0172116532783628,0.0096321560041462
2022-01-10,3376.88720703125,3462.313484143397,3360.480734609768,3462.313484143397,3937092,0.0068379989184579,0.6837998918457933,3227.4603515625,3131.2941748046874,69.67821351255735,65.44700902081331,51.380112457113576,14.066896563699736,3498.128662109375,0.0359033179508274,1,0.0095271837045622,2101681.3,1.873305909892237,18003.30078125,0.0107003189218717,0.0365638899284614,0.009621432079737
2022-01-11,3408.263671875,3416.1840817490493,3356.128871139957,3356.128871139957,1906106,0.0092915347537871,0.929153475378719,3240.172021484375,3140.3137744140627,71.99068409935995,69.56285605455514,55.016661176601886,14.546194877953257,3473.2802734375,0.0190761654090958,0,0.0096102845743072,2109636.25,0.9035235339741626,18055.75,0.0029133112526023,0.0421849241782932,0.0095689788788648
2022-01-12,3359.52294921875,3419.665276673529,3339.200046881566,3416.183815460321,3203744,-0.0143007488119122,-1.4300748811912234,3252.7727294921874,3146.9894677734374,63.84510983592847,68.10663461776267,57.634655864834045,10.47197875292862,3413.16259765625,0.0159664479892818,0,0.009564763588127,2189661.8,1.4631227525638892,18212.349609375,0.0086731157318304,0.0575417327437235,0.0094776333127312
2022-01-13,3392.5966796875,3414.442932824278,3356.9988253640686,3410.091106501536,6684507,0.0098447699178365,0.984476991783656,3266.537548828125,3154.190869140625,66.60623853398297,68.8279366677225,59.87331202541174,8.954624642310755,3336.348388671875,-0.0165797164609635,0,0.0096520536424532,2420271.15,2.761883518712356,18257.80078125,0.0024956237305924,0.0585213914197886,0.0094733269769468
2022-01-14,3453.740234375,3461.4430528434973,3359.653866015669,3375.146411994142,3348123,0.0180226417875088,1.8022641787508893,3283.2398681640625,3162.4750048828123,71.01348899281382,73.4862439278877,62.59589840590694,10.890345521980764,3342.408203125,-0.0322352069625604,-1,0.0100827159523037,2370977.7,1.4121275792682486,18255.75,-0.0001123235637506,0.0748034076543202,0.0085015727452729
2022-01-17,3498.128662109375,3518.886959817252,3448.648521569268,3475.10754208303,3442604,0.0128522774505672,1.285227745056727,3303.3561767578126,3171.3614306640625,73.72464633956491,79.83942198314799,66.04460312135515,13.794818861792834,3288.220458984375,-0.0600058555303181,-1,0.0097492597616992,2427492.4,1.418172926102673,18308.099609375,0.0028675682661627,0.1019549825015546,0.0060418513035815
2022-01-18,3473.2802734375,3517.755818179657,3464.0543151392512,3511.010486284599,2389041,-0.0071033375475936,-0.7103337547593624,3319.993237304688,3179.853588867188,69.78949029730333,81.92492453144314,69.22066740337274,12.704257128070395,3286.955322265625,-0.0536452392272591,-1,0.0099747496520731,2429895.0,0.9831869278302148,18113.05078125,-0.0106536905679234,0.0800317934474055,0.0068600722850742
2022-01-19,3413.16259765625,3498.0416342208123,3409.5443196960337,3498.0416342208123,3102539,-0.0173086163650569,-1.7308616365056984,3332.6474365234376,3187.092041015625,61.26875714119186,77.8295358726973,70.94244109723766,6.887094775459644,3181.76220703125,-0.0677964743853393,-1,0.0111529817399743,2523805.55,1.2293098412435142,17938.400390625,-0.0096422404339412,0.0579725820999195,0.0072723544033301
2022-01-20,3336.348388671875,3417.8268980433213,3322.7903848069127,3409.107951874844,6176776,-0.022505288507826,-2.250528850782607,3340.070520019531,3193.166728515625,52.456097797213054,67.60632255016662,70.27521738782346,-2.668894837656836,3217.335693359375,-0.0356715430908209,-1,0.0125421101204343,2743001.3,2.251831233182427,17757.0,-0.010112406160797,0.0400876495837914,0.0077520991002446
2022-01-21,3342.408203125,3358.1459444240563,3288.0020610960582,3319.3029944689906,3112358,0.0018163014611125,0.1816301461112557,3347.439758300781,3199.2947265625,53.03006923242298,59.30964406239127,68.08210272273703,-8.772458660345762,3257.61669921875,-0.0253683867299553,-1,0.0125426689587935,2788123.05,1.116291477881509,17617.150390625,-0.0078757453046686,0.0360744183268397,0.0079543785206569
2022-01-24,3288.220458984375,3356.4896498685425,3260.973747148441,3348.0759503995805,3258414,-0.0162121861985504,-1.6212186198550471,3351.0029296875,3203.6801025390623,47.50701136075728,47.81083495605208,64.02784916940004,-16.217014213347966,3313.766357421875,0.0077689129290894,0,0.0131504940485713,2874337.0,1.1336228145829803,17149.099609375,-0.0265679051873833,0.0036783735094008,0.010126719859654
2022-01-25,3286.955322265625,3321.395158492782,3245.365992989606,3286.6066495763694,3330501,-0.0003847481440282,-0.0384748144028224,3354.0480712890626,3207.5658203125,47.38293175614168,38.15602107516133,58.85348355055231,-20.69746247539097,3362.200439453125,0.0228920413605242,1,0.0131489096755418,2968051.15,1.1221171171527822,17277.94921875,0.0075134912216943,0.0025937776536637,0.0100821367041271
2022-01-27,3181.76220703125,3255.1320717987264,3160.7060320416385,3253.0396093535915,5718297,-0.0320032081123231,-3.200320811232316,3352.3492431640625,3209.293720703125,38.40183781080412,21.76540817456862,51.43586847535557,-29.67046030078695,3334.6484375,0.0480508034607025,1,0.0150719554465469,3181119.85,1.7975735808885038,17110.150390625,-0.0097117329146276,-0.0060097377130614,0.010320488068095
2022-01-28,3217.335693359375,3251.9935142882946,3178.9286819330778,3178.9286819330778,3143862,0.0111804352473332,1.1180435247333254,3350.7297241210936,3212.33365234375,42.379330646028045,11.513492040170604,43.451393188318576,-31.93790114814797,3326.19140625,0.0338341171906011,1,0.0150960229641536,3239989.2,0.9703310122144851,17101.94921875,-0.0004793161771092,-0.0059288712552599,0.0103203754838084
2022-01-31,3257.61669921875,3276.5804096792403,3244.668977275617,3268.7333570749,2739393,0.0125199884931235,1.2519988493123524,3350.9240478515626,3216.98341796875,46.5852542243049,6.563455740860718,36.073805698827,-29.510349957966284,3294.889892578125,0.0114418597400713,0,0.0153684889908635,3316601.8,0.825963792216479,17339.849609375,0.0139107178709299,-0.000818320290404,0.0106184780805197
2022-02-01,3313.766357421875,3320.1748683247147,3257.747125465504,3287.042871214332,2105169,0.017236422632715,1.7236422632715076,3350.4705200195312,3223.0573193359373,51.8602093464344,7.089599969960091,30.27696455305362,-23.18736458309353,3263.894287109375,-0.0150499657891695,0,0.0151034809589455,3304552.35,0.6370511878863108,17576.849609375,0.0136679386118703,-0.0027714990916805,0.0104728463716971
2022-02-02,3362.200439453125,3369.00126096906,3313.766644280028,3337.525775843539,1984212,0.0146160220145792,1.4616022014579233,3349.5229370117186,3229.9980615234376,55.90533733479951,11.28471552550809,26.47851474754452,-15.193799222036423,3278.8037109375,-0.0248042108189093,-1,0.0149371076558695,3279332.65,0.6050657898337944,17780.0,0.0115578385853996,-0.0014181210597997,0.0105478455511823
2022-02-03,3334.6484375,3385.1310537087656,3327.193695504169,3357.666371624586,1960538,-0.0081946339753635,-0.8194633975363574,3348.233508300781,3236.75244140625,53.16837855330393,12.245005727747866,23.63181294358519,-11.386807215837322,3287.348388671875,-0.014184418452095,0,0.0149875521290417,3290708.0,0.5957799962804357,17560.19921875,-0.0123622486642295,-0.0203651709878522,0.0107663240865456
2022-02-04,3326.19140625,3334.7360179114785,3286.171519848865,3326.5402918909444,2307366,-0.0025361088008246,-0.2536108800824665,3348.8494384765627,3243.292431640625,52.32164679805837,12.18319064998468,21.342088484865087,-9.158897834880406,3221.60693359375,-0.0314427102600689,-1,0.0146578821958435,3315561.65,0.6959201015007518,17516.30078125,-0.0024998826581151,-0.0129381775126099,0.0105638168279986
2022-02-07,3294.889892578125,3340.9259728140128,3274.9670146178178,3305.352628410604,1919149,-0.0094106170838691,-0.9410617083869144,3345.8962890625,3249.189853515625,49.198608306267815,9.498933408396624,18.9734574695714,-9.474524061174767,3255.4365234375,-0.011974108521652,0,0.0145344751749821,3288489.55,0.5835958943521654,17213.599609375,-0.0172811129276234,-0.0336332861189491,0.0111389704780188
2022-02-08,3263.894287109375,3312.938365711903,3244.3202929778845,3305.832508802573,2946443,-0.0094071748918131,-0.9407174891813196,3340.2466430664062,3253.5073486328124,46.25440051941482,4.8150489975837445,16.141775775173862,-11.326726777590116,3328.718994140625,0.0198611539862896,0,0.0145398511146742,3238957.1,0.909688800756268,17266.75,0.0030876976246183,-0.0409119855408459,0.010820242746181
2022-02-09,3278.8037109375,3293.974593822682,3266.204874886914,3269.605179127238,1638721,0.0045679861284138,0.4567986128413803,3333.773645019531,3257.650424804688,47.87041528225431,2.2798223828363007,13.36938509670635,-11.08956271387005,3324.621826171875,0.013974034213007,0,0.0143912392018435,3225587.85,0.5080379379529223,17463.80078125,0.0114121523303458,-0.0327845267435581,0.0111853490449579
2022-02-10,3287.348388671875,3304.3066986400545,3276.580403583315,3304.3066986400545,2112459,0.0026060351541847,0.2606035154184782,3330.1649169921875,3261.1175390625,48.82018997330262,0.949179556555464,10.885343988676174,-9.93616443212071,3299.423583984375,0.0036732326132851,0,0.0141143825305873,3171023.6,0.6661757421168357,17605.849609375,0.008133901085124,-0.0333015790388625,0.0111598904770313
2022-02-11,3221.60693359375,3271.784510768928,3217.291097864715,3271.784510768928,3851488,-0.0199983230571693,-1.999832305716931,3321.6154296875,3262.1366015625,42.41689498801958,-5.348496334158881,7.638575924109164,-12.987072258268045,3307.880615234375,0.0267797044825655,1,0.0144813575552238,3029372.65,1.2713813865058827,17374.75,-0.0131262969128136,-0.048365670752463,0.0113998639844135
2022-02-14,3255.4365234375,3307.314253104599,3234.729026301473,3246.935550929026,5951745,0.0105008433806703,1.0500843380670366,3311.700244140625,3263.87490234375,46.31873023576019,-7.522964621865412,4.606267814914249,-12.12923243677966,3242.925048828125,-0.0038432555877833,0,0.0140108323101659,3159553.75,1.8837296247927413,16842.80078125,-0.0306162228952934,-0.0773974894896128,0.0130035296454654
2022-02-15,3328.718994140625,3343.7155375509287,3267.860713100621,3300.992705389261,3931683,0.0225107969931308,2.251079699313085,3303.2297607421874,3268.8900830078123,53.64610107601072,-3.294980977831983,3.0260180563650025,-6.320999034196985,3126.963134765625,-0.0606106612574208,-1,0.0147289035066723,3184007.7,1.23482207659234,17352.44921875,0.0302591263839775,-0.0521982298007402,0.0150410046983176
2022-02-16,3324.621826171875,3360.3695095219214,3318.431288543338,3351.56328774582,3256906,-0.0012308542643467,-0.123085426434677,3295.796838378906,3272.9860302734373,53.20880333613421,-0.2717481490694808,2.366464815278106,-2.638212964347587,3107.259033203125,-0.0653797046201286,-1,0.0146881701215504,3227400.95,1.0091420466366288,17322.19921875,-0.0017432697608654,-0.0436619745646968,0.0149204200298216
2022-02-17,3299.423583984375,3343.715873327904,3294.889774525724,3334.996927113229,3134372,-0.0075792807437934,-0.7579280743793437,3290.1098876953124,3275.83994140625,50.483233027184816,0.0898622191807589,1.911144296058637,-1.8212820768778777,2965.880615234375,-0.1010912846622785,-1,0.0143136643419482,3228992.6,0.9706965571862878,17304.599609375,-0.0010160147191904,-0.0353320679351787,0.0148159568661994
2022-02-18,3307.880615234375,3327.1059324438424,3276.231013675727,3286.1705263010226,3688883,0.0025631844577491,0.2563184457749168,3288.6864990234376,3279.3007861328124,51.38333443246842,1.046786086395059,1.7382726541259212,-0.6914865677308621,3069.723388671875,-0.0719969231857013,-1,0.0134582917100853,3104597.95,1.188199908461577,17276.30078125,-0.0016353356196504,-0.0270709702511685,0.0146830618306524
2022-02-21,3242.925048828125,3337.4385616421955,3230.8494350012497,3321.918793472412,7465922,-0.0196366114626683,-1.9636611462668367,3283.7123413085938,3280.852397460937,44.66731252688921,-3.3970570481828872,0.7112067136641596,-4.108263761847047,3098.888427734375,-0.0444156491207835,-1,0.014116062111749,3322276.15,2.247231013592895,17206.650390625,-0.004031556958107,-0.0233011577297114,0.0146170314273028
2022-02-22,3126.963134765625,3198.0225543570805,3112.664146521412,3182.415724034496,5408531,-0.0357584317603653,-3.5758431760365306,3275.649475097656,3280.557373046875,35.69703879346707,-16.09051068797271,-2.649136766663214,-13.441373921309497,3091.869384765625,-0.0112229497079218,0,0.0157737762978736,3429782.0,1.5769314201310751,17092.19921875,-0.0066515660675804,-0.0033179812305652,0.0134182264536189
2022-02-23,3107.259033203125,3158.787893178811,3100.1529621726163,3148.412429195075,2426203,-0.0063013539697445,-0.6301353969744516,3266.664660644531,3279.6219482421875,34.43171837665763,-27.42399374193292,-7.604108161717155,-19.81988558021576,3090.343505859375,-0.005443874219367,0,0.0157896252603701,3384567.1,0.7168429309615401,17063.25,-0.0016937094155936,-0.0124261980418954,0.0133014062937581
2022-02-24,2965.880615234375,3037.5505321408286,2956.68229614939,3028.9622839273047,5039136,-0.0454993988135613,-4.549939881356135,3255.870581054688,3276.789384765625,27.028755951429687,-47.2690295481907,-15.537092439011865,-31.73193710917884,3072.863037109375,0.0360710479462591,1,0.0173224330369789,3350609.05,1.503946275080944,16247.9501953125,-0.0477810384708364,-0.0503911523644419,0.0169157047603003
2022-02-25,3069.723388671875,3077.78841497173,3018.499572983606,3023.7309413943226,2549723,0.0350124589992284,3.5012458999228446,3248.4899658203126,3275.837846679688,37.63508354820379,-53.99470211878361,-23.228614374966213,-30.7660877438174,3038.465576171875,-0.0101826153507348,0,0.0191036120106235,3320902.1,0.7677802365808977,16658.400390625,0.0252616601096495,-0.025935571580268,0.0180165349700128
2022-02-28,3098.888427734375,3107.215065572524,3013.181127091719,3042.912824650469,3288942,0.0095008687656115,0.9500868765611514,3240.5535522460937,3275.42173828125,40.2613550493496,-56.32222364211066,-29.8473362283951,-26.47488741371556,3138.7783203125,0.0128723229339653,0,0.0189930233108188,3348379.55,0.9822488612439412,16793.900390625,0.0081340342903666,-0.0314852337851203,0.0178073456674549
2022-03-02,3091.869384765625,3114.36431117706,3056.862896806409,3097.406001398964,2761341,-0.0022650195811927,-0.2265019581192739,3229.458703613281,3275.343076171875,39.82667139561228,-58.06385534430956,-35.49064005157799,-22.573215292731568,3167.24462890625,0.0243785343947635,1,0.018428272560721,3381188.15,0.8166777113542173,16605.94921875,-0.0111916331229355,-0.0552374522284783,0.0175627689845316
2022-03-03,3090.343505859375,3120.162475048833,3077.8755818754444,3106.4301334512893,1928039,-0.0004935133785949,-0.0493513378594934,3215.865856933594,3274.3391650390627,39.72625851240458,-58.8884077833477,-40.170193597931934,-18.718214185415768,3157.087158203125,0.0215974865632906,1,0.0179590062787766,3378379.5,0.5706993545278143,16498.05078125,-0.006497577228417,-0.0721006309758155,0.017253211605242
2022-03-04,3072.863037109375,3104.9922381403285,3040.341313060864,3052.940152453584,2370257,-0.0056564808141413,-0.5656480814141385,3202.7765869140626,3272.594853515625,38.5278419602867,-60.25778503292577,-44.18771188493071,-16.07007314799506,3138.08056640625,0.0212237019708581,1,0.0179371495962627,3398865.45,0.6973671170184156,16245.349609375,-0.0153170320073322,-0.0748766909188058,0.0173446727857322
2022-03-07,3038.465576171875,3093.4822136519515,2991.9501243817053,3008.036538077574,3054130,-0.0111939453604341,-1.1193945360434163,3188.3902954101563,3269.6064306640624,36.21284324561356,-63.3879175393422,-48.027753015813005,-15.360164523529193,3176.312255859375,0.0453672013823409,1,0.0180061926471244,3436203.65,0.8888093696076482,15863.150390625,-0.0235266847399477,-0.0943778261900243,0.0178941298576668
2022-03-08,3138.7783203125,3146.669012528996,3016.75665928244,3016.75665928244,3300992,0.0330142769848351,3.3014276984835167,3180.584716796875,3268.4815283203125,46.339090119253065,-57.11577489880028,-49.84535739241046,-7.270417506389819,3133.502197265625,-0.0016809479703395,0,0.0197902667886699,3505295.8,0.9417156748939703,16013.4501953125,0.0094747765094835,-0.0697210020737827,0.0179113528288908
2022-03-09,3167.24462890625,3185.903089495152,3136.2487311522195,3143.1802511302744,2719654,0.0090692319395515,0.906923193955156,3175.752233886719,3267.4872802734376,48.82198552518871,-49.27999436783375,-49.73228478749512,0.4522904196613666,3187.55908203125,0.0064139198278521,0,0.0198690401836672,3493956.35,0.7783880871894693,16345.349609375,0.0207262900882942,-0.0533626994440181,0.018668611547325
2022-03-10,3157.087158203125,3212.060163122713,3151.8994271684605,3212.060163122713,2005441,-0.0032070369968968,-0.3207036996896839,3169.66640625,3266.1079736328124,47.969080072118985,-43.389537262991325,-48.46373528259436,5.074198019603031,3202.25146484375,0.0143056888763029,0,0.0198239214517144,3512292.35,0.570977811684725,16594.900390625,0.0152673871904744,-0.0497543691381257,0.0188397155578271
2022-03-11,3138.08056640625,3173.5668605102896,3132.5877986142987,3141.6554207814643,1623423,-0.0060202936581873,-0.6020293658187348,3162.203015136719,3264.5548095703125,46.33781565335081,-39.796234463643486,-46.73023511880419,6.934000655160702,3162.100341796875,0.0076542889458484,0,0.0198190963012731,3487840.55,0.4654521835867755,16630.44921875,0.0021421537513466,-0.0554020630793986,0.018710949494781
2022-03-14,3176.312255859375,3180.97697745026,3121.382892115444,3121.382892115444,1765688,0.0121831446465723,1.218314464657233,3159.93828125,3263.086533203125,50.019665378081285,-33.47762901531678,-44.079713898106704,10.602084882789924,3226.838623046875,0.0159072418318739,0,0.0195974803118379,3383550.55,0.5218447231414941,16871.30078125,0.014482565042708,-0.0289759115239067,0.0189168617889709
2022-03-15,3133.502197265625,3190.2626259339454,3126.091092504641,3190.2626259339454,3651133,-0.0134779124800397,-1.347791248003971,3153.8415649414064,3260.68197265625,46.19738841639481,-31.560690628632983,-41.57590924421197,10.01521861557898,3236.821533203125,0.0329724791728753,1,0.0196209519027753,3268519.95,1.1170600320184676,16663.0,-0.0123464565033122,-0.0106752305382701,0.0178368555649749
2022-03-16,3187.55908203125,3198.109090841097,3152.988549551286,3174.1319916049656,3090475,0.0172512675474734,1.7251267547473417,3146.783569335937,3257.976416015625,51.26192400042298,-25.38691971042772,-38.33811133745512,12.9511916270274,3269.474365234375,0.0256984360430818,1,0.0193118628012306,3226459.55,0.9578533225373924,16975.349609375,0.0187451004846066,-0.0217317800283506,0.016960019697631
2022-03-17,3202.25146484375,3234.7295445021614,3191.3964177054013,3223.046239918665,3600452,0.0046092895643325,0.4609289564332597,3140.6650512695314,3254.3984033203124,52.56877629289882,-19.088568143196422,-34.48820269860338,15.399634555406957,3232.50634765625,0.0094480034265442,0,0.0193679583691923,3243636.85,1.1100046541893245,17287.05078125,0.0183619883565082,-0.0020290978677784,0.0174984413431202
2022-03-21,3162.100341796875,3238.173151385832,3151.8992167802776,3222.5226847081344,2413831,-0.0125384041471066,-1.2538404147106608,3133.798889160156,3250.431669921875,48.72383484343104,-17.139367264994235,-31.01843561188155,13.879068346887315,3232.723876953125,0.0223343751059201,1,0.0194786936065038,3207609.8,0.7525326179013421,17117.599609375,-0.0098022024704637,-0.0108063754274146,0.0176362392869347
2022-03-22,3226.838623046875,3235.6012072887484,3160.618263654463,3173.696684055792,2907611,0.0204731900484891,2.047319004848913,3129.746789550781,3248.690986328125,54.5021460319213,-10.252587818938537,-26.86526605329295,16.612678234354412,3230.675048828125,0.001188911572413,0,0.0200985527256149,3168546.2,0.9176482893006264,17315.5,0.0115612232521558,0.0022689590350581,0.0178331141464864
2022-03-23,3236.821533203125,3251.992627455648,3217.291178673667,3232.9852819842704,1596195,0.0030937122436025,0.3093712243602553,3129.441613769531,3246.348359375,55.33795055701207,-3.943766783850151,-22.28096619940439,18.33719941555424,3253.518798828125,0.0051585376128155,0,0.0196292088588291,2875059.85,0.555186703330715,17245.650390625,-0.004033935455228,0.0022665654915177,0.0178331443213811
2022-03-24,3269.474365234375,3276.7545581252484,3221.6508566813804,3226.010330100435,1879046,0.0100879309212136,1.0087930921213628,3136.567175292969,3244.2001025390623,58.05232686492237,3.648769252217335,-17.095019109080045,20.74378836129738,3260.842529296875,-0.0026401295661729,0,0.0178157012753201,2698585.6,0.6963077250541914,17222.75,-0.0013278937068936,0.0076380329751122,0.0177640572546072
2022-03-25,3232.50634765625,3295.3264108407147,3201.597719435667,3278.237187540887,1690133,-0.0113070216947471,-1.1307021694747177,3142.829541015625,3240.6849560546875,54.04738612584199,6.606740308405733,-12.35466722558289,18.961407533988623,3277.234375,0.0138369495782058,0,0.0179785279495104,2661782.1,0.6349629445625921,17153.0,-0.0040498758909001,0.0052598420582246,0.0177873918521709
2022-03-28,3232.723876953125,3237.3449613508205,3192.1807741513976,3221.6508570404744,1760990,6.729431390994911e-05,0.0067294313909949,3156.1717041015627,3238.148974609375,54.06746656190452,8.866301275729711,-8.110473525320371,16.976774801050084,3287.348388671875,0.016897363894325,0,0.0140918700222009,2497874.8,0.70499530240667,17222.0,0.0040226199498629,0.0599490885298572,0.0137026688934255
2022-03-29,3230.675048828125,3245.1920101542364,3218.163274981001,3221.4328800422795,2689063,-0.0006337776447925,-0.0633777644792554,3164.219287109375,3234.9105419921875,53.82887740804644,10.372132823909851,-4.413952255474327,14.78608507938418,3326.104248046875,0.0295384703742846,1,0.0121361628579003,2504841.8,1.0735460419097127,17325.30078125,0.005998187274997,0.0400338793033403,0.0126958753192735
2022-03-30,3253.518798828125,3259.142477223061,3231.416182436141,3259.142477223061,1583455,0.0070708906512544,0.7070890651254436,3171.9508056640625,3230.90611328125,56.152197582094885,13.256007879333993,-0.8799602285126631,14.135968107846656,3274.270263671875,0.0063781604247143,0,0.0120757466035881,2419567.45,0.6544372218265706,17498.25,0.0099824655821947,0.0419407995160072,0.0127491798810227
2022-03-31,3260.842529296875,3273.6593387691028,3243.6226090320506,3260.886166604706,2168110,0.0022510183347912,0.2251018334791243,3180.399462890625,3226.160390625,56.90098004070766,15.948617742152692,2.485755365620408,13.462862376532284,3212.19091796875,-0.0149199511755067,0,0.0120239433088399,2389905.9,0.9071947142354015,17464.75,-0.0019144771620018,0.0517164523350652,0.0124029123702042
2022-04-01,3277.234375,3280.9399276687727,3250.4672488832616,3267.8615064848686,1387014,0.0050268743601855,0.5026874360185563,3189.744006347656,3222.23947265625,58.60485388998837,19.184073357520447,5.825418964000416,13.35865439352003,3213.499267578125,-0.0194478331815602,0,0.0120093521441666,2362854.65,0.5870077535238996,17670.44921875,0.0117779652585923,0.0710628457291711,0.0123707544077028
2022-04-04,3287.348388671875,3295.762087691573,3258.35788882644,3280.067982512089,1472994,0.003086142922529,0.3086142922529067,3200.468273925781,3219.7231884765624,59.664445323909405,22.30716846751602,9.121768864703537,13.185399602812485,3222.87158203125,-0.0196136213803229,0,0.0118352164152239,2317991.5,0.6354613466011415,18053.400390625,0.0216718413399843,0.1112965140624979,0.0121710892430534
2022-04-05,3326.104248046875,3344.239702036937,3288.7871089041378,3288.7871089041378,2314947,0.0117893982604799,1.1789398260479975,3214.850207519531,3219.5183056640626,63.51803732561389,27.59146061531873,12.815707214826578,14.77575340049216,3218.250244140625,-0.0324265254071886,-1,0.011448464995273,2281032.35,1.0148681144307312,17957.400390625,-0.005317557796472,0.1320198036600399,0.010456778669153
2022-04-06,3274.270263671875,3321.3089461528684,3253.1702389534807,3321.3089461528684,2051729,-0.0155839927162347,-1.5583992716234785,3221.6248046875,3218.155546875,55.83479501679139,27.28223820986113,15.70901341383349,11.573224796027644,3192.835205078125,-0.0248712085551624,-1,0.0101868700534012,2218569.2,0.924798288915216,17807.650390625,-0.0083391803235717,0.1120433244197245,0.0109180448696353
2022-04-07,3212.19091796875,3265.681745359496,3207.700745208273,3265.681745359496,2494829,-0.0189597500218284,-1.895975002182848,3223.872119140625,3216.634956054688,48.29939410568096,21.776862728300785,16.92258327672695,4.854279451573834,3076.08837890625,-0.0423706257000955,-1,0.0110761816175155,2207327.95,1.1302484526596963,17639.55078125,-0.0094397411049521,0.0791785555405129,0.0107691366214303
2022-04-08,3213.499267578125,3230.3705185904314,3175.877088789648,3217.2920954382435,2296773,0.0004073075488932,0.0407307548893287,3226.692724609375,3215.165834960937,48.45727521614703,17.31973475314453,17.002013572010465,0.3177211811340648,3027.130615234375,-0.0579955484116876,-1,0.0110374139426248,2221894.55,1.0337002716893111,17784.349609375,0.0082087593907955,0.0716755865206613,0.0104880250662967
2022-04-11,3222.87158203125,3236.778473211479,3187.734394843684,3217.2915409273724,2291660,0.0029165447609353,0.2916544760935391,3230.932275390625,3215.9880224609374,49.6435822167223,14.37795604233861,16.477202066076096,-2.0992460237374857,3101.155029296875,-0.0377664916632085,-1,0.0109209241836906,2255306.4,1.016119140175366,17674.94921875,-0.006151497975913,0.0628064814281972,0.0107070101537953
2022-04-12,3218.250244140625,3260.0139103467973,3180.9767499798,3211.1878127326167,4483476,-0.0014339193396319,-0.1433919339631995,3233.0291748046875,3216.0063134765624,49.04417398971752,11.54063857630308,15.489889368121494,-3.9492507918184128,3163.801025390625,-0.0169188890295693,0,0.0106333495883989,2391195.8,1.8749932565120768,17530.30078125,-0.0081838106412522,0.0390604144010273,0.0106386544303692
2022-04-13,3192.835205078125,3234.5990948262,3187.255163355914,3232.1141094342306,1621672,-0.0078971606104194,-0.7897160610419451,3235.9958251953126,3214.71068359375,45.77107991280574,7.158741279393325,13.82365975037586,-6.664918470982535,3149.763427734375,-0.0134901348103545,0,0.0103097441014549,2289722.75,0.7082394582488207,17475.650390625,-0.0031174816283502,0.0487697527831123,0.0101749939326726
2022-04-18,3076.08837890625,3147.5401125729736,3071.2493203707204,3147.5401125729736,3820792,-0.0365652527215285,-3.656525272152855,3230.4222900390623,3209.9571240234377,34.41048956495791,-5.669087366133681,9.925110327073952,-15.594197693207631,3093.656982421875,0.0057113454984254,0,0.0126085983047692,2326238.6,1.6424763994544669,17173.650390625,-0.0172811880101475,0.0116816905579655,0.0103230004082073
2022-04-19,3027.130615234375,3107.039878783788,2998.576068606461,3095.22566501056,3170014,-0.0159155907247641,-1.5915590724764117,3221.6662475585936,3203.2557275390627,30.942151509635224,-19.56023810934721,4.02804063978972,-23.58827874913693,3092.0,0.0214293312746938,1,0.0128997943055733,2304716.7,1.375446275023737,16958.650390625,-0.0125191788064678,-0.0189969009046465,0.0098290614028841
2022-04-20,3101.155029296875,3111.922800837386,3034.193475539571,3051.631369077155,2640370,0.0244536571002136,2.445365710021364,3218.6189819335937,3198.585859375,40.67820485262448,-24.31562816118821,-1.6406931204058677,-22.674935040782348,3104.9912109375,0.0012370170482882,0,0.0140223203287362,2316043.65,1.1400346448565424,17136.55078125,0.010490244596548,0.0011071162024738,0.0099101627262766
2022-04-21,3163.801025390625,3177.1846959049176,3110.397468139204,3121.38342791976,2280996,0.0202008591966309,2.020085919663095,3215.467102050781,3195.3380517578125,47.43264076584361,-22.76685853436948,-5.86592620319859,-16.900932331170885,3125.13232421875,-0.0122222291672405,0,0.0140006105514412,2284712.9,0.9983731435140056,17392.599609375,0.014941678252146,0.0044526354638907,0.0101420098401867
2022-04-22,3149.763427734375,3153.64331680634,3113.9721056051544,3122.342380367201,1581465,-0.0044369407379267,-0.4436940737926775,3211.114196777344,3192.4355224609376,46.16421683322552,-22.41379201830796,-9.175499366220464,-13.238292652087496,3092.34912109375,-0.0182281329877282,0,0.0139890301863072,2283976.4,0.6924173997594721,17171.94921875,-0.0126864526051679,-0.0042736092989027,0.0105130618875091
2022-04-25,3093.656982421875,3124.870857781857,3080.49149910498,3102.201593746609,1960694,-0.0178129077309331,-1.7812907730933136,3202.3233276367187,3189.030776367188,41.39901029098302,-26.357472954945933,-12.61189408396556,-13.745578870980374,3088.599853515625,-0.001634676673912,0,0.0141866822240606,2288058.8,0.8569246559572683,16953.94921875,-0.0126951225643019,-0.0156073090098851,0.0108802821681024
2022-04-26,3092.0,3128.270689253386,3067.456038200025,3117.154032609224,1943469,-0.0005356063814734,-0.053560638147343,3195.2980102539063,3185.2947021484374,41.263543573228425,-29.279062338331187,-15.945327734838685,-13.333734603492502,3033.975830078125,-0.018765902303323,0,0.0140450407188765,2300725.6,0.84472003093285,17200.80078125,0.0145601216162072,0.002786730090946,0.0113663475107554
2022-04-27,3104.9912109375,3111.3124472027903,3057.1242793987144,3091.7384547198044,1727648,0.0042015559306274,0.4201555930627432,3188.911376953125,3181.64755859375,42.84271988383168,-30.198056426159383,-18.795873473102827,-11.402182953056556,3063.314697265625,-0.0134224256497303,0,0.0141092854590645,2299058.5,0.7514589124200189,17038.400390625,-0.0094414436101153,-0.0106607600380327,0.0115256584548004
2022-04-28,3125.13232421875,3142.65728057788,3084.8071929445496,3128.358292147701,1703660,0.0064866893053681,0.648668930536811,3183.634240722656,3179.71806640625,45.29823568716366,-28.96723014858935,-20.83014480820013,-8.13708534038922,2992.8662109375,-0.0423233641200505,-1,0.0142327067605622,2249788.35,0.7572534545305117,17245.05078125,0.0121285088909346,-0.0046319542161628,0.0117853956020853
2022-04-29,3092.34912109375,3159.092707941327,3083.761085375679,3136.205470355331,2051115,-0.0104901808064065,-1.0490180806406513,3175.5757568359377,3176.456318359375,42.12594190751626,-30.287980976434937,-22.72171204184709,-7.566268934587846,3003.764892578125,-0.0286462572777983,-1,0.0142137388339038,2273171.35,0.9023142932009942,17102.55078125,-0.0082632403816946,-0.0226136452931007,0.0116640111766075
2022-05-02,3088.599853515625,3093.4389119139187,3045.3103646568115,3068.9822217914025,1324161,-0.0012124334709008,-0.1212433470900831,3166.963623046875,3171.653935546875,41.76570215575982,-31.276681962017392,-24.43270602588116,-6.843975936136239,2998.228271484375,-0.0292597248971516,-1,0.01417461529225,2230973.9,0.5935349579840445,17069.099609375,-0.0019559171203674,-0.0226542258334645,0.0116641711636491
2022-05-04,3033.975830078125,3091.259273972882,3021.376993207293,3085.199647886039,2305825,-0.0176856912608228,-1.768569126082287,3154.8006958007813,3165.841015625,36.82481919779871,-36.05234777237911,-26.756634375180745,-9.295713397198362,2974.90478515625,-0.0194698469039398,0,0.0144376455361358,2276914.45,1.012697249121503,16677.599609375,-0.0229361834519363,-0.0561870044775938,0.0122196405855853
2022-05-05,3063.314697265625,3080.403918216015,3038.8582216741816,3062.181404468486,1612262,0.009670105772314,0.9670105772314086,3143.599011230469,3161.118837890625,40.87086368227472,-37.04269086500017,-28.81384567314464,-8.228845191855534,2971.98388671875,-0.0298143741576399,-1,0.0146748211574478,2283877.85,0.7059317992860257,16682.650390625,0.0003028482136697,-0.0759275244741052,0.0108198142594685
2022-05-06,2992.8662109375,3029.398518342552,2985.803777828197,3015.884148783102,2010812,-0.0229974695028912,-2.299746950289128,3126.937109375,3154.818549804688,35.06380504681019,-43.01628403935456,-31.654333346386625,-11.361950692967936,2977.433349609375,-0.0051565490203755,0,0.0148378797651252,2268671.1,0.8863391436511003,16411.25,-0.0162684216398562,-0.0861010144559786,0.0111676332866379
2022-05-09,3003.764892578125,3013.2684608532413,2918.101227566889,2962.698561915311,2481830,0.0036415532377609,0.3641553237760941,3113.4118408203126,3150.035346679688,36.56540940829757,-46.33682506742434,-34.590831690594165,-11.745993376830178,2944.2138671875,-0.0198254615525226,0,0.0147494845415069,2290176.15,1.0836852003720323,16301.849609375,-0.0066661826871809,-0.0845592061961606,0.0111430679894695
2022-05-10,2998.228271484375,3020.941173809357,2983.6240334480644,2994.08677114572,1622685,-0.0018432271804728,-0.1843227180472806,3102.7137084960937,3147.4606494140626,36.10860019285903,-48.85200134398974,-37.44306562127328,-11.408935722716455,3009.43212890625,0.0037368260210315,0,0.0143387466234721,2246568.95,0.7222947686515474,16240.0498046875,-0.0037909688880922,-0.0793388104900099,0.0110786377760288
2022-05-11,2974.90478515625,3006.6853051327807,2948.878642613765,2994.9583637197297,1841769,-0.0077790895876577,-0.7779089587657717,3090.783984375,3144.813564453125,34.17188102762776,-52.12642609574732,-40.379737716168094,-11.746688379579226,3006.99072265625,0.010785534266541,0,0.0143429175713337,2223818.75,0.8282010393158166,16167.099609375,-0.0044919933245182,-0.0909366963381932,0.0106953706671458
2022-05-12,2971.98388671875,3007.7752079636566,2920.934620561456,2945.260398386172,2807195,-0.0009818460248119,-0.0981846024811994,3078.239599609375,3144.9356298828125,33.92646536053044,-54.33083139090559,-43.1699564511156,-11.160874939789991,2844.076904296875,-0.0430375760088969,-1,0.0142738497338158,2249595.5,1.247866560899504,15808.0,-0.0222117521417858,-0.1056268505014711,0.0113903119115006
2022-05-13,2977.433349609375,2999.230718747237,2948.8787960387763,2994.958519542189,2187823,0.0018336111830812,0.1833611183081229,3066.1987548828124,3143.0898291015624,34.86632053670739,-55.00405979451625,-45.53677711979573,-9.467282674720522,2871.149169921875,-0.0356965772891084,-1,0.0143227398700208,2134812.85,1.0248312867331673,15782.150390625,-0.0016352232651188,-0.0997216426825249,0.0114033481673751
2022-05-16,2944.2138671875,2990.5986195296737,2935.320584419605,2977.5201999107394,1195813,-0.0111570868332731,-1.11570868332731,3053.767687988281,3139.996337890625,31.88854506924688,-57.55467825499318,-47.94035734683523,-9.61432090815795,2896.21630859375,-0.0163023342592976,0,0.0143904105579366,2113519.9,0.5657921650039822,15842.2998046875,0.0038112305721171,-0.0934643660995717,0.0115731884390016
2022-05-17,3009.43212890625,3022.859223466472,2921.1962062592934,2938.285429213155,1754076,0.0221513329740039,2.215133297400396,3050.434875488281,3138.3475927734376,42.306322865603526,-53.69453590595094,-49.09119305865838,-4.603342847292566,2866.79052734375,-0.0473981786106409,-1,0.0133363348971575,2010184.1,0.8725947041368002,16259.2998046875,0.0263219359020472,-0.0532414812890705,0.0131093020133969
2022-05-18,3006.99072265625,3047.272218421192,3001.97732773324,3021.1153753446147,1866781,-0.000811251473841,-0.081125147384109,3049.427880859375,3136.680537109375,42.04705657862812,-50.25306036575012,-49.32356652007672,-0.9294938456733915,2780.4609375,-0.075334381130429,-1,0.0128672732631692,1945022.45,0.9597734977300648,16240.2998046875,-0.0011685620062508,-0.0423589477576951,0.012903652249983
2022-05-19,2844.076904296875,2968.8014850294667,2816.2199109090097,2961.826327355389,4642963,-0.0541783574960496,-5.41783574960496,3036.573974609375,3132.104814453125,29.19131811792913,-59.98003728610411,-51.454860673282205,-8.525176612821902,2832.5126953125,-0.004066067611218,0,0.016437752491238,2045152.1,2.270228703283242,15809.400390625,-0.0265327253341793,-0.0774455961159409,0.0136396617073645
2022-05-20,2871.149169921875,2889.3716835160767,2851.139229667737,2885.9713794234453,3065125,0.0095188233426806,0.9518823342680616,3021.9413818359376,3128.758486328125,32.864681127778766,-64.75774402813522,-54.11543734425281,-10.64230668388241,2862.66455078125,-0.0029551300327791,0,0.0157633400833045,2084358.55,1.470536343183374,16266.150390625,0.0288910387942893,-0.0647660064653485,0.014949435459044
2022-05-23,2896.21630859375,2911.1692180116047,2848.4800723039907,2881.437735548261,2293690,0.0087306988206945,0.8730698820694549,3009.264025878906,3123.90724609375,36.16677177621861,-65.76332378635061,-56.445014632672375,-9.318309153678236,2962.686279296875,0.0229506237175356,1,0.0160482348778527,2119969.8,1.0819446578908811,16214.7001953125,-0.0031630222318707,-0.0557449251242999,0.0147833376600572
2022-05-24,2866.79052734375,2898.9199406322628,2855.9791153671536,2890.4623895266486,1711510,-0.0101600771885327,-1.0160077188532737,2997.920703125,3117.8981640625,34.049591850115746,-68.14908735718791,-58.785829177575486,-9.363258179612425,2953.11865234375,0.0301131611035383,1,0.0157923200022277,2107510.6,0.812100304501434,16125.150390625,-0.0055227542667355,-0.0488852961296121,0.0146156945604563
2022-05-25,2780.4609375,2890.3576316315725,2768.5234246366185,2890.3576316315725,3548046,-0.0301136720734666,-3.01136720734666,2982.34375,3110.365639648437,28.734941495329863,-76.1283384915937,-62.25433104037913,-13.874007451214569,2945.086669921875,0.0592080723744656,1,0.0168330264861697,2187739.45,1.6217863603456069,16025.7998046875,-0.0061612191843656,-0.0683108299145774,0.0140744572607896
2022-05-26,2832.5126953125,2845.284259373515,2791.7843560328024,2800.956986475671,2813186,0.0187205499313007,1.872054993130079,2968.71982421875,3104.2542822265623,35.29298865142118,-77.36005213616681,-65.27547525953668,-12.084576876630138,3004.599853515625,0.0607542407445906,1,0.0175555237694239,2242016.35,1.2547571296703524,16170.150390625,0.0090073873189953,-0.0509584221578531,0.0142635604480447
2022-05-27,2862.66455078125,2878.113137542295,2834.488114923966,2855.554544933507,3103153,0.0106449145024656,1.064491450246563,2955.596435546875,3097.981328125,38.80592735929021,-75.0381976933977,-67.22801974630889,-7.8101779470888175,3019.653076171875,0.0548400004980609,1,0.0177155447516269,2311991.0,1.3421994289770158,16352.4501953125,0.0112738471989222,-0.0517598119750389,0.0142185885796321
2022-05-30,2962.686279296875,2972.649031269277,2884.652794101805,2894.0009370688977,2094624,0.0349400800342911,3.4940080034291165,2949.1132934570314,3094.565009765625,48.746430063544224,-64.38500350259255,-66.65941649756563,2.2744129949730763,3011.57763671875,0.0165023741337466,0,0.0196742151342467,2314166.45,0.905131089425309,16661.400390625,0.0188932050929628,-0.0257944207427026,0.0149242427945296
2022-05-31,2953.11865234375,2969.839960148592,2918.5783982122985,2944.1652479237173,4840965,-0.0032293756581597,-0.3229375658159727,2942.339233398437,3089.876201171875,47.94414423166474,-56.06798110431828,-64.54112941891617,8.473148314597893,2951.669921875,-0.0004905764513052,0,0.0196753862453317,2490006.65,1.94415745837466,16584.55078125,-0.0046124339835348,-0.0283874861131437,0.0149431324939133
2022-06-01,2945.086669921875,2973.877498481216,2931.7885726124696,2973.877498481216,1493835,-0.0027198305816463,-0.2719830581646376,2937.894775390625,3084.7329052734376,47.24121665726548,-49.553572055514,-61.54361794623574,11.990045890721746,2988.052978515625,0.0145891491182803,0,0.0193311836386945,2449407.15,0.60987614901018,16522.75,-0.0037264067061659,-0.0092848858949674,0.0140735417170784
2022-06-02,3004.599853515625,3012.499765488059,2937.2750910103164,2944.911629723904,2657939,0.0202076170462339,2.020761704623397,2934.959033203125,3081.5828955078123,52.76702054577737,-39.13748682113192,-57.06239172121498,17.924904900083064,3008.1982421875,0.0011976265883339,0,0.0197843731700764,2501691.0,1.062456954116236,16628.0,0.0063700049931154,-0.0032758817900848,0.0141540245648899
2022-06-03,3019.653076171875,3052.262281379866,3011.797096532928,3036.550107803173,1913622,0.0050100590395212,0.5010059039521231,2936.298376464844,3077.4391845703126,54.07719782048337,-29.32989815698784,-51.51589300836956,22.18599485138172,2949.21240234375,-0.0233274061791977,-1,0.0191086156323949,2496831.5,0.7664201609119398,16584.30078125,-0.0026280502014673,0.0105446435372076,0.0136521068737457
2022-06-06,3011.57763671875,3030.932461150583,2964.3536823588743,3000.210585639355,1084210,-0.002674293784557,-0.267429378455708,2936.689013671875,3072.934306640625,53.22426320173991,-21.95584069094729,-45.60388254488511,23.64804185393781,2826.0615234375,-0.0616009731973499,-1,0.0191082632806043,2426950.5,0.4467375828225586,16569.55078125,-0.0008893953501298,0.0164215213788407,0.0135507313357372
2022-06-07,2951.669921875,3000.9567154912565,2945.7889201087964,2985.3324048192408,2308256,-0.0198924690213273,-1.989246902132736,2934.3610961914064,3066.5782177734377,47.268046516247885,-20.707199237101577,-40.6245458833284,19.917346646226825,2818.11767578125,-0.0452463349997187,-1,0.0196340737576125,2461229.05,0.9378468858881704,16416.349609375,-0.0092459460064759,0.0108558660107442,0.0137041866294947
2022-06-08,2988.052978515625,2996.655145262253,2937.449753818976,2966.986552670218,2185707,0.0123262619478512,1.2326261947851247,2935.018505859375,3061.689150390625,50.86436785984442,-16.590587320595205,-35.81775417078176,19.22716685018656,2814.38671875,-0.0581202077119453,-1,0.019761281317294,2478425.95,0.8818932032244093,16356.25,-0.0036609606157923,0.0116997108445671,0.0136890940462808
2022-06-09,3008.1982421875,3016.888058060886,2943.243422200155,2971.244130502211,1279197,0.0067419365776715,0.6741936577671526,2936.8292236328125,3057.1986376953123,52.78448539820735,-11.569225471210755,-30.96804843086756,19.398822959656805,2757.947021484375,-0.0831897370304782,-1,0.0198081009379848,2402026.05,0.5325491786402566,16478.099609375,0.0074497277416889,0.0423899044392079,0.0126466228643451
2022-06-10,2949.21240234375,2978.266606743859,2942.2781213691173,2968.6111594481968,1527582,-0.0196083619146245,-1.960836191462456,2935.418176269531,3051.569384765625,46.993783916921686,-12.208690158274294,-27.21617677634891,15.007486618074616,2711.33740234375,-0.0806571272421612,-1,0.0203224847873352,2369014.0,0.6448176329899274,16201.7998046875,-0.0167676984141,0.0265901289542762,0.0133199782731656
2022-06-13,2826.0615234375,2890.4895994549984,2802.2299971584944,2887.8562958417688,3030921,-0.0417572090800857,-4.175720908008573,2929.5105590820312,3043.0202392578126,37.695740051307496,-22.39456661891427,-26.251854744861983,3.857288125947715,2731.964599609375,-0.0332961342305349,-1,0.0222455663196563,2460769.4,1.2316964767198422,15774.400390625,-0.0263797491152091,-0.0042859568938601,0.014673923733345
2022-06-14,2818.11767578125,2843.0022662978668,2786.64961194576,2800.079503206477,2611493,-0.0028109252365416,-0.2810925236541695,2919.944836425781,3034.1657421875,37.18465520009656,-30.75344267183528,-27.152172330256644,-3.60127034157863,2819.345947265625,0.0004358481886439,0,0.0215189734084374,2503640.25,1.0430783735802298,15732.099609375,-0.0026816094559853,-0.0324245325226434,0.013292087485188
2022-06-15,2814.38671875,2838.7008420388174,2809.7345069159724,2825.0954422083905,1404536,-0.0013239181114804,-0.1323918111480471,2910.3146362304688,3024.9087890625,36.93139295823537,-37.24957925514264,-29.171653715233845,-8.07792553990879,2829.001953125,0.0051930441106868,0,0.0215164642556708,2480528.0,0.5662246102442706,15692.150390625,-0.002539344381356,-0.0337524196384777,0.0132934819023158
2022-06-16,2757.947021484375,2848.2255448740734,2750.091040842458,2843.9682844078216,2032028,-0.0200539950283351,-2.005399502833516,2906.008142089844,3014.32076171875,33.2428560863473,-46.41696035721225,-32.62071504362953,-13.796245313582716,2904.358154296875,0.0530869997400091,1,0.0183749704172477,2349981.25,0.8646996651569029,15360.599609375,-0.0211284478542902,-0.0283882228396302,0.0128066884189548
2022-06-17,2711.33740234375,2737.538862021221,2654.238767217844,2714.0585687758285,5240434,-0.0169001140259535,-1.6900114025953594,2898.0175537109376,3002.025424804688,30.530951864224093,-56.78855949561103,-37.45428393402583,-19.334275561585194,2890.577392578125,0.066107593278297,1,0.0184997845884291,2458746.7,2.1313435824845235,15293.5,-0.0043682936266399,-0.059795979212487,0.0106493311521968
2022-06-20,2731.964599609375,2755.0938684218168,2693.869560234665,2715.813756717515,1502769,0.0076077574291544,0.7607757429154427,2889.804968261719,2991.1793115234377,33.130820260143864,-62.62181875954184,-42.48779089912904,-20.1340278604128,2909.536865234375,0.0649980111932599,1,0.0184649500824614,2419200.65,0.6211841088915051,15350.150390625,0.0037042135956451,-0.0533188892963578,0.0107548011465917
2022-06-21,2819.345947265625,2841.9923969951083,2743.375109267297,2747.412926444194,2964461,0.031984802317257,3.198480231725709,2887.4327392578125,2983.322412109375,42.88274889209666,-59.50780533551824,-45.89179378640688,-13.616011549111365,2912.5654296875,0.0330642227543183,1,0.0199223636316809,2481848.2,1.1944570179594385,15638.7998046875,0.018804337854487,-0.0301609953492439,0.0117464176580971
2022-06-22,2829.001953125,2853.2284323936533,2793.935169090272,2808.769360580185,3336315,0.0034249099046324,0.34249099046324,2889.8597900390623,2975.6324658203125,43.857116192324746,-55.619619930928366,-47.83735901531118,-7.782260915617186,2888.294677734375,0.0209588842962369,1,0.0186844027443778,2471261.65,1.3500452289218343,15413.2998046875,-0.0144192650853174,-0.038219621327158,0.012061133415966
2022-06-23,2904.358154296875,2912.4335752382617,2829.001702563437,2829.001702563437,3692578,0.0266370269163773,2.663702691637737,2893.4520629882813,2969.262197265625,50.89705809447731,-45.9281581109899,-47.45551883444693,1.5273607234570292,2867.75537109375,-0.0126027098789358,0,0.0191567379327633,2515231.25,1.4680868806794605,15556.650390625,0.0093004475196092,-0.0379402779306053,0.012075222871937
2022-06-24,2890.577392578125,2936.1334582739805,2876.8841283984966,2930.866851173937,2132118,-0.0047448561735962,-0.4744856173596212,2894.847705078125,2962.708740234375,49.67043473896534,-38.91105467850548,-45.74662600325864,6.835571324753161,2909.887939453125,0.0066805154307862,0,0.0190759342113402,2466679.5,0.8643676651141747,15699.25,0.0091664725885294,-0.0399450961483278,0.0119632360634894
2022-06-27,2909.536865234375,2951.845230064648,2902.33921218006,2940.5221112364125,2037686,0.0065590607277739,0.6559060727773902,2892.190234375,2957.0427734375,51.405606336868495,-31.457456681291205,-42.88879213886516,11.431335457573953,2839.622314453125,-0.0240294431793075,-1,0.0173709314505784,2463832.6,0.827039142188475,15832.0498046875,0.008458990377725,-0.0497767634468563,0.0112093729046036
2022-06-28,2912.5654296875,2922.9670648721058,2872.5832738577947,2902.778403463079,1400046,0.0010409094620222,0.1040909462022288,2890.162573242188,2953.772314453125,51.69211156827592,-25.017658730731,-39.31456545723833,14.29690672650733,2823.164794921875,-0.0306948073524367,-1,0.0173652351108412,2291786.65,0.6108971792815008,15850.2001953125,0.0011464333961117,-0.0442791966827184,0.0112259278697624
2022-06-29,2888.294677734375,2925.599805770756,2871.1782072235646,2871.1782072235646,2133994,-0.0083331181870578,-0.8333118187057842,2887.3229736328126,2950.995595703125,49.18919047382332,-21.62325982292623,-35.77630433037591,14.153044507449678,2862.181640625,-0.0090409878571872,0,0.0174473648308382,2323794.6,0.9183229877545976,15799.099609375,-0.0032239710103227,-0.0437972123662828,0.0112228980839946
2022-06-30,2867.75537109375,2906.20143071572,2857.134294601676,2872.056347753205,2719603,-0.0071112226875467,-0.7111222687546714,2880.480749511719,2946.3276025390624,47.11032578078493,-20.355874771642448,-32.69221841862922,12.33634364698677,2885.969482421875,0.0063513476469152,0,0.0167700688202872,2326877.8,1.1687777501680578,15780.25,-0.0011930812414028,-0.0509832812124128,0.0110457854484813
2022-07-01,2909.887939453125,2925.599896381452,2854.54464022768,2861.5228509461544,1502879,0.0146918278958032,1.4691827895803256,2874.992492675781,2941.2493408203127,51.62659711615651,-15.7699308905826,-29.30776091301989,13.537830022437298,2866.306640625,-0.0149769680946254,0,0.0171249474396817,2306340.65,0.651629237857816,15752.0498046875,-0.0017870563085186,-0.0501830609285277,0.0110470924499819
2022-07-04,2839.622314453125,2912.389167827332,2830.84463784351,2907.16649310436,2622535,-0.0241471927655074,-2.4147192765507475,2866.3947265625,2935.046518554688,44.76181873360508,-17.60247564598467,-26.966703859612853,9.364228213628184,2733.193359375,-0.0374799685635734,-1,0.0178465163474605,2383256.9,1.1003996254033714,15835.349609375,0.0052881882498054,-0.0443102641446271,0.0111804281850457
2022-07-05,2823.164794921875,2872.0564215860604,2814.9575797580337,2857.134368050925,2170627,-0.005795671997464,-0.5795671997464003,2859.969470214844,2929.636674804688,43.30923983418847,-20.150482631815976,-25.60345961405348,5.452976982237502,2707.650390625,-0.0409166352969032,-1,0.017408230929555,2376375.45,0.9134192158061556,15810.849609375,-0.0015471713984448,-0.0368839610758662,0.0110570619701991
2022-07-06,2862.181640625,2868.984341756593,2810.832219180068,2825.095947359216,2182144,0.0138202508664411,1.382025086644112,2853.6759033203125,2925.0403076171874,47.64682017905356,-18.804694343749816,-24.24370655999275,5.439012216242933,2667.317626953125,-0.0680823365316967,-1,0.0174763681078478,2376197.3,0.918334517087449,15989.7998046875,0.0113181897073002,-0.022404291650745,0.0114268490762214
2022-07-07,2885.969482421875,2913.6628902111784,2865.9563300088125,2871.1790065280893,1989921,0.0083110874094212,0.8311087409421214,2847.5644653320314,2920.659873046875,50.151075544426114,-15.63839768589878,-22.52264478517396,6.884247099275175,2639.154541015625,-0.0855223670622897,-1,0.0175211625648516,2411733.5,0.8250998711093079,16132.900390625,0.0089494920315105,-0.0209489702655761,0.0114904457212684
2022-07-08,2866.306640625,2901.0223978064614,2852.745171821785,2896.6335590805816,2136916,-0.0068132535415357,-0.6813253541535724,2843.4191772460936,2915.483359375,48.10282962146205,-14.5480113572944,-20.92771809959805,6.379706742303647,2635.502197265625,-0.080523290874785,-1,0.0170692876914286,2442200.2,0.8749962431417374,16220.599609375,0.0054360478665673,0.0011603528567276,0.0109460499153893
2022-07-11,2733.193359375,2830.8010937637823,2726.346727823352,2814.255085372196,6974600,-0.0464406980618704,-4.644069806187046,2838.775769042969,2908.300244140625,37.06613672045166,-24.146654061581103,-21.57150529199465,-2.575148769586445,2696.14013671875,-0.0135567513103876,0,0.0176751165945156,2639384.15,2.6425103750054726,16216.0,-0.0002835659276332,0.0279947001749398,0.009004759453478
2022-07-12,2707.650390625,2752.8554340083,2703.7443666293075,2734.158936312343,3734815,-0.0093454671483034,-0.934546714830342,2833.252404785156,2900.6812548828125,35.38825202725832,-33.42939837050517,-23.94308390769676,-9.486314462808409,2705.6005859375,-0.0007570418598343,0,0.017760428167289,2695550.25,1.3855482753474917,16058.2998046875,-0.0097249750439381,0.0207346891649549,0.0093062958071121
2022-07-13,2667.317626953125,2729.8585996953416,2664.025996808798,2724.591991464418,3863530,-0.0148958535457619,-1.489585354576195,2825.8989501953124,2893.3480908203123,32.85890094536413,-43.53867037701457,-27.862201201560325,-15.676469175454244,2785.29248046875,0.0442297731336884,1,0.0179971101263764,2818499.95,1.3707752593715674,15966.650390625,-0.0057072925015229,0.0174928224090942,0.0093974375128484
2022-07-14,2639.154541015625,2690.419485413844,2611.211846000286,2689.539400531471,4764908,-0.0105585797705205,-1.0558579770520549,2819.959326171875,2884.8648876953125,31.182902972880623,-53.209500936935,-32.931661148635264,-20.277839788299737,2796.2939453125,0.0595415697924242,1,0.0176318964779488,2955143.95,1.6124114698371967,15938.650390625,-0.0017536552323109,0.0376320453595573,0.0078826175170938
2022-07-15,2635.502197265625,2665.688935952516,2598.8905812888142,2656.580186606266,4574806,-0.0013839067372668,-0.1383906737266849,2816.1675659179687,2877.717607421875,30.962341153371995,-60.47134146465624,-38.439597211839455,-22.03174425281678,2790.748779296875,0.0589058822232517,1,0.0172820029294421,2921862.55,1.5657156768034828,16049.2001953125,0.0069359576863876,0.0494131621481348,0.0078161435356272
2022-07-18,2696.14013671875,2707.977235850919,2652.8400018798093,2660.496697666323,3202795,0.0230081156889332,2.300811568893324,2814.376342773437,2871.565112304688,38.71301595437713,-60.634471021856825,-42.87857197384293,-17.755899048013895,2787.009033203125,0.0337033284163648,1,0.0180256843433285,3006863.85,1.0651612975426206,16278.5,0.0142873041582765,0.0604782093823643,0.0082520729134543
2022-07-19,2705.6005859375,2709.736941355733,2666.7008823385627,2666.7008823385627,1865074,0.003508886311178,0.3508886311178072,2808.689074707031,2865.71255859375,39.847655782527774,-59.31660824697792,-46.166179228469936,-13.150429018507984,2742.256591796875,0.0135481955651164,0,0.016373251663033,2951894.5,0.6318227158863571,16340.5498046875,0.0038117642711243,0.0448723692843526,0.0073722759169486
2022-07-20,2785.29248046875,2791.5850009840688,2726.54681875147,2735.1276457438817,3402251,0.0294544194532824,2.945441945328242,2806.5036010742188,2861.9203125,48.4974467073967,-51.25093376562654,-47.18313013590127,-4.067803629725276,2806.458740234375,0.0075992951957644,0,0.0177940410328721,2955191.3,1.1512794450904076,16520.849609375,0.0110338885069691,0.0718567612855147,0.0064926440481402
2022-07-21,2796.2939453125,2802.190471485001,2767.031120822275,2787.229027384736,2420640,0.0039498418643266,0.3949841864326675,2801.100390625,2858.406513671875,49.57544038627036,-43.47000717571473,-46.44050554386396,2.9704983681492294,2869.516357421875,0.0261855203856946,1,0.0166509347470596,2891594.4,0.8371298547265136,16605.25,0.005108719746296,0.0674052307562895,0.0063617344969328
2022-07-22,2790.748779296875,2813.630983100634,2766.546448350592,2803.069965960437,2075886,-0.0019830411695167,-0.1983041169516752,2796.1089599609377,2854.672822265625,49.01851587403434,-37.32080434810496,-44.61656530471216,7.295760956607197,2905.951904296875,0.0412803638416443,1,0.0166363346034783,2888782.8,0.7186023123649172,16719.44921875,0.0068772959606149,0.064983946287243,0.0062703027642703
2022-07-25,2787.009033203125,2804.3466638559003,2771.475619682265,2785.4688845307937,1797504,-0.001340051143798,-0.1340051143798093,2789.982568359375,2851.528725585937,48.621805931078505,-32.37607185704974,-42.16846661517968,9.792394758129936,2903.2236328125,0.0416986806375037,1,0.0165252537957359,2876773.7,0.6248332984968543,16631.0,-0.0052901993117577,0.0504641032063928,0.0064122009324214
2022-07-26,2742.256591796875,2788.9010938413444,2725.1830298245063,2785.204780048454,2639367,-0.0160575157357188,-1.6057515735718897,2781.467126464844,2846.18521484375,44.02964202437956,-31.703030936555933,-40.07537947945493,8.372348542898997,2897.0634765625,0.0564523703685173,1,0.0167986917849397,2938739.75,0.8981288662937914,16483.849609375,-0.008847958067765,0.0399773760743977,0.0068933308870843
2022-07-27,2806.458740234375,2811.079185829187,2737.063961878892,2741.464386254903,1389808,0.0234121593980494,2.341215939804941,2777.375329589844,2842.1745751953126,51.15667872306896,-25.69289266552414,-37.19888211666877,11.505989451144629,2939.043212890625,0.0472426231519005,1,0.0177296021833723,2901530.45,0.4789913543729999,16641.80078125,0.0095821774414373,0.0533385567981956,0.0069783180182955
2022-07-28,2869.516357421875,2872.5966540791287,2817.7232833962703,2830.3525856367887,2106333,0.0224687490621129,2.2468749062112936,2777.46337890625,2842.6833642578126,56.95434142001198,-15.661061108698505,-32.891317915074715,17.23025680637621,2952.639892578125,0.028967785787753,1,0.0184377059241415,2870866.95,0.7336923085202537,16929.599609375,0.0172937311236929,0.0728346895248808,0.0076390902715141
2022-07-29,2905.951904296875,2919.5053390848148,2882.2777092112715,2895.478981161857,2430257,0.012697452231196,1.2697452231196005,2777.2665771484376,2843.3794189453124,59.91508720970207,-4.7163510372975,-27.25632453951928,22.539973502221773,2961.52978515625,0.0191255336253828,0,0.0183603953813778,2917235.85,0.8330683993205417,17158.25,0.0135059538264792,0.0892709337989803,0.0078396112204465
2022-08-01,2903.2236328125,2928.0419799310016,2878.757233650227,2928.0419799310016,1306913,-0.000938856379674,-0.0938856379674057,2780.446643066406,2843.519565429688,59.5846014300858,3.6946719604857208,-21.06612523951828,24.760797200004,2969.8017578125,0.0229324824472796,1,0.0174589776450223,2851454.75,0.4583320145620406,17340.05078125,0.0105955316684394,0.0950216578094476,0.0079631850988747
2022-08-02,2897.0634765625,2915.633138775944,2879.3296371550764,2895.479280791604,1269114,-0.0021218331858342,-0.2121833185834254,2784.1415771484376,2844.1250244140624,58.79600783050476,9.750991793957382,-14.902701832823146,24.65369362678053,2952.024658203125,0.0189713418726464,0,0.0174001305768812,2806379.1,0.4522247190338611,17345.44921875,0.0003113276638058,0.0970599080561149,0.0078985146567735
2022-08-03,2939.043212890625,2947.4040185568806,2884.081959667972,2886.678166875655,2895824,0.0144904440885553,1.4490444088555376,2787.984655761719,2847.296669921875,62.44382624059669,17.73366018203842,-8.375429429850833,26.109089611889253,3012.090576171875,0.0248541304057268,1,0.0174258588589047,2842063.1,1.0189161528468529,17388.150390625,0.0024618083588656,0.0874526637617791,0.0077532174734852
2022-08-04,2952.639892578125,2981.638638223972,2910.747993021764,2948.2835166234595,2150567,0.0046262265310919,0.4626226531091904,2791.3181762695312,2849.699213867188,63.56880714241709,24.870429974756007,-1.726257548929465,26.59668752368547,2993.65283203125,0.0138902612391766,0,0.0173691212767957,2850095.4,0.7545596543891128,17382.0,-0.0003537116074355,0.077425607245481,0.0077341657730532
2022-08-05,2961.52978515625,2972.04675691392,2952.684888790702,2958.141372288894,1106933,0.0030108285810508,0.3010828581050839,2796.0793334960936,2851.6765185546874,64.32133186799692,30.887657796083204,4.796525520073069,26.091132276010136,2985.86376953125,0.0082166941210473,0,0.0172666024846584,2798596.25,0.3955315097703,17397.5,0.0008917270739845,0.0725559115548841,0.0077491962824262
2022-08-08,2969.8017578125,2973.7180917346627,2935.962544242779,2961.485000412756,1068836,0.0027931418072209,0.27931418072209,2807.9097534179687,2851.818828125,65.04486043566146,35.90988644011668,11.019197704081792,24.89068873603489,2993.256591796875,0.0078977776623216,0,0.0130169086112847,2503308.05,0.4269694255167677,17525.099609375,0.0073343646716481,0.0807288856299333,0.007738746006785
2022-08-10,2952.024658203125,2979.087267799829,2935.083024553156,2979.087267799829,1878359,-0.0059859549758194,-0.5985954975819441,2820.128466796875,2851.796948242188,62.12892830891165,38.01733527853912,16.41882521897326,21.59851005956586,2975.78662109375,0.0080493781867962,0,0.0128530169169091,2410485.25,0.7792451748045337,17534.75,0.0005506610997998,0.0919431205837566,0.0071000770392309
2022-08-11,3012.090576171875,3017.547059589707,2970.330590557669,2992.2886658829434,1449248,0.0203473632247068,2.034736322470687,2837.3671142578123,2853.1370263671874,67.44019507492902,44.02680762206319,21.940421699591248,22.08638592247194,2979.7470703125,-0.0107378928493182,0,0.0124776430205306,2289771.15,0.6329226394524187,17659.0,0.0070859293688247,0.1059927766921409,0.0067038053330092
2022-08-12,2993.65283203125,3009.010270550342,2975.787065603493,3009.010270550342,1472354,-0.0061212449208808,-0.6121244920880842,2855.0920288085936,2852.9180859375,64.45211624689782,46.76253647688782,26.904844655050564,19.857691821837253,2952.28857421875,-0.013817319553528,0,0.012200918196258,2125143.45,0.6928257007779874,17698.150390625,0.0022170219505635,0.1103920317516296,0.0065480371949879
2022-08-16,2985.86376953125,3005.357777498168,2981.2873713731783,3001.969364945804,839942,-0.0026018589786561,-0.2601858978656168,2872.610107421875,2852.242299804688,63.1785976180845,47.75165767110229,31.07420725826092,16.67745041284138,2890.726318359375,-0.03186262285061,-1,0.0122447318714431,1938400.25,0.4333171129130839,17825.25,0.0071815193435313,0.1106628232605779,0.006551555346987
2022-08-17,2993.256591796875,3008.0858922168222,2966.854046980335,2979.1752345613872,1622326,0.0024759409123296,0.247594091232961,2887.465930175781,2851.87587890625,63.90754191278569,48.57217254620764,34.573800315850264,13.998372230357376,2864.984130859375,-0.0428538138992277,-1,0.011617561331642,1859376.8,0.87251061753594,17944.25,0.0066759231988331,0.102328224344995,0.0062132484296871
2022-08-18,2975.78662109375,2985.2475323475046,2958.844989313771,2983.4873628119226,1430659,-0.0058364427396575,-0.5836442739657555,2900.975231933594,2852.358212890625,60.84229006306424,47.26788115242334,37.112616483164885,10.155264669258456,2832.289306640625,-0.0482216411069092,-1,0.0118785785309705,1837656.05,0.7785238157053384,17956.5,0.000682669936052,0.0988920332930869,0.0062811552609024
2022-08-19,2979.7470703125,3011.2101014765467,2966.98584088932,2980.8471762972567,1398410,0.0013308915332426,0.1330891533242617,2910.697961425781,2852.1920947265626,61.29551345414468,46.023268389530585,38.89474686443803,7.128521525092559,2835.80908203125,-0.0483054383089482,-1,0.0103812586516128,1737464.0,0.80485696394285,17758.44921875,-0.011029475746944,0.0749113779640429,0.0070133185747629
2022-08-22,2952.28857421875,2978.295123607797,2945.995838840667,2961.4854176096087,1536532,-0.0092150425676466,-0.9215042567646604,2918.497692871094,2851.073901367188,56.41974439927692,42.3332413981384,39.5824457711781,2.750795626960297,2756.90966796875,-0.0661787970038471,-1,0.0107571827394008,1693258.6,0.9074408362668288,17490.69921875,-0.0150773300473388,0.0533234500383914,0.0081512810558798
2022-08-23,2890.726318359375,2941.1550002452464,2877.876995674506,2921.8371838740786,1849256,-0.0208523842814606,-2.0852384281460634,2923.4965698242186,2849.9041796875,47.32961838337859,34.04881532324407,38.47571968159129,-4.426904358347223,2826.084228515625,-0.0223618851197361,-1,0.0119568138846873,1681927.1,1.0994864165040208,17577.5,0.0049626821755044,0.0513205172026685,0.0081099427134948
2022-08-24,2864.984130859375,2911.320509491812,2860.451565234572,2897.239152734898,1691923,-0.008905093275869,-0.890509327586908,2927.3953247070312,2850.6826318359376,44.12800634974028,25.1166395913674,35.80390366354652,-10.68726407217912,2756.1611328125,-0.0379838048227627,-1,0.0121799240983782,1676648.05,1.0091104093074277,17604.94921875,0.0015616110795051,0.0585622763964885,0.0079040132482952
2022-08-25,2832.289306640625,2885.0503557407283,2829.2530565751263,2883.158259068392,1946930,-0.0114118692200025,-1.141186922000259,2931.8969604492186,2850.966064453125,40.39088412965663,15.224132574966006,31.68794944583042,-16.463816870864413,2755.01708984375,-0.0272826001975509,-1,0.0118687738403778,1642026.2,1.1856875365326085,17522.44921875,-0.0046861822192667,0.063007102951504,0.007629019855652
2022-08-26,2835.80908203125,2866.436074774527,2831.0567102540363,2846.458193615582,1457962,0.0012427315890266,0.1242731589026657,2933.3644775390626,2851.39451171875,40.97046360037103,7.580878304673661,26.86653521759907,-19.285656912925408,2757.65771484375,-0.0275587548127609,-1,0.0107114231941987,1645433.9,0.8860653715715958,17558.900390625,0.0020802555293466,0.0551081954068504,0.0074757684160981
2022-08-29,2756.90966796875,2765.842442693576,2711.5412538067208,2750.264984792601,2539173,-0.0278225408623014,-2.7822540862301404,2927.7341430664064,2851.3737646484374,33.182078593486224,-4.787788451164488,20.53567048384636,-25.323458935010848,2752.0693359375,-0.001755709331897,0,0.011193386872228,1667075.9,1.5231298107062792,17312.900390625,-0.0140099889245538,0.0226408651175507,0.0075389371070552
2022-08-30,2826.084228515625,2839.593616184148,2765.314544774919,2776.667552785057,3431525,0.0250913409860982,2.509134098609822,2923.740759277344,2853.668701171875,43.35003139421894,-8.905579074350044,14.647420572207078,-23.55299964655712,2771.9150390625,-0.0191675778473088,0,0.0123316065751943,1717139.3,1.9983964026680887,17759.30078125,0.0257842637890255,0.0350298416942287,0.00896362896987
2022-09-01,2756.1611328125,2807.4701123209047,2746.744269766001,2807.4701123209047,3546935,-0.0247420423629239,-2.474204236292399,2916.387634277344,2854.1526318359374,37.1894799608115,-17.608190996761095,8.196298258413444,-25.804489255174538,2789.560546875,0.0121180919594559,0,0.0133956180627997,1829140.4,1.939126706730659,17542.80078125,-0.0121907952721076,0.0116925839813131,0.0092259086982385
2022-09-02,2755.01708984375,2783.707937331414,2746.1283631926813,2783.707937331414,2052900,-0.0004150856621298,-0.0415085662129888,2909.2853149414063,2852.8660546875,37.09658962576955,-24.317076232661293,1.6936233601984965,-26.01069959285979,2831.804443359375,0.0278718247515408,1,0.0134036575690281,1868329.7,1.098788934308543,17539.44921875,-0.0001910505934481,0.0111844898078679,0.009227482014809
2022-09-05,2757.65771484375,2770.462992067452,2739.044006672377,2749.076887768465,2147912,0.0009584786278584,0.0958478627858472,2900.2160400390626,2851.439169921875,37.48472715110763,-29.085559523093707,-4.462213216459944,-24.623346306633763,2854.071044921875,0.0349620366440539,1,0.0128342916118798,1830934.1,1.173123598495435,17665.80078125,0.0072038500710118,0.0159677932607886,0.0093381912808514
2022-09-06,2752.0693359375,2764.214549676102,2733.8516227618284,2759.506009846509,1936453,-0.0020264947590011,-0.2026494759001185,2890.1875122070314,2848.3933935546875,36.96489313686397,-32.935887945178365,-10.15694816220363,-22.77893978297473,2842.102294921875,0.0327146405102125,1,0.0127090622162401,1820228.4,1.0638516572975127,17655.599609375,-0.0005774531254664,0.0157403986523414,0.009339822533333
2022-09-07,2771.9150390625,2782.73990969169,2730.022918646201,2730.022918646201,1291534,0.0072111929978826,0.7211192997882643,2880.706774902344,2846.020146484375,40.13968088768112,-33.99405625512827,-14.924369780788558,-19.06968647433971,2746.216796875,-0.0092709342910421,0,0.0128550407750783,1829458.45,0.7059651997015839,17624.400390625,-0.0017671004916441,0.0130421262034774,0.0093576910060117
2022-09-08,2789.560546875,2801.749806630052,2781.1559093890387,2789.868662483827,1346113,0.0063658184193364,0.6365818419336478,2871.694714355469,2843.620620117188,42.89370985774115,-33.02808999149829,-18.545113822930503,-14.482976168567788,2732.091796875,-0.0206013632019492,-1,0.0129673914732602,1843322.3,0.7302645880213134,17798.75,0.0098925129655895,0.0156147694863093,0.0094701050440826
2022-09-09,2831.804443359375,2845.7538717723155,2788.548366386449,2811.8706108899173,1561185,0.0151435668000461,1.5143566800046138,2865.683703613281,2842.005400390625,48.94916533799452,-28.52500684612278,-20.54109242756896,-7.98391441855382,2647.91162109375,-0.0649383903245355,-1,0.013562311330472,1827463.6,0.8542906135038749,17833.349609375,0.0019439347917691,0.0170290200530376,0.0094731630893842
2022-09-12,2854.071044921875,2877.7014084575,2838.2735652602178,2851.386743228349,1785928,0.0078630435144331,0.7863043514433121,2857.782727050781,2841.320927734375,51.84754928080245,-22.89562583155657,-21.01199910836648,-1.8836267231900905,2665.60107421875,-0.066035486761432,-1,0.0127426815888401,1844297.6,0.9683513116321356,17936.349609375,0.005775695663245,0.0157058502392548,0.0094324822606938
2022-09-13,2842.102294921875,2872.1130614855856,2838.2738396110262,2872.1130614855856,1972678,-0.00419357115209,-0.419357115209007,2850.2052001953125,2840.8078662109374,50.19780240802533,-19.178995397562176,-20.64539836620562,1.4664029686434432,2675.721923828125,-0.0585413028204614,-1,0.0127220255367378,1869313.8,1.055295263962637,18070.05078125,0.0074542019299801,0.0210135173685721,0.0095452805042379
2022-09-14,2746.216796875,2764.698579511597,2740.4083655364684,2759.066122177662,5090269,-0.0337375252883045,-3.3737525288304537,2838.2228515625,2837.534443359375,39.385576647512586,-23.697527005464963,-21.255824094057488,-2.441702911407475,2641.310791015625,-0.038200190887606,-1,0.0145120513587925,2081830.15,2.445093323295371,18003.75,-0.0036690976717561,0.0100138847982496,0.0094886344497628
2022-09-15,2732.091796875,2761.486548220436,2728.263341401753,2754.665889866932,2138023,-0.0051434395187128,-0.5143439518712878,2825.1646118164062,2835.3838330078124,38.0842219054254,-28.094410436095583,-22.623541362465108,-5.470869073630478,2646.766357421875,-0.0312308098690978,-1,0.0144308442119952,2107615.0,1.014427682475215,17877.400390625,-0.0070179606679163,-0.0037254055965002,0.0095166689667575
2022-09-16,2647.91162109375,2723.2910281150525,2640.2549247847733,2707.141382879321,5322221,-0.0308116205603107,-3.0811620560310726,2808.770861816406,2831.87876953125,31.420996561650952,-37.93432560291649,-25.685698210555383,-12.248627392361104,2624.456787109375,-0.0088578613415679,0,0.0155906938080588,2302193.1,2.311804774325837,17530.849609375,-0.0193848531485446,-0.0237045298707988,0.0104382269883395
2022-09-19,2665.60107421875,2677.2181514295744,2629.517594860232,2671.937642255157,2072220,0.0066805300388739,0.6680530038873922,2793.0635620117187,2827.947158203125,34.03289393163698,-43.80023637489421,-29.308605843423152,-14.49163053147106,2635.326171875,-0.011357626854432,0,0.0157626730119988,2335883.6,0.8871246837813322,17622.25,0.0052136885924867,-0.0076695446247747,0.0102592238008881
2022-09-20,2675.721923828125,2710.61720102937,2666.6570072003938,2684.258703617558,1544295,0.0037968358083519,0.3796835808351995,2779.2352294921875,2823.74220703125,35.545430551332544,-47.08952619749152,-32.86478991423683,-14.224736283254693,2655.612060546875,-0.0075156775829975,0,0.0158666714631631,2336271.75,0.6610082923786584,17816.25,0.0110088098852303,0.0186127939871614,0.0099395564670489
2022-09-21,2641.310791015625,2676.690161452811,2638.626489065098,2664.8971095952425,2253818,-0.0128605041151915,-1.286050411519157,2766.764453125,2819.2422900390625,32.79235719536874,-51.875019972917016,-36.66683592597287,-15.208184046944147,2671.62939453125,0.0114786202436885,0,0.0155379669479648,2356499.85,0.9564261164710024,17718.349609375,-0.0054950054374517,0.0080130626866732,0.0099933502253184
2022-09-22,2646.766357421875,2666.612308254682,2622.036108918616,2631.4529712273843,2017983,0.0020654768930665,0.2065476893066575,2755.853564453125,2817.51375,33.66950504360571,-54.59796826059619,-40.25306239289753,-14.344905867698657,2637.87841796875,-0.0033580370357217,0,0.0155636511141482,2372802.85,0.8504638301492262,17629.80078125,-0.0049975776569025,0.0014116236401029,0.0100622192062054
2022-09-23,2624.456787109375,2660.0561724828663,2621.772485633237,2643.774604512334,2652374,-0.0084289911914366,-0.8428991191436697,2745.4619384765624,2815.8498779296874,31.83948352766363,-57.88881405780239,-43.78021272587851,-14.10860133192388,2644.2587890625,0.0075451811782107,0,0.0155014125655446,2408075.05,1.1014498904425758,17327.349609375,-0.0171556772324205,-0.0111342659316274,0.0107391434746541
2022-09-26,2635.326171875,2663.00501422092,2575.2165443379304,2604.9194100878144,2925489,0.0041415750562221,0.4141575056222146,2735.43779296875,2815.210048828125,33.72938390645555,-58.94033703376499,-46.81223758745581,-12.12809944630918,2627.009033203125,-0.0031560186972823,0,0.0155633726853525,2481451.4,1.1789426945859185,17016.30078125,-0.0179513217622564,-0.0309016850317519,0.0113991771386048
2022-09-27,2655.612060546875,2662.2567443196413,2619.1325854860343,2648.527334337031,2227447,0.0076976766247656,0.7697676624765615,2730.372912597656,2815.53919921875,37.227614482114575,-57.47424753929863,-48.944639577824375,-8.529607961474255,2720.47412109375,0.0244245240148208,1,0.0146466078064321,2465865.1,0.9033125940263318,17007.400390625,-0.0005230508522044,-0.0176458012873123,0.0110129585343633
2022-09-28,2671.62939453125,2684.214650414333,2622.652760305555,2622.652760305555,2739767,0.0060315037058071,0.6031503705807184,2722.6501708984374,2816.2617431640624,39.92416235642426,-54.39288869970278,-50.03428940220006,-4.358599297502721,2729.97900390625,0.0218404579222102,1,0.0133716401937784,2431277.2,1.126883845248086,16858.599609375,-0.0087491784653945,-0.0507171528299101,0.0091738598235437
2022-09-29,2637.87841796875,2689.407429965768,2631.453755459116,2687.779187014094,2493902,-0.0126331057112888,-1.263310571128884,2716.73603515625,2815.0965087890627,36.37799627611015,-54.05124228392651,-50.83767997854535,-3.21356230538116,2697.371826171875,0.0225535065596149,1,0.0125722894869669,2378625.55,1.048463470847692,16818.099609375,-0.0024023347691036,-0.0413104601090591,0.008889657580092
2022-09-30,2644.2587890625,2657.591987636285,2596.338215395767,2632.2016704566418,2817353,0.0024187510122861,0.2418751012286168,2711.1981201171875,2813.8696728515624,37.50803089021149,-52.65862654575221,-51.20186929198673,-1.4567572537654812,2744.58837890625,0.0379424246441935,1,0.0126083700996437,2416848.2,1.1657136761837172,17094.349609375,0.016425755966269,-0.0253770573878214,0.0098039533355615
2022-10-03,2627.009033203125,2658.472064233224,2617.372147790572,2635.8539282558045,1763331,-0.006523474907496,-0.6523474907496052,2704.6656860351563,2810.70400390625,35.66372560477372,-52.343496431454696,-51.43019471988033,-0.9133017115743628,2701.46435546875,0.0283422406716435,1,0.0126277943393798,2397619.15,0.7354508325477798,16887.349609375,-0.0121092644487904,-0.0440654336315864,0.0098794810488625
2022-10-04,2720.47412109375,2726.502788091317,2660.496426210475,2666.612972771875,2145875,0.0355785178921377,3.557851789213773,2703.085925292969,2809.187607421875,50.007528348827634,-44.044188089303134,-49.95299339376489,5.908805304461758,2728.922607421875,0.0031055198292893,0,0.0152130627869282,2408090.25,0.8911107048417309,17274.30078125,0.0229136709327191,-0.0215964813748117,0.0113674309849173
2022-10-06,2729.97900390625,2749.3849167299395,2721.6181983015977,2737.943814323573,1790816,0.0034938332031178,0.3493833203117802,2700.989123535156,2807.9722119140624,51.199094902384175,-36.28172864429234,-47.21874044387039,10.937011799578045,2731.167724609375,0.0004354321778388,0,0.0151368351004986,2433054.35,0.7360361678726988,17331.80078125,0.0033286441360573,-0.0166019610817876,0.0114070716930348
2022-10-07,2697.371826171875,2732.663312710145,2691.387421404363,2725.9745822630443,1939879,-0.0119441130088246,-1.1944113008824695,2696.3796875,2806.1794677734374,47.05551819443847,-32.38770503918522,-44.25253336293336,11.864828323748135,2727.5146484375,0.0111748858548743,0,0.0152433306682394,2462742.65,0.787690504324518,17314.650390625,-0.0009895331040011,-0.0271985172764941,0.0111275745361121
2022-10-10,2744.58837890625,2752.02505217605,2644.6547111573486,2649.0551349695907,3064063,0.0175046511112206,1.7504651111220682,2692.018884277344,2806.226103515625,52.988620580837136,-25.20117857729383,-40.44226240580545,15.24108382851162,2745.69189453125,0.0004020696267175,0,0.0153880258911196,2537886.55,1.2073285939436498,17241.0,-0.0042536458411471,-0.0332158356309911,0.0111182164595869
2022-10-11,2701.46435546875,2767.8667110161023,2687.2070246042927,2728.2628948012457,4730645,-0.015712382872759,-1.5712382872759,2684.3885498046875,2804.1262158203126,47.72792277698189,-22.72360924658369,-36.898531773961096,14.174922527377404,2774.765380859375,0.0271338117944206,1,0.0155392862249505,2685122.4,1.7617986427732308,16983.55078125,-0.0149323831999303,-0.053121111534701,0.0113540934864896
2022-10-12,2728.922607421875,2736.9752964040767,2694.863372830549,2714.973179114535,1665247,0.0101642103467105,1.0164210346710556,2678.729565429688,2801.3143408203123,51.05962608281497,-18.33313329895145,-33.185452078959166,14.852318780007714,2754.603759765625,0.0094107294482828,0,0.0157927849454426,2669750.85,0.6237462196144633,17123.599609375,0.0082461453396196,-0.0523767853965891,0.0113925546451617
2022-10-13,2731.167724609375,2737.0642509230306,2686.327438455416,2728.923464967713,2054781,0.0008227119308528,0.0822711930852815,2677.9771118164062,2797.8186572265627,51.33276528936156,-14.505279452670038,-29.44941755370134,14.944138101031305,2785.8828125,0.0200335876107538,1,0.0139050531396464,2517976.45,0.8160445662627225,17014.349609375,-0.0063800837728176,-0.0549552393598555,0.0114217252547242
2022-10-14,2727.5146484375,2772.267045256709,2702.740347931223,2767.866621375349,2245977,-0.0013375510185473,-0.1337551018547378,2677.748254394531,2794.304477539062,50.83561325141114,-11.632359815274867,-25.88600600601605,14.253646190741184,2768.32373046875,0.0149620028822312,0,0.0138595641666928,2523374.15,0.8900689578673856,17185.69921875,0.0100708880038873,-0.038691373284772,0.0117217054146595
2022-10-17,2745.69189453125,2760.3831460488755,2710.1326377090127,2711.19142977343,1517005,0.0066643990726733,0.6664399072673355,2682.6372680664062,2791.2770458984373,53.26124965914941,-7.798897621059496,-22.26858432902474,14.469686707965243,2789.76513671875,0.0160517799813166,0,0.0118631602876333,2333113.35,0.6502063005211469,17311.80078125,0.0073375869608156,-0.0124950491850582,0.0111326652172266
2022-10-18,2774.765380859375,2784.1626709744187,2760.515312292103,2779.4419453117853,1793722,0.010588765034428,1.0588765034428071,2688.0954833984374,2787.9914892578126,56.922110368269166,-2.3873440282359297,-18.29233626886698,15.90499224063105,2790.11865234375,0.005533178260866,0,0.0119780119199854,2319188.45,0.7734265837689903,17486.94921875,0.010117285874136,-0.0076778380314659,0.0113191738045459
2022-10-19,2754.603759765625,2787.3834440777728,2745.91240201647,2787.3834440777728,1194289,-0.0072660633698354,-0.7266063369835485,2692.0395751953124,2784.0307666015624,53.77645392840069,0.2713489162497353,-14.579599231843638,14.850948148093371,2785.97119140625,0.0113872754037385,0,0.0121486101119149,2301688.15,0.5188752438074636,17512.25,0.0014468379208691,-0.0170630744404687,0.0110130834125274
2022-10-20,2785.8828125,2788.265147865024,2739.735216493956,2739.735216493956,1587601,0.0113551913314153,1.1355191331415382,2699.268176269531,2780.5178271484374,57.683535661375394,4.846473248531765,-10.694384735768558,15.540857984300324,2791.133056640625,0.0018845890132448,0,0.0118424712330799,2268377.3,0.6998840095957582,17563.94921875,0.002952174549244,-0.0087141519401617,0.0109855988106343
2022-10-21,2768.32373046875,2788.6180658364588,2759.1472476011204,2786.324052829806,1021913,-0.0063028789123734,-0.6302878912373466,2705.346044921875,2776.4882666015624,54.87920053609776,6.975017412373745,-7.160504306140098,14.135521718513845,2817.515380859375,0.0177694717742766,0,0.012013931572527,2218573.8,0.4606170865264883,17576.30078125,0.0007032337856462,-0.0030346344047686,0.0109333231289979
2022-10-24,2789.76513671875,2804.1476868183136,2783.853351765821,2797.1771100771816,260949,0.0077452669332027,0.7745266933202766,2713.611462402344,2773.243076171875,57.59049908827346,10.27361841068432,-3.673679762775216,13.947298173459536,2876.236572265625,0.0309959553256804,1,0.0117949793393971,2099002.55,0.1243204778383904,17730.75,0.0087873563767617,0.0232811364530176,0.0103247328536497
2022-10-25,2790.11865234375,2809.66289628552,2780.4566102689723,2806.354036786087,2069643,0.0001267187765547,0.012671877655479,2721.351086425781,2768.8036376953123,57.63569931671691,12.769114816361707,-0.3851208469478302,13.154235663309535,2860.354736328125,0.0251731530934626,1,0.0118109104364265,2056210.25,1.006532770663895,17656.349609375,-0.004196122026705,0.0376138642794947,0.0093983017657575
2022-10-27,2785.97119140625,2800.618494654253,2765.632908701152,2788.88303065682,2438421,-0.0014864819221992,-0.1486481922199245,2727.86904296875,2764.6500048828125,56.86989420252109,14.24790725523826,2.541484773489388,11.706422481748872,2829.515625,0.0156298937074688,0,0.0117940543761981,2066758.95,1.1798284458862511,17736.94921875,0.0045649078749665,0.0428959636022416,0.0093984166031667
2022-10-28,2791.133056640625,2804.58908417995,2775.0299417165147,2779.4417540244904,1355739,0.0018528063930802,0.1852806393080275,2733.8442260742186,2760.755390625,57.62455195749363,15.655908731684576,5.1643695651284265,10.49153916655615,2838.9130859375,0.0171185064729169,0,0.0117645130798229,1997557.55,0.6786983433843996,17786.80078125,0.0028106052447454,0.0550580234053859,0.0090419310023428
2022-10-31,2817.515380859375,2822.6772870116406,2803.971247418453,2822.6772870116406,1919414,0.0094521915234322,0.945219152343224,2742.82607421875,2757.24056640625,61.347118469893694,18.685201749408407,7.868536001984423,10.816665747423984,2853.295654296875,0.012699229143724,0,0.0113216278081986,1968833.15,0.9748992696511636,18012.19921875,0.0126722303955641,0.0710008643728907,0.0092188518509681
2022-11-01,2876.236572265625,2878.795552389022,2826.6036889900406,2836.3538362553886,2991060,0.0208414803358905,2.0841480335890505,2754.4249633789063,2755.249565429688,68.07048737481594,25.52995426294501,11.40081965417654,14.12913460876847,2837.72216796875,-0.0133905550983718,0,0.0119718118724765,1977518.5,1.5125319940116868,18145.400390625,0.0073950532223929,0.0614852746824352,0.0087609754594086
2022-11-02,2860.354736328125,2885.325640459638,2843.0163977761526,2885.325640459638,1405955,-0.0055217418798725,-0.5521741879872533,2766.092248535156,2752.86171875,64.78809276204291,29.33478536813209,14.987612796967651,14.347172571164435,2828.546142578125,-0.0111205066092022,0,0.0119262391569962,1959649.7,0.717452205871284,18082.849609375,-0.0034471976315451,0.0707926363611444,0.0081674689253416
2022-11-03,2829.515625,2848.309987196131,2819.147866804397,2848.309987196131,1422652,-0.0107815687811203,-1.0781568781120354,2771.544323730469,2750.406259765625,58.85351071777274,29.521378801940045,17.894365997962133,11.627012803977912,2925.8701171875,0.0340533522190746,1,0.0098595017818622,1923488.55,0.7396207271418381,18052.69921875,-0.0016673473084335,0.0450610677304459,0.0068246758543333
2022-11-04,2838.9130859375,2841.2514758680345,2793.692006783395,2838.560227097683,1464013,0.0033212260269812,0.3321226026981261,2776.9910278320312,2749.3699951171875,60.05427727501201,30.080799272992408,20.331652652968188,9.74914662002422,2943.1201171875,0.0367066648733234,1,0.0098582127702627,1907148.4,0.7676450348593744,18117.150390625,0.0035701681556883,0.0453126376934018,0.0068269386322218
2022-11-07,2853.295654296875,2861.325239443402,2819.2365900807545,2849.148593513063,1474498,0.0050662235595089,0.506622355950892,2784.787219238281,2749.1362255859376,61.8874541038487,31.32361792401798,22.53004570717815,8.79357221683983,2940.561767578125,0.0305843220802699,1,0.0093100143323735,1883879.35,0.7826923735853891,18202.80078125,0.0047275862251119,0.0512947342619107,0.0068042324039126
2022-11-09,2837.72216796875,2867.501904513535,2825.0160177906464,2867.501904513535,1162267,-0.0054580696201854,-0.5458069620185468,2789.4439086914062,2749.2448828125,58.74383132745778,30.69804253982511,24.163645073707546,6.534397466117568,2960.63525390625,0.0433139957550818,1,0.0088108037808612,1788789.55,0.6497505533839909,18157.0,-0.0025161392359563,0.0531291688417145,0.0067237274279286
2022-11-10,2828.546142578125,2845.6199484369868,2797.089995827984,2797.089995827984,1573092,-0.0032335883668249,-0.3233588366824969,2795.797998046875,2749.0996240234376,56.90954811807,29.12609350350067,25.15613475966617,3.9699587438345,2955.031982421875,0.0447176158591715,1,0.0079079254791293,1630911.9,0.964547502535238,18028.19921875,-0.0070937259046097,0.0615094246753924,0.0058140815642563
2022-11-11,2925.8701171875,2948.502846331555,2872.1343229110385,2884.972741372326,3265394,0.0344077733590257,3.4407773359025784,2805.645373535156,2752.4788330078127,68.23783297629961,35.32632407347046,27.19017262242703,8.136151451043428,2950.135009765625,0.0082932227358916,0,0.0105789251280257,1710919.25,1.908561143373657,18349.69921875,0.0178331732470333,0.0716029127838122,0.0066097038791646
2022-11-14,2943.1201171875,2955.032010931176,2919.737510949914,2932.972948442887,1342074,0.0058956820737421,0.5895682073742137,2816.2429931640627,2754.81955078125,69.75552319376044,41.15754376135601,29.98364685021283,11.17389691114318,2897.23779296875,-0.0155896879474277,0,0.0105710864176822,1675283.9,0.801102428072042,18329.150390625,-0.0011198455015547,0.0772759941717393,0.00629361750621
2022-11-15,2940.561767578125,2947.04700361366,2904.737758867368,2930.3262749691767,1400708,-0.0008692644226222,-0.0869264422622251,2826.8953491210937,2758.5075634765626,69.22719326892164,45.05304646808145,32.997526773786554,12.055519694294894,2924.987548828125,-0.0052963413051605,0,0.0105596287225356,1633020.45,0.8577406363772113,18403.400390625,0.0040509242609507,0.0708554919049473,0.0061167451819535
