Model,Fold,Date,Actual,Probability,Prediction,Close,Return_1D,Trend_Return_20D,Trend_Return_60D,Volatility_20D,Volatility_Median,Forward_Return_10D,Signal,Regime
XGBoost,1,2023-03-03,0,0.3472266495227813,0,3342.14990234375,0.006232203247431567,-0.040246430381993825,,0.18390814810406683,,-0.05949758668100957,0,Weak_Downtrend
XGBoost,1,2023-03-06,0,0.5566051006317139,1,3371.85009765625,0.008886553918982631,-0.025462753727343856,,0.18701605436847257,,-0.07881429847214172,0,Weak_Downtrend
XGBoost,1,2023-03-08,0,0.5375850796699524,1,3390.39990234375,0.005501372881431932,-0.0236570086332083,,0.18777258911428643,,-0.07656909538493262,0,Weak_Downtrend
XGBoost,1,2023-03-09,0,0.3203698992729187,0,3336.85009765625,-0.01579453935521924,-0.05205817872111407,,0.18606469730631792,,-0.0635929661513851,0,Weak_Downtrend
XGBoost,1,2023-03-10,0,0.4161155521869659,0,3331.0,-0.0017531796409910871,-0.05926545656229654,,0.18339268956835245,,-0.0631942359651756,0,Weak_Downtrend
XGBoost,1,2023-03-13,0,0.452767014503479,0,3281.949951171875,-0.014725322374099403,-0.07225342232003817,,0.18782536899394095,,-0.0486448314931629,0,Weak_Downtrend
XGBoost,1,2023-03-14,0,0.4399172663688659,0,3214.949951171875,-0.020414692788376154,-0.07680047055821304,,0.19260434101693036,,-0.030809203979060507,0,Weak_Downtrend
XGBoost,1,2023-03-15,0,0.4191609621047973,0,3198.89990234375,-0.004992316854660395,-0.0860547375528462,,0.18965778030751845,,-0.018756448101436285,0,Weak_Downtrend
XGBoost,1,2023-03-16,1,0.4191609621047973,0,3185.0,-0.00434521328209303,-0.09533748360503069,,0.1857307636902879,,0.006561978757849252,0,Weak_Downtrend
XGBoost,1,2023-03-17,1,0.4160205423831939,0,3179.300048828125,-0.0017896236018445366,-0.1064487555830601,,0.17696196616225876,,0.006510851713887433,0,Weak_Downtrend
XGBoost,1,2023-03-20,1,0.4828085303306579,0,3143.300048828125,-0.01132324708178123,-0.10220923510760627,,0.17406131232582778,,0.030700219037624654,0,Weak_Downtrend
XGBoost,1,2023-03-21,1,0.8460187315940857,1,3106.10009765625,-0.011834680302233225,-0.10931091269303705,,0.17548377123738146,,0.0368950934975012,1,Weak_Downtrend
XGBoost,1,2023-03-22,1,0.5559381246566772,1,3130.800048828125,0.007952078296032061,-0.09278468593795275,,0.18098408686529313,,0.042353344655548186,0,Weak_Downtrend
XGBoost,1,2023-03-23,1,0.583052933216095,1,3124.64990234375,-0.001964400916205755,-0.08140410768901385,,0.17763594807348176,,0.028531243265847106,0,Weak_Downtrend
XGBoost,1,2023-03-24,1,0.7248117923736572,1,3120.5,-0.0013281175406681944,-0.08591600112279796,,0.17562355047383288,,0.03882387513018748,1,Weak_Downtrend
XGBoost,1,2023-03-27,1,0.5973241925239563,1,3122.300048828125,0.0005768462836484023,-0.08179796977982079,,0.17651740570323132,,0.021314430960311714,0,Weak_Downtrend
XGBoost,1,2023-03-28,1,0.7373450398445129,1,3115.89990234375,-0.0020498178856247495,-0.06481389887990685,,0.16618407190481846,,0.0075740872287002325,1,Weak_Downtrend
XGBoost,1,2023-03-29,0,0.5428194999694824,1,3138.89990234375,0.007381495144532568,-0.05250771697625711,,0.17011115008182953,,-0.0025964199551774536,0,Weak_Downtrend
XGBoost,1,2023-03-31,0,0.5741578936576843,1,3205.89990234375,0.021345057849717408,-0.05310572449454409,,0.16888352502408957,,-0.03627680471323391,0,Weak_Downtrend
XGBoost,1,2023-04-03,0,0.5788522958755493,1,3200.0,-0.0018403264367164995,-0.03656534132902556,,0.15751045411330553,0.17931001746938746,-0.029749984741210933,0,Weak_Downtrend
XGBoost,1,2023-04-05,0,0.5852863192558289,1,3239.800048828125,0.012437515258789,-0.030623956586701917,,0.16315377459051184,0.17763594807348176,-0.024368772758192936,0,Weak_Downtrend
XGBoost,1,2023-04-06,0,0.5703712105751038,1,3220.699951171875,-0.005895455697384366,-0.04482706588571017,,0.1590540653497527,0.17729895711787025,-0.014251530114455124,0,Weak_Downtrend
XGBoost,1,2023-04-10,0,0.3481518030166626,0,3263.39990234375,0.013257972434326915,-0.037458708016186004,,0.1662819085404195,0.17696196616225876,-0.02678185480148476,0,Weak_Downtrend
XGBoost,1,2023-04-11,0,0.5909472107887268,1,3213.800048828125,-0.015198827909507107,-0.03687610927279994,,0.16563173444018747,0.17673968593274503,-0.0048696702491126675,0,Weak_Downtrend
XGBoost,1,2023-04-12,0,0.5936771035194397,1,3241.64990234375,0.008665708224685709,-0.02682380596104772,,0.1697691086105545,0.17651740570323132,-0.016565623305912602,0,Weak_Downtrend
XGBoost,1,2023-04-13,1,0.7052000761032104,1,3188.85009765625,-0.016287941720457,-0.02836723743528813,,0.17148943556809368,0.1760704780885321,0.009533186387812087,1,Weak_Downtrend
XGBoost,1,2023-04-17,1,0.7567696571350098,1,3139.5,-0.015475828635695854,-0.02346846834874461,,0.16499258227639685,0.17562355047383288,0.02544988130076442,1,Weak_Downtrend
XGBoost,1,2023-04-18,1,0.7596873044967651,1,3130.75,-0.00278706800445927,-0.02130416844047489,,0.16449380621061638,0.17555366085560717,0.015699082438313416,1,Weak_Downtrend
XGBoost,1,2023-04-19,1,0.8683376312255859,1,3089.60009765625,-0.01314378418709572,-0.029952873577315575,,0.1697307011984465,0.17548377123738146,0.04243262861594177,1,Weak_Downtrend
XGBoost,1,2023-04-20,1,0.8610784411430359,1,3104.800048828125,0.004919714749946236,-0.023432830766463963,,0.17122485192134645,0.17477254178160462,0.040550083858466035,1,Weak_Downtrend
XGBoost,1,2023-04-21,1,0.7217678427696228,1,3160.85009765625,0.018052708047747057,0.0055833196180772315,,0.17957691008213206,0.17548377123738146,0.028394260160122364,1,Weak_Uptrend
XGBoost,1,2023-04-24,1,0.7096953988075256,1,3174.800048828125,0.0044133542372726264,0.02211775184699083,,0.17414742528983276,0.1748155982636071,0.03415961619753216,1,Weak_Uptrend
XGBoost,1,2023-04-25,1,0.7394176125526428,1,3176.0,0.0003779611797340987,0.014437188727141281,,0.17228997208863814,0.17414742528983276,0.034886665248150095,1,Weak_Uptrend
XGBoost,1,2023-04-26,1,0.7610393762588501,1,3198.14990234375,0.006974150612012009,0.023522635270232684,,0.17332491863877478,0.17410436880783026,0.026265185361837196,1,Weak_Uptrend
XGBoost,1,2023-04-27,1,0.7646691799163818,1,3187.949951171875,-0.003189328669178426,0.021615110133592408,,0.1738130228290568,0.17406131232582778,0.027086403167812634,1,Weak_Uptrend
XGBoost,1,2023-04-28,1,0.7348763346672058,1,3219.25,0.009818237208090164,0.031050811791218713,,0.17650001730351278,0.17410436880783026,0.011120617792381715,1,Weak_Uptrend
XGBoost,1,2023-05-02,1,0.7429382801055908,1,3219.39990234375,4.656436864181046e-05,0.03321672815039678,,0.17608319408354875,0.17414742528983276,0.012036404664046207,1,Weak_Uptrend
XGBoost,1,2023-05-03,1,0.7616283297538757,1,3179.89990234375,-0.0122693673349632,0.013061901072215276,,0.1813999947153777,0.1748155982636071,0.009056904214783001,1,Weak_Uptrend
XGBoost,1,2023-05-04,0,0.8064464330673218,1,3220.699951171875,0.012830607906259228,0.0046165037209380255,,0.17076027408224917,0.17414742528983276,-0.006473702558985273,1,Weak_Uptrend
XGBoost,1,2023-05-05,0,0.7854087352752686,1,3230.699951171875,0.0031049151276452136,0.009593734741210946,,0.17084603618069227,0.17410436880783026,-0.0024297686675538444,1,Weak_Uptrend
XGBoost,1,2023-05-08,1,0.7746586203575134,1,3250.60009765625,0.006159701236617909,0.003333554128450489,-0.0665364695526014,0.1664405338426491,0.17406131232582778,0.014797222688298639,1,Weak_Uptrend
XGBoost,1,2023-05-09,1,0.7382107377052307,1,3283.25,0.010044269169650066,0.019421259284139625,-0.05107008877744812,0.16828129331760835,0.1739371675774423,0.004203167236160876,1,Weak_Uptrend
XGBoost,1,2023-05-10,1,0.7305935621261597,1,3286.800048828125,0.0010812605887839943,0.007170480843481375,-0.05349094970213164,0.16196458195924332,0.1738130228290568,0.005035307466916272,1,Weak_Uptrend
XGBoost,1,2023-05-11,1,0.7268916964530945,1,3282.14990234375,-0.0014147944551823333,0.02126761232098051,-0.06759756504394054,0.15139506654767906,0.1735689707339158,0.0034581289684987304,1,Weak_Uptrend
XGBoost,1,2023-05-12,1,0.7337984442710876,1,3274.300048828125,-0.0023916803769442607,0.010072076710309963,-0.07527854652885735,0.14913331764707366,0.17332491863877478,0.01667527492942078,1,Weak_Uptrend
XGBoost,1,2023-05-15,1,0.7231079936027527,1,3255.050048828125,-0.005879119113378017,0.02075981910235636,-0.07985752741323981,0.13769049484347298,0.17280744536370646,0.020061150473441813,1,Weak_Uptrend
XGBoost,1,2023-05-16,1,0.7292661666870117,1,3258.14990234375,0.0009523213066235936,0.037792611034798584,-0.06439524646467909,0.12309215190647389,0.17228997208863814,0.017816874781104053,1,Weak_Uptrend
XGBoost,1,2023-05-17,1,0.7508922815322876,1,3208.699951171875,-0.015177310023796964,0.02489817173900022,-0.08325480367818727,0.13646088420191532,0.1718897038283659,0.025181553295008374,1,Weak_Uptrend
XGBoost,1,2023-05-18,1,0.7508922815322876,1,3199.85009765625,-0.0027580807337229674,0.0356842298405009,-0.09111948463661179,0.12653442844778467,0.17148943556809368,0.03879866198566129,1,Weak_Uptrend
XGBoost,1,2023-05-19,1,0.7432464361190796,1,3222.85009765625,0.007187836710490503,0.038021787867686285,-0.09420889154785106,0.12753192687738482,0.17135714374472005,0.025676031305389646,1,Weak_Uptrend
XGBoost,1,2023-05-22,0,0.7257418632507324,1,3298.699951171875,0.02353502372660321,0.04361163903907994,-0.05782384554181763,0.13781282010048526,0.17122485192134645,-0.0029708821575734623,1,Weak_Uptrend
XGBoost,1,2023-05-23,0,0.6939955353736877,1,3297.050048828125,-0.0005001674502598252,0.03850636201329416,-0.05455509917018231,0.13785674107063234,0.17103544405101936,-0.019638767698723303,0,Weak_Uptrend
XGBoost,1,2023-05-24,0,0.7207121849060059,1,3303.35009765625,0.0019108138289753995,0.04009763780108622,-0.04278467178897416,0.13773567204201284,0.17084603618069227,-0.008612528031069266,1,Weak_Uptrend
XGBoost,1,2023-05-25,0,0.8104223608970642,1,3293.5,-0.0029818509588913633,0.029814142728698645,-0.031764944592054256,0.1375037026318798,0.1708031551314707,-0.017322012700204947,1,Weak_Uptrend
XGBoost,1,2023-05-26,0,0.6894106864929199,1,3328.89990234375,0.010748414253453742,0.04421335131690585,-0.02486968928174904,0.14006854636658808,0.17076027408224917,-0.035927741002791724,0,Weak_Uptrend
XGBoost,1,2023-05-29,0,0.6050480008125305,1,3320.35009765625,-0.002568357396832588,0.031404860652714195,-0.023555663122764248,0.13802187963742135,0.17043571208203934,-0.022121220097948924,0,Weak_Uptrend
XGBoost,1,2023-05-30,0,0.6654424667358398,1,3316.199951171875,-0.0012499123171693105,0.030067730559864225,-0.004697134032345507,0.13828976420956984,0.17011115008182953,-0.021862372917043182,0,Weak_Uptrend
XGBoost,1,2023-05-31,0,0.7413299679756165,1,3289.5,-0.008051369508777606,0.03446652442596365,-0.007048341146727255,0.13343749993081414,0.16994012934619201,-0.01168869164671682,1,Weak_Uptrend
XGBoost,1,2023-06-01,0,0.6331649422645569,1,3324.0,0.010487916096671324,0.032073788429294314,-0.01822369142620539,0.13109095535528678,0.1697691086105545,-0.03240070733209233,0,Weak_Uptrend
XGBoost,1,2023-06-02,0,0.7249521017074585,1,3305.60009765625,-0.0055354700191786455,0.023183875821462863,-0.004771968191190967,0.13335416342129885,0.16974990490450048,-0.03953902209924598,1,Weak_Uptrend
XGBoost,1,2023-06-05,0,0.7335050702095032,1,3288.89990234375,-0.00505209184993094,0.011782379725858938,-0.015932858057221555,0.13373929138900298,0.1697307011984465,-0.02386816331626851,1,Weak_Uptrend
XGBoost,1,2023-06-06,0,0.7835277318954468,1,3232.300048828125,-0.017209357291564475,-0.015518145487512403,-0.04138678908802185,0.14293832413498614,0.16930711311126803,-0.0014231654199051702,1,Weak_Downtrend
XGBoost,1,2023-06-07,0,0.6960992217063904,1,3274.89990234375,0.013179424209416979,-0.0036205872908569026,-0.0340667777627518,0.15119890095968505,0.16888352502408957,-0.00509937759011303,0,Weak_Downtrend
XGBoost,1,2023-06-08,1,0.7407364249229431,1,3236.449951171875,-0.011740801953781133,-0.013923785485617568,-0.030088299907417015,0.1566978674499313,0.16858240917084896,0.0006334251599913188,1,Weak_Downtrend
XGBoost,1,2023-06-09,1,0.7269986271858215,1,3209.300048828125,-0.008388791037513,-0.01985157103218549,-0.03653556024373317,0.15900851346041614,0.16828129331760835,0.0021967559034248296,1,Weak_Downtrend
XGBoost,1,2023-06-12,0,0.6989220380783081,1,3246.89990234375,0.011715904696837143,-0.0025038467495481775,-0.010679641478265056,0.163969586009096,0.16736091358012872,-0.01763220355474293,0,Weak_Downtrend
XGBoost,1,2023-06-13,0,0.721635639667511,1,3243.699951171875,-0.000985540444152666,-0.004435017296619881,0.008942596443692885,0.16395287059330993,0.1664405338426491,-0.014289192654480809,1,Weak_Downtrend
XGBoost,1,2023-06-14,0,0.721635639667511,1,3251.050048828125,0.002265961021947982,0.013198522236640642,0.016302525266941315,0.15417888942283167,0.1663612211915343,-0.010950338235820922,1,Weak_Uptrend
XGBoost,1,2023-06-15,1,0.6866448521614075,1,3216.300048828125,-0.01068885420958865,0.005140850561694776,0.009827330872252737,0.1590321514620112,0.1662819085404195,0.026723237840695635,0,Weak_Uptrend
XGBoost,1,2023-06-16,1,0.5717784762382507,1,3174.89990234375,-0.012871978937244788,-0.014878195963061058,-0.0013839984955169582,0.16339646429954652,0.16623299022261898,0.030678178676585288,0,Weak_Downtrend
XGBoost,1,2023-06-19,1,0.6193033456802368,1,3210.39990234375,0.011181454877929653,-0.026768135973311624,0.021346945081059276,0.14380514854345486,0.16618407190481846,0.0306660223982147,0,Weak_Downtrend
XGBoost,1,2023-06-20,1,0.6308046579360962,1,3227.699951171875,0.005388751979307882,-0.021033983903550157,0.039148723380608264,0.1457547172046622,0.16590790317250298,0.02858072354789587,0,Weak_Downtrend
XGBoost,1,2023-06-21,1,0.6052206158638,1,3258.199951171875,0.009449453313938427,-0.013667987088746503,0.04069244294008367,0.15015674551345254,0.16563173444018747,0.019857575391775573,0,Weak_Downtrend
XGBoost,1,2023-06-22,1,0.6160092353820801,1,3238.5,-0.0060462683282496155,-0.0166995597388796,0.03643611323331064,0.15117969066264045,0.16531215835829216,0.028022232515053203,0,Weak_Downtrend
XGBoost,1,2023-06-23,1,0.6131813526153564,1,3216.35009765625,-0.006839556073413577,-0.03380990957651142,0.030716262668242234,0.14617031778987105,0.16499258227639685,0.017286629821840815,0,Weak_Downtrend
XGBoost,1,2023-06-26,1,0.5295272469520569,1,3189.64990234375,-0.008301395837460701,-0.03936337779704557,0.02157058977752735,0.14803817570038477,0.1647431942435066,0.02594328610773089,0,Weak_Downtrend
XGBoost,1,2023-06-27,1,0.5450921058654785,1,3197.35009765625,0.0024141192758622143,-0.03583916991302827,0.02614018353132397,0.14884194110322033,0.16449380621061638,0.01956301398878746,0,Weak_Downtrend
XGBoost,1,2023-06-28,1,0.6483217477798462,1,3215.449951171875,0.005660891977044669,-0.022511034755472004,0.024387540606493063,0.14913902625862985,0.1642316961098562,0.03890593837750678,0,Weak_Downtrend
XGBoost,1,2023-06-30,1,0.8203039765357971,1,3302.25,0.026994681971800105,-0.006543321299638971,0.03005399438261036,0.175350239782973,0.16449380621061638,0.06431975239420096,1,Weak_Downtrend
XGBoost,1,2023-07-03,1,0.8496456742286682,1,3272.300048828125,-0.009069558989136195,-0.010073828607318647,0.02259376525878909,0.17719664831695744,0.1647431942435066,0.06704761148731508,1,Weak_Downtrend
XGBoost,2,2023-07-04,1,0.7350045442581177,1,3308.85009765625,0.011169528552619878,0.006065917451085312,0.021313058765185522,0.18092190185786378,0.16499258227639685,0.05681732156230512,1,Weak_Uptrend
XGBoost,2,2023-07-05,1,0.5363301634788513,1,3319.949951171875,0.0033545954600624484,0.027116883030561256,0.03081628264187941,0.16874539422183657,0.16531215835829216,0.045211554349868344,0,Weak_Uptrend
XGBoost,2,2023-07-06,1,0.5208811163902283,1,3322.89990234375,0.0008885529044899698,0.014656936526715736,0.01823251877812071,0.16289688319017787,0.16499258227639685,0.04225229486610371,0,Weak_Uptrend
XGBoost,2,2023-07-07,1,0.4155243933200836,0,3329.25,0.0019110108167179618,0.028673407662158867,0.035923190434318464,0.15604608097607967,0.1647431942435066,0.011729383142787375,0,Weak_Uptrend
XGBoost,2,2023-07-10,1,0.4698426425457001,0,3271.949951171875,-0.017211098243786083,0.019521360231377072,0.009347107103150787,0.16624066236161986,0.16499258227639685,0.037531151350326475,0,Weak_Uptrend
XGBoost,2,2023-07-11,1,0.5134650468826294,1,3272.39990234375,0.00013751774281067775,0.007853645251457486,0.026200605901452567,0.16136836948079997,0.1647431942435066,0.038733041126550516,0,Weak_Uptrend
XGBoost,2,2023-07-12,1,0.5396228432655334,1,3259.89990234375,-0.0038198265410799292,0.004994281658518451,0.03835002463569048,0.1620128201202446,0.16449380621061638,0.039387757394655054,0,Weak_Uptrend
XGBoost,2,2023-07-13,1,0.4305994212627411,0,3340.550048828125,0.024740068376452484,0.027529566957070095,0.06701271223448857,0.18380751776038448,0.1647431942435066,0.016868435644421087,0,Weak_Uptrend
XGBoost,2,2023-07-14,0,0.3264264166355133,0,3514.64990234375,0.052117121722723425,0.0927618222759814,0.1375743757290595,0.25161489033676526,0.16499258227639685,-0.045310345105441074,0,Strong_Uptrend_HighVol
XGBoost,2,2023-07-17,0,0.3227588534355163,0,3491.699951171875,-0.0065297972229242385,0.09978268876894658,0.12461346826175856,0.24674642429248708,0.16531215835829216,-0.020119139955431464,0,Strong_Uptrend_HighVol
XGBoost,2,2023-07-18,0,0.459536999464035,0,3496.85009765625,0.0014749682264785235,0.08922570521615625,0.10630051714541655,0.24586238163079752,0.16563173444018747,-0.012811543983012652,0,Strong_Uptrend_HighVol
XGBoost,2,2023-07-19,0,0.4854580461978912,0,3470.050048828125,-0.0076640542430136405,0.07508445683380827,0.09299798269468407,0.2495008707339378,0.16590790317250298,-0.008472542490937207,0,Strong_Uptrend_HighVol
XGBoost,2,2023-07-20,0,0.4788102507591247,0,3463.300048828125,-0.0019452169003382203,0.06294889838865836,0.09045971310709233,0.24932185233296153,0.16618407190481846,-0.018291830555566713,0,Strong_Uptrend_HighVol
XGBoost,2,2023-07-21,1,0.5669122338294983,1,3368.300048828125,-0.027430484988485215,0.040080299159525934,0.053202680199474495,0.270466412029384,0.16621236713321916,0.022340646293129485,0,Weak_Uptrend
XGBoost,2,2023-07-24,1,0.5311371684074402,1,3394.75,0.007852611343540206,0.05546656829234786,0.06486928966752004,0.26904812541478124,0.16624066236161986,0.026305338781390297,0,Strong_Uptrend_HighVol
XGBoost,2,2023-07-25,1,0.5257877707481384,1,3399.14990234375,0.0012960902404448582,0.06568118960204994,0.05588255101149331,0.2659168455371889,0.16626128545101967,0.021020018935685725,0,Strong_Uptrend_HighVol
XGBoost,2,2023-07-26,1,0.571221649646759,1,3388.300048828125,-0.00319193146149388,0.05972131463234098,0.05246323899103511,0.2669120404796979,0.1662819085404195,0.021898872621253673,0,Strong_Uptrend_HighVol
XGBoost,2,2023-07-27,1,0.649142324924469,1,3396.89990234375,0.0025381027039206305,0.05643065633963462,0.06824114175419793,0.26673496077648323,0.1663612211915343,0.013306307695823971,0,Strong_Uptrend_HighVol
XGBoost,2,2023-07-28,1,0.6937771439552307,1,3355.39990234375,-0.012217021753089141,0.016095057110682154,0.041823191608663546,0.2558099723755138,0.1664405338426491,0.027835771950501353,0,Weak_Uptrend
XGBoost,2,2023-07-31,1,0.4597566127777099,0,3421.449951171875,0.019684702494623396,0.045579531252692984,0.059042932764712175,0.2612221082628973,0.16736091358012872,0.008300617249902498,0,Weak_Uptrend
XGBoost,2,2023-08-01,1,0.3317126631736755,0,3452.050048828125,0.008943605223793893,0.04327785996510003,0.061973157300131865,0.26034424236097237,0.16828129331760835,0.001839444221783726,0,Weak_Uptrend
XGBoost,2,2023-08-02,0,0.3082521259784698,0,3440.64990234375,-0.003302427926340501,0.03635595504362055,0.04794027330960171,0.2610398951778843,0.16851334376972246,-0.0014241211639731688,0,Weak_Uptrend
XGBoost,2,2023-08-03,0,0.51353520154953,1,3399.949951171875,-0.01182914633196197,0.02318759249226221,0.03442555088925858,0.26556649078786637,0.16874539422183657,-0.009661863847231777,0,Weak_Uptrend
XGBoost,2,2023-08-04,0,0.3082521259784698,0,3443.550048828125,0.012823746902868915,0.03433207143594652,0.04917512949945424,0.26871803696047875,0.16881445962296307,-0.012167718165918329,0,Weak_Uptrend
XGBoost,2,2023-08-07,0,0.4486343562602997,0,3484.050048828125,0.011761118446291352,0.06482375978284294,0.06405949267693711,0.2610693339726488,0.16888352502408957,-0.029247612708276027,0,Strong_Uptrend_HighVol
XGBoost,2,2023-08-08,0,0.2928005158901214,0,3470.60009765625,-0.003860435695061004,0.060567229320152904,0.06622019495697984,0.2620896878063742,0.16930711311126803,-0.020846567054818355,0,Strong_Uptrend_HighVol
XGBoost,2,2023-08-09,0,0.2873178124427795,0,3462.5,-0.0023339184660658985,0.06214917749793103,0.06271967336716178,0.26162410976465567,0.1697307011984465,-0.0215884476534296,0,Strong_Uptrend_HighVol
XGBoost,2,2023-08-10,0,0.173357218503952,0,3442.10009765625,-0.005891668546931461,0.030399199935276844,0.07273978559420402,0.25044742186931807,0.16974990490450048,-0.01766364925573316,0,Weak_Uptrend
XGBoost,2,2023-08-11,0,0.1808901131153106,0,3448.800048828125,0.0019464719159205668,-0.018735821588293344,0.0778005042655654,0.16501108535944758,0.1697307011984465,-0.02123927133000647,0,Weak_Downtrend
XGBoost,2,2023-08-14,0,0.1680677235126495,0,3449.85009765625,0.0003044678767276654,-0.0119855239856963,0.07043455113381825,0.16369306303770068,0.16930711311126803,-0.021363303687476187,0,Weak_Downtrend
XGBoost,2,2023-08-16,0,0.2765290141105652,0,3458.39990234375,0.0024783119397879805,-0.01099566588178058,0.04841299710061264,0.16389646620144876,0.16888352502408957,-0.01950322492380485,0,Weak_Downtrend
XGBoost,2,2023-08-17,0,0.2497005462646484,0,3435.75,-0.006549243286873896,-0.009884597727836342,0.04206789375889919,0.1632970042684086,0.16881445962296307,-0.022978956900785885,0,Weak_Downtrend
XGBoost,2,2023-08-18,1,0.2667853236198425,0,3367.10009765625,-0.01998105285418028,-0.02777696122645401,0.019298590253945758,0.17743108669870397,0.16888352502408957,0.0035935532549351556,0,Weak_Downtrend
XGBoost,2,2023-08-21,1,0.2553599774837494,0,3401.64990234375,0.010260997203958677,0.009901093439471875,0.03283737736260828,0.15265702849227505,0.16881445962296307,0.004953507309685357,0,Weak_Uptrend
XGBoost,2,2023-08-22,1,0.3005282282829284,0,3382.14990234375,-0.00573251232778671,-0.003711642287723693,0.015996275515075986,0.15163499509492145,0.16874539422183657,0.013955678096879032,0,Weak_Downtrend
XGBoost,2,2023-08-23,1,0.240195170044899,0,3398.25,0.004760314628601492,-0.0002647433533689014,0.0234613519817497,0.15256666411173447,0.16851334376972246,0.009313588565805997,0,Weak_Downtrend
XGBoost,2,2023-08-24,1,0.2657912969589233,0,3387.75,-0.003089825645552824,-0.0001623376974289048,0.021575915168456916,0.15253848726723618,0.16828129331760835,0.01992472880230234,0,Weak_Downtrend
XGBoost,2,2023-08-25,1,0.2910590767860412,0,3381.300048828125,-0.0019039041168548154,-0.00459237951193725,0.027906991587817398,0.1523868472116759,0.16736091358012872,0.01792205738636743,0,Weak_Downtrend
XGBoost,2,2023-08-28,1,0.2636049687862396,0,3375.550048828125,-0.00170052935763354,0.006005289107358092,0.015508438275609215,0.14580518678264814,0.1664405338426491,0.031135622934138407,0,Weak_Uptrend
XGBoost,2,2023-08-29,1,0.2636049687862396,0,3376.14990234375,0.00017770541302830622,-0.013240015044676978,0.02134251046807556,0.12666320039517054,0.1663612211915343,0.06061642770728426,0,Weak_Downtrend
XGBoost,2,2023-08-30,1,0.2883889973163605,0,3390.949951171875,0.004383706072366822,-0.017699655796413416,0.031028627157488664,0.1230725120974875,0.1662819085404195,0.05216831537818489,0,Weak_Downtrend
XGBoost,2,2023-08-31,1,0.4076296985149383,0,3356.800048828125,-0.010070895423256898,-0.024370353245910636,0.03851746376241816,0.12712945113708002,0.16626128545101967,0.06054873601153443,0,Weak_Downtrend
XGBoost,2,2023-09-01,1,0.4257852733135223,0,3379.199951171875,0.0066729927365110075,-0.006103031014573657,0.03184831657098308,0.1235300117382047,0.16624066236161986,0.06483786127549762,0,Weak_Downtrend
XGBoost,2,2023-09-04,1,0.3860072791576385,0,3418.5,0.011629986208568699,-0.007274483737110149,0.05624991937916635,0.12191293544714761,0.16621236713321916,0.054892468142094586,0,Weak_Downtrend
XGBoost,2,2023-09-05,1,0.3655707836151123,0,3429.35009765625,0.003173935251206572,-0.015700104879455945,0.06856636820495376,0.11417583793572042,0.16618407190481846,0.05152578364414828,0,Weak_Downtrend
XGBoost,2,2023-09-06,1,0.4305379390716553,0,3429.89990234375,0.0001603232892073425,-0.011727134837570485,0.05636145415751903,0.11362133245307451,0.16590790317250298,0.04530748736375245,0,Weak_Downtrend
XGBoost,2,2023-09-07,1,0.4332383871078491,0,3455.25,0.007390914714137109,-0.0020938628158845285,0.06521874773025682,0.11681249013287556,0.16563173444018747,0.04294910711055633,0,Weak_Downtrend
XGBoost,2,2023-09-08,1,0.4987915158271789,0,3441.89990234375,-0.0038637139588307834,-5.816080497955678e-05,0.05870406504028414,0.1156904820260163,0.16532140989981753,0.03929515785973381,0,Weak_Downtrend
XGBoost,2,2023-09-11,1,0.5365306735038757,1,3480.64990234375,0.011258316946873848,0.009235053660604953,0.08219066924802054,0.12227876678965569,0.16501108535944758,0.0301811592017307,0,Weak_Uptrend
XGBoost,2,2023-09-12,1,0.3215006291866302,0,3580.800048828125,0.02877340419010177,0.03795815686624748,0.12784659641859397,0.158194623239663,0.16500183381792222,0.0023737711919384896,0,Weak_Uptrend
XGBoost,2,2023-09-13,0,0.3685366511344909,0,3567.85009765625,-0.0036164965916243297,0.03164764006566334,0.111341330110166,0.15937986960519948,0.16499258227639685,-0.008716761300223919,0,Weak_Uptrend
XGBoost,2,2023-09-14,0,0.4242246150970459,0,3560.050048828125,-0.002186204188693086,0.03617843231554252,0.10296808956346282,0.15715554206105073,0.1647431942435066,-0.008834131751104923,0,Weak_Uptrend
XGBoost,2,2023-09-15,0,0.4291741251945495,0,3598.300048828125,0.010744230972986157,0.06866441283786218,0.10438281957923623,0.137187295798298,0.16449380621061638,-0.023469402224914004,0,Strong_Uptrend_LowVol
XGBoost,2,2023-09-18,0,0.5405968427658081,1,3606.14990234375,0.0021815450098947586,0.060117885693968365,0.11352474983595795,0.1347742051112566,0.1642316961098562,-0.018967570454931693,0,Strong_Uptrend_LowVol
XGBoost,2,2023-09-20,0,0.6211013197898865,1,3606.050048828125,-2.768978504197328e-05,0.06620053899125455,0.12116216809104485,0.13137413208240323,0.163969586009096,-0.0046310924545548415,0,Strong_Uptrend_LowVol
XGBoost,2,2023-09-21,1,0.6440389156341553,1,3585.300048828125,-0.005754218526929034,0.055043051225814654,0.12404187249316978,0.13501406591664833,0.16396122830120297,0.010068851427769365,0,Strong_Uptrend_LowVol
XGBoost,2,2023-09-22,1,0.6585507392883301,1,3603.64990234375,0.005118080290552829,0.06372958522433758,0.1270739181753444,0.13346697072804597,0.16395287059330993,0.009629180484467037,0,Strong_Uptrend_LowVol
XGBoost,2,2023-09-25,1,0.7486041188240051,1,3577.14990234375,-0.00735365552096634,0.05792146532026976,0.11248812970640487,0.13753158577872757,0.16392466839737935,0.014466824542659795,1,Strong_Uptrend_LowVol
XGBoost,2,2023-09-26,1,0.8491537570953369,1,3585.699951171875,0.00239018466140406,0.062256491328489316,0.08583540046085991,0.13649725975991153,0.16389646620144876,0.00674901734707789,1,Strong_Uptrend_LowVol
XGBoost,2,2023-09-27,0,0.8724450469017029,1,3589.300048828125,0.0010040153122887752,0.06313408842907253,0.09687375707295676,0.1362972758028811,0.1637947646195747,-0.01302482360460877,1,Strong_Uptrend_LowVol
XGBoost,2,2023-09-28,1,0.7186175584793091,1,3536.75,-0.014640751152939169,0.04299681532537458,0.06887586189086581,0.14996554753629104,0.16369306303770068,0.009641647743337867,1,Weak_Uptrend
XGBoost,2,2023-09-29,0,0.6654758453369141,1,3528.60009765625,-0.002304347874107604,0.051179708749140795,0.06284737708492427,0.14398655037355215,0.16354476366862358,-0.0012894770453436566,0,Strong_Uptrend_LowVol
XGBoost,2,2023-10-03,0,0.6149218082427979,1,3513.85009765625,-0.004180127980441095,0.039846753204905605,0.057464925494089325,0.1450024660474532,0.16339646429954652,-0.0019352131249595894,0,Weak_Uptrend
XGBoost,2,2023-10-04,0,0.6295762658119202,1,3537.75,0.006801628322076425,0.03488372093023262,0.06262671772921835,0.1417230041623773,0.16334673428397756,-0.014274609568228347,0,Weak_Uptrend
XGBoost,2,2023-10-05,0,0.7161991596221924,1,3589.35009765625,0.014585569261889697,0.04665607052174403,0.09700641856416414,0.14884971378477677,0.1632970042684086,-0.037249137497008866,1,Weak_Uptrend
XGBoost,2,2023-10-06,0,0.6712090373039246,1,3621.39990234375,0.008929138650595192,0.05583253315035308,0.10664955702695145,0.1504054044150055,0.16322538942946022,-0.0350278502613115,0,Strong_Uptrend_LowVol
XGBoost,2,2023-10-09,0,0.6954295039176941,1,3638.35009765625,0.004680564358973349,0.0529918522990378,0.11609258156681679,0.14960475236954446,0.16315377459051184,-0.06272079079456971,0,Strong_Uptrend_LowVol
XGBoost,2,2023-10-10,0,0.823987603187561,1,3628.89990234375,-0.002597384819725712,0.05433045855652652,0.08631807615538611,0.1489421302719379,0.16302532889034485,-0.06580501284515161,1,Strong_Uptrend_LowVol
XGBoost,2,2023-10-11,0,0.8176374435424805,1,3609.89990234375,-0.005235746510320882,0.03713386971581589,0.027100850055216785,0.1478610813223415,0.16289688319017787,-0.07566689097567658,1,Weak_Uptrend
XGBoost,2,2023-10-12,0,0.8124175071716309,1,3542.550048828125,-0.018656986436631606,-0.010681970363722981,0.01456313496787831,0.12788363059706018,0.16245485165521123,-0.054085360831989227,1,Weak_Downtrend
XGBoost,2,2023-10-13,0,0.7947026491165161,1,3570.85009765625,0.007988609458739138,0.0008408425011943166,0.021161902264440258,0.13074254736395058,0.1620128201202446,-0.05385273634262677,1,Weak_Uptrend
XGBoost,2,2023-10-16,0,0.6732787489891052,1,3524.050048828125,-0.013106136507618271,-0.010112217386339939,0.015561735202705984,0.13874760003703215,0.16198870103974394,-0.04406862748154439,0,Weak_Downtrend
XGBoost,2,2023-10-17,0,0.5504212975502014,1,3507.050048828125,-0.0048239950524122666,-0.02535919705465306,0.012632460192065542,0.13293964052333435,0.16196458195924332,-0.05029872514745515,0,Weak_Downtrend
XGBoost,2,2023-10-18,0,0.5228396654129028,1,3487.25,-0.005645784506195239,-0.03297142536045805,0.03531453535835061,0.13316306994705304,0.16166647572002163,-0.03646136707828518,0,Weak_Downtrend
XGBoost,2,2023-10-19,0,0.3770579397678375,0,3455.64990234375,-0.009061609479174115,-0.04170772575196269,0.017939436584063717,0.1355507072934495,0.16136836948079997,-0.030312677198276017,0,Weak_Downtrend
XGBoost,2,2023-10-20,0,0.4367595314979553,0,3494.550048828125,0.011256969769417813,-0.025311689053657327,0.028065883890144194,0.14271703503442623,0.16037411954299974,-0.032708087516575945,0,Weak_Downtrend
XGBoost,2,2023-10-23,0,0.2586957812309265,0,3410.14990234375,-0.02415193524347381,-0.05369556012479215,0.006448618245359361,0.1619395309714321,0.16136836948079997,-0.011641702654944797,0,Strong_Downtrend_HighVol
XGBoost,2,2023-10-25,0,0.2178797721862793,0,3390.10009765625,-0.005879449661060354,-0.05229017787735002,-0.002001767753829986,0.16146222718333264,0.1614152983320663,-0.0025220638275654794,0,Strong_Downtrend_HighVol
XGBoost,2,2023-10-26,1,0.2005378305912017,0,3336.75,-0.015737027261564784,-0.06942855078839305,-0.005558175742546467,0.16671912822264223,0.16146222718333264,0.003206698485614723,0,Strong_Downtrend_HighVol
XGBoost,2,2023-10-27,0,0.2372064292430877,0,3350.949951171875,0.004255623337641401,-0.06640573215216972,-0.020605299217033135,0.16828640464457517,0.16170087907738237,-0.005222399694116642,0,Strong_Downtrend_HighVol
XGBoost,2,2023-10-30,0,0.2145546972751617,0,3378.550048828125,0.008236499517576545,-0.044730317713119416,-0.021291695937302846,0.16756744863847187,0.1619395309714321,-0.013911293105248634,0,Weak_Downtrend
XGBoost,2,2023-10-31,1,0.2151027917861938,0,3368.75,-0.002900667057314732,-0.04530127904333081,-0.02089718639922422,0.16758421787430638,0.16195205646533772,0.01055289019016703,0,Weak_Downtrend
XGBoost,2,2023-11-01,1,0.2245258241891861,0,3330.64990234375,-0.011309862012987004,-0.05213659951934069,-0.02038266734021743,0.17055120356439718,0.16196458195924332,0.05020047144397943,0,Strong_Downtrend_HighVol
XGBoost,2,2023-11-02,1,0.2077296823263168,0,3360.10009765625,0.008842176805126334,-0.05021550486714721,-0.024233697779497576,0.17219197909929546,0.16198870103974394,0.04236476574460313,0,Strong_Downtrend_HighVol
XGBoost,2,2023-11-03,1,0.2210359573364257,0,3350.89990234375,-0.0027380717970031387,-0.06643269361442383,-0.03821705906009032,0.1599139076276371,0.16196458195924332,0.05034474327165195,0,Strong_Downtrend_LowVol
XGBoost,2,2023-11-06,1,0.2036211788654327,0,3380.25,0.008758870306964761,-0.06659024378602296,-0.026032990005752876,0.159741088485262,0.16195205646533772,0.03844388763312634,0,Strong_Downtrend_LowVol
XGBoost,2,2023-11-07,1,0.2096471041440963,0,3370.449951171875,-0.0028992082917314033,-0.07363231665280112,-0.026584851647111885,0.15690179199674256,0.1619395309714321,0.04738238320861243,0,Strong_Downtrend_LowVol
XGBoost,2,2023-11-08,1,0.2173814177513122,0,3381.550048828125,0.003293357805948416,-0.06816111223014787,-0.017591019177319644,0.15886684829538147,0.16170087907738237,0.03746801003752198,0,Strong_Downtrend_LowVol
XGBoost,2,2023-11-09,1,0.2299340069293975,0,3347.449951171875,-0.010084161749451925,-0.07270283339476469,-0.029387061070904386,0.1605030328645741,0.16146222718333264,0.032756321403995425,0,Strong_Downtrend_LowVol
XGBoost,2,2023-11-10,1,0.2407434731721878,0,3333.449951171875,-0.00418228807128207,-0.05902530515424065,-0.03374063892325485,0.15054969421821635,0.1614152983320663,0.04100855065300091,0,Strong_Downtrend_LowVol
XGBoost,2,2023-11-13,1,0.2310312539339065,0,3331.550048828125,-0.0005699507631972134,-0.06701486824809344,-0.03667876969047423,0.14524016575994783,0.16136836948079997,0.05468924329561364,0,Strong_Downtrend_LowVol
XGBoost,2,2023-11-15,1,0.2373900860548019,0,3404.300048828125,0.021836682305159894,-0.03398078867802157,-0.009153736788728772,0.16584135214367726,0.1614152983320663,0.02446906783578018,0,Weak_Downtrend
XGBoost,2,2023-11-16,1,0.4724089801311493,0,3497.85009765625,0.02747996577455858,-0.002623273418909222,0.03883163440582349,0.19481736720312884,0.16146222718333264,0.003945224724394736,0,Weak_Downtrend
XGBoost,2,2023-11-17,1,0.4598599970340729,0,3502.449951171875,0.0013150516423523495,0.004358721391318321,0.029632693464037407,0.1937341661184988,0.16170087907738237,0.002855144295967449,0,Weak_Uptrend
XGBoost,2,2023-11-20,1,0.4566028118133545,0,3519.60009765625,0.004896614290986978,0.018505982121952425,0.04063988861559631,0.19111777473235808,0.1619395309714321,0.003409478255211651,0,Weak_Uptrend
XGBoost,2,2023-11-21,1,0.4598599970340729,0,3510.199951171875,-0.002670799586190098,0.004478374075368663,0.03294341239516663,0.18755142521441434,0.16195205646533772,0.026750654603885593,0,Weak_Uptrend
XGBoost,2,2023-11-22,1,0.4584375321865082,0,3530.14990234375,0.0056834230099098715,0.03518906893727025,0.042033769417386235,0.16446233741493305,0.16196458195924332,0.024007479099890983,0,Weak_Uptrend
XGBoost,2,2023-11-23,1,0.4655188024044037,0,3508.25,-0.006203674900380318,0.03485144949714991,0.037544716333551165,0.16466654665056565,0.16198870103974394,0.03376325836866667,0,Weak_Uptrend
XGBoost,2,2023-11-24,1,0.3427473902702331,0,3457.10009765625,-0.014579890926744055,0.03606805953585068,0.024159040052283087,0.16307888130271367,0.1620128201202446,0.05374440989240181,0,Weak_Uptrend
XGBoost,2,2023-11-28,1,0.4109815955162048,0,3470.14990234375,0.0037747835812873554,0.03557198791649796,0.027842365629187293,0.1629926582721334,0.16245485165521123,0.05819638949202233,0,Weak_Uptrend
XGBoost,3,2023-11-29,1,0.7758294939994812,1,3513.75,0.012564326868646836,0.04001715209717549,0.036214055234193854,0.16595675879874816,0.16289688319017787,0.022710792978477334,1,Weak_Uptrend
XGBoost,3,2023-11-30,1,0.6690741181373596,1,3487.60009765625,-0.0074421635983635825,0.035280177411873836,0.03896569558076246,0.16850445024632388,0.16294477073115565,0.051511038339653314,0,Weak_Uptrend
XGBoost,3,2023-12-01,1,0.6609100699424744,1,3511.64990234375,0.006895803421860691,0.05434374830949107,0.03919565373038747,0.1620015649120857,0.16289688319017787,0.09948317952284658,0,Strong_Uptrend_LowVol
XGBoost,3,2023-12-04,1,0.720117449760437,1,3512.449951171875,0.00022782704722112967,0.04534086755983635,0.02748279981625723,0.16054797492681705,0.16245485165521123,0.09872026785301591,1,Weak_Uptrend
XGBoost,3,2023-12-05,1,0.6749309301376343,1,3531.60009765625,0.005452076684533402,0.05392587083431266,0.029816145067802058,0.15979139015358457,0.1620128201202446,0.08058665920427965,0,Strong_Uptrend_LowVol
XGBoost,3,2023-12-06,1,0.1137611120939254,0,3604.10009765625,0.02052893815698864,0.06622294139671614,0.05078871112053851,0.17081446011342583,0.16245485165521123,0.04881938525688989,0,Strong_Uptrend_HighVol
XGBoost,3,2023-12-07,1,0.1169709861278534,0,3614.89990234375,0.0029965329471628444,0.07252739388308727,0.04620502202264665,0.1692672072728684,0.16289688319017787,0.04774685394313227,0,Strong_Uptrend_HighVol
XGBoost,3,2023-12-08,1,0.1403062790632248,0,3626.699951171875,0.003264280933608754,0.07249631050964522,0.053691290877542874,0.16926784766409006,0.16294477073115565,0.05440208770631072,0,Strong_Uptrend_HighVol
XGBoost,3,2023-12-11,1,0.4163255393505096,0,3642.89990234375,0.004466857305534866,0.08826120046050101,0.04661485772836449,0.1614103759133741,0.16289688319017787,0.04190346992135674,0,Strong_Uptrend_LowVol
XGBoost,3,2023-12-12,1,0.3552113175392151,0,3672.10009765625,0.008015645802870841,0.10159148973132859,0.025497108909503075,0.15870656322576726,0.16245485165521123,0.037880191121262285,0,Strong_Uptrend_LowVol
XGBoost,3,2023-12-13,1,0.1479827016592025,0,3593.550048828125,-0.021391042384236836,0.07864207235672738,0.007203203741311226,0.18349201822795635,0.16289688319017787,0.057422284568686255,0,Strong_Uptrend_HighVol
XGBoost,3,2023-12-14,1,0.2794911861419678,0,3667.25,0.020508953589197576,0.07724053326685798,0.0301119225015285,0.18181925708699506,0.16294477073115565,0.03439904624548373,0,Strong_Uptrend_HighVol
XGBoost,3,2023-12-15,0,0.7482826113700867,1,3861.0,0.052832503919830964,0.10382088774675635,0.07300668304674307,0.23893343673678077,0.1629926582721334,-0.012924087631118852,1,Strong_Uptrend_HighVol
XGBoost,3,2023-12-18,0,0.5569281578063965,1,3859.199951171875,-0.0004662131126974556,0.1018572727586402,0.0701718052995135,0.23938664325773878,0.16303576978742354,-0.01969320091251614,0,Strong_Uptrend_HighVol
XGBoost,3,2023-12-19,0,0.4205552041530609,0,3816.199951171875,-0.01114220577944991,0.08427089592170844,0.05827703428909525,0.24612496082369628,0.16307888130271367,-0.03261096188989232,0,Strong_Uptrend_HighVol
XGBoost,3,2023-12-20,0,0.3764108419418335,0,3780.050048828125,-0.009472748494912864,0.07687599037375659,0.05431902416749046,0.24978788219305884,0.16311632794661274,-0.029959920778061977,0,Strong_Uptrend_HighVol
XGBoost,3,2023-12-21,0,0.3764108419418335,0,3787.5,0.0019708604583648093,0.07290061464114861,0.051017746628682525,0.24976930113932247,0.16315377459051184,-0.013095735354785476,0,Strong_Uptrend_HighVol
XGBoost,3,2023-12-22,0,0.440430611371994,0,3824.0,0.009636963696369572,0.09000213781800048,0.06900747924891659,0.24781058852620716,0.16322538942946022,-0.03810145166628531,0,Strong_Uptrend_HighVol
XGBoost,3,2023-12-26,0,0.3623464107513428,0,3795.550048828125,-0.0074398407876241635,0.09789995707712595,0.05852416557823448,0.24176762101534088,0.1632970042684086,-0.027835266331686093,0,Strong_Uptrend_HighVol
XGBoost,3,2023-12-27,0,0.3616976737976074,0,3811.199951171875,0.004123223812733556,0.09828107096980987,0.06182261146325674,0.2417513952807244,0.16334673428397756,-0.02575301836723909,0,Strong_Uptrend_HighVol
XGBoost,3,2023-12-28,0,0.2222419083118438,0,3799.89990234375,-0.0029649582737453217,0.08143718316435433,0.07440443976638167,0.2414262421673295,0.16339646429954652,-0.016934618060842732,0,Strong_Uptrend_HighVol
XGBoost,3,2023-12-29,1,0.2222419083118438,0,3793.39990234375,-0.0017105713747856965,0.08768201517513563,0.0750438693416644,0.23865527428323619,0.16354476366862358,0.023567287601061748,0,Strong_Uptrend_HighVol
XGBoost,3,2024-01-01,1,0.2194124460220337,0,3811.10009765625,0.004666050447664105,0.08527336256175211,0.0845938192406861,0.2384668420199038,0.16369306303770068,0.024323672639530836,0,Strong_Uptrend_HighVol
XGBoost,3,2024-01-02,1,0.2222419083118438,0,3783.199951171875,-0.007320759300321944,0.077082948871533,0.06938024201028203,0.24162119656518888,0.1637947646195747,0.020643925424046916,0,Strong_Uptrend_HighVol
XGBoost,3,2024-01-03,1,0.2260116785764694,0,3691.75,-0.02417264547266329,0.04534768884224283,0.028528814286077786,0.26107929255684137,0.16389646620144876,0.05223812491535185,0,Weak_Uptrend
XGBoost,3,2024-01-04,1,0.2298665940761566,0,3666.800048828125,-0.006758299227161868,0.017396839564097766,0.012536628847587883,0.25373859508713265,0.16392466839737935,0.06430676494167842,0,Weak_Uptrend
XGBoost,3,2024-01-05,1,0.2483001500368118,0,3737.89990234375,0.01939016378554581,0.034025838425084,0.027361249471739457,0.2620029154550726,0.16395287059330993,0.05488379888282746,0,Weak_Uptrend
XGBoost,3,2024-01-08,1,0.25412318110466,0,3678.300048828125,-0.01594474305699156,0.01422783752473844,0.013612981292889792,0.26935026485686464,0.16396122830120297,0.048922042460675774,0,Weak_Uptrend
XGBoost,3,2024-01-09,1,0.2573987543582916,0,3689.89990234375,0.003153590887540636,0.012901809344187942,0.022161279305295878,0.2691560843413474,0.163969586009096,0.04116646806269486,0,Weak_Uptrend
XGBoost,3,2024-01-10,1,0.2590965628623962,0,3713.050048828125,0.0062739226258334835,0.011151643496322805,0.0481291718253638,0.2686051462289709,0.16421596171201452,0.02619140564256406,0,Weak_Uptrend
XGBoost,3,2024-01-11,1,0.2498334795236587,0,3735.550048828125,0.006059708246351603,0.03951524205049184,0.04612345706698151,0.25605799088216863,0.16446233741493305,0.01752083369687618,0,Weak_Uptrend
XGBoost,3,2024-01-12,0,0.4356746077537536,0,3882.800048828125,0.03941855900075386,0.058777026062615034,0.10180048382664064,0.2816461894359406,0.1644780718127747,-0.021183166520466035,0,Strong_Uptrend_HighVol
XGBoost,3,2024-01-15,0,0.4284645020961761,0,3903.800048828125,0.005408468047778614,0.01108522373170806,0.11312926661328193,0.21209023478762798,0.16449380621061638,-0.022503739063844064,0,Weak_Uptrend
XGBoost,3,2024-01-16,0,0.3039643764495849,0,3861.300048828125,-0.010886828082487976,0.000544179540532097,0.10726218333303472,0.21599770268016033,0.16458017643059103,-0.0018517458871255554,0,Weak_Uptrend
XGBoost,3,2024-01-17,1,0.3212807774543762,0,3884.60009765625,0.0060342497432170905,0.01792362752464549,0.12413010792024104,0.2127053589764727,0.16466654665056565,0.021031753364051164,0,Weak_Uptrend
XGBoost,3,2024-01-18,1,0.3212807774543762,0,3902.60009765625,0.004633681601063699,0.032420218580470284,0.11676755036459174,0.20938497500098277,0.16482956446348124,0.01811611474471464,0,Weak_Uptrend
XGBoost,3,2024-01-19,1,0.4407603442668915,0,3943.050048828125,0.010364872177440754,0.04106931982260731,0.15626883326100116,0.2116481640897574,0.16499258227639685,0.04893418769290525,0,Weak_Uptrend
XGBoost,3,2024-01-23,1,0.2206538915634155,0,3858.25,-0.021506206560408136,0.008956589958158956,0.1380932388006495,0.22536150215050507,0.16500183381792222,0.058355446729410954,0,Weak_Uptrend
XGBoost,3,2024-01-24,1,0.2051985710859298,0,3841.800048828125,-0.004263578350774289,0.012185322128548837,0.1513598707808872,0.22414837625983736,0.16501108535944758,0.07608413897472,0,Weak_Uptrend
XGBoost,3,2024-01-25,1,0.2035199105739593,0,3810.300048828125,-0.008199281482545784,-0.00023612047525167768,0.13708056054242435,0.2259131358341772,0.16532140989981753,0.08487524403329827,0,Weak_Downtrend
XGBoost,3,2024-01-29,1,0.2092953324317932,0,3801.0,-0.0024407654801320566,0.0002895070092692187,0.12503883176701946,0.22582695781688722,0.16563173444018747,0.08410949626742958,0,Weak_Uptrend
XGBoost,3,2024-01-30,1,0.1914024800062179,0,3800.550048828125,-0.00011837705126938047,0.0018848913029068104,0.12817812210111312,0.22572741496622317,0.16573654329193238,0.0918156442327267,0,Weak_Uptrend
XGBoost,3,2024-01-31,1,0.1914024800062179,0,3815.949951171875,0.004052019351382663,0.001272559993532374,0.14570731330441644,0.2255763816830596,0.16584135214367726,0.07446380327842417,0,Weak_Uptrend
XGBoost,3,2024-02-01,1,0.2071347534656524,0,3854.14990234375,0.01001060067890669,0.0187539522329232,0.1470342520546073,0.22634215403128258,0.1658990554712127,0.0646187354615606,0,Weak_Uptrend
XGBoost,3,2024-02-02,1,0.4180828034877777,0,3966.300048828125,0.0290985429539663,0.074368537638823,0.1836522022200484,0.22667190640514837,0.16595675879874816,0.04084404958400434,0,Strong_Uptrend_HighVol
XGBoost,3,2024-02-05,1,0.3742114305496216,0,3973.300048828125,0.0017648689997793454,0.08358786841893773,0.1754456175809851,0.22345795475248653,0.1660704153517833,0.032844173421502365,0,Strong_Uptrend_HighVol
XGBoost,3,2024-02-06,0,0.4546887874603271,0,4136.0,0.04094831731116333,0.1065036806915649,0.227135860172601,0.2540167103065793,0.16618407190481846,-0.0254714936306214,0,Strong_Uptrend_HighVol
XGBoost,3,2024-02-07,0,0.3383278548717499,0,4083.39990234375,-0.012717625158667811,0.11013235683279454,0.20755270316311036,0.2506915164408094,0.16621236713321916,-0.022505731630889758,0,Strong_Uptrend_HighVol
XGBoost,3,2024-02-08,0,0.4314286112785339,0,4134.10009765625,0.01241617194617639,0.12038272231459524,0.23499982313670875,0.25176676893329775,0.16624066236161986,-0.011368858733402654,0,Strong_Uptrend_HighVol
XGBoost,3,2024-02-09,0,0.3872627913951874,0,4133.7001953125,-9.673262240961211e-05,0.11328965162134996,0.24006667442518426,0.252627710989664,0.16626128545101967,-0.01974020703020074,0,Strong_Uptrend_HighVol
XGBoost,3,2024-02-12,0,0.3427011668682098,0,4120.7001953125,-0.0031448821602354515,0.10310399846073537,0.23687176687078715,0.25446294875793024,0.1662819085404195,-0.029036362951248673,0,Strong_Uptrend_HighVol
XGBoost,3,2024-02-13,0,0.4546887874603271,0,4149.5,0.00698905606388478,0.06868753163129493,0.21889960945962983,0.22006315217468297,0.1663612211915343,-0.010868802905470543,0,Strong_Uptrend_HighVol
XGBoost,3,2024-02-14,1,0.3212807774543762,0,4100.10009765625,-0.011905025266598424,0.05028435021590094,0.1721771897553701,0.2264735585583935,0.1664405338426491,0.004597472551225001,0,Strong_Uptrend_HighVol
XGBoost,3,2024-02-15,0,0.3212807774543762,0,4103.2001953125,0.0007561029200291447,0.06264733209681284,0.17152286328591848,0.22101562418524187,0.16657983103264568,-0.0019740927253570906,0,Strong_Uptrend_HighVol
XGBoost,3,2024-02-16,0,0.3624115288257599,0,4128.2998046875,0.006117081346329156,0.06273482492529525,0.17294570125639885,0.22103023662095683,0.16671912822264223,-0.008223653474173975,0,Strong_Uptrend_HighVol
XGBoost,3,2024-02-19,0,0.3212807774543762,0,4103.7998046875,-0.005934646503187868,0.05155529698061634,0.16910713400171185,0.2232539811567282,0.16714328843055704,-0.005628893858135919,0,Strong_Uptrend_HighVol
XGBoost,3,2024-02-20,0,0.2139943093061447,0,4030.64990234375,-0.01782491978780143,0.022216267212144425,0.14177868188195242,0.2324992160052291,0.16756744863847187,-0.0046021870261452325,0,Weak_Uptrend
XGBoost,3,2024-02-21,1,0.2166910022497177,0,3991.5,-0.00971304958066066,0.03453638307522833,0.13774673982754937,0.22069232854794316,0.16757583325638914,0.018238769592415105,0,Weak_Uptrend
XGBoost,3,2024-02-22,1,0.2659252882003784,0,4087.10009765625,0.023950920119315988,0.06385029041346124,0.18223365890594545,0.23281967950394464,0.16758421787430638,0.005260453496680695,0,Strong_Uptrend_HighVol
XGBoost,3,2024-02-23,1,0.2139943093061447,0,4052.10009765625,-0.008563528948084875,0.06345958211414127,0.16770174536824745,0.23305969283125227,0.16793275559595738,0.017336689199912048,0,Strong_Uptrend_HighVol
XGBoost,3,2024-02-26,1,0.2252772599458694,0,4001.050048828125,-0.012598417511367144,0.05263089945491317,0.13868375633671293,0.23902289440753005,0.16828129331760835,0.04778744300583693,0,Strong_Uptrend_HighVol
XGBoost,3,2024-02-27,1,0.2479310482740402,0,4104.39990234375,0.025830682509431657,0.07994891518645186,0.1768550829844293,0.25237648963906223,0.16828384898109178,0.01086641134329569,0,Strong_Uptrend_HighVol
XGBoost,3,2024-02-28,1,0.3037738800048828,0,4118.9501953125,0.003545047586723138,0.07940362112128163,0.17293873531169068,0.25238076763164974,0.16828640464457517,0.021522450658577164,0,Strong_Uptrend_HighVol
XGBoost,3,2024-02-29,1,0.2111648470163345,0,4095.10009765625,-0.00579033407186913,0.06251707936060691,0.16588140886960767,0.25357473707046524,0.16839542744544952,0.030316695412355044,0,Strong_Uptrend_HighVol
XGBoost,3,2024-03-01,1,0.2136535197496414,0,4094.35009765625,-0.00018314570635991068,0.03228450879956957,0.15934703376338377,0.23442144113776792,0.16850445024632388,0.01420247437487987,0,Weak_Uptrend
XGBoost,3,2024-03-04,0,0.2299204766750335,0,4080.699951171875,-0.0033338982155406427,0.02703040319731853,0.13223823994942818,0.23509820115074015,0.1686249222340802,-0.02533876628543985,0,Weak_Uptrend
XGBoost,3,2024-03-05,0,0.2008787244558334,0,4012.10009765625,-0.01681080558150938,-0.029956456079243243,0.10987861518792585,0.19175515177564312,0.16874539422183657,-0.010268984898100575,0,Weak_Downtrend
XGBoost,3,2024-03-06,0,0.2037343084812164,0,4064.300048828125,0.013010630318612604,-0.004677438892199182,0.12066068424404697,0.1934452056136468,0.16881445962296307,-0.022476218920546853,0,Weak_Downtrend
XGBoost,3,2024-03-07,0,0.2551262378692627,0,4108.60009765625,0.010899797823956892,-0.0061682105893993144,0.12783776875474406,0.19220819418072652,0.16888352502408957,-0.04811862693214608,0,Weak_Downtrend
XGBoost,3,2024-03-11,0,0.3069292902946472,0,4122.35009765625,0.003346638678182412,-0.002745747664313125,0.12261375998093738,0.1926304026048049,0.16907536614847898,-0.059395755298769726,0,Weak_Downtrend
XGBoost,3,2024-03-12,0,0.4226202666759491,0,4192.25,0.01695632362314181,0.01736350651495866,0.16660403863503004,0.20138742137148036,0.1692672072728684,-0.08380943351571357,0,Weak_Uptrend
XGBoost,3,2024-03-13,0,0.2479310482740402,0,4149.0,-0.010316655733794478,-0.00012049644535483406,0.13136546458517961,0.20384382301318324,0.16926752746847923,-0.06572666935933358,0,Weak_Downtrend
XGBoost,3,2024-03-14,0,0.4301608502864837,0,4207.60009765625,0.01412390881085801,0.026218872085940204,0.08976951506248376,0.20449781435613698,0.16926784766409006,-0.06912493842232337,0,Weak_Uptrend
XGBoost,3,2024-03-15,0,0.4183034896850586,0,4219.25,0.0027687760417725027,0.028282754719127556,0.09329655197544073,0.20454202694925508,0.16949927443126828,-0.07950463972788413,0,Weak_Uptrend
XGBoost,3,2024-03-18,0,0.2263822257518768,0,4152.5,-0.015820347218107433,0.0058620246729710335,0.08812432606547627,0.2126013036647176,0.1697307011984465,-0.049416002690397365,0,Weak_Uptrend
XGBoost,3,2024-03-19,1,0.3924726247787475,0,3977.300048828125,-0.042191439174443124,-0.03082503091765898,0.052181848772386186,0.260447949328707,0.16974990490450048,0.0065370979510737115,0,Weak_Downtrend
XGBoost,3,2024-03-20,1,0.3924726247787475,0,3970.89990234375,-0.0016091686334454014,-0.014823912135176087,0.048422416460396134,0.25317302570859257,0.1697691086105545,0.00210282249908178,0,Weak_Downtrend
XGBoost,3,2024-03-21,0,0.4181064367294311,0,3972.949951171875,0.0005162680698436173,-0.004647387906332234,0.03895134706377479,0.2508963898240621,0.16994012934619201,-0.00010065627522748422,0,Weak_Downtrend
XGBoost,3,2024-03-22,1,0.4326481819152832,0,3910.89990234375,-0.015618130001819552,-0.043111299234765976,0.030390813460947408,0.23962154153356247,0.17011115008182953,0.009115586533680053,0,Weak_Downtrend
XGBoost,3,2024-03-26,1,0.6045350432395935,1,3877.5,-0.00854020894877261,-0.04308879184826642,0.017396108752504302,0.23961320227428717,0.17033117682311336,0.027633759469696928,0,Weak_Downtrend
XGBoost,3,2024-03-27,1,0.711513876914978,1,3840.89990234375,-0.009439096752095422,-0.04002702903736022,0.010789757902494035,0.23803288101060632,0.17055120356439718,0.04178708221530614,1,Weak_Downtrend
XGBoost,3,2024-03-28,1,0.64478600025177,1,3876.300048828125,0.009216628234121282,-0.055574471041521134,0.02185378515804648,0.21886519603228696,0.1706557388233232,0.016742744763365458,0,Strong_Downtrend_HighVol
XGBoost,3,2024-04-01,0,0.4683361053466797,0,3916.75,0.010435196105137434,-0.04909022584021783,0.02772162883066831,0.22282988112837712,0.17076027408224917,-0.011221025383768457,0,Weak_Downtrend
XGBoost,3,2024-04-02,0,0.6368498802185059,1,3883.800048828125,-0.00841257449974464,-0.05159826226202835,0.026591271662786076,0.22354933043667102,0.17078736709783748,-0.005613071876525377,0,Strong_Downtrend_HighVol
XGBoost,3,2024-04-03,0,0.4386820495128631,0,3947.300048828125,0.01634996632207164,-0.03591535782743682,0.06922192695283402,0.23335911629492312,0.17081446011342583,-0.030679222799949613,0,Weak_Downtrend
XGBoost,3,2024-04-04,0,0.4909493625164032,0,4003.300048828125,0.014186912397659013,-0.018967310331533316,0.09176938898196596,0.23994981821543546,0.17083024814705905,-0.034646404086667526,0,Weak_Downtrend
XGBoost,3,2024-04-05,0,0.4595701694488525,0,3979.25,-0.006007555900079287,-0.008187756251505252,0.06456836832492963,0.23339197762983357,0.17084603618069227,-0.026273807583872544,0,Weak_Downtrend
XGBoost,3,2024-04-08,0,0.423918068408966,0,3972.550048828125,-0.001683722101369578,-0.022574612823296536,0.07999619283199744,0.2280380175133484,0.17103544405101936,-0.035619437958180455,0,Weak_Downtrend
XGBoost,3,2024-04-09,0,0.4303626120090484,0,3946.550048828125,-0.006544914395142709,-0.03944166990614795,0.06955477202006377,0.22429842732347424,0.17122485192134645,-0.023906981157952423,0,Weak_Downtrend
XGBoost,3,2024-04-10,0,0.4211709201335907,0,3984.64990234375,0.009653964359818135,-0.03340332384451994,0.07314737209140088,0.22735704735141962,0.17135714374472005,-0.04098222144722119,0,Weak_Downtrend
XGBoost,3,2024-04-12,0,0.4717677533626556,0,4001.39990234375,0.004203631538657326,-0.045524502989146676,0.07116752554259698,0.21786123698257823,0.17148943556809368,-0.03278851261405458,0,Weak_Downtrend
XGBoost,3,2024-04-15,0,0.4466467201709747,0,3941.199951171875,-0.01504472250739397,-0.050084369445197674,0.015040666943788583,0.2208134830130836,0.17184070733369455,-0.030587143591200072,0,Strong_Downtrend_HighVol
XGBoost,3,2024-04-16,0,0.6795939207077026,1,3872.800048828125,-0.017355095704650103,-0.07957031111740342,-0.007940980483697069,0.21768242961518355,0.17219197909929546,-0.002453005546432685,0,Strong_Downtrend_HighVol
XGBoost,3,2024-04-18,0,0.7219113707542419,1,3862.0,-0.0027886925975930676,-0.08467144634709955,0.00018127344754970132,0.21626385062334322,0.17224097559396678,-0.004816182717827577,1,Strong_Downtrend_HighVol
XGBoost,3,2024-04-19,1,0.7219113707542419,1,3826.199951171875,-0.009269821032657943,-0.07857918093392535,-0.015033760236892957,0.21286898489239361,0.17228997208863814,0.024789634328232113,1,Strong_Downtrend_HighVol
XGBoost,3,2024-04-22,1,0.711513876914978,1,3864.60009765625,0.010036105528832495,-0.028335793072760795,-0.009737098101038177,0.1636088877224201,0.17224097559396678,0.02958905206905471,1,Weak_Downtrend
XGBoost,3,2024-04-23,1,0.6721768379211426,1,3874.699951171875,0.0026134278477480954,-0.024226234238514777,-0.01733432160633208,0.16421785911662257,0.17219197909929546,0.026389140136922062,0,Weak_Downtrend
XGBoost,3,2024-04-24,1,0.7219113707542419,1,3831.050048828125,-0.01126536322652505,-0.035716508913457345,-0.007049815634516898,0.16789290926649136,0.17184070733369455,0.0337113586869624,1,Weak_Downtrend
XGBoost,3,2024-04-25,1,0.7219113707542419,1,3852.199951171875,0.005520654148128301,-0.015009320779776791,0.0027070389430918773,0.16139909305468317,0.17148943556809368,0.01082497058834897,1,Weak_Downtrend
XGBoost,3,2024-04-26,1,0.7219113707542419,1,3821.35009765625,-0.00800837285360545,-0.014480954827530645,0.002900046895656816,0.16106743813738778,0.17135714374472005,0.03309038636617734,1,Weak_Downtrend
XGBoost,4,2024-04-29,1,0.7436636090278625,1,3870.199951171875,0.012783401747352707,0.007628433328930484,0.018205722486681175,0.16432247832360325,0.17122485192134645,0.0080099220689136,1,Weak_Uptrend
XGBoost,4,2024-04-30,1,0.7923908233642578,1,3820.64990234375,-0.012802968697553041,-0.014356511566022578,0.005288669602396823,0.16727057083225122,0.17103544405101936,0.015638700620893564,1,Weak_Downtrend
XGBoost,4,2024-05-02,1,0.7316038608551025,1,3863.300048828125,0.011163060624374888,-0.013646505692697986,0.012408469257231491,0.16793014616181753,0.17084603618069227,0.009745528917737278,1,Weak_Downtrend
XGBoost,4,2024-05-03,0,0.7769486904144287,1,3843.39990234375,-0.005151074530286959,-0.01040222101458732,-0.002789201321272694,0.16631766431988024,0.17083024814705905,-0.002419681772336202,1,Weak_Downtrend
XGBoost,4,2024-05-06,0,0.3915858268737793,0,3921.050048828125,0.020203504308001552,-0.006650115186402683,-0.01140861746285926,0.17195368346030965,0.17084603618069227,-0.02572017607538335,0,Weak_Downtrend
XGBoost,4,2024-05-07,0,0.3697722554206848,0,3978.949951171875,0.014766427773869939,-0.006082506272138688,0.0014219671996371641,0.17261129608275394,0.17103544405101936,-0.036931842062651654,0,Weak_Downtrend
XGBoost,4,2024-05-08,0,0.301511138677597,0,3976.949951171875,-0.0005026451763764372,-0.0005780106372117455,-0.038455040819179165,0.1712763371100223,0.17122485192134645,-0.020995989646637403,0,Weak_Downtrend
XGBoost,4,2024-05-09,0,0.3406410813331604,0,3960.199951171875,-0.0042117703782177385,-0.003108858920454205,-0.030170924748556205,0.17184524140048102,0.17125059451568436,-0.027953121695059258,0,Weak_Downtrend
XGBoost,4,2024-05-10,0,0.3453083634376526,0,3893.89990234375,-0.016741591244276988,-0.0133408029374944,-0.05810217209028801,0.18051050399071059,0.1712763371100223,-0.01203160191339947,0,Weak_Downtrend
XGBoost,4,2024-05-13,0,0.339055985212326,0,3947.800048828125,0.013842201349842709,-0.009247952622876587,-0.04497185032798956,0.18424267249561269,0.171382886339058,-0.02733171517042876,0,Weak_Downtrend
XGBoost,4,2024-05-14,0,0.2392671853303909,0,3901.199951171875,-0.011804067348872627,-0.025041223975935223,-0.05326770542305348,0.18766737326010033,0.17148943556809368,-0.02500513945685412,0,Weak_Downtrend
XGBoost,4,2024-05-15,0,0.4329863488674164,0,3880.39990234375,-0.005331705395381414,-0.015426786151777616,-0.06485121042444875,0.18122054163320447,0.17166733848428734,-0.03718683855247584,0,Weak_Downtrend
XGBoost,4,2024-05-16,0,0.3674110770225525,0,3900.949951171875,0.005295858505643514,0.007268617534816446,-0.04857202061925647,0.1711943445057557,0.17148943556809368,-0.05895999766182758,0,Weak_Uptrend
XGBoost,4,2024-05-17,0,0.5577951073646545,1,3834.10009765625,-0.017136813943368523,-0.007224210860629188,-0.06558298031952481,0.18199359429255493,0.17166733848428734,-0.0342322831060754,0,Weak_Downtrend
XGBoost,4,2024-05-21,0,0.65833580493927,1,3820.199951171875,-0.0036253999974784623,-0.0015681355069178116,-0.07463117217547799,0.17938811793079334,0.17184524140048102,-0.02753781281516543,0,Weak_Downtrend
XGBoost,4,2024-05-22,0,0.6579462289810181,1,3832.0,0.0030888563370892186,-0.008435568191394682,-0.06623125338059643,0.17588471513164297,0.17189946243039533,-0.022325169318404225,0,Weak_Downtrend
XGBoost,4,2024-05-23,0,0.3188414573669433,0,3893.449951171875,0.01603599978389214,0.004839084377186165,-0.034039163533428174,0.18511096363234714,0.17195368346030965,-0.01619387679791484,0,Weak_Uptrend
XGBoost,4,2024-05-24,1,0.6009922027587891,1,3849.5,-0.011288176738639355,0.004815899280020686,-0.03557559814606037,0.1851298945818775,0.17207283127980255,0.011546941465612415,0,Weak_Uptrend
XGBoost,4,2024-05-27,1,0.6740281581878662,1,3847.050048828125,-0.0006364336074490273,-0.001336873061893673,-0.05873358691796704,0.1841164217718487,0.17219197909929546,0.003028268984256899,0,Weak_Downtrend
XGBoost,4,2024-05-28,1,0.7135289907455444,1,3839.89990234375,-0.0018586050073752247,0.004854254180708839,-0.05236795493656177,0.18185014787552203,0.17224097559396678,0.0031772170167907454,1,Weak_Uptrend
XGBoost,4,2024-05-29,1,0.7335686087608337,1,3803.64990234375,-0.009440350249201646,-0.017195506606312194,-0.04933708503401302,0.17870648394470046,0.17228997208863814,0.007361350470963979,1,Weak_Downtrend
XGBoost,4,2024-05-30,1,0.7196359634399414,1,3736.10009765625,-0.01775920666249453,-0.022129691766741955,-0.08973292404504452,0.183909392441844,0.17245063408569605,0.03802087764634887,1,Weak_Downtrend
XGBoost,4,2024-05-31,1,0.8457560539245605,1,3670.949951171875,-0.017438008827773466,-0.04978906510629344,-0.10876563757689128,0.18670947225689277,0.17261129608275394,0.04388512504912301,1,Weak_Downtrend
XGBoost,4,2024-06-03,1,0.8628421425819397,1,3702.85009765625,0.008689888696028492,-0.036569133646954355,-0.0957852044262597,0.19051315029125168,0.17296810736076434,0.030314486689874354,1,Weak_Downtrend
XGBoost,4,2024-06-04,1,0.2884446680545807,0,3715.0,0.003281229869780633,-0.05254971149621179,-0.09265209095660953,0.17329080671094782,0.17329080671094782,0.023337806506561254,0,Strong_Downtrend_LowVol
XGBoost,4,2024-06-05,1,0.2209851294755935,0,3746.449951171875,0.008465666533479244,-0.058432501753766575,-0.08190996740743262,0.16619534534390315,0.17295105139685088,0.010890322668093644,0,Strong_Downtrend_LowVol
XGBoost,4,2024-06-06,0,0.3052290380001068,0,3830.39990234375,0.02240786671809558,-0.03684985997496437,-0.045288051367074256,0.18900831248845773,0.17329080671094782,-0.00512998716706492,0,Weak_Downtrend
XGBoost,4,2024-06-07,0,0.2829272449016571,0,3893.949951171875,0.016590969728575766,-0.016728953289440796,-0.04191376020709092,0.19962594946460557,0.1733078626748613,-0.019812761671611057,0,Weak_Downtrend
XGBoost,4,2024-06-10,0,0.3222821354866028,0,3858.699951171875,-0.009052504639766035,-0.009039767856047876,-0.060823672429675124,0.1932290152209992,0.17332491863877478,-0.0052478814772447535,0,Weak_Downtrend
XGBoost,4,2024-06-11,1,0.3758260905742645,0,3852.10009765625,-0.001710382667514887,-0.024241336944175518,-0.0655572655397827,0.18578554244753157,0.1735689707339158,0.0009734949520865399,0,Weak_Downtrend
XGBoost,4,2024-06-12,1,0.4066451489925384,0,3831.64990234375,-0.005308843174906763,-0.017827860581007382,-0.08601588589808573,0.18224747200646563,0.1738130228290568,0.026750878241068587,0,Weak_Downtrend
XGBoost,4,2024-06-13,1,0.4400219321250915,0,3878.14990234375,0.012135764275216454,-0.0005798371447852668,-0.06528081408923836,0.18701796170472437,0.1739371675774423,0.006704227699988241,0,Weak_Downtrend
XGBoost,4,2024-06-14,1,0.4116044342517853,0,3832.050048828125,-0.011887073650186819,-0.017662339482989786,-0.08925516686752544,0.1905225993400398,0.17406131232582778,0.038138829211910696,0,Weak_Downtrend
XGBoost,4,2024-06-18,1,0.3943470120429992,0,3815.10009765625,-0.004423207149149455,-0.0049555305067842115,-0.09578714282011025,0.18120009316885058,0.17410436880783026,0.053026080445904844,0,Weak_Downtrend
XGBoost,4,2024-06-19,1,0.4451701939105987,0,3801.699951171875,-0.0035123970908672586,-0.004842678455698413,-0.08447924113862126,0.18117209133034992,0.17414742528983276,0.043020241189131836,0,Weak_Downtrend
XGBoost,4,2024-06-20,1,0.1704689264297485,0,3787.25,-0.0038009183674321267,-0.011677974947807979,-0.047783684030608065,0.1811735234056504,0.1747488325364029,0.061707030476434,0,Weak_Downtrend
XGBoost,4,2024-06-21,1,0.1675410717725753,0,3810.75,0.006205030034985848,-0.02124078958482145,-0.04033088374985838,0.17240280887422926,0.17414742528983276,0.05275865612494268,0,Weak_Downtrend
XGBoost,4,2024-06-24,1,0.1702487021684646,0,3816.800048828125,0.0015876268000065696,-0.00849459700529287,-0.03930326439115894,0.16823654406537475,0.17410436880783026,0.046216699876094,0,Weak_Downtrend
XGBoost,4,2024-06-25,1,0.2115805596113205,0,3838.449951171875,0.0056722652658729444,-0.0022355044896984477,-0.018525135641660584,0.16959056158621477,0.17406131232582778,0.038309747606121825,0,Weak_Downtrend
XGBoost,4,2024-06-26,1,0.1747529655694961,0,3855.85009765625,0.004533117978798407,0.0041538049736047356,-0.005583469334300428,0.17020690119610327,0.1739371675774423,0.013823100830578916,0,Weak_Uptrend
XGBoost,4,2024-06-27,0,0.1585526466369629,0,3934.14990234375,0.020306755372853758,0.03430915130217116,0.024278164589266682,0.18017825145737015,0.17406131232582778,-0.002656215810599716,0,Weak_Uptrend
XGBoost,4,2024-06-28,1,0.120798535645008,0,3904.14990234375,-0.007625535565416008,0.04498000596743168,0.007184648547535533,0.16886113497041846,0.1739371675774423,0.0716674051887145,0,Weak_Uptrend
XGBoost,4,2024-07-01,1,0.1676857769489288,0,3978.199951171875,0.01896700963855702,0.08369768155022572,0.015689015426533448,0.1618486485613233,0.1738130228290568,0.048011725525350046,0,Strong_Uptrend_LowVol
XGBoost,4,2024-07-02,1,0.09813142567873,0,4017.39990234375,0.009853690526623105,0.08494802554567271,0.03439926150573491,0.1623406431290647,0.1735689707339158,0.040088190591828665,0,Strong_Uptrend_LowVol
XGBoost,4,2024-07-03,1,0.1081952154636383,0,3965.25,-0.012981008515812853,0.0673620457604307,0.004547399728886514,0.17336286596523434,0.17336286596523434,0.08834242599773034,0,Strong_Uptrend_LowVol
XGBoost,4,2024-07-04,1,0.0982093587517738,0,4020.949951171875,0.01404702129042934,0.07326936261730577,0.004408838240570256,0.17666025536100616,0.1735879443971456,0.0699958851986826,0,Strong_Uptrend_HighVol
XGBoost,4,2024-07-05,1,0.1049072816967964,0,4011.800048828125,-0.0022755573819274177,0.047358017729005164,0.0081799456752214,0.16300672701604874,0.17336286596523434,0.0686848909403186,0,Weak_Uptrend
XGBoost,4,2024-07-08,1,0.1101596057415008,0,3993.199951171875,-0.004636347133422869,0.025488257744589404,0.005198147811842357,0.15568866325493388,0.17334389230200456,0.07741915012135814,0,Weak_Uptrend
XGBoost,4,2024-07-09,1,0.1074301674962043,0,3985.5,-0.001928265868483603,0.03286082111401689,0.009869367090236336,0.15139736705754217,0.17332491863877478,0.08047923723497674,0,Weak_Uptrend
XGBoost,4,2024-07-10,1,0.067156933248043,0,3909.14990234375,-0.019156968424601684,0.014810052501546211,-0.018947712308574838,0.16827542434348092,0.1733078626748613,0.10573912691565601,0,Weak_Uptrend
XGBoost,4,2024-07-11,1,0.0651871934533119,0,3923.699951171875,0.0037220493436185276,0.024023606324737434,-0.0194181918998807,0.16698369386022208,0.17329080671094782,0.11829399603956703,0,Weak_Uptrend
XGBoost,4,2024-07-12,1,0.2866563498973846,0,4183.9501953125,0.06632776394201523,0.07885210749175542,0.06159297857203261,0.28381241527362905,0.1733078626748613,0.04712051844322329,0,Strong_Uptrend_HighVol
XGBoost,4,2024-07-15,1,0.2609844505786896,0,4169.2001953125,-0.003525376572724337,0.0879816657372412,0.07653381087259148,0.2791375397147451,0.17332491863877478,0.04704736955646416,0,Strong_Uptrend_HighVol
XGBoost,4,2024-07-16,1,0.2654161155223846,0,4178.4501953125,0.0022186509562194257,0.09523999065698652,0.0819394602052046,0.2773531401952522,0.17334389230200456,0.04951594315420005,0,Strong_Uptrend_HighVol
XGBoost,4,2024-07-18,1,0.2534982562065124,0,4315.5498046875,0.03281111487910082,0.1351631796605175,0.1278944801004842,0.2926369046440269,0.17336286596523434,0.018896848990172854,0,Strong_Uptrend_HighVol
XGBoost,4,2024-07-19,0,0.2295404523611068,0,4302.39990234375,-0.003047097806510468,0.13602215389629668,0.11328463324135685,0.29229645530891346,0.1735879443971456,-0.004497512573321871,0,Strong_Uptrend_HighVol
XGBoost,4,2024-07-22,0,0.2242989689111709,0,4287.35009765625,-0.0034980022845625403,0.1250672696073607,0.10649860677846079,0.2944711543351455,0.1738130228290568,-0.030858290075511663,0,Strong_Uptrend_HighVol
XGBoost,4,2024-07-23,0,0.2242989689111709,0,4302.35009765625,0.003498664596623513,0.127213907623273,0.12302111505233149,0.2941634263806984,0.1739371675774423,-0.030483317109687436,0,Strong_Uptrend_HighVol
XGBoost,4,2024-07-24,0,0.2841377854347229,0,4306.25,0.0009064586226663618,0.12187212410710369,0.11786772612620977,0.29475497249692456,0.17406131232582778,-0.024568895137880964,0,Strong_Uptrend_HighVol
XGBoost,4,2024-07-25,0,0.2812440991401672,0,4322.5,0.0037735849056603765,0.12102387035932738,0.131144723602038,0.294814897868468,0.17410436880783026,-0.03469061777038751,0,Strong_Uptrend_HighVol
XGBoost,4,2024-07-26,0,0.2386145740747451,0,4387.85009765625,0.015118588237420516,0.11532356584638781,0.13375281717101806,0.2920113316247263,0.17414742528983276,-0.03625923723812552,0,Strong_Uptrend_HighVol
XGBoost,4,2024-07-29,0,0.286546915769577,0,4381.10009765625,-0.0015383387877369037,0.12216492891991049,0.14668975426633457,0.28913206863943974,0.1747488325364029,-0.04232959557616822,0,Strong_Uptrend_HighVol
XGBoost,4,2024-07-30,0,0.2715286314487457,0,4365.35009765625,-0.003594987480068257,0.09731792047564891,0.12995367755098775,0.2867238256850326,0.175350239782973,-0.03857649411307551,0,Strong_Uptrend_HighVol
XGBoost,4,2024-07-31,0,0.2840441465377807,0,4385.35009765625,0.00458153402420991,0.09158913831252846,0.14100801610106006,0.2861025739892466,0.17541700551017725,-0.0205457023156268,0,Strong_Uptrend_HighVol
XGBoost,4,2024-08-01,1,0.296279102563858,0,4397.10009765625,0.002679375588799493,0.10890866847140779,0.12140881725557184,0.27868597549311563,0.17548377123738146,0.004309591915214961,0,Strong_Uptrend_HighVol
XGBoost,4,2024-08-02,1,0.294759064912796,0,4283.0498046875,-0.0259376158003638,0.06518356525159885,0.07642716225321244,0.2975879116681233,0.17555366085560717,0.04831841905877621,0,Strong_Uptrend_HighVol
XGBoost,4,2024-08-05,1,0.2707370817661285,0,4155.0498046875,-0.029885246690317002,0.03570710257636578,0.04478302611355334,0.31978931827431323,0.17562355047383288,0.08862709649943556,0,Weak_Uptrend
XGBoost,4,2024-08-06,1,0.2707370817661285,0,4171.2001953125,0.003886930694977364,0.04457584050815888,0.053280199672288475,0.31889290503763473,0.17575413280273794,0.09117275289612614,0,Weak_Uptrend
XGBoost,4,2024-08-07,1,0.3227385282516479,0,4200.4501953125,0.007012370212504004,0.05393305615669308,0.07872577638275624,0.3188735292569856,0.17588471513164297,0.07178987743361764,0,Strong_Uptrend_HighVol
XGBoost,4,2024-08-08,1,0.3355268836021423,0,4172.5498046875,-0.0066422381715501855,0.067380353510063,0.05693037972530801,0.31041714792405933,0.17598395460759586,0.06982543319889034,0,Strong_Uptrend_HighVol
XGBoost,4,2024-08-09,1,0.3270950615406036,0,4228.75,0.013469029237078045,0.07774550873519703,0.08396135879416611,0.31245462732756896,0.17608319408354875,0.06472366427726861,0,Strong_Uptrend_HighVol
XGBoost,4,2024-08-12,1,0.3264108598232269,0,4195.64990234375,-0.00782739524830034,0.002796330378014078,0.08124162661935697,0.21018155543973482,0.17629160569353075,0.07186014253276429,0,Weak_Uptrend
XGBoost,4,2024-08-13,1,0.3388810753822326,0,4196.9501953125,0.0003099145541252124,0.006655952868658055,0.0758790160975289,0.2097147587205109,0.17650001730351278,0.07364862459417032,0,Weak_Uptrend
XGBoost,4,2024-08-14,1,0.242540031671524,0,4295.25,0.023421722944744428,0.027952901010649622,0.12027591627710676,0.22507652474204468,0.17650871150337205,0.05041611191141371,0,Weak_Uptrend
XGBoost,4,2024-08-16,1,0.2669140696525574,0,4416.0498046875,0.02812404509341704,0.023287878613018842,0.15597347288925123,0.21688751830962483,0.17651740570323132,0.031181757770561314,0,Weak_Uptrend
XGBoost,4,2024-08-19,1,0.2460161000490188,0,4490.0,0.01674577927857701,0.043603593788214434,0.1717118997912317,0.22299144745952446,0.17658883053211874,0.006915323983853083,0,Weak_Uptrend
XGBoost,4,2024-08-20,0,0.2275067567825317,0,4523.2998046875,0.007416437569599088,0.05503392577159394,0.161771657890722,0.22263811368793665,0.17666025536100616,-0.002420734309917516,0,Strong_Uptrend_HighVol
XGBoost,4,2024-08-21,0,0.2480917125940323,0,4551.5,0.006234429847713496,0.05791018784814295,0.1823613456293025,0.2229674458044925,0.17681111076163247,-0.01587388772931997,0,Strong_Uptrend_HighVol
XGBoost,4,2024-08-22,0,0.2242989689111709,0,4502.0,-0.010875535537734793,0.04545718432510881,0.17024731751836275,0.22823360424164602,0.17696196616225876,-0.005786273808862763,0,Weak_Uptrend
XGBoost,4,2024-08-23,0,0.2429498732089996,0,4463.89990234375,-0.008462927067136805,0.03271252801474844,0.16250423601384267,0.23131485121059733,0.1770793072396081,-0.0016017165483472873,0,Weak_Uptrend
XGBoost,4,2024-08-26,0,0.2439489513635635,0,4502.4501953125,0.00863601196534658,0.02611759634119304,0.18371835234840095,0.22744371396011673,0.17719664831695744,-0.011749245039972767,0,Weak_Uptrend
XGBoost,4,2024-08-27,1,0.244068294763565,0,4497.14990234375,-0.0011772019098108544,0.02648873618513825,0.20370166344443663,0.22738569936479708,0.1773138675078307,0.0023793281400121824,0,Weak_Uptrend
XGBoost,4,2024-08-28,0,0.2533520460128784,0,4506.0498046875,0.0019790094920144607,0.03223102474800155,0.22748876030005172,0.22661936893697332,0.17743108669870397,-0.005925302246654107,0,Weak_Uptrend
XGBoost,4,2024-08-29,1,0.2592674493789673,0,4511.7998046875,0.0012760622383751752,0.028834575168543708,0.21846677172896678,0.22636250396627436,0.17753351738609285,0.0013077687132461158,0,Weak_Uptrend
XGBoost,4,2024-08-30,0,0.2506621479988098,0,4553.75,0.009297884908128218,0.035625730336966255,0.22577388963660838,0.22802547439988935,0.17763594807348176,-0.006840494612956327,0,Weak_Uptrend
XGBoost,4,2024-09-02,0,0.2566772103309631,0,4521.0498046875,-0.0071809377573428534,0.0555678805648081,0.20675569235172442,0.2064045031022576,0.1781712160090911,-0.0017252198105432992,0,Strong_Uptrend_HighVol
XGBoost,4,2024-09-03,0,0.3106915652751922,0,4512.35009765625,-0.0019242670191843558,0.08599181953623347,0.17803629195354453,0.1679880025313547,0.17763594807348176,-0.0014848571514830544,0,Strong_Uptrend_LowVol
XGBoost,4,2024-09-04,0,0.327718049287796,0,4479.25,-0.007335445375446947,0.07385159912336015,0.15031011085593948,0.1729041674937799,0.17753351738609285,-0.029714817805715277,0,Strong_Uptrend_LowVol
XGBoost,4,2024-09-05,0,0.327718049287796,0,4475.9501953125,-0.0007366868755930289,0.0655882077372194,0.15996326533582073,0.17307840364774932,0.17743108669870397,-0.040170306889707685,0,Strong_Uptrend_LowVol
XGBoost,4,2024-09-06,0,0.3231621384620666,0,4456.75,-0.004289635602426456,0.06811187609869274,0.1569663007229849,0.17149147202755285,0.1773138675078307,-0.03855951032843441,0,Strong_Uptrend_LowVol
XGBoost,4,2024-09-09,0,0.357803463935852,0,4449.5498046875,-0.0016155708335671148,0.05221396504581732,0.1612620980757642,0.16801602215917782,0.17719664831695744,-0.040689465818939285,0,Strong_Uptrend_LowVol
XGBoost,4,2024-09-10,0,0.3259206712245941,0,4507.85009765625,0.013102514979679958,0.0744104495320499,0.1623712881577739,0.1672103385215728,0.1770793072396081,-0.05247519057737493,0,Strong_Uptrend_LowVol
XGBoost,4,2024-09-11,0,0.3258581459522247,0,4479.35009765625,-0.006322304287540104,0.06728693198674529,0.16891743076948473,0.1705891620322392,0.17696196616225876,-0.04567629080015512,0,Strong_Uptrend_LowVol
XGBoost,4,2024-09-12,0,0.3316980302333832,0,4517.7001953125,0.008561531655298937,0.0517898132384611,0.18416295239222746,0.15478221275298418,0.17681111076163247,-0.04984841525034456,0,Strong_Uptrend_LowVol
XGBoost,4,2024-09-13,0,0.3316980302333832,0,4522.60009765625,0.0010846010429894637,0.024127964511552857,0.18962573473536692,0.12183137943822342,0.17666025536100616,-0.04729578068478779,0,Weak_Uptrend
XGBoost,4,2024-09-16,0,0.3296115696430206,0,4513.25,-0.002067416409665679,0.005178173719376344,0.19169582150637,0.10749310193459781,0.17658883053211874,-0.054229213981055735,0,Weak_Uptrend
XGBoost,4,2024-09-17,0,0.3421419560909271,0,4505.64990234375,-0.0016839522863235645,-0.0039019970167485374,0.182352529644755,0.10428583008430178,0.17651740570323132,-0.048328211183636505,0,Weak_Downtrend
XGBoost,4,2024-09-18,0,0.236836165189743,0,4346.14990234375,-0.03539999854783016,-0.04511701585329009,0.13868943794374333,0.16011895833482834,0.17650871150337205,-0.02609203660522541,0,Weak_Downtrend
XGBoost,4,2024-09-19,0,0.1933979839086532,0,4296.14990234375,-0.011504435218177012,-0.045724144303920466,0.11924082819736648,0.16058283493002645,0.17650001730351278,-0.01021842890533231,0,Weak_Downtrend
XGBoost,4,2024-09-20,0,0.1933979839086532,0,4284.89990234375,-0.0026186237109330213,-0.040099465470992524,0.11127242860097053,0.1589337909874624,0.17629160569353075,-0.002812155467367905,0,Weak_Downtrend
XGBoost,5,2024-09-23,0,0.2365657389163971,0,4268.5,-0.003827371167942517,-0.0519606403544598,0.08498661869926782,0.1539551135896734,0.17608319408354875,-0.0035726836125102857,0,Strong_Downtrend_LowVol
XGBoost,5,2024-09-24,0,0.2511974573135376,0,4271.2998046875,0.0006559223819841975,-0.05022071813495588,0.09404093375701117,0.15431990059165165,0.17598395460759586,-0.004296024679621535,0,Strong_Downtrend_LowVol
XGBoost,5,2024-09-25,0,0.2854065299034118,0,4274.75,0.0008077623838798065,-0.05133094721831222,0.07454377670000456,0.15392175238396286,0.17588471513164297,-0.011076693995262898,0,Strong_Downtrend_LowVol
XGBoost,5,2024-09-26,0,0.3754554092884063,0,4292.5,0.004152289607579407,-0.04860583673496777,0.06847715048127445,0.1552121189528612,0.17575413280273794,-0.033383763468258554,0,Weak_Downtrend
XGBoost,5,2024-09-27,0,0.3710492253303528,0,4308.7001953125,0.003774069962143356,-0.05381274876475428,0.08661501678645744,0.15084769033112394,0.17562355047383288,-0.03993090379226805,0,Strong_Downtrend_LowVol
XGBoost,5,2024-09-30,0,0.3588312566280365,0,4268.5,-0.009330005219725934,-0.05586087647732885,0.0615650659257716,0.15188026199481144,0.17555366085560717,-0.03553946241361139,0,Strong_Downtrend_LowVol
XGBoost,5,2024-10-01,0,0.384001225233078,0,4287.89990234375,0.004544899225430443,-0.04974130784512509,0.06882193782221924,0.15410918222584974,0.17548377123738146,-0.04499870695824992,0,Weak_Downtrend
XGBoost,5,2024-10-03,0,0.6041865348815918,1,4232.75,-0.01286175134676193,-0.05503153429703633,0.05998949508096252,0.1576164148362669,0.17541700551017725,-0.029236312090248684,0,Strong_Downtrend_LowVol
XGBoost,5,2024-10-04,0,0.58246910572052,1,4252.25,0.004606934026342158,-0.049978258369982154,0.06693012169113044,0.15966266849816468,0.175350239782973,-0.030383960329825377,0,Weak_Downtrend
XGBoost,5,2024-10-07,0,0.3540689051151275,0,4272.85009765625,0.00484451705714628,-0.04126323045801317,0.09303818078054293,0.16159391301013631,0.1747488325364029,-0.04516891432860348,0,Weak_Downtrend
XGBoost,5,2024-10-08,0,0.58246910572052,1,4253.25,-0.004587125035582451,-0.04411677884371645,0.08398961514111192,0.1618308651709638,0.17414742528983276,-0.05589843061188504,0,Weak_Downtrend
XGBoost,5,2024-10-09,0,0.2640060484409332,0,4252.9501953125,-7.048837653556017e-05,-0.056545780543208246,0.016491592102913843,0.15174754698938864,0.17410436880783026,-0.04389898464324282,0,Strong_Downtrend_LowVol
XGBoost,5,2024-10-10,0,0.4729017913341522,0,4227.39990234375,-0.006007663338477576,-0.05624704249938606,0.013959441692602104,0.1516564709488463,0.17406131232582778,-0.042461088173958106,0,Strong_Downtrend_LowVol
XGBoost,5,2024-10-11,0,0.7608885765075684,1,4149.2001953125,-0.01849829891605348,-0.08156805101461806,-0.007000203097505708,0.15503971688379342,0.1739371675774423,-0.022088629656364933,1,Strong_Downtrend_LowVol
XGBoost,5,2024-10-14,0,0.7580382823944092,1,4136.64990234375,-0.003024749922389547,-0.0853381212087514,-0.04145471850410143,0.15386393247846483,0.1738130228290568,-0.011071714012237499,1,Strong_Downtrend_LowVol
XGBoost,5,2024-10-15,0,0.7607991695404053,1,4116.7998046875,-0.004798592611137686,-0.08784139928266765,-0.04313873695356485,0.15361887967873175,0.1735879443971456,-0.010092743552938876,1,Strong_Downtrend_LowVol
XGBoost,5,2024-10-16,0,0.7894052863121033,1,4094.949951171875,-0.0053074850739028845,-0.09115221112901761,-0.044876238726003215,0.15326300778590204,0.17336286596523434,-0.002515305181001626,1,Strong_Downtrend_LowVol
XGBoost,5,2024-10-17,0,0.7607991695404053,1,4109.0,0.0034310672891384453,-0.05456551377021346,-0.04494057742106561,0.10435172790697317,0.17334389230200456,-0.03420541465761129,1,Strong_Downtrend_LowVol
XGBoost,5,2024-10-18,0,0.7467433214187622,1,4123.0498046875,0.0034192759035045484,-0.040291912896664894,-0.042542861030478996,0.10120348968636061,0.17332491863877478,-0.03367649193996314,1,Weak_Downtrend
XGBoost,5,2024-10-21,0,0.7944980263710022,1,4079.85009765625,-0.010477609798003495,-0.047854047786587084,-0.056136472491324474,0.10555607157304003,0.1733078626748613,-0.02835893293701308,1,Weak_Downtrend
XGBoost,5,2024-10-22,0,0.8129313588142395,1,4015.5,-0.015772662258649484,-0.05927140681738319,-0.08485934782848192,0.11568698195541903,0.17329080671094782,-0.010994870462893824,1,Strong_Downtrend_LowVol
XGBoost,5,2024-10-23,1,0.7620764970779419,1,4066.25,0.012638525712862725,-0.04800641820142659,-0.07186553391571326,0.1279164300344917,0.17318460517934858,0.018051005802336206,1,Weak_Downtrend
XGBoost,5,2024-10-24,1,0.7775447964668274,1,4047.89990234375,-0.0045127814709499114,-0.05306745368881216,-0.07272044354081442,0.1275261602903115,0.17307840364774932,0.0254452932347371,1,Strong_Downtrend_LowVol
XGBoost,5,2024-10-25,1,0.7742302417755127,1,4057.550048828125,0.0023839884179912563,-0.054734991536837474,-0.07474888926275636,0.12641710378861054,0.1729912855707646,0.02204531061735371,1,Strong_Downtrend_LowVol
XGBoost,5,2024-10-28,1,0.7284544706344604,1,4090.85009765625,0.008206934831954227,-0.050560514257467326,-0.069648175660872,0.13038247534714745,0.1729041674937799,0.026363737385058483,1,Strong_Downtrend_LowVol
XGBoost,5,2024-10-29,1,0.7427082061767578,1,4075.25,-0.003813412196449706,-0.045273515286400334,-0.048516784572543936,0.12803186379464693,0.17275773178826692,0.02997359728697635,1,Weak_Downtrend
XGBoost,5,2024-10-30,1,0.7393041253089905,1,4084.64990234375,0.0023065829933746063,-0.047400826658501094,-0.01694321504024543,0.12668817518205136,0.17261129608275394,0.016084657653230305,1,Weak_Downtrend
XGBoost,5,2024-10-31,1,0.9053999185562134,1,3968.449951171875,-0.028447958564380316,-0.062441686569753685,-0.04860717171246565,0.1530958520737887,0.1725070524784916,0.0447151793156606,1,Strong_Downtrend_LowVol
XGBoost,5,2024-11-01,1,0.9119563698768616,1,3984.199951171875,0.003968803989917724,-0.06303722707463699,-0.05148263497611516,0.1526818921521906,0.17240280887422926,0.008860009352126497,1,Strong_Downtrend_LowVol
XGBoost,5,2024-11-04,1,0.8962885141372681,1,3964.14990234375,-0.005032390209790516,-0.07224690505333398,-0.04994545591993427,0.1497722406153001,0.1723463904814337,0.01902050839192415,1,Strong_Downtrend_LowVol
XGBoost,5,2024-11-05,1,0.8987098336219788,1,3971.35009765625,0.001816327709565968,-0.0662787050711221,-0.0608690280446349,0.1509889279280891,0.17228997208863814,0.025558058973421005,1,Strong_Downtrend_LowVol
XGBoost,5,2024-11-06,1,0.6782045960426331,1,4139.64990234375,0.04237848604353078,-0.02664039966741838,-0.013347157485355865,0.22187368646896796,0.1723463904814337,0.02535243264245124,0,Weak_Downtrend
XGBoost,5,2024-11-07,1,0.7009809613227844,1,4150.89990234375,0.002717621119030067,-0.018096229778873485,-0.010972322954935887,0.22155739795721335,0.17240280887422926,0.03955773426860687,1,Weak_Downtrend
XGBoost,5,2024-11-08,1,0.7009809613227844,1,4147.0,-0.0009395317727483032,-0.0005302697408974266,-0.03451487107851692,0.21151549944698148,0.1725070524784916,0.04960216911321447,1,Weak_Downtrend
XGBoost,5,2024-11-11,1,0.5726436972618103,1,4198.7001953125,0.012466890598625602,0.01500013161219993,-0.049218106449861576,0.21562996240567467,0.17261129608275394,0.03187882038456369,0,Weak_Uptrend
XGBoost,5,2024-11-12,1,0.5741950869560242,1,4197.39990234375,-0.0003096894058313149,0.0195783379032608,-0.06516705961163693,0.2146619748971901,0.17275773178826692,0.011316529543319742,0,Weak_Uptrend
XGBoost,5,2024-11-13,1,0.593315601348877,1,4150.35009765625,-0.01120927378428449,0.013528894649498913,-0.08245080430988938,0.21797904485040812,0.1729041674937799,0.029033695270200832,0,Weak_Uptrend
XGBoost,5,2024-11-14,1,0.6569667458534241,1,4145.89990234375,-0.0010722457642822203,0.008980263408067568,-0.08911350052867184,0.2178334883690368,0.1729912855707646,0.0315371820545125,0,Weak_Uptrend
XGBoost,5,2024-11-18,1,0.7046766877174377,1,4019.5,-0.030487929115773804,-0.025114856621371473,-0.10717458907152377,0.2436065086798799,0.17307840364774932,0.07046896380146794,1,Weak_Downtrend
XGBoost,5,2024-11-19,1,0.6871570348739624,1,4039.550048828125,0.004988194757588049,-0.009877825867003365,-0.09506258267413703,0.241940496933434,0.17318460517934858,0.07794181275386425,0,Weak_Downtrend
XGBoost,5,2024-11-21,1,0.6869116425514221,1,4072.85009765625,0.008243504456092898,0.014282180962831514,-0.09541473620374674,0.23664430523180865,0.17329080671094782,0.09605060280916522,0,Weak_Uptrend
XGBoost,5,2024-11-22,1,0.5649750232696533,1,4244.60009765625,0.0421694871851126,0.043861075353519796,-0.05615774661099915,0.27613584142483266,0.1733078626748613,0.047330702002923886,0,Weak_Uptrend
XGBoost,5,2024-11-25,1,0.4009934365749359,0,4315.10009765625,0.01660933854261759,0.06600958565151038,-0.04237629749067817,0.27939267552578884,0.17332491863877478,0.03176051576693184,0,Strong_Uptrend_HighVol
XGBoost,5,2024-11-26,1,0.3805783689022064,0,4352.7001953125,0.008713609604716455,0.07274097495596354,-0.03526300285081463,0.28000598640355273,0.17334389230200456,0.018344844761187806,0,Strong_Uptrend_HighVol
XGBoost,5,2024-11-27,1,0.3841496407985687,0,4332.5498046875,-0.004629400078300927,0.05908300261838639,-0.048575392876749945,0.28094926174784096,0.17336286596523434,0.02190405070989021,0,Strong_Uptrend_HighVol
XGBoost,5,2024-11-28,1,0.2898951768875122,0,4244.89990234375,-0.02023055851520028,0.04162932392951357,-0.061080924624504984,0.2920704328435125,0.1735879443971456,0.04948297905747423,0,Weak_Uptrend
XGBoost,5,2024-11-29,1,0.4073731303215027,0,4270.85009765625,0.006113264366533588,0.045585349972260714,-0.05351978343290276,0.2924010674536229,0.1738130228290568,0.04754318228095378,0,Weak_Uptrend
XGBoost,5,2024-12-02,1,0.3055686056613922,0,4276.64990234375,0.0013579977182254233,0.07766255212085116,-0.04523080820589387,0.2689039239738609,0.1739371675774423,0.03239692192078181,0,Strong_Uptrend_HighVol
XGBoost,5,2024-12-03,1,0.3819903135299682,0,4302.75,0.006102930623791858,0.07995332883191009,-0.038695737833250754,0.2690197803339473,0.17406131232582778,0.005984544767881017,0,Strong_Uptrend_HighVol
XGBoost,5,2024-12-04,0,0.4721872210502624,0,4354.39990234375,0.012003928265353458,0.09844481404935523,-0.022965187110843055,0.2682388046792449,0.17410436880783026,-0.001504180790555032,0,Strong_Uptrend_HighVol
XGBoost,5,2024-12-05,0,0.436297208070755,0,4464.0498046875,0.02518140382208145,0.12406352875361559,0.003258756646509431,0.2774105302453808,0.17414742528983276,-0.043043852723592346,0,Strong_Uptrend_HighVol
XGBoost,5,2024-12-06,0,0.3573099076747894,0,4445.5,-0.00415537583564185,0.07388308307982427,-0.013831448762829823,0.243611237621589,0.1747488325364029,-0.06190534142672366,0,Strong_Uptrend_HighVol
XGBoost,5,2024-12-09,0,0.4462079703807831,0,4452.14990234375,0.0014958727575637987,0.07257462407848081,-0.006072353068971359,0.24371394570235566,0.175350239782973,-0.06600184272806231,0,Strong_Uptrend_HighVol
XGBoost,5,2024-12-10,0,0.3232079446315765,0,4432.5498046875,-0.004402389426719888,0.0688569579666023,-0.01884817206625411,0.2448805015616606,0.17541700551017725,-0.057088992980946385,0,Strong_Uptrend_HighVol
XGBoost,5,2024-12-11,0,0.3232079446315765,0,4427.4501953125,-0.0011504911619057978,0.05448114639272905,-0.0210387609536955,0.24299163365161724,0.17548377123738146,-0.058351892457147114,0,Strong_Uptrend_HighVol
XGBoost,5,2024-12-12,0,0.4023072421550751,0,4454.9501953125,0.006211249994209966,0.06135948419518922,-0.012917477358333818,0.24299916071294975,0.17555366085560717,-0.06511859503199235,0,Strong_Uptrend_HighVol
XGBoost,5,2024-12-13,0,0.4300086498260498,0,4473.89990234375,0.004253629378660362,0.07795723181767533,-0.007046708174881511,0.23705482872061948,0.17562355047383288,-0.07043074376589831,0,Strong_Uptrend_HighVol
XGBoost,5,2024-12-16,0,0.3563823699951172,0,4415.2001953125,-0.013120478399728852,0.06495581159991581,0.015887692445102575,0.24413558295771987,0.17575413280273794,-0.07256752407841782,0,Strong_Uptrend_HighVol
XGBoost,5,2024-12-17,0,0.415903240442276,0,4328.5,-0.019636752916560196,0.07687523323796497,0.007530020690991623,0.22665120818467077,0.17588471513164297,-0.04991331978456737,0,Strong_Uptrend_HighVol
XGBoost,5,2024-12-18,0,0.3719558715820312,0,4347.85009765625,0.004470393359420122,0.07632039338578389,0.014691170563416733,0.2266228361764968,0.17598395460759586,-0.0395828038664493,0,Strong_Uptrend_HighVol
XGBoost,5,2024-12-19,0,0.3065764605998993,0,4271.89990234375,-0.017468448453050733,0.04887236208424284,0.0007965098614852728,0.2379990816542787,0.17608319408354875,-0.04026311569370655,0,Weak_Uptrend
XGBoost,5,2024-12-20,0,0.568117082118988,1,4170.2998046875,-0.023783351665264352,-0.017504662691257167,-0.023646197789524925,0.20503622979594743,0.17629160569353075,-0.01805620895717419,0,Weak_Downtrend
XGBoost,5,2024-12-23,0,0.5576220750808716,1,4158.2998046875,-0.0028774909627629075,-0.03633757952774175,-0.027241404833616034,0.19448332576438623,0.17650001730351278,-0.03126271841025774,0,Weak_Downtrend
XGBoost,5,2024-12-24,0,0.5937625169754028,1,4179.5,0.005098284469196246,-0.03979143693356657,-0.026324985439720394,0.1923079313802304,0.17650871150337205,-0.01701162762441677,0,Weak_Downtrend
XGBoost,5,2024-12-26,0,0.5832534432411194,1,4169.10009765625,-0.002488312559815742,-0.03772598455865628,-0.03239958486973005,0.19206352051100584,0.17651740570323132,-0.031241754083386697,0,Weak_Downtrend
XGBoost,5,2024-12-27,1,0.5656948685646057,1,4164.85009765625,-0.001019404643795685,-0.018857878048738397,-0.024282511969954346,0.1793670369200097,0.17658883053211874,0.02420250484986841,0,Weak_Downtrend
XGBoost,5,2024-12-30,1,0.5315733551979065,1,4158.7998046875,-0.0014527036572468122,-0.026236063173989854,-0.030108001724966638,0.17744896418076644,0.17666025536100616,0.03181213311100728,0,Weak_Downtrend
XGBoost,5,2024-12-31,1,0.6027769446372986,1,4094.800048828125,-0.015388996553101442,-0.04252156656918893,-0.03259109353774137,0.1839971672929969,0.17681111076163247,0.03376227268995469,0,Weak_Downtrend
XGBoost,5,2025-01-01,1,0.3396520018577575,0,4112.4501953125,0.004310380549454651,-0.04422748351345074,-0.03287666639720144,0.18304397364261463,0.17696196616225876,0.033349924213083026,0,Weak_Downtrend
XGBoost,5,2025-01-02,1,0.4462629556655884,0,4175.75,0.015392236180671759,-0.04102744496379207,-0.02272490151468487,0.18688506616868347,0.1770793072396081,0.00731600423576606,0,Weak_Downtrend
XGBoost,5,2025-01-03,1,0.3802525699138641,0,4099.89990234375,-0.018164424991019557,-0.08157388879518601,-0.036054804597954515,0.16527505669176362,0.17696196616225876,0.005951340990008491,0,Strong_Downtrend_LowVol
XGBoost,5,2025-01-06,0,0.6027769446372986,1,4095.0,-0.0011951273105348381,-0.07884377460353165,-0.037138971316097,0.16561786907454643,0.17681111076163247,-0.004200232276404203,0,Strong_Downtrend_LowVol
XGBoost,5,2025-01-07,1,0.589745819568634,1,4028.300048828125,-0.016288144364316248,-0.09520116411455448,-0.04709747317854651,0.16970573182923296,0.17666025536100616,0.0018742518522971707,0,Strong_Downtrend_LowVol
XGBoost,5,2025-01-08,1,0.4721475541591644,0,4108.39990234375,0.01988428184214497,-0.07312944391531839,-0.00983329100746777,0.19124640541327953,0.17681111076163247,0.011732108961691523,0,Strong_Downtrend_HighVol
XGBoost,5,2025-01-09,1,0.5819497108459473,1,4038.85009765625,-0.016928684242209058,-0.0877706310660874,-0.023642272611005488,0.19656106798810985,0.17696196616225876,0.02639367519931235,0,Strong_Downtrend_HighVol
XGBoost,5,2025-01-10,0,0.5834248661994934,1,4265.64990234375,0.056154548746216726,-0.04249212329420249,0.03615674910564404,0.2902894229879322,0.1770793072396081,-0.026560971313010828,0,Weak_Downtrend
XGBoost,5,2025-01-13,0,0.5351479053497314,1,4291.10009765625,0.005966311323045259,-0.04085916285067892,0.04790049910823502,0.2908428829744895,0.17719664831695744,-0.05265554057709154,0,Weak_Downtrend
XGBoost,5,2025-01-14,0,0.6169790029525757,1,4233.0498046875,-0.013528067779275621,-0.04125529592483357,0.030189779675711792,0.2910544625623736,0.1773138675078307,-0.045534488076642066,0,Weak_Downtrend
XGBoost,5,2025-01-15,0,0.6325839757919312,1,4249.60009765625,0.003909779882680153,-0.018228001003523175,0.03069336994786598,0.2839888626089619,0.17743108669870397,-0.035250444636277245,0,Weak_Downtrend
XGBoost,5,2025-01-16,0,0.6367969512939453,1,4206.2998046875,-0.010189262983270164,-0.032556387591433755,0.03099371398569062,0.28516614251400096,0.1774400254397352,-0.025259730626332244,0,Weak_Downtrend
XGBoost,5,2025-01-17,0,0.5152623057365417,1,4124.2998046875,-0.01949456857749876,-0.03455139423451148,0.0270949582088158,0.2867569250726848,0.17744896418076644,-0.0028853145763615418,0,Weak_Downtrend
XGBoost,5,2025-01-20,0,0.6982356905937195,1,4077.800048828125,-0.011274581883335744,-0.022180600961926866,0.0028404669727943865,0.2772034035647123,0.1775424561271241,-0.0011403566699429435,0,Weak_Downtrend
XGBoost,5,2025-01-21,1,0.6746646165847778,1,4035.85009765625,-0.010287397780558316,-0.029447060765848798,-0.002976804016453838,0.27911784927147726,0.17763594807348176,0.008127111734538284,0,Weak_Downtrend
XGBoost,5,2025-01-22,0,0.4914069771766662,0,4156.60009765625,0.029919347120975548,-0.0054791009316306205,0.024411294410707773,0.29985753087035555,0.1781712160090911,-0.011920870857095367,0,Weak_Downtrend
XGBoost,5,2025-01-23,0,0.4914069771766662,0,4145.4501953125,-0.0026824573165066257,-0.005672663594008087,0.013346883007893995,0.29987876133769403,0.17870648394470046,-0.013110782929609655,0,Weak_Downtrend
XGBoost,5,2025-01-24,0,0.4914069771766662,0,4152.35009765625,0.0016644518734183489,-0.0030013085001628914,0.018919108681982655,0.2999230666918935,0.17903676043235506,-0.016761615957078146,0,Weak_Downtrend
XGBoost,5,2025-01-27,0,0.5639668703079224,1,4065.14990234375,-0.021000203080592694,-0.022518492531954704,-0.004773970956191587,0.30907944257995806,0.1793670369200097,-0.008794263645576339,0,Weak_Downtrend
XGBoost,5,2025-01-28,0,0.5229705572128296,1,4040.300048828125,-0.006112899674695416,-0.013309563189928486,0.018105330428832334,0.30506413365834023,0.1793775774254015,-0.0008291705110420322,0,Weak_Downtrend
XGBoost,5,2025-01-29,0,0.592658281326294,1,4099.7998046875,0.014726568606366897,-0.0030761200802916777,0.029014571289682323,0.30945038949239373,0.17938811793079334,-0.03323327048886482,0,Weak_Downtrend
XGBoost,5,2025-01-30,0,0.592658281326294,1,4100.0498046875,6.09785872260904e-05,-0.018128526686822743,0.03428223091750415,0.30409043265942853,0.1794825140064627,-0.03656050767294894,0,Weak_Downtrend
XGBoost,5,2025-01-31,0,0.5554901361465454,1,4112.39990234375,0.0030121823501096934,0.00304885492273943,0.035516839668893185,0.29721232601080994,0.17957691008213206,-0.04918052835395048,0,Weak_Uptrend
XGBoost,5,2025-02-01,0,0.7181596755981445,1,4073.14990234375,-0.009544305255340224,-0.005335799183455392,-0.016064160392488702,0.29924594976453905,0.1798775807697511,-0.03395401789851149,1,Weak_Downtrend
XGBoost,5,2025-02-03,0,0.7153918743133545,1,4068.64990234375,-0.0011047960688632674,0.010016595841057852,-0.019814980350058242,0.2931443419013827,0.18017825145737015,-0.040345054571835015,1,Weak_Uptrend
XGBoost,5,2025-02-04,0,0.5213248133659363,1,4107.0498046875,0.009437996206463906,-0.0003286188512173771,-0.009633517075596787,0.28632294033378297,0.18034437772404038,-0.056938645654777575,0,Weak_Downtrend
XGBoost,5,2025-02-05,0,0.6626167893409729,1,4091.10009765625,-0.0038834949147794617,0.01293685052344995,-0.02562700184604194,0.27967881453116167,0.18051050399071059,-0.07504094074253453,0,Weak_Uptrend
XGBoost,5,2025-02-06,0,0.6966712474822998,1,4082.75,-0.0020410396853974833,-0.04287738246949335,-0.02731450541077385,0.18820755632578864,0.1807162029242872,-0.074300434181924,0,Weak_Downtrend
XGBoost,5,2025-02-07,0,0.6849414706230164,1,4029.39990234375,-0.013067196780662593,-0.060986737516432576,-0.02914216691762994,0.18948062196528487,0.18092190185786378,-0.060405993012054626,0,Strong_Downtrend_HighVol
XGBoost,5,2025-02-10,0,0.6849414706230164,1,4036.949951171875,0.0018737402618522747,-0.046325902732935575,-0.02627896325000123,0.18606654619830643,0.18095299436157847,-0.08951061020975248,0,Weak_Downtrend
XGBoost,5,2025-02-11,0,0.5199754238128662,1,3963.550048828125,-0.018182019403644833,-0.06731222756369193,-0.01391962959867521,0.1926885577326671,0.18098408686529313,-0.08426789012005831,0,Strong_Downtrend_HighVol
XGBoost,5,2025-02-12,0,0.5351260304450989,1,3950.14990234375,-0.003380844525562865,-0.06089672972390048,-0.022131213972781505,0.1910191541422294,0.18107808909782153,-0.08546507394955216,0,Strong_Downtrend_HighVol
XGBoost,6,2025-02-13,0,0.8337576985359192,1,3910.14990234375,-0.010126197989667851,-0.051923941634979265,-0.039947503937384554,0.18306294170535617,0.18117209133034992,-0.10917737503819624,1,Strong_Downtrend_HighVol
XGBoost,6,2025-02-14,0,0.5098326802253723,1,3934.85009765625,0.006316943321711177,-0.03505565487767259,-0.07297507253298974,0.18265591554718313,0.18117280736800018,-0.1122787495999602,0,Weak_Downtrend
XGBoost,6,2025-02-17,0,0.8371390700340271,1,3904.5,-0.007713152192081685,-0.03254583160373803,-0.0951542463358539,0.18127784117423798,0.1811735234056504,-0.09538992218513898,1,Weak_Downtrend
XGBoost,6,2025-02-18,0,0.9005553126335144,1,3873.199951171875,-0.008016403848924325,-0.06818075827024439,-0.1101615600948136,0.13887236504402442,0.18117280736800018,-0.08420683322715372,1,Strong_Downtrend_LowVol
XGBoost,6,2025-02-19,0,0.9314850568771362,1,3784.10009765625,-0.02300419669494913,-0.08716787818723515,-0.12658820596542664,0.15509577764408702,0.18117209133034992,-0.04822811112027259,1,Strong_Downtrend_LowVol
XGBoost,6,2025-02-20,0,0.9293535351753236,1,3779.39990234375,-0.0012420906400999465,-0.08981665479580048,-0.10966100749348229,0.15390108223626228,0.18107808909782153,-0.04450440692120672,1,Strong_Downtrend_LowVol
XGBoost,6,2025-02-21,0,0.9348692297935486,1,3786.0,0.0017463348221384845,-0.06866903042931016,-0.11352543090246259,0.14261536216918444,0.18098408686529313,-0.051862149407356006,1,Strong_Downtrend_LowVol
XGBoost,6,2025-02-24,0,0.9287832975387572,1,3675.60009765625,-0.02916003759739827,-0.09026556116238327,-0.14054220439183118,0.16917992310239116,0.18095299436157847,-0.027288074372421867,1,Strong_Downtrend_LowVol
XGBoost,6,2025-02-25,0,0.9299870729446412,1,3629.550048828125,-0.012528579716136412,-0.11470066302303727,-0.1564580677873163,0.15479762035151823,0.18092190185786378,-0.03398495570988924,1,Strong_Downtrend_LowVol
XGBoost,6,2025-02-27,0,0.9354568123817444,1,3612.550048828125,-0.0046837761626923324,-0.1189009351305994,-0.1703678739098642,0.15323082630220497,0.1807162029242872,-0.028096496554539274,1,Strong_Downtrend_LowVol
XGBoost,6,2025-02-28,1,0.9313012957572936,1,3483.25,-0.03579190518621844,-0.15298850240347084,-0.219710766590822,0.18139298843787247,0.18092190185786378,0.004148410585480544,1,Strong_Downtrend_HighVol
XGBoost,6,2025-03-03,1,0.9012481570243835,1,3493.050048828125,0.0028134784549271874,-0.1424204528249321,-0.21425035455446517,0.18544138815721897,0.18095299436157847,0.0013311868649892311,1,Strong_Downtrend_HighVol
XGBoost,6,2025-03-04,1,0.9005647897720337,1,3532.050048828125,0.011165027541785166,-0.13188646514081148,-0.20666416758143202,0.19594682762996626,0.18098408686529313,0.008805043271100654,1,Strong_Downtrend_HighVol
XGBoost,6,2025-03-05,1,0.8894710540771484,1,3547.050048828125,0.004246825439230939,-0.13635085584309947,-0.19977209391374318,0.19098381812178253,0.18107808909782153,0.008753766764126425,1,Strong_Downtrend_HighVol
XGBoost,6,2025-03-06,1,0.8298525214195251,1,3601.60009765625,0.015378990450430008,-0.11964996903410641,-0.18652950597402695,0.20702995231772056,0.18117209133034992,0.00759380630110007,1,Strong_Downtrend_HighVol
XGBoost,6,2025-03-07,1,0.8402940034866333,1,3611.199951171875,0.0026654412636961666,-0.11549814434587591,-0.18939611154989322,0.20896996442774812,0.18117280736800018,0.012890465622934721,1,Strong_Downtrend_HighVol
XGBoost,6,2025-03-10,1,0.8483890295028687,1,3589.64990234375,-0.005967559016257673,-0.10913535778471972,-0.1976463531373973,0.20731400172185702,0.1811735234056504,0.012856447770642765,1,Strong_Downtrend_HighVol
XGBoost,6,2025-03-11,1,0.8764618635177612,1,3575.300048828125,-0.003997563524580916,-0.11435611239364984,-0.19022923295212624,0.20551660026722038,0.18118680828725048,0.021228960173182543,1,Strong_Downtrend_HighVol
XGBoost,6,2025-03-12,1,0.8382480144500732,1,3506.199951171875,-0.019327076528555698,-0.11538900531645147,-0.18997344318542797,0.20645684814422766,0.18120009316885058,0.028506631841823227,1,Strong_Downtrend_HighVol
XGBoost,6,2025-03-13,1,0.8172340989112854,1,3511.050048828125,0.0013832918041736253,-0.11116030134833443,-0.19246294836135447,0.2079548973708263,0.18121031740102753,0.011321399423875222,1,Strong_Downtrend_HighVol
XGBoost,6,2025-03-17,1,0.8106125593185425,1,3497.699951171875,-0.0038023091299156375,-0.10548187703101919,-0.18123082676799507,0.20741767571961048,0.18122054163320447,0.013222975282515037,1,Strong_Downtrend_HighVol
XGBoost,6,2025-03-18,0,0.8179736733436584,1,3497.699951171875,0.0,-0.11109702673165589,-0.1612833333372362,0.20383524361452354,0.18124919140372123,-0.027032063970051756,1,Strong_Downtrend_HighVol
XGBoost,6,2025-03-20,0,0.8013614416122437,1,3563.14990234375,0.018712282953243786,-0.08742479130650527,-0.1431233750084251,0.22136078491753397,0.18127784117423798,-0.07402158405586923,1,Strong_Downtrend_HighVol
XGBoost,6,2025-03-21,0,0.7974686622619629,1,3578.10009765625,0.004195780621709444,-0.07619019344104339,-0.14389278677922002,0.22300459844947582,0.18133541480605522,-0.08497527752990641,1,Strong_Downtrend_HighVol
XGBoost,6,2025-03-24,0,0.7744424939155579,1,3628.949951171875,0.014211411678765717,-0.04100053975328777,-0.12956036886426214,0.21973378638868546,0.18139298843787247,-0.09258876659114501,1,Weak_Downtrend
XGBoost,6,2025-03-25,0,0.7823407053947449,1,3657.75,0.007936193448693007,-0.03218762382575879,-0.1217571066823313,0.22255039584085767,0.18139649157662507,-0.1124051404124804,1,Weak_Downtrend
XGBoost,6,2025-03-26,0,0.8817691206932068,1,3635.800048828125,-0.006000943523169933,-0.039672464651842265,-0.125757377229336,0.2227319739782587,0.1813999947153777,-0.11119974789549747,1,Weak_Downtrend
XGBoost,6,2025-03-27,0,0.8777562975883484,1,3651.199951171875,0.004235629610245928,-0.006638411643294373,-0.10833254184980345,0.1988407957241964,0.1816096259011864,-0.11037467281698843,1,Weak_Downtrend
XGBoost,6,2025-03-28,0,0.88265460729599,1,3606.14990234375,-0.012338422828272133,-0.006447120488648483,-0.12311402422474249,0.19868623932633264,0.18181925708699506,-0.09216196290110412,1,Weak_Downtrend
XGBoost,6,2025-04-01,0,0.9332331418991088,1,3550.800048828125,-0.015348738963860464,-0.017093188790569425,-0.14966172571918224,0.2053391848881165,0.18183470248125855,-0.07094179988183502,1,Weak_Downtrend
XGBoost,6,2025-04-02,0,0.9217604398727416,1,3543.949951171875,-0.0019291702044756942,0.01742624019862915,-0.13560085963417312,0.15863226174223952,0.18181925708699506,-0.06274068668551613,1,Weak_Uptrend
XGBoost,6,2025-04-03,0,0.8700207471847534,1,3403.14990234375,-0.039729694484417544,-0.02573686183355295,-0.1689499627976191,0.21406294057506478,0.18183470248125855,-0.026078780702218807,1,Weak_Downtrend
XGBoost,6,2025-04-04,1,0.84055495262146,1,3299.39990234375,-0.030486461947664245,-0.0658683040353758,-0.1809448496013647,0.23238592777318123,0.18185014787552203,0.0344305331328747,1,Strong_Downtrend_HighVol
XGBoost,6,2025-04-07,1,0.8669483661651611,1,3274.050048828125,-0.007683170960154806,-0.07696536452599356,-0.20308389478824762,0.23110355292169144,0.18192187108403848,0.03895787997308675,1,Strong_Downtrend_HighVol
XGBoost,6,2025-04-08,1,0.7657562494277954,1,3292.949951171875,0.005772636967023459,-0.08569806144919578,-0.1846813148418709,0.2228458789961886,0.18199359429255493,0.04708545563316169,1,Strong_Downtrend_HighVol
XGBoost,6,2025-04-09,1,0.8892604112625122,1,3246.60009765625,-0.014075480709668908,-0.10096362938787373,-0.23889672805252626,0.22375230329944507,0.18212053314951027,0.060648030684744336,1,Strong_Downtrend_HighVol
XGBoost,6,2025-04-11,1,0.921689748764038,1,3231.5,-0.004651049467765067,-0.0997729338757819,-0.24692970882571386,0.22374213878010038,0.18224747200646563,0.0745783691784001,1,Strong_Downtrend_HighVol
XGBoost,6,2025-04-15,1,0.9234642386436462,1,3248.199951171875,0.005167863584055299,-0.09148885217716585,-0.23265727996515517,0.22671183623645608,0.18245169377682438,0.06326580970665319,1,Strong_Downtrend_HighVol
XGBoost,6,2025-04-16,1,0.8622910380363464,1,3273.800048828125,0.007881318281226513,-0.06628255820552253,-0.2296216176591065,0.223964993170275,0.18265591554718313,0.048017578602011834,1,Strong_Downtrend_HighVol
XGBoost,6,2025-04-17,1,0.7736369371414185,1,3298.89990234375,0.007666886535910855,-0.06042356091027068,-0.21572401979824252,0.22681049510455167,0.1828499445948989,0.04710665709316264,1,Strong_Downtrend_HighVol
XGBoost,6,2025-04-21,1,0.5356848835945129,1,3321.60009765625,0.006881140981686684,-0.05034732995225166,-0.19462690518253212,0.22947223872816944,0.18304397364261463,0.04166663604128806,0,Strong_Downtrend_HighVol
XGBoost,6,2025-04-22,1,0.7257519960403442,1,3314.39990234375,-0.0021676887948012258,-0.05240588140406721,-0.18720882273366013,0.22929056669313377,0.1830534576739854,0.03943404512535631,1,Strong_Downtrend_HighVol
XGBoost,6,2025-04-23,1,0.3339495956897735,0,3413.0,0.02974900451406781,-0.04213965352537796,-0.15432934390153874,0.24565169604847692,0.18306294170535617,0.010518576719528383,0,Weak_Downtrend
XGBoost,6,2025-04-24,1,0.3408219814300537,0,3401.60009765625,-0.0033401413254467993,-0.04932785421950947,-0.18163883516860713,0.2445703318300789,0.1832278156368543,0.011376984378187238,0,Weak_Downtrend
XGBoost,6,2025-04-25,1,0.3011215627193451,0,3448.0,0.013640610598441683,-0.049862895219439984,-0.16824474121077304,0.2440636116222982,0.18339268956835245,0.04999997167742176,0,Weak_Downtrend
XGBoost,6,2025-04-28,1,0.3011215627193451,0,3443.5,-0.0013051044083526309,-0.058574260132595146,-0.17071058099276193,0.24103790220055615,0.1834423538981544,0.020763757804559413,0,Strong_Downtrend_HighVol
XGBoost,6,2025-04-29,1,0.3088956773281097,0,3472.5,0.00842166400464639,-0.044914474568192864,-0.14578795778282605,0.24399800862227394,0.18349201822795635,0.021943830431065514,0,Weak_Downtrend
XGBoost,6,2025-04-30,1,0.3119304180145263,0,3453.699951171875,-0.005413980944024455,-0.05409180615720899,-0.14518726098730994,0.24303412539729627,0.18364976799417043,0.03654050813796195,0,Strong_Downtrend_HighVol
XGBoost,6,2025-05-02,1,0.3195918798446655,0,3431.0,-0.006572647158932465,-0.048569778596811664,-0.16312986890794734,0.24084200449412382,0.18380751776038448,0.03797728033463277,0,Weak_Downtrend
XGBoost,6,2025-05-05,1,0.0899633169174194,0,3454.300048828125,0.0067910372568129596,-0.02717697382927775,-0.15749802724862094,0.23782841914833583,0.18385783293222566,0.018672379089327062,0,Weak_Downtrend
XGBoost,6,2025-05-06,1,0.0826934874057769,0,3460.0,0.0016501030863860233,-0.023688244001333958,-0.15864213545281247,0.23803594213695578,0.18390814810406683,0.011069378274024544,0,Weak_Downtrend
XGBoost,6,2025-05-07,1,0.0829680934548378,0,3445.10009765625,-0.004306330157153204,0.01232687260811205,-0.154192656726459,0.19016856378208918,0.18390877027295544,0.02342455919547204,0,Weak_Uptrend
XGBoost,6,2025-05-08,1,0.081339031457901,0,3448.89990234375,0.0011029591535192118,0.04531127005665536,-0.15232325584046746,0.15040180326354166,0.18390814810406683,0.008147553843808053,0,Weak_Uptrend
XGBoost,6,2025-05-09,1,0.0826145634055137,0,3440.300048828125,-0.002493506265514034,0.05077808754313495,-0.16234274906975643,0.1469393872777816,0.18385783293222566,0.02159696764049235,0,Strong_Uptrend_LowVol
XGBoost,6,2025-05-12,0,0.2193900197744369,0,3620.39990234375,0.05235004242637875,0.09943969875865988,-0.11505467577832162,0.23009797247065358,0.18390814810406683,-0.02295322499092667,0,Strong_Uptrend_HighVol
XGBoost,6,2025-05-13,0,0.1284363120794296,0,3515.0,-0.029112779026294056,0.082671069509765,-0.1390606821382646,0.2516799601497348,0.18390877027295544,-0.0046372827391536475,0,Strong_Uptrend_HighVol
XGBoost,6,2025-05-14,0,0.1629817634820938,0,3548.699951171875,0.00958746832770263,0.0981587346965418,-0.11929814930810667,0.25018629320226216,0.183909392441844,-0.014371460169000372,0,Strong_Uptrend_HighVol
XGBoost,6,2025-05-15,0,0.2577900290489197,0,3579.89990234375,0.008791938343948091,0.10211808267905598,-0.11321667455784268,0.2505856688342597,0.18395327986742044,-0.022849746338981736,0,Strong_Uptrend_HighVol
XGBoost,6,2025-05-16,0,0.2359750717878341,0,3561.300048828125,-0.0051956350800332896,0.08781843598020367,-0.10148730179878274,0.2528733799167419,0.1839971672929969,-0.027490002286268966,0,Strong_Uptrend_HighVol
XGBoost,6,2025-05-19,0,0.1506282389163971,0,3518.800048828125,-0.011933844219047196,0.06665862954136426,-0.10919835048783622,0.25894788900380183,0.1840567945324228,-0.01960895732708068,0,Strong_Uptrend_HighVol
XGBoost,6,2025-05-20,0,0.1483691036701202,0,3498.300048828125,-0.005825849640654357,0.053197238071059694,-0.10532840525340514,0.26057696704038535,0.1841164217718487,-0.026612953822367835,0,Strong_Uptrend_HighVol
XGBoost,6,2025-05-21,0,0.1527998149394989,0,3525.800048828125,0.007860960928497862,0.06378232944518403,-0.10395568793631327,0.26051318041501315,0.1841795471337307,-0.04109709696456998,0,Strong_Uptrend_HighVol
XGBoost,6,2025-05-22,0,0.1515970677137375,0,3477.0,-0.013840844106955186,0.018751831233518867,-0.10948905109489049,0.2472565712216981,0.18424267249561269,-0.030457262681550135,0,Weak_Uptrend
XGBoost,6,2025-05-23,0,0.1452295333147049,0,3514.60009765625,0.01081394813236991,0.033219660382141525,-0.09258490603025205,0.24902704814785132,0.1846768180639799,-0.03710241360641109,0,Weak_Uptrend
XGBoost,6,2025-05-26,0,0.1492395401000976,0,3537.300048828125,0.0064587579073398516,0.025899086087043166,-0.06522027495546034,0.24576249903977426,0.18511096363234714,-0.03262379354067124,0,Weak_Uptrend
XGBoost,6,2025-05-27,0,0.1209469586610794,0,3498.699951171875,-0.010912305182885995,0.016030187649738625,-0.07427103731409901,0.24949820875274778,0.18512042910711232,-0.010232386122775106,0,Weak_Uptrend
XGBoost,6,2025-05-28,0,0.1188810318708419,0,3497.699951171875,-0.00028582045158376257,0.007257005377069747,-0.07614898278608695,0.24793126240326166,0.1851298945818775,-0.00737628990144823,0,Weak_Uptrend
XGBoost,6,2025-05-29,0,0.1247487217187881,0,3498.10009765625,0.000114402747508624,0.012855820456930456,-0.0482914341288605,0.24696416647688774,0.18528564136954823,-0.01826710062619097,0,Weak_Uptrend
XGBoost,6,2025-05-30,0,0.1277496218681335,0,3463.39990234375,-0.009919726235321114,0.009443282525138486,-0.04577706444302099,0.24856143995392813,0.18544138815721897,-0.0051105710200826104,0,Weak_Uptrend
XGBoost,6,2025-06-02,1,0.1162265315651893,0,3449.800048828125,-0.003926734971154144,-0.0013027241225112007,-0.04505127895814054,0.24792275621550333,0.18558607592375342,0.013479042072538583,0,Weak_Downtrend
XGBoost,6,2025-06-03,1,0.0950516462326049,0,3405.199951171875,-0.012928313822536008,-0.015838164401192234,-0.02240724864081678,0.2520403831880205,0.1857307636902879,0.03233293176171936,0,Weak_Downtrend
XGBoost,6,2025-06-04,1,0.0978474020957946,0,3380.89990234375,-0.007136159161450162,-0.018635219149706672,-0.03210665318752015,0.25277946990407146,0.18575815306890975,0.020852436344278358,0,Weak_Downtrend
XGBoost,6,2025-06-05,1,0.1197066605091095,0,3371.10009765625,-0.0028985787720915424,-0.022557861025375048,-0.04556842313864595,0.25277447692133703,0.18578554244753157,0.01569217786814714,0,Weak_Downtrend
XGBoost,6,2025-06-06,1,0.1163363680243492,0,3384.199951171875,0.0038859283723828852,-0.01630674559196066,-0.04591141805570309,0.2532955692038681,0.18592511987692473,0.015217776946709893,0,Weak_Downtrend
XGBoost,6,2025-06-09,0,0.1302157342433929,0,3421.89990234375,0.011139989278358131,-0.05482819725840127,-0.04989454421367889,0.16601874228962618,0.18578554244753157,-0.008270202371529534,0,Strong_Downtrend_LowVol
XGBoost,6,2025-06-10,0,0.1550361812114715,0,3462.89990234375,0.011981647964605324,-0.014822218394381248,-0.04106669551211084,0.14183513481347892,0.18575815306890975,-0.020936210125776622,0,Weak_Downtrend
XGBoost,6,2025-06-11,0,0.1032899543642997,0,3471.89990234375,0.0025989778087169846,-0.021641742013934873,-0.032802641818389766,0.13720033862725783,0.1857307636902879,-0.007805482380794149,0,Weak_Downtrend
XGBoost,6,2025-06-12,1,0.1089804843068122,0,3434.199951171875,-0.010858593920413773,-0.040699448349515444,-0.039465246477005,0.13621699500094975,0.18558607592375342,0.002213062071023675,0,Weak_Downtrend
XGBoost,6,2025-06-13,0,0.0992893651127815,0,3445.699951171875,0.003348669315563768,-0.03246008369732545,-0.017255148263800257,0.1369664247035106,0.18544138815721897,-0.001334954749632411,0,Weak_Downtrend
XGBoost,6,2025-06-16,0,0.0993753224611282,0,3496.300048828125,0.014684998221926149,-0.006394225215352378,-0.004201022427727352,0.142829511406108,0.18528564136954823,-0.00981038479223817,0,Weak_Downtrend
XGBoost,6,2025-06-17,0,0.1051598191261291,0,3515.300048828125,0.005434316201313516,0.004859503119434949,0.005031906081696125,0.14262542940762865,0.1851298945818775,-0.024350722973074834,0,Weak_Uptrend
XGBoost,6,2025-06-18,0,0.0958040654659271,0,3451.39990234375,-0.01817772184359545,-0.021101635218679915,-0.01323728435099547,0.15378317514092302,0.18512042910711232,-0.008141581477284943,0,Weak_Downtrend
XGBoost,6,2025-06-19,0,0.1013682037591934,0,3424.0,-0.007938779370406657,-0.015243025596778814,-0.039052497413095244,0.14859719894660267,0.18511096363234714,-0.006775686674028947,0,Weak_Downtrend
XGBoost,6,2025-06-20,0,0.3934091031551361,0,3435.699951171875,0.003417041814215871,-0.02244925291414812,-0.03979769782786424,0.14319997174554158,0.1846768180639799,-0.0046278495123902585,0,Weak_Downtrend
XGBoost,6,2025-06-23,1,0.3587758839130401,0,3393.60009765625,-0.012253646742715452,-0.040624190537492444,-0.0648534305191023,0.1454931580582085,0.18424267249561269,0.005333525752820867,0,Weak_Downtrend
XGBoost,6,2025-06-24,1,0.3609920144081116,0,3390.39990234375,-0.0009430089640527495,-0.03095436886259717,-0.07309140801209757,0.1416757621788615,0.1841795471337307,0.0046602316196395766,0,Weak_Downtrend
XGBoost,6,2025-06-25,0,0.4100512862205505,0,3444.800048828125,0.016045348056660913,-0.015124196781380994,-0.052533141931598304,0.15483165062179288,0.1841164217718487,-0.017707849261309527,0,Weak_Downtrend
XGBoost,6,2025-06-26,0,0.4143960773944855,0,3441.800048828125,-0.0008708778325233757,-0.016094464782710594,-0.05735098190843857,0.15480101920505426,0.1840567945324228,-0.017374643494611486,0,Weak_Downtrend
XGBoost,6,2025-06-27,0,0.4194229245185852,0,3441.10009765625,-0.0002033677616203322,-0.006438703388658484,-0.04576898053523204,0.15097534907724863,0.1839971672929969,-0.05088491839441445,0,Weak_Downtrend
XGBoost,6,2025-06-30,0,0.428266316652298,0,3462.0,0.006073610691530007,0.0035364226909380125,-0.025008462207673943,0.15194160136817597,0.18395327986742044,-0.0691219089624856,0,Weak_Uptrend
XGBoost,6,2025-07-01,0,0.4627661406993866,0,3429.699951171875,-0.009329881232849502,0.007194878524407589,-0.032238039919898154,0.14830491869023107,0.183909392441844,-0.05172461290181818,0,Weak_Uptrend
XGBoost,6,2025-07-02,0,0.4256802499294281,0,3423.300048828125,-0.0018660239772763099,0.012541083057496571,0.005921028183477173,0.14591357557476795,0.18390877027295544,-0.055560409096183316,0,Weak_Uptrend
XGBoost,6,2025-07-03,0,0.4410309493541717,0,3400.800048828125,-0.0065726052870248575,0.00881016591365058,0.030732905827009604,0.14767534307898986,0.18390814810406683,-0.056339712686805266,0,Weak_Uptrend
XGBoost,6,2025-07-04,0,0.4267217218875885,0,3419.800048828125,0.005586920644319315,0.010519501852697122,0.04451672937992135,0.14831773846818544,0.18385783293222566,-0.06722619545056607,0,Weak_Uptrend
XGBoost,6,2025-07-07,0,0.4858576357364654,0,3411.699951171875,-0.0023685880871969767,-0.0029807859560382344,0.03606189032959328,0.14320615061087477,0.18380751776038448,-0.07430313439871117,0,Weak_Downtrend
XGBoost,6,2025-07-08,0,0.4988323450088501,0,3406.199951171875,-0.0016120995628912116,-0.016373546094560654,0.04915907371247896,0.13592643126203904,0.18364976799417043,-0.07239735102185774,0,Weak_Downtrend
XGBoost,6,2025-07-09,0,0.5903850197792053,1,3383.800048828125,-0.0065762147451278175,-0.025375113336692734,0.0471298309850301,0.1367911814006581,0.18349201822795635,-0.060494103734872406,0,Weak_Downtrend
XGBoost,6,2025-07-10,0,0.5856637954711914,1,3382.0,-0.0005319607548172067,-0.015200032588103207,0.041192060476404224,0.13199680946615716,0.1834423538981544,-0.06918982850384392,0,Weak_Downtrend
XGBoost,6,2025-07-11,0,0.6179961562156677,1,3266.0,-0.0342992312241277,-0.05215194408055157,-0.002382567264887503,0.17665235658368805,0.18339268956835245,-0.039865263677855145,0,Strong_Downtrend_LowVol
XGBoost,6,2025-07-14,0,0.7899230122566223,1,3222.699951171875,-0.013257822666296715,-0.07825418123022765,-0.023098594509562975,0.16799100803963982,0.1832278156368543,-0.044496820838565876,1,Strong_Downtrend_LowVol
XGBoost,7,2025-07-15,0,0.6237364411354065,1,3252.300048828125,0.009184875447522334,-0.07481580415523126,-0.020863453393147435,0.17128351347713902,0.18306294170535617,-0.060357299720502744,0,Strong_Downtrend_LowVol
XGBoost,7,2025-07-16,0,0.6595312356948853,1,3233.10009765625,-0.005903499333892337,-0.06324964097590047,-0.024529268369218094,0.16298194971731722,0.1830534576739854,-0.05551946880027736,0,Strong_Downtrend_LowVol
XGBoost,7,2025-07-17,0,0.8487604260444641,1,3209.199951171875,-0.007392331125689822,-0.06273365912036366,-0.059712876890748556,0.1627831313224981,0.18304397364261463,-0.053720523796217945,1,Strong_Downtrend_LowVol
XGBoost,7,2025-07-18,0,0.855604350566864,1,3189.89990234375,-0.006013975171935693,-0.0715429322471206,-0.062235474257648415,0.1611450985035044,0.1828499445948989,-0.0585911495863638,1,Strong_Downtrend_LowVol
XGBoost,7,2025-07-21,0,0.9633575081825256,1,3158.199951171875,-0.009937600596364726,-0.06936590632672113,-0.08404873805920099,0.15970934715396537,0.18265591554718313,-0.026534117574484317,1,Strong_Downtrend_LowVol
XGBoost,7,2025-07-22,0,0.9082272052764891,1,3159.60009765625,0.00044333687100950314,-0.0680745078266285,-0.08244515822382747,0.16008364743654158,0.18245169377682438,-0.030288705011589645,1,Strong_Downtrend_LowVol
XGBoost,7,2025-07-23,0,0.9015192985534668,1,3179.10009765625,0.0061716671089055986,-0.07713073252604674,-0.08449241248200146,0.1474578094397127,0.18224747200646563,-0.04617660479968888,1,Strong_Downtrend_LowVol
XGBoost,7,2025-07-24,0,0.8990585207939148,1,3148.0,-0.009782673304051692,-0.0853623233947477,-0.08851375495666547,0.14836894853554566,0.18212053314951027,-0.03208386277001274,1,Strong_Downtrend_LowVol
XGBoost,7,2025-07-25,0,0.8785457611083984,1,3135.800048828125,-0.003875460982171175,-0.08872164138325023,-0.08603904143744534,0.1475586387274048,0.18199359429255493,-0.031698496376234675,1,Strong_Downtrend_LowVol
XGBoost,7,2025-07-28,0,0.9403479695320128,1,3079.300048828125,-0.018017730442065227,-0.11054302460192811,-0.10856034354259969,0.14923125827573214,0.18192187108403848,-0.012502841356642591,1,Strong_Downtrend_LowVol
XGBoost,7,2025-07-29,0,0.9349173903465272,1,3056.0,-0.007566670496105821,-0.10895995465847896,-0.11676300578034682,0.1488083603999119,0.18185014787552203,-0.0067408696519142275,1,Strong_Downtrend_LowVol
XGBoost,7,2025-07-30,0,0.9206264019012452,1,3053.60009765625,-0.0007853083585569465,-0.1079951934971145,-0.11363965890754324,0.14922742178401346,0.18183470248125855,-0.005698240086424611,1,Strong_Downtrend_LowVol
XGBoost,7,2025-07-31,0,0.9206264019012452,1,3036.800048828125,-0.005501718722441651,-0.10703363760695961,-0.11948733369605091,0.14918852789292514,0.18181925708699506,-0.004774762831552093,1,Strong_Downtrend_LowVol
XGBoost,7,2025-08-01,1,0.9125279784202576,1,3003.0,-0.011130152886150046,-0.12187848496316367,-0.12711102014985098,0.14428050817611185,0.1816096259011864,0.002730586470820917,1,Strong_Downtrend_LowVol
XGBoost,7,2025-08-04,0,0.9366900324821472,1,3074.39990234375,0.023776191256660084,-0.09886568386890726,-0.15081206903318445,0.17958727383258893,0.1813999947153777,-0.01893050774803451,1,Strong_Downtrend_LowVol
XGBoost,7,2025-08-05,1,0.941231369972229,1,3063.89990234375,-0.0034153006549327847,-0.10049323402472587,-0.1283357319078947,0.17923244407177133,0.18139649157662507,0.011325499010576667,1,Strong_Downtrend_LowVol
XGBoost,7,2025-08-06,1,0.941231369972229,1,3032.300048828125,-0.010313605053302366,-0.10387729621368469,-0.14551805152566388,0.18009626184035482,0.18139298843787247,0.023183737656599535,1,Strong_Downtrend_LowVol
XGBoost,7,2025-08-07,1,0.987498104572296,1,3047.0,0.004847789115577816,-0.09905381431105853,-0.1488588834550547,0.18301662566872326,0.18139649157662507,0.0022973416475220443,1,Strong_Downtrend_HighVol
XGBoost,7,2025-08-08,1,0.9880080223083496,1,3036.39990234375,-0.0034788636876436074,-0.07030009113785973,-0.1473900371458725,0.14704880798823325,0.18139298843787247,0.03431701971537726,1,Strong_Downtrend_LowVol
XGBoost,7,2025-08-11,1,0.9852622151374816,1,3040.800048828125,0.0014491327314885005,-0.05644332550338904,-0.13584176235281953,0.14345711095500094,0.18133541480605522,0.0382793674278612,1,Strong_Downtrend_LowVol
XGBoost,7,2025-08-12,1,0.9842133522033693,1,3035.39990234375,-0.0017758966053871283,-0.06669130868245965,-0.13232145328398548,0.1363489812781834,0.18127784117423798,0.019206711044271074,1,Strong_Downtrend_LowVol
XGBoost,7,2025-08-13,1,0.9842133522033693,1,3036.199951171875,0.00026357279233857334,-0.060901345624007286,-0.13886212799247621,0.13661028048178572,0.18124919140372123,0.01597391501876566,1,Strong_Downtrend_LowVol
XGBoost,7,2025-08-14,1,0.9842133522033693,1,3022.300048828125,-0.0045780589444990305,-0.05823878386745629,-0.13077364140692405,0.13580082085936163,0.18122054163320447,0.029877923227092706,1,Strong_Downtrend_LowVol
XGBoost,7,2025-08-18,1,0.9858249425888062,1,3011.199951171875,-0.003672731852204403,-0.056020551315913325,-0.1432311308532862,0.1353563049163719,0.18121031740102753,0.033308996564340054,1,Strong_Downtrend_LowVol
XGBoost,7,2025-08-19,1,0.986070454120636,1,3016.199951171875,0.001660467614597927,-0.04496232100418773,-0.14731577487436653,0.13354342799345886,0.18120009316885058,0.02695446261662382,1,Weak_Downtrend
XGBoost,7,2025-08-20,0,0.9712477922439576,1,3098.60009765625,0.02731919230101454,-0.019306240699653365,-0.11435672081042936,0.16989747741649305,0.18118680828725048,-0.0009359537833129039,1,Weak_Downtrend
XGBoost,7,2025-08-21,0,0.9708141684532166,1,3102.60009765625,0.0012909055295731164,-0.024063413434637915,-0.11295990480351237,0.16806879451725157,0.1811735234056504,-0.017501465583380837,1,Weak_Downtrend
XGBoost,7,2025-08-22,0,0.9770167469978333,1,3054.0,-0.015664312552869153,-0.02986022871664551,-0.1269546568875487,0.17328478335563163,0.18117280736800018,-0.01146037982973147,1,Weak_Downtrend
XGBoost,7,2025-08-25,0,0.9736238718032836,1,3140.60009765625,0.028356286069499026,0.0015307254140515258,-0.09320315695252379,0.202610552149556,0.1811735234056504,-0.029039098413249254,1,Weak_Uptrend
XGBoost,7,2025-08-26,0,0.971051812171936,1,3157.199951171875,0.005285567407328662,0.02529792521303542,-0.08481653820940849,0.1914707268161643,0.18118680828725048,-0.014949940422479546,1,Weak_Uptrend
XGBoost,7,2025-08-28,1,0.9713123440742492,1,3093.699951171875,-0.02011275845118088,0.012336371456765471,-0.0914777412388954,0.20396390169899845,0.18120009316885058,0.009858745347442799,1,Weak_Uptrend
XGBoost,7,2025-08-29,1,0.9690134525299072,1,3084.699951171875,-0.0029091379713765964,0.010184651729443939,-0.08760979612751607,0.204306827762413,0.18121031740102753,0.01578758126973545,1,Weak_Uptrend
XGBoost,7,2025-09-01,0,0.9727265238761902,1,3112.60009765625,0.009044687303793042,0.024960500398231833,-0.0766811997601975,0.20508252759368042,0.18122054163320447,-0.00022495511486597675,1,Weak_Uptrend
XGBoost,7,2025-09-02,1,0.9643352627754213,1,3111.5,-0.00035343366373286056,0.036130536130536184,-0.08058033068567505,0.19991332797351402,0.18124919140372123,0.0109914675146634,1,Weak_Uptrend
XGBoost,7,2025-09-03,1,0.9579710960388184,1,3097.5,-0.004499437570303688,0.007513693205181138,-0.09480110803988151,0.1832872515347207,0.18127784117423798,0.024309943124495526,1,Weak_Uptrend
XGBoost,7,2025-09-04,1,0.9535793662071228,1,3095.699951171875,-0.0005811295651735326,0.01037894508361692,-0.1060382804953004,0.18277252175454808,0.18133541480605522,0.026165326510192877,1,Weak_Uptrend
XGBoost,7,2025-09-05,1,0.9670253992080688,1,3048.300048828125,-0.015311529893524356,0.005276522686527452,-0.12200808359413484,0.18752233307370741,0.18139298843787247,0.03966141797302014,1,Weak_Uptrend
XGBoost,7,2025-09-08,1,0.9691795706748962,1,3019.0,-0.009611930701962534,-0.009189366590088621,-0.12090150750546524,0.18991009103953646,0.18139649157662507,0.018151722036477302,1,Weak_Downtrend
XGBoost,7,2025-09-09,1,0.9670253992080688,1,3049.39990234375,0.010069527109556109,0.004281385989363784,-0.11501293044780181,0.19305441818511562,0.1813999947153777,0.004263133867751678,1,Weak_Uptrend
XGBoost,7,2025-09-10,0,0.9643352627754213,1,3110.0,0.019872794515954917,0.02275715274292489,-0.11048824283762582,0.2052231136635487,0.1816096259011864,-0.023987169664389074,1,Weak_Uptrend
XGBoost,7,2025-09-11,0,0.9641016721725464,1,3124.199951171875,0.0045659006983520545,0.029254810464861336,-0.11125653350320086,0.20523615695596184,0.18181925708699506,-0.053389684218373756,1,Weak_Uptrend
XGBoost,7,2025-09-12,0,0.9628449082374572,1,3133.39990234375,0.0029447382740097616,0.0320136857700557,-0.09213652691594942,0.2052388260156913,0.18183470248125855,-0.07477494478513458,1,Weak_Uptrend
XGBoost,7,2025-09-15,0,0.9638316035270692,1,3111.89990234375,-0.006861556350952314,0.02964624692057516,-0.09115072945568048,0.20631596539231312,0.18185014787552203,-0.06934664078525432,1,Weak_Uptrend
XGBoost,7,2025-09-16,0,0.956531822681427,1,3145.699951171875,0.010861547571844543,0.04466657883268632,-0.084407836575218,0.20788849866102188,0.18192187108403848,-0.08179421204246529,1,Weak_Uptrend
XGBoost,7,2025-09-17,0,0.937637746334076,1,3172.800048828125,0.008614965850813006,0.05191966719428098,-0.06506366173805156,0.2090810671707031,0.18199359429255493,-0.0815053245324312,1,Strong_Uptrend_HighVol
XGBoost,7,2025-09-18,0,0.9417906999588012,1,3176.699951171875,0.0012291673864510688,0.02520488319054115,-0.06303089822063357,0.1876038808728369,0.18212053314951027,-0.08650488023798164,1,Weak_Uptrend
XGBoost,7,2025-09-19,0,0.942858338356018,1,3169.199951171875,-0.0023609406350239004,0.021465819447996415,-0.08000467189670568,0.1880565038194801,0.18224747200646563,-0.05704911385009659,1,Weak_Uptrend
XGBoost,7,2025-09-22,0,0.9547319412231444,1,3073.800048828125,-0.030102203651894532,0.006483316577644116,-0.10692079574038527,0.21076836758674367,0.18245169377682438,-0.032565585290563304,1,Weak_Uptrend
XGBoost,7,2025-09-23,0,0.9566178917884828,1,3062.39990234375,-0.0037088119927388696,-0.024899762109432122,-0.1100520718855097,0.18331804890766779,0.18265591554718313,-0.011494237295702425,1,Weak_Downtrend
XGBoost,7,2025-09-24,1,0.9583116769790648,1,3035.39990234375,-0.008816614701213976,-0.038578503329482094,-0.12322359839868569,0.18353908653897405,0.18271421865086562,0.008664442799717342,1,Weak_Downtrend
XGBoost,7,2025-09-25,1,0.9579023718833924,1,2957.39990234375,-0.025696778846099666,-0.04405729417182014,-0.13770885370504415,0.19177336639525183,0.18277252175454808,0.02397381105889207,1,Weak_Downtrend
XGBoost,7,2025-09-26,1,0.9653401374816896,1,2899.10009765625,-0.019713196257732046,-0.060167879033134364,-0.15312708313468482,0.2016426359663421,0.18289457371163567,0.03728738224769024,1,Strong_Downtrend_HighVol
XGBoost,7,2025-09-29,1,0.962936282157898,1,2896.10009765625,-0.0010348038698027029,-0.06955599601857687,-0.14840624086258425,0.19675852454253556,0.18301662566872326,0.022167725219107703,1,Strong_Downtrend_HighVol
XGBoost,7,2025-09-30,1,0.962936282157898,1,2888.39990234375,-0.0026588153215876265,-0.07170178295235419,-0.1553892446625561,0.19643561479202598,0.18303029965566894,0.02818174395391848,1,Strong_Downtrend_HighVol
XGBoost,7,2025-10-01,1,0.962936282157898,1,2914.199951171875,0.00893229805443152,-0.05917677121166265,-0.145821733188792,0.2013800069452709,0.18304397364261463,0.019387825456959495,1,Strong_Downtrend_HighVol
XGBoost,7,2025-10-03,1,0.962936282157898,1,2901.89990234375,-0.004220729199854278,-0.06260298216394067,-0.1480535658673311,0.20122211368619053,0.1830534576739854,0.02077950682565688,1,Strong_Downtrend_HighVol
XGBoost,7,2025-10-06,1,0.968123733997345,1,2988.39990234375,0.029808057793494935,-0.019650344626475635,-0.11685091931519698,0.2271253918506546,0.18306294170535617,0.00896802626954507,1,Weak_Downtrend
XGBoost,7,2025-10-07,1,0.9727320671081544,1,2973.699951171875,-0.004919004033009822,-0.015004984706235458,-0.12072739468602156,0.2253402441892237,0.18317509662003845,0.011097286391317018,1,Weak_Downtrend
XGBoost,7,2025-10-08,1,0.9827795028686525,1,3027.199951171875,0.01799105521016564,-0.007280104900250106,-0.07311697759587421,0.23199872715901726,0.1832872515347207,0.01519556049880122,1,Weak_Downtrend
XGBoost,7,2025-10-09,1,0.9763903617858888,1,3061.699951171875,0.011396670374100859,-0.01553056232415595,-0.049958110416532975,0.22405617158322788,0.18330265022119424,0.000489923906301204,1,Weak_Downtrend
XGBoost,7,2025-10-10,1,0.977544903755188,1,3028.300048828125,-0.010908940417550084,-0.030695827361426842,-0.06887433405190035,0.2259691287922297,0.18331804890766779,0.01869030565102947,1,Weak_Downtrend
XGBoost,7,2025-10-13,1,0.9746813774108888,1,3007.199951171875,-0.006967637722825826,-0.04027572448619754,-0.06987106481736682,0.22614502393703248,0.1833553692380101,0.016859521147610357,1,Weak_Downtrend
XGBoost,7,2025-10-14,1,0.9604268074035645,1,2960.300048828125,-0.01559587094482151,-0.04871617284394225,-0.07755824072378581,0.23073616902171412,0.18339268956835245,0.03286830632815163,1,Weak_Downtrend
XGBoost,7,2025-10-15,1,0.9647738337516784,1,2969.800048828125,0.003209134156438198,-0.05591757162923994,-0.0689989843737443,0.22646495543652334,0.1834423538981544,0.022055356900491097,1,Strong_Downtrend_HighVol
XGBoost,7,2025-10-16,1,0.9654051661491394,1,2970.699951171875,0.00030301782239683384,-0.06369771008131941,-0.05936926188933245,0.22281229015431323,0.18349201822795635,0.029387030081475363,1,Strong_Downtrend_HighVol
XGBoost,7,2025-10-17,1,0.9611329436302184,1,2962.199951171875,-0.002861278533581646,-0.06752290216168244,-0.06247630724875719,0.22220811798955403,0.1835155523834652,0.01843227957472937,1,Strong_Downtrend_HighVol
XGBoost,7,2025-10-20,0,0.9703359007835388,1,3015.199951171875,0.017892107512537336,-0.0485927055322134,-0.05155551616798992,0.23473604249530158,0.18353908653897405,-0.00829132409287936,1,Weak_Downtrend
XGBoost,7,2025-10-21,1,0.9728695750236512,1,3006.699951171875,-0.00281905019157902,-0.02182968852571643,-0.04488565718809556,0.2107594346674238,0.18367330214967925,0.0013968640835737567,1,Weak_Downtrend
XGBoost,7,2025-10-23,0,0.9475018382072448,1,3073.199951171875,0.02211727178632561,0.0035266618248843695,-0.019963038676411804,0.22579010946667746,0.18380751776038448,-0.02648701797379327,1,Weak_Uptrend
XGBoost,7,2025-10-24,0,0.9506400227546692,1,3063.199951171875,-0.003253937315789268,0.009158611623680812,-0.005228492644741456,0.2236738501940146,0.18385783293222566,-0.012405327959561507,1,Weak_Uptrend
XGBoost,7,2025-10-27,0,0.9327623844146729,1,3084.89990234375,0.007084079236673091,0.043112194566232276,0.009456774327143425,0.20185823868138775,0.18390814810406683,-0.012285618186494651,1,Weak_Uptrend
XGBoost,7,2025-10-28,1,0.9506400227546692,1,3057.89990234375,-0.008752309914330403,0.05477555080484464,0.0014081099521841,0.1894529318402448,0.18390877027295544,0.024166960608401178,1,Strong_Uptrend_HighVol
XGBoost,7,2025-10-29,1,0.9506400227546692,1,3057.60009765625,-9.804267538982003e-05,0.055764647130359446,0.006849331037172446,0.18923462588359127,0.183909392441844,0.015731244106282904,1,Strong_Uptrend_HighVol
XGBoost,7,2025-10-30,1,0.9624971151351928,1,3035.300048828125,-0.007293317672647515,0.05085865927539146,0.010755927015692723,0.1917015434112195,0.18395327986742044,0.023292574056779314,1,Strong_Uptrend_HighVol
XGBoost,7,2025-10-31,1,0.9663246273994446,1,3058.0,0.0074786514699392015,0.04934460614835268,-0.005334342591946983,0.1911284645696319,0.1839971672929969,0.014453875464969013,1,Weak_Uptrend
XGBoost,7,2025-11-03,1,0.9699298739433287,1,3016.800048828125,-0.013472842109834904,0.039594800079621795,-0.015372517058927282,0.19812387371880008,0.1840567945324228,0.02330285325188619,1,Weak_Uptrend
XGBoost,7,2025-11-04,1,0.966317057609558,1,2990.199951171875,-0.008817322071637768,0.0006023453643915211,-0.01388388252426409,0.17197888296207217,0.1839971672929969,0.052672062929529195,1,Weak_Uptrend
XGBoost,7,2025-11-06,1,0.963252067565918,1,3010.89990234375,0.006922597655639295,0.012509651875675987,-0.011847751117902816,0.1725442822389404,0.18395327986742044,0.04447180272587081,1,Weak_Uptrend
XGBoost,7,2025-11-07,1,0.9678396582603456,1,2991.800048828125,-0.006343569741643407,-0.011693942559045767,-0.014688399074574865,0.1614218515689028,0.183909392441844,0.05307842978688582,1,Weak_Downtrend
XGBoost,7,2025-11-10,1,0.9661006927490234,1,3025.199951171875,0.011163815027288582,-0.011921481719993299,-0.005130260920070073,0.16119544966150784,0.18390877027295544,0.038344572878584504,1,Weak_Downtrend
XGBoost,7,2025-11-11,1,0.9406864643096924,1,3047.0,0.0072061513883339146,0.006175065505517274,0.0038216044111001324,0.15856015157822426,0.18390814810406683,0.02369542211088782,1,Weak_Uptrend
XGBoost,7,2025-11-12,1,0.8606312274932861,1,3131.800048828125,0.027830669126394758,0.0414339251394622,0.03148675949993063,0.18341088091020552,0.18385783293222566,0.009930344540119096,1,Weak_Uptrend
XGBoost,7,2025-11-13,1,0.8599051833152771,1,3105.699951171875,-0.008333896560866472,0.04911660978464272,0.027594845315271677,0.175773079938239,0.18380751776038448,0.009949495112274276,1,Weak_Uptrend
XGBoost,7,2025-11-14,1,0.8599051833152771,1,3106.0,9.661230409974131e-05,0.0458616569912238,0.0314824821882822,0.17594383572927533,0.18367330214967925,0.010141661300708371,1,Weak_Uptrend
XGBoost,7,2025-11-17,1,0.8599051833152771,1,3102.199951171875,-0.0012234542266983395,0.0442656620195272,0.028512698558524452,0.1762570679278223,0.18353908653897405,0.010057363052980772,1,Weak_Uptrend
XGBoost,7,2025-11-18,1,0.9306931495666504,1,3087.10009765625,-0.004867466234702578,0.04216465753264331,-0.0037113533975224877,0.17716659580537922,0.1835155523834652,0.01574288230968679,1,Weak_Uptrend
XGBoost,7,2025-11-19,1,0.8328841328620911,1,3147.699951171875,0.019630025460344758,0.04394401769226053,0.01453614777801815,0.17931227810407036,0.18349201822795635,0.010261476420616145,1,Weak_Uptrend
XGBoost,7,2025-11-20,1,0.9005966186523438,1,3144.800048828125,-0.0009212766110919812,0.0459307878734041,0.02973151566081378,0.17873155240803482,0.18345144956908094,0.026837923248952178,1,Weak_Uptrend
XGBoost,7,2025-11-21,1,0.9034711718559264,1,3150.60009765625,0.0018443299217978382,0.0251855224893065,0.0031841048490901525,0.1626975843361011,0.18341088091020552,0.027804180410198942,1,Weak_Uptrend
XGBoost,7,2025-11-24,1,0.91062593460083,1,3141.199951171875,-0.002983605088874297,0.025463567916994778,-0.005067781656990511,0.1626001600416217,0.18340178523927897,0.03033874007051729,1,Weak_Uptrend
XGBoost,7,2025-11-25,1,0.9159547090530396,1,3119.199951171875,-0.0070036929651016155,0.011118691015570947,0.008242557585566912,0.16364835282612814,0.18339268956835245,0.028565048426207884,1,Weak_Uptrend
XGBoost,7,2025-11-26,1,0.9081119894981384,1,3162.89990234375,0.014009987130019441,0.03433729139384911,0.025350910107858837,0.16631393687702167,0.1833553692380101,0.008315169509043319,1,Weak_Uptrend
XGBoost,7,2025-11-27,1,0.9089021682739258,1,3136.60009765625,-0.008315092320187456,0.025837257154902593,0.007710595401597464,0.17003522105727975,0.18331804890766779,0.017630492560661848,1,Weak_Uptrend
XGBoost,7,2025-11-28,1,0.91062593460083,1,3137.5,0.0002869037542982955,0.03367046075439317,0.00835609834484985,0.16703879582020795,0.18330265022119424,0.026454183266932274,1,Weak_Uptrend
XGBoost,7,2025-12-01,1,0.9055212140083312,1,3133.39990234375,-0.001306804033864517,0.024656606391023628,0.011589960401533483,0.16592159419937622,0.1832872515347207,0.030892976270191275,1,Weak_Uptrend
XGBoost,7,2025-12-02,1,0.9086408615112304,1,3135.699951171875,0.0007340425415871543,0.03941258963779748,0.012921148893922263,0.1565794736391773,0.18317509662003845,0.022132266340865625,1,Weak_Uptrend
XGBoost,7,2025-12-03,1,0.9030855298042296,1,3180.0,0.014127642796808226,0.06347403248192185,0.04320439230465678,0.1567758228332324,0.18306294170535617,0.011886807807586441,1,Strong_Uptrend_LowVol
XGBoost,7,2025-12-04,1,0.8852713108062744,1,3229.199951171875,0.015471682758451344,0.0725032568031223,0.06962568770184663,0.1623580753060925,0.1830534576739854,0.01597922037547539,1,Strong_Uptrend_LowVol
XGBoost,7,2025-12-05,1,0.8541183471679688,1,3238.199951171875,0.0027870680466020037,0.08235841243476938,0.06191383710710241,0.15815529309695917,0.18304397364261463,0.013526048264028256,1,Strong_Uptrend_LowVol
XGBoost,7,2025-12-08,1,0.9100547432899476,1,3236.5,-0.0005249679443851685,0.06984663897877996,0.04067524115755616,0.15657909269153006,0.18303029965566894,0.0273134257202996,1,Strong_Uptrend_LowVol
XGBoost,8,2025-12-09,1,0.9096060395240784,1,3208.300048828125,-0.008713100933686047,0.052937331417172606,0.0269189229148743,0.1615994519042439,0.18301662566872326,0.03169901493752825,1,Strong_Uptrend_LowVol
XGBoost,8,2025-12-10,1,0.9117956757545472,1,3189.199951171875,-0.005953338953825882,0.018328086547296785,0.017808147880003178,0.1338383047811093,0.18289457371163567,0.040699877967961706,1,Weak_Uptrend
XGBoost,8,2025-12-11,1,0.911511480808258,1,3191.89990234375,0.000846592002136104,0.027755402172495502,0.02570776776584216,0.12928924623810245,0.18277252175454808,0.027601146762641138,1,Weak_Uptrend
XGBoost,8,2025-12-12,1,0.9147669672966005,1,3220.5,0.008960211325940826,0.03686413393432075,0.02377850716507779,0.1319048804772939,0.18271421865086562,0.009625834497748897,1,Weak_Uptrend
XGBoost,8,2025-12-15,1,0.9173659682273864,1,3230.199951171875,0.003011939503764882,0.04126104120130858,0.018091244787061367,0.1314544209639666,0.18265591554718313,0.005139030991015758,1,Weak_Uptrend
XGBoost,8,2025-12-16,1,0.915477454662323,1,3205.10009765625,-0.007770371461531034,0.038223574314803166,0.008940141316745365,0.1338640268208253,0.18245169377682438,0.0003431573062038229,1,Weak_Uptrend
XGBoost,8,2025-12-17,1,0.912119209766388,1,3217.800048828125,0.0039624195141867435,0.022270260426236588,0.015335131391214007,0.11682643177053285,0.18224747200646563,0.0029833592423249566,1,Weak_Uptrend
XGBoost,8,2025-12-18,0,0.8625403046607971,1,3280.800048828125,0.019578593773389885,0.04324599271444263,0.06734335243403944,0.1335267262383273,0.18212053314951027,-0.009174621192474586,1,Weak_Uptrend
XGBoost,8,2025-12-19,0,0.8110222816467285,1,3282.0,0.00036574955925883224,0.04170630936039754,0.0717084981253373,0.13367505536949137,0.18199359429255493,-0.020079190232708766,1,Weak_Uptrend
XGBoost,8,2025-12-22,0,0.7777234315872192,1,3324.89990234375,0.013071268233927569,0.05848082071418048,0.09537458302494706,0.13769862526879303,0.18192187108403848,-0.02078253648084738,1,Strong_Uptrend_LowVol
XGBoost,8,2025-12-23,0,0.6881771087646484,1,3310.0,-0.004481308545032259,0.06116954726048962,0.1192263844253234,0.13557165963740178,0.18185014787552203,-0.004350423668806669,0,Strong_Uptrend_LowVol
XGBoost,8,2025-12-24,0,0.6359147429466248,1,3319.0,0.002719033232628343,0.049353473861306174,0.14483801462502588,0.12919231526579256,0.18183470248125855,-0.034679149640328366,0,Weak_Uptrend
XGBoost,8,2025-12-26,0,0.5904250741004944,1,3280.0,-0.011750527267249122,0.045718261135967664,0.1325575392419729,0.1334905715233905,0.18181925708699506,-0.022012180235327694,0,Weak_Uptrend
XGBoost,8,2025-12-29,0,0.6342337727546692,1,3251.5,-0.008689024390243882,0.03633466135458163,0.12570977355373048,0.1389507931514033,0.1816096259011864,-0.003659819266107922,0,Weak_Uptrend
XGBoost,8,2025-12-30,1,0.6397947669029236,1,3246.800048828125,-0.0014454716813393498,0.03619076722366432,0.11413084319162903,0.13899307630420307,0.1813999947153777,0.006529490838071972,0,Weak_Uptrend
XGBoost,8,2025-12-31,0,0.6781485676765442,1,3206.199951171875,-0.012504649823109282,0.02248301849596701,0.10486235193100701,0.1480105922177183,0.18139649157662507,-0.004272955954249702,0,Weak_Uptrend
XGBoost,8,2026-01-01,0,0.6353537440299988,1,3227.39990234375,0.006612173755453421,0.01490562966784581,0.07997590945326838,0.14153554731731657,0.18139298843787247,-0.01081362812163611,0,Weak_Uptrend
XGBoost,8,2026-01-02,0,0.6343141794204712,1,3250.699951171875,0.007219448947496154,0.006657995889104873,0.09314994940590426,0.1329429576764083,0.18133541480605522,-0.026794184275366728,0,Weak_Uptrend
XGBoost,8,2026-01-05,0,0.7173580527305603,1,3216.10009765625,-0.010643816419645846,-0.006824734064870608,0.06240094791599371,0.13814428427628817,0.18127784117423798,-0.035384485983834035,1,Weak_Downtrend
XGBoost,8,2026-01-06,0,0.7044039964675903,1,3255.800048828125,0.012344127970645768,0.005963246973003322,0.06339618537144953,0.14524455970978228,0.18124919140372123,-0.04091158829603747,1,Weak_Uptrend
XGBoost,8,2026-01-07,0,0.6318003535270691,1,3295.60009765625,0.012224352918248194,0.027210687123859323,0.08826735941557806,0.1469461332659032,0.18122054163320447,-0.044058802952385734,0,Weak_Uptrend
XGBoost,8,2026-01-08,0,0.8231950402259827,1,3203.89990234375,-0.02782503719966356,0.004609291169239249,0.06540966825143202,0.17854274694319977,0.18121031740102753,-0.012921721528648455,1,Weak_Uptrend
XGBoost,8,2026-01-09,0,0.8598480820655823,1,3207.800048828125,0.0012173122142555837,0.004981405110072501,0.0836063898651005,0.1785629154687862,0.18120009316885058,-0.015524673629928376,1,Weak_Uptrend
XGBoost,8,2026-01-12,0,0.8318573236465454,1,3239.60009765625,0.009913351313696195,0.005930786417093659,0.0908478834912092,0.17920629788447676,0.18118680828725048,-0.012192862948910532,1,Weak_Uptrend
XGBoost,8,2026-01-13,0,0.8175870180130005,1,3268.0,0.008766483975690909,0.011702077084860152,0.10007744091113846,0.18148689014558145,0.18120009316885058,-0.03782132731219401,1,Weak_Uptrend
XGBoost,8,2026-01-14,0,0.827639102935791,1,3192.5,-0.023102815177478586,-0.003931264944100787,0.07774628742972478,0.1982974216171208,0.18121031740102753,-0.021487892766249073,1,Weak_Downtrend
XGBoost,8,2026-01-15,0,0.8406797647476196,1,3192.5,0.0,-0.007862529816710873,0.05880208666069264,0.1977127879851754,0.18122054163320447,-0.007173031274471442,1,Weak_Downtrend
XGBoost,8,2026-01-19,1,0.869513213634491,1,3163.60009765625,-0.009052436129600605,-0.03572297897695342,0.05218350651292036,0.18521908892080766,0.18124919140372123,0.019503081700365854,1,Weak_Downtrend
XGBoost,8,2026-01-20,0,0.8401575088500977,1,3102.300048828125,-0.019376674338055233,-0.054753184391186815,0.009468989365678526,0.19521278011049667,0.18127784117423798,-0.03326562535782385,1,Strong_Downtrend_HighVol
XGBoost,8,2026-01-21,0,0.8438032865524292,1,3122.60009765625,0.006543547854371168,-0.060843878200633084,0.019391534157491286,0.18949207021034858,0.18133541480605522,-0.04198427386031611,1,Strong_Downtrend_HighVol
XGBoost,8,2026-01-22,0,0.8300250172615051,1,3150.39990234375,0.008902774552644654,-0.04821755216200907,0.021232455532912642,0.1940662469084297,0.18139298843787247,-0.0662772381792428,1,Weak_Downtrend
XGBoost,8,2026-01-23,0,0.8224173784255981,1,3162.5,0.00384081324001051,-0.04715275685447429,0.03420651460045465,0.19449879702199013,0.18139649157662507,-0.06776286128952569,1,Weak_Downtrend
XGBoost,8,2026-01-27,0,0.8477258086204529,1,3158.0,-0.0014229249011857847,-0.037195121951219545,0.03283617842003261,0.19130010127435962,0.1813999947153777,-0.0549081388042274,1,Weak_Downtrend
XGBoost,8,2026-01-28,0,0.9137017726898192,1,3200.10009765625,0.013331253216038563,-0.015808058540289105,0.05429448363490508,0.1967113484695681,0.18144344243047958,-0.0907159276176206,1,Weak_Downtrend
XGBoost,8,2026-01-29,0,0.8514362573623657,1,3144.39990234375,-0.01740576657376902,-0.031538790484290646,0.02825372869318188,0.20545285359234355,0.18148689014558145,-0.12539747390069556,1,Weak_Downtrend
XGBoost,8,2026-01-30,0,0.8841233253479004,1,3123.89990234375,-0.00651952698024183,-0.02566903190115888,0.035501144186611766,0.20228301044261332,0.18165307361628824,-0.13819263250015978,1,Weak_Downtrend
XGBoost,8,2026-02-02,0,0.8755874633789062,1,3169.60009765625,0.014629212439941641,-0.01790909290340048,0.0599960368583603,0.20831279201666592,0.18181925708699506,-0.14607521003749457,1,Weak_Downtrend
XGBoost,8,2026-02-03,0,0.8813784718513489,1,3225.300048828125,0.01757317940930858,-0.007813671740018124,0.07120799542936695,0.21668679048325995,0.18183470248125855,-0.15747376640784616,1,Weak_Downtrend
XGBoost,8,2026-02-04,0,0.5002995729446411,1,2999.10009765625,-0.07013299468186285,-0.06747302428744051,0.0024400189548043905,0.3284234944005335,0.18185014787552203,-0.10143049094967782,0,Strong_Downtrend_HighVol
XGBoost,8,2026-02-05,0,0.4957831799983978,0,2991.5,-0.002534126040737772,-0.08117821882927234,-0.011139743394092183,0.3232426482547278,0.18192187108403848,-0.10483038531046296,0,Strong_Downtrend_HighVol
XGBoost,8,2026-02-06,0,0.5736830234527588,1,2941.60009765625,-0.01668056237464488,-0.10741594535446097,-0.03459136932843776,0.3202447108049218,0.18199359429255493,-0.08682354433149075,0,Strong_Downtrend_HighVol
XGBoost,8,2026-02-09,0,0.5795756578445435,1,2948.199951171875,0.0022436270385235435,-0.07980896999460652,-0.058624463501413704,0.3100248838869247,0.18212053314951027,-0.09222573327690109,0,Strong_Downtrend_HighVol
XGBoost,8,2026-02-10,0,0.6162283420562744,1,2984.60009765625,0.012346566409074944,-0.06958038149959334,-0.03899277310093341,0.31496901905252994,0.18224747200646563,-0.13767343464440918,0,Strong_Downtrend_HighVol
XGBoost,8,2026-02-11,0,0.6090642809867859,1,2909.800048828125,-0.02506200039558537,-0.10180270369380628,-0.06316804609525917,0.31978227562264644,0.18245169377682438,-0.0963983762777676,0,Strong_Downtrend_HighVol
XGBoost,8,2026-02-12,0,0.575156569480896,1,2750.10009765625,-0.054883479446016126,-0.15847610230836906,-0.1135000512725226,0.36027939764277545,0.18265591554718313,-0.037235061578901996,0,Strong_Downtrend_HighVol
XGBoost,8,2026-02-13,0,0.6834486126899719,1,2692.199951171875,-0.021053832380035886,-0.15671105679815978,-0.12791944996671345,0.35923759958587237,0.18271421865086562,-0.02035511842434712,0,Strong_Downtrend_HighVol
XGBoost,8,2026-02-16,0,0.6886090040206909,1,2706.60009765625,0.0053488398876564425,-0.15220043926194204,-0.14013402178038137,0.36135945799459934,0.18277252175454808,-0.034397433790410714,0,Strong_Downtrend_HighVol
XGBoost,8,2026-02-17,0,0.6886090040206909,1,2717.39990234375,0.003990173759637505,-0.1410419084393969,-0.13590693838981627,0.3637979285544444,0.18289457371163567,-0.04769259519139801,0,Strong_Downtrend_HighVol
XGBoost,8,2026-02-18,0,0.6886090040206909,1,2694.89990234375,-0.008279973801645357,-0.13132196759570947,-0.14463917386770164,0.3610406753243125,0.18301662566872326,-0.04308132313732804,0,Strong_Downtrend_HighVol
XGBoost,8,2026-02-19,0,0.6999552249908447,1,2677.89990234375,-0.006308212036081562,-0.14241343156502217,-0.14749142239585333,0.35762514276139795,0.18303029965566894,-0.04492318946731777,0,Strong_Downtrend_HighVol
XGBoost,8,2026-02-20,0,0.6886090040206909,1,2686.199951171875,0.0030994619406277124,-0.14734635778350935,-0.13881764772320004,0.35469683022245,0.18304397364261463,-0.05911698745986771,0,Strong_Downtrend_HighVol
XGBoost,8,2026-02-23,0,0.7108128666877747,1,2676.300048828125,-0.0036854673977010366,-0.15373911499505932,-0.15384611228292366,0.3524495742778724,0.1830534576739854,-0.06097969143756343,1,Strong_Downtrend_HighVol
XGBoost,8,2026-02-24,0,0.5692920088768005,1,2573.699951171875,-0.038336545149777024,-0.18502218138952664,-0.1794618787728116,0.36726099237189125,0.18306294170535617,-0.042273789055552236,0,Strong_Downtrend_HighVol
XGBoost,8,2026-02-25,0,0.7124689221382141,1,2629.300048828125,0.02160317780281029,-0.178369435770518,-0.16197608005478092,0.375291604001878,0.18317509662003845,-0.07108361275377306,1,Strong_Downtrend_HighVol
XGBoost,8,2026-02-26,0,0.7124689221382141,1,2647.699951171875,0.006998023048738977,-0.15796335281706642,-0.15500732951723672,0.37845934566376493,0.1832872515347207,-0.08958717209134293,1,Strong_Downtrend_HighVol
XGBoost,8,2026-02-27,0,0.7124689221382141,1,2637.39990234375,-0.0038901873392286346,-0.1557348235245939,-0.15891190374956,0.3787367525279017,0.18330265022119424,-0.08652459225811104,1,Strong_Downtrend_HighVol
XGBoost,8,2026-03-02,0,0.7124689221382141,1,2613.5,-0.009061918263707835,-0.1754480314622202,-0.17814465408805036,0.36904975055140027,0.18331804890766779,-0.08486705522407689,1,Strong_Downtrend_HighVol
XGBoost,8,2026-03-04,0,0.612808108329773,1,2587.800048828125,-0.009833537850344354,-0.19765602900469004,-0.19862501921288156,0.3551048859176804,0.1833553692380101,-0.05680500704317104,0,Strong_Downtrend_HighVol
XGBoost,8,2026-03-05,0,0.6381790041923523,1,2578.800048828125,-0.0034778575740717077,-0.14014205433042493,-0.2036316201243593,0.2774990391909244,0.18339268956835245,-0.08639679099175268,0,Strong_Downtrend_HighVol
XGBoost,8,2026-03-06,0,0.551450788974762,1,2557.60009765625,-0.008220858837624467,-0.14504425951654687,-0.20976360338135336,0.27691744047066136,0.18340178523927897,-0.06529558712209804,0,Strong_Downtrend_HighVol
XGBoost,8,2026-03-09,0,0.5580520033836365,1,2527.39990234375,-0.011808020863064206,-0.14080778540989247,-0.21223081885158557,0.2753473127287858,0.18341088091020552,-0.05681722681972867,0,Strong_Downtrend_HighVol
XGBoost,8,2026-03-10,0,0.5968901515007019,1,2513.10009765625,-0.005657911387208392,-0.14758152795663604,-0.21199669630848683,0.2730909600025112,0.18345144956908094,-0.04548169367973953,0,Strong_Downtrend_HighVol
XGBoost,8,2026-03-11,0,0.566049337387085,1,2464.89990234375,-0.019179576395485398,-0.1741272459652503,-0.22776403466354878,0.2650405784012922,0.18349201822795635,-0.035498398907314876,0,Strong_Downtrend_HighVol
XGBoost,8,2026-03-12,0,0.566049337387085,1,2442.39990234375,-0.00912815971902381,-0.16062964418211922,-0.24160847621681414,0.25849438132172187,0.1835155523834652,-0.021536134793139206,0,Strong_Downtrend_HighVol
XGBoost,8,2026-03-13,0,0.5712043642997742,1,2410.5,-0.013060884220122415,-0.12348644980074408,-0.2537613657242792,0.19364536151627523,0.18353908653897405,-0.021406387743725386,0,Strong_Downtrend_HighVol
XGBoost,8,2026-03-16,0,0.6871795058250427,1,2409.199951171875,-0.0005393274541070081,-0.10511849236042603,-0.24832302337963863,0.18676136559590026,0.18367330214967925,-0.0004150755521614702,0,Strong_Downtrend_HighVol
XGBoost,8,2026-03-17,1,0.6576871871948242,1,2391.699951171875,-0.007263822162825395,-0.1163452801014303,-0.25672822584395927,0.18238446554253077,0.18353908653897405,0.024668646236787106,0,Strong_Downtrend_LowVol
XGBoost,8,2026-03-18,1,0.7019193172454834,1,2440.800048828125,0.020529371852097134,-0.1017884240288146,-0.25603510957640996,0.2028262093212086,0.18367330214967925,0.013561067212988887,1,Strong_Downtrend_HighVol
XGBoost,8,2026-03-19,1,0.5775954127311707,1,2356.0,-0.03474272661901945,-0.1257560260583368,-0.2821450335161487,0.228191271302293,0.18380751776038448,0.07801360306796479,0,Strong_Downtrend_HighVol
XGBoost,8,2026-03-20,1,0.6877574324607849,1,2390.60009765625,0.01468594976920623,-0.10728549055774994,-0.2810008818698284,0.24038778682432466,0.18385783293222566,0.0705261635691059,0,Strong_Downtrend_HighVol
XGBoost,8,2026-03-23,1,0.7112821340560913,1,2383.800048828125,-0.0028444944994320265,-0.11257535099419003,-0.27981871636612543,0.23846994003420444,0.18390814810406683,0.08608102482116786,1,Strong_Downtrend_HighVol
XGBoost,8,2026-03-24,1,0.6829464435577393,1,2398.800048828125,0.006292474071964982,-0.10368792547065464,-0.2772521696811916,0.24226872686347858,0.18390877027295544,0.052317824514515054,0,Strong_Downtrend_HighVol
XGBoost,8,2026-03-25,1,0.653741180896759,1,2377.39990234375,-0.008921188114378031,-0.07627153613564952,-0.27518295660251524,0.20941636082701592,0.183909392441844,0.04004382906664006,0,Strong_Downtrend_HighVol
XGBoost,8,2026-03-27,1,0.7112821340560913,1,2389.800048828125,0.005215843776282814,-0.09108888128106363,-0.2650161313768645,0.1901661303750425,0.18395327986742044,0.06908521639564968,1,Strong_Downtrend_HighVol
XGBoost,8,2026-03-30,1,0.6110193729400635,1,2358.89990234375,-0.012930013328741552,-0.10907582209241717,-0.27346930304650174,0.18704433866363468,0.1839971672929969,0.09241596041587008,0,Strong_Downtrend_HighVol
XGBoost,8,2026-04-01,1,0.7300910949707031,1,2408.199951171875,0.02089959339908476,-0.08690375356736546,-0.2488927740480842,0.20955533481684016,0.1840567945324228,0.07196248332444077,1,Strong_Downtrend_HighVol
XGBoost,8,2026-04-02,1,0.7165637016296387,1,2450.699951171875,0.017648036235246467,-0.06229196434977047,-0.24065810704394974,0.22279272346234963,0.1841164217718487,0.05259727794205804,1,Strong_Downtrend_HighVol
XGBoost,8,2026-04-06,1,0.7161281704902649,1,2473.89990234375,0.009466663252994723,-0.04401427634872879,-0.23896393407459493,0.2255911679318283,0.1841795471337307,0.055216501495002346,1,Weak_Downtrend
XGBoost,8,2026-04-07,0,0.6689889430999756,1,2539.800048828125,0.026638162046064062,-0.01512331288256441,-0.21028575861832854,0.24750747077176094,0.18424267249561269,-0.0005118705422203496,0,Weak_Downtrend
XGBoost,8,2026-04-08,0,0.6941644549369812,1,2559.199951171875,0.007638358126932587,0.0006255291892940384,-0.21395665802848685,0.24747204127315728,0.1846768180639799,-0.014613903976758214,0,Weak_Uptrend
XGBoost,8,2026-04-09,0,0.6637793183326721,1,2589.0,0.01164428313406285,0.024372912889300213,-0.21440711151779812,0.24644540840138388,0.18511096363234714,-0.07419856997151408,0,Weak_Uptrend
XGBoost,8,2026-04-10,0,0.6532869338989258,1,2524.300048828125,-0.024990324902230632,0.00445662756621612,-0.21211644378105476,0.26272161596792243,0.18512042910711232,-0.030384641163193726,0,Weak_Uptrend
XGBoost,8,2026-04-13,0,0.6508364081382751,1,2472.60009765625,-0.020480905665662075,0.0031239383413412813,-0.22919132738353143,0.2640421106535707,0.1851298945818775,-0.01128372780977449,0,Weak_Uptrend
XGBoost,8,2026-04-15,0,0.6926448345184326,1,2554.89990234375,0.033284721118271854,0.04606125307000042,-0.21135330740601577,0.2859899148105155,0.1851744917513426,-0.03139064317091378,0,Weak_Uptrend
XGBoost,8,2026-04-16,0,0.6949173808097839,1,2576.89990234375,0.008610904865516744,0.06903128078977394,-0.21147493808330786,0.28074028596210465,0.18521908892080766,-0.03997050871332608,0,Strong_Uptrend_HighVol
XGBoost,8,2026-04-17,0,0.6459495425224304,1,2581.5,0.001785128577197037,0.07151753790477855,-0.1913860610806578,0.28041864010311246,0.18533023853901331,-0.04168123093404996,0,Strong_Uptrend_HighVol
XGBoost,8,2026-04-20,0,0.6459495425224304,1,2579.60009765625,-0.0007359683686809504,0.07856342782141579,-0.19198117536217696,0.2780088489725185,0.18544138815721897,-0.059040177958785356,0,Strong_Uptrend_HighVol
XGBoost,8,2026-04-21,0,0.6525094509124756,1,2610.5,0.011978563022936983,0.06952636339603124,-0.17483249481058416,0.27284823029992744,0.18558607592375342,-0.06707531034524039,0,Strong_Uptrend_HighVol
XGBoost,8,2026-04-22,0,0.6565937995910645,1,2538.5,-0.02758092319479022,0.07746179966044142,-0.1817361441363794,0.2604339834358925,0.1857307636902879,-0.05400831107199133,0,Strong_Uptrend_HighVol
XGBoost,8,2026-04-23,0,0.6608477234840393,1,2521.800048828125,-0.00657866896666337,0.054881597010099537,-0.19240377571212897,0.25965307764112766,0.18575815306890975,-0.05051952732873388,0,Strong_Uptrend_HighVol
