Date,Strategy,Equity,Daily_Return,Position,Probability,Regime
2023-02-03,Baseline_XGB_0.70,100000.0,0.0,0.0,0.4088793396949768,Strong_Uptrend_HighVol
2023-02-06,Baseline_XGB_0.70,100000.0,0.0,0.0,0.3988363146781921,Strong_Uptrend_LowVol
2023-02-07,Baseline_XGB_0.70,100000.0,0.0,0.0,0.4039197564125061,Strong_Uptrend_LowVol
2023-02-08,Baseline_XGB_0.70,100000.0,0.0,0.0,0.2952230274677276,Strong_Uptrend_LowVol
2023-02-09,Baseline_XGB_0.70,100000.0,0.0,0.0,0.2863130271434784,Strong_Uptrend_LowVol
2023-02-10,Baseline_XGB_0.70,100000.0,0.0,0.0,0.2909234464168548,Strong_Uptrend_LowVol
2023-02-13,Baseline_XGB_0.70,100000.0,0.0,0.0,0.2294507175683975,Strong_Uptrend_LowVol
2023-02-14,Baseline_XGB_0.70,100000.0,0.0,0.0,0.3302276730537414,Strong_Uptrend_LowVol
2023-02-15,Baseline_XGB_0.70,100000.0,0.0,0.0,0.3378582596778869,Strong_Uptrend_LowVol
2023-02-16,Baseline_XGB_0.70,100000.0,0.0,0.0,0.3549425303936004,Strong_Uptrend_LowVol
2023-02-17,Baseline_XGB_0.70,100000.0,0.0,0.0,0.2489628791809082,Strong_Uptrend_LowVol
2023-02-20,Baseline_XGB_0.70,100000.0,0.0,0.0,0.2929953932762146,Strong_Uptrend_LowVol
2023-02-21,Baseline_XGB_0.70,100000.0,0.0,0.0,0.1825983077287674,Strong_Uptrend_LowVol
2023-02-22,Baseline_XGB_0.70,100000.0,0.0,0.0,0.4928011000156402,Weak_Uptrend
2023-02-23,Baseline_XGB_0.70,100000.0,0.0,0.0,0.4355315566062927,Strong_Uptrend_LowVol
2023-02-24,Baseline_XGB_0.70,100000.0,0.0,0.0,0.4860202372074127,Weak_Uptrend
2023-02-27,Baseline_XGB_0.70,100000.0,0.0,0.0,0.3203698992729187,Strong_Downtrend_LowVol
2023-02-28,Baseline_XGB_0.70,100000.0,0.0,0.0,0.4484154284000397,Strong_Downtrend_LowVol
2023-03-01,Baseline_XGB_0.70,100000.0,0.0,0.0,0.5300629138946533,Weak_Uptrend
2023-03-02,Baseline_XGB_0.70,100000.0,0.0,0.0,0.440104991197586,Strong_Downtrend_LowVol
2023-03-03,Baseline_XGB_0.70,100000.0,0.0,0.0,0.3472266495227813,Strong_Downtrend_LowVol
2023-03-06,Baseline_XGB_0.70,100000.0,0.0,0.0,0.5566051006317139,Weak_Downtrend
2023-03-08,Baseline_XGB_0.70,100000.0,0.0,0.0,0.5375850796699524,Weak_Uptrend
2023-03-09,Baseline_XGB_0.70,100000.0,0.0,0.0,0.3203698992729187,Strong_Downtrend_LowVol
2023-03-10,Baseline_XGB_0.70,100000.0,0.0,0.0,0.4161155521869659,Strong_Downtrend_LowVol
2023-03-13,Baseline_XGB_0.70,100000.0,0.0,0.0,0.452767014503479,Strong_Downtrend_LowVol
2023-03-14,Baseline_XGB_0.70,100000.0,0.0,0.0,0.4399172663688659,Strong_Downtrend_LowVol
2023-03-15,Baseline_XGB_0.70,100000.0,0.0,0.0,0.4191609621047973,Strong_Downtrend_LowVol
2023-03-16,Baseline_XGB_0.70,100000.0,0.0,0.0,0.4191609621047973,Strong_Downtrend_LowVol
2023-03-17,Baseline_XGB_0.70,100000.0,0.0,0.0,0.4160205423831939,Strong_Downtrend_LowVol
2023-03-20,Baseline_XGB_0.70,100000.0,0.0,0.0,0.4828085303306579,Strong_Downtrend_LowVol
2023-03-21,Baseline_XGB_0.70,99950.02498750624,-0.0004997501249375258,1.0,0.8460187315940857,Strong_Downtrend_LowVol
2023-03-22,Baseline_XGB_0.70,100744.83541189725,0.007952078296032061,1.0,0.5559381246566772,Strong_Downtrend_LowVol
2023-03-23,Baseline_XGB_0.70,100546.93216491112,-0.001964400916205755,1.0,0.583052933216095,Strong_Downtrend_LowVol
2023-03-24,Baseline_XGB_0.70,100413.39402064253,-0.0013281175406681944,1.0,0.7248117923736572,Strong_Downtrend_LowVol
2023-03-27,Baseline_XGB_0.70,100471.31711381185,0.0005768462836481802,1.0,0.5973241925239563,Strong_Downtrend_LowVol
2023-03-28,Baseline_XGB_0.70,100265.36921099969,-0.0020498178856246385,1.0,0.7373450398445129,Strong_Downtrend_LowVol
2023-03-29,Baseline_XGB_0.70,101005.47754699545,0.007381495144532568,1.0,0.5428194999694824,Strong_Downtrend_LowVol
2023-03-31,Baseline_XGB_0.70,103161.44530837442,0.02134505784971763,1.0,0.5741578936576843,Strong_Downtrend_LowVol
2023-04-03,Baseline_XGB_0.70,102971.59457332353,-0.0018403264367164995,1.0,0.5788522958755493,Strong_Downtrend_LowVol
2023-04-05,Baseline_XGB_0.70,104252.30535205107,0.012437515258789,1.0,0.5852863192558289,Strong_Downtrend_LowVol
2023-04-06,Baseline_XGB_0.70,103637.69050449788,-0.005895455697384255,1.0,0.5703712105751038,Strong_Downtrend_LowVol
2023-04-10,Baseline_XGB_0.70,104861.71614836382,0.01181062254385945,0.0,0.3481518030166626,Strong_Downtrend_LowVol
2023-04-11,Baseline_XGB_0.70,104861.71614836382,0.0,0.0,0.5909472107887268,Strong_Downtrend_LowVol
2023-04-12,Baseline_XGB_0.70,104861.71614836382,0.0,0.0,0.5936771035194397,Strong_Downtrend_LowVol
2023-04-13,Baseline_XGB_0.70,104811.74113587008,-0.0004765801507867762,1.0,0.7052000761032104,Strong_Downtrend_LowVol
2023-04-17,Baseline_XGB_0.70,103264.93167702992,-0.014757978849287423,1.0,0.7567696571350098,Strong_Downtrend_LowVol
2023-04-18,Baseline_XGB_0.70,102990.67522349406,-0.0026558527573873336,1.0,0.7596873044967651,Strong_Downtrend_LowVol
2023-04-19,Baseline_XGB_0.70,101700.8893629062,-0.012523326580673233,1.0,0.8683376312255859,Strong_Downtrend_LowVol
2023-04-20,Baseline_XGB_0.70,102177.31047174238,0.004684532375485384,1.0,0.8610784411430359,Strong_Downtrend_LowVol
2023-04-21,Baseline_XGB_0.70,103934.12048455533,0.017193739047367096,1.0,0.7217678427696228,Strong_Downtrend_LowVol
2023-04-24,Baseline_XGB_0.70,104371.36210002926,0.004206911199473806,1.0,0.7096953988075256,Strong_Downtrend_LowVol
2023-04-25,Baseline_XGB_0.70,104408.97288320807,0.0003603553927251646,1.0,0.7394176125526428,Strong_Downtrend_LowVol
2023-04-26,Baseline_XGB_0.70,105103.2304446895,0.006649405145073395,1.0,0.7610393762588501,Strong_Downtrend_LowVol
2023-04-27,Baseline_XGB_0.70,104783.52730930237,-0.003041801227559482,1.0,0.7646691799163818,Strong_Downtrend_LowVol
2023-04-28,Baseline_XGB_0.70,105764.58335354245,0.009362693444592507,1.0,0.7348763346672058,Strong_Downtrend_LowVol
2023-05-02,Baseline_XGB_0.70,105769.281831848,4.442392865899869e-05,1.0,0.7429382801055908,Strong_Downtrend_LowVol
2023-05-03,Baseline_XGB_0.70,104531.20984160042,-0.011705402256733333,1.0,0.7616283297538757,Strong_Downtrend_LowVol
2023-05-04,Baseline_XGB_0.70,105810.03003539372,0.01223386006658811,1.0,0.8064464330673218,Weak_Downtrend
2023-05-05,Baseline_XGB_0.70,106123.46598229186,0.002962251752440581,1.0,0.7854087352752686,Weak_Downtrend
2023-05-08,Baseline_XGB_0.70,106747.20810796598,0.005877513704444892,1.0,0.7746586203575134,Weak_Uptrend
2023-05-09,Baseline_XGB_0.70,107770.57341369045,0.009586810970170001,1.0,0.7382107377052307,Strong_Uptrend_LowVol
2023-05-10,Baseline_XGB_0.70,107881.84470528824,0.001032483061685685,1.0,0.7305935621261597,Strong_Uptrend_LowVol
2023-05-11,Baseline_XGB_0.70,107736.09239863373,-0.0013510364700629607,1.0,0.7268916964530945,Strong_Uptrend_LowVol
2023-05-12,Baseline_XGB_0.70,107490.0497716656,-0.0022837530254741223,1.0,0.7337984442710876,Strong_Uptrend_LowVol
2023-05-15,Baseline_XGB_0.70,106886.6855738867,-0.0056132097720726915,1.0,0.7231079936027527,Strong_Uptrend_LowVol
2023-05-16,Baseline_XGB_0.70,106983.84612607824,0.0009090051924602882,1.0,0.7292661666870117,Strong_Uptrend_LowVol
2023-05-17,Baseline_XGB_0.70,105433.90689911596,-0.014487600540512457,1.0,0.7508922815322876,Weak_Downtrend
2023-05-18,Baseline_XGB_0.70,105156.520677458,-0.002630901479572123,1.0,0.7508922815322876,Weak_Downtrend
2023-05-19,Baseline_XGB_0.70,105877.42335532368,0.006855520449149166,1.0,0.7432464361190796,Weak_Uptrend
2023-05-22,Baseline_XGB_0.70,108254.83042119908,0.022454334366419415,1.0,0.7257418632507324,Strong_Uptrend_LowVol
2023-05-23,Baseline_XGB_0.70,108203.11655085882,-0.0004777049683515333,1.0,0.6939955353736877,Strong_Uptrend_LowVol
2023-05-24,Baseline_XGB_0.70,108400.5827278536,0.0018249583125635738,1.0,0.7207121849060059,Strong_Uptrend_LowVol
2023-05-25,Baseline_XGB_0.70,108091.84525926104,-0.002848116318411864,1.0,0.8104223608970642,Strong_Uptrend_LowVol
2023-05-26,Baseline_XGB_0.70,109201.40545038246,0.010264975942080534,1.0,0.6894106864929199,Strong_Uptrend_LowVol
2023-05-29,Baseline_XGB_0.70,108933.4238375804,-0.002454012489095825,1.0,0.6050480008125305,Strong_Uptrend_LowVol
2023-05-30,Baseline_XGB_0.70,108803.3433282708,-0.0011941285303173066,1.0,0.6654424667358398,Strong_Uptrend_LowVol
2023-05-31,Baseline_XGB_0.70,107966.47088050177,-0.007691605994533668,1.0,0.7413299679756165,Strong_Uptrend_LowVol
2023-06-01,Baseline_XGB_0.70,109047.82489730029,0.010015646598242167,1.0,0.6331649422645569,Strong_Uptrend_LowVol
2023-06-02,Baseline_XGB_0.70,108471.10581590567,-0.005288680282598657,1.0,0.7249521017074585,Strong_Uptrend_LowVol
2023-06-05,Baseline_XGB_0.70,107947.66166278998,-0.0048256551749741305,1.0,0.7335050702095032,Strong_Uptrend_LowVol
2023-06-06,Baseline_XGB_0.70,106173.61879469348,-0.016434287142210624,1.0,0.7835277318954468,Weak_Uptrend
2023-06-07,Baseline_XGB_0.70,107508.8513371326,0.012575935129620408,1.0,0.6960992217063904,Strong_Uptrend_LowVol
2023-06-08,Baseline_XGB_0.70,106303.69165175826,-0.011209864772856015,1.0,0.7407364249229431,Weak_Uptrend
2023-06-09,Baseline_XGB_0.70,105452.71611682778,-0.008005136244169209,1.0,0.7269986271858215,Weak_Downtrend
2023-06-12,Baseline_XGB_0.70,106631.23068581783,0.011175763056538113,1.0,0.6989220380783081,Weak_Uptrend
2023-06-13,Baseline_XGB_0.70,106530.9327132594,-0.0009406059736284389,1.0,0.721635639667511,Weak_Uptrend
2023-06-14,Baseline_XGB_0.70,106761.31119512745,0.0021625501251183454,1.0,0.721635639667511,Weak_Uptrend
2023-06-15,Baseline_XGB_0.70,105672.12127965647,-0.01020210320834547,1.0,0.6866448521614075,Weak_Downtrend
2023-06-16,Baseline_XGB_0.70,104374.49186815135,-0.012279770631943632,1.0,0.5717784762382507,Strong_Downtrend_LowVol
2023-06-19,Baseline_XGB_0.70,105487.1894796397,0.010660627817895785,1.0,0.6193033456802368,Weak_Downtrend
2023-06-20,Baseline_XGB_0.70,106029.43519822242,0.00514039402564026,1.0,0.6308046579360962,Weak_Downtrend
2023-06-21,Baseline_XGB_0.70,106985.4148362617,0.009016172124769684,1.0,0.6052206158638,Weak_Uptrend
2023-06-22,Baseline_XGB_0.70,106367.94755132134,-0.005771509003216657,1.0,0.6160092353820801,Weak_Uptrend
2023-06-23,Baseline_XGB_0.70,105673.68998983991,-0.006526943289438369,1.0,0.6131813526153564,Weak_Downtrend
2023-06-26,Baseline_XGB_0.70,104836.8098898261,-0.00791947456452291,1.0,0.5295272469520569,Strong_Downtrend_LowVol
2023-06-27,Baseline_XGB_0.70,105078.16169073348,0.0023021665878715236,1.0,0.5450921058654785,Strong_Downtrend_LowVol
2023-06-28,Baseline_XGB_0.70,105645.47616327221,0.005398975994730826,1.0,0.6483217477798462,Weak_Downtrend
2023-06-30,Baseline_XGB_0.70,108366.10171279688,0.025752409363180018,1.0,0.8203039765357971,Strong_Uptrend_LowVol
2023-07-03,Baseline_XGB_0.70,107427.36258228596,-0.008662664021991562,1.0,0.8496456742286682,Weak_Uptrend
2023-07-04,Baseline_XGB_0.70,108572.97249864758,0.010664042091549142,1.0,0.7350045442581177,Strong_Uptrend_LowVol
2023-07-05,Baseline_XGB_0.70,108920.8818083576,0.003204382285051377,1.0,0.5363301634788513,Strong_Uptrend_LowVol
2023-07-06,Baseline_XGB_0.70,109013.3438822436,0.000848892079745367,1.0,0.5208811163902283,Strong_Uptrend_LowVol
2023-07-07,Baseline_XGB_0.70,109266.60306240809,0.0023231943094788043,0.0,0.4155243933200836,Strong_Uptrend_LowVol
2023-07-10,Baseline_XGB_0.70,109266.60306240809,0.0,0.0,0.4698426425457001,Weak_Uptrend
2023-07-11,Baseline_XGB_0.70,109266.60306240809,0.0,0.0,0.5134650468826294,Weak_Uptrend
2023-07-12,Baseline_XGB_0.70,109266.60306240809,0.0,0.0,0.5396228432655334,Weak_Downtrend
2023-07-13,Baseline_XGB_0.70,109266.60306240809,0.0,0.0,0.4305994212627411,Strong_Uptrend_LowVol
2023-07-14,Baseline_XGB_0.70,109266.60306240809,0.0,0.0,0.3264264166355133,Strong_Uptrend_HighVol
2023-07-17,Baseline_XGB_0.70,109266.60306240809,0.0,0.0,0.3227588534355163,Strong_Uptrend_HighVol
2023-07-18,Baseline_XGB_0.70,109266.60306240809,0.0,0.0,0.459536999464035,Strong_Uptrend_HighVol
2023-07-19,Baseline_XGB_0.70,109266.60306240809,0.0,0.0,0.4854580461978912,Strong_Uptrend_HighVol
2023-07-20,Baseline_XGB_0.70,109266.60306240809,0.0,0.0,0.4788102507591247,Strong_Uptrend_HighVol
2023-07-21,Baseline_XGB_0.70,109266.60306240809,0.0,0.0,0.5669122338294983,Strong_Uptrend_HighVol
2023-07-24,Baseline_XGB_0.70,109266.60306240809,0.0,0.0,0.5311371684074402,Strong_Uptrend_HighVol
2023-07-25,Baseline_XGB_0.70,109266.60306240809,0.0,0.0,0.5257877707481384,Strong_Uptrend_HighVol
2023-07-26,Baseline_XGB_0.70,109266.60306240809,0.0,0.0,0.571221649646759,Strong_Uptrend_HighVol
2023-07-27,Baseline_XGB_0.70,109266.60306240809,0.0,0.0,0.649142324924469,Strong_Uptrend_HighVol
2023-07-28,Baseline_XGB_0.70,109266.60306240809,0.0,0.0,0.6937771439552307,Weak_Uptrend
2023-07-31,Baseline_XGB_0.70,109266.60306240809,0.0,0.0,0.4597566127777099,Strong_Uptrend_HighVol
2023-08-01,Baseline_XGB_0.70,109266.60306240809,0.0,0.0,0.3317126631736755,Strong_Uptrend_HighVol
2023-08-02,Baseline_XGB_0.70,109266.60306240809,0.0,0.0,0.3082521259784698,Strong_Uptrend_HighVol
2023-08-03,Baseline_XGB_0.70,109266.60306240809,0.0,0.0,0.51353520154953,Strong_Uptrend_HighVol
2023-08-04,Baseline_XGB_0.70,109266.60306240809,0.0,0.0,0.3082521259784698,Strong_Uptrend_HighVol
2023-08-07,Baseline_XGB_0.70,109266.60306240809,0.0,0.0,0.4486343562602997,Strong_Uptrend_HighVol
2023-08-08,Baseline_XGB_0.70,109266.60306240809,0.0,0.0,0.2928005158901214,Strong_Uptrend_HighVol
2023-08-09,Baseline_XGB_0.70,109266.60306240809,0.0,0.0,0.2873178124427795,Strong_Uptrend_HighVol
2023-08-10,Baseline_XGB_0.70,109266.60306240809,0.0,0.0,0.173357218503952,Strong_Uptrend_HighVol
2023-08-11,Baseline_XGB_0.70,109266.60306240809,0.0,0.0,0.1808901131153106,Strong_Uptrend_LowVol
2023-08-14,Baseline_XGB_0.70,109266.60306240809,0.0,0.0,0.1680677235126495,Strong_Uptrend_LowVol
2023-08-16,Baseline_XGB_0.70,109266.60306240809,0.0,0.0,0.2765290141105652,Strong_Uptrend_LowVol
2023-08-17,Baseline_XGB_0.70,109266.60306240809,0.0,0.0,0.2497005462646484,Strong_Uptrend_LowVol
2023-08-18,Baseline_XGB_0.70,109266.60306240809,0.0,0.0,0.2667853236198425,Weak_Uptrend
2023-08-21,Baseline_XGB_0.70,109266.60306240809,0.0,0.0,0.2553599774837494,Strong_Uptrend_LowVol
2023-08-22,Baseline_XGB_0.70,109266.60306240809,0.0,0.0,0.3005282282829284,Weak_Uptrend
2023-08-23,Baseline_XGB_0.70,109266.60306240809,0.0,0.0,0.240195170044899,Strong_Uptrend_LowVol
2023-08-24,Baseline_XGB_0.70,109266.60306240809,0.0,0.0,0.2657912969589233,Weak_Uptrend
2023-08-25,Baseline_XGB_0.70,109266.60306240809,0.0,0.0,0.2910590767860412,Weak_Uptrend
2023-08-28,Baseline_XGB_0.70,109266.60306240809,0.0,0.0,0.2636049687862396,Weak_Uptrend
2023-08-29,Baseline_XGB_0.70,109266.60306240809,0.0,0.0,0.2636049687862396,Weak_Uptrend
2023-08-30,Baseline_XGB_0.70,109266.60306240809,0.0,0.0,0.2883889973163605,Weak_Uptrend
2023-08-31,Baseline_XGB_0.70,109266.60306240809,0.0,0.0,0.4076296985149383,Weak_Downtrend
2023-09-01,Baseline_XGB_0.70,109266.60306240809,0.0,0.0,0.4257852733135223,Weak_Uptrend
2023-09-04,Baseline_XGB_0.70,109266.60306240809,0.0,0.0,0.3860072791576385,Strong_Uptrend_LowVol
2023-09-05,Baseline_XGB_0.70,109266.60306240809,0.0,0.0,0.3655707836151123,Strong_Uptrend_LowVol
2023-09-06,Baseline_XGB_0.70,109266.60306240809,0.0,0.0,0.4305379390716553,Strong_Uptrend_LowVol
2023-09-07,Baseline_XGB_0.70,109266.60306240809,0.0,0.0,0.4332383871078491,Strong_Uptrend_LowVol
2023-09-08,Baseline_XGB_0.70,109266.60306240809,0.0,0.0,0.4987915158271789,Strong_Uptrend_LowVol
2023-09-11,Baseline_XGB_0.70,109266.60306240809,0.0,0.0,0.5365306735038757,Strong_Uptrend_LowVol
2023-09-12,Baseline_XGB_0.70,109266.60306240809,0.0,0.0,0.3215006291866302,Strong_Uptrend_LowVol
2023-09-13,Baseline_XGB_0.70,109266.60306240809,0.0,0.0,0.3685366511344909,Strong_Uptrend_LowVol
2023-09-14,Baseline_XGB_0.70,109266.60306240809,0.0,0.0,0.4242246150970459,Strong_Uptrend_LowVol
2023-09-15,Baseline_XGB_0.70,109266.60306240809,0.0,0.0,0.4291741251945495,Strong_Uptrend_LowVol
2023-09-18,Baseline_XGB_0.70,109266.60306240809,0.0,0.0,0.5405968427658081,Strong_Uptrend_LowVol
2023-09-20,Baseline_XGB_0.70,109266.60306240809,0.0,0.0,0.6211013197898865,Strong_Uptrend_LowVol
2023-09-21,Baseline_XGB_0.70,109266.60306240809,0.0,0.0,0.6440389156341553,Strong_Uptrend_LowVol
2023-09-22,Baseline_XGB_0.70,109266.60306240809,0.0,0.0,0.6585507392883301,Strong_Uptrend_LowVol
2023-09-25,Baseline_XGB_0.70,109216.62804991435,-0.00045736767770843123,1.0,0.7486041188240051,Strong_Uptrend_LowVol
2023-09-26,Baseline_XGB_0.70,109455.52706654643,0.0021873868558082155,1.0,0.8491537570953369,Strong_Uptrend_LowVol
2023-09-27,Baseline_XGB_0.70,109556.11828036832,0.0009190144757216245,1.0,0.8724450469017029,Strong_Uptrend_LowVol
2023-09-28,Baseline_XGB_0.70,108087.80444481327,-0.013402390104744644,1.0,0.7186175584793091,Strong_Uptrend_LowVol
2023-09-29,Baseline_XGB_0.70,107860.08601949096,-0.0021067911083213486,1.0,0.6654758453369141,Strong_Uptrend_LowVol
2023-10-03,Baseline_XGB_0.70,107447.95264269292,-0.003820999889834753,1.0,0.6149218082427979,Strong_Uptrend_LowVol
2023-10-04,Baseline_XGB_0.70,108115.74569069789,0.006215037435153725,1.0,0.6295762658119202,Strong_Uptrend_LowVol
2023-10-05,Baseline_XGB_0.70,109557.51670698122,0.013335439783285663,1.0,0.7161991596221924,Strong_Uptrend_LowVol
2023-10-06,Baseline_XGB_0.70,110453.02818030848,0.008173893496713491,1.0,0.6712090373039246,Strong_Uptrend_LowVol
2023-10-09,Baseline_XGB_0.70,110926.63775532725,0.004287882214017991,1.0,0.6954295039176941,Strong_Uptrend_LowVol
2023-10-10,Baseline_XGB_0.70,110662.58752444306,-0.0023804041682630173,1.0,0.823987603187561,Strong_Uptrend_LowVol
2023-10-11,Baseline_XGB_0.70,110131.70385263542,-0.004797318440528886,1.0,0.8176374435424805,Strong_Uptrend_LowVol
2023-10-12,Baseline_XGB_0.70,108249.86503526267,-0.01708716701496593,1.0,0.8124175071716309,Strong_Uptrend_LowVol
2023-10-13,Baseline_XGB_0.70,109040.60365811587,0.007304753891338445,1.0,0.7947026491165161,Strong_Uptrend_LowVol
2023-10-16,Baseline_XGB_0.70,107732.95198639733,-0.01199233705472258,1.0,0.6732787489891052,Strong_Uptrend_LowVol
2023-10-17,Baseline_XGB_0.70,107257.9508063589,-0.004409061213679566,1.0,0.5504212975502014,Weak_Uptrend
2023-10-18,Baseline_XGB_0.70,106704.71277352492,-0.005158014195449034,1.0,0.5228396654129028,Weak_Downtrend
2023-10-19,Baseline_XGB_0.70,105338.64745616361,-0.01280229599849736,0.0,0.3770579397678375,Strong_Downtrend_LowVol
2023-10-20,Baseline_XGB_0.70,105338.64745616361,0.0,0.0,0.4367595314979553,Weak_Downtrend
2023-10-23,Baseline_XGB_0.70,105338.64745616361,0.0,0.0,0.2586957812309265,Strong_Downtrend_LowVol
2023-10-25,Baseline_XGB_0.70,105338.64745616361,0.0,0.0,0.2178797721862793,Strong_Downtrend_LowVol
2023-10-26,Baseline_XGB_0.70,105338.64745616361,0.0,0.0,0.2005378305912017,Strong_Downtrend_LowVol
2023-10-27,Baseline_XGB_0.70,105338.64745616361,0.0,0.0,0.2372064292430877,Strong_Downtrend_LowVol
2023-10-30,Baseline_XGB_0.70,105338.64745616361,0.0,0.0,0.2145546972751617,Strong_Downtrend_LowVol
2023-10-31,Baseline_XGB_0.70,105338.64745616361,0.0,0.0,0.2151027917861938,Strong_Downtrend_LowVol
2023-11-01,Baseline_XGB_0.70,105338.64745616361,0.0,0.0,0.2245258241891861,Strong_Downtrend_LowVol
2023-11-02,Baseline_XGB_0.70,105338.64745616361,0.0,0.0,0.2077296823263168,Strong_Downtrend_LowVol
2023-11-03,Baseline_XGB_0.70,105338.64745616361,0.0,0.0,0.2210359573364257,Strong_Downtrend_LowVol
2023-11-06,Baseline_XGB_0.70,105338.64745616361,0.0,0.0,0.2036211788654327,Strong_Downtrend_LowVol
2023-11-07,Baseline_XGB_0.70,105338.64745616361,0.0,0.0,0.2096471041440963,Strong_Downtrend_LowVol
2023-11-08,Baseline_XGB_0.70,105338.64745616361,0.0,0.0,0.2173814177513122,Strong_Downtrend_LowVol
2023-11-09,Baseline_XGB_0.70,105338.64745616361,0.0,0.0,0.2299340069293975,Strong_Downtrend_LowVol
2023-11-10,Baseline_XGB_0.70,105338.64745616361,0.0,0.0,0.2407434731721878,Strong_Downtrend_LowVol
2023-11-13,Baseline_XGB_0.70,105338.64745616361,0.0,0.0,0.2310312539339065,Strong_Downtrend_LowVol
2023-11-15,Baseline_XGB_0.70,105338.64745616361,0.0,0.0,0.2373900860548019,Strong_Downtrend_LowVol
2023-11-16,Baseline_XGB_0.70,105338.64745616361,0.0,0.0,0.4724089801311493,Weak_Uptrend
2023-11-17,Baseline_XGB_0.70,105338.64745616361,0.0,0.0,0.4598599970340729,Weak_Uptrend
2023-11-20,Baseline_XGB_0.70,105338.64745616361,0.0,0.0,0.4566028118133545,Weak_Uptrend
2023-11-21,Baseline_XGB_0.70,105338.64745616361,0.0,0.0,0.4598599970340729,Weak_Uptrend
2023-11-22,Baseline_XGB_0.70,105338.64745616361,0.0,0.0,0.4584375321865082,Strong_Uptrend_LowVol
2023-11-23,Baseline_XGB_0.70,105338.64745616361,0.0,0.0,0.4655188024044037,Weak_Uptrend
2023-11-24,Baseline_XGB_0.70,105338.64745616361,0.0,0.0,0.3427473902702331,Weak_Downtrend
2023-11-28,Baseline_XGB_0.70,105338.64745616361,0.0,0.0,0.4109815955162048,Weak_Downtrend
2023-11-29,Baseline_XGB_0.70,105288.67244366987,-0.000474422386280815,1.0,0.7758294939994812,Weak_Uptrend
2023-11-30,Baseline_XGB_0.70,104544.82800605232,-0.007064809730747745,1.0,0.6690741181373596,Weak_Uptrend
2023-12-01,Baseline_XGB_0.70,105228.93432535799,0.006543664879012923,1.0,0.6609100699424744,Weak_Uptrend
2023-12-04,Baseline_XGB_0.70,105251.69203446145,0.00021626855055956185,1.0,0.720117449760437,Weak_Uptrend
2023-12-05,Baseline_XGB_0.70,105796.42561528755,0.005175532766235724,1.0,0.6749309301376343,Strong_Uptrend_LowVol
2023-12-06,Baseline_XGB_0.70,107835.24679488319,0.0192711726104009,0.0,0.1137611120939254,Strong_Uptrend_LowVol
2023-12-07,Baseline_XGB_0.70,107835.24679488319,0.0,0.0,0.1169709861278534,Strong_Uptrend_LowVol
2023-12-08,Baseline_XGB_0.70,107835.24679488319,0.0,0.0,0.1403062790632248,Strong_Uptrend_LowVol
2023-12-11,Baseline_XGB_0.70,107835.24679488319,0.0,0.0,0.4163255393505096,Strong_Uptrend_LowVol
2023-12-12,Baseline_XGB_0.70,107835.24679488319,0.0,0.0,0.3552113175392151,Strong_Uptrend_LowVol
2023-12-13,Baseline_XGB_0.70,107835.24679488319,0.0,0.0,0.1479827016592025,Strong_Uptrend_LowVol
2023-12-14,Baseline_XGB_0.70,107835.24679488319,0.0,0.0,0.2794911861419678,Strong_Uptrend_LowVol
2023-12-15,Baseline_XGB_0.70,107785.27178238943,-0.0004634385692909859,1.0,0.7482826113700867,Strong_Uptrend_HighVol
2023-12-18,Baseline_XGB_0.70,107738.67377012582,-0.0004323226308478034,1.0,0.5569281578063965,Strong_Uptrend_HighVol
2023-12-19,Baseline_XGB_0.70,106368.99200167124,-0.012713000081818082,0.0,0.4205552041530609,Strong_Uptrend_HighVol
2023-12-20,Baseline_XGB_0.70,106368.99200167124,0.0,0.0,0.3764108419418335,Strong_Uptrend_HighVol
2023-12-21,Baseline_XGB_0.70,106368.99200167124,0.0,0.0,0.3764108419418335,Strong_Uptrend_HighVol
2023-12-22,Baseline_XGB_0.70,106368.99200167124,0.0,0.0,0.440430611371994,Strong_Uptrend_HighVol
2023-12-26,Baseline_XGB_0.70,106368.99200167124,0.0,0.0,0.3623464107513428,Strong_Uptrend_HighVol
2023-12-27,Baseline_XGB_0.70,106368.99200167124,0.0,0.0,0.3616976737976074,Strong_Uptrend_HighVol
2023-12-28,Baseline_XGB_0.70,106368.99200167124,0.0,0.0,0.2222419083118438,Strong_Uptrend_HighVol
2023-12-29,Baseline_XGB_0.70,106368.99200167124,0.0,0.0,0.2222419083118438,Strong_Uptrend_HighVol
2024-01-01,Baseline_XGB_0.70,106368.99200167124,0.0,0.0,0.2194124460220337,Strong_Uptrend_HighVol
2024-01-02,Baseline_XGB_0.70,106368.99200167124,0.0,0.0,0.2222419083118438,Strong_Uptrend_HighVol
2024-01-03,Baseline_XGB_0.70,106368.99200167124,0.0,0.0,0.2260116785764694,Strong_Uptrend_HighVol
2024-01-04,Baseline_XGB_0.70,106368.99200167124,0.0,0.0,0.2298665940761566,Strong_Uptrend_HighVol
2024-01-05,Baseline_XGB_0.70,106368.99200167124,0.0,0.0,0.2483001500368118,Strong_Uptrend_HighVol
2024-01-08,Baseline_XGB_0.70,106368.99200167124,0.0,0.0,0.25412318110466,Strong_Uptrend_HighVol
2024-01-09,Baseline_XGB_0.70,106368.99200167124,0.0,0.0,0.2573987543582916,Strong_Uptrend_HighVol
2024-01-10,Baseline_XGB_0.70,106368.99200167124,0.0,0.0,0.2590965628623962,Strong_Uptrend_HighVol
2024-01-11,Baseline_XGB_0.70,106368.99200167124,0.0,0.0,0.2498334795236587,Strong_Uptrend_HighVol
2024-01-12,Baseline_XGB_0.70,106368.99200167124,0.0,0.0,0.4356746077537536,Strong_Uptrend_HighVol
2024-01-15,Baseline_XGB_0.70,106368.99200167124,0.0,0.0,0.4284645020961761,Strong_Uptrend_LowVol
2024-01-16,Baseline_XGB_0.70,106368.99200167124,0.0,0.0,0.3039643764495849,Strong_Uptrend_HighVol
2024-01-17,Baseline_XGB_0.70,106368.99200167124,0.0,0.0,0.3212807774543762,Strong_Uptrend_LowVol
2024-01-18,Baseline_XGB_0.70,106368.99200167124,0.0,0.0,0.3212807774543762,Strong_Uptrend_LowVol
2024-01-19,Baseline_XGB_0.70,106368.99200167124,0.0,0.0,0.4407603442668915,Strong_Uptrend_LowVol
2024-01-23,Baseline_XGB_0.70,106368.99200167124,0.0,0.0,0.2206538915634155,Strong_Uptrend_HighVol
2024-01-24,Baseline_XGB_0.70,106368.99200167124,0.0,0.0,0.2051985710859298,Strong_Uptrend_HighVol
2024-01-25,Baseline_XGB_0.70,106368.99200167124,0.0,0.0,0.2035199105739593,Strong_Uptrend_HighVol
2024-01-29,Baseline_XGB_0.70,106368.99200167124,0.0,0.0,0.2092953324317932,Strong_Uptrend_HighVol
2024-01-30,Baseline_XGB_0.70,106368.99200167124,0.0,0.0,0.1914024800062179,Strong_Uptrend_HighVol
2024-01-31,Baseline_XGB_0.70,106368.99200167124,0.0,0.0,0.1914024800062179,Strong_Uptrend_HighVol
2024-02-01,Baseline_XGB_0.70,106368.99200167124,0.0,0.0,0.2071347534656524,Strong_Uptrend_HighVol
2024-02-02,Baseline_XGB_0.70,106368.99200167124,0.0,0.0,0.4180828034877777,Strong_Uptrend_HighVol
2024-02-05,Baseline_XGB_0.70,106368.99200167124,0.0,0.0,0.3742114305496216,Strong_Uptrend_HighVol
2024-02-06,Baseline_XGB_0.70,106368.99200167124,0.0,0.0,0.4546887874603271,Strong_Uptrend_HighVol
2024-02-07,Baseline_XGB_0.70,106368.99200167124,0.0,0.0,0.3383278548717499,Strong_Uptrend_HighVol
2024-02-08,Baseline_XGB_0.70,106368.99200167124,0.0,0.0,0.4314286112785339,Strong_Uptrend_HighVol
2024-02-09,Baseline_XGB_0.70,106368.99200167124,0.0,0.0,0.3872627913951874,Strong_Uptrend_HighVol
2024-02-12,Baseline_XGB_0.70,106368.99200167124,0.0,0.0,0.3427011668682098,Strong_Uptrend_HighVol
2024-02-13,Baseline_XGB_0.70,106368.99200167124,0.0,0.0,0.4546887874603271,Strong_Uptrend_HighVol
2024-02-14,Baseline_XGB_0.70,106368.99200167124,0.0,0.0,0.3212807774543762,Strong_Uptrend_HighVol
2024-02-15,Baseline_XGB_0.70,106368.99200167124,0.0,0.0,0.3212807774543762,Strong_Uptrend_HighVol
2024-02-16,Baseline_XGB_0.70,106368.99200167124,0.0,0.0,0.3624115288257599,Strong_Uptrend_HighVol
2024-02-19,Baseline_XGB_0.70,106368.99200167124,0.0,0.0,0.3212807774543762,Strong_Uptrend_HighVol
2024-02-20,Baseline_XGB_0.70,106368.99200167124,0.0,0.0,0.2139943093061447,Strong_Uptrend_HighVol
2024-02-21,Baseline_XGB_0.70,106368.99200167124,0.0,0.0,0.2166910022497177,Strong_Uptrend_HighVol
2024-02-22,Baseline_XGB_0.70,106368.99200167124,0.0,0.0,0.2659252882003784,Strong_Uptrend_HighVol
2024-02-23,Baseline_XGB_0.70,106368.99200167124,0.0,0.0,0.2139943093061447,Strong_Uptrend_HighVol
2024-02-26,Baseline_XGB_0.70,106368.99200167124,0.0,0.0,0.2252772599458694,Strong_Uptrend_HighVol
2024-02-27,Baseline_XGB_0.70,106368.99200167124,0.0,0.0,0.2479310482740402,Strong_Uptrend_HighVol
2024-02-28,Baseline_XGB_0.70,106368.99200167124,0.0,0.0,0.3037738800048828,Strong_Uptrend_HighVol
2024-02-29,Baseline_XGB_0.70,106368.99200167124,0.0,0.0,0.2111648470163345,Strong_Uptrend_HighVol
2024-03-01,Baseline_XGB_0.70,106368.99200167124,0.0,0.0,0.2136535197496414,Strong_Uptrend_HighVol
2024-03-04,Baseline_XGB_0.70,106368.99200167124,0.0,0.0,0.2299204766750335,Strong_Uptrend_HighVol
2024-03-05,Baseline_XGB_0.70,106368.99200167124,0.0,0.0,0.2008787244558334,Strong_Uptrend_LowVol
2024-03-06,Baseline_XGB_0.70,106368.99200167124,0.0,0.0,0.2037343084812164,Strong_Uptrend_LowVol
2024-03-07,Baseline_XGB_0.70,106368.99200167124,0.0,0.0,0.2551262378692627,Strong_Uptrend_LowVol
2024-03-11,Baseline_XGB_0.70,106368.99200167124,0.0,0.0,0.3069292902946472,Strong_Uptrend_LowVol
2024-03-12,Baseline_XGB_0.70,106368.99200167124,0.0,0.0,0.4226202666759491,Strong_Uptrend_LowVol
2024-03-13,Baseline_XGB_0.70,106368.99200167124,0.0,0.0,0.2479310482740402,Strong_Uptrend_LowVol
2024-03-14,Baseline_XGB_0.70,106368.99200167124,0.0,0.0,0.4301608502864837,Strong_Uptrend_LowVol
2024-03-15,Baseline_XGB_0.70,106368.99200167124,0.0,0.0,0.4183034896850586,Strong_Uptrend_LowVol
2024-03-18,Baseline_XGB_0.70,106368.99200167124,0.0,0.0,0.2263822257518768,Strong_Uptrend_LowVol
2024-03-19,Baseline_XGB_0.70,106368.99200167124,0.0,0.0,0.3924726247787475,Weak_Downtrend
2024-03-20,Baseline_XGB_0.70,106368.99200167124,0.0,0.0,0.3924726247787475,Weak_Downtrend
2024-03-21,Baseline_XGB_0.70,106368.99200167124,0.0,0.0,0.4181064367294311,Weak_Downtrend
2024-03-22,Baseline_XGB_0.70,106368.99200167124,0.0,0.0,0.4326481819152832,Strong_Downtrend_HighVol
2024-03-26,Baseline_XGB_0.70,106368.99200167124,0.0,0.0,0.6045350432395935,Strong_Downtrend_HighVol
2024-03-27,Baseline_XGB_0.70,106319.0169891775,-0.00046982688801788797,1.0,0.711513876914978,Strong_Downtrend_HighVol
2024-03-28,Baseline_XGB_0.70,107240.21921147847,0.008664510342441867,1.0,0.64478600025177,Strong_Downtrend_HighVol
2024-04-01,Baseline_XGB_0.70,108255.80586485955,0.00947020307165114,0.0,0.4683361053466797,Strong_Downtrend_HighVol
2024-04-02,Baseline_XGB_0.70,108255.80586485955,0.0,0.0,0.6368498802185059,Strong_Downtrend_HighVol
2024-04-03,Baseline_XGB_0.70,108255.80586485955,0.0,0.0,0.4386820495128631,Strong_Downtrend_HighVol
2024-04-04,Baseline_XGB_0.70,108255.80586485955,0.0,0.0,0.4909493625164032,Weak_Downtrend
2024-04-05,Baseline_XGB_0.70,108255.80586485955,0.0,0.0,0.4595701694488525,Weak_Downtrend
2024-04-08,Baseline_XGB_0.70,108255.80586485955,0.0,0.0,0.423918068408966,Weak_Downtrend
2024-04-09,Baseline_XGB_0.70,108255.80586485955,0.0,0.0,0.4303626120090484,Strong_Downtrend_HighVol
2024-04-10,Baseline_XGB_0.70,108255.80586485955,0.0,0.0,0.4211709201335907,Weak_Downtrend
2024-04-12,Baseline_XGB_0.70,108255.80586485955,0.0,0.0,0.4717677533626556,Weak_Downtrend
2024-04-15,Baseline_XGB_0.70,108255.80586485955,0.0,0.0,0.4466467201709747,Strong_Downtrend_HighVol
2024-04-16,Baseline_XGB_0.70,108255.80586485955,0.0,0.0,0.6795939207077026,Strong_Downtrend_HighVol
2024-04-18,Baseline_XGB_0.70,108205.8308523658,-0.00046163817353250813,1.0,0.7219113707542419,Strong_Downtrend_HighVol
2024-04-19,Baseline_XGB_0.70,107279.31200852194,-0.008562559305218875,1.0,0.7219113707542419,Strong_Downtrend_LowVol
2024-04-22,Baseline_XGB_0.70,108273.12236601472,0.009263765202128127,1.0,0.711513876914978,Strong_Downtrend_LowVol
2024-04-23,Baseline_XGB_0.70,108534.5104062159,0.002414154450238959,1.0,0.6721768379211426,Strong_Downtrend_LowVol
2024-04-24,Baseline_XGB_0.70,107404.83437567213,-0.010408450052574847,1.0,0.7219113707542419,Strong_Downtrend_LowVol
2024-04-25,Baseline_XGB_0.70,107952.20187120323,0.005096302216868187,1.0,0.7219113707542419,Strong_Downtrend_LowVol
2024-04-26,Baseline_XGB_0.70,107153.79595982374,-0.0073959205791102045,1.0,0.7219113707542419,Strong_Downtrend_LowVol
2024-04-29,Baseline_XGB_0.70,108418.04869921335,0.011798487660331203,1.0,0.7436636090278625,Strong_Downtrend_LowVol
2024-04-30,Baseline_XGB_0.70,107135.67463952841,-0.01182804961969619,1.0,0.7923908233642578,Strong_Downtrend_LowVol
2024-05-02,Baseline_XGB_0.70,108239.47660919027,0.010302842385374822,1.0,0.7316038608551025,Strong_Downtrend_LowVol
2024-05-03,Baseline_XGB_0.70,107724.45326937454,-0.004758183944987726,1.0,0.7769486904144287,Strong_Downtrend_LowVol
2024-05-06,Baseline_XGB_0.70,109693.72730155347,0.018280659334186433,0.0,0.3915858268737793,Strong_Downtrend_LowVol
2024-05-07,Baseline_XGB_0.70,109693.72730155347,0.0,0.0,0.3697722554206848,Weak_Downtrend
2024-05-08,Baseline_XGB_0.70,109693.72730155347,0.0,0.0,0.301511138677597,Weak_Downtrend
2024-05-09,Baseline_XGB_0.70,109693.72730155347,0.0,0.0,0.3406410813331604,Weak_Downtrend
2024-05-10,Baseline_XGB_0.70,109693.72730155347,0.0,0.0,0.3453083634376526,Strong_Downtrend_LowVol
2024-05-13,Baseline_XGB_0.70,109693.72730155347,0.0,0.0,0.339055985212326,Weak_Downtrend
2024-05-14,Baseline_XGB_0.70,109693.72730155347,0.0,0.0,0.2392671853303909,Strong_Downtrend_LowVol
2024-05-15,Baseline_XGB_0.70,109693.72730155347,0.0,0.0,0.4329863488674164,Strong_Downtrend_LowVol
2024-05-16,Baseline_XGB_0.70,109693.72730155347,0.0,0.0,0.3674110770225525,Strong_Downtrend_LowVol
2024-05-17,Baseline_XGB_0.70,109693.72730155347,0.0,0.0,0.5577951073646545,Strong_Downtrend_LowVol
2024-05-21,Baseline_XGB_0.70,109693.72730155347,0.0,0.0,0.65833580493927,Strong_Downtrend_LowVol
2024-05-22,Baseline_XGB_0.70,109693.72730155347,0.0,0.0,0.6579462289810181,Strong_Downtrend_LowVol
2024-05-23,Baseline_XGB_0.70,109693.72730155347,0.0,0.0,0.3188414573669433,Strong_Downtrend_LowVol
2024-05-24,Baseline_XGB_0.70,109693.72730155347,0.0,0.0,0.6009922027587891,Strong_Downtrend_LowVol
2024-05-27,Baseline_XGB_0.70,109693.72730155347,0.0,0.0,0.6740281581878662,Strong_Downtrend_LowVol
2024-05-28,Baseline_XGB_0.70,109643.75228905973,-0.00045558678443258227,1.0,0.7135289907455444,Strong_Downtrend_LowVol
2024-05-29,Baseline_XGB_0.70,108700.18904576123,-0.008605718279423136,1.0,0.7335686087608337,Strong_Downtrend_LowVol
2024-05-30,Baseline_XGB_0.70,106941.91283072346,-0.016175466026996155,1.0,0.7196359634399414,Strong_Downtrend_LowVol
2024-05-31,Baseline_XGB_0.70,105246.09811298085,-0.015857344168014764,1.0,0.8457560539245605,Strong_Downtrend_LowVol
2024-06-03,Baseline_XGB_0.70,106076.4375799738,0.007889503571919532,1.0,0.8628421425819397,Strong_Downtrend_LowVol
2024-06-04,Baseline_XGB_0.70,105908.15739925734,-0.0015864049034414185,0.0,0.2884446680545807,Strong_Downtrend_LowVol
2024-06-05,Baseline_XGB_0.70,105908.15739925734,0.0,0.0,0.2209851294755935,Strong_Downtrend_LowVol
2024-06-06,Baseline_XGB_0.70,105908.15739925734,0.0,0.0,0.3052290380001068,Weak_Downtrend
2024-06-07,Baseline_XGB_0.70,105908.15739925734,0.0,0.0,0.2829272449016571,Weak_Uptrend
2024-06-10,Baseline_XGB_0.70,105908.15739925734,0.0,0.0,0.3222821354866028,Weak_Downtrend
2024-06-11,Baseline_XGB_0.70,105908.15739925734,0.0,0.0,0.3758260905742645,Weak_Downtrend
2024-06-12,Baseline_XGB_0.70,105908.15739925734,0.0,0.0,0.4066451489925384,Weak_Downtrend
2024-06-13,Baseline_XGB_0.70,105908.15739925734,0.0,0.0,0.4400219321250915,Weak_Uptrend
2024-06-14,Baseline_XGB_0.70,105908.15739925734,0.0,0.0,0.4116044342517853,Weak_Downtrend
2024-06-18,Baseline_XGB_0.70,105908.15739925734,0.0,0.0,0.3943470120429992,Strong_Downtrend_LowVol
2024-06-19,Baseline_XGB_0.70,105908.15739925734,0.0,0.0,0.4451701939105987,Strong_Downtrend_LowVol
2024-06-20,Baseline_XGB_0.70,105908.15739925734,0.0,0.0,0.1704689264297485,Strong_Downtrend_LowVol
2024-06-21,Baseline_XGB_0.70,105908.15739925734,0.0,0.0,0.1675410717725753,Strong_Downtrend_LowVol
2024-06-24,Baseline_XGB_0.70,105908.15739925734,0.0,0.0,0.1702487021684646,Weak_Downtrend
2024-06-25,Baseline_XGB_0.70,105908.15739925734,0.0,0.0,0.2115805596113205,Weak_Downtrend
2024-06-26,Baseline_XGB_0.70,105908.15739925734,0.0,0.0,0.1747529655694961,Weak_Uptrend
2024-06-27,Baseline_XGB_0.70,105908.15739925734,0.0,0.0,0.1585526466369629,Strong_Uptrend_LowVol
2024-06-28,Baseline_XGB_0.70,105908.15739925734,0.0,0.0,0.120798535645008,Strong_Uptrend_LowVol
2024-07-01,Baseline_XGB_0.70,105908.15739925734,0.0,0.0,0.1676857769489288,Strong_Uptrend_LowVol
2024-07-02,Baseline_XGB_0.70,105908.15739925734,0.0,0.0,0.09813142567873,Strong_Uptrend_LowVol
2024-07-03,Baseline_XGB_0.70,105908.15739925734,0.0,0.0,0.1081952154636383,Strong_Uptrend_LowVol
2024-07-04,Baseline_XGB_0.70,105908.15739925734,0.0,0.0,0.0982093587517738,Strong_Uptrend_LowVol
2024-07-05,Baseline_XGB_0.70,105908.15739925734,0.0,0.0,0.1049072816967964,Strong_Uptrend_LowVol
2024-07-08,Baseline_XGB_0.70,105908.15739925734,0.0,0.0,0.1101596057415008,Strong_Uptrend_LowVol
2024-07-09,Baseline_XGB_0.70,105908.15739925734,0.0,0.0,0.1074301674962043,Strong_Uptrend_LowVol
2024-07-10,Baseline_XGB_0.70,105908.15739925734,0.0,0.0,0.067156933248043,Weak_Uptrend
2024-07-11,Baseline_XGB_0.70,105908.15739925734,0.0,0.0,0.0651871934533119,Strong_Uptrend_LowVol
2024-07-12,Baseline_XGB_0.70,105908.15739925734,0.0,0.0,0.2866563498973846,Strong_Uptrend_HighVol
2024-07-15,Baseline_XGB_0.70,105908.15739925734,0.0,0.0,0.2609844505786896,Strong_Uptrend_HighVol
2024-07-16,Baseline_XGB_0.70,105908.15739925734,0.0,0.0,0.2654161155223846,Strong_Uptrend_HighVol
2024-07-18,Baseline_XGB_0.70,105908.15739925734,0.0,0.0,0.2534982562065124,Strong_Uptrend_HighVol
2024-07-19,Baseline_XGB_0.70,105908.15739925734,0.0,0.0,0.2295404523611068,Strong_Uptrend_HighVol
2024-07-22,Baseline_XGB_0.70,105908.15739925734,0.0,0.0,0.2242989689111709,Strong_Uptrend_HighVol
2024-07-23,Baseline_XGB_0.70,105908.15739925734,0.0,0.0,0.2242989689111709,Strong_Uptrend_HighVol
2024-07-24,Baseline_XGB_0.70,105908.15739925734,0.0,0.0,0.2841377854347229,Strong_Uptrend_HighVol
2024-07-25,Baseline_XGB_0.70,105908.15739925734,0.0,0.0,0.2812440991401672,Strong_Uptrend_HighVol
2024-07-26,Baseline_XGB_0.70,105908.15739925734,0.0,0.0,0.2386145740747451,Strong_Uptrend_HighVol
2024-07-29,Baseline_XGB_0.70,105908.15739925734,0.0,0.0,0.286546915769577,Strong_Uptrend_HighVol
2024-07-30,Baseline_XGB_0.70,105908.15739925734,0.0,0.0,0.2715286314487457,Strong_Uptrend_HighVol
2024-07-31,Baseline_XGB_0.70,105908.15739925734,0.0,0.0,0.2840441465377807,Strong_Uptrend_HighVol
2024-08-01,Baseline_XGB_0.70,105908.15739925734,0.0,0.0,0.296279102563858,Strong_Uptrend_HighVol
2024-08-02,Baseline_XGB_0.70,105908.15739925734,0.0,0.0,0.294759064912796,Strong_Uptrend_HighVol
2024-08-05,Baseline_XGB_0.70,105908.15739925734,0.0,0.0,0.2707370817661285,Strong_Uptrend_HighVol
2024-08-06,Baseline_XGB_0.70,105908.15739925734,0.0,0.0,0.2707370817661285,Strong_Uptrend_HighVol
2024-08-07,Baseline_XGB_0.70,105908.15739925734,0.0,0.0,0.3227385282516479,Strong_Uptrend_HighVol
2024-08-08,Baseline_XGB_0.70,105908.15739925734,0.0,0.0,0.3355268836021423,Strong_Uptrend_HighVol
2024-08-09,Baseline_XGB_0.70,105908.15739925734,0.0,0.0,0.3270950615406036,Strong_Uptrend_HighVol
2024-08-12,Baseline_XGB_0.70,105908.15739925734,0.0,0.0,0.3264108598232269,Strong_Uptrend_LowVol
2024-08-13,Baseline_XGB_0.70,105908.15739925734,0.0,0.0,0.3388810753822326,Strong_Uptrend_LowVol
2024-08-14,Baseline_XGB_0.70,105908.15739925734,0.0,0.0,0.242540031671524,Strong_Uptrend_HighVol
2024-08-16,Baseline_XGB_0.70,105908.15739925734,0.0,0.0,0.2669140696525574,Strong_Uptrend_HighVol
2024-08-19,Baseline_XGB_0.70,105908.15739925734,0.0,0.0,0.2460161000490188,Strong_Uptrend_HighVol
2024-08-20,Baseline_XGB_0.70,105908.15739925734,0.0,0.0,0.2275067567825317,Strong_Uptrend_HighVol
2024-08-21,Baseline_XGB_0.70,105908.15739925734,0.0,0.0,0.2480917125940323,Strong_Uptrend_HighVol
2024-08-22,Baseline_XGB_0.70,105908.15739925734,0.0,0.0,0.2242989689111709,Strong_Uptrend_HighVol
2024-08-23,Baseline_XGB_0.70,105908.15739925734,0.0,0.0,0.2429498732089996,Strong_Uptrend_HighVol
2024-08-26,Baseline_XGB_0.70,105908.15739925734,0.0,0.0,0.2439489513635635,Strong_Uptrend_HighVol
2024-08-27,Baseline_XGB_0.70,105908.15739925734,0.0,0.0,0.244068294763565,Strong_Uptrend_HighVol
2024-08-28,Baseline_XGB_0.70,105908.15739925734,0.0,0.0,0.2533520460128784,Strong_Uptrend_HighVol
2024-08-29,Baseline_XGB_0.70,105908.15739925734,0.0,0.0,0.2592674493789673,Strong_Uptrend_HighVol
2024-08-30,Baseline_XGB_0.70,105908.15739925734,0.0,0.0,0.2506621479988098,Strong_Uptrend_HighVol
2024-09-02,Baseline_XGB_0.70,105908.15739925734,0.0,0.0,0.2566772103309631,Strong_Uptrend_LowVol
2024-09-03,Baseline_XGB_0.70,105908.15739925734,0.0,0.0,0.3106915652751922,Strong_Uptrend_LowVol
2024-09-04,Baseline_XGB_0.70,105908.15739925734,0.0,0.0,0.327718049287796,Strong_Uptrend_LowVol
2024-09-05,Baseline_XGB_0.70,105908.15739925734,0.0,0.0,0.327718049287796,Strong_Uptrend_LowVol
2024-09-06,Baseline_XGB_0.70,105908.15739925734,0.0,0.0,0.3231621384620666,Strong_Uptrend_LowVol
2024-09-09,Baseline_XGB_0.70,105908.15739925734,0.0,0.0,0.357803463935852,Strong_Uptrend_LowVol
2024-09-10,Baseline_XGB_0.70,105908.15739925734,0.0,0.0,0.3259206712245941,Strong_Uptrend_LowVol
2024-09-11,Baseline_XGB_0.70,105908.15739925734,0.0,0.0,0.3258581459522247,Strong_Uptrend_LowVol
2024-09-12,Baseline_XGB_0.70,105908.15739925734,0.0,0.0,0.3316980302333832,Strong_Uptrend_LowVol
2024-09-13,Baseline_XGB_0.70,105908.15739925734,0.0,0.0,0.3316980302333832,Strong_Uptrend_LowVol
2024-09-16,Baseline_XGB_0.70,105908.15739925734,0.0,0.0,0.3296115696430206,Strong_Uptrend_LowVol
2024-09-17,Baseline_XGB_0.70,105908.15739925734,0.0,0.0,0.3421419560909271,Strong_Uptrend_LowVol
2024-09-18,Baseline_XGB_0.70,105908.15739925734,0.0,0.0,0.236836165189743,Weak_Downtrend
2024-09-19,Baseline_XGB_0.70,105908.15739925734,0.0,0.0,0.1933979839086532,Strong_Downtrend_LowVol
2024-09-20,Baseline_XGB_0.70,105908.15739925734,0.0,0.0,0.1933979839086532,Strong_Downtrend_LowVol
2024-09-23,Baseline_XGB_0.70,105908.15739925734,0.0,0.0,0.2365657389163971,Strong_Downtrend_LowVol
2024-09-24,Baseline_XGB_0.70,105908.15739925734,0.0,0.0,0.2511974573135376,Strong_Downtrend_LowVol
2024-09-25,Baseline_XGB_0.70,105908.15739925734,0.0,0.0,0.2854065299034118,Strong_Downtrend_LowVol
2024-09-26,Baseline_XGB_0.70,105908.15739925734,0.0,0.0,0.3754554092884063,Strong_Downtrend_LowVol
2024-09-27,Baseline_XGB_0.70,105908.15739925734,0.0,0.0,0.3710492253303528,Strong_Downtrend_LowVol
2024-09-30,Baseline_XGB_0.70,105908.15739925734,0.0,0.0,0.3588312566280365,Strong_Downtrend_LowVol
2024-10-01,Baseline_XGB_0.70,105908.15739925734,0.0,0.0,0.384001225233078,Strong_Downtrend_LowVol
2024-10-03,Baseline_XGB_0.70,105908.15739925734,0.0,0.0,0.6041865348815918,Strong_Downtrend_LowVol
2024-10-04,Baseline_XGB_0.70,105908.15739925734,0.0,0.0,0.58246910572052,Strong_Downtrend_LowVol
2024-10-07,Baseline_XGB_0.70,105908.15739925734,0.0,0.0,0.3540689051151275,Strong_Downtrend_LowVol
2024-10-08,Baseline_XGB_0.70,105908.15739925734,0.0,0.0,0.58246910572052,Strong_Downtrend_LowVol
2024-10-09,Baseline_XGB_0.70,105908.15739925734,0.0,0.0,0.2640060484409332,Strong_Downtrend_LowVol
2024-10-10,Baseline_XGB_0.70,105908.15739925734,0.0,0.0,0.4729017913341522,Strong_Downtrend_LowVol
2024-10-11,Baseline_XGB_0.70,105858.18238676358,-0.0004718712299502936,1.0,0.7608885765075684,Strong_Downtrend_LowVol
2024-10-14,Baseline_XGB_0.70,105555.85855643981,-0.0028559325647515843,1.0,0.7580382823944092,Strong_Downtrend_LowVol
2024-10-15,Baseline_XGB_0.70,105077.68983395009,-0.00453000647267765,1.0,0.7607991695404053,Strong_Downtrend_LowVol
2024-10-16,Baseline_XGB_0.70,104551.34902076704,-0.005009063427401261,1.0,0.7894052863121033,Strong_Downtrend_LowVol
2024-10-17,Baseline_XGB_0.70,104889.80044883583,0.0032371789674523477,1.0,0.7607991695404053,Strong_Downtrend_LowVol
2024-10-18,Baseline_XGB_0.70,105228.24599580452,0.0032266773844591423,1.0,0.7467433214187622,Strong_Downtrend_LowVol
2024-10-21,Baseline_XGB_0.70,104187.60886238677,-0.009889332693611919,1.0,0.7944980263710022,Strong_Downtrend_LowVol
2024-10-22,Baseline_XGB_0.70,102637.4802674935,-0.014878243313374284,1.0,0.8129313588142395,Strong_Downtrend_LowVol
2024-10-23,Baseline_XGB_0.70,103859.9963017515,0.01191100980920301,1.0,0.7620764970779419,Strong_Downtrend_LowVol
2024-10-24,Baseline_XGB_0.70,103417.96105810686,-0.0042560683553306555,1.0,0.7775447964668274,Strong_Downtrend_LowVol
2024-10-25,Baseline_XGB_0.70,103650.42330067014,0.002247793711893653,1.0,0.7742302417755127,Strong_Downtrend_LowVol
2024-10-28,Baseline_XGB_0.70,104452.58770725058,0.0077391329532106035,1.0,0.7284544706344604,Strong_Downtrend_LowVol
2024-10-29,Baseline_XGB_0.70,104076.79717482188,-0.0035977139549853154,1.0,0.7427082061767578,Strong_Downtrend_LowVol
2024-10-30,Baseline_XGB_0.70,104303.23128981092,0.0021756445349552234,1.0,0.7393041253089905,Strong_Downtrend_LowVol
2024-10-31,Baseline_XGB_0.70,101504.09230483332,-0.026836550990449015,1.0,0.9053999185562134,Strong_Downtrend_LowVol
2024-11-01,Baseline_XGB_0.70,101883.49383270649,0.0037377953859609736,1.0,0.9119563698768616,Strong_Downtrend_LowVol
2024-11-04,Baseline_XGB_0.70,101400.50848925745,-0.00474056518165844,1.0,0.8962885141372681,Strong_Downtrend_LowVol
2024-11-05,Baseline_XGB_0.70,101573.95389259381,0.0017104983586422318,1.0,0.8987098336219788,Strong_Downtrend_LowVol
2024-11-06,Baseline_XGB_0.70,105628.12551412993,0.039913496188433095,1.0,0.6782045960426331,Strong_Downtrend_HighVol
2024-11-07,Baseline_XGB_0.70,105899.1266054679,0.0025656148873125506,1.0,0.7009809613227844,Strong_Downtrend_HighVol
2024-11-08,Baseline_XGB_0.70,105805.18191291078,-0.0008871148947915408,1.0,0.7009809613227844,Strong_Downtrend_HighVol
2024-11-11,Baseline_XGB_0.70,107050.58718865071,0.011770739894053861,1.0,0.5726436972618103,Weak_Downtrend
2024-11-12,Baseline_XGB_0.70,107019.2644496649,-0.00029259754484678435,1.0,0.5741950869560242,Weak_Downtrend
2024-11-13,Baseline_XGB_0.70,105885.88236810478,-0.010590449181167694,1.0,0.593315601348877,Strong_Downtrend_HighVol
2024-11-14,Baseline_XGB_0.70,105778.68167598436,-0.0010124172337511173,1.0,0.6569667458534241,Strong_Downtrend_HighVol
2024-11-18,Baseline_XGB_0.70,102733.83621108034,-0.028785057789156743,1.0,0.7046766877174377,Strong_Downtrend_HighVol
2024-11-19,Baseline_XGB_0.70,103216.82155452938,0.004701326858433275,1.0,0.6871570348739624,Strong_Downtrend_HighVol
2024-11-21,Baseline_XGB_0.70,104018.9859611098,0.007771644141906231,1.0,0.6869116425514221,Strong_Downtrend_HighVol
2024-11-22,Baseline_XGB_0.70,108156.26928886963,0.03977430936797122,1.0,0.5649750232696533,Weak_Uptrend
2024-11-25,Baseline_XGB_0.70,109928.83921922617,0.016388970718121287,0.0,0.4009934365749359,Strong_Uptrend_HighVol
2024-11-26,Baseline_XGB_0.70,109928.83921922617,0.0,0.0,0.3805783689022064,Strong_Uptrend_HighVol
2024-11-27,Baseline_XGB_0.70,109928.83921922617,0.0,0.0,0.3841496407985687,Strong_Uptrend_HighVol
2024-11-28,Baseline_XGB_0.70,109928.83921922617,0.0,0.0,0.2898951768875122,Weak_Uptrend
2024-11-29,Baseline_XGB_0.70,109928.83921922617,0.0,0.0,0.4073731303215027,Strong_Uptrend_HighVol
2024-12-02,Baseline_XGB_0.70,109928.83921922617,0.0,0.0,0.3055686056613922,Strong_Uptrend_HighVol
2024-12-03,Baseline_XGB_0.70,109928.83921922617,0.0,0.0,0.3819903135299682,Strong_Uptrend_HighVol
2024-12-04,Baseline_XGB_0.70,109928.83921922617,0.0,0.0,0.4721872210502624,Strong_Uptrend_HighVol
2024-12-05,Baseline_XGB_0.70,109928.83921922617,0.0,0.0,0.436297208070755,Strong_Uptrend_HighVol
2024-12-06,Baseline_XGB_0.70,109928.83921922617,0.0,0.0,0.3573099076747894,Strong_Uptrend_HighVol
2024-12-09,Baseline_XGB_0.70,109928.83921922617,0.0,0.0,0.4462079703807831,Strong_Uptrend_HighVol
2024-12-10,Baseline_XGB_0.70,109928.83921922617,0.0,0.0,0.3232079446315765,Strong_Uptrend_HighVol
2024-12-11,Baseline_XGB_0.70,109928.83921922617,0.0,0.0,0.3232079446315765,Strong_Uptrend_HighVol
2024-12-12,Baseline_XGB_0.70,109928.83921922617,0.0,0.0,0.4023072421550751,Strong_Uptrend_HighVol
2024-12-13,Baseline_XGB_0.70,109928.83921922617,0.0,0.0,0.4300086498260498,Strong_Uptrend_HighVol
2024-12-16,Baseline_XGB_0.70,109928.83921922617,0.0,0.0,0.3563823699951172,Strong_Uptrend_HighVol
2024-12-17,Baseline_XGB_0.70,109928.83921922617,0.0,0.0,0.415903240442276,Strong_Uptrend_HighVol
2024-12-18,Baseline_XGB_0.70,109928.83921922617,0.0,0.0,0.3719558715820312,Strong_Uptrend_HighVol
2024-12-19,Baseline_XGB_0.70,109928.83921922617,0.0,0.0,0.3065764605998993,Strong_Uptrend_HighVol
2024-12-20,Baseline_XGB_0.70,109928.83921922617,0.0,0.0,0.568117082118988,Weak_Downtrend
2024-12-23,Baseline_XGB_0.70,109928.83921922617,0.0,0.0,0.5576220750808716,Weak_Downtrend
2024-12-24,Baseline_XGB_0.70,109928.83921922617,0.0,0.0,0.5937625169754028,Weak_Downtrend
2024-12-26,Baseline_XGB_0.70,109928.83921922617,0.0,0.0,0.5832534432411194,Weak_Downtrend
2024-12-27,Baseline_XGB_0.70,109928.83921922617,0.0,0.0,0.5656948685646057,Weak_Downtrend
2024-12-30,Baseline_XGB_0.70,109928.83921922617,0.0,0.0,0.5315733551979065,Weak_Downtrend
2024-12-31,Baseline_XGB_0.70,109928.83921922617,0.0,0.0,0.6027769446372986,Strong_Downtrend_LowVol
2025-01-01,Baseline_XGB_0.70,109928.83921922617,0.0,0.0,0.3396520018577575,Strong_Downtrend_LowVol
2025-01-02,Baseline_XGB_0.70,109928.83921922617,0.0,0.0,0.4462629556655884,Weak_Downtrend
2025-01-03,Baseline_XGB_0.70,109928.83921922617,0.0,0.0,0.3802525699138641,Strong_Downtrend_LowVol
2025-01-06,Baseline_XGB_0.70,109928.83921922617,0.0,0.0,0.6027769446372986,Strong_Downtrend_LowVol
2025-01-07,Baseline_XGB_0.70,109928.83921922617,0.0,0.0,0.589745819568634,Strong_Downtrend_LowVol
2025-01-08,Baseline_XGB_0.70,109928.83921922617,0.0,0.0,0.4721475541591644,Strong_Downtrend_LowVol
2025-01-09,Baseline_XGB_0.70,109928.83921922617,0.0,0.0,0.5819497108459473,Strong_Downtrend_LowVol
2025-01-10,Baseline_XGB_0.70,109928.83921922617,0.0,0.0,0.5834248661994934,Weak_Uptrend
2025-01-13,Baseline_XGB_0.70,109928.83921922617,0.0,0.0,0.5351479053497314,Strong_Uptrend_HighVol
2025-01-14,Baseline_XGB_0.70,109928.83921922617,0.0,0.0,0.6169790029525757,Weak_Uptrend
2025-01-15,Baseline_XGB_0.70,109928.83921922617,0.0,0.0,0.6325839757919312,Weak_Uptrend
2025-01-16,Baseline_XGB_0.70,109928.83921922617,0.0,0.0,0.6367969512939453,Weak_Downtrend
2025-01-17,Baseline_XGB_0.70,109928.83921922617,0.0,0.0,0.5152623057365417,Strong_Downtrend_HighVol
2025-01-20,Baseline_XGB_0.70,109928.83921922617,0.0,0.0,0.6982356905937195,Strong_Downtrend_HighVol
2025-01-21,Baseline_XGB_0.70,109928.83921922617,0.0,0.0,0.6746646165847778,Strong_Downtrend_HighVol
2025-01-22,Baseline_XGB_0.70,109928.83921922617,0.0,0.0,0.4914069771766662,Weak_Downtrend
2025-01-23,Baseline_XGB_0.70,109928.83921922617,0.0,0.0,0.4914069771766662,Strong_Downtrend_HighVol
2025-01-24,Baseline_XGB_0.70,109928.83921922617,0.0,0.0,0.4914069771766662,Weak_Downtrend
2025-01-27,Baseline_XGB_0.70,109928.83921922617,0.0,0.0,0.5639668703079224,Strong_Downtrend_HighVol
2025-01-28,Baseline_XGB_0.70,109928.83921922617,0.0,0.0,0.5229705572128296,Strong_Downtrend_HighVol
2025-01-29,Baseline_XGB_0.70,109928.83921922617,0.0,0.0,0.592658281326294,Strong_Downtrend_HighVol
2025-01-30,Baseline_XGB_0.70,109928.83921922617,0.0,0.0,0.592658281326294,Strong_Downtrend_HighVol
2025-01-31,Baseline_XGB_0.70,109928.83921922617,0.0,0.0,0.5554901361465454,Strong_Downtrend_HighVol
2025-02-01,Baseline_XGB_0.70,109878.86420673243,-0.00045461239151334265,1.0,0.7181596755981445,Strong_Downtrend_HighVol
2025-02-03,Baseline_XGB_0.70,109768.43981204345,-0.0010049648354684138,1.0,0.7153918743133545,Strong_Downtrend_HighVol
2025-02-04,Baseline_XGB_0.70,110710.72558369333,0.008584305044905038,1.0,0.5213248133659363,Strong_Downtrend_HighVol
2025-02-05,Baseline_XGB_0.70,110319.33964049503,-0.0035352125201494333,1.0,0.6626167893409729,Strong_Downtrend_HighVol
2025-02-06,Baseline_XGB_0.70,110114.4386450983,-0.0018573442885395641,1.0,0.6966712474822998,Strong_Downtrend_LowVol
2025-02-07,Baseline_XGB_0.70,108805.2937028118,-0.01188894897340309,1.0,0.6849414706230164,Strong_Downtrend_LowVol
2025-02-10,Baseline_XGB_0.70,108990.5624965269,0.0017027553293604836,1.0,0.6849414706230164,Strong_Downtrend_LowVol
2025-02-11,Baseline_XGB_0.70,107189.42032174052,-0.01652567097122537,1.0,0.5199754238128662,Strong_Downtrend_LowVol
2025-02-12,Baseline_XGB_0.70,106860.59741856702,-0.003067680580662757,1.0,0.5351260304450989,Strong_Downtrend_LowVol
2025-02-13,Baseline_XGB_0.70,105879.04724355388,-0.0091853330294277,1.0,0.8337576985359192,Strong_Downtrend_LowVol
2025-02-14,Baseline_XGB_0.70,106485.15926934997,0.005724570078552427,1.0,0.5098326802253723,Strong_Downtrend_LowVol
2025-02-17,Baseline_XGB_0.70,105740.405677696,-0.006993966077189606,1.0,0.8371390700340271,Strong_Downtrend_LowVol
2025-02-18,Baseline_XGB_0.70,104972.34146756688,-0.007263677543192348,1.0,0.9005553126335144,Strong_Downtrend_LowVol
2025-02-19,Baseline_XGB_0.70,102785.9420472692,-0.02082833811012208,1.0,0.9314850568771362,Strong_Downtrend_LowVol
2025-02-20,Baseline_XGB_0.70,102670.6051089797,-0.0011221081014800571,1.0,0.9293535351753236,Strong_Downtrend_LowVol
2025-02-21,Baseline_XGB_0.70,102832.56328421959,0.0015774541804636222,1.0,0.9348692297935486,Strong_Downtrend_LowVol
2025-02-24,Baseline_XGB_0.70,100123.48719754607,-0.026344535234290367,1.0,0.9287832975387572,Strong_Downtrend_LowVol
2025-02-25,Baseline_XGB_0.70,98993.47636038082,-0.011286171394886635,1.0,0.9299870729446412,Strong_Downtrend_LowVol
2025-02-27,Baseline_XGB_0.70,98576.31753600025,-0.004214003182006931,1.0,0.9354568123817444,Strong_Downtrend_LowVol
2025-02-28,Baseline_XGB_0.70,95403.45539708892,-0.03218686007166571,1.0,0.9313012957572936,Strong_Downtrend_LowVol
2025-03-03,Baseline_XGB_0.70,95643.93638814849,0.0025206738064007528,1.0,0.9012481570243835,Strong_Downtrend_LowVol
2025-03-04,Baseline_XGB_0.70,96600.94780878631,0.0100059811084523,1.0,0.9005647897720337,Strong_Downtrend_LowVol
2025-03-05,Baseline_XGB_0.70,96969.02912441624,0.0038103282004904315,1.0,0.8894710540771484,Strong_Downtrend_LowVol
2025-03-06,Baseline_XGB_0.70,98307.61937377177,0.013804307018873585,1.0,0.8298525214195251,Strong_Downtrend_LowVol
2025-03-07,Baseline_XGB_0.70,98543.18782123082,0.0023962379412667545,1.0,0.8402940034866333,Strong_Downtrend_LowVol
2025-03-10,Baseline_XGB_0.70,98014.37646626114,-0.005366290320635958,1.0,0.8483890295028687,Strong_Downtrend_LowVol
2025-03-11,Baseline_XGB_0.70,97662.24893551927,-0.0035926110376581777,1.0,0.8764618635177612,Strong_Downtrend_LowVol
2025-03-12,Baseline_XGB_0.70,95966.61861182134,-0.01736218797109057,1.0,0.8382480144500732,Strong_Downtrend_LowVol
2025-03-13,Baseline_XGB_0.70,96085.63396690441,0.0012401745190635527,1.0,0.8172340989112854,Strong_Downtrend_LowVol
2025-03-17,Baseline_XGB_0.70,95758.03919963105,-0.0034094042340002684,1.0,0.8106125593185425,Strong_Downtrend_LowVol
2025-03-18,Baseline_XGB_0.70,95758.03919963105,0.0,1.0,0.8179736733436584,Strong_Downtrend_LowVol
2025-03-20,Baseline_XGB_0.70,97364.09947531493,0.016772067276102476,1.0,0.8013614416122437,Strong_Downtrend_HighVol
2025-03-21,Baseline_XGB_0.70,97730.95864595154,0.0037679100676077937,1.0,0.7974686622619629,Strong_Downtrend_HighVol
2025-03-24,Baseline_XGB_0.70,98978.7507113929,0.01276762330718273,1.0,0.7744424939155579,Strong_Downtrend_HighVol
2025-03-25,Baseline_XGB_0.70,99685.46803558372,0.007140091374273849,1.0,0.7823407053947449,Strong_Downtrend_HighVol
2025-03-26,Baseline_XGB_0.70,99146.84357522664,-0.005403239518971925,1.0,0.8817691206932068,Strong_Downtrend_HighVol
2025-03-27,Baseline_XGB_0.70,99524.73799624396,0.0038114619426143914,1.0,0.8777562975883484,Strong_Downtrend_LowVol
2025-03-28,Baseline_XGB_0.70,98419.26591345404,-0.01110751060536963,1.0,0.88265460729599,Strong_Downtrend_LowVol
2025-04-01,Baseline_XGB_0.70,97061.04945332372,-0.013800310818459893,1.0,0.9332331418991088,Strong_Downtrend_LowVol
2025-04-02,Baseline_XGB_0.70,96892.95658948999,-0.0017318261525141043,1.0,0.9217604398727416,Strong_Downtrend_LowVol
2025-04-03,Baseline_XGB_0.70,93437.89877526237,-0.03565850331996567,1.0,0.8700207471847534,Strong_Downtrend_HighVol
2025-04-04,Baseline_XGB_0.70,90892.00300882205,-0.0272469287067737,1.0,0.84055495262146,Strong_Downtrend_HighVol
2025-04-07,Baseline_XGB_0.70,90269.94917995158,-0.0068438785402286095,1.0,0.8669483661651611,Strong_Downtrend_HighVol
2025-04-08,Baseline_XGB_0.70,90733.72924128255,0.005137701588891153,1.0,0.7657562494277954,Strong_Downtrend_HighVol
2025-04-09,Baseline_XGB_0.70,89596.36157053018,-0.012535224555003555,1.0,0.8892604112625122,Strong_Downtrend_HighVol
2025-04-11,Baseline_XGB_0.70,89225.82398309998,-0.004135632082989282,1.0,0.921689748764038,Strong_Downtrend_HighVol
2025-04-15,Baseline_XGB_0.70,89635.6199829866,0.004592795914826642,1.0,0.9234642386436462,Strong_Downtrend_HighVol
2025-04-16,Baseline_XGB_0.70,90263.81449135774,0.007008313307705016,1.0,0.8622910380363464,Strong_Downtrend_HighVol
2025-04-17,Baseline_XGB_0.70,90879.73363163439,0.006823544337754672,1.0,0.7736369371414185,Strong_Downtrend_HighVol
2025-04-21,Baseline_XGB_0.70,91436.7681486798,0.0061293590417337285,1.0,0.5356848835945129,Strong_Downtrend_HighVol
2025-04-22,Baseline_XGB_0.70,91260.08432445198,-0.001932306093108238,1.0,0.7257519960403442,Strong_Downtrend_HighVol
2025-04-23,Baseline_XGB_0.70,91901.35459156777,0.007026842807156708,0.0,0.3339495956897735,Strong_Downtrend_HighVol
2025-04-24,Baseline_XGB_0.70,91901.35459156777,0.0,0.0,0.3408219814300537,Strong_Downtrend_HighVol
2025-04-25,Baseline_XGB_0.70,91901.35459156777,0.0,0.0,0.3011215627193451,Strong_Downtrend_HighVol
2025-04-28,Baseline_XGB_0.70,91901.35459156777,0.0,0.0,0.3011215627193451,Strong_Downtrend_HighVol
2025-04-29,Baseline_XGB_0.70,91901.35459156777,0.0,0.0,0.3088956773281097,Strong_Downtrend_HighVol
2025-04-30,Baseline_XGB_0.70,91901.35459156777,0.0,0.0,0.3119304180145263,Strong_Downtrend_HighVol
2025-05-02,Baseline_XGB_0.70,91901.35459156777,0.0,0.0,0.3195918798446655,Strong_Downtrend_HighVol
2025-05-05,Baseline_XGB_0.70,91901.35459156777,0.0,0.0,0.0899633169174194,Strong_Downtrend_HighVol
2025-05-06,Baseline_XGB_0.70,91901.35459156777,0.0,0.0,0.0826934874057769,Strong_Downtrend_HighVol
2025-05-07,Baseline_XGB_0.70,91901.35459156777,0.0,0.0,0.0829680934548378,Strong_Downtrend_LowVol
2025-05-08,Baseline_XGB_0.70,91901.35459156777,0.0,0.0,0.081339031457901,Strong_Downtrend_LowVol
2025-05-09,Baseline_XGB_0.70,91901.35459156777,0.0,0.0,0.0826145634055137,Strong_Downtrend_LowVol
2025-05-12,Baseline_XGB_0.70,91901.35459156777,0.0,0.0,0.2193900197744369,Strong_Uptrend_HighVol
2025-05-13,Baseline_XGB_0.70,91901.35459156777,0.0,0.0,0.1284363120794296,Weak_Uptrend
2025-05-14,Baseline_XGB_0.70,91901.35459156777,0.0,0.0,0.1629817634820938,Strong_Uptrend_HighVol
2025-05-15,Baseline_XGB_0.70,91901.35459156777,0.0,0.0,0.2577900290489197,Strong_Uptrend_HighVol
2025-05-16,Baseline_XGB_0.70,91901.35459156777,0.0,0.0,0.2359750717878341,Strong_Uptrend_HighVol
2025-05-19,Baseline_XGB_0.70,91901.35459156777,0.0,0.0,0.1506282389163971,Weak_Uptrend
2025-05-20,Baseline_XGB_0.70,91901.35459156777,0.0,0.0,0.1483691036701202,Weak_Uptrend
2025-05-21,Baseline_XGB_0.70,91901.35459156777,0.0,0.0,0.1527998149394989,Weak_Uptrend
2025-05-22,Baseline_XGB_0.70,91901.35459156777,0.0,0.0,0.1515970677137375,Weak_Uptrend
2025-05-23,Baseline_XGB_0.70,91901.35459156777,0.0,0.0,0.1452295333147049,Weak_Uptrend
2025-05-26,Baseline_XGB_0.70,91901.35459156777,0.0,0.0,0.1492395401000976,Strong_Uptrend_HighVol
2025-05-27,Baseline_XGB_0.70,91901.35459156777,0.0,0.0,0.1209469586610794,Weak_Uptrend
2025-05-28,Baseline_XGB_0.70,91901.35459156777,0.0,0.0,0.1188810318708419,Weak_Uptrend
2025-05-29,Baseline_XGB_0.70,91901.35459156777,0.0,0.0,0.1247487217187881,Weak_Uptrend
2025-05-30,Baseline_XGB_0.70,91901.35459156777,0.0,0.0,0.1277496218681335,Weak_Downtrend
2025-06-02,Baseline_XGB_0.70,91901.35459156777,0.0,0.0,0.1162265315651893,Weak_Downtrend
2025-06-03,Baseline_XGB_0.70,91901.35459156777,0.0,0.0,0.0950516462326049,Strong_Downtrend_HighVol
2025-06-04,Baseline_XGB_0.70,91901.35459156777,0.0,0.0,0.0978474020957946,Strong_Downtrend_HighVol
2025-06-05,Baseline_XGB_0.70,91901.35459156777,0.0,0.0,0.1197066605091095,Strong_Downtrend_HighVol
2025-06-06,Baseline_XGB_0.70,91901.35459156777,0.0,0.0,0.1163363680243492,Strong_Downtrend_HighVol
2025-06-09,Baseline_XGB_0.70,91901.35459156777,0.0,0.0,0.1302157342433929,Weak_Downtrend
2025-06-10,Baseline_XGB_0.70,91901.35459156777,0.0,0.0,0.1550361812114715,Weak_Uptrend
2025-06-11,Baseline_XGB_0.70,91901.35459156777,0.0,0.0,0.1032899543642997,Strong_Uptrend_LowVol
2025-06-12,Baseline_XGB_0.70,91901.35459156777,0.0,0.0,0.1089804843068122,Weak_Downtrend
2025-06-13,Baseline_XGB_0.70,91901.35459156777,0.0,0.0,0.0992893651127815,Weak_Uptrend
2025-06-16,Baseline_XGB_0.70,91901.35459156777,0.0,0.0,0.0993753224611282,Strong_Uptrend_LowVol
2025-06-17,Baseline_XGB_0.70,91901.35459156777,0.0,0.0,0.1051598191261291,Strong_Uptrend_LowVol
2025-06-18,Baseline_XGB_0.70,91901.35459156777,0.0,0.0,0.0958040654659271,Weak_Uptrend
2025-06-19,Baseline_XGB_0.70,91901.35459156777,0.0,0.0,0.1013682037591934,Weak_Downtrend
2025-06-20,Baseline_XGB_0.70,91901.35459156777,0.0,0.0,0.3934091031551361,Weak_Downtrend
2025-06-23,Baseline_XGB_0.70,91901.35459156777,0.0,0.0,0.3587758839130401,Strong_Downtrend_LowVol
2025-06-24,Baseline_XGB_0.70,91901.35459156777,0.0,0.0,0.3609920144081116,Strong_Downtrend_LowVol
2025-06-25,Baseline_XGB_0.70,91901.35459156777,0.0,0.0,0.4100512862205505,Weak_Downtrend
2025-06-26,Baseline_XGB_0.70,91901.35459156777,0.0,0.0,0.4143960773944855,Weak_Downtrend
2025-06-27,Baseline_XGB_0.70,91901.35459156777,0.0,0.0,0.4194229245185852,Weak_Downtrend
2025-06-30,Baseline_XGB_0.70,91901.35459156777,0.0,0.0,0.428266316652298,Weak_Uptrend
2025-07-01,Baseline_XGB_0.70,91901.35459156777,0.0,0.0,0.4627661406993866,Weak_Downtrend
2025-07-02,Baseline_XGB_0.70,91901.35459156777,0.0,0.0,0.4256802499294281,Strong_Downtrend_LowVol
2025-07-03,Baseline_XGB_0.70,91901.35459156777,0.0,0.0,0.4410309493541717,Strong_Downtrend_LowVol
2025-07-04,Baseline_XGB_0.70,91901.35459156777,0.0,0.0,0.4267217218875885,Strong_Downtrend_LowVol
2025-07-07,Baseline_XGB_0.70,91901.35459156777,0.0,0.0,0.4858576357364654,Strong_Downtrend_LowVol
2025-07-08,Baseline_XGB_0.70,91901.35459156777,0.0,0.0,0.4988323450088501,Strong_Downtrend_LowVol
2025-07-09,Baseline_XGB_0.70,91901.35459156777,0.0,0.0,0.5903850197792053,Strong_Downtrend_LowVol
2025-07-10,Baseline_XGB_0.70,91901.35459156777,0.0,0.0,0.5856637954711914,Strong_Downtrend_LowVol
2025-07-11,Baseline_XGB_0.70,91901.35459156777,0.0,0.0,0.6179961562156677,Strong_Downtrend_LowVol
2025-07-14,Baseline_XGB_0.70,91851.37957907403,-0.0005437897266676872,1.0,0.7899230122566223,Strong_Downtrend_LowVol
2025-07-15,Baseline_XGB_0.70,92769.408109561,0.009994716842512519,1.0,0.6237364411354065,Strong_Downtrend_LowVol
2025-07-16,Baseline_XGB_0.70,92173.93362280654,-0.006418866939963741,1.0,0.6595312356948853,Strong_Downtrend_LowVol
2025-07-17,Baseline_XGB_0.70,91432.6855157807,-0.0080418408750913,1.0,0.8487604260444641,Strong_Downtrend_LowVol
2025-07-18,Baseline_XGB_0.70,90834.10656277277,-0.006546662712915929,1.0,0.855604350566864,Strong_Downtrend_LowVol
2025-07-21,Baseline_XGB_0.70,89850.95238778372,-0.010823623550583528,1.0,0.9633575081825256,Strong_Downtrend_LowVol
2025-07-22,Baseline_XGB_0.70,89894.37705598734,0.00048329669357549676,1.0,0.9082272052764891,Strong_Downtrend_LowVol
2025-07-23,Baseline_XGB_0.70,90499.15736963325,0.00672767678527042,1.0,0.9015192985534668,Strong_Downtrend_LowVol
2025-07-24,Baseline_XGB_0.70,89534.6072765581,-0.010658111314070573,1.0,0.8990585207939148,Strong_Downtrend_LowVol
2025-07-25,Baseline_XGB_0.70,89156.23341521496,-0.004226006824092243,1.0,0.8785457611083984,Strong_Downtrend_LowVol
2025-07-28,Baseline_XGB_0.70,87403.92122439477,-0.019654399066629358,1.0,0.9403479695320128,Strong_Downtrend_LowVol
2025-07-29,Baseline_XGB_0.70,86681.28477115178,-0.008267780702741478,1.0,0.9349173903465272,Strong_Downtrend_LowVol
2025-07-30,Baseline_XGB_0.70,86606.85329975831,-0.0008586798360220582,1.0,0.9206264019012452,Strong_Downtrend_LowVol
2025-07-31,Baseline_XGB_0.70,86085.81028439729,-0.006016186889478803,1.0,0.9206264019012452,Strong_Downtrend_LowVol
2025-08-01,Baseline_XGB_0.70,85037.52289303727,-0.01217723789666203,1.0,0.9125279784202576,Strong_Downtrend_LowVol
2025-08-04,Baseline_XGB_0.70,87251.94624348548,0.02604054392827959,1.0,0.9366900324821472,Strong_Downtrend_LowVol
2025-08-05,Baseline_XGB_0.70,86926.29530536846,-0.003732305720817508,1.0,0.941231369972229,Strong_Downtrend_LowVol
2025-08-06,Baseline_XGB_0.70,85946.24559663284,-0.01127449070839548,1.0,0.941231369972229,Strong_Downtrend_LowVol
2025-08-07,Baseline_XGB_0.70,86402.1553956229,0.005304592374282047,1.0,0.987498104572296,Strong_Downtrend_LowVol
2025-08-08,Baseline_XGB_0.70,86073.39999125243,-0.003804944481594852,1.0,0.9880080223083496,Strong_Downtrend_LowVol
2025-08-11,Baseline_XGB_0.70,86209.86778463234,0.0015854816167804042,1.0,0.9852622151374816,Strong_Downtrend_LowVol
2025-08-12,Baseline_XGB_0.70,86042.38561619367,-0.0019427261953013364,1.0,0.9842133522033693,Strong_Downtrend_LowVol
2025-08-13,Baseline_XGB_0.70,86067.19863061447,0.0002883812930465357,1.0,0.9842133522033693,Strong_Downtrend_LowVol
2025-08-14,Baseline_XGB_0.70,85636.1018460452,-0.005008839504809015,1.0,0.9842133522033693,Strong_Downtrend_LowVol
2025-08-18,Baseline_XGB_0.70,85291.83925414535,-0.004020063787101846,1.0,0.9858249425888062,Strong_Downtrend_LowVol
2025-08-19,Baseline_XGB_0.70,85446.91112943918,0.001818132621478119,1.0,0.986070454120636,Strong_Downtrend_LowVol
2025-08-20,Baseline_XGB_0.70,88002.5001774027,0.02990850124578759,1.0,0.9712477922439576,Strong_Downtrend_LowVol
2025-08-21,Baseline_XGB_0.70,88126.55767763777,0.001409704269594414,1.0,0.9708141684532166,Strong_Downtrend_LowVol
2025-08-22,Baseline_XGB_0.70,86619.25602103425,-0.01710382995007198,1.0,0.9770167469978333,Strong_Downtrend_LowVol
2025-08-25,Baseline_XGB_0.70,89305.10392987082,0.031007515328743462,1.0,0.9736238718032836,Strong_Downtrend_LowVol
2025-08-26,Baseline_XGB_0.70,89819.93801272496,0.00576488980135359,1.0,0.971051812171936,Strong_Downtrend_LowVol
2025-08-28,Baseline_XGB_0.70,87850.52519649341,-0.021926232190814243,1.0,0.9713123440742492,Strong_Downtrend_LowVol
2025-08-29,Baseline_XGB_0.70,87571.39582096454,-0.0031773216483858002,1.0,0.9690134525299072,Strong_Downtrend_LowVol
2025-09-01,Baseline_XGB_0.70,88436.70142822541,0.009881144398222741,1.0,0.9727265238761902,Strong_Downtrend_LowVol
2025-09-02,Baseline_XGB_0.70,88402.58258691321,-0.0003857995691968208,1.0,0.9643352627754213,Strong_Downtrend_LowVol
2025-09-03,Baseline_XGB_0.70,87968.3813360905,-0.0049116353630938026,1.0,0.9579710960388184,Strong_Downtrend_LowVol
2025-09-04,Baseline_XGB_0.70,87912.55394661095,-0.0006346301777028218,1.0,0.9535793662071228,Strong_Downtrend_LowVol
2025-09-05,Baseline_XGB_0.70,86442.47559757308,-0.016722052574318802,1.0,0.9670253992080688,Strong_Downtrend_LowVol
2025-09-08,Baseline_XGB_0.70,85533.7528939775,-0.010512455795760434,1.0,0.9691795706748962,Strong_Downtrend_LowVol
2025-09-09,Baseline_XGB_0.70,86476.58686701638,0.01102294639412782,1.0,0.9670253992080688,Strong_Downtrend_LowVol
2025-09-10,Baseline_XGB_0.70,88356.06102432506,0.021733907701502186,1.0,0.9643352627754213,Weak_Downtrend
2025-09-11,Baseline_XGB_0.70,88796.46363578574,0.004984407479860842,1.0,0.9641016721725464,Weak_Downtrend
2025-09-12,Baseline_XGB_0.70,89081.79437195258,0.0032133119325243875,1.0,0.9628449082374572,Weak_Downtrend
2025-09-15,Baseline_XGB_0.70,88414.98530818915,-0.007485357344501065,1.0,0.9638316035270692,Weak_Downtrend
2025-09-16,Baseline_XGB_0.70,89463.27269954915,0.01185644478372061,1.0,0.956531822681427,Weak_Uptrend
2025-09-17,Baseline_XGB_0.70,90303.76529238925,0.009394833963460858,1.0,0.937637746334076,Strong_Uptrend_LowVol
2025-09-18,Baseline_XGB_0.70,90424.71832637086,0.0013394018908290395,1.0,0.9417906999588012,Strong_Uptrend_LowVol
2025-09-19,Baseline_XGB_0.70,90192.11051343013,-0.0025723918995376183,1.0,0.942858338356018,Strong_Uptrend_LowVol
2025-09-22,Baseline_XGB_0.70,87233.34216157156,-0.03280517924478543,1.0,0.9547319412231444,Weak_Downtrend
2025-09-23,Baseline_XGB_0.70,86879.77374278031,-0.0040531339282677825,1.0,0.9566178917884828,Strong_Downtrend_LowVol
2025-09-24,Baseline_XGB_0.70,86042.38561619367,-0.009638470388583675,1.0,0.9583116769790648,Strong_Downtrend_LowVol
2025-09-25,Baseline_XGB_0.70,83623.26436161004,-0.02811546004052612,1.0,0.9579023718833924,Strong_Downtrend_LowVol
2025-09-26,Baseline_XGB_0.70,81815.13235317921,-0.021622356197576353,1.0,0.9653401374816896,Strong_Downtrend_LowVol
2025-09-29,Baseline_XGB_0.70,81722.08922800292,-0.0011372361383544805,1.0,0.962936282157898,Strong_Downtrend_LowVol
2025-09-30,Baseline_XGB_0.70,81483.2724825553,-0.00292230347637501,1.0,0.962936282157898,Strong_Downtrend_LowVol
2025-10-01,Baseline_XGB_0.70,82283.4448734452,0.009820081674569492,1.0,0.962936282157898,Strong_Downtrend_LowVol
2025-10-03,Baseline_XGB_0.70,81901.96654584861,-0.004636149205752282,1.0,0.962936282157898,Strong_Downtrend_LowVol
2025-10-06,Baseline_XGB_0.70,84584.70998843174,0.03275554367893396,1.0,0.968123733997345,Strong_Downtrend_HighVol
2025-10-07,Baseline_XGB_0.70,84128.8001894417,-0.005389978863229561,1.0,0.9727320671081544,Strong_Downtrend_HighVol
2025-10-08,Baseline_XGB_0.70,85788.06925508557,0.019722961244039272,1.0,0.9827795028686525,Weak_Downtrend
2025-10-09,Baseline_XGB_0.70,86858.06519461297,0.012472549491070017,1.0,0.9763903617858888,Weak_Uptrend
2025-10-10,Baseline_XGB_0.70,85822.18809639779,-0.011926089947942087,1.0,0.977544903755188,Weak_Downtrend
2025-10-13,Baseline_XGB_0.70,85167.7817539103,-0.007625141667938373,1.0,0.9746813774108888,Strong_Downtrend_HighVol
2025-10-14,Baseline_XGB_0.70,83713.2105924018,-0.01707888982844996,1.0,0.9604268074035645,Strong_Downtrend_HighVol
2025-10-15,Baseline_XGB_0.70,84007.84715546007,0.0035195945893515823,1.0,0.9647738337516784,Strong_Downtrend_HighVol
2025-10-16,Baseline_XGB_0.70,84035.7570642654,0.00033222978269731307,1.0,0.9654051661491394,Strong_Downtrend_HighVol
2025-10-17,Baseline_XGB_0.70,83772.13487626589,-0.00313702401464544,1.0,0.9611329436302184,Strong_Downtrend_HighVol
2025-10-20,Baseline_XGB_0.70,85415.8967543804,0.019621821510725557,1.0,0.9703359007835388,Weak_Downtrend
2025-10-21,Baseline_XGB_0.70,85152.2745663809,-0.003086336361456943,1.0,0.9728695750236512,Weak_Downtrend
2025-10-23,Baseline_XGB_0.70,87214.73050778874,0.024220796824400148,1.0,0.9475018382072448,Weak_Uptrend
2025-10-24,Baseline_XGB_0.70,86904.5867572011,-0.0035560936642455854,1.0,0.9506400227546692,Weak_Uptrend
2025-10-27,Baseline_XGB_0.70,87577.59718160251,0.00774424514878258,1.0,0.9327623844146729,Weak_Uptrend
2025-10-28,Baseline_XGB_0.70,86740.20905501586,-0.009561670490345064,1.0,0.9506400227546692,Weak_Uptrend
2025-10-29,Baseline_XGB_0.70,86730.91079999338,-0.00010719659456415176,1.0,0.9506400227546692,Weak_Uptrend
2025-10-30,Baseline_XGB_0.70,86039.28872180913,-0.007974343539169815,1.0,0.9624971151351928,Weak_Downtrend
2025-10-31,Baseline_XGB_0.70,86743.31352126932,0.008182596694127797,1.0,0.9663246273994446,Weak_Uptrend
2025-11-03,Baseline_XGB_0.70,85465.522783222,-0.014730711638471172,1.0,0.9699298739433287,Weak_Downtrend
2025-11-04,Baseline_XGB_0.70,84640.5373779113,-0.009652844544147055,1.0,0.966317057609558,Strong_Downtrend_LowVol
2025-11-06,Baseline_XGB_0.70,85282.53342725395,0.007584971329709367,1.0,0.963252067565918,Strong_Downtrend_LowVol
2025-11-07,Baseline_XGB_0.70,84690.1634067529,-0.006945971193577982,1.0,0.9678396582603456,Strong_Downtrend_LowVol
2025-11-10,Baseline_XGB_0.70,85726.04050496806,0.012231374418774088,1.0,0.9661006927490234,Weak_Downtrend
2025-11-11,Baseline_XGB_0.70,86402.1553956229,0.007886925450798943,1.0,0.9406864643096924,Weak_Uptrend
2025-11-12,Baseline_XGB_0.70,89032.1759149799,0.03043929294720149,1.0,0.8606312274932861,Strong_Uptrend_LowVol
2025-11-13,Baseline_XGB_0.70,88222.69769719859,-0.009091973878683102,1.0,0.8599051833152771,Strong_Uptrend_LowVol
2025-11-14,Baseline_XGB_0.70,88232.00352409,0.0001054810965241959,1.0,0.8599051833152771,Strong_Uptrend_LowVol
2025-11-17,Baseline_XGB_0.70,88114.14738449291,-0.0013357527301860461,1.0,0.8599051833152771,Strong_Uptrend_LowVol
2025-11-18,Baseline_XGB_0.70,87645.83486422691,-0.005314839150885486,1.0,0.9306931495666504,Strong_Uptrend_LowVol
2025-11-19,Baseline_XGB_0.70,89525.30144966669,0.02144387794755187,1.0,0.8328841328620911,Strong_Uptrend_LowVol
2025-11-20,Baseline_XGB_0.70,89435.36279074383,-0.0010046172139773768,1.0,0.9005966186523438,Strong_Uptrend_LowVol
2025-11-21,Baseline_XGB_0.70,89615.24768045846,0.0020113396323500066,1.0,0.9034711718559264,Strong_Uptrend_LowVol
2025-11-24,Baseline_XGB_0.70,89323.70801178472,-0.0032532373253408853,1.0,0.91062593460083,Strong_Uptrend_LowVol
2025-11-25,Baseline_XGB_0.70,88641.39176049191,-0.007638691524122443,1.0,0.9159547090530396,Strong_Uptrend_LowVol
2025-11-26,Baseline_XGB_0.70,89996.71843618613,0.015289997694940327,1.0,0.9081119894981384,Strong_Uptrend_LowVol
2025-11-27,Baseline_XGB_0.70,89181.04642963575,-0.009063352761342514,1.0,0.9089021682739258,Strong_Uptrend_LowVol
2025-11-28,Baseline_XGB_0.70,89208.95633844107,0.00031295785284757294,1.0,0.91062593460083,Strong_Uptrend_LowVol
2025-12-01,Baseline_XGB_0.70,89081.79437195258,-0.0014254394593079533,1.0,0.9055212140083312,Strong_Uptrend_LowVol
2025-12-02,Baseline_XGB_0.70,89153.12894896152,0.0008007761575961059,1.0,0.9086408615112304,Strong_Uptrend_LowVol
2025-12-03,Baseline_XGB_0.70,90527.06727843857,0.015410993934532602,1.0,0.9030855298042296,Strong_Uptrend_LowVol
2025-12-04,Baseline_XGB_0.70,92052.97301695599,0.016855795558074593,1.0,0.8852713108062744,Strong_Uptrend_LowVol
2025-12-05,Baseline_XGB_0.70,92332.10239248487,0.0030322689901332023,1.0,0.8541183471679688,Strong_Uptrend_LowVol
2025-12-08,Baseline_XGB_0.70,92279.37946925875,-0.0005710140011975229,1.0,0.9100547432899476,Strong_Uptrend_LowVol
2025-12-09,Baseline_XGB_0.70,91404.77560697538,-0.009477782223001774,1.0,0.9096060395240784,Strong_Uptrend_LowVol
2025-12-10,Baseline_XGB_0.70,90812.39801460541,-0.006480816657951194,1.0,0.9117956757545472,Strong_Uptrend_LowVol
2025-12-11,Baseline_XGB_0.70,90896.1353128903,0.0009220910372989,1.0,0.911511480808258,Strong_Uptrend_LowVol
2025-12-12,Baseline_XGB_0.70,91783.14946831852,0.009758546415365776,1.0,0.9147669672966005,Strong_Uptrend_LowVol
2025-12-15,Baseline_XGB_0.70,92083.98739201477,0.003277703210654126,1.0,0.9173659682273864,Strong_Uptrend_LowVol
2025-12-16,Baseline_XGB_0.70,91305.53112116111,-0.008453763709641016,1.0,0.915477454662323,Strong_Uptrend_LowVol
2025-12-17,Baseline_XGB_0.70,91699.41217003364,0.004313879389736597,1.0,0.912119209766388,Strong_Uptrend_LowVol
2025-12-18,Baseline_XGB_0.70,93653.3177987358,0.02130772250839663,1.0,0.8625403046607971,Strong_Uptrend_LowVol
2025-12-19,Baseline_XGB_0.70,93690.53353443253,0.0003973776537922191,1.0,0.8110222816467285,Strong_Uptrend_LowVol
2025-12-22,Baseline_XGB_0.70,95021.04719570596,0.01420115363933161,1.0,0.7777234315872192,Strong_Uptrend_LowVol
2025-12-23,Baseline_XGB_0.70,94558.93603607792,-0.0048632505457056885,1.0,0.6881771087646484,Strong_Uptrend_LowVol
2025-12-24,Baseline_XGB_0.70,94838.06541160682,0.002951909012834042,1.0,0.6359147429466248,Strong_Uptrend_LowVol
2025-12-26,Baseline_XGB_0.70,93628.504784315,-0.012753957201069088,1.0,0.5904250741004944,Strong_Uptrend_LowVol
2025-12-29,Baseline_XGB_0.70,92744.59509514022,-0.009440604559594057,1.0,0.6342337727546692,Strong_Uptrend_LowVol
2025-12-30,Baseline_XGB_0.70,92598.8290467378,-0.001571693188728629,1.0,0.6397947669029236,Strong_Uptrend_LowVol
2025-12-31,Baseline_XGB_0.70,91339.64239060441,-0.013598299990357665,1.0,0.6781485676765442,Strong_Uptrend_LowVol
2026-01-01,Baseline_XGB_0.70,91997.14562747644,0.007198443300886703,1.0,0.6353537440299988,Strong_Uptrend_LowVol
2026-01-02,Baseline_XGB_0.70,92719.78208071944,0.007854987764176702,1.0,0.6343141794204712,Strong_Uptrend_LowVol
2026-01-05,Baseline_XGB_0.70,91646.68924680752,-0.011573504702348303,1.0,0.7173580527305603,Strong_Uptrend_LowVol
2026-01-06,Baseline_XGB_0.70,92877.9584222667,0.013434955322208397,1.0,0.7044039964675903,Strong_Uptrend_LowVol
2026-01-07,Baseline_XGB_0.70,94112.3320639793,0.01329027535360483,1.0,0.6318003535270691,Strong_Uptrend_LowVol
2026-01-08,Baseline_XGB_0.70,91268.30781359547,-0.030219464208478097,1.0,0.8231950402259827,Weak_Uptrend
2026-01-09,Baseline_XGB_0.70,91389.268419446,0.0013253297749047377,1.0,0.8598480820655823,Weak_Uptrend
2026-01-12,Baseline_XGB_0.70,92375.52706068849,0.010791843050060201,1.0,0.8318573236465454,Strong_Uptrend_LowVol
2026-01-13,Baseline_XGB_0.70,93256.33228360984,0.009535049497933379,1.0,0.8175870180130005,Strong_Uptrend_LowVol
2026-01-14,Baseline_XGB_0.70,90914.74696667312,-0.025109129424214616,1.0,0.827639102935791,Weak_Uptrend
2026-01-15,Baseline_XGB_0.70,90914.74696667312,0.0,1.0,0.8406797647476196,Weak_Uptrend
2026-01-19,Baseline_XGB_0.70,90018.4345562224,-0.009858823132173233,1.0,0.869513213634491,Weak_Downtrend
2026-01-20,Baseline_XGB_0.70,88117.25185074635,-0.02111992632229831,1.0,0.8401575088500977,Strong_Downtrend_LowVol
2026-01-21,Baseline_XGB_0.70,88746.84517881305,0.007144949653367538,1.0,0.8438032865524292,Strong_Downtrend_LowVol
2026-01-22,Baseline_XGB_0.70,89609.03874795158,0.009715202466085593,1.0,0.8300250172615051,Strong_Downtrend_LowVol
2026-01-23,Baseline_XGB_0.70,89984.31571491019,0.004187936531873548,1.0,0.8224173784255981,Weak_Downtrend
2026-01-27,Baseline_XGB_0.70,89844.75102714574,-0.001550989043542006,1.0,0.8477258086204529,Strong_Downtrend_LowVol
2026-01-28,Baseline_XGB_0.70,91150.4592458673,0.014532938249526062,1.0,0.9137017726898192,Weak_Downtrend
2026-01-29,Baseline_XGB_0.70,89422.95249759899,-0.018952255013971686,1.0,0.8514362573623657,Strong_Downtrend_LowVol
2026-01-30,Baseline_XGB_0.70,88787.15780889432,-0.007109972003236487,1.0,0.8841233253479004,Strong_Downtrend_LowVol
2026-02-02,Baseline_XGB_0.70,90204.52080657498,0.01596360366362215,1.0,0.8755874633789062,Weak_Downtrend
2026-02-03,Baseline_XGB_0.70,91932.01998297438,0.01915091572964145,1.0,0.8813784718513489,Weak_Uptrend
2026-02-04,Baseline_XGB_0.70,84916.56985905566,-0.07631128006561771,1.0,0.5002995729446411,Strong_Downtrend_HighVol
2026-02-05,Baseline_XGB_0.70,85127.76799767866,0.002487125174433613,0.0,0.4957831799983978,Strong_Downtrend_HighVol
2026-02-06,Baseline_XGB_0.70,85127.76799767866,0.0,0.0,0.5736830234527588,Strong_Downtrend_HighVol
2026-02-09,Baseline_XGB_0.70,85127.76799767866,0.0,0.0,0.5795756578445435,Strong_Downtrend_HighVol
2026-02-10,Baseline_XGB_0.70,85127.76799767866,0.0,0.0,0.6162283420562744,Strong_Downtrend_HighVol
2026-02-11,Baseline_XGB_0.70,85127.76799767866,0.0,0.0,0.6090642809867859,Strong_Downtrend_HighVol
2026-02-12,Baseline_XGB_0.70,85127.76799767866,0.0,0.0,0.575156569480896,Strong_Downtrend_HighVol
2026-02-13,Baseline_XGB_0.70,85127.76799767866,0.0,0.0,0.6834486126899719,Strong_Downtrend_HighVol
2026-02-16,Baseline_XGB_0.70,85127.76799767866,0.0,0.0,0.6886090040206909,Strong_Downtrend_HighVol
2026-02-17,Baseline_XGB_0.70,85127.76799767866,0.0,0.0,0.6886090040206909,Strong_Downtrend_HighVol
2026-02-18,Baseline_XGB_0.70,85127.76799767866,0.0,0.0,0.6886090040206909,Strong_Downtrend_HighVol
2026-02-19,Baseline_XGB_0.70,85127.76799767866,0.0,0.0,0.6999552249908447,Strong_Downtrend_HighVol
2026-02-20,Baseline_XGB_0.70,85127.76799767866,0.0,0.0,0.6886090040206909,Strong_Downtrend_HighVol
2026-02-23,Baseline_XGB_0.70,85077.7929851849,-0.0005870588841835334,1.0,0.7108128666877747,Strong_Downtrend_HighVol
2026-02-24,Baseline_XGB_0.70,81246.05433953003,-0.045038058830723426,1.0,0.5692920088768005,Strong_Downtrend_HighVol
2026-02-25,Baseline_XGB_0.70,83322.51476947447,0.025557677192135753,1.0,0.7124689221382141,Strong_Downtrend_HighVol
2026-02-26,Baseline_XGB_0.70,84009.68387064859,0.00824709987540917,1.0,0.7124689221382141,Strong_Downtrend_HighVol
2026-02-27,Baseline_XGB_0.70,83625.0146934409,-0.004578867095845429,1.0,0.7124689221382141,Strong_Downtrend_HighVol
2026-03-02,Baseline_XGB_0.70,82732.44069468364,-0.010673528752483064,1.0,0.7124689221382141,Strong_Downtrend_HighVol
2026-03-04,Baseline_XGB_0.70,81772.64145134715,-0.01160124414651964,1.0,0.612808108329773,Strong_Downtrend_HighVol
2026-03-05,Baseline_XGB_0.70,81436.52434621112,-0.004110385810833894,1.0,0.6381790041923523,Strong_Downtrend_HighVol
2026-03-06,Baseline_XGB_0.70,80644.78365544268,-0.009722181749831527,1.0,0.551450788974762,Strong_Downtrend_HighVol
2026-03-09,Baseline_XGB_0.70,79516.91674177817,-0.013985615219495817,1.0,0.5580520033836365,Strong_Downtrend_HighVol
2026-03-10,Baseline_XGB_0.70,78982.87130227002,-0.006716123579620148,1.0,0.5968901515007019,Strong_Downtrend_HighVol
2026-03-11,Baseline_XGB_0.70,77182.77017833343,-0.022791031704172182,1.0,0.566049337387085,Strong_Downtrend_HighVol
2026-03-12,Baseline_XGB_0.70,76342.47741549333,-0.010887051098303235,1.0,0.566049337387085,Strong_Downtrend_HighVol
2026-03-13,Baseline_XGB_0.70,75151.13265661514,-0.01560526720130262,1.0,0.5712043642997742,Strong_Downtrend_LowVol
2026-03-16,Baseline_XGB_0.70,75102.5805845435,-0.0006460590859420634,1.0,0.6871795058250427,Strong_Downtrend_LowVol
2026-03-17,Baseline_XGB_0.70,74449.01954677896,-0.008702244752146981,1.0,0.6576871871948242,Strong_Downtrend_LowVol
2026-03-18,Baseline_XGB_0.70,76282.72873412515,0.024630400756238346,1.0,0.7019193172454834,Strong_Downtrend_LowVol
2026-03-19,Baseline_XGB_0.70,73115.75685329133,-0.04151623746801125,1.0,0.5775954127311707,Strong_Downtrend_HighVol
2026-03-20,Baseline_XGB_0.70,74407.94403791835,0.017673169782264964,1.0,0.6877574324607849,Strong_Downtrend_HighVol
2026-03-23,Baseline_XGB_0.70,74153.98706826355,-0.003413035703894507,1.0,0.7112821340560913,Strong_Downtrend_HighVol
2026-03-24,Baseline_XGB_0.70,74714.18224349029,0.007554484895209157,1.0,0.6829464435577393,Strong_Downtrend_HighVol
2026-03-25,Baseline_XGB_0.70,73914.9649895108,-0.01069699526891521,1.0,0.653741180896759,Strong_Downtrend_HighVol
2026-03-27,Baseline_XGB_0.70,74378.06513835426,0.006265309723263446,1.0,0.7112821340560913,Strong_Downtrend_LowVol
2026-03-30,Baseline_XGB_0.70,73224.05760673116,-0.01551542823111185,1.0,0.6110193729400635,Strong_Downtrend_LowVol
2026-04-01,Baseline_XGB_0.70,75065.23423952838,0.02514442237940062,1.0,0.7300910949707031,Strong_Downtrend_HighVol
2026-04-02,Baseline_XGB_0.70,76652.4539026708,0.021144537537546304,1.0,0.7165637016296387,Strong_Downtrend_HighVol
2026-04-06,Baseline_XGB_0.70,77518.88728346948,0.01130340043514888,1.0,0.7161281704902649,Strong_Downtrend_HighVol
2026-04-07,Baseline_XGB_0.70,79980.01689062161,0.031748773665343455,1.0,0.6689889430999756,Strong_Downtrend_HighVol
2026-04-08,Baseline_XGB_0.70,80704.53233681085,0.009058705841236137,1.0,0.6941644549369812,Strong_Downtrend_HighVol
2026-04-09,Baseline_XGB_0.70,81817.4552418133,0.013790091743023591,1.0,0.6637793183326721,Strong_Downtrend_HighVol
2026-04-10,Baseline_XGB_0.70,79401.14854288731,-0.02953289969462547,1.0,0.6532869338989258,Strong_Downtrend_HighVol
2026-04-13,Baseline_XGB_0.70,77470.34432915783,-0.024317081668996154,1.0,0.6508364081382751,Strong_Downtrend_HighVol
2026-04-15,Baseline_XGB_0.70,80543.94122969385,0.03967449644314036,1.0,0.6926448345184326,Strong_Downtrend_HighVol
2026-04-16,Baseline_XGB_0.70,81365.5608200264,0.01020088634587002,1.0,0.6949173808097839,Weak_Downtrend
2026-04-17,Baseline_XGB_0.70,81537.35765419994,0.0021114195298614913,1.0,0.6459495425224304,Weak_Downtrend
2026-04-20,Baseline_XGB_0.70,81466.40324577522,-0.0008702073560641344,1.0,0.6459495425224304,Weak_Downtrend
2026-04-21,Baseline_XGB_0.70,82620.40165963829,0.014165329115875869,1.0,0.6525094509124756,Weak_Uptrend
2026-04-22,Baseline_XGB_0.70,79931.46481854995,-0.0325456762140377,1.0,0.6565937995910645,Weak_Downtrend
2026-04-23,Baseline_XGB_0.70,79307.78268034953,-0.007802711230380011,1.0,0.6608477234840393,Strong_Downtrend_HighVol
2026-04-24,Baseline_XGB_0.70,74643.21871730556,-0.058815967429634464,1.0,0.7503103017807007,Strong_Downtrend_HighVol
2026-04-27,Baseline_XGB_0.70,76536.68570377993,0.02536689894959454,1.0,0.8387162685394287,Strong_Downtrend_HighVol
2026-04-28,Baseline_XGB_0.70,76428.3758325801,-0.0014151366786252506,1.0,0.8352342247962952,Strong_Downtrend_HighVol
2026-04-29,Baseline_XGB_0.70,77548.76618303357,0.014659350512795655,1.0,0.8270660042762756,Strong_Downtrend_HighVol
2026-04-30,Baseline_XGB_0.70,78522.80602407003,0.012560352523694363,0.0,0.4491945803165436,Weak_Downtrend
2026-05-01,Baseline_XGB_0.70,78522.80602407003,0.0,0.0,0.4491945803165436,Weak_Downtrend
2026-05-05,Baseline_XGB_0.70,78522.80602407003,0.0,0.0,0.5745407938957214,Strong_Downtrend_HighVol
2026-05-06,Baseline_XGB_0.70,78522.80602407003,0.0,0.0,0.5760684609413147,Strong_Downtrend_HighVol
2026-05-07,Baseline_XGB_0.70,78472.83101157627,-0.0006364394629305714,1.0,0.935778558254242,Strong_Downtrend_HighVol
2026-05-08,Baseline_XGB_0.70,78137.00308112019,-0.0037127622335564325,1.0,0.9373458623886108,Strong_Downtrend_HighVol
2023-02-03,Exclude_Strong_Downtrend_LowVol,100000.0,0.0,0.0,0.4088793396949768,Strong_Uptrend_HighVol
2023-02-06,Exclude_Strong_Downtrend_LowVol,100000.0,0.0,0.0,0.3988363146781921,Strong_Uptrend_LowVol
2023-02-07,Exclude_Strong_Downtrend_LowVol,100000.0,0.0,0.0,0.4039197564125061,Strong_Uptrend_LowVol
2023-02-08,Exclude_Strong_Downtrend_LowVol,100000.0,0.0,0.0,0.2952230274677276,Strong_Uptrend_LowVol
2023-02-09,Exclude_Strong_Downtrend_LowVol,100000.0,0.0,0.0,0.2863130271434784,Strong_Uptrend_LowVol
2023-02-10,Exclude_Strong_Downtrend_LowVol,100000.0,0.0,0.0,0.2909234464168548,Strong_Uptrend_LowVol
2023-02-13,Exclude_Strong_Downtrend_LowVol,100000.0,0.0,0.0,0.2294507175683975,Strong_Uptrend_LowVol
2023-02-14,Exclude_Strong_Downtrend_LowVol,100000.0,0.0,0.0,0.3302276730537414,Strong_Uptrend_LowVol
2023-02-15,Exclude_Strong_Downtrend_LowVol,100000.0,0.0,0.0,0.3378582596778869,Strong_Uptrend_LowVol
2023-02-16,Exclude_Strong_Downtrend_LowVol,100000.0,0.0,0.0,0.3549425303936004,Strong_Uptrend_LowVol
2023-02-17,Exclude_Strong_Downtrend_LowVol,100000.0,0.0,0.0,0.2489628791809082,Strong_Uptrend_LowVol
2023-02-20,Exclude_Strong_Downtrend_LowVol,100000.0,0.0,0.0,0.2929953932762146,Strong_Uptrend_LowVol
2023-02-21,Exclude_Strong_Downtrend_LowVol,100000.0,0.0,0.0,0.1825983077287674,Strong_Uptrend_LowVol
2023-02-22,Exclude_Strong_Downtrend_LowVol,100000.0,0.0,0.0,0.4928011000156402,Weak_Uptrend
2023-02-23,Exclude_Strong_Downtrend_LowVol,100000.0,0.0,0.0,0.4355315566062927,Strong_Uptrend_LowVol
2023-02-24,Exclude_Strong_Downtrend_LowVol,100000.0,0.0,0.0,0.4860202372074127,Weak_Uptrend
2023-02-27,Exclude_Strong_Downtrend_LowVol,100000.0,0.0,0.0,0.3203698992729187,Strong_Downtrend_LowVol
2023-02-28,Exclude_Strong_Downtrend_LowVol,100000.0,0.0,0.0,0.4484154284000397,Strong_Downtrend_LowVol
2023-03-01,Exclude_Strong_Downtrend_LowVol,100000.0,0.0,0.0,0.5300629138946533,Weak_Uptrend
2023-03-02,Exclude_Strong_Downtrend_LowVol,100000.0,0.0,0.0,0.440104991197586,Strong_Downtrend_LowVol
2023-03-03,Exclude_Strong_Downtrend_LowVol,100000.0,0.0,0.0,0.3472266495227813,Strong_Downtrend_LowVol
2023-03-06,Exclude_Strong_Downtrend_LowVol,100000.0,0.0,0.0,0.5566051006317139,Weak_Downtrend
2023-03-08,Exclude_Strong_Downtrend_LowVol,100000.0,0.0,0.0,0.5375850796699524,Weak_Uptrend
2023-03-09,Exclude_Strong_Downtrend_LowVol,100000.0,0.0,0.0,0.3203698992729187,Strong_Downtrend_LowVol
2023-03-10,Exclude_Strong_Downtrend_LowVol,100000.0,0.0,0.0,0.4161155521869659,Strong_Downtrend_LowVol
2023-03-13,Exclude_Strong_Downtrend_LowVol,100000.0,0.0,0.0,0.452767014503479,Strong_Downtrend_LowVol
2023-03-14,Exclude_Strong_Downtrend_LowVol,100000.0,0.0,0.0,0.4399172663688659,Strong_Downtrend_LowVol
2023-03-15,Exclude_Strong_Downtrend_LowVol,100000.0,0.0,0.0,0.4191609621047973,Strong_Downtrend_LowVol
2023-03-16,Exclude_Strong_Downtrend_LowVol,100000.0,0.0,0.0,0.4191609621047973,Strong_Downtrend_LowVol
2023-03-17,Exclude_Strong_Downtrend_LowVol,100000.0,0.0,0.0,0.4160205423831939,Strong_Downtrend_LowVol
2023-03-20,Exclude_Strong_Downtrend_LowVol,100000.0,0.0,0.0,0.4828085303306579,Strong_Downtrend_LowVol
2023-03-21,Exclude_Strong_Downtrend_LowVol,100000.0,0.0,0.0,0.8460187315940857,Strong_Downtrend_LowVol
2023-03-22,Exclude_Strong_Downtrend_LowVol,100000.0,0.0,0.0,0.5559381246566772,Strong_Downtrend_LowVol
2023-03-23,Exclude_Strong_Downtrend_LowVol,100000.0,0.0,0.0,0.583052933216095,Strong_Downtrend_LowVol
2023-03-24,Exclude_Strong_Downtrend_LowVol,100000.0,0.0,0.0,0.7248117923736572,Strong_Downtrend_LowVol
2023-03-27,Exclude_Strong_Downtrend_LowVol,100000.0,0.0,0.0,0.5973241925239563,Strong_Downtrend_LowVol
2023-03-28,Exclude_Strong_Downtrend_LowVol,100000.0,0.0,0.0,0.7373450398445129,Strong_Downtrend_LowVol
2023-03-29,Exclude_Strong_Downtrend_LowVol,100000.0,0.0,0.0,0.5428194999694824,Strong_Downtrend_LowVol
2023-03-31,Exclude_Strong_Downtrend_LowVol,100000.0,0.0,0.0,0.5741578936576843,Strong_Downtrend_LowVol
2023-04-03,Exclude_Strong_Downtrend_LowVol,100000.0,0.0,0.0,0.5788522958755493,Strong_Downtrend_LowVol
2023-04-05,Exclude_Strong_Downtrend_LowVol,100000.0,0.0,0.0,0.5852863192558289,Strong_Downtrend_LowVol
2023-04-06,Exclude_Strong_Downtrend_LowVol,100000.0,0.0,0.0,0.5703712105751038,Strong_Downtrend_LowVol
2023-04-10,Exclude_Strong_Downtrend_LowVol,100000.0,0.0,0.0,0.3481518030166626,Strong_Downtrend_LowVol
2023-04-11,Exclude_Strong_Downtrend_LowVol,100000.0,0.0,0.0,0.5909472107887268,Strong_Downtrend_LowVol
2023-04-12,Exclude_Strong_Downtrend_LowVol,100000.0,0.0,0.0,0.5936771035194397,Strong_Downtrend_LowVol
2023-04-13,Exclude_Strong_Downtrend_LowVol,100000.0,0.0,0.0,0.7052000761032104,Strong_Downtrend_LowVol
2023-04-17,Exclude_Strong_Downtrend_LowVol,100000.0,0.0,0.0,0.7567696571350098,Strong_Downtrend_LowVol
2023-04-18,Exclude_Strong_Downtrend_LowVol,100000.0,0.0,0.0,0.7596873044967651,Strong_Downtrend_LowVol
2023-04-19,Exclude_Strong_Downtrend_LowVol,100000.0,0.0,0.0,0.8683376312255859,Strong_Downtrend_LowVol
2023-04-20,Exclude_Strong_Downtrend_LowVol,100000.0,0.0,0.0,0.8610784411430359,Strong_Downtrend_LowVol
2023-04-21,Exclude_Strong_Downtrend_LowVol,100000.0,0.0,0.0,0.7217678427696228,Strong_Downtrend_LowVol
2023-04-24,Exclude_Strong_Downtrend_LowVol,100000.0,0.0,0.0,0.7096953988075256,Strong_Downtrend_LowVol
2023-04-25,Exclude_Strong_Downtrend_LowVol,100000.0,0.0,0.0,0.7394176125526428,Strong_Downtrend_LowVol
2023-04-26,Exclude_Strong_Downtrend_LowVol,100000.0,0.0,0.0,0.7610393762588501,Strong_Downtrend_LowVol
2023-04-27,Exclude_Strong_Downtrend_LowVol,100000.0,0.0,0.0,0.7646691799163818,Strong_Downtrend_LowVol
2023-04-28,Exclude_Strong_Downtrend_LowVol,100000.0,0.0,0.0,0.7348763346672058,Strong_Downtrend_LowVol
2023-05-02,Exclude_Strong_Downtrend_LowVol,100000.0,0.0,0.0,0.7429382801055908,Strong_Downtrend_LowVol
2023-05-03,Exclude_Strong_Downtrend_LowVol,100000.0,0.0,0.0,0.7616283297538757,Strong_Downtrend_LowVol
2023-05-04,Exclude_Strong_Downtrend_LowVol,99950.02498750624,-0.0004997501249375258,1.0,0.8064464330673218,Weak_Downtrend
2023-05-05,Exclude_Strong_Downtrend_LowVol,100260.36133209847,0.0031049151276452136,1.0,0.7854087352752686,Weak_Downtrend
2023-05-08,Exclude_Strong_Downtrend_LowVol,100877.93520377956,0.006159701236617909,1.0,0.7746586203575134,Weak_Uptrend
2023-05-09,Exclude_Strong_Downtrend_LowVol,101891.18033824484,0.010044269169650066,1.0,0.7382107377052307,Strong_Uptrend_LowVol
2023-05-10,Exclude_Strong_Downtrend_LowVol,102001.35125588927,0.0010812605887839943,1.0,0.7305935621261597,Strong_Uptrend_LowVol
2023-05-11,Exclude_Strong_Downtrend_LowVol,101857.04030971134,-0.0014147944551822222,1.0,0.7268916964530945,Strong_Uptrend_LowVol
2023-05-12,Exclude_Strong_Downtrend_LowVol,101613.43082514897,-0.0023916803769443717,1.0,0.7337984442710876,Strong_Uptrend_LowVol
2023-05-15,Exclude_Strong_Downtrend_LowVol,101016.03336180894,-0.005879119113377906,1.0,0.7231079936027527,Strong_Uptrend_LowVol
2023-05-16,Exclude_Strong_Downtrend_LowVol,101112.23308268997,0.0009523213066233716,1.0,0.7292661666870117,Strong_Uptrend_LowVol
2023-05-17,Exclude_Strong_Downtrend_LowVol,99577.62137399557,-0.015177310023796853,1.0,0.7508922815322876,Weak_Downtrend
2023-05-18,Exclude_Strong_Downtrend_LowVol,99302.97825497399,-0.0027580807337229674,1.0,0.7508922815322876,Weak_Downtrend
2023-05-19,Exclude_Strong_Downtrend_LowVol,100016.75184753613,0.007187836710490503,1.0,0.7432464361190796,Weak_Uptrend
2023-05-22,Exclude_Strong_Downtrend_LowVol,102370.64847532567,0.02353502372660321,1.0,0.7257418632507324,Strong_Uptrend_LowVol
2023-05-23,Exclude_Strong_Downtrend_LowVol,102319.44600909631,-0.0005001674502599363,1.0,0.6939955353736877,Strong_Uptrend_LowVol
2023-05-24,Exclude_Strong_Downtrend_LowVol,102514.95942150359,0.0019108138289753995,1.0,0.7207121849060059,Strong_Uptrend_LowVol
2023-05-25,Exclude_Strong_Downtrend_LowVol,102209.27509145188,-0.0029818509588912523,1.0,0.8104223608970642,Strong_Uptrend_LowVol
2023-05-26,Exclude_Strong_Downtrend_LowVol,103307.86272068002,0.010748414253453742,1.0,0.6894106864929199,Strong_Uptrend_LowVol
2023-05-29,Exclude_Strong_Downtrend_LowVol,103042.5312073104,-0.002568357396832477,1.0,0.6050480008125305,Strong_Uptrend_LowVol
2023-05-30,Exclude_Strong_Downtrend_LowVol,102913.73707836207,-0.0012499123171694215,1.0,0.6654424667358398,Strong_Uptrend_LowVol
2023-05-31,Exclude_Strong_Downtrend_LowVol,102085.140553615,-0.008051369508777495,1.0,0.7413299679756165,Strong_Uptrend_LowVol
2023-06-01,Exclude_Strong_Downtrend_LowVol,103155.8009424582,0.010487916096671102,1.0,0.6331649422645569,Strong_Uptrend_LowVol
2023-06-02,Exclude_Strong_Downtrend_LowVol,102584.78509903686,-0.0055354700191786455,1.0,0.7249521017074585,Strong_Uptrend_LowVol
2023-06-05,Exclude_Strong_Downtrend_LowVol,102066.5173423111,-0.00505209184993094,1.0,0.7335050702095032,Strong_Uptrend_LowVol
2023-06-06,Exclude_Strong_Downtrend_LowVol,100310.01817786161,-0.017209357291564364,1.0,0.7835277318954468,Weak_Uptrend
2023-06-07,Exclude_Strong_Downtrend_LowVol,101632.04645988198,0.013179424209416979,1.0,0.6960992217063904,Strong_Uptrend_LowVol
2023-06-08,Exclude_Strong_Downtrend_LowVol,100438.804730239,-0.011740801953781355,1.0,0.7407364249229431,Weak_Uptrend
2023-06-09,Exclude_Strong_Downtrend_LowVol,99596.24458529947,-0.008388791037512888,1.0,0.7269986271858215,Weak_Downtrend
2023-06-12,Exclude_Strong_Downtrend_LowVol,100763.10469502372,0.011715904696837143,1.0,0.6989220380783081,Weak_Uptrend
2023-06-13,Exclude_Strong_Downtrend_LowVol,100663.79858006838,-0.000985540444152666,1.0,0.721635639667511,Weak_Uptrend
2023-06-14,Exclude_Strong_Downtrend_LowVol,100891.89882397205,0.002265961021947982,1.0,0.721635639667511,Weak_Uptrend
2023-06-15,Exclude_Strong_Downtrend_LowVol,99813.48002651404,-0.01068885420958876,1.0,0.6866448521614075,Weak_Downtrend
2023-06-16,Exclude_Strong_Downtrend_LowVol,98378.68301395964,-0.014374781965053818,0.0,0.5717784762382507,Strong_Downtrend_LowVol
2023-06-19,Exclude_Strong_Downtrend_LowVol,98378.68301395964,0.0,0.0,0.6193033456802368,Weak_Downtrend
2023-06-20,Exclude_Strong_Downtrend_LowVol,98378.68301395964,0.0,0.0,0.6308046579360962,Weak_Downtrend
2023-06-21,Exclude_Strong_Downtrend_LowVol,98378.68301395964,0.0,0.0,0.6052206158638,Weak_Uptrend
2023-06-22,Exclude_Strong_Downtrend_LowVol,98378.68301395964,0.0,0.0,0.6160092353820801,Weak_Uptrend
2023-06-23,Exclude_Strong_Downtrend_LowVol,98378.68301395964,0.0,0.0,0.6131813526153564,Weak_Downtrend
2023-06-26,Exclude_Strong_Downtrend_LowVol,98378.68301395964,0.0,0.0,0.5295272469520569,Strong_Downtrend_LowVol
2023-06-27,Exclude_Strong_Downtrend_LowVol,98378.68301395964,0.0,0.0,0.5450921058654785,Strong_Downtrend_LowVol
2023-06-28,Exclude_Strong_Downtrend_LowVol,98378.68301395964,0.0,0.0,0.6483217477798462,Weak_Downtrend
2023-06-30,Exclude_Strong_Downtrend_LowVol,98328.70800146589,-0.0005079861913446226,1.0,0.8203039765357971,Strong_Uptrend_LowVol
2023-07-03,Exclude_Strong_Downtrend_LowVol,97422.20535387607,-0.009219104633982456,1.0,0.8496456742286682,Weak_Uptrend
2023-07-04,Exclude_Strong_Downtrend_LowVol,98528.4748046038,0.011355413755101518,1.0,0.7350045442581177,Strong_Uptrend_LowVol
2023-07-05,Exclude_Strong_Downtrend_LowVol,98864.4368414709,0.0034097963815371557,1.0,0.5363301634788513,Strong_Uptrend_LowVol
2023-07-06,Exclude_Strong_Downtrend_LowVol,98953.7237498942,0.0009031246348620847,1.0,0.5208811163902283,Strong_Uptrend_LowVol
2023-07-07,Exclude_Strong_Downtrend_LowVol,98985.91631188612,0.00032532946484442604,0.0,0.4155243933200836,Strong_Uptrend_LowVol
2023-07-10,Exclude_Strong_Downtrend_LowVol,98985.91631188612,0.0,0.0,0.4698426425457001,Weak_Uptrend
2023-07-11,Exclude_Strong_Downtrend_LowVol,98985.91631188612,0.0,0.0,0.5134650468826294,Weak_Uptrend
2023-07-12,Exclude_Strong_Downtrend_LowVol,98985.91631188612,0.0,0.0,0.5396228432655334,Weak_Downtrend
2023-07-13,Exclude_Strong_Downtrend_LowVol,98985.91631188612,0.0,0.0,0.4305994212627411,Strong_Uptrend_LowVol
2023-07-14,Exclude_Strong_Downtrend_LowVol,98985.91631188612,0.0,0.0,0.3264264166355133,Strong_Uptrend_HighVol
2023-07-17,Exclude_Strong_Downtrend_LowVol,98985.91631188612,0.0,0.0,0.3227588534355163,Strong_Uptrend_HighVol
2023-07-18,Exclude_Strong_Downtrend_LowVol,98985.91631188612,0.0,0.0,0.459536999464035,Strong_Uptrend_HighVol
2023-07-19,Exclude_Strong_Downtrend_LowVol,98985.91631188612,0.0,0.0,0.4854580461978912,Strong_Uptrend_HighVol
2023-07-20,Exclude_Strong_Downtrend_LowVol,98985.91631188612,0.0,0.0,0.4788102507591247,Strong_Uptrend_HighVol
2023-07-21,Exclude_Strong_Downtrend_LowVol,98985.91631188612,0.0,0.0,0.5669122338294983,Strong_Uptrend_HighVol
2023-07-24,Exclude_Strong_Downtrend_LowVol,98985.91631188612,0.0,0.0,0.5311371684074402,Strong_Uptrend_HighVol
2023-07-25,Exclude_Strong_Downtrend_LowVol,98985.91631188612,0.0,0.0,0.5257877707481384,Strong_Uptrend_HighVol
2023-07-26,Exclude_Strong_Downtrend_LowVol,98985.91631188612,0.0,0.0,0.571221649646759,Strong_Uptrend_HighVol
2023-07-27,Exclude_Strong_Downtrend_LowVol,98985.91631188612,0.0,0.0,0.649142324924469,Strong_Uptrend_HighVol
2023-07-28,Exclude_Strong_Downtrend_LowVol,98985.91631188612,0.0,0.0,0.6937771439552307,Weak_Uptrend
2023-07-31,Exclude_Strong_Downtrend_LowVol,98985.91631188612,0.0,0.0,0.4597566127777099,Strong_Uptrend_HighVol
2023-08-01,Exclude_Strong_Downtrend_LowVol,98985.91631188612,0.0,0.0,0.3317126631736755,Strong_Uptrend_HighVol
2023-08-02,Exclude_Strong_Downtrend_LowVol,98985.91631188612,0.0,0.0,0.3082521259784698,Strong_Uptrend_HighVol
2023-08-03,Exclude_Strong_Downtrend_LowVol,98985.91631188612,0.0,0.0,0.51353520154953,Strong_Uptrend_HighVol
2023-08-04,Exclude_Strong_Downtrend_LowVol,98985.91631188612,0.0,0.0,0.3082521259784698,Strong_Uptrend_HighVol
2023-08-07,Exclude_Strong_Downtrend_LowVol,98985.91631188612,0.0,0.0,0.4486343562602997,Strong_Uptrend_HighVol
2023-08-08,Exclude_Strong_Downtrend_LowVol,98985.91631188612,0.0,0.0,0.2928005158901214,Strong_Uptrend_HighVol
2023-08-09,Exclude_Strong_Downtrend_LowVol,98985.91631188612,0.0,0.0,0.2873178124427795,Strong_Uptrend_HighVol
2023-08-10,Exclude_Strong_Downtrend_LowVol,98985.91631188612,0.0,0.0,0.173357218503952,Strong_Uptrend_HighVol
2023-08-11,Exclude_Strong_Downtrend_LowVol,98985.91631188612,0.0,0.0,0.1808901131153106,Strong_Uptrend_LowVol
2023-08-14,Exclude_Strong_Downtrend_LowVol,98985.91631188612,0.0,0.0,0.1680677235126495,Strong_Uptrend_LowVol
2023-08-16,Exclude_Strong_Downtrend_LowVol,98985.91631188612,0.0,0.0,0.2765290141105652,Strong_Uptrend_LowVol
2023-08-17,Exclude_Strong_Downtrend_LowVol,98985.91631188612,0.0,0.0,0.2497005462646484,Strong_Uptrend_LowVol
2023-08-18,Exclude_Strong_Downtrend_LowVol,98985.91631188612,0.0,0.0,0.2667853236198425,Weak_Uptrend
2023-08-21,Exclude_Strong_Downtrend_LowVol,98985.91631188612,0.0,0.0,0.2553599774837494,Strong_Uptrend_LowVol
2023-08-22,Exclude_Strong_Downtrend_LowVol,98985.91631188612,0.0,0.0,0.3005282282829284,Weak_Uptrend
2023-08-23,Exclude_Strong_Downtrend_LowVol,98985.91631188612,0.0,0.0,0.240195170044899,Strong_Uptrend_LowVol
2023-08-24,Exclude_Strong_Downtrend_LowVol,98985.91631188612,0.0,0.0,0.2657912969589233,Weak_Uptrend
2023-08-25,Exclude_Strong_Downtrend_LowVol,98985.91631188612,0.0,0.0,0.2910590767860412,Weak_Uptrend
2023-08-28,Exclude_Strong_Downtrend_LowVol,98985.91631188612,0.0,0.0,0.2636049687862396,Weak_Uptrend
2023-08-29,Exclude_Strong_Downtrend_LowVol,98985.91631188612,0.0,0.0,0.2636049687862396,Weak_Uptrend
2023-08-30,Exclude_Strong_Downtrend_LowVol,98985.91631188612,0.0,0.0,0.2883889973163605,Weak_Uptrend
2023-08-31,Exclude_Strong_Downtrend_LowVol,98985.91631188612,0.0,0.0,0.4076296985149383,Weak_Downtrend
2023-09-01,Exclude_Strong_Downtrend_LowVol,98985.91631188612,0.0,0.0,0.4257852733135223,Weak_Uptrend
2023-09-04,Exclude_Strong_Downtrend_LowVol,98985.91631188612,0.0,0.0,0.3860072791576385,Strong_Uptrend_LowVol
2023-09-05,Exclude_Strong_Downtrend_LowVol,98985.91631188612,0.0,0.0,0.3655707836151123,Strong_Uptrend_LowVol
2023-09-06,Exclude_Strong_Downtrend_LowVol,98985.91631188612,0.0,0.0,0.4305379390716553,Strong_Uptrend_LowVol
2023-09-07,Exclude_Strong_Downtrend_LowVol,98985.91631188612,0.0,0.0,0.4332383871078491,Strong_Uptrend_LowVol
2023-09-08,Exclude_Strong_Downtrend_LowVol,98985.91631188612,0.0,0.0,0.4987915158271789,Strong_Uptrend_LowVol
2023-09-11,Exclude_Strong_Downtrend_LowVol,98985.91631188612,0.0,0.0,0.5365306735038757,Strong_Uptrend_LowVol
2023-09-12,Exclude_Strong_Downtrend_LowVol,98985.91631188612,0.0,0.0,0.3215006291866302,Strong_Uptrend_LowVol
2023-09-13,Exclude_Strong_Downtrend_LowVol,98985.91631188612,0.0,0.0,0.3685366511344909,Strong_Uptrend_LowVol
2023-09-14,Exclude_Strong_Downtrend_LowVol,98985.91631188612,0.0,0.0,0.4242246150970459,Strong_Uptrend_LowVol
2023-09-15,Exclude_Strong_Downtrend_LowVol,98985.91631188612,0.0,0.0,0.4291741251945495,Strong_Uptrend_LowVol
2023-09-18,Exclude_Strong_Downtrend_LowVol,98985.91631188612,0.0,0.0,0.5405968427658081,Strong_Uptrend_LowVol
2023-09-20,Exclude_Strong_Downtrend_LowVol,98985.91631188612,0.0,0.0,0.6211013197898865,Strong_Uptrend_LowVol
2023-09-21,Exclude_Strong_Downtrend_LowVol,98985.91631188612,0.0,0.0,0.6440389156341553,Strong_Uptrend_LowVol
2023-09-22,Exclude_Strong_Downtrend_LowVol,98985.91631188612,0.0,0.0,0.6585507392883301,Strong_Uptrend_LowVol
2023-09-25,Exclude_Strong_Downtrend_LowVol,98935.94129939238,-0.0005048699285288283,1.0,0.7486041188240051,Strong_Uptrend_LowVol
2023-09-26,Exclude_Strong_Downtrend_LowVol,99174.84031602446,0.002414683819595531,1.0,0.8491537570953369,Strong_Uptrend_LowVol
2023-09-27,Exclude_Strong_Downtrend_LowVol,99275.43152984635,0.0010142815809064398,1.0,0.8724450469017029,Strong_Uptrend_LowVol
2023-09-28,Exclude_Strong_Downtrend_LowVol,97807.1176942913,-0.014790304236689367,1.0,0.7186175584793091,Strong_Uptrend_LowVol
2023-09-29,Exclude_Strong_Downtrend_LowVol,97579.39926896899,-0.002328239812097066,1.0,0.6654758453369141,Strong_Uptrend_LowVol
2023-10-03,Exclude_Strong_Downtrend_LowVol,97167.26589217095,-0.00422356952272307,1.0,0.6149218082427979,Strong_Uptrend_LowVol
2023-10-04,Exclude_Strong_Downtrend_LowVol,97835.05894017592,0.006872613342296052,1.0,0.6295762658119202,Strong_Uptrend_LowVol
2023-10-05,Exclude_Strong_Downtrend_LowVol,99276.82995645925,0.014736752161256916,1.0,0.7161991596221924,Strong_Uptrend_LowVol
2023-10-06,Exclude_Strong_Downtrend_LowVol,100172.34142978651,0.009020347181915689,1.0,0.6712090373039246,Strong_Uptrend_LowVol
2023-10-09,Exclude_Strong_Downtrend_LowVol,100645.95100480528,0.00472794753780148,1.0,0.6954295039176941,Strong_Uptrend_LowVol
2023-10-10,Exclude_Strong_Downtrend_LowVol,100381.9007739211,-0.002623555426204627,1.0,0.823987603187561,Strong_Uptrend_LowVol
2023-10-11,Exclude_Strong_Downtrend_LowVol,99851.01710211344,-0.005288639363417724,1.0,0.8176374435424805,Strong_Uptrend_LowVol
2023-10-12,Exclude_Strong_Downtrend_LowVol,97969.1782847407,-0.018846466185199362,1.0,0.8124175071716309,Strong_Uptrend_LowVol
2023-10-13,Exclude_Strong_Downtrend_LowVol,98759.9169075939,0.008071299940425769,1.0,0.7947026491165161,Strong_Uptrend_LowVol
2023-10-16,Exclude_Strong_Downtrend_LowVol,97452.26523587535,-0.013240712554892786,1.0,0.6732787489891052,Strong_Uptrend_LowVol
2023-10-17,Exclude_Strong_Downtrend_LowVol,96977.26405583693,-0.004874193318017972,1.0,0.5504212975502014,Weak_Uptrend
2023-10-18,Exclude_Strong_Downtrend_LowVol,96424.02602300295,-0.005704822034528045,1.0,0.5228396654129028,Weak_Downtrend
2023-10-19,Exclude_Strong_Downtrend_LowVol,95427.53457383165,-0.010334472540418305,0.0,0.3770579397678375,Strong_Downtrend_LowVol
2023-10-20,Exclude_Strong_Downtrend_LowVol,95427.53457383165,0.0,0.0,0.4367595314979553,Weak_Downtrend
2023-10-23,Exclude_Strong_Downtrend_LowVol,95427.53457383165,0.0,0.0,0.2586957812309265,Strong_Downtrend_LowVol
2023-10-25,Exclude_Strong_Downtrend_LowVol,95427.53457383165,0.0,0.0,0.2178797721862793,Strong_Downtrend_LowVol
2023-10-26,Exclude_Strong_Downtrend_LowVol,95427.53457383165,0.0,0.0,0.2005378305912017,Strong_Downtrend_LowVol
2023-10-27,Exclude_Strong_Downtrend_LowVol,95427.53457383165,0.0,0.0,0.2372064292430877,Strong_Downtrend_LowVol
2023-10-30,Exclude_Strong_Downtrend_LowVol,95427.53457383165,0.0,0.0,0.2145546972751617,Strong_Downtrend_LowVol
2023-10-31,Exclude_Strong_Downtrend_LowVol,95427.53457383165,0.0,0.0,0.2151027917861938,Strong_Downtrend_LowVol
2023-11-01,Exclude_Strong_Downtrend_LowVol,95427.53457383165,0.0,0.0,0.2245258241891861,Strong_Downtrend_LowVol
2023-11-02,Exclude_Strong_Downtrend_LowVol,95427.53457383165,0.0,0.0,0.2077296823263168,Strong_Downtrend_LowVol
2023-11-03,Exclude_Strong_Downtrend_LowVol,95427.53457383165,0.0,0.0,0.2210359573364257,Strong_Downtrend_LowVol
2023-11-06,Exclude_Strong_Downtrend_LowVol,95427.53457383165,0.0,0.0,0.2036211788654327,Strong_Downtrend_LowVol
2023-11-07,Exclude_Strong_Downtrend_LowVol,95427.53457383165,0.0,0.0,0.2096471041440963,Strong_Downtrend_LowVol
2023-11-08,Exclude_Strong_Downtrend_LowVol,95427.53457383165,0.0,0.0,0.2173814177513122,Strong_Downtrend_LowVol
2023-11-09,Exclude_Strong_Downtrend_LowVol,95427.53457383165,0.0,0.0,0.2299340069293975,Strong_Downtrend_LowVol
2023-11-10,Exclude_Strong_Downtrend_LowVol,95427.53457383165,0.0,0.0,0.2407434731721878,Strong_Downtrend_LowVol
2023-11-13,Exclude_Strong_Downtrend_LowVol,95427.53457383165,0.0,0.0,0.2310312539339065,Strong_Downtrend_LowVol
2023-11-15,Exclude_Strong_Downtrend_LowVol,95427.53457383165,0.0,0.0,0.2373900860548019,Strong_Downtrend_LowVol
2023-11-16,Exclude_Strong_Downtrend_LowVol,95427.53457383165,0.0,0.0,0.4724089801311493,Weak_Uptrend
2023-11-17,Exclude_Strong_Downtrend_LowVol,95427.53457383165,0.0,0.0,0.4598599970340729,Weak_Uptrend
2023-11-20,Exclude_Strong_Downtrend_LowVol,95427.53457383165,0.0,0.0,0.4566028118133545,Weak_Uptrend
2023-11-21,Exclude_Strong_Downtrend_LowVol,95427.53457383165,0.0,0.0,0.4598599970340729,Weak_Uptrend
2023-11-22,Exclude_Strong_Downtrend_LowVol,95427.53457383165,0.0,0.0,0.4584375321865082,Strong_Uptrend_LowVol
2023-11-23,Exclude_Strong_Downtrend_LowVol,95427.53457383165,0.0,0.0,0.4655188024044037,Weak_Uptrend
2023-11-24,Exclude_Strong_Downtrend_LowVol,95427.53457383165,0.0,0.0,0.3427473902702331,Weak_Downtrend
2023-11-28,Exclude_Strong_Downtrend_LowVol,95427.53457383165,0.0,0.0,0.4109815955162048,Weak_Downtrend
2023-11-29,Exclude_Strong_Downtrend_LowVol,95377.55956133791,-0.0005236959407672881,1.0,0.7758294939994812,Weak_Uptrend
2023-11-30,Exclude_Strong_Downtrend_LowVol,94633.71512372037,-0.007798946010347141,1.0,0.6690741181373596,Weak_Uptrend
2023-12-01,Exclude_Strong_Downtrend_LowVol,95317.82144302603,0.007228991468963164,1.0,0.6609100699424744,Weak_Uptrend
2023-12-04,Exclude_Strong_Downtrend_LowVol,95340.57915212949,0.00023875607686929534,1.0,0.720117449760437,Weak_Uptrend
2023-12-05,Exclude_Strong_Downtrend_LowVol,95885.31273295559,0.0057135543508384234,1.0,0.6749309301376343,Strong_Uptrend_LowVol
2023-12-06,Exclude_Strong_Downtrend_LowVol,97689.23363173737,0.01881331819614318,0.0,0.1137611120939254,Strong_Uptrend_LowVol
2023-12-07,Exclude_Strong_Downtrend_LowVol,97689.23363173737,0.0,0.0,0.1169709861278534,Strong_Uptrend_LowVol
2023-12-08,Exclude_Strong_Downtrend_LowVol,97689.23363173737,0.0,0.0,0.1403062790632248,Strong_Uptrend_LowVol
2023-12-11,Exclude_Strong_Downtrend_LowVol,97689.23363173737,0.0,0.0,0.4163255393505096,Strong_Uptrend_LowVol
2023-12-12,Exclude_Strong_Downtrend_LowVol,97689.23363173737,0.0,0.0,0.3552113175392151,Strong_Uptrend_LowVol
2023-12-13,Exclude_Strong_Downtrend_LowVol,97689.23363173737,0.0,0.0,0.1479827016592025,Strong_Uptrend_LowVol
2023-12-14,Exclude_Strong_Downtrend_LowVol,97689.23363173737,0.0,0.0,0.2794911861419678,Strong_Uptrend_LowVol
2023-12-15,Exclude_Strong_Downtrend_LowVol,97639.25861924361,-0.0005115713434926672,1.0,0.7482826113700867,Strong_Uptrend_HighVol
2023-12-18,Exclude_Strong_Downtrend_LowVol,97592.66060698,-0.00047724668255955116,1.0,0.5569281578063965,Strong_Uptrend_HighVol
2023-12-19,Exclude_Strong_Downtrend_LowVol,96360.93596177244,-0.012621078650247086,0.0,0.4205552041530609,Strong_Uptrend_HighVol
2023-12-20,Exclude_Strong_Downtrend_LowVol,96360.93596177244,0.0,0.0,0.3764108419418335,Strong_Uptrend_HighVol
2023-12-21,Exclude_Strong_Downtrend_LowVol,96360.93596177244,0.0,0.0,0.3764108419418335,Strong_Uptrend_HighVol
2023-12-22,Exclude_Strong_Downtrend_LowVol,96360.93596177244,0.0,0.0,0.440430611371994,Strong_Uptrend_HighVol
2023-12-26,Exclude_Strong_Downtrend_LowVol,96360.93596177244,0.0,0.0,0.3623464107513428,Strong_Uptrend_HighVol
2023-12-27,Exclude_Strong_Downtrend_LowVol,96360.93596177244,0.0,0.0,0.3616976737976074,Strong_Uptrend_HighVol
2023-12-28,Exclude_Strong_Downtrend_LowVol,96360.93596177244,0.0,0.0,0.2222419083118438,Strong_Uptrend_HighVol
2023-12-29,Exclude_Strong_Downtrend_LowVol,96360.93596177244,0.0,0.0,0.2222419083118438,Strong_Uptrend_HighVol
2024-01-01,Exclude_Strong_Downtrend_LowVol,96360.93596177244,0.0,0.0,0.2194124460220337,Strong_Uptrend_HighVol
2024-01-02,Exclude_Strong_Downtrend_LowVol,96360.93596177244,0.0,0.0,0.2222419083118438,Strong_Uptrend_HighVol
2024-01-03,Exclude_Strong_Downtrend_LowVol,96360.93596177244,0.0,0.0,0.2260116785764694,Strong_Uptrend_HighVol
2024-01-04,Exclude_Strong_Downtrend_LowVol,96360.93596177244,0.0,0.0,0.2298665940761566,Strong_Uptrend_HighVol
2024-01-05,Exclude_Strong_Downtrend_LowVol,96360.93596177244,0.0,0.0,0.2483001500368118,Strong_Uptrend_HighVol
2024-01-08,Exclude_Strong_Downtrend_LowVol,96360.93596177244,0.0,0.0,0.25412318110466,Strong_Uptrend_HighVol
2024-01-09,Exclude_Strong_Downtrend_LowVol,96360.93596177244,0.0,0.0,0.2573987543582916,Strong_Uptrend_HighVol
2024-01-10,Exclude_Strong_Downtrend_LowVol,96360.93596177244,0.0,0.0,0.2590965628623962,Strong_Uptrend_HighVol
2024-01-11,Exclude_Strong_Downtrend_LowVol,96360.93596177244,0.0,0.0,0.2498334795236587,Strong_Uptrend_HighVol
2024-01-12,Exclude_Strong_Downtrend_LowVol,96360.93596177244,0.0,0.0,0.4356746077537536,Strong_Uptrend_HighVol
2024-01-15,Exclude_Strong_Downtrend_LowVol,96360.93596177244,0.0,0.0,0.4284645020961761,Strong_Uptrend_LowVol
2024-01-16,Exclude_Strong_Downtrend_LowVol,96360.93596177244,0.0,0.0,0.3039643764495849,Strong_Uptrend_HighVol
2024-01-17,Exclude_Strong_Downtrend_LowVol,96360.93596177244,0.0,0.0,0.3212807774543762,Strong_Uptrend_LowVol
2024-01-18,Exclude_Strong_Downtrend_LowVol,96360.93596177244,0.0,0.0,0.3212807774543762,Strong_Uptrend_LowVol
2024-01-19,Exclude_Strong_Downtrend_LowVol,96360.93596177244,0.0,0.0,0.4407603442668915,Strong_Uptrend_LowVol
2024-01-23,Exclude_Strong_Downtrend_LowVol,96360.93596177244,0.0,0.0,0.2206538915634155,Strong_Uptrend_HighVol
2024-01-24,Exclude_Strong_Downtrend_LowVol,96360.93596177244,0.0,0.0,0.2051985710859298,Strong_Uptrend_HighVol
2024-01-25,Exclude_Strong_Downtrend_LowVol,96360.93596177244,0.0,0.0,0.2035199105739593,Strong_Uptrend_HighVol
2024-01-29,Exclude_Strong_Downtrend_LowVol,96360.93596177244,0.0,0.0,0.2092953324317932,Strong_Uptrend_HighVol
2024-01-30,Exclude_Strong_Downtrend_LowVol,96360.93596177244,0.0,0.0,0.1914024800062179,Strong_Uptrend_HighVol
2024-01-31,Exclude_Strong_Downtrend_LowVol,96360.93596177244,0.0,0.0,0.1914024800062179,Strong_Uptrend_HighVol
2024-02-01,Exclude_Strong_Downtrend_LowVol,96360.93596177244,0.0,0.0,0.2071347534656524,Strong_Uptrend_HighVol
2024-02-02,Exclude_Strong_Downtrend_LowVol,96360.93596177244,0.0,0.0,0.4180828034877777,Strong_Uptrend_HighVol
2024-02-05,Exclude_Strong_Downtrend_LowVol,96360.93596177244,0.0,0.0,0.3742114305496216,Strong_Uptrend_HighVol
2024-02-06,Exclude_Strong_Downtrend_LowVol,96360.93596177244,0.0,0.0,0.4546887874603271,Strong_Uptrend_HighVol
2024-02-07,Exclude_Strong_Downtrend_LowVol,96360.93596177244,0.0,0.0,0.3383278548717499,Strong_Uptrend_HighVol
2024-02-08,Exclude_Strong_Downtrend_LowVol,96360.93596177244,0.0,0.0,0.4314286112785339,Strong_Uptrend_HighVol
2024-02-09,Exclude_Strong_Downtrend_LowVol,96360.93596177244,0.0,0.0,0.3872627913951874,Strong_Uptrend_HighVol
2024-02-12,Exclude_Strong_Downtrend_LowVol,96360.93596177244,0.0,0.0,0.3427011668682098,Strong_Uptrend_HighVol
2024-02-13,Exclude_Strong_Downtrend_LowVol,96360.93596177244,0.0,0.0,0.4546887874603271,Strong_Uptrend_HighVol
2024-02-14,Exclude_Strong_Downtrend_LowVol,96360.93596177244,0.0,0.0,0.3212807774543762,Strong_Uptrend_HighVol
2024-02-15,Exclude_Strong_Downtrend_LowVol,96360.93596177244,0.0,0.0,0.3212807774543762,Strong_Uptrend_HighVol
2024-02-16,Exclude_Strong_Downtrend_LowVol,96360.93596177244,0.0,0.0,0.3624115288257599,Strong_Uptrend_HighVol
2024-02-19,Exclude_Strong_Downtrend_LowVol,96360.93596177244,0.0,0.0,0.3212807774543762,Strong_Uptrend_HighVol
2024-02-20,Exclude_Strong_Downtrend_LowVol,96360.93596177244,0.0,0.0,0.2139943093061447,Strong_Uptrend_HighVol
2024-02-21,Exclude_Strong_Downtrend_LowVol,96360.93596177244,0.0,0.0,0.2166910022497177,Strong_Uptrend_HighVol
2024-02-22,Exclude_Strong_Downtrend_LowVol,96360.93596177244,0.0,0.0,0.2659252882003784,Strong_Uptrend_HighVol
2024-02-23,Exclude_Strong_Downtrend_LowVol,96360.93596177244,0.0,0.0,0.2139943093061447,Strong_Uptrend_HighVol
2024-02-26,Exclude_Strong_Downtrend_LowVol,96360.93596177244,0.0,0.0,0.2252772599458694,Strong_Uptrend_HighVol
2024-02-27,Exclude_Strong_Downtrend_LowVol,96360.93596177244,0.0,0.0,0.2479310482740402,Strong_Uptrend_HighVol
2024-02-28,Exclude_Strong_Downtrend_LowVol,96360.93596177244,0.0,0.0,0.3037738800048828,Strong_Uptrend_HighVol
2024-02-29,Exclude_Strong_Downtrend_LowVol,96360.93596177244,0.0,0.0,0.2111648470163345,Strong_Uptrend_HighVol
2024-03-01,Exclude_Strong_Downtrend_LowVol,96360.93596177244,0.0,0.0,0.2136535197496414,Strong_Uptrend_HighVol
2024-03-04,Exclude_Strong_Downtrend_LowVol,96360.93596177244,0.0,0.0,0.2299204766750335,Strong_Uptrend_HighVol
2024-03-05,Exclude_Strong_Downtrend_LowVol,96360.93596177244,0.0,0.0,0.2008787244558334,Strong_Uptrend_LowVol
2024-03-06,Exclude_Strong_Downtrend_LowVol,96360.93596177244,0.0,0.0,0.2037343084812164,Strong_Uptrend_LowVol
2024-03-07,Exclude_Strong_Downtrend_LowVol,96360.93596177244,0.0,0.0,0.2551262378692627,Strong_Uptrend_LowVol
2024-03-11,Exclude_Strong_Downtrend_LowVol,96360.93596177244,0.0,0.0,0.3069292902946472,Strong_Uptrend_LowVol
2024-03-12,Exclude_Strong_Downtrend_LowVol,96360.93596177244,0.0,0.0,0.4226202666759491,Strong_Uptrend_LowVol
2024-03-13,Exclude_Strong_Downtrend_LowVol,96360.93596177244,0.0,0.0,0.2479310482740402,Strong_Uptrend_LowVol
2024-03-14,Exclude_Strong_Downtrend_LowVol,96360.93596177244,0.0,0.0,0.4301608502864837,Strong_Uptrend_LowVol
2024-03-15,Exclude_Strong_Downtrend_LowVol,96360.93596177244,0.0,0.0,0.4183034896850586,Strong_Uptrend_LowVol
2024-03-18,Exclude_Strong_Downtrend_LowVol,96360.93596177244,0.0,0.0,0.2263822257518768,Strong_Uptrend_LowVol
2024-03-19,Exclude_Strong_Downtrend_LowVol,96360.93596177244,0.0,0.0,0.3924726247787475,Weak_Downtrend
2024-03-20,Exclude_Strong_Downtrend_LowVol,96360.93596177244,0.0,0.0,0.3924726247787475,Weak_Downtrend
2024-03-21,Exclude_Strong_Downtrend_LowVol,96360.93596177244,0.0,0.0,0.4181064367294311,Weak_Downtrend
2024-03-22,Exclude_Strong_Downtrend_LowVol,96360.93596177244,0.0,0.0,0.4326481819152832,Strong_Downtrend_HighVol
2024-03-26,Exclude_Strong_Downtrend_LowVol,96360.93596177244,0.0,0.0,0.6045350432395935,Strong_Downtrend_HighVol
2024-03-27,Exclude_Strong_Downtrend_LowVol,96310.9609492787,-0.0005186231536145058,1.0,0.711513876914978,Strong_Downtrend_HighVol
2024-03-28,Exclude_Strong_Downtrend_LowVol,97232.16317157967,0.009564874166151371,1.0,0.64478600025177,Strong_Downtrend_HighVol
2024-04-01,Exclude_Strong_Downtrend_LowVol,98070.22309913307,0.008619163661663487,0.0,0.4683361053466797,Strong_Downtrend_HighVol
2024-04-02,Exclude_Strong_Downtrend_LowVol,98070.22309913307,0.0,0.0,0.6368498802185059,Strong_Downtrend_HighVol
2024-04-03,Exclude_Strong_Downtrend_LowVol,98070.22309913307,0.0,0.0,0.4386820495128631,Strong_Downtrend_HighVol
2024-04-04,Exclude_Strong_Downtrend_LowVol,98070.22309913307,0.0,0.0,0.4909493625164032,Weak_Downtrend
2024-04-05,Exclude_Strong_Downtrend_LowVol,98070.22309913307,0.0,0.0,0.4595701694488525,Weak_Downtrend
2024-04-08,Exclude_Strong_Downtrend_LowVol,98070.22309913307,0.0,0.0,0.423918068408966,Weak_Downtrend
2024-04-09,Exclude_Strong_Downtrend_LowVol,98070.22309913307,0.0,0.0,0.4303626120090484,Strong_Downtrend_HighVol
2024-04-10,Exclude_Strong_Downtrend_LowVol,98070.22309913307,0.0,0.0,0.4211709201335907,Weak_Downtrend
2024-04-12,Exclude_Strong_Downtrend_LowVol,98070.22309913307,0.0,0.0,0.4717677533626556,Weak_Downtrend
2024-04-15,Exclude_Strong_Downtrend_LowVol,98070.22309913307,0.0,0.0,0.4466467201709747,Strong_Downtrend_HighVol
2024-04-16,Exclude_Strong_Downtrend_LowVol,98070.22309913307,0.0,0.0,0.6795939207077026,Strong_Downtrend_HighVol
2024-04-18,Exclude_Strong_Downtrend_LowVol,98020.24808663933,-0.0005095839584582373,1.0,0.7219113707542419,Strong_Downtrend_HighVol
2024-04-19,Exclude_Strong_Downtrend_LowVol,96965.46806102475,-0.010760838155421504,0.0,0.7219113707542419,Strong_Downtrend_LowVol
2024-04-22,Exclude_Strong_Downtrend_LowVol,96965.46806102475,0.0,0.0,0.711513876914978,Strong_Downtrend_LowVol
2024-04-23,Exclude_Strong_Downtrend_LowVol,96965.46806102475,0.0,0.0,0.6721768379211426,Strong_Downtrend_LowVol
2024-04-24,Exclude_Strong_Downtrend_LowVol,96965.46806102475,0.0,0.0,0.7219113707542419,Strong_Downtrend_LowVol
2024-04-25,Exclude_Strong_Downtrend_LowVol,96965.46806102475,0.0,0.0,0.7219113707542419,Strong_Downtrend_LowVol
2024-04-26,Exclude_Strong_Downtrend_LowVol,96965.46806102475,0.0,0.0,0.7219113707542419,Strong_Downtrend_LowVol
2024-04-29,Exclude_Strong_Downtrend_LowVol,96965.46806102475,0.0,0.0,0.7436636090278625,Strong_Downtrend_LowVol
2024-04-30,Exclude_Strong_Downtrend_LowVol,96965.46806102475,0.0,0.0,0.7923908233642578,Strong_Downtrend_LowVol
2024-05-02,Exclude_Strong_Downtrend_LowVol,96965.46806102475,0.0,0.0,0.7316038608551025,Strong_Downtrend_LowVol
2024-05-03,Exclude_Strong_Downtrend_LowVol,96965.46806102475,0.0,0.0,0.7769486904144287,Strong_Downtrend_LowVol
2024-05-06,Exclude_Strong_Downtrend_LowVol,96965.46806102475,0.0,0.0,0.3915858268737793,Strong_Downtrend_LowVol
2024-05-07,Exclude_Strong_Downtrend_LowVol,96965.46806102475,0.0,0.0,0.3697722554206848,Weak_Downtrend
2024-05-08,Exclude_Strong_Downtrend_LowVol,96965.46806102475,0.0,0.0,0.301511138677597,Weak_Downtrend
2024-05-09,Exclude_Strong_Downtrend_LowVol,96965.46806102475,0.0,0.0,0.3406410813331604,Weak_Downtrend
2024-05-10,Exclude_Strong_Downtrend_LowVol,96965.46806102475,0.0,0.0,0.3453083634376526,Strong_Downtrend_LowVol
2024-05-13,Exclude_Strong_Downtrend_LowVol,96965.46806102475,0.0,0.0,0.339055985212326,Weak_Downtrend
2024-05-14,Exclude_Strong_Downtrend_LowVol,96965.46806102475,0.0,0.0,0.2392671853303909,Strong_Downtrend_LowVol
2024-05-15,Exclude_Strong_Downtrend_LowVol,96965.46806102475,0.0,0.0,0.4329863488674164,Strong_Downtrend_LowVol
2024-05-16,Exclude_Strong_Downtrend_LowVol,96965.46806102475,0.0,0.0,0.3674110770225525,Strong_Downtrend_LowVol
2024-05-17,Exclude_Strong_Downtrend_LowVol,96965.46806102475,0.0,0.0,0.5577951073646545,Strong_Downtrend_LowVol
2024-05-21,Exclude_Strong_Downtrend_LowVol,96965.46806102475,0.0,0.0,0.65833580493927,Strong_Downtrend_LowVol
2024-05-22,Exclude_Strong_Downtrend_LowVol,96965.46806102475,0.0,0.0,0.6579462289810181,Strong_Downtrend_LowVol
2024-05-23,Exclude_Strong_Downtrend_LowVol,96965.46806102475,0.0,0.0,0.3188414573669433,Strong_Downtrend_LowVol
2024-05-24,Exclude_Strong_Downtrend_LowVol,96965.46806102475,0.0,0.0,0.6009922027587891,Strong_Downtrend_LowVol
2024-05-27,Exclude_Strong_Downtrend_LowVol,96965.46806102475,0.0,0.0,0.6740281581878662,Strong_Downtrend_LowVol
2024-05-28,Exclude_Strong_Downtrend_LowVol,96965.46806102475,0.0,0.0,0.7135289907455444,Strong_Downtrend_LowVol
2024-05-29,Exclude_Strong_Downtrend_LowVol,96965.46806102475,0.0,0.0,0.7335686087608337,Strong_Downtrend_LowVol
2024-05-30,Exclude_Strong_Downtrend_LowVol,96965.46806102475,0.0,0.0,0.7196359634399414,Strong_Downtrend_LowVol
2024-05-31,Exclude_Strong_Downtrend_LowVol,96965.46806102475,0.0,0.0,0.8457560539245605,Strong_Downtrend_LowVol
2024-06-03,Exclude_Strong_Downtrend_LowVol,96965.46806102475,0.0,0.0,0.8628421425819397,Strong_Downtrend_LowVol
2024-06-04,Exclude_Strong_Downtrend_LowVol,96965.46806102475,0.0,0.0,0.2884446680545807,Strong_Downtrend_LowVol
2024-06-05,Exclude_Strong_Downtrend_LowVol,96965.46806102475,0.0,0.0,0.2209851294755935,Strong_Downtrend_LowVol
2024-06-06,Exclude_Strong_Downtrend_LowVol,96965.46806102475,0.0,0.0,0.3052290380001068,Weak_Downtrend
2024-06-07,Exclude_Strong_Downtrend_LowVol,96965.46806102475,0.0,0.0,0.2829272449016571,Weak_Uptrend
2024-06-10,Exclude_Strong_Downtrend_LowVol,96965.46806102475,0.0,0.0,0.3222821354866028,Weak_Downtrend
2024-06-11,Exclude_Strong_Downtrend_LowVol,96965.46806102475,0.0,0.0,0.3758260905742645,Weak_Downtrend
2024-06-12,Exclude_Strong_Downtrend_LowVol,96965.46806102475,0.0,0.0,0.4066451489925384,Weak_Downtrend
2024-06-13,Exclude_Strong_Downtrend_LowVol,96965.46806102475,0.0,0.0,0.4400219321250915,Weak_Uptrend
2024-06-14,Exclude_Strong_Downtrend_LowVol,96965.46806102475,0.0,0.0,0.4116044342517853,Weak_Downtrend
2024-06-18,Exclude_Strong_Downtrend_LowVol,96965.46806102475,0.0,0.0,0.3943470120429992,Strong_Downtrend_LowVol
2024-06-19,Exclude_Strong_Downtrend_LowVol,96965.46806102475,0.0,0.0,0.4451701939105987,Strong_Downtrend_LowVol
2024-06-20,Exclude_Strong_Downtrend_LowVol,96965.46806102475,0.0,0.0,0.1704689264297485,Strong_Downtrend_LowVol
2024-06-21,Exclude_Strong_Downtrend_LowVol,96965.46806102475,0.0,0.0,0.1675410717725753,Strong_Downtrend_LowVol
2024-06-24,Exclude_Strong_Downtrend_LowVol,96965.46806102475,0.0,0.0,0.1702487021684646,Weak_Downtrend
2024-06-25,Exclude_Strong_Downtrend_LowVol,96965.46806102475,0.0,0.0,0.2115805596113205,Weak_Downtrend
2024-06-26,Exclude_Strong_Downtrend_LowVol,96965.46806102475,0.0,0.0,0.1747529655694961,Weak_Uptrend
2024-06-27,Exclude_Strong_Downtrend_LowVol,96965.46806102475,0.0,0.0,0.1585526466369629,Strong_Uptrend_LowVol
2024-06-28,Exclude_Strong_Downtrend_LowVol,96965.46806102475,0.0,0.0,0.120798535645008,Strong_Uptrend_LowVol
2024-07-01,Exclude_Strong_Downtrend_LowVol,96965.46806102475,0.0,0.0,0.1676857769489288,Strong_Uptrend_LowVol
2024-07-02,Exclude_Strong_Downtrend_LowVol,96965.46806102475,0.0,0.0,0.09813142567873,Strong_Uptrend_LowVol
2024-07-03,Exclude_Strong_Downtrend_LowVol,96965.46806102475,0.0,0.0,0.1081952154636383,Strong_Uptrend_LowVol
2024-07-04,Exclude_Strong_Downtrend_LowVol,96965.46806102475,0.0,0.0,0.0982093587517738,Strong_Uptrend_LowVol
2024-07-05,Exclude_Strong_Downtrend_LowVol,96965.46806102475,0.0,0.0,0.1049072816967964,Strong_Uptrend_LowVol
2024-07-08,Exclude_Strong_Downtrend_LowVol,96965.46806102475,0.0,0.0,0.1101596057415008,Strong_Uptrend_LowVol
2024-07-09,Exclude_Strong_Downtrend_LowVol,96965.46806102475,0.0,0.0,0.1074301674962043,Strong_Uptrend_LowVol
2024-07-10,Exclude_Strong_Downtrend_LowVol,96965.46806102475,0.0,0.0,0.067156933248043,Weak_Uptrend
2024-07-11,Exclude_Strong_Downtrend_LowVol,96965.46806102475,0.0,0.0,0.0651871934533119,Strong_Uptrend_LowVol
2024-07-12,Exclude_Strong_Downtrend_LowVol,96965.46806102475,0.0,0.0,0.2866563498973846,Strong_Uptrend_HighVol
2024-07-15,Exclude_Strong_Downtrend_LowVol,96965.46806102475,0.0,0.0,0.2609844505786896,Strong_Uptrend_HighVol
2024-07-16,Exclude_Strong_Downtrend_LowVol,96965.46806102475,0.0,0.0,0.2654161155223846,Strong_Uptrend_HighVol
2024-07-18,Exclude_Strong_Downtrend_LowVol,96965.46806102475,0.0,0.0,0.2534982562065124,Strong_Uptrend_HighVol
2024-07-19,Exclude_Strong_Downtrend_LowVol,96965.46806102475,0.0,0.0,0.2295404523611068,Strong_Uptrend_HighVol
2024-07-22,Exclude_Strong_Downtrend_LowVol,96965.46806102475,0.0,0.0,0.2242989689111709,Strong_Uptrend_HighVol
2024-07-23,Exclude_Strong_Downtrend_LowVol,96965.46806102475,0.0,0.0,0.2242989689111709,Strong_Uptrend_HighVol
2024-07-24,Exclude_Strong_Downtrend_LowVol,96965.46806102475,0.0,0.0,0.2841377854347229,Strong_Uptrend_HighVol
2024-07-25,Exclude_Strong_Downtrend_LowVol,96965.46806102475,0.0,0.0,0.2812440991401672,Strong_Uptrend_HighVol
2024-07-26,Exclude_Strong_Downtrend_LowVol,96965.46806102475,0.0,0.0,0.2386145740747451,Strong_Uptrend_HighVol
2024-07-29,Exclude_Strong_Downtrend_LowVol,96965.46806102475,0.0,0.0,0.286546915769577,Strong_Uptrend_HighVol
2024-07-30,Exclude_Strong_Downtrend_LowVol,96965.46806102475,0.0,0.0,0.2715286314487457,Strong_Uptrend_HighVol
2024-07-31,Exclude_Strong_Downtrend_LowVol,96965.46806102475,0.0,0.0,0.2840441465377807,Strong_Uptrend_HighVol
2024-08-01,Exclude_Strong_Downtrend_LowVol,96965.46806102475,0.0,0.0,0.296279102563858,Strong_Uptrend_HighVol
2024-08-02,Exclude_Strong_Downtrend_LowVol,96965.46806102475,0.0,0.0,0.294759064912796,Strong_Uptrend_HighVol
2024-08-05,Exclude_Strong_Downtrend_LowVol,96965.46806102475,0.0,0.0,0.2707370817661285,Strong_Uptrend_HighVol
2024-08-06,Exclude_Strong_Downtrend_LowVol,96965.46806102475,0.0,0.0,0.2707370817661285,Strong_Uptrend_HighVol
2024-08-07,Exclude_Strong_Downtrend_LowVol,96965.46806102475,0.0,0.0,0.3227385282516479,Strong_Uptrend_HighVol
2024-08-08,Exclude_Strong_Downtrend_LowVol,96965.46806102475,0.0,0.0,0.3355268836021423,Strong_Uptrend_HighVol
2024-08-09,Exclude_Strong_Downtrend_LowVol,96965.46806102475,0.0,0.0,0.3270950615406036,Strong_Uptrend_HighVol
2024-08-12,Exclude_Strong_Downtrend_LowVol,96965.46806102475,0.0,0.0,0.3264108598232269,Strong_Uptrend_LowVol
2024-08-13,Exclude_Strong_Downtrend_LowVol,96965.46806102475,0.0,0.0,0.3388810753822326,Strong_Uptrend_LowVol
2024-08-14,Exclude_Strong_Downtrend_LowVol,96965.46806102475,0.0,0.0,0.242540031671524,Strong_Uptrend_HighVol
2024-08-16,Exclude_Strong_Downtrend_LowVol,96965.46806102475,0.0,0.0,0.2669140696525574,Strong_Uptrend_HighVol
2024-08-19,Exclude_Strong_Downtrend_LowVol,96965.46806102475,0.0,0.0,0.2460161000490188,Strong_Uptrend_HighVol
2024-08-20,Exclude_Strong_Downtrend_LowVol,96965.46806102475,0.0,0.0,0.2275067567825317,Strong_Uptrend_HighVol
2024-08-21,Exclude_Strong_Downtrend_LowVol,96965.46806102475,0.0,0.0,0.2480917125940323,Strong_Uptrend_HighVol
2024-08-22,Exclude_Strong_Downtrend_LowVol,96965.46806102475,0.0,0.0,0.2242989689111709,Strong_Uptrend_HighVol
2024-08-23,Exclude_Strong_Downtrend_LowVol,96965.46806102475,0.0,0.0,0.2429498732089996,Strong_Uptrend_HighVol
2024-08-26,Exclude_Strong_Downtrend_LowVol,96965.46806102475,0.0,0.0,0.2439489513635635,Strong_Uptrend_HighVol
2024-08-27,Exclude_Strong_Downtrend_LowVol,96965.46806102475,0.0,0.0,0.244068294763565,Strong_Uptrend_HighVol
2024-08-28,Exclude_Strong_Downtrend_LowVol,96965.46806102475,0.0,0.0,0.2533520460128784,Strong_Uptrend_HighVol
2024-08-29,Exclude_Strong_Downtrend_LowVol,96965.46806102475,0.0,0.0,0.2592674493789673,Strong_Uptrend_HighVol
2024-08-30,Exclude_Strong_Downtrend_LowVol,96965.46806102475,0.0,0.0,0.2506621479988098,Strong_Uptrend_HighVol
2024-09-02,Exclude_Strong_Downtrend_LowVol,96965.46806102475,0.0,0.0,0.2566772103309631,Strong_Uptrend_LowVol
2024-09-03,Exclude_Strong_Downtrend_LowVol,96965.46806102475,0.0,0.0,0.3106915652751922,Strong_Uptrend_LowVol
2024-09-04,Exclude_Strong_Downtrend_LowVol,96965.46806102475,0.0,0.0,0.327718049287796,Strong_Uptrend_LowVol
2024-09-05,Exclude_Strong_Downtrend_LowVol,96965.46806102475,0.0,0.0,0.327718049287796,Strong_Uptrend_LowVol
2024-09-06,Exclude_Strong_Downtrend_LowVol,96965.46806102475,0.0,0.0,0.3231621384620666,Strong_Uptrend_LowVol
2024-09-09,Exclude_Strong_Downtrend_LowVol,96965.46806102475,0.0,0.0,0.357803463935852,Strong_Uptrend_LowVol
2024-09-10,Exclude_Strong_Downtrend_LowVol,96965.46806102475,0.0,0.0,0.3259206712245941,Strong_Uptrend_LowVol
2024-09-11,Exclude_Strong_Downtrend_LowVol,96965.46806102475,0.0,0.0,0.3258581459522247,Strong_Uptrend_LowVol
2024-09-12,Exclude_Strong_Downtrend_LowVol,96965.46806102475,0.0,0.0,0.3316980302333832,Strong_Uptrend_LowVol
2024-09-13,Exclude_Strong_Downtrend_LowVol,96965.46806102475,0.0,0.0,0.3316980302333832,Strong_Uptrend_LowVol
2024-09-16,Exclude_Strong_Downtrend_LowVol,96965.46806102475,0.0,0.0,0.3296115696430206,Strong_Uptrend_LowVol
2024-09-17,Exclude_Strong_Downtrend_LowVol,96965.46806102475,0.0,0.0,0.3421419560909271,Strong_Uptrend_LowVol
2024-09-18,Exclude_Strong_Downtrend_LowVol,96965.46806102475,0.0,0.0,0.236836165189743,Weak_Downtrend
2024-09-19,Exclude_Strong_Downtrend_LowVol,96965.46806102475,0.0,0.0,0.1933979839086532,Strong_Downtrend_LowVol
2024-09-20,Exclude_Strong_Downtrend_LowVol,96965.46806102475,0.0,0.0,0.1933979839086532,Strong_Downtrend_LowVol
2024-09-23,Exclude_Strong_Downtrend_LowVol,96965.46806102475,0.0,0.0,0.2365657389163971,Strong_Downtrend_LowVol
2024-09-24,Exclude_Strong_Downtrend_LowVol,96965.46806102475,0.0,0.0,0.2511974573135376,Strong_Downtrend_LowVol
2024-09-25,Exclude_Strong_Downtrend_LowVol,96965.46806102475,0.0,0.0,0.2854065299034118,Strong_Downtrend_LowVol
2024-09-26,Exclude_Strong_Downtrend_LowVol,96965.46806102475,0.0,0.0,0.3754554092884063,Strong_Downtrend_LowVol
2024-09-27,Exclude_Strong_Downtrend_LowVol,96965.46806102475,0.0,0.0,0.3710492253303528,Strong_Downtrend_LowVol
2024-09-30,Exclude_Strong_Downtrend_LowVol,96965.46806102475,0.0,0.0,0.3588312566280365,Strong_Downtrend_LowVol
2024-10-01,Exclude_Strong_Downtrend_LowVol,96965.46806102475,0.0,0.0,0.384001225233078,Strong_Downtrend_LowVol
2024-10-03,Exclude_Strong_Downtrend_LowVol,96965.46806102475,0.0,0.0,0.6041865348815918,Strong_Downtrend_LowVol
2024-10-04,Exclude_Strong_Downtrend_LowVol,96965.46806102475,0.0,0.0,0.58246910572052,Strong_Downtrend_LowVol
2024-10-07,Exclude_Strong_Downtrend_LowVol,96965.46806102475,0.0,0.0,0.3540689051151275,Strong_Downtrend_LowVol
2024-10-08,Exclude_Strong_Downtrend_LowVol,96965.46806102475,0.0,0.0,0.58246910572052,Strong_Downtrend_LowVol
2024-10-09,Exclude_Strong_Downtrend_LowVol,96965.46806102475,0.0,0.0,0.2640060484409332,Strong_Downtrend_LowVol
2024-10-10,Exclude_Strong_Downtrend_LowVol,96965.46806102475,0.0,0.0,0.4729017913341522,Strong_Downtrend_LowVol
2024-10-11,Exclude_Strong_Downtrend_LowVol,96965.46806102475,0.0,0.0,0.7608885765075684,Strong_Downtrend_LowVol
2024-10-14,Exclude_Strong_Downtrend_LowVol,96965.46806102475,0.0,0.0,0.7580382823944092,Strong_Downtrend_LowVol
2024-10-15,Exclude_Strong_Downtrend_LowVol,96965.46806102475,0.0,0.0,0.7607991695404053,Strong_Downtrend_LowVol
2024-10-16,Exclude_Strong_Downtrend_LowVol,96965.46806102475,0.0,0.0,0.7894052863121033,Strong_Downtrend_LowVol
2024-10-17,Exclude_Strong_Downtrend_LowVol,96965.46806102475,0.0,0.0,0.7607991695404053,Strong_Downtrend_LowVol
2024-10-18,Exclude_Strong_Downtrend_LowVol,96965.46806102475,0.0,0.0,0.7467433214187622,Strong_Downtrend_LowVol
2024-10-21,Exclude_Strong_Downtrend_LowVol,96965.46806102475,0.0,0.0,0.7944980263710022,Strong_Downtrend_LowVol
2024-10-22,Exclude_Strong_Downtrend_LowVol,96965.46806102475,0.0,0.0,0.8129313588142395,Strong_Downtrend_LowVol
2024-10-23,Exclude_Strong_Downtrend_LowVol,96965.46806102475,0.0,0.0,0.7620764970779419,Strong_Downtrend_LowVol
2024-10-24,Exclude_Strong_Downtrend_LowVol,96965.46806102475,0.0,0.0,0.7775447964668274,Strong_Downtrend_LowVol
2024-10-25,Exclude_Strong_Downtrend_LowVol,96965.46806102475,0.0,0.0,0.7742302417755127,Strong_Downtrend_LowVol
2024-10-28,Exclude_Strong_Downtrend_LowVol,96965.46806102475,0.0,0.0,0.7284544706344604,Strong_Downtrend_LowVol
2024-10-29,Exclude_Strong_Downtrend_LowVol,96965.46806102475,0.0,0.0,0.7427082061767578,Strong_Downtrend_LowVol
2024-10-30,Exclude_Strong_Downtrend_LowVol,96965.46806102475,0.0,0.0,0.7393041253089905,Strong_Downtrend_LowVol
2024-10-31,Exclude_Strong_Downtrend_LowVol,96965.46806102475,0.0,0.0,0.9053999185562134,Strong_Downtrend_LowVol
2024-11-01,Exclude_Strong_Downtrend_LowVol,96965.46806102475,0.0,0.0,0.9119563698768616,Strong_Downtrend_LowVol
2024-11-04,Exclude_Strong_Downtrend_LowVol,96965.46806102475,0.0,0.0,0.8962885141372681,Strong_Downtrend_LowVol
2024-11-05,Exclude_Strong_Downtrend_LowVol,96965.46806102475,0.0,0.0,0.8987098336219788,Strong_Downtrend_LowVol
2024-11-06,Exclude_Strong_Downtrend_LowVol,96965.46806102475,0.0,0.0,0.6782045960426331,Strong_Downtrend_HighVol
2024-11-07,Exclude_Strong_Downtrend_LowVol,96915.493048531,-0.0005153897928105167,1.0,0.7009809613227844,Strong_Downtrend_HighVol
2024-11-08,Exclude_Strong_Downtrend_LowVol,96821.58682436825,-0.0009689495581034491,1.0,0.7009809613227844,Strong_Downtrend_HighVol
2024-11-11,Exclude_Strong_Downtrend_LowVol,98066.4821325942,0.012857621415399478,1.0,0.5726436972618103,Weak_Downtrend
2024-11-12,Exclude_Strong_Downtrend_LowVol,98035.17221961745,-0.0003192723170636347,1.0,0.5741950869560242,Weak_Downtrend
2024-11-13,Exclude_Strong_Downtrend_LowVol,96902.25423440714,-0.011556240067313372,1.0,0.593315601348877,Strong_Downtrend_HighVol
2024-11-14,Exclude_Strong_Downtrend_LowVol,96795.09743873676,-0.0011058235591833165,1.0,0.6569667458534241,Strong_Downtrend_HighVol
2024-11-18,Exclude_Strong_Downtrend_LowVol,93751.49877461512,-0.031443727468201454,1.0,0.7046766877174377,Strong_Downtrend_HighVol
2024-11-19,Exclude_Strong_Downtrend_LowVol,94234.28634562838,0.005149651763689755,1.0,0.6871570348739624,Strong_Downtrend_HighVol
2024-11-21,Exclude_Strong_Downtrend_LowVol,95036.1222825964,0.008508961738481036,1.0,0.6869116425514221,Strong_Downtrend_HighVol
2024-11-22,Exclude_Strong_Downtrend_LowVol,99171.71147902859,0.04351597158115017,1.0,0.5649750232696533,Weak_Uptrend
2024-11-25,Exclude_Strong_Downtrend_LowVol,100605.37866428914,0.014456412659205942,0.0,0.4009934365749359,Strong_Uptrend_HighVol
2024-11-26,Exclude_Strong_Downtrend_LowVol,100605.37866428914,0.0,0.0,0.3805783689022064,Strong_Uptrend_HighVol
2024-11-27,Exclude_Strong_Downtrend_LowVol,100605.37866428914,0.0,0.0,0.3841496407985687,Strong_Uptrend_HighVol
2024-11-28,Exclude_Strong_Downtrend_LowVol,100605.37866428914,0.0,0.0,0.2898951768875122,Weak_Uptrend
2024-11-29,Exclude_Strong_Downtrend_LowVol,100605.37866428914,0.0,0.0,0.4073731303215027,Strong_Uptrend_HighVol
2024-12-02,Exclude_Strong_Downtrend_LowVol,100605.37866428914,0.0,0.0,0.3055686056613922,Strong_Uptrend_HighVol
2024-12-03,Exclude_Strong_Downtrend_LowVol,100605.37866428914,0.0,0.0,0.3819903135299682,Strong_Uptrend_HighVol
2024-12-04,Exclude_Strong_Downtrend_LowVol,100605.37866428914,0.0,0.0,0.4721872210502624,Strong_Uptrend_HighVol
2024-12-05,Exclude_Strong_Downtrend_LowVol,100605.37866428914,0.0,0.0,0.436297208070755,Strong_Uptrend_HighVol
2024-12-06,Exclude_Strong_Downtrend_LowVol,100605.37866428914,0.0,0.0,0.3573099076747894,Strong_Uptrend_HighVol
2024-12-09,Exclude_Strong_Downtrend_LowVol,100605.37866428914,0.0,0.0,0.4462079703807831,Strong_Uptrend_HighVol
2024-12-10,Exclude_Strong_Downtrend_LowVol,100605.37866428914,0.0,0.0,0.3232079446315765,Strong_Uptrend_HighVol
2024-12-11,Exclude_Strong_Downtrend_LowVol,100605.37866428914,0.0,0.0,0.3232079446315765,Strong_Uptrend_HighVol
2024-12-12,Exclude_Strong_Downtrend_LowVol,100605.37866428914,0.0,0.0,0.4023072421550751,Strong_Uptrend_HighVol
2024-12-13,Exclude_Strong_Downtrend_LowVol,100605.37866428914,0.0,0.0,0.4300086498260498,Strong_Uptrend_HighVol
2024-12-16,Exclude_Strong_Downtrend_LowVol,100605.37866428914,0.0,0.0,0.3563823699951172,Strong_Uptrend_HighVol
2024-12-17,Exclude_Strong_Downtrend_LowVol,100605.37866428914,0.0,0.0,0.415903240442276,Strong_Uptrend_HighVol
2024-12-18,Exclude_Strong_Downtrend_LowVol,100605.37866428914,0.0,0.0,0.3719558715820312,Strong_Uptrend_HighVol
2024-12-19,Exclude_Strong_Downtrend_LowVol,100605.37866428914,0.0,0.0,0.3065764605998993,Strong_Uptrend_HighVol
2024-12-20,Exclude_Strong_Downtrend_LowVol,100605.37866428914,0.0,0.0,0.568117082118988,Weak_Downtrend
2024-12-23,Exclude_Strong_Downtrend_LowVol,100605.37866428914,0.0,0.0,0.5576220750808716,Weak_Downtrend
2024-12-24,Exclude_Strong_Downtrend_LowVol,100605.37866428914,0.0,0.0,0.5937625169754028,Weak_Downtrend
2024-12-26,Exclude_Strong_Downtrend_LowVol,100605.37866428914,0.0,0.0,0.5832534432411194,Weak_Downtrend
2024-12-27,Exclude_Strong_Downtrend_LowVol,100605.37866428914,0.0,0.0,0.5656948685646057,Weak_Downtrend
2024-12-30,Exclude_Strong_Downtrend_LowVol,100605.37866428914,0.0,0.0,0.5315733551979065,Weak_Downtrend
2024-12-31,Exclude_Strong_Downtrend_LowVol,100605.37866428914,0.0,0.0,0.6027769446372986,Strong_Downtrend_LowVol
2025-01-01,Exclude_Strong_Downtrend_LowVol,100605.37866428914,0.0,0.0,0.3396520018577575,Strong_Downtrend_LowVol
2025-01-02,Exclude_Strong_Downtrend_LowVol,100605.37866428914,0.0,0.0,0.4462629556655884,Weak_Downtrend
2025-01-03,Exclude_Strong_Downtrend_LowVol,100605.37866428914,0.0,0.0,0.3802525699138641,Strong_Downtrend_LowVol
2025-01-06,Exclude_Strong_Downtrend_LowVol,100605.37866428914,0.0,0.0,0.6027769446372986,Strong_Downtrend_LowVol
2025-01-07,Exclude_Strong_Downtrend_LowVol,100605.37866428914,0.0,0.0,0.589745819568634,Strong_Downtrend_LowVol
2025-01-08,Exclude_Strong_Downtrend_LowVol,100605.37866428914,0.0,0.0,0.4721475541591644,Strong_Downtrend_LowVol
2025-01-09,Exclude_Strong_Downtrend_LowVol,100605.37866428914,0.0,0.0,0.5819497108459473,Strong_Downtrend_LowVol
2025-01-10,Exclude_Strong_Downtrend_LowVol,100605.37866428914,0.0,0.0,0.5834248661994934,Weak_Uptrend
2025-01-13,Exclude_Strong_Downtrend_LowVol,100605.37866428914,0.0,0.0,0.5351479053497314,Strong_Uptrend_HighVol
2025-01-14,Exclude_Strong_Downtrend_LowVol,100605.37866428914,0.0,0.0,0.6169790029525757,Weak_Uptrend
2025-01-15,Exclude_Strong_Downtrend_LowVol,100605.37866428914,0.0,0.0,0.6325839757919312,Weak_Uptrend
2025-01-16,Exclude_Strong_Downtrend_LowVol,100605.37866428914,0.0,0.0,0.6367969512939453,Weak_Downtrend
2025-01-17,Exclude_Strong_Downtrend_LowVol,100605.37866428914,0.0,0.0,0.5152623057365417,Strong_Downtrend_HighVol
2025-01-20,Exclude_Strong_Downtrend_LowVol,100605.37866428914,0.0,0.0,0.6982356905937195,Strong_Downtrend_HighVol
2025-01-21,Exclude_Strong_Downtrend_LowVol,100605.37866428914,0.0,0.0,0.6746646165847778,Strong_Downtrend_HighVol
2025-01-22,Exclude_Strong_Downtrend_LowVol,100605.37866428914,0.0,0.0,0.4914069771766662,Weak_Downtrend
2025-01-23,Exclude_Strong_Downtrend_LowVol,100605.37866428914,0.0,0.0,0.4914069771766662,Strong_Downtrend_HighVol
2025-01-24,Exclude_Strong_Downtrend_LowVol,100605.37866428914,0.0,0.0,0.4914069771766662,Weak_Downtrend
2025-01-27,Exclude_Strong_Downtrend_LowVol,100605.37866428914,0.0,0.0,0.5639668703079224,Strong_Downtrend_HighVol
2025-01-28,Exclude_Strong_Downtrend_LowVol,100605.37866428914,0.0,0.0,0.5229705572128296,Strong_Downtrend_HighVol
2025-01-29,Exclude_Strong_Downtrend_LowVol,100605.37866428914,0.0,0.0,0.592658281326294,Strong_Downtrend_HighVol
2025-01-30,Exclude_Strong_Downtrend_LowVol,100605.37866428914,0.0,0.0,0.592658281326294,Strong_Downtrend_HighVol
2025-01-31,Exclude_Strong_Downtrend_LowVol,100605.37866428914,0.0,0.0,0.5554901361465454,Strong_Downtrend_HighVol
2025-02-01,Exclude_Strong_Downtrend_LowVol,100555.4036517954,-0.0004967429491071762,1.0,0.7181596755981445,Strong_Downtrend_HighVol
2025-02-03,Exclude_Strong_Downtrend_LowVol,100444.97925710642,-0.001098144810510182,1.0,0.7153918743133545,Strong_Downtrend_HighVol
2025-02-04,Exclude_Strong_Downtrend_LowVol,101387.2650287563,0.009381113706419697,1.0,0.5213248133659363,Strong_Downtrend_HighVol
2025-02-05,Exclude_Strong_Downtrend_LowVol,100995.879085558,-0.0038603067464862972,1.0,0.6626167893409729,Strong_Downtrend_HighVol
2025-02-06,Exclude_Strong_Downtrend_LowVol,100641.1936014901,-0.0035118807547328545,0.0,0.6966712474822998,Strong_Downtrend_LowVol
2025-02-07,Exclude_Strong_Downtrend_LowVol,100641.1936014901,0.0,0.0,0.6849414706230164,Strong_Downtrend_LowVol
2025-02-10,Exclude_Strong_Downtrend_LowVol,100641.1936014901,0.0,0.0,0.6849414706230164,Strong_Downtrend_LowVol
2025-02-11,Exclude_Strong_Downtrend_LowVol,100641.1936014901,0.0,0.0,0.5199754238128662,Strong_Downtrend_LowVol
2025-02-12,Exclude_Strong_Downtrend_LowVol,100641.1936014901,0.0,0.0,0.5351260304450989,Strong_Downtrend_LowVol
2025-02-13,Exclude_Strong_Downtrend_LowVol,100641.1936014901,0.0,0.0,0.8337576985359192,Strong_Downtrend_LowVol
2025-02-14,Exclude_Strong_Downtrend_LowVol,100641.1936014901,0.0,0.0,0.5098326802253723,Strong_Downtrend_LowVol
2025-02-17,Exclude_Strong_Downtrend_LowVol,100641.1936014901,0.0,0.0,0.8371390700340271,Strong_Downtrend_LowVol
2025-02-18,Exclude_Strong_Downtrend_LowVol,100641.1936014901,0.0,0.0,0.9005553126335144,Strong_Downtrend_LowVol
2025-02-19,Exclude_Strong_Downtrend_LowVol,100641.1936014901,0.0,0.0,0.9314850568771362,Strong_Downtrend_LowVol
2025-02-20,Exclude_Strong_Downtrend_LowVol,100641.1936014901,0.0,0.0,0.9293535351753236,Strong_Downtrend_LowVol
2025-02-21,Exclude_Strong_Downtrend_LowVol,100641.1936014901,0.0,0.0,0.9348692297935486,Strong_Downtrend_LowVol
2025-02-24,Exclude_Strong_Downtrend_LowVol,100641.1936014901,0.0,0.0,0.9287832975387572,Strong_Downtrend_LowVol
2025-02-25,Exclude_Strong_Downtrend_LowVol,100641.1936014901,0.0,0.0,0.9299870729446412,Strong_Downtrend_LowVol
2025-02-27,Exclude_Strong_Downtrend_LowVol,100641.1936014901,0.0,0.0,0.9354568123817444,Strong_Downtrend_LowVol
2025-02-28,Exclude_Strong_Downtrend_LowVol,100641.1936014901,0.0,0.0,0.9313012957572936,Strong_Downtrend_LowVol
2025-03-03,Exclude_Strong_Downtrend_LowVol,100641.1936014901,0.0,0.0,0.9012481570243835,Strong_Downtrend_LowVol
2025-03-04,Exclude_Strong_Downtrend_LowVol,100641.1936014901,0.0,0.0,0.9005647897720337,Strong_Downtrend_LowVol
2025-03-05,Exclude_Strong_Downtrend_LowVol,100641.1936014901,0.0,0.0,0.8894710540771484,Strong_Downtrend_LowVol
2025-03-06,Exclude_Strong_Downtrend_LowVol,100641.1936014901,0.0,0.0,0.8298525214195251,Strong_Downtrend_LowVol
2025-03-07,Exclude_Strong_Downtrend_LowVol,100641.1936014901,0.0,0.0,0.8402940034866333,Strong_Downtrend_LowVol
2025-03-10,Exclude_Strong_Downtrend_LowVol,100641.1936014901,0.0,0.0,0.8483890295028687,Strong_Downtrend_LowVol
2025-03-11,Exclude_Strong_Downtrend_LowVol,100641.1936014901,0.0,0.0,0.8764618635177612,Strong_Downtrend_LowVol
2025-03-12,Exclude_Strong_Downtrend_LowVol,100641.1936014901,0.0,0.0,0.8382480144500732,Strong_Downtrend_LowVol
2025-03-13,Exclude_Strong_Downtrend_LowVol,100641.1936014901,0.0,0.0,0.8172340989112854,Strong_Downtrend_LowVol
2025-03-17,Exclude_Strong_Downtrend_LowVol,100641.1936014901,0.0,0.0,0.8106125593185425,Strong_Downtrend_LowVol
2025-03-18,Exclude_Strong_Downtrend_LowVol,100641.1936014901,0.0,0.0,0.8179736733436584,Strong_Downtrend_LowVol
2025-03-20,Exclude_Strong_Downtrend_LowVol,100591.21858899636,-0.0004965661743999705,1.0,0.8013614416122437,Strong_Downtrend_HighVol
2025-03-21,Exclude_Strong_Downtrend_LowVol,101010.58696697833,0.004169035665980481,1.0,0.7974686622619629,Strong_Downtrend_HighVol
2025-03-24,Exclude_Strong_Downtrend_LowVol,102436.97773604325,0.01412120067702638,1.0,0.7744424939155579,Strong_Downtrend_HighVol
2025-03-25,Exclude_Strong_Downtrend_LowVol,103244.84877119646,0.007886517671723103,1.0,0.7823407053947449,Strong_Downtrend_HighVol
2025-03-26,Exclude_Strong_Downtrend_LowVol,102629.13003125224,-0.00596367515931695,1.0,0.8817691206932068,Strong_Downtrend_HighVol
2025-03-27,Exclude_Strong_Downtrend_LowVol,102925.66773361605,0.0028894106602435077,0.0,0.8777562975883484,Strong_Downtrend_LowVol
2025-03-28,Exclude_Strong_Downtrend_LowVol,102925.66773361605,0.0,0.0,0.88265460729599,Strong_Downtrend_LowVol
2025-04-01,Exclude_Strong_Downtrend_LowVol,102925.66773361605,0.0,0.0,0.9332331418991088,Strong_Downtrend_LowVol
2025-04-02,Exclude_Strong_Downtrend_LowVol,102925.66773361605,0.0,0.0,0.9217604398727416,Strong_Downtrend_LowVol
2025-04-03,Exclude_Strong_Downtrend_LowVol,102875.69272112231,-0.00048554470030826025,1.0,0.8700207471847534,Strong_Downtrend_HighVol
2025-04-04,Exclude_Strong_Downtrend_LowVol,99828.5700876726,-0.029619461632301336,1.0,0.84055495262146,Strong_Downtrend_HighVol
2025-04-07,Exclude_Strong_Downtrend_LowVol,99084.04852235121,-0.00745800089761417,1.0,0.8669483661651611,Strong_Downtrend_HighVol
2025-04-08,Exclude_Strong_Downtrend_LowVol,99639.13594598137,0.005602187556001503,1.0,0.7657562494277954,Strong_Downtrend_HighVol
2025-04-09,Exclude_Strong_Downtrend_LowVol,98277.84738979304,-0.013662187485511179,1.0,0.8892604112625122,Strong_Downtrend_HighVol
2025-04-11,Exclude_Strong_Downtrend_LowVol,97834.35968535295,-0.004512590743681155,1.0,0.921689748764038,Strong_Downtrend_HighVol
2025-04-15,Exclude_Strong_Downtrend_LowVol,98324.83485830066,0.005013322257386266,1.0,0.9234642386436462,Strong_Downtrend_HighVol
2025-04-16,Exclude_Strong_Downtrend_LowVol,99076.70605817423,0.007646808672062466,1.0,0.8622910380363464,Strong_Downtrend_HighVol
2025-04-17,Exclude_Strong_Downtrend_LowVol,99813.88515931863,0.007440488591854866,1.0,0.7736369371414185,Strong_Downtrend_HighVol
2025-04-21,Exclude_Strong_Downtrend_LowVol,100480.5866428892,0.006679446276501633,1.0,0.5356848835945129,Strong_Downtrend_HighVol
2025-04-22,Exclude_Strong_Downtrend_LowVol,100269.11793829183,-0.0021045727504451772,1.0,0.7257519960403442,Strong_Downtrend_HighVol
2025-04-23,Exclude_Strong_Downtrend_LowVol,103017.60191189036,0.027411071625163874,0.0,0.3339495956897735,Strong_Downtrend_HighVol
2025-04-24,Exclude_Strong_Downtrend_LowVol,103017.60191189036,0.0,0.0,0.3408219814300537,Strong_Downtrend_HighVol
2025-04-25,Exclude_Strong_Downtrend_LowVol,103017.60191189036,0.0,0.0,0.3011215627193451,Strong_Downtrend_HighVol
2025-04-28,Exclude_Strong_Downtrend_LowVol,103017.60191189036,0.0,0.0,0.3011215627193451,Strong_Downtrend_HighVol
2025-04-29,Exclude_Strong_Downtrend_LowVol,103017.60191189036,0.0,0.0,0.3088956773281097,Strong_Downtrend_HighVol
2025-04-30,Exclude_Strong_Downtrend_LowVol,103017.60191189036,0.0,0.0,0.3119304180145263,Strong_Downtrend_HighVol
2025-05-02,Exclude_Strong_Downtrend_LowVol,103017.60191189036,0.0,0.0,0.3195918798446655,Strong_Downtrend_HighVol
2025-05-05,Exclude_Strong_Downtrend_LowVol,103017.60191189036,0.0,0.0,0.0899633169174194,Strong_Downtrend_HighVol
2025-05-06,Exclude_Strong_Downtrend_LowVol,103017.60191189036,0.0,0.0,0.0826934874057769,Strong_Downtrend_HighVol
2025-05-07,Exclude_Strong_Downtrend_LowVol,103017.60191189036,0.0,0.0,0.0829680934548378,Strong_Downtrend_LowVol
2025-05-08,Exclude_Strong_Downtrend_LowVol,103017.60191189036,0.0,0.0,0.081339031457901,Strong_Downtrend_LowVol
2025-05-09,Exclude_Strong_Downtrend_LowVol,103017.60191189036,0.0,0.0,0.0826145634055137,Strong_Downtrend_LowVol
2025-05-12,Exclude_Strong_Downtrend_LowVol,103017.60191189036,0.0,0.0,0.2193900197744369,Strong_Uptrend_HighVol
2025-05-13,Exclude_Strong_Downtrend_LowVol,103017.60191189036,0.0,0.0,0.1284363120794296,Weak_Uptrend
2025-05-14,Exclude_Strong_Downtrend_LowVol,103017.60191189036,0.0,0.0,0.1629817634820938,Strong_Uptrend_HighVol
2025-05-15,Exclude_Strong_Downtrend_LowVol,103017.60191189036,0.0,0.0,0.2577900290489197,Strong_Uptrend_HighVol
2025-05-16,Exclude_Strong_Downtrend_LowVol,103017.60191189036,0.0,0.0,0.2359750717878341,Strong_Uptrend_HighVol
2025-05-19,Exclude_Strong_Downtrend_LowVol,103017.60191189036,0.0,0.0,0.1506282389163971,Weak_Uptrend
2025-05-20,Exclude_Strong_Downtrend_LowVol,103017.60191189036,0.0,0.0,0.1483691036701202,Weak_Uptrend
2025-05-21,Exclude_Strong_Downtrend_LowVol,103017.60191189036,0.0,0.0,0.1527998149394989,Weak_Uptrend
2025-05-22,Exclude_Strong_Downtrend_LowVol,103017.60191189036,0.0,0.0,0.1515970677137375,Weak_Uptrend
2025-05-23,Exclude_Strong_Downtrend_LowVol,103017.60191189036,0.0,0.0,0.1452295333147049,Weak_Uptrend
2025-05-26,Exclude_Strong_Downtrend_LowVol,103017.60191189036,0.0,0.0,0.1492395401000976,Strong_Uptrend_HighVol
2025-05-27,Exclude_Strong_Downtrend_LowVol,103017.60191189036,0.0,0.0,0.1209469586610794,Weak_Uptrend
2025-05-28,Exclude_Strong_Downtrend_LowVol,103017.60191189036,0.0,0.0,0.1188810318708419,Weak_Uptrend
2025-05-29,Exclude_Strong_Downtrend_LowVol,103017.60191189036,0.0,0.0,0.1247487217187881,Weak_Uptrend
2025-05-30,Exclude_Strong_Downtrend_LowVol,103017.60191189036,0.0,0.0,0.1277496218681335,Weak_Downtrend
2025-06-02,Exclude_Strong_Downtrend_LowVol,103017.60191189036,0.0,0.0,0.1162265315651893,Weak_Downtrend
2025-06-03,Exclude_Strong_Downtrend_LowVol,103017.60191189036,0.0,0.0,0.0950516462326049,Strong_Downtrend_HighVol
2025-06-04,Exclude_Strong_Downtrend_LowVol,103017.60191189036,0.0,0.0,0.0978474020957946,Strong_Downtrend_HighVol
2025-06-05,Exclude_Strong_Downtrend_LowVol,103017.60191189036,0.0,0.0,0.1197066605091095,Strong_Downtrend_HighVol
2025-06-06,Exclude_Strong_Downtrend_LowVol,103017.60191189036,0.0,0.0,0.1163363680243492,Strong_Downtrend_HighVol
2025-06-09,Exclude_Strong_Downtrend_LowVol,103017.60191189036,0.0,0.0,0.1302157342433929,Weak_Downtrend
2025-06-10,Exclude_Strong_Downtrend_LowVol,103017.60191189036,0.0,0.0,0.1550361812114715,Weak_Uptrend
2025-06-11,Exclude_Strong_Downtrend_LowVol,103017.60191189036,0.0,0.0,0.1032899543642997,Strong_Uptrend_LowVol
2025-06-12,Exclude_Strong_Downtrend_LowVol,103017.60191189036,0.0,0.0,0.1089804843068122,Weak_Downtrend
2025-06-13,Exclude_Strong_Downtrend_LowVol,103017.60191189036,0.0,0.0,0.0992893651127815,Weak_Uptrend
2025-06-16,Exclude_Strong_Downtrend_LowVol,103017.60191189036,0.0,0.0,0.0993753224611282,Strong_Uptrend_LowVol
2025-06-17,Exclude_Strong_Downtrend_LowVol,103017.60191189036,0.0,0.0,0.1051598191261291,Strong_Uptrend_LowVol
2025-06-18,Exclude_Strong_Downtrend_LowVol,103017.60191189036,0.0,0.0,0.0958040654659271,Weak_Uptrend
2025-06-19,Exclude_Strong_Downtrend_LowVol,103017.60191189036,0.0,0.0,0.1013682037591934,Weak_Downtrend
2025-06-20,Exclude_Strong_Downtrend_LowVol,103017.60191189036,0.0,0.0,0.3934091031551361,Weak_Downtrend
2025-06-23,Exclude_Strong_Downtrend_LowVol,103017.60191189036,0.0,0.0,0.3587758839130401,Strong_Downtrend_LowVol
2025-06-24,Exclude_Strong_Downtrend_LowVol,103017.60191189036,0.0,0.0,0.3609920144081116,Strong_Downtrend_LowVol
2025-06-25,Exclude_Strong_Downtrend_LowVol,103017.60191189036,0.0,0.0,0.4100512862205505,Weak_Downtrend
2025-06-26,Exclude_Strong_Downtrend_LowVol,103017.60191189036,0.0,0.0,0.4143960773944855,Weak_Downtrend
2025-06-27,Exclude_Strong_Downtrend_LowVol,103017.60191189036,0.0,0.0,0.4194229245185852,Weak_Downtrend
2025-06-30,Exclude_Strong_Downtrend_LowVol,103017.60191189036,0.0,0.0,0.428266316652298,Weak_Uptrend
2025-07-01,Exclude_Strong_Downtrend_LowVol,103017.60191189036,0.0,0.0,0.4627661406993866,Weak_Downtrend
2025-07-02,Exclude_Strong_Downtrend_LowVol,103017.60191189036,0.0,0.0,0.4256802499294281,Strong_Downtrend_LowVol
2025-07-03,Exclude_Strong_Downtrend_LowVol,103017.60191189036,0.0,0.0,0.4410309493541717,Strong_Downtrend_LowVol
2025-07-04,Exclude_Strong_Downtrend_LowVol,103017.60191189036,0.0,0.0,0.4267217218875885,Strong_Downtrend_LowVol
2025-07-07,Exclude_Strong_Downtrend_LowVol,103017.60191189036,0.0,0.0,0.4858576357364654,Strong_Downtrend_LowVol
2025-07-08,Exclude_Strong_Downtrend_LowVol,103017.60191189036,0.0,0.0,0.4988323450088501,Strong_Downtrend_LowVol
2025-07-09,Exclude_Strong_Downtrend_LowVol,103017.60191189036,0.0,0.0,0.5903850197792053,Strong_Downtrend_LowVol
2025-07-10,Exclude_Strong_Downtrend_LowVol,103017.60191189036,0.0,0.0,0.5856637954711914,Strong_Downtrend_LowVol
2025-07-11,Exclude_Strong_Downtrend_LowVol,103017.60191189036,0.0,0.0,0.6179961562156677,Strong_Downtrend_LowVol
2025-07-14,Exclude_Strong_Downtrend_LowVol,103017.60191189036,0.0,0.0,0.7899230122566223,Strong_Downtrend_LowVol
2025-07-15,Exclude_Strong_Downtrend_LowVol,103017.60191189036,0.0,0.0,0.6237364411354065,Strong_Downtrend_LowVol
2025-07-16,Exclude_Strong_Downtrend_LowVol,103017.60191189036,0.0,0.0,0.6595312356948853,Strong_Downtrend_LowVol
2025-07-17,Exclude_Strong_Downtrend_LowVol,103017.60191189036,0.0,0.0,0.8487604260444641,Strong_Downtrend_LowVol
2025-07-18,Exclude_Strong_Downtrend_LowVol,103017.60191189036,0.0,0.0,0.855604350566864,Strong_Downtrend_LowVol
2025-07-21,Exclude_Strong_Downtrend_LowVol,103017.60191189036,0.0,0.0,0.9633575081825256,Strong_Downtrend_LowVol
2025-07-22,Exclude_Strong_Downtrend_LowVol,103017.60191189036,0.0,0.0,0.9082272052764891,Strong_Downtrend_LowVol
2025-07-23,Exclude_Strong_Downtrend_LowVol,103017.60191189036,0.0,0.0,0.9015192985534668,Strong_Downtrend_LowVol
2025-07-24,Exclude_Strong_Downtrend_LowVol,103017.60191189036,0.0,0.0,0.8990585207939148,Strong_Downtrend_LowVol
2025-07-25,Exclude_Strong_Downtrend_LowVol,103017.60191189036,0.0,0.0,0.8785457611083984,Strong_Downtrend_LowVol
2025-07-28,Exclude_Strong_Downtrend_LowVol,103017.60191189036,0.0,0.0,0.9403479695320128,Strong_Downtrend_LowVol
2025-07-29,Exclude_Strong_Downtrend_LowVol,103017.60191189036,0.0,0.0,0.9349173903465272,Strong_Downtrend_LowVol
2025-07-30,Exclude_Strong_Downtrend_LowVol,103017.60191189036,0.0,0.0,0.9206264019012452,Strong_Downtrend_LowVol
2025-07-31,Exclude_Strong_Downtrend_LowVol,103017.60191189036,0.0,0.0,0.9206264019012452,Strong_Downtrend_LowVol
2025-08-01,Exclude_Strong_Downtrend_LowVol,103017.60191189036,0.0,0.0,0.9125279784202576,Strong_Downtrend_LowVol
2025-08-04,Exclude_Strong_Downtrend_LowVol,103017.60191189036,0.0,0.0,0.9366900324821472,Strong_Downtrend_LowVol
2025-08-05,Exclude_Strong_Downtrend_LowVol,103017.60191189036,0.0,0.0,0.941231369972229,Strong_Downtrend_LowVol
2025-08-06,Exclude_Strong_Downtrend_LowVol,103017.60191189036,0.0,0.0,0.941231369972229,Strong_Downtrend_LowVol
2025-08-07,Exclude_Strong_Downtrend_LowVol,103017.60191189036,0.0,0.0,0.987498104572296,Strong_Downtrend_LowVol
2025-08-08,Exclude_Strong_Downtrend_LowVol,103017.60191189036,0.0,0.0,0.9880080223083496,Strong_Downtrend_LowVol
2025-08-11,Exclude_Strong_Downtrend_LowVol,103017.60191189036,0.0,0.0,0.9852622151374816,Strong_Downtrend_LowVol
2025-08-12,Exclude_Strong_Downtrend_LowVol,103017.60191189036,0.0,0.0,0.9842133522033693,Strong_Downtrend_LowVol
2025-08-13,Exclude_Strong_Downtrend_LowVol,103017.60191189036,0.0,0.0,0.9842133522033693,Strong_Downtrend_LowVol
2025-08-14,Exclude_Strong_Downtrend_LowVol,103017.60191189036,0.0,0.0,0.9842133522033693,Strong_Downtrend_LowVol
2025-08-18,Exclude_Strong_Downtrend_LowVol,103017.60191189036,0.0,0.0,0.9858249425888062,Strong_Downtrend_LowVol
2025-08-19,Exclude_Strong_Downtrend_LowVol,103017.60191189036,0.0,0.0,0.986070454120636,Strong_Downtrend_LowVol
2025-08-20,Exclude_Strong_Downtrend_LowVol,103017.60191189036,0.0,0.0,0.9712477922439576,Strong_Downtrend_LowVol
2025-08-21,Exclude_Strong_Downtrend_LowVol,103017.60191189036,0.0,0.0,0.9708141684532166,Strong_Downtrend_LowVol
2025-08-22,Exclude_Strong_Downtrend_LowVol,103017.60191189036,0.0,0.0,0.9770167469978333,Strong_Downtrend_LowVol
2025-08-25,Exclude_Strong_Downtrend_LowVol,103017.60191189036,0.0,0.0,0.9736238718032836,Strong_Downtrend_LowVol
2025-08-26,Exclude_Strong_Downtrend_LowVol,103017.60191189036,0.0,0.0,0.971051812171936,Strong_Downtrend_LowVol
2025-08-28,Exclude_Strong_Downtrend_LowVol,103017.60191189036,0.0,0.0,0.9713123440742492,Strong_Downtrend_LowVol
2025-08-29,Exclude_Strong_Downtrend_LowVol,103017.60191189036,0.0,0.0,0.9690134525299072,Strong_Downtrend_LowVol
2025-09-01,Exclude_Strong_Downtrend_LowVol,103017.60191189036,0.0,0.0,0.9727265238761902,Strong_Downtrend_LowVol
2025-09-02,Exclude_Strong_Downtrend_LowVol,103017.60191189036,0.0,0.0,0.9643352627754213,Strong_Downtrend_LowVol
2025-09-03,Exclude_Strong_Downtrend_LowVol,103017.60191189036,0.0,0.0,0.9579710960388184,Strong_Downtrend_LowVol
2025-09-04,Exclude_Strong_Downtrend_LowVol,103017.60191189036,0.0,0.0,0.9535793662071228,Strong_Downtrend_LowVol
2025-09-05,Exclude_Strong_Downtrend_LowVol,103017.60191189036,0.0,0.0,0.9670253992080688,Strong_Downtrend_LowVol
2025-09-08,Exclude_Strong_Downtrend_LowVol,103017.60191189036,0.0,0.0,0.9691795706748962,Strong_Downtrend_LowVol
2025-09-09,Exclude_Strong_Downtrend_LowVol,103017.60191189036,0.0,0.0,0.9670253992080688,Strong_Downtrend_LowVol
2025-09-10,Exclude_Strong_Downtrend_LowVol,102967.62689939661,-0.0004851113942304641,1.0,0.9643352627754213,Weak_Downtrend
2025-09-11,Exclude_Strong_Downtrend_LowVol,103423.98878828739,0.004432090965218238,1.0,0.9641016721725464,Weak_Downtrend
2025-09-12,Exclude_Strong_Downtrend_LowVol,103719.65931867734,0.002858819639950161,1.0,0.9628449082374572,Weak_Downtrend
2025-09-15,Exclude_Strong_Downtrend_LowVol,103028.68647712383,-0.006661927411759971,1.0,0.9638316035270692,Weak_Downtrend
2025-09-16,Exclude_Strong_Downtrend_LowVol,104114.96162984087,0.010543424262311918,1.0,0.956531822681427,Weak_Uptrend
2025-09-17,Exclude_Strong_Downtrend_LowVol,104985.91193141838,0.008365275152998564,1.0,0.937637746334076,Strong_Uptrend_LowVol
2025-09-18,Exclude_Strong_Downtrend_LowVol,105111.24805254594,0.0011938375237379173,1.0,0.9417906999588012,Strong_Uptrend_LowVol
2025-09-19,Exclude_Strong_Downtrend_LowVol,104870.21101479471,-0.002293161219346751,1.0,0.942858338356018,Strong_Uptrend_LowVol
2025-09-22,Exclude_Strong_Downtrend_LowVol,101804.22303310227,-0.029236023767129637,1.0,0.9547319412231444,Weak_Downtrend
2025-09-23,Exclude_Strong_Downtrend_LowVol,101235.64476063735,-0.005585016569303214,0.0,0.9566178917884828,Strong_Downtrend_LowVol
2025-09-24,Exclude_Strong_Downtrend_LowVol,101235.64476063735,0.0,0.0,0.9583116769790648,Strong_Downtrend_LowVol
2025-09-25,Exclude_Strong_Downtrend_LowVol,101235.64476063735,0.0,0.0,0.9579023718833924,Strong_Downtrend_LowVol
2025-09-26,Exclude_Strong_Downtrend_LowVol,101235.64476063735,0.0,0.0,0.9653401374816896,Strong_Downtrend_LowVol
2025-09-29,Exclude_Strong_Downtrend_LowVol,101235.64476063735,0.0,0.0,0.962936282157898,Strong_Downtrend_LowVol
2025-09-30,Exclude_Strong_Downtrend_LowVol,101235.64476063735,0.0,0.0,0.962936282157898,Strong_Downtrend_LowVol
2025-10-01,Exclude_Strong_Downtrend_LowVol,101235.64476063735,0.0,0.0,0.962936282157898,Strong_Downtrend_LowVol
2025-10-03,Exclude_Strong_Downtrend_LowVol,101235.64476063735,0.0,0.0,0.962936282157898,Strong_Downtrend_LowVol
2025-10-06,Exclude_Strong_Downtrend_LowVol,101185.66974814361,-0.0004936503601266073,1.0,0.968123733997345,Strong_Downtrend_HighVol
2025-10-07,Exclude_Strong_Downtrend_LowVol,100694.01517213063,-0.00485893483965405,1.0,0.9727320671081544,Strong_Downtrend_HighVol
2025-10-08,Exclude_Strong_Downtrend_LowVol,102483.3762053169,0.017770281879488703,1.0,0.9827795028686525,Weak_Downtrend
2025-10-09,Exclude_Strong_Downtrend_LowVol,103637.2632267174,0.011259260419844042,1.0,0.9763903617858888,Weak_Uptrend
2025-10-10,Exclude_Strong_Downtrend_LowVol,102520.17007221025,-0.010778875471300187,1.0,0.977544903755188,Weak_Downtrend
2025-10-13,Exclude_Strong_Downtrend_LowVol,101814.45619291083,-0.006883658881977617,1.0,0.9746813774108888,Strong_Downtrend_HighVol
2025-10-14,Exclude_Strong_Downtrend_LowVol,100245.84203002957,-0.015406595699034797,1.0,0.9604268074035645,Strong_Downtrend_HighVol
2025-10-15,Exclude_Strong_Downtrend_LowVol,100563.57903592245,0.0031695779042655303,1.0,0.9647738337516784,Strong_Downtrend_HighVol
2025-10-16,Exclude_Strong_Downtrend_LowVol,100593.67717026973,0.00029929458195332437,1.0,0.9654051661491394,Strong_Downtrend_HighVol
2025-10-17,Exclude_Strong_Downtrend_LowVol,100309.38616499714,-0.0028261319525221262,1.0,0.9611329436302184,Strong_Downtrend_HighVol
2025-10-20,Exclude_Strong_Downtrend_LowVol,102082.02419787327,0.0176717065136891,1.0,0.9703359007835388,Weak_Downtrend
2025-10-21,Exclude_Strong_Downtrend_LowVol,101797.73319260067,-0.0027849271946404075,1.0,0.9728695750236512,Weak_Downtrend
2025-10-23,Exclude_Strong_Downtrend_LowVol,104021.89223385091,0.021848807154105643,1.0,0.9475018382072448,Weak_Uptrend
2025-10-24,Exclude_Strong_Downtrend_LowVol,103687.43222764786,-0.0032152847734316925,1.0,0.9506400227546692,Weak_Uptrend
2025-10-27,Exclude_Strong_Downtrend_LowVol,104413.20880800298,0.006999658152992527,1.0,0.9327623844146729,Weak_Uptrend
2025-10-28,Exclude_Strong_Downtrend_LowVol,103510.16679125476,-0.00864873349892692,1.0,0.9506400227546692,Weak_Uptrend
2025-10-29,Exclude_Strong_Downtrend_LowVol,103500.13952349067,-9.687229839283606e-05,1.0,0.9506400227546692,Weak_Uptrend
2025-10-30,Exclude_Strong_Downtrend_LowVol,102754.29207655237,-0.007206245811572143,1.0,0.9624971151351928,Weak_Downtrend
2025-10-31,Exclude_Strong_Downtrend_LowVol,103513.51465752778,0.007388718910250169,1.0,0.9663246273994446,Weak_Uptrend
2025-11-03,Exclude_Strong_Downtrend_LowVol,102135.54106507674,-0.01331201628125589,1.0,0.9699298739433287,Weak_Downtrend
2025-11-04,Exclude_Strong_Downtrend_LowVol,101094.14711453833,-0.010196195562080401,0.0,0.966317057609558,Strong_Downtrend_LowVol
2025-11-06,Exclude_Strong_Downtrend_LowVol,101094.14711453833,0.0,0.0,0.963252067565918,Strong_Downtrend_LowVol
2025-11-07,Exclude_Strong_Downtrend_LowVol,101094.14711453833,0.0,0.0,0.9678396582603456,Strong_Downtrend_LowVol
2025-11-10,Exclude_Strong_Downtrend_LowVol,101044.17210204458,-0.0004943413038256406,1.0,0.9661006927490234,Weak_Downtrend
2025-11-11,Exclude_Strong_Downtrend_LowVol,101764.42711337232,0.007128120270017746,1.0,0.9406864643096924,Weak_Uptrend
2025-11-12,Exclude_Strong_Downtrend_LowVol,104566.14836688139,0.027531440337081214,1.0,0.8606312274932861,Strong_Uptrend_LowVol
2025-11-13,Exclude_Strong_Downtrend_LowVol,103703.82341149851,-0.00824669330228478,1.0,0.8599051833152771,Strong_Uptrend_LowVol
2025-11-14,Exclude_Strong_Downtrend_LowVol,103713.7367687485,9.559297742223194e-05,1.0,0.8599051833152771,Strong_Uptrend_LowVol
2025-11-17,Exclude_Strong_Downtrend_LowVol,103588.186398044,-0.0012105471716291616,1.0,0.8599051833152771,Strong_Uptrend_LowVol
2025-11-18,Exclude_Strong_Downtrend_LowVol,103089.30012257327,-0.004816053768464723,1.0,0.9306931495666504,Strong_Uptrend_LowVol
2025-11-19,Exclude_Strong_Downtrend_LowVol,105091.46757295274,0.019421680504173366,1.0,0.8328841328620911,Strong_Uptrend_LowVol
2025-11-20,Exclude_Strong_Downtrend_LowVol,104995.65727399818,-0.0009116848509899134,1.0,0.9005966186523438,Strong_Uptrend_LowVol
2025-11-21,Exclude_Strong_Downtrend_LowVol,105187.28593810525,0.0018251103815369873,1.0,0.9034711718559264,Strong_Uptrend_LowVol
2025-11-24,Exclude_Strong_Downtrend_LowVol,104876.71311939435,-0.0029525699417100038,1.0,0.91062593460083,Strong_Uptrend_LowVol
2025-11-25,Exclude_Strong_Downtrend_LowVol,104149.85189196595,-0.00693062554888535,1.0,0.9159547090530396,Strong_Uptrend_LowVol
2025-11-26,Exclude_Strong_Downtrend_LowVol,105593.66098957279,0.01386280509649196,1.0,0.9081119894981384,Strong_Uptrend_LowVol
2025-11-27,Exclude_Strong_Downtrend_LowVol,104724.73788428718,-0.008228932467559846,1.0,0.9089021682739258,Strong_Uptrend_LowVol
2025-11-28,Exclude_Strong_Downtrend_LowVol,104754.46988983917,0.0002839062303008344,1.0,0.91062593460083,Strong_Uptrend_LowVol
2025-12-01,Exclude_Strong_Downtrend_LowVol,104619.0061618847,-0.001293154631940019,1.0,0.9055212140083312,Strong_Uptrend_LowVol
2025-12-02,Exclude_Strong_Downtrend_LowVol,104694.99781253726,0.0007263656331715218,1.0,0.9086408615112304,Strong_Uptrend_LowVol
2025-12-03,Exclude_Strong_Downtrend_LowVol,106158.63362464405,0.013979997542265865,1.0,0.9030855298042296,Strong_Uptrend_LowVol
2025-12-04,Exclude_Strong_Downtrend_LowVol,107784.15802910797,0.015312220485160566,1.0,0.8852713108062744,Strong_Uptrend_LowVol
2025-12-05,Exclude_Strong_Downtrend_LowVol,108081.5103494196,0.0027587757398570556,1.0,0.8541183471679688,Strong_Uptrend_LowVol
2025-12-08,Exclude_Strong_Downtrend_LowVol,108025.34541326699,-0.0005196535093840993,1.0,0.9100547432899476,Strong_Uptrend_LowVol
2025-12-09,Exclude_Strong_Downtrend_LowVol,107093.64308953016,-0.008624849290436942,1.0,0.9096060395240784,Strong_Uptrend_LowVol
2025-12-10,Exclude_Strong_Downtrend_LowVol,106462.59216105634,-0.005892515281661126,1.0,0.9117956757545472,Strong_Uptrend_LowVol
2025-12-11,Exclude_Strong_Downtrend_LowVol,106551.79624391023,0.0008378913291811063,1.0,0.911511480808258,Strong_Uptrend_LowVol
2025-12-12,Exclude_Strong_Downtrend_LowVol,107496.71906604632,0.008868201714526291,1.0,0.9147669672966005,Strong_Uptrend_LowVol
2025-12-15,Exclude_Strong_Downtrend_LowVol,107817.19717580927,0.002981282708415023,1.0,0.9173659682273864,Strong_Uptrend_LowVol
2025-12-16,Exclude_Strong_Downtrend_LowVol,106987.91943332562,-0.007691516420440969,1.0,0.915477454662323,Strong_Uptrend_LowVol
2025-12-17,Exclude_Strong_Downtrend_LowVol,107407.51498319244,0.003921896528965574,1.0,0.912119209766388,Strong_Uptrend_LowVol
2025-12-18,Exclude_Strong_Downtrend_LowVol,109488.98122537376,0.019379149052159317,1.0,0.8625403046607971,Strong_Uptrend_LowVol
2025-12-19,Exclude_Strong_Downtrend_LowVol,109528.62658817573,0.00036209454465896407,1.0,0.8110222816467285,Strong_Uptrend_LowVol
2025-12-22,Exclude_Strong_Downtrend_LowVol,110946.00275518194,0.012940691499177648,1.0,0.7777234315872192,Strong_Uptrend_LowVol
2025-12-23,Exclude_Strong_Downtrend_LowVol,110453.72269581188,-0.004437113975672813,1.0,0.6881771087646484,Strong_Uptrend_LowVol
2025-12-24,Exclude_Strong_Downtrend_LowVol,110751.07501612349,0.0026920986731293617,1.0,0.6359147429466248,Strong_Uptrend_LowVol
2025-12-26,Exclude_Strong_Downtrend_LowVol,109462.54829477314,-0.01163443985679391,1.0,0.5904250741004944,Strong_Uptrend_LowVol
2025-12-29,Exclude_Strong_Downtrend_LowVol,108520.93261378635,-0.008602172118733153,1.0,0.6342337727546692,Strong_Uptrend_LowVol
2025-12-30,Exclude_Strong_Downtrend_LowVol,108365.65023752986,-0.0014308979154199486,1.0,0.6397947669029236,Strong_Uptrend_LowVol
2025-12-31,Exclude_Strong_Downtrend_LowVol,107024.25765497827,-0.012378392780473813,1.0,0.6781485676765442,Strong_Uptrend_LowVol
2026-01-01,Exclude_Strong_Downtrend_LowVol,107724.68595180607,0.0065445751474944025,1.0,0.6353537440299988,Strong_Uptrend_LowVol
2026-01-02,Exclude_Strong_Downtrend_LowVol,108494.49968318571,0.007146121843641717,1.0,0.6343141794204712,Strong_Uptrend_LowVol
2026-01-05,Exclude_Strong_Downtrend_LowVol,107351.35004703981,-0.01053647548478498,1.0,0.7173580527305603,Strong_Uptrend_LowVol
2026-01-06,Exclude_Strong_Downtrend_LowVol,108663.0025578415,0.012218314070823855,1.0,0.7044039964675903,Strong_Uptrend_LowVol
2026-01-07,Exclude_Strong_Downtrend_LowVol,109977.96220979246,0.012101263732805512,1.0,0.6318003535270691,Strong_Uptrend_LowVol
2026-01-08,Exclude_Strong_Downtrend_LowVol,106948.26600432572,-0.027548211883462015,1.0,0.8231950402259827,Weak_Uptrend
2026-01-09,Exclude_Strong_Downtrend_LowVol,107077.1235161795,0.001204858355053462,1.0,0.8598480820655823,Weak_Uptrend
2026-01-12,Exclude_Strong_Downtrend_LowVol,108127.76999452016,0.009812053628634354,1.0,0.8318573236465454,Strong_Uptrend_LowVol
2026-01-13,Exclude_Strong_Downtrend_LowVol,109066.07853435766,0.008677775745167482,1.0,0.8175870180130005,Strong_Uptrend_LowVol
2026-01-14,Exclude_Strong_Downtrend_LowVol,106571.62295841017,-0.022871048537439598,1.0,0.827639102935791,Weak_Uptrend
2026-01-15,Exclude_Strong_Downtrend_LowVol,106571.62295841017,0.0,1.0,0.8406797647476196,Weak_Uptrend
2026-01-19,Exclude_Strong_Downtrend_LowVol,105616.79484522202,-0.008959496784249787,1.0,0.869513213634491,Weak_Downtrend
2026-01-20,Exclude_Strong_Downtrend_LowVol,103467.17696236688,-0.02035299296864035,0.0,0.8401575088500977,Strong_Downtrend_LowVol
2026-01-21,Exclude_Strong_Downtrend_LowVol,103467.17696236688,0.0,0.0,0.8438032865524292,Strong_Downtrend_LowVol
2026-01-22,Exclude_Strong_Downtrend_LowVol,103467.17696236688,0.0,0.0,0.8300250172615051,Strong_Downtrend_LowVol
2026-01-23,Exclude_Strong_Downtrend_LowVol,103417.20194987314,-0.00048300353755581504,1.0,0.8224173784255981,Weak_Downtrend
2026-01-27,Exclude_Strong_Downtrend_LowVol,103113.11601597749,-0.0029403805958997387,0.0,0.8477258086204529,Strong_Downtrend_LowVol
2026-01-28,Exclude_Strong_Downtrend_LowVol,103063.14100348373,-0.00048466203354780024,1.0,0.9137017726898192,Weak_Downtrend
2026-01-29,Exclude_Strong_Downtrend_LowVol,101113.04965422134,-0.018921326579756315,0.0,0.8514362573623657,Strong_Downtrend_LowVol
2026-01-30,Exclude_Strong_Downtrend_LowVol,101113.04965422134,0.0,0.0,0.8841233253479004,Strong_Downtrend_LowVol
2026-02-02,Exclude_Strong_Downtrend_LowVol,101063.07464172758,-0.0004942488893833197,1.0,0.8755874633789062,Weak_Downtrend
2026-02-03,Exclude_Strong_Downtrend_LowVol,102819.5143627979,0.017379638679081877,1.0,0.8813784718513489,Weak_Uptrend
2026-02-04,Exclude_Strong_Downtrend_LowVol,95686.53541428022,-0.06937378563517627,1.0,0.5002995729446411,Strong_Downtrend_HighVol
2026-02-05,Exclude_Strong_Downtrend_LowVol,95232.13736137457,-0.004748819161842555,0.0,0.4957831799983978,Strong_Downtrend_HighVol
2026-02-06,Exclude_Strong_Downtrend_LowVol,95232.13736137457,0.0,0.0,0.5736830234527588,Strong_Downtrend_HighVol
2026-02-09,Exclude_Strong_Downtrend_LowVol,95232.13736137457,0.0,0.0,0.5795756578445435,Strong_Downtrend_HighVol
2026-02-10,Exclude_Strong_Downtrend_LowVol,95232.13736137457,0.0,0.0,0.6162283420562744,Strong_Downtrend_HighVol
2026-02-11,Exclude_Strong_Downtrend_LowVol,95232.13736137457,0.0,0.0,0.6090642809867859,Strong_Downtrend_HighVol
2026-02-12,Exclude_Strong_Downtrend_LowVol,95232.13736137457,0.0,0.0,0.575156569480896,Strong_Downtrend_HighVol
2026-02-13,Exclude_Strong_Downtrend_LowVol,95232.13736137457,0.0,0.0,0.6834486126899719,Strong_Downtrend_HighVol
2026-02-16,Exclude_Strong_Downtrend_LowVol,95232.13736137457,0.0,0.0,0.6886090040206909,Strong_Downtrend_HighVol
2026-02-17,Exclude_Strong_Downtrend_LowVol,95232.13736137457,0.0,0.0,0.6886090040206909,Strong_Downtrend_HighVol
2026-02-18,Exclude_Strong_Downtrend_LowVol,95232.13736137457,0.0,0.0,0.6886090040206909,Strong_Downtrend_HighVol
2026-02-19,Exclude_Strong_Downtrend_LowVol,95232.13736137457,0.0,0.0,0.6999552249908447,Strong_Downtrend_HighVol
2026-02-20,Exclude_Strong_Downtrend_LowVol,95232.13736137457,0.0,0.0,0.6886090040206909,Strong_Downtrend_HighVol
2026-02-23,Exclude_Strong_Downtrend_LowVol,95182.16234888081,-0.000524770459620294,1.0,0.7108128666877747,Strong_Downtrend_HighVol
2026-02-24,Exclude_Strong_Downtrend_LowVol,91350.42370322594,-0.04025689846811853,1.0,0.5692920088768005,Strong_Downtrend_HighVol
2026-02-25,Exclude_Strong_Downtrend_LowVol,93426.88413317037,0.02273071482065947,1.0,0.7124689221382141,Strong_Downtrend_HighVol
2026-02-26,Exclude_Strong_Downtrend_LowVol,94114.0532343445,0.007355153792720115,1.0,0.7124689221382141,Strong_Downtrend_HighVol
2026-02-27,Exclude_Strong_Downtrend_LowVol,93729.3840571368,-0.0040872660775735925,1.0,0.7124689221382141,Strong_Downtrend_HighVol
2026-03-02,Exclude_Strong_Downtrend_LowVol,92836.81005837955,-0.009522883434432416,1.0,0.7124689221382141,Strong_Downtrend_HighVol
2026-03-04,Exclude_Strong_Downtrend_LowVol,91877.01081504306,-0.010338563364390985,1.0,0.612808108329773,Strong_Downtrend_HighVol
2026-03-05,Exclude_Strong_Downtrend_LowVol,91540.89370990703,-0.003658337402951295,1.0,0.6381790041923523,Strong_Downtrend_HighVol
2026-03-06,Exclude_Strong_Downtrend_LowVol,90749.15301913858,-0.008649038245982954,1.0,0.551450788974762,Strong_Downtrend_HighVol
2026-03-09,Exclude_Strong_Downtrend_LowVol,89621.28610547408,-0.012428401545815482,1.0,0.5580520033836365,Strong_Downtrend_HighVol
2026-03-10,Exclude_Strong_Downtrend_LowVol,89087.24066596593,-0.005958912918072157,1.0,0.5968901515007019,Strong_Downtrend_HighVol
2026-03-11,Exclude_Strong_Downtrend_LowVol,87287.13954202934,-0.020206048705516677,1.0,0.566049337387085,Strong_Downtrend_HighVol
2026-03-12,Exclude_Strong_Downtrend_LowVol,86446.84677918923,-0.009626764804630872,1.0,0.566049337387085,Strong_Downtrend_HighVol
2026-03-13,Exclude_Strong_Downtrend_LowVol,85588.32608328745,-0.00993119735292014,0.0,0.5712043642997742,Strong_Downtrend_LowVol
2026-03-16,Exclude_Strong_Downtrend_LowVol,85588.32608328745,0.0,0.0,0.6871795058250427,Strong_Downtrend_LowVol
2026-03-17,Exclude_Strong_Downtrend_LowVol,85588.32608328745,0.0,0.0,0.6576871871948242,Strong_Downtrend_LowVol
2026-03-18,Exclude_Strong_Downtrend_LowVol,85588.32608328745,0.0,0.0,0.7019193172454834,Strong_Downtrend_LowVol
2026-03-19,Exclude_Strong_Downtrend_LowVol,85588.32608328745,0.0,0.0,0.5775954127311707,Strong_Downtrend_HighVol
2026-03-20,Exclude_Strong_Downtrend_LowVol,85588.32608328745,0.0,0.0,0.6877574324607849,Strong_Downtrend_HighVol
2026-03-23,Exclude_Strong_Downtrend_LowVol,85538.35107079371,-0.0005838998702358822,1.0,0.7112821340560913,Strong_Downtrend_HighVol
2026-03-24,Exclude_Strong_Downtrend_LowVol,86167.28401151985,0.007352642795342312,1.0,0.6829464435577393,Strong_Downtrend_HighVol
2026-03-25,Exclude_Strong_Downtrend_LowVol,85270.00020749397,-0.010413277084443284,1.0,0.653741180896759,Strong_Downtrend_HighVol
2026-03-27,Exclude_Strong_Downtrend_LowVol,85632.48808797078,0.004251059922537159,0.0,0.7112821340560913,Strong_Downtrend_LowVol
2026-03-30,Exclude_Strong_Downtrend_LowVol,85632.48808797078,0.0,0.0,0.6110193729400635,Strong_Downtrend_LowVol
2026-04-01,Exclude_Strong_Downtrend_LowVol,85582.51307547702,-0.0005835987440002688,1.0,0.7300910949707031,Strong_Downtrend_HighVol
2026-04-02,Exclude_Strong_Downtrend_LowVol,87346.43473817033,0.020610771982562115,1.0,0.7165637016296387,Strong_Downtrend_HighVol
2026-04-06,Exclude_Strong_Downtrend_LowVol,88309.32641924084,0.011023823513310882,1.0,0.7161281704902649,Strong_Downtrend_HighVol
2026-04-07,Exclude_Strong_Downtrend_LowVol,91044.44867708675,0.030972065678104732,1.0,0.6689889430999756,Strong_Downtrend_HighVol
2026-04-08,Exclude_Strong_Downtrend_LowVol,91849.62298292851,0.008843749591999073,1.0,0.6941644549369812,Strong_Downtrend_HighVol
2026-04-09,Exclude_Strong_Downtrend_LowVol,93086.44537533433,0.013465731836870942,1.0,0.6637793183326721,Strong_Downtrend_HighVol
2026-04-10,Exclude_Strong_Downtrend_LowVol,90401.13607069272,-0.028847479284595634,1.0,0.6532869338989258,Strong_Downtrend_HighVol
2026-04-13,Exclude_Strong_Downtrend_LowVol,88255.37927463964,-0.023735949450625626,1.0,0.6508364081382751,Strong_Downtrend_HighVol
2026-04-15,Exclude_Strong_Downtrend_LowVol,91671.15358813867,0.038703298785556894,1.0,0.6926448345184326,Strong_Downtrend_HighVol
2026-04-16,Exclude_Strong_Downtrend_LowVol,92584.24244882696,0.009960481841328583,1.0,0.6949173808097839,Weak_Downtrend
2026-04-17,Exclude_Strong_Downtrend_LowVol,92775.16508191789,0.002062150405307328,1.0,0.6459495425224304,Weak_Downtrend
2026-04-20,Exclude_Strong_Downtrend_LowVol,92696.31146071451,-0.0008499432055308898,1.0,0.6459495425224304,Weak_Downtrend
2026-04-21,Exclude_Strong_Downtrend_LowVol,93978.78221646155,0.013835186487334727,1.0,0.6525094509124756,Weak_Uptrend
2026-04-22,Exclude_Strong_Downtrend_LowVol,90990.49139966347,-0.031797505206176635,1.0,0.6565937995910645,Weak_Downtrend
2026-04-23,Exclude_Strong_Downtrend_LowVol,90297.37597288724,-0.007617448989607256,1.0,0.6608477234840393,Strong_Downtrend_HighVol
2026-04-24,Exclude_Strong_Downtrend_LowVol,85113.51540683181,-0.05740876199560818,1.0,0.7503103017807007,Strong_Downtrend_HighVol
2026-04-27,Exclude_Strong_Downtrend_LowVol,87217.77829658476,0.024723017016684556,1.0,0.8387162685394287,Strong_Downtrend_HighVol
2026-04-28,Exclude_Strong_Downtrend_LowVol,87097.41050343716,-0.0013800832295715049,1.0,0.8352342247962952,Strong_Downtrend_HighVol
2026-04-29,Exclude_Strong_Downtrend_LowVol,88342.531677103,0.014295731256174449,1.0,0.8270660042762756,Strong_Downtrend_HighVol
2026-04-30,Exclude_Strong_Downtrend_LowVol,87796.2826209979,-0.006183307697154028,0.0,0.4491945803165436,Weak_Downtrend
2026-05-01,Exclude_Strong_Downtrend_LowVol,87796.2826209979,0.0,0.0,0.4491945803165436,Weak_Downtrend
2026-05-05,Exclude_Strong_Downtrend_LowVol,87796.2826209979,0.0,0.0,0.5745407938957214,Strong_Downtrend_HighVol
2026-05-06,Exclude_Strong_Downtrend_LowVol,87796.2826209979,0.0,0.0,0.5760684609413147,Strong_Downtrend_HighVol
2026-05-07,Exclude_Strong_Downtrend_LowVol,87746.30760850414,-0.0005692155863761261,1.0,0.935778558254242,Strong_Downtrend_HighVol
2026-05-08,Exclude_Strong_Downtrend_LowVol,87364.91667866448,-0.0033203786151316805,1.0,0.9373458623886108,Strong_Downtrend_HighVol
2023-02-03,Only_Strong_Downtrend_HighVol,100000.0,0.0,0.0,0.4088793396949768,Strong_Uptrend_HighVol
2023-02-06,Only_Strong_Downtrend_HighVol,100000.0,0.0,0.0,0.3988363146781921,Strong_Uptrend_LowVol
2023-02-07,Only_Strong_Downtrend_HighVol,100000.0,0.0,0.0,0.4039197564125061,Strong_Uptrend_LowVol
2023-02-08,Only_Strong_Downtrend_HighVol,100000.0,0.0,0.0,0.2952230274677276,Strong_Uptrend_LowVol
2023-02-09,Only_Strong_Downtrend_HighVol,100000.0,0.0,0.0,0.2863130271434784,Strong_Uptrend_LowVol
2023-02-10,Only_Strong_Downtrend_HighVol,100000.0,0.0,0.0,0.2909234464168548,Strong_Uptrend_LowVol
2023-02-13,Only_Strong_Downtrend_HighVol,100000.0,0.0,0.0,0.2294507175683975,Strong_Uptrend_LowVol
2023-02-14,Only_Strong_Downtrend_HighVol,100000.0,0.0,0.0,0.3302276730537414,Strong_Uptrend_LowVol
2023-02-15,Only_Strong_Downtrend_HighVol,100000.0,0.0,0.0,0.3378582596778869,Strong_Uptrend_LowVol
2023-02-16,Only_Strong_Downtrend_HighVol,100000.0,0.0,0.0,0.3549425303936004,Strong_Uptrend_LowVol
2023-02-17,Only_Strong_Downtrend_HighVol,100000.0,0.0,0.0,0.2489628791809082,Strong_Uptrend_LowVol
2023-02-20,Only_Strong_Downtrend_HighVol,100000.0,0.0,0.0,0.2929953932762146,Strong_Uptrend_LowVol
2023-02-21,Only_Strong_Downtrend_HighVol,100000.0,0.0,0.0,0.1825983077287674,Strong_Uptrend_LowVol
2023-02-22,Only_Strong_Downtrend_HighVol,100000.0,0.0,0.0,0.4928011000156402,Weak_Uptrend
2023-02-23,Only_Strong_Downtrend_HighVol,100000.0,0.0,0.0,0.4355315566062927,Strong_Uptrend_LowVol
2023-02-24,Only_Strong_Downtrend_HighVol,100000.0,0.0,0.0,0.4860202372074127,Weak_Uptrend
2023-02-27,Only_Strong_Downtrend_HighVol,100000.0,0.0,0.0,0.3203698992729187,Strong_Downtrend_LowVol
2023-02-28,Only_Strong_Downtrend_HighVol,100000.0,0.0,0.0,0.4484154284000397,Strong_Downtrend_LowVol
2023-03-01,Only_Strong_Downtrend_HighVol,100000.0,0.0,0.0,0.5300629138946533,Weak_Uptrend
2023-03-02,Only_Strong_Downtrend_HighVol,100000.0,0.0,0.0,0.440104991197586,Strong_Downtrend_LowVol
2023-03-03,Only_Strong_Downtrend_HighVol,100000.0,0.0,0.0,0.3472266495227813,Strong_Downtrend_LowVol
2023-03-06,Only_Strong_Downtrend_HighVol,100000.0,0.0,0.0,0.5566051006317139,Weak_Downtrend
2023-03-08,Only_Strong_Downtrend_HighVol,100000.0,0.0,0.0,0.5375850796699524,Weak_Uptrend
2023-03-09,Only_Strong_Downtrend_HighVol,100000.0,0.0,0.0,0.3203698992729187,Strong_Downtrend_LowVol
2023-03-10,Only_Strong_Downtrend_HighVol,100000.0,0.0,0.0,0.4161155521869659,Strong_Downtrend_LowVol
2023-03-13,Only_Strong_Downtrend_HighVol,100000.0,0.0,0.0,0.452767014503479,Strong_Downtrend_LowVol
2023-03-14,Only_Strong_Downtrend_HighVol,100000.0,0.0,0.0,0.4399172663688659,Strong_Downtrend_LowVol
2023-03-15,Only_Strong_Downtrend_HighVol,100000.0,0.0,0.0,0.4191609621047973,Strong_Downtrend_LowVol
2023-03-16,Only_Strong_Downtrend_HighVol,100000.0,0.0,0.0,0.4191609621047973,Strong_Downtrend_LowVol
2023-03-17,Only_Strong_Downtrend_HighVol,100000.0,0.0,0.0,0.4160205423831939,Strong_Downtrend_LowVol
2023-03-20,Only_Strong_Downtrend_HighVol,100000.0,0.0,0.0,0.4828085303306579,Strong_Downtrend_LowVol
2023-03-21,Only_Strong_Downtrend_HighVol,100000.0,0.0,0.0,0.8460187315940857,Strong_Downtrend_LowVol
2023-03-22,Only_Strong_Downtrend_HighVol,100000.0,0.0,0.0,0.5559381246566772,Strong_Downtrend_LowVol
2023-03-23,Only_Strong_Downtrend_HighVol,100000.0,0.0,0.0,0.583052933216095,Strong_Downtrend_LowVol
2023-03-24,Only_Strong_Downtrend_HighVol,100000.0,0.0,0.0,0.7248117923736572,Strong_Downtrend_LowVol
2023-03-27,Only_Strong_Downtrend_HighVol,100000.0,0.0,0.0,0.5973241925239563,Strong_Downtrend_LowVol
2023-03-28,Only_Strong_Downtrend_HighVol,100000.0,0.0,0.0,0.7373450398445129,Strong_Downtrend_LowVol
2023-03-29,Only_Strong_Downtrend_HighVol,100000.0,0.0,0.0,0.5428194999694824,Strong_Downtrend_LowVol
2023-03-31,Only_Strong_Downtrend_HighVol,100000.0,0.0,0.0,0.5741578936576843,Strong_Downtrend_LowVol
2023-04-03,Only_Strong_Downtrend_HighVol,100000.0,0.0,0.0,0.5788522958755493,Strong_Downtrend_LowVol
2023-04-05,Only_Strong_Downtrend_HighVol,100000.0,0.0,0.0,0.5852863192558289,Strong_Downtrend_LowVol
2023-04-06,Only_Strong_Downtrend_HighVol,100000.0,0.0,0.0,0.5703712105751038,Strong_Downtrend_LowVol
2023-04-10,Only_Strong_Downtrend_HighVol,100000.0,0.0,0.0,0.3481518030166626,Strong_Downtrend_LowVol
2023-04-11,Only_Strong_Downtrend_HighVol,100000.0,0.0,0.0,0.5909472107887268,Strong_Downtrend_LowVol
2023-04-12,Only_Strong_Downtrend_HighVol,100000.0,0.0,0.0,0.5936771035194397,Strong_Downtrend_LowVol
2023-04-13,Only_Strong_Downtrend_HighVol,100000.0,0.0,0.0,0.7052000761032104,Strong_Downtrend_LowVol
2023-04-17,Only_Strong_Downtrend_HighVol,100000.0,0.0,0.0,0.7567696571350098,Strong_Downtrend_LowVol
2023-04-18,Only_Strong_Downtrend_HighVol,100000.0,0.0,0.0,0.7596873044967651,Strong_Downtrend_LowVol
2023-04-19,Only_Strong_Downtrend_HighVol,100000.0,0.0,0.0,0.8683376312255859,Strong_Downtrend_LowVol
2023-04-20,Only_Strong_Downtrend_HighVol,100000.0,0.0,0.0,0.8610784411430359,Strong_Downtrend_LowVol
2023-04-21,Only_Strong_Downtrend_HighVol,100000.0,0.0,0.0,0.7217678427696228,Strong_Downtrend_LowVol
2023-04-24,Only_Strong_Downtrend_HighVol,100000.0,0.0,0.0,0.7096953988075256,Strong_Downtrend_LowVol
2023-04-25,Only_Strong_Downtrend_HighVol,100000.0,0.0,0.0,0.7394176125526428,Strong_Downtrend_LowVol
2023-04-26,Only_Strong_Downtrend_HighVol,100000.0,0.0,0.0,0.7610393762588501,Strong_Downtrend_LowVol
2023-04-27,Only_Strong_Downtrend_HighVol,100000.0,0.0,0.0,0.7646691799163818,Strong_Downtrend_LowVol
2023-04-28,Only_Strong_Downtrend_HighVol,100000.0,0.0,0.0,0.7348763346672058,Strong_Downtrend_LowVol
2023-05-02,Only_Strong_Downtrend_HighVol,100000.0,0.0,0.0,0.7429382801055908,Strong_Downtrend_LowVol
2023-05-03,Only_Strong_Downtrend_HighVol,100000.0,0.0,0.0,0.7616283297538757,Strong_Downtrend_LowVol
2023-05-04,Only_Strong_Downtrend_HighVol,100000.0,0.0,0.0,0.8064464330673218,Weak_Downtrend
2023-05-05,Only_Strong_Downtrend_HighVol,100000.0,0.0,0.0,0.7854087352752686,Weak_Downtrend
2023-05-08,Only_Strong_Downtrend_HighVol,100000.0,0.0,0.0,0.7746586203575134,Weak_Uptrend
2023-05-09,Only_Strong_Downtrend_HighVol,100000.0,0.0,0.0,0.7382107377052307,Strong_Uptrend_LowVol
2023-05-10,Only_Strong_Downtrend_HighVol,100000.0,0.0,0.0,0.7305935621261597,Strong_Uptrend_LowVol
2023-05-11,Only_Strong_Downtrend_HighVol,100000.0,0.0,0.0,0.7268916964530945,Strong_Uptrend_LowVol
2023-05-12,Only_Strong_Downtrend_HighVol,100000.0,0.0,0.0,0.7337984442710876,Strong_Uptrend_LowVol
2023-05-15,Only_Strong_Downtrend_HighVol,100000.0,0.0,0.0,0.7231079936027527,Strong_Uptrend_LowVol
2023-05-16,Only_Strong_Downtrend_HighVol,100000.0,0.0,0.0,0.7292661666870117,Strong_Uptrend_LowVol
2023-05-17,Only_Strong_Downtrend_HighVol,100000.0,0.0,0.0,0.7508922815322876,Weak_Downtrend
2023-05-18,Only_Strong_Downtrend_HighVol,100000.0,0.0,0.0,0.7508922815322876,Weak_Downtrend
2023-05-19,Only_Strong_Downtrend_HighVol,100000.0,0.0,0.0,0.7432464361190796,Weak_Uptrend
2023-05-22,Only_Strong_Downtrend_HighVol,100000.0,0.0,0.0,0.7257418632507324,Strong_Uptrend_LowVol
2023-05-23,Only_Strong_Downtrend_HighVol,100000.0,0.0,0.0,0.6939955353736877,Strong_Uptrend_LowVol
2023-05-24,Only_Strong_Downtrend_HighVol,100000.0,0.0,0.0,0.7207121849060059,Strong_Uptrend_LowVol
2023-05-25,Only_Strong_Downtrend_HighVol,100000.0,0.0,0.0,0.8104223608970642,Strong_Uptrend_LowVol
2023-05-26,Only_Strong_Downtrend_HighVol,100000.0,0.0,0.0,0.6894106864929199,Strong_Uptrend_LowVol
2023-05-29,Only_Strong_Downtrend_HighVol,100000.0,0.0,0.0,0.6050480008125305,Strong_Uptrend_LowVol
2023-05-30,Only_Strong_Downtrend_HighVol,100000.0,0.0,0.0,0.6654424667358398,Strong_Uptrend_LowVol
2023-05-31,Only_Strong_Downtrend_HighVol,100000.0,0.0,0.0,0.7413299679756165,Strong_Uptrend_LowVol
2023-06-01,Only_Strong_Downtrend_HighVol,100000.0,0.0,0.0,0.6331649422645569,Strong_Uptrend_LowVol
2023-06-02,Only_Strong_Downtrend_HighVol,100000.0,0.0,0.0,0.7249521017074585,Strong_Uptrend_LowVol
2023-06-05,Only_Strong_Downtrend_HighVol,100000.0,0.0,0.0,0.7335050702095032,Strong_Uptrend_LowVol
2023-06-06,Only_Strong_Downtrend_HighVol,100000.0,0.0,0.0,0.7835277318954468,Weak_Uptrend
2023-06-07,Only_Strong_Downtrend_HighVol,100000.0,0.0,0.0,0.6960992217063904,Strong_Uptrend_LowVol
2023-06-08,Only_Strong_Downtrend_HighVol,100000.0,0.0,0.0,0.7407364249229431,Weak_Uptrend
2023-06-09,Only_Strong_Downtrend_HighVol,100000.0,0.0,0.0,0.7269986271858215,Weak_Downtrend
2023-06-12,Only_Strong_Downtrend_HighVol,100000.0,0.0,0.0,0.6989220380783081,Weak_Uptrend
2023-06-13,Only_Strong_Downtrend_HighVol,100000.0,0.0,0.0,0.721635639667511,Weak_Uptrend
2023-06-14,Only_Strong_Downtrend_HighVol,100000.0,0.0,0.0,0.721635639667511,Weak_Uptrend
2023-06-15,Only_Strong_Downtrend_HighVol,100000.0,0.0,0.0,0.6866448521614075,Weak_Downtrend
2023-06-16,Only_Strong_Downtrend_HighVol,100000.0,0.0,0.0,0.5717784762382507,Strong_Downtrend_LowVol
2023-06-19,Only_Strong_Downtrend_HighVol,100000.0,0.0,0.0,0.6193033456802368,Weak_Downtrend
2023-06-20,Only_Strong_Downtrend_HighVol,100000.0,0.0,0.0,0.6308046579360962,Weak_Downtrend
2023-06-21,Only_Strong_Downtrend_HighVol,100000.0,0.0,0.0,0.6052206158638,Weak_Uptrend
2023-06-22,Only_Strong_Downtrend_HighVol,100000.0,0.0,0.0,0.6160092353820801,Weak_Uptrend
2023-06-23,Only_Strong_Downtrend_HighVol,100000.0,0.0,0.0,0.6131813526153564,Weak_Downtrend
2023-06-26,Only_Strong_Downtrend_HighVol,100000.0,0.0,0.0,0.5295272469520569,Strong_Downtrend_LowVol
2023-06-27,Only_Strong_Downtrend_HighVol,100000.0,0.0,0.0,0.5450921058654785,Strong_Downtrend_LowVol
2023-06-28,Only_Strong_Downtrend_HighVol,100000.0,0.0,0.0,0.6483217477798462,Weak_Downtrend
2023-06-30,Only_Strong_Downtrend_HighVol,100000.0,0.0,0.0,0.8203039765357971,Strong_Uptrend_LowVol
2023-07-03,Only_Strong_Downtrend_HighVol,100000.0,0.0,0.0,0.8496456742286682,Weak_Uptrend
2023-07-04,Only_Strong_Downtrend_HighVol,100000.0,0.0,0.0,0.7350045442581177,Strong_Uptrend_LowVol
2023-07-05,Only_Strong_Downtrend_HighVol,100000.0,0.0,0.0,0.5363301634788513,Strong_Uptrend_LowVol
2023-07-06,Only_Strong_Downtrend_HighVol,100000.0,0.0,0.0,0.5208811163902283,Strong_Uptrend_LowVol
2023-07-07,Only_Strong_Downtrend_HighVol,100000.0,0.0,0.0,0.4155243933200836,Strong_Uptrend_LowVol
2023-07-10,Only_Strong_Downtrend_HighVol,100000.0,0.0,0.0,0.4698426425457001,Weak_Uptrend
2023-07-11,Only_Strong_Downtrend_HighVol,100000.0,0.0,0.0,0.5134650468826294,Weak_Uptrend
2023-07-12,Only_Strong_Downtrend_HighVol,100000.0,0.0,0.0,0.5396228432655334,Weak_Downtrend
2023-07-13,Only_Strong_Downtrend_HighVol,100000.0,0.0,0.0,0.4305994212627411,Strong_Uptrend_LowVol
2023-07-14,Only_Strong_Downtrend_HighVol,100000.0,0.0,0.0,0.3264264166355133,Strong_Uptrend_HighVol
2023-07-17,Only_Strong_Downtrend_HighVol,100000.0,0.0,0.0,0.3227588534355163,Strong_Uptrend_HighVol
2023-07-18,Only_Strong_Downtrend_HighVol,100000.0,0.0,0.0,0.459536999464035,Strong_Uptrend_HighVol
2023-07-19,Only_Strong_Downtrend_HighVol,100000.0,0.0,0.0,0.4854580461978912,Strong_Uptrend_HighVol
2023-07-20,Only_Strong_Downtrend_HighVol,100000.0,0.0,0.0,0.4788102507591247,Strong_Uptrend_HighVol
2023-07-21,Only_Strong_Downtrend_HighVol,100000.0,0.0,0.0,0.5669122338294983,Strong_Uptrend_HighVol
2023-07-24,Only_Strong_Downtrend_HighVol,100000.0,0.0,0.0,0.5311371684074402,Strong_Uptrend_HighVol
2023-07-25,Only_Strong_Downtrend_HighVol,100000.0,0.0,0.0,0.5257877707481384,Strong_Uptrend_HighVol
2023-07-26,Only_Strong_Downtrend_HighVol,100000.0,0.0,0.0,0.571221649646759,Strong_Uptrend_HighVol
2023-07-27,Only_Strong_Downtrend_HighVol,100000.0,0.0,0.0,0.649142324924469,Strong_Uptrend_HighVol
2023-07-28,Only_Strong_Downtrend_HighVol,100000.0,0.0,0.0,0.6937771439552307,Weak_Uptrend
2023-07-31,Only_Strong_Downtrend_HighVol,100000.0,0.0,0.0,0.4597566127777099,Strong_Uptrend_HighVol
2023-08-01,Only_Strong_Downtrend_HighVol,100000.0,0.0,0.0,0.3317126631736755,Strong_Uptrend_HighVol
2023-08-02,Only_Strong_Downtrend_HighVol,100000.0,0.0,0.0,0.3082521259784698,Strong_Uptrend_HighVol
2023-08-03,Only_Strong_Downtrend_HighVol,100000.0,0.0,0.0,0.51353520154953,Strong_Uptrend_HighVol
2023-08-04,Only_Strong_Downtrend_HighVol,100000.0,0.0,0.0,0.3082521259784698,Strong_Uptrend_HighVol
2023-08-07,Only_Strong_Downtrend_HighVol,100000.0,0.0,0.0,0.4486343562602997,Strong_Uptrend_HighVol
2023-08-08,Only_Strong_Downtrend_HighVol,100000.0,0.0,0.0,0.2928005158901214,Strong_Uptrend_HighVol
2023-08-09,Only_Strong_Downtrend_HighVol,100000.0,0.0,0.0,0.2873178124427795,Strong_Uptrend_HighVol
2023-08-10,Only_Strong_Downtrend_HighVol,100000.0,0.0,0.0,0.173357218503952,Strong_Uptrend_HighVol
2023-08-11,Only_Strong_Downtrend_HighVol,100000.0,0.0,0.0,0.1808901131153106,Strong_Uptrend_LowVol
2023-08-14,Only_Strong_Downtrend_HighVol,100000.0,0.0,0.0,0.1680677235126495,Strong_Uptrend_LowVol
2023-08-16,Only_Strong_Downtrend_HighVol,100000.0,0.0,0.0,0.2765290141105652,Strong_Uptrend_LowVol
2023-08-17,Only_Strong_Downtrend_HighVol,100000.0,0.0,0.0,0.2497005462646484,Strong_Uptrend_LowVol
2023-08-18,Only_Strong_Downtrend_HighVol,100000.0,0.0,0.0,0.2667853236198425,Weak_Uptrend
2023-08-21,Only_Strong_Downtrend_HighVol,100000.0,0.0,0.0,0.2553599774837494,Strong_Uptrend_LowVol
2023-08-22,Only_Strong_Downtrend_HighVol,100000.0,0.0,0.0,0.3005282282829284,Weak_Uptrend
2023-08-23,Only_Strong_Downtrend_HighVol,100000.0,0.0,0.0,0.240195170044899,Strong_Uptrend_LowVol
2023-08-24,Only_Strong_Downtrend_HighVol,100000.0,0.0,0.0,0.2657912969589233,Weak_Uptrend
2023-08-25,Only_Strong_Downtrend_HighVol,100000.0,0.0,0.0,0.2910590767860412,Weak_Uptrend
2023-08-28,Only_Strong_Downtrend_HighVol,100000.0,0.0,0.0,0.2636049687862396,Weak_Uptrend
2023-08-29,Only_Strong_Downtrend_HighVol,100000.0,0.0,0.0,0.2636049687862396,Weak_Uptrend
2023-08-30,Only_Strong_Downtrend_HighVol,100000.0,0.0,0.0,0.2883889973163605,Weak_Uptrend
2023-08-31,Only_Strong_Downtrend_HighVol,100000.0,0.0,0.0,0.4076296985149383,Weak_Downtrend
2023-09-01,Only_Strong_Downtrend_HighVol,100000.0,0.0,0.0,0.4257852733135223,Weak_Uptrend
2023-09-04,Only_Strong_Downtrend_HighVol,100000.0,0.0,0.0,0.3860072791576385,Strong_Uptrend_LowVol
2023-09-05,Only_Strong_Downtrend_HighVol,100000.0,0.0,0.0,0.3655707836151123,Strong_Uptrend_LowVol
2023-09-06,Only_Strong_Downtrend_HighVol,100000.0,0.0,0.0,0.4305379390716553,Strong_Uptrend_LowVol
2023-09-07,Only_Strong_Downtrend_HighVol,100000.0,0.0,0.0,0.4332383871078491,Strong_Uptrend_LowVol
2023-09-08,Only_Strong_Downtrend_HighVol,100000.0,0.0,0.0,0.4987915158271789,Strong_Uptrend_LowVol
2023-09-11,Only_Strong_Downtrend_HighVol,100000.0,0.0,0.0,0.5365306735038757,Strong_Uptrend_LowVol
2023-09-12,Only_Strong_Downtrend_HighVol,100000.0,0.0,0.0,0.3215006291866302,Strong_Uptrend_LowVol
2023-09-13,Only_Strong_Downtrend_HighVol,100000.0,0.0,0.0,0.3685366511344909,Strong_Uptrend_LowVol
2023-09-14,Only_Strong_Downtrend_HighVol,100000.0,0.0,0.0,0.4242246150970459,Strong_Uptrend_LowVol
2023-09-15,Only_Strong_Downtrend_HighVol,100000.0,0.0,0.0,0.4291741251945495,Strong_Uptrend_LowVol
2023-09-18,Only_Strong_Downtrend_HighVol,100000.0,0.0,0.0,0.5405968427658081,Strong_Uptrend_LowVol
2023-09-20,Only_Strong_Downtrend_HighVol,100000.0,0.0,0.0,0.6211013197898865,Strong_Uptrend_LowVol
2023-09-21,Only_Strong_Downtrend_HighVol,100000.0,0.0,0.0,0.6440389156341553,Strong_Uptrend_LowVol
2023-09-22,Only_Strong_Downtrend_HighVol,100000.0,0.0,0.0,0.6585507392883301,Strong_Uptrend_LowVol
2023-09-25,Only_Strong_Downtrend_HighVol,100000.0,0.0,0.0,0.7486041188240051,Strong_Uptrend_LowVol
2023-09-26,Only_Strong_Downtrend_HighVol,100000.0,0.0,0.0,0.8491537570953369,Strong_Uptrend_LowVol
2023-09-27,Only_Strong_Downtrend_HighVol,100000.0,0.0,0.0,0.8724450469017029,Strong_Uptrend_LowVol
2023-09-28,Only_Strong_Downtrend_HighVol,100000.0,0.0,0.0,0.7186175584793091,Strong_Uptrend_LowVol
2023-09-29,Only_Strong_Downtrend_HighVol,100000.0,0.0,0.0,0.6654758453369141,Strong_Uptrend_LowVol
2023-10-03,Only_Strong_Downtrend_HighVol,100000.0,0.0,0.0,0.6149218082427979,Strong_Uptrend_LowVol
2023-10-04,Only_Strong_Downtrend_HighVol,100000.0,0.0,0.0,0.6295762658119202,Strong_Uptrend_LowVol
2023-10-05,Only_Strong_Downtrend_HighVol,100000.0,0.0,0.0,0.7161991596221924,Strong_Uptrend_LowVol
2023-10-06,Only_Strong_Downtrend_HighVol,100000.0,0.0,0.0,0.6712090373039246,Strong_Uptrend_LowVol
2023-10-09,Only_Strong_Downtrend_HighVol,100000.0,0.0,0.0,0.6954295039176941,Strong_Uptrend_LowVol
2023-10-10,Only_Strong_Downtrend_HighVol,100000.0,0.0,0.0,0.823987603187561,Strong_Uptrend_LowVol
2023-10-11,Only_Strong_Downtrend_HighVol,100000.0,0.0,0.0,0.8176374435424805,Strong_Uptrend_LowVol
2023-10-12,Only_Strong_Downtrend_HighVol,100000.0,0.0,0.0,0.8124175071716309,Strong_Uptrend_LowVol
2023-10-13,Only_Strong_Downtrend_HighVol,100000.0,0.0,0.0,0.7947026491165161,Strong_Uptrend_LowVol
2023-10-16,Only_Strong_Downtrend_HighVol,100000.0,0.0,0.0,0.6732787489891052,Strong_Uptrend_LowVol
2023-10-17,Only_Strong_Downtrend_HighVol,100000.0,0.0,0.0,0.5504212975502014,Weak_Uptrend
2023-10-18,Only_Strong_Downtrend_HighVol,100000.0,0.0,0.0,0.5228396654129028,Weak_Downtrend
2023-10-19,Only_Strong_Downtrend_HighVol,100000.0,0.0,0.0,0.3770579397678375,Strong_Downtrend_LowVol
2023-10-20,Only_Strong_Downtrend_HighVol,100000.0,0.0,0.0,0.4367595314979553,Weak_Downtrend
2023-10-23,Only_Strong_Downtrend_HighVol,100000.0,0.0,0.0,0.2586957812309265,Strong_Downtrend_LowVol
2023-10-25,Only_Strong_Downtrend_HighVol,100000.0,0.0,0.0,0.2178797721862793,Strong_Downtrend_LowVol
2023-10-26,Only_Strong_Downtrend_HighVol,100000.0,0.0,0.0,0.2005378305912017,Strong_Downtrend_LowVol
2023-10-27,Only_Strong_Downtrend_HighVol,100000.0,0.0,0.0,0.2372064292430877,Strong_Downtrend_LowVol
2023-10-30,Only_Strong_Downtrend_HighVol,100000.0,0.0,0.0,0.2145546972751617,Strong_Downtrend_LowVol
2023-10-31,Only_Strong_Downtrend_HighVol,100000.0,0.0,0.0,0.2151027917861938,Strong_Downtrend_LowVol
2023-11-01,Only_Strong_Downtrend_HighVol,100000.0,0.0,0.0,0.2245258241891861,Strong_Downtrend_LowVol
2023-11-02,Only_Strong_Downtrend_HighVol,100000.0,0.0,0.0,0.2077296823263168,Strong_Downtrend_LowVol
2023-11-03,Only_Strong_Downtrend_HighVol,100000.0,0.0,0.0,0.2210359573364257,Strong_Downtrend_LowVol
2023-11-06,Only_Strong_Downtrend_HighVol,100000.0,0.0,0.0,0.2036211788654327,Strong_Downtrend_LowVol
2023-11-07,Only_Strong_Downtrend_HighVol,100000.0,0.0,0.0,0.2096471041440963,Strong_Downtrend_LowVol
2023-11-08,Only_Strong_Downtrend_HighVol,100000.0,0.0,0.0,0.2173814177513122,Strong_Downtrend_LowVol
2023-11-09,Only_Strong_Downtrend_HighVol,100000.0,0.0,0.0,0.2299340069293975,Strong_Downtrend_LowVol
2023-11-10,Only_Strong_Downtrend_HighVol,100000.0,0.0,0.0,0.2407434731721878,Strong_Downtrend_LowVol
2023-11-13,Only_Strong_Downtrend_HighVol,100000.0,0.0,0.0,0.2310312539339065,Strong_Downtrend_LowVol
2023-11-15,Only_Strong_Downtrend_HighVol,100000.0,0.0,0.0,0.2373900860548019,Strong_Downtrend_LowVol
2023-11-16,Only_Strong_Downtrend_HighVol,100000.0,0.0,0.0,0.4724089801311493,Weak_Uptrend
2023-11-17,Only_Strong_Downtrend_HighVol,100000.0,0.0,0.0,0.4598599970340729,Weak_Uptrend
2023-11-20,Only_Strong_Downtrend_HighVol,100000.0,0.0,0.0,0.4566028118133545,Weak_Uptrend
2023-11-21,Only_Strong_Downtrend_HighVol,100000.0,0.0,0.0,0.4598599970340729,Weak_Uptrend
2023-11-22,Only_Strong_Downtrend_HighVol,100000.0,0.0,0.0,0.4584375321865082,Strong_Uptrend_LowVol
2023-11-23,Only_Strong_Downtrend_HighVol,100000.0,0.0,0.0,0.4655188024044037,Weak_Uptrend
2023-11-24,Only_Strong_Downtrend_HighVol,100000.0,0.0,0.0,0.3427473902702331,Weak_Downtrend
2023-11-28,Only_Strong_Downtrend_HighVol,100000.0,0.0,0.0,0.4109815955162048,Weak_Downtrend
2023-11-29,Only_Strong_Downtrend_HighVol,100000.0,0.0,0.0,0.7758294939994812,Weak_Uptrend
2023-11-30,Only_Strong_Downtrend_HighVol,100000.0,0.0,0.0,0.6690741181373596,Weak_Uptrend
2023-12-01,Only_Strong_Downtrend_HighVol,100000.0,0.0,0.0,0.6609100699424744,Weak_Uptrend
2023-12-04,Only_Strong_Downtrend_HighVol,100000.0,0.0,0.0,0.720117449760437,Weak_Uptrend
2023-12-05,Only_Strong_Downtrend_HighVol,100000.0,0.0,0.0,0.6749309301376343,Strong_Uptrend_LowVol
2023-12-06,Only_Strong_Downtrend_HighVol,100000.0,0.0,0.0,0.1137611120939254,Strong_Uptrend_LowVol
2023-12-07,Only_Strong_Downtrend_HighVol,100000.0,0.0,0.0,0.1169709861278534,Strong_Uptrend_LowVol
2023-12-08,Only_Strong_Downtrend_HighVol,100000.0,0.0,0.0,0.1403062790632248,Strong_Uptrend_LowVol
2023-12-11,Only_Strong_Downtrend_HighVol,100000.0,0.0,0.0,0.4163255393505096,Strong_Uptrend_LowVol
2023-12-12,Only_Strong_Downtrend_HighVol,100000.0,0.0,0.0,0.3552113175392151,Strong_Uptrend_LowVol
2023-12-13,Only_Strong_Downtrend_HighVol,100000.0,0.0,0.0,0.1479827016592025,Strong_Uptrend_LowVol
2023-12-14,Only_Strong_Downtrend_HighVol,100000.0,0.0,0.0,0.2794911861419678,Strong_Uptrend_LowVol
2023-12-15,Only_Strong_Downtrend_HighVol,100000.0,0.0,0.0,0.7482826113700867,Strong_Uptrend_HighVol
2023-12-18,Only_Strong_Downtrend_HighVol,100000.0,0.0,0.0,0.5569281578063965,Strong_Uptrend_HighVol
2023-12-19,Only_Strong_Downtrend_HighVol,100000.0,0.0,0.0,0.4205552041530609,Strong_Uptrend_HighVol
2023-12-20,Only_Strong_Downtrend_HighVol,100000.0,0.0,0.0,0.3764108419418335,Strong_Uptrend_HighVol
2023-12-21,Only_Strong_Downtrend_HighVol,100000.0,0.0,0.0,0.3764108419418335,Strong_Uptrend_HighVol
2023-12-22,Only_Strong_Downtrend_HighVol,100000.0,0.0,0.0,0.440430611371994,Strong_Uptrend_HighVol
2023-12-26,Only_Strong_Downtrend_HighVol,100000.0,0.0,0.0,0.3623464107513428,Strong_Uptrend_HighVol
2023-12-27,Only_Strong_Downtrend_HighVol,100000.0,0.0,0.0,0.3616976737976074,Strong_Uptrend_HighVol
2023-12-28,Only_Strong_Downtrend_HighVol,100000.0,0.0,0.0,0.2222419083118438,Strong_Uptrend_HighVol
2023-12-29,Only_Strong_Downtrend_HighVol,100000.0,0.0,0.0,0.2222419083118438,Strong_Uptrend_HighVol
2024-01-01,Only_Strong_Downtrend_HighVol,100000.0,0.0,0.0,0.2194124460220337,Strong_Uptrend_HighVol
2024-01-02,Only_Strong_Downtrend_HighVol,100000.0,0.0,0.0,0.2222419083118438,Strong_Uptrend_HighVol
2024-01-03,Only_Strong_Downtrend_HighVol,100000.0,0.0,0.0,0.2260116785764694,Strong_Uptrend_HighVol
2024-01-04,Only_Strong_Downtrend_HighVol,100000.0,0.0,0.0,0.2298665940761566,Strong_Uptrend_HighVol
2024-01-05,Only_Strong_Downtrend_HighVol,100000.0,0.0,0.0,0.2483001500368118,Strong_Uptrend_HighVol
2024-01-08,Only_Strong_Downtrend_HighVol,100000.0,0.0,0.0,0.25412318110466,Strong_Uptrend_HighVol
2024-01-09,Only_Strong_Downtrend_HighVol,100000.0,0.0,0.0,0.2573987543582916,Strong_Uptrend_HighVol
2024-01-10,Only_Strong_Downtrend_HighVol,100000.0,0.0,0.0,0.2590965628623962,Strong_Uptrend_HighVol
2024-01-11,Only_Strong_Downtrend_HighVol,100000.0,0.0,0.0,0.2498334795236587,Strong_Uptrend_HighVol
2024-01-12,Only_Strong_Downtrend_HighVol,100000.0,0.0,0.0,0.4356746077537536,Strong_Uptrend_HighVol
2024-01-15,Only_Strong_Downtrend_HighVol,100000.0,0.0,0.0,0.4284645020961761,Strong_Uptrend_LowVol
2024-01-16,Only_Strong_Downtrend_HighVol,100000.0,0.0,0.0,0.3039643764495849,Strong_Uptrend_HighVol
2024-01-17,Only_Strong_Downtrend_HighVol,100000.0,0.0,0.0,0.3212807774543762,Strong_Uptrend_LowVol
2024-01-18,Only_Strong_Downtrend_HighVol,100000.0,0.0,0.0,0.3212807774543762,Strong_Uptrend_LowVol
2024-01-19,Only_Strong_Downtrend_HighVol,100000.0,0.0,0.0,0.4407603442668915,Strong_Uptrend_LowVol
2024-01-23,Only_Strong_Downtrend_HighVol,100000.0,0.0,0.0,0.2206538915634155,Strong_Uptrend_HighVol
2024-01-24,Only_Strong_Downtrend_HighVol,100000.0,0.0,0.0,0.2051985710859298,Strong_Uptrend_HighVol
2024-01-25,Only_Strong_Downtrend_HighVol,100000.0,0.0,0.0,0.2035199105739593,Strong_Uptrend_HighVol
2024-01-29,Only_Strong_Downtrend_HighVol,100000.0,0.0,0.0,0.2092953324317932,Strong_Uptrend_HighVol
2024-01-30,Only_Strong_Downtrend_HighVol,100000.0,0.0,0.0,0.1914024800062179,Strong_Uptrend_HighVol
2024-01-31,Only_Strong_Downtrend_HighVol,100000.0,0.0,0.0,0.1914024800062179,Strong_Uptrend_HighVol
2024-02-01,Only_Strong_Downtrend_HighVol,100000.0,0.0,0.0,0.2071347534656524,Strong_Uptrend_HighVol
2024-02-02,Only_Strong_Downtrend_HighVol,100000.0,0.0,0.0,0.4180828034877777,Strong_Uptrend_HighVol
2024-02-05,Only_Strong_Downtrend_HighVol,100000.0,0.0,0.0,0.3742114305496216,Strong_Uptrend_HighVol
2024-02-06,Only_Strong_Downtrend_HighVol,100000.0,0.0,0.0,0.4546887874603271,Strong_Uptrend_HighVol
2024-02-07,Only_Strong_Downtrend_HighVol,100000.0,0.0,0.0,0.3383278548717499,Strong_Uptrend_HighVol
2024-02-08,Only_Strong_Downtrend_HighVol,100000.0,0.0,0.0,0.4314286112785339,Strong_Uptrend_HighVol
2024-02-09,Only_Strong_Downtrend_HighVol,100000.0,0.0,0.0,0.3872627913951874,Strong_Uptrend_HighVol
2024-02-12,Only_Strong_Downtrend_HighVol,100000.0,0.0,0.0,0.3427011668682098,Strong_Uptrend_HighVol
2024-02-13,Only_Strong_Downtrend_HighVol,100000.0,0.0,0.0,0.4546887874603271,Strong_Uptrend_HighVol
2024-02-14,Only_Strong_Downtrend_HighVol,100000.0,0.0,0.0,0.3212807774543762,Strong_Uptrend_HighVol
2024-02-15,Only_Strong_Downtrend_HighVol,100000.0,0.0,0.0,0.3212807774543762,Strong_Uptrend_HighVol
2024-02-16,Only_Strong_Downtrend_HighVol,100000.0,0.0,0.0,0.3624115288257599,Strong_Uptrend_HighVol
2024-02-19,Only_Strong_Downtrend_HighVol,100000.0,0.0,0.0,0.3212807774543762,Strong_Uptrend_HighVol
2024-02-20,Only_Strong_Downtrend_HighVol,100000.0,0.0,0.0,0.2139943093061447,Strong_Uptrend_HighVol
2024-02-21,Only_Strong_Downtrend_HighVol,100000.0,0.0,0.0,0.2166910022497177,Strong_Uptrend_HighVol
2024-02-22,Only_Strong_Downtrend_HighVol,100000.0,0.0,0.0,0.2659252882003784,Strong_Uptrend_HighVol
2024-02-23,Only_Strong_Downtrend_HighVol,100000.0,0.0,0.0,0.2139943093061447,Strong_Uptrend_HighVol
2024-02-26,Only_Strong_Downtrend_HighVol,100000.0,0.0,0.0,0.2252772599458694,Strong_Uptrend_HighVol
2024-02-27,Only_Strong_Downtrend_HighVol,100000.0,0.0,0.0,0.2479310482740402,Strong_Uptrend_HighVol
2024-02-28,Only_Strong_Downtrend_HighVol,100000.0,0.0,0.0,0.3037738800048828,Strong_Uptrend_HighVol
2024-02-29,Only_Strong_Downtrend_HighVol,100000.0,0.0,0.0,0.2111648470163345,Strong_Uptrend_HighVol
2024-03-01,Only_Strong_Downtrend_HighVol,100000.0,0.0,0.0,0.2136535197496414,Strong_Uptrend_HighVol
2024-03-04,Only_Strong_Downtrend_HighVol,100000.0,0.0,0.0,0.2299204766750335,Strong_Uptrend_HighVol
2024-03-05,Only_Strong_Downtrend_HighVol,100000.0,0.0,0.0,0.2008787244558334,Strong_Uptrend_LowVol
2024-03-06,Only_Strong_Downtrend_HighVol,100000.0,0.0,0.0,0.2037343084812164,Strong_Uptrend_LowVol
2024-03-07,Only_Strong_Downtrend_HighVol,100000.0,0.0,0.0,0.2551262378692627,Strong_Uptrend_LowVol
2024-03-11,Only_Strong_Downtrend_HighVol,100000.0,0.0,0.0,0.3069292902946472,Strong_Uptrend_LowVol
2024-03-12,Only_Strong_Downtrend_HighVol,100000.0,0.0,0.0,0.4226202666759491,Strong_Uptrend_LowVol
2024-03-13,Only_Strong_Downtrend_HighVol,100000.0,0.0,0.0,0.2479310482740402,Strong_Uptrend_LowVol
2024-03-14,Only_Strong_Downtrend_HighVol,100000.0,0.0,0.0,0.4301608502864837,Strong_Uptrend_LowVol
2024-03-15,Only_Strong_Downtrend_HighVol,100000.0,0.0,0.0,0.4183034896850586,Strong_Uptrend_LowVol
2024-03-18,Only_Strong_Downtrend_HighVol,100000.0,0.0,0.0,0.2263822257518768,Strong_Uptrend_LowVol
2024-03-19,Only_Strong_Downtrend_HighVol,100000.0,0.0,0.0,0.3924726247787475,Weak_Downtrend
2024-03-20,Only_Strong_Downtrend_HighVol,100000.0,0.0,0.0,0.3924726247787475,Weak_Downtrend
2024-03-21,Only_Strong_Downtrend_HighVol,100000.0,0.0,0.0,0.4181064367294311,Weak_Downtrend
2024-03-22,Only_Strong_Downtrend_HighVol,100000.0,0.0,0.0,0.4326481819152832,Strong_Downtrend_HighVol
2024-03-26,Only_Strong_Downtrend_HighVol,100000.0,0.0,0.0,0.6045350432395935,Strong_Downtrend_HighVol
2024-03-27,Only_Strong_Downtrend_HighVol,99950.02498750626,-0.0004997501249374148,1.0,0.711513876914978,Strong_Downtrend_HighVol
2024-03-28,Only_Strong_Downtrend_HighVol,100871.22720980723,0.009216628234121282,1.0,0.64478600025177,Strong_Downtrend_HighVol
2024-04-01,Only_Strong_Downtrend_HighVol,101773.83824710744,0.008948151641129831,0.0,0.4683361053466797,Strong_Downtrend_HighVol
2024-04-02,Only_Strong_Downtrend_HighVol,101773.83824710744,0.0,0.0,0.6368498802185059,Strong_Downtrend_HighVol
2024-04-03,Only_Strong_Downtrend_HighVol,101773.83824710744,0.0,0.0,0.4386820495128631,Strong_Downtrend_HighVol
2024-04-04,Only_Strong_Downtrend_HighVol,101773.83824710744,0.0,0.0,0.4909493625164032,Weak_Downtrend
2024-04-05,Only_Strong_Downtrend_HighVol,101773.83824710744,0.0,0.0,0.4595701694488525,Weak_Downtrend
2024-04-08,Only_Strong_Downtrend_HighVol,101773.83824710744,0.0,0.0,0.423918068408966,Weak_Downtrend
2024-04-09,Only_Strong_Downtrend_HighVol,101773.83824710744,0.0,0.0,0.4303626120090484,Strong_Downtrend_HighVol
2024-04-10,Only_Strong_Downtrend_HighVol,101773.83824710744,0.0,0.0,0.4211709201335907,Weak_Downtrend
2024-04-12,Only_Strong_Downtrend_HighVol,101773.83824710744,0.0,0.0,0.4717677533626556,Weak_Downtrend
2024-04-15,Only_Strong_Downtrend_HighVol,101773.83824710744,0.0,0.0,0.4466467201709747,Strong_Downtrend_HighVol
2024-04-16,Only_Strong_Downtrend_HighVol,101773.83824710744,0.0,0.0,0.6795939207077026,Strong_Downtrend_HighVol
2024-04-18,Only_Strong_Downtrend_HighVol,101723.8632346137,-0.0004910398718814823,1.0,0.7219113707542419,Strong_Downtrend_HighVol
2024-04-19,Only_Strong_Downtrend_HighVol,100627.3622118948,-0.01077919170440822,0.0,0.7219113707542419,Strong_Downtrend_LowVol
2024-04-22,Only_Strong_Downtrend_HighVol,100627.3622118948,0.0,0.0,0.711513876914978,Strong_Downtrend_LowVol
2024-04-23,Only_Strong_Downtrend_HighVol,100627.3622118948,0.0,0.0,0.6721768379211426,Strong_Downtrend_LowVol
2024-04-24,Only_Strong_Downtrend_HighVol,100627.3622118948,0.0,0.0,0.7219113707542419,Strong_Downtrend_LowVol
2024-04-25,Only_Strong_Downtrend_HighVol,100627.3622118948,0.0,0.0,0.7219113707542419,Strong_Downtrend_LowVol
2024-04-26,Only_Strong_Downtrend_HighVol,100627.3622118948,0.0,0.0,0.7219113707542419,Strong_Downtrend_LowVol
2024-04-29,Only_Strong_Downtrend_HighVol,100627.3622118948,0.0,0.0,0.7436636090278625,Strong_Downtrend_LowVol
2024-04-30,Only_Strong_Downtrend_HighVol,100627.3622118948,0.0,0.0,0.7923908233642578,Strong_Downtrend_LowVol
2024-05-02,Only_Strong_Downtrend_HighVol,100627.3622118948,0.0,0.0,0.7316038608551025,Strong_Downtrend_LowVol
2024-05-03,Only_Strong_Downtrend_HighVol,100627.3622118948,0.0,0.0,0.7769486904144287,Strong_Downtrend_LowVol
2024-05-06,Only_Strong_Downtrend_HighVol,100627.3622118948,0.0,0.0,0.3915858268737793,Strong_Downtrend_LowVol
2024-05-07,Only_Strong_Downtrend_HighVol,100627.3622118948,0.0,0.0,0.3697722554206848,Weak_Downtrend
2024-05-08,Only_Strong_Downtrend_HighVol,100627.3622118948,0.0,0.0,0.301511138677597,Weak_Downtrend
2024-05-09,Only_Strong_Downtrend_HighVol,100627.3622118948,0.0,0.0,0.3406410813331604,Weak_Downtrend
2024-05-10,Only_Strong_Downtrend_HighVol,100627.3622118948,0.0,0.0,0.3453083634376526,Strong_Downtrend_LowVol
2024-05-13,Only_Strong_Downtrend_HighVol,100627.3622118948,0.0,0.0,0.339055985212326,Weak_Downtrend
2024-05-14,Only_Strong_Downtrend_HighVol,100627.3622118948,0.0,0.0,0.2392671853303909,Strong_Downtrend_LowVol
2024-05-15,Only_Strong_Downtrend_HighVol,100627.3622118948,0.0,0.0,0.4329863488674164,Strong_Downtrend_LowVol
2024-05-16,Only_Strong_Downtrend_HighVol,100627.3622118948,0.0,0.0,0.3674110770225525,Strong_Downtrend_LowVol
2024-05-17,Only_Strong_Downtrend_HighVol,100627.3622118948,0.0,0.0,0.5577951073646545,Strong_Downtrend_LowVol
2024-05-21,Only_Strong_Downtrend_HighVol,100627.3622118948,0.0,0.0,0.65833580493927,Strong_Downtrend_LowVol
2024-05-22,Only_Strong_Downtrend_HighVol,100627.3622118948,0.0,0.0,0.6579462289810181,Strong_Downtrend_LowVol
2024-05-23,Only_Strong_Downtrend_HighVol,100627.3622118948,0.0,0.0,0.3188414573669433,Strong_Downtrend_LowVol
2024-05-24,Only_Strong_Downtrend_HighVol,100627.3622118948,0.0,0.0,0.6009922027587891,Strong_Downtrend_LowVol
2024-05-27,Only_Strong_Downtrend_HighVol,100627.3622118948,0.0,0.0,0.6740281581878662,Strong_Downtrend_LowVol
2024-05-28,Only_Strong_Downtrend_HighVol,100627.3622118948,0.0,0.0,0.7135289907455444,Strong_Downtrend_LowVol
2024-05-29,Only_Strong_Downtrend_HighVol,100627.3622118948,0.0,0.0,0.7335686087608337,Strong_Downtrend_LowVol
2024-05-30,Only_Strong_Downtrend_HighVol,100627.3622118948,0.0,0.0,0.7196359634399414,Strong_Downtrend_LowVol
2024-05-31,Only_Strong_Downtrend_HighVol,100627.3622118948,0.0,0.0,0.8457560539245605,Strong_Downtrend_LowVol
2024-06-03,Only_Strong_Downtrend_HighVol,100627.3622118948,0.0,0.0,0.8628421425819397,Strong_Downtrend_LowVol
2024-06-04,Only_Strong_Downtrend_HighVol,100627.3622118948,0.0,0.0,0.2884446680545807,Strong_Downtrend_LowVol
2024-06-05,Only_Strong_Downtrend_HighVol,100627.3622118948,0.0,0.0,0.2209851294755935,Strong_Downtrend_LowVol
2024-06-06,Only_Strong_Downtrend_HighVol,100627.3622118948,0.0,0.0,0.3052290380001068,Weak_Downtrend
2024-06-07,Only_Strong_Downtrend_HighVol,100627.3622118948,0.0,0.0,0.2829272449016571,Weak_Uptrend
2024-06-10,Only_Strong_Downtrend_HighVol,100627.3622118948,0.0,0.0,0.3222821354866028,Weak_Downtrend
2024-06-11,Only_Strong_Downtrend_HighVol,100627.3622118948,0.0,0.0,0.3758260905742645,Weak_Downtrend
2024-06-12,Only_Strong_Downtrend_HighVol,100627.3622118948,0.0,0.0,0.4066451489925384,Weak_Downtrend
2024-06-13,Only_Strong_Downtrend_HighVol,100627.3622118948,0.0,0.0,0.4400219321250915,Weak_Uptrend
2024-06-14,Only_Strong_Downtrend_HighVol,100627.3622118948,0.0,0.0,0.4116044342517853,Weak_Downtrend
2024-06-18,Only_Strong_Downtrend_HighVol,100627.3622118948,0.0,0.0,0.3943470120429992,Strong_Downtrend_LowVol
2024-06-19,Only_Strong_Downtrend_HighVol,100627.3622118948,0.0,0.0,0.4451701939105987,Strong_Downtrend_LowVol
2024-06-20,Only_Strong_Downtrend_HighVol,100627.3622118948,0.0,0.0,0.1704689264297485,Strong_Downtrend_LowVol
2024-06-21,Only_Strong_Downtrend_HighVol,100627.3622118948,0.0,0.0,0.1675410717725753,Strong_Downtrend_LowVol
2024-06-24,Only_Strong_Downtrend_HighVol,100627.3622118948,0.0,0.0,0.1702487021684646,Weak_Downtrend
2024-06-25,Only_Strong_Downtrend_HighVol,100627.3622118948,0.0,0.0,0.2115805596113205,Weak_Downtrend
2024-06-26,Only_Strong_Downtrend_HighVol,100627.3622118948,0.0,0.0,0.1747529655694961,Weak_Uptrend
2024-06-27,Only_Strong_Downtrend_HighVol,100627.3622118948,0.0,0.0,0.1585526466369629,Strong_Uptrend_LowVol
2024-06-28,Only_Strong_Downtrend_HighVol,100627.3622118948,0.0,0.0,0.120798535645008,Strong_Uptrend_LowVol
2024-07-01,Only_Strong_Downtrend_HighVol,100627.3622118948,0.0,0.0,0.1676857769489288,Strong_Uptrend_LowVol
2024-07-02,Only_Strong_Downtrend_HighVol,100627.3622118948,0.0,0.0,0.09813142567873,Strong_Uptrend_LowVol
2024-07-03,Only_Strong_Downtrend_HighVol,100627.3622118948,0.0,0.0,0.1081952154636383,Strong_Uptrend_LowVol
2024-07-04,Only_Strong_Downtrend_HighVol,100627.3622118948,0.0,0.0,0.0982093587517738,Strong_Uptrend_LowVol
2024-07-05,Only_Strong_Downtrend_HighVol,100627.3622118948,0.0,0.0,0.1049072816967964,Strong_Uptrend_LowVol
2024-07-08,Only_Strong_Downtrend_HighVol,100627.3622118948,0.0,0.0,0.1101596057415008,Strong_Uptrend_LowVol
2024-07-09,Only_Strong_Downtrend_HighVol,100627.3622118948,0.0,0.0,0.1074301674962043,Strong_Uptrend_LowVol
2024-07-10,Only_Strong_Downtrend_HighVol,100627.3622118948,0.0,0.0,0.067156933248043,Weak_Uptrend
2024-07-11,Only_Strong_Downtrend_HighVol,100627.3622118948,0.0,0.0,0.0651871934533119,Strong_Uptrend_LowVol
2024-07-12,Only_Strong_Downtrend_HighVol,100627.3622118948,0.0,0.0,0.2866563498973846,Strong_Uptrend_HighVol
2024-07-15,Only_Strong_Downtrend_HighVol,100627.3622118948,0.0,0.0,0.2609844505786896,Strong_Uptrend_HighVol
2024-07-16,Only_Strong_Downtrend_HighVol,100627.3622118948,0.0,0.0,0.2654161155223846,Strong_Uptrend_HighVol
2024-07-18,Only_Strong_Downtrend_HighVol,100627.3622118948,0.0,0.0,0.2534982562065124,Strong_Uptrend_HighVol
2024-07-19,Only_Strong_Downtrend_HighVol,100627.3622118948,0.0,0.0,0.2295404523611068,Strong_Uptrend_HighVol
2024-07-22,Only_Strong_Downtrend_HighVol,100627.3622118948,0.0,0.0,0.2242989689111709,Strong_Uptrend_HighVol
2024-07-23,Only_Strong_Downtrend_HighVol,100627.3622118948,0.0,0.0,0.2242989689111709,Strong_Uptrend_HighVol
2024-07-24,Only_Strong_Downtrend_HighVol,100627.3622118948,0.0,0.0,0.2841377854347229,Strong_Uptrend_HighVol
2024-07-25,Only_Strong_Downtrend_HighVol,100627.3622118948,0.0,0.0,0.2812440991401672,Strong_Uptrend_HighVol
2024-07-26,Only_Strong_Downtrend_HighVol,100627.3622118948,0.0,0.0,0.2386145740747451,Strong_Uptrend_HighVol
2024-07-29,Only_Strong_Downtrend_HighVol,100627.3622118948,0.0,0.0,0.286546915769577,Strong_Uptrend_HighVol
2024-07-30,Only_Strong_Downtrend_HighVol,100627.3622118948,0.0,0.0,0.2715286314487457,Strong_Uptrend_HighVol
2024-07-31,Only_Strong_Downtrend_HighVol,100627.3622118948,0.0,0.0,0.2840441465377807,Strong_Uptrend_HighVol
2024-08-01,Only_Strong_Downtrend_HighVol,100627.3622118948,0.0,0.0,0.296279102563858,Strong_Uptrend_HighVol
2024-08-02,Only_Strong_Downtrend_HighVol,100627.3622118948,0.0,0.0,0.294759064912796,Strong_Uptrend_HighVol
2024-08-05,Only_Strong_Downtrend_HighVol,100627.3622118948,0.0,0.0,0.2707370817661285,Strong_Uptrend_HighVol
2024-08-06,Only_Strong_Downtrend_HighVol,100627.3622118948,0.0,0.0,0.2707370817661285,Strong_Uptrend_HighVol
2024-08-07,Only_Strong_Downtrend_HighVol,100627.3622118948,0.0,0.0,0.3227385282516479,Strong_Uptrend_HighVol
2024-08-08,Only_Strong_Downtrend_HighVol,100627.3622118948,0.0,0.0,0.3355268836021423,Strong_Uptrend_HighVol
2024-08-09,Only_Strong_Downtrend_HighVol,100627.3622118948,0.0,0.0,0.3270950615406036,Strong_Uptrend_HighVol
2024-08-12,Only_Strong_Downtrend_HighVol,100627.3622118948,0.0,0.0,0.3264108598232269,Strong_Uptrend_LowVol
2024-08-13,Only_Strong_Downtrend_HighVol,100627.3622118948,0.0,0.0,0.3388810753822326,Strong_Uptrend_LowVol
2024-08-14,Only_Strong_Downtrend_HighVol,100627.3622118948,0.0,0.0,0.242540031671524,Strong_Uptrend_HighVol
2024-08-16,Only_Strong_Downtrend_HighVol,100627.3622118948,0.0,0.0,0.2669140696525574,Strong_Uptrend_HighVol
2024-08-19,Only_Strong_Downtrend_HighVol,100627.3622118948,0.0,0.0,0.2460161000490188,Strong_Uptrend_HighVol
2024-08-20,Only_Strong_Downtrend_HighVol,100627.3622118948,0.0,0.0,0.2275067567825317,Strong_Uptrend_HighVol
2024-08-21,Only_Strong_Downtrend_HighVol,100627.3622118948,0.0,0.0,0.2480917125940323,Strong_Uptrend_HighVol
2024-08-22,Only_Strong_Downtrend_HighVol,100627.3622118948,0.0,0.0,0.2242989689111709,Strong_Uptrend_HighVol
2024-08-23,Only_Strong_Downtrend_HighVol,100627.3622118948,0.0,0.0,0.2429498732089996,Strong_Uptrend_HighVol
2024-08-26,Only_Strong_Downtrend_HighVol,100627.3622118948,0.0,0.0,0.2439489513635635,Strong_Uptrend_HighVol
2024-08-27,Only_Strong_Downtrend_HighVol,100627.3622118948,0.0,0.0,0.244068294763565,Strong_Uptrend_HighVol
2024-08-28,Only_Strong_Downtrend_HighVol,100627.3622118948,0.0,0.0,0.2533520460128784,Strong_Uptrend_HighVol
2024-08-29,Only_Strong_Downtrend_HighVol,100627.3622118948,0.0,0.0,0.2592674493789673,Strong_Uptrend_HighVol
2024-08-30,Only_Strong_Downtrend_HighVol,100627.3622118948,0.0,0.0,0.2506621479988098,Strong_Uptrend_HighVol
2024-09-02,Only_Strong_Downtrend_HighVol,100627.3622118948,0.0,0.0,0.2566772103309631,Strong_Uptrend_LowVol
2024-09-03,Only_Strong_Downtrend_HighVol,100627.3622118948,0.0,0.0,0.3106915652751922,Strong_Uptrend_LowVol
2024-09-04,Only_Strong_Downtrend_HighVol,100627.3622118948,0.0,0.0,0.327718049287796,Strong_Uptrend_LowVol
2024-09-05,Only_Strong_Downtrend_HighVol,100627.3622118948,0.0,0.0,0.327718049287796,Strong_Uptrend_LowVol
2024-09-06,Only_Strong_Downtrend_HighVol,100627.3622118948,0.0,0.0,0.3231621384620666,Strong_Uptrend_LowVol
2024-09-09,Only_Strong_Downtrend_HighVol,100627.3622118948,0.0,0.0,0.357803463935852,Strong_Uptrend_LowVol
2024-09-10,Only_Strong_Downtrend_HighVol,100627.3622118948,0.0,0.0,0.3259206712245941,Strong_Uptrend_LowVol
2024-09-11,Only_Strong_Downtrend_HighVol,100627.3622118948,0.0,0.0,0.3258581459522247,Strong_Uptrend_LowVol
2024-09-12,Only_Strong_Downtrend_HighVol,100627.3622118948,0.0,0.0,0.3316980302333832,Strong_Uptrend_LowVol
2024-09-13,Only_Strong_Downtrend_HighVol,100627.3622118948,0.0,0.0,0.3316980302333832,Strong_Uptrend_LowVol
2024-09-16,Only_Strong_Downtrend_HighVol,100627.3622118948,0.0,0.0,0.3296115696430206,Strong_Uptrend_LowVol
2024-09-17,Only_Strong_Downtrend_HighVol,100627.3622118948,0.0,0.0,0.3421419560909271,Strong_Uptrend_LowVol
2024-09-18,Only_Strong_Downtrend_HighVol,100627.3622118948,0.0,0.0,0.236836165189743,Weak_Downtrend
2024-09-19,Only_Strong_Downtrend_HighVol,100627.3622118948,0.0,0.0,0.1933979839086532,Strong_Downtrend_LowVol
2024-09-20,Only_Strong_Downtrend_HighVol,100627.3622118948,0.0,0.0,0.1933979839086532,Strong_Downtrend_LowVol
2024-09-23,Only_Strong_Downtrend_HighVol,100627.3622118948,0.0,0.0,0.2365657389163971,Strong_Downtrend_LowVol
2024-09-24,Only_Strong_Downtrend_HighVol,100627.3622118948,0.0,0.0,0.2511974573135376,Strong_Downtrend_LowVol
2024-09-25,Only_Strong_Downtrend_HighVol,100627.3622118948,0.0,0.0,0.2854065299034118,Strong_Downtrend_LowVol
2024-09-26,Only_Strong_Downtrend_HighVol,100627.3622118948,0.0,0.0,0.3754554092884063,Strong_Downtrend_LowVol
2024-09-27,Only_Strong_Downtrend_HighVol,100627.3622118948,0.0,0.0,0.3710492253303528,Strong_Downtrend_LowVol
2024-09-30,Only_Strong_Downtrend_HighVol,100627.3622118948,0.0,0.0,0.3588312566280365,Strong_Downtrend_LowVol
2024-10-01,Only_Strong_Downtrend_HighVol,100627.3622118948,0.0,0.0,0.384001225233078,Strong_Downtrend_LowVol
2024-10-03,Only_Strong_Downtrend_HighVol,100627.3622118948,0.0,0.0,0.6041865348815918,Strong_Downtrend_LowVol
2024-10-04,Only_Strong_Downtrend_HighVol,100627.3622118948,0.0,0.0,0.58246910572052,Strong_Downtrend_LowVol
2024-10-07,Only_Strong_Downtrend_HighVol,100627.3622118948,0.0,0.0,0.3540689051151275,Strong_Downtrend_LowVol
2024-10-08,Only_Strong_Downtrend_HighVol,100627.3622118948,0.0,0.0,0.58246910572052,Strong_Downtrend_LowVol
2024-10-09,Only_Strong_Downtrend_HighVol,100627.3622118948,0.0,0.0,0.2640060484409332,Strong_Downtrend_LowVol
2024-10-10,Only_Strong_Downtrend_HighVol,100627.3622118948,0.0,0.0,0.4729017913341522,Strong_Downtrend_LowVol
2024-10-11,Only_Strong_Downtrend_HighVol,100627.3622118948,0.0,0.0,0.7608885765075684,Strong_Downtrend_LowVol
2024-10-14,Only_Strong_Downtrend_HighVol,100627.3622118948,0.0,0.0,0.7580382823944092,Strong_Downtrend_LowVol
2024-10-15,Only_Strong_Downtrend_HighVol,100627.3622118948,0.0,0.0,0.7607991695404053,Strong_Downtrend_LowVol
2024-10-16,Only_Strong_Downtrend_HighVol,100627.3622118948,0.0,0.0,0.7894052863121033,Strong_Downtrend_LowVol
2024-10-17,Only_Strong_Downtrend_HighVol,100627.3622118948,0.0,0.0,0.7607991695404053,Strong_Downtrend_LowVol
2024-10-18,Only_Strong_Downtrend_HighVol,100627.3622118948,0.0,0.0,0.7467433214187622,Strong_Downtrend_LowVol
2024-10-21,Only_Strong_Downtrend_HighVol,100627.3622118948,0.0,0.0,0.7944980263710022,Strong_Downtrend_LowVol
2024-10-22,Only_Strong_Downtrend_HighVol,100627.3622118948,0.0,0.0,0.8129313588142395,Strong_Downtrend_LowVol
2024-10-23,Only_Strong_Downtrend_HighVol,100627.3622118948,0.0,0.0,0.7620764970779419,Strong_Downtrend_LowVol
2024-10-24,Only_Strong_Downtrend_HighVol,100627.3622118948,0.0,0.0,0.7775447964668274,Strong_Downtrend_LowVol
2024-10-25,Only_Strong_Downtrend_HighVol,100627.3622118948,0.0,0.0,0.7742302417755127,Strong_Downtrend_LowVol
2024-10-28,Only_Strong_Downtrend_HighVol,100627.3622118948,0.0,0.0,0.7284544706344604,Strong_Downtrend_LowVol
2024-10-29,Only_Strong_Downtrend_HighVol,100627.3622118948,0.0,0.0,0.7427082061767578,Strong_Downtrend_LowVol
2024-10-30,Only_Strong_Downtrend_HighVol,100627.3622118948,0.0,0.0,0.7393041253089905,Strong_Downtrend_LowVol
2024-10-31,Only_Strong_Downtrend_HighVol,100627.3622118948,0.0,0.0,0.9053999185562134,Strong_Downtrend_LowVol
2024-11-01,Only_Strong_Downtrend_HighVol,100627.3622118948,0.0,0.0,0.9119563698768616,Strong_Downtrend_LowVol
2024-11-04,Only_Strong_Downtrend_HighVol,100627.3622118948,0.0,0.0,0.8962885141372681,Strong_Downtrend_LowVol
2024-11-05,Only_Strong_Downtrend_HighVol,100627.3622118948,0.0,0.0,0.8987098336219788,Strong_Downtrend_LowVol
2024-11-06,Only_Strong_Downtrend_HighVol,100627.3622118948,0.0,0.0,0.6782045960426331,Strong_Downtrend_HighVol
2024-11-07,Only_Strong_Downtrend_HighVol,100577.38719940106,-0.0004966344282035795,1.0,0.7009809613227844,Strong_Downtrend_HighVol
2024-11-08,Only_Strong_Downtrend_HighVol,100483.4809752383,-0.0009336713428096388,1.0,0.7009809613227844,Strong_Downtrend_HighVol
2024-11-11,Only_Strong_Downtrend_HighVol,101584.34258637909,0.010955647639357524,0.0,0.5726436972618103,Weak_Downtrend
2024-11-12,Only_Strong_Downtrend_HighVol,101584.34258637909,0.0,0.0,0.5741950869560242,Weak_Downtrend
2024-11-13,Only_Strong_Downtrend_HighVol,101584.34258637909,0.0,0.0,0.593315601348877,Strong_Downtrend_HighVol
2024-11-14,Only_Strong_Downtrend_HighVol,101584.34258637909,0.0,0.0,0.6569667458534241,Strong_Downtrend_HighVol
2024-11-18,Only_Strong_Downtrend_HighVol,101534.36757388535,-0.0004919558587608286,1.0,0.7046766877174377,Strong_Downtrend_HighVol
2024-11-19,Only_Strong_Downtrend_HighVol,102032.93776454883,0.004910358951127236,1.0,0.6871570348739624,Strong_Downtrend_HighVol
2024-11-21,Only_Strong_Downtrend_HighVol,102860.98620650834,0.008115501328309405,1.0,0.6869116425514221,Strong_Downtrend_HighVol
2024-11-22,Only_Strong_Downtrend_HighVol,107067.28407813831,0.04089303463594263,0.0,0.5649750232696533,Weak_Uptrend
2024-11-25,Only_Strong_Downtrend_HighVol,107067.28407813831,0.0,0.0,0.4009934365749359,Strong_Uptrend_HighVol
2024-11-26,Only_Strong_Downtrend_HighVol,107067.28407813831,0.0,0.0,0.3805783689022064,Strong_Uptrend_HighVol
2024-11-27,Only_Strong_Downtrend_HighVol,107067.28407813831,0.0,0.0,0.3841496407985687,Strong_Uptrend_HighVol
2024-11-28,Only_Strong_Downtrend_HighVol,107067.28407813831,0.0,0.0,0.2898951768875122,Weak_Uptrend
2024-11-29,Only_Strong_Downtrend_HighVol,107067.28407813831,0.0,0.0,0.4073731303215027,Strong_Uptrend_HighVol
2024-12-02,Only_Strong_Downtrend_HighVol,107067.28407813831,0.0,0.0,0.3055686056613922,Strong_Uptrend_HighVol
2024-12-03,Only_Strong_Downtrend_HighVol,107067.28407813831,0.0,0.0,0.3819903135299682,Strong_Uptrend_HighVol
2024-12-04,Only_Strong_Downtrend_HighVol,107067.28407813831,0.0,0.0,0.4721872210502624,Strong_Uptrend_HighVol
2024-12-05,Only_Strong_Downtrend_HighVol,107067.28407813831,0.0,0.0,0.436297208070755,Strong_Uptrend_HighVol
2024-12-06,Only_Strong_Downtrend_HighVol,107067.28407813831,0.0,0.0,0.3573099076747894,Strong_Uptrend_HighVol
2024-12-09,Only_Strong_Downtrend_HighVol,107067.28407813831,0.0,0.0,0.4462079703807831,Strong_Uptrend_HighVol
2024-12-10,Only_Strong_Downtrend_HighVol,107067.28407813831,0.0,0.0,0.3232079446315765,Strong_Uptrend_HighVol
2024-12-11,Only_Strong_Downtrend_HighVol,107067.28407813831,0.0,0.0,0.3232079446315765,Strong_Uptrend_HighVol
2024-12-12,Only_Strong_Downtrend_HighVol,107067.28407813831,0.0,0.0,0.4023072421550751,Strong_Uptrend_HighVol
2024-12-13,Only_Strong_Downtrend_HighVol,107067.28407813831,0.0,0.0,0.4300086498260498,Strong_Uptrend_HighVol
2024-12-16,Only_Strong_Downtrend_HighVol,107067.28407813831,0.0,0.0,0.3563823699951172,Strong_Uptrend_HighVol
2024-12-17,Only_Strong_Downtrend_HighVol,107067.28407813831,0.0,0.0,0.415903240442276,Strong_Uptrend_HighVol
2024-12-18,Only_Strong_Downtrend_HighVol,107067.28407813831,0.0,0.0,0.3719558715820312,Strong_Uptrend_HighVol
2024-12-19,Only_Strong_Downtrend_HighVol,107067.28407813831,0.0,0.0,0.3065764605998993,Strong_Uptrend_HighVol
2024-12-20,Only_Strong_Downtrend_HighVol,107067.28407813831,0.0,0.0,0.568117082118988,Weak_Downtrend
2024-12-23,Only_Strong_Downtrend_HighVol,107067.28407813831,0.0,0.0,0.5576220750808716,Weak_Downtrend
2024-12-24,Only_Strong_Downtrend_HighVol,107067.28407813831,0.0,0.0,0.5937625169754028,Weak_Downtrend
2024-12-26,Only_Strong_Downtrend_HighVol,107067.28407813831,0.0,0.0,0.5832534432411194,Weak_Downtrend
2024-12-27,Only_Strong_Downtrend_HighVol,107067.28407813831,0.0,0.0,0.5656948685646057,Weak_Downtrend
2024-12-30,Only_Strong_Downtrend_HighVol,107067.28407813831,0.0,0.0,0.5315733551979065,Weak_Downtrend
2024-12-31,Only_Strong_Downtrend_HighVol,107067.28407813831,0.0,0.0,0.6027769446372986,Strong_Downtrend_LowVol
2025-01-01,Only_Strong_Downtrend_HighVol,107067.28407813831,0.0,0.0,0.3396520018577575,Strong_Downtrend_LowVol
2025-01-02,Only_Strong_Downtrend_HighVol,107067.28407813831,0.0,0.0,0.4462629556655884,Weak_Downtrend
2025-01-03,Only_Strong_Downtrend_HighVol,107067.28407813831,0.0,0.0,0.3802525699138641,Strong_Downtrend_LowVol
2025-01-06,Only_Strong_Downtrend_HighVol,107067.28407813831,0.0,0.0,0.6027769446372986,Strong_Downtrend_LowVol
2025-01-07,Only_Strong_Downtrend_HighVol,107067.28407813831,0.0,0.0,0.589745819568634,Strong_Downtrend_LowVol
2025-01-08,Only_Strong_Downtrend_HighVol,107067.28407813831,0.0,0.0,0.4721475541591644,Strong_Downtrend_LowVol
2025-01-09,Only_Strong_Downtrend_HighVol,107067.28407813831,0.0,0.0,0.5819497108459473,Strong_Downtrend_LowVol
2025-01-10,Only_Strong_Downtrend_HighVol,107067.28407813831,0.0,0.0,0.5834248661994934,Weak_Uptrend
2025-01-13,Only_Strong_Downtrend_HighVol,107067.28407813831,0.0,0.0,0.5351479053497314,Strong_Uptrend_HighVol
2025-01-14,Only_Strong_Downtrend_HighVol,107067.28407813831,0.0,0.0,0.6169790029525757,Weak_Uptrend
2025-01-15,Only_Strong_Downtrend_HighVol,107067.28407813831,0.0,0.0,0.6325839757919312,Weak_Uptrend
2025-01-16,Only_Strong_Downtrend_HighVol,107067.28407813831,0.0,0.0,0.6367969512939453,Weak_Downtrend
2025-01-17,Only_Strong_Downtrend_HighVol,107067.28407813831,0.0,0.0,0.5152623057365417,Strong_Downtrend_HighVol
2025-01-20,Only_Strong_Downtrend_HighVol,107067.28407813831,0.0,0.0,0.6982356905937195,Strong_Downtrend_HighVol
2025-01-21,Only_Strong_Downtrend_HighVol,107067.28407813831,0.0,0.0,0.6746646165847778,Strong_Downtrend_HighVol
2025-01-22,Only_Strong_Downtrend_HighVol,107067.28407813831,0.0,0.0,0.4914069771766662,Weak_Downtrend
2025-01-23,Only_Strong_Downtrend_HighVol,107067.28407813831,0.0,0.0,0.4914069771766662,Strong_Downtrend_HighVol
2025-01-24,Only_Strong_Downtrend_HighVol,107067.28407813831,0.0,0.0,0.4914069771766662,Weak_Downtrend
2025-01-27,Only_Strong_Downtrend_HighVol,107067.28407813831,0.0,0.0,0.5639668703079224,Strong_Downtrend_HighVol
2025-01-28,Only_Strong_Downtrend_HighVol,107067.28407813831,0.0,0.0,0.5229705572128296,Strong_Downtrend_HighVol
2025-01-29,Only_Strong_Downtrend_HighVol,107067.28407813831,0.0,0.0,0.592658281326294,Strong_Downtrend_HighVol
2025-01-30,Only_Strong_Downtrend_HighVol,107067.28407813831,0.0,0.0,0.592658281326294,Strong_Downtrend_HighVol
2025-01-31,Only_Strong_Downtrend_HighVol,107067.28407813831,0.0,0.0,0.5554901361465454,Strong_Downtrend_HighVol
2025-02-01,Only_Strong_Downtrend_HighVol,107017.30906564457,-0.00046676268034662183,1.0,0.7181596755981445,Strong_Downtrend_HighVol
2025-02-03,Only_Strong_Downtrend_HighVol,106906.8846709556,-0.0010318367715753674,1.0,0.7153918743133545,Strong_Downtrend_HighVol
2025-02-04,Only_Strong_Downtrend_HighVol,107849.17044260548,0.008814079416401555,1.0,0.5213248133659363,Strong_Downtrend_HighVol
2025-02-05,Only_Strong_Downtrend_HighVol,107457.78449940718,-0.003629012087826733,1.0,0.6626167893409729,Strong_Downtrend_HighVol
2025-02-06,Only_Strong_Downtrend_HighVol,107105.39941656702,-0.0032792885548660333,0.0,0.6966712474822998,Strong_Downtrend_LowVol
2025-02-07,Only_Strong_Downtrend_HighVol,107105.39941656702,0.0,0.0,0.6849414706230164,Strong_Downtrend_LowVol
2025-02-10,Only_Strong_Downtrend_HighVol,107105.39941656702,0.0,0.0,0.6849414706230164,Strong_Downtrend_LowVol
2025-02-11,Only_Strong_Downtrend_HighVol,107105.39941656702,0.0,0.0,0.5199754238128662,Strong_Downtrend_LowVol
2025-02-12,Only_Strong_Downtrend_HighVol,107105.39941656702,0.0,0.0,0.5351260304450989,Strong_Downtrend_LowVol
2025-02-13,Only_Strong_Downtrend_HighVol,107105.39941656702,0.0,0.0,0.8337576985359192,Strong_Downtrend_LowVol
2025-02-14,Only_Strong_Downtrend_HighVol,107105.39941656702,0.0,0.0,0.5098326802253723,Strong_Downtrend_LowVol
2025-02-17,Only_Strong_Downtrend_HighVol,107105.39941656702,0.0,0.0,0.8371390700340271,Strong_Downtrend_LowVol
2025-02-18,Only_Strong_Downtrend_HighVol,107105.39941656702,0.0,0.0,0.9005553126335144,Strong_Downtrend_LowVol
2025-02-19,Only_Strong_Downtrend_HighVol,107105.39941656702,0.0,0.0,0.9314850568771362,Strong_Downtrend_LowVol
2025-02-20,Only_Strong_Downtrend_HighVol,107105.39941656702,0.0,0.0,0.9293535351753236,Strong_Downtrend_LowVol
2025-02-21,Only_Strong_Downtrend_HighVol,107105.39941656702,0.0,0.0,0.9348692297935486,Strong_Downtrend_LowVol
2025-02-24,Only_Strong_Downtrend_HighVol,107105.39941656702,0.0,0.0,0.9287832975387572,Strong_Downtrend_LowVol
2025-02-25,Only_Strong_Downtrend_HighVol,107105.39941656702,0.0,0.0,0.9299870729446412,Strong_Downtrend_LowVol
2025-02-27,Only_Strong_Downtrend_HighVol,107105.39941656702,0.0,0.0,0.9354568123817444,Strong_Downtrend_LowVol
2025-02-28,Only_Strong_Downtrend_HighVol,107105.39941656702,0.0,0.0,0.9313012957572936,Strong_Downtrend_LowVol
2025-03-03,Only_Strong_Downtrend_HighVol,107105.39941656702,0.0,0.0,0.9012481570243835,Strong_Downtrend_LowVol
2025-03-04,Only_Strong_Downtrend_HighVol,107105.39941656702,0.0,0.0,0.9005647897720337,Strong_Downtrend_LowVol
2025-03-05,Only_Strong_Downtrend_HighVol,107105.39941656702,0.0,0.0,0.8894710540771484,Strong_Downtrend_LowVol
2025-03-06,Only_Strong_Downtrend_HighVol,107105.39941656702,0.0,0.0,0.8298525214195251,Strong_Downtrend_LowVol
2025-03-07,Only_Strong_Downtrend_HighVol,107105.39941656702,0.0,0.0,0.8402940034866333,Strong_Downtrend_LowVol
2025-03-10,Only_Strong_Downtrend_HighVol,107105.39941656702,0.0,0.0,0.8483890295028687,Strong_Downtrend_LowVol
2025-03-11,Only_Strong_Downtrend_HighVol,107105.39941656702,0.0,0.0,0.8764618635177612,Strong_Downtrend_LowVol
2025-03-12,Only_Strong_Downtrend_HighVol,107105.39941656702,0.0,0.0,0.8382480144500732,Strong_Downtrend_LowVol
2025-03-13,Only_Strong_Downtrend_HighVol,107105.39941656702,0.0,0.0,0.8172340989112854,Strong_Downtrend_LowVol
2025-03-17,Only_Strong_Downtrend_HighVol,107105.39941656702,0.0,0.0,0.8106125593185425,Strong_Downtrend_LowVol
2025-03-18,Only_Strong_Downtrend_HighVol,107105.39941656702,0.0,0.0,0.8179736733436584,Strong_Downtrend_LowVol
2025-03-20,Only_Strong_Downtrend_HighVol,107055.42440407327,-0.00046659657464487303,1.0,0.8013614416122437,Strong_Downtrend_HighVol
2025-03-21,Only_Strong_Downtrend_HighVol,107474.79278205524,0.003917301531579431,1.0,0.7974686622619629,Strong_Downtrend_HighVol
2025-03-24,Only_Strong_Downtrend_HighVol,108901.18355112016,0.013271863402960493,1.0,0.7744424939155579,Strong_Downtrend_HighVol
2025-03-25,Only_Strong_Downtrend_HighVol,109709.05458627337,0.007418386181027747,1.0,0.7823407053947449,Strong_Downtrend_HighVol
2025-03-26,Only_Strong_Downtrend_HighVol,109093.33584632915,-0.005612287356464574,1.0,0.8817691206932068,Strong_Downtrend_HighVol
2025-03-27,Only_Strong_Downtrend_HighVol,109536.60582044798,0.004063217708762945,0.0,0.8777562975883484,Strong_Downtrend_LowVol
2025-03-28,Only_Strong_Downtrend_HighVol,109536.60582044798,0.0,0.0,0.88265460729599,Strong_Downtrend_LowVol
2025-04-01,Only_Strong_Downtrend_HighVol,109536.60582044798,0.0,0.0,0.9332331418991088,Strong_Downtrend_LowVol
2025-04-02,Only_Strong_Downtrend_HighVol,109536.60582044798,0.0,0.0,0.9217604398727416,Strong_Downtrend_LowVol
2025-04-03,Only_Strong_Downtrend_HighVol,109486.63080795424,-0.00045624028715718357,1.0,0.8700207471847534,Strong_Downtrend_HighVol
2025-04-04,Only_Strong_Downtrend_HighVol,106439.50817450453,-0.027831001931135635,1.0,0.84055495262146,Strong_Downtrend_HighVol
2025-04-07,Only_Strong_Downtrend_HighVol,105694.98660918314,-0.006994785846819007,1.0,0.8669483661651611,Strong_Downtrend_HighVol
2025-04-08,Only_Strong_Downtrend_HighVol,106250.0740328133,0.005251785741575921,1.0,0.7657562494277954,Strong_Downtrend_HighVol
2025-04-09,Only_Strong_Downtrend_HighVol,104888.78547662497,-0.012812118660434302,1.0,0.8892604112625122,Strong_Downtrend_HighVol
2025-04-11,Only_Strong_Downtrend_HighVol,104445.29777218487,-0.004228170842333956,1.0,0.921689748764038,Strong_Downtrend_HighVol
2025-04-15,Only_Strong_Downtrend_HighVol,104935.77294513259,0.004696000522852906,1.0,0.9234642386436462,Strong_Downtrend_HighVol
2025-04-16,Only_Strong_Downtrend_HighVol,105687.64414500614,0.007165060863149941,1.0,0.8622910380363464,Strong_Downtrend_HighVol
2025-04-17,Only_Strong_Downtrend_HighVol,106424.82324615055,0.006975073643736396,1.0,0.7736369371414185,Strong_Downtrend_HighVol
2025-04-21,Only_Strong_Downtrend_HighVol,107091.52472972113,0.006264529864696611,1.0,0.5356848835945129,Strong_Downtrend_HighVol
2025-04-22,Only_Strong_Downtrend_HighVol,106880.05602512376,-0.001974653971274387,1.0,0.7257519960403442,Strong_Downtrend_HighVol
2025-04-23,Only_Strong_Downtrend_HighVol,109634.44495104389,0.025770840962814123,0.0,0.3339495956897735,Strong_Downtrend_HighVol
2025-04-24,Only_Strong_Downtrend_HighVol,109634.44495104389,0.0,0.0,0.3408219814300537,Strong_Downtrend_HighVol
2025-04-25,Only_Strong_Downtrend_HighVol,109634.44495104389,0.0,0.0,0.3011215627193451,Strong_Downtrend_HighVol
2025-04-28,Only_Strong_Downtrend_HighVol,109634.44495104389,0.0,0.0,0.3011215627193451,Strong_Downtrend_HighVol
2025-04-29,Only_Strong_Downtrend_HighVol,109634.44495104389,0.0,0.0,0.3088956773281097,Strong_Downtrend_HighVol
2025-04-30,Only_Strong_Downtrend_HighVol,109634.44495104389,0.0,0.0,0.3119304180145263,Strong_Downtrend_HighVol
2025-05-02,Only_Strong_Downtrend_HighVol,109634.44495104389,0.0,0.0,0.3195918798446655,Strong_Downtrend_HighVol
2025-05-05,Only_Strong_Downtrend_HighVol,109634.44495104389,0.0,0.0,0.0899633169174194,Strong_Downtrend_HighVol
2025-05-06,Only_Strong_Downtrend_HighVol,109634.44495104389,0.0,0.0,0.0826934874057769,Strong_Downtrend_HighVol
2025-05-07,Only_Strong_Downtrend_HighVol,109634.44495104389,0.0,0.0,0.0829680934548378,Strong_Downtrend_LowVol
2025-05-08,Only_Strong_Downtrend_HighVol,109634.44495104389,0.0,0.0,0.081339031457901,Strong_Downtrend_LowVol
2025-05-09,Only_Strong_Downtrend_HighVol,109634.44495104389,0.0,0.0,0.0826145634055137,Strong_Downtrend_LowVol
2025-05-12,Only_Strong_Downtrend_HighVol,109634.44495104389,0.0,0.0,0.2193900197744369,Strong_Uptrend_HighVol
2025-05-13,Only_Strong_Downtrend_HighVol,109634.44495104389,0.0,0.0,0.1284363120794296,Weak_Uptrend
2025-05-14,Only_Strong_Downtrend_HighVol,109634.44495104389,0.0,0.0,0.1629817634820938,Strong_Uptrend_HighVol
2025-05-15,Only_Strong_Downtrend_HighVol,109634.44495104389,0.0,0.0,0.2577900290489197,Strong_Uptrend_HighVol
2025-05-16,Only_Strong_Downtrend_HighVol,109634.44495104389,0.0,0.0,0.2359750717878341,Strong_Uptrend_HighVol
2025-05-19,Only_Strong_Downtrend_HighVol,109634.44495104389,0.0,0.0,0.1506282389163971,Weak_Uptrend
2025-05-20,Only_Strong_Downtrend_HighVol,109634.44495104389,0.0,0.0,0.1483691036701202,Weak_Uptrend
2025-05-21,Only_Strong_Downtrend_HighVol,109634.44495104389,0.0,0.0,0.1527998149394989,Weak_Uptrend
2025-05-22,Only_Strong_Downtrend_HighVol,109634.44495104389,0.0,0.0,0.1515970677137375,Weak_Uptrend
2025-05-23,Only_Strong_Downtrend_HighVol,109634.44495104389,0.0,0.0,0.1452295333147049,Weak_Uptrend
2025-05-26,Only_Strong_Downtrend_HighVol,109634.44495104389,0.0,0.0,0.1492395401000976,Strong_Uptrend_HighVol
2025-05-27,Only_Strong_Downtrend_HighVol,109634.44495104389,0.0,0.0,0.1209469586610794,Weak_Uptrend
2025-05-28,Only_Strong_Downtrend_HighVol,109634.44495104389,0.0,0.0,0.1188810318708419,Weak_Uptrend
2025-05-29,Only_Strong_Downtrend_HighVol,109634.44495104389,0.0,0.0,0.1247487217187881,Weak_Uptrend
2025-05-30,Only_Strong_Downtrend_HighVol,109634.44495104389,0.0,0.0,0.1277496218681335,Weak_Downtrend
2025-06-02,Only_Strong_Downtrend_HighVol,109634.44495104389,0.0,0.0,0.1162265315651893,Weak_Downtrend
2025-06-03,Only_Strong_Downtrend_HighVol,109634.44495104389,0.0,0.0,0.0950516462326049,Strong_Downtrend_HighVol
2025-06-04,Only_Strong_Downtrend_HighVol,109634.44495104389,0.0,0.0,0.0978474020957946,Strong_Downtrend_HighVol
2025-06-05,Only_Strong_Downtrend_HighVol,109634.44495104389,0.0,0.0,0.1197066605091095,Strong_Downtrend_HighVol
2025-06-06,Only_Strong_Downtrend_HighVol,109634.44495104389,0.0,0.0,0.1163363680243492,Strong_Downtrend_HighVol
2025-06-09,Only_Strong_Downtrend_HighVol,109634.44495104389,0.0,0.0,0.1302157342433929,Weak_Downtrend
2025-06-10,Only_Strong_Downtrend_HighVol,109634.44495104389,0.0,0.0,0.1550361812114715,Weak_Uptrend
2025-06-11,Only_Strong_Downtrend_HighVol,109634.44495104389,0.0,0.0,0.1032899543642997,Strong_Uptrend_LowVol
2025-06-12,Only_Strong_Downtrend_HighVol,109634.44495104389,0.0,0.0,0.1089804843068122,Weak_Downtrend
2025-06-13,Only_Strong_Downtrend_HighVol,109634.44495104389,0.0,0.0,0.0992893651127815,Weak_Uptrend
2025-06-16,Only_Strong_Downtrend_HighVol,109634.44495104389,0.0,0.0,0.0993753224611282,Strong_Uptrend_LowVol
2025-06-17,Only_Strong_Downtrend_HighVol,109634.44495104389,0.0,0.0,0.1051598191261291,Strong_Uptrend_LowVol
2025-06-18,Only_Strong_Downtrend_HighVol,109634.44495104389,0.0,0.0,0.0958040654659271,Weak_Uptrend
2025-06-19,Only_Strong_Downtrend_HighVol,109634.44495104389,0.0,0.0,0.1013682037591934,Weak_Downtrend
2025-06-20,Only_Strong_Downtrend_HighVol,109634.44495104389,0.0,0.0,0.3934091031551361,Weak_Downtrend
2025-06-23,Only_Strong_Downtrend_HighVol,109634.44495104389,0.0,0.0,0.3587758839130401,Strong_Downtrend_LowVol
2025-06-24,Only_Strong_Downtrend_HighVol,109634.44495104389,0.0,0.0,0.3609920144081116,Strong_Downtrend_LowVol
2025-06-25,Only_Strong_Downtrend_HighVol,109634.44495104389,0.0,0.0,0.4100512862205505,Weak_Downtrend
2025-06-26,Only_Strong_Downtrend_HighVol,109634.44495104389,0.0,0.0,0.4143960773944855,Weak_Downtrend
2025-06-27,Only_Strong_Downtrend_HighVol,109634.44495104389,0.0,0.0,0.4194229245185852,Weak_Downtrend
2025-06-30,Only_Strong_Downtrend_HighVol,109634.44495104389,0.0,0.0,0.428266316652298,Weak_Uptrend
2025-07-01,Only_Strong_Downtrend_HighVol,109634.44495104389,0.0,0.0,0.4627661406993866,Weak_Downtrend
2025-07-02,Only_Strong_Downtrend_HighVol,109634.44495104389,0.0,0.0,0.4256802499294281,Strong_Downtrend_LowVol
2025-07-03,Only_Strong_Downtrend_HighVol,109634.44495104389,0.0,0.0,0.4410309493541717,Strong_Downtrend_LowVol
2025-07-04,Only_Strong_Downtrend_HighVol,109634.44495104389,0.0,0.0,0.4267217218875885,Strong_Downtrend_LowVol
2025-07-07,Only_Strong_Downtrend_HighVol,109634.44495104389,0.0,0.0,0.4858576357364654,Strong_Downtrend_LowVol
2025-07-08,Only_Strong_Downtrend_HighVol,109634.44495104389,0.0,0.0,0.4988323450088501,Strong_Downtrend_LowVol
2025-07-09,Only_Strong_Downtrend_HighVol,109634.44495104389,0.0,0.0,0.5903850197792053,Strong_Downtrend_LowVol
2025-07-10,Only_Strong_Downtrend_HighVol,109634.44495104389,0.0,0.0,0.5856637954711914,Strong_Downtrend_LowVol
2025-07-11,Only_Strong_Downtrend_HighVol,109634.44495104389,0.0,0.0,0.6179961562156677,Strong_Downtrend_LowVol
2025-07-14,Only_Strong_Downtrend_HighVol,109634.44495104389,0.0,0.0,0.7899230122566223,Strong_Downtrend_LowVol
2025-07-15,Only_Strong_Downtrend_HighVol,109634.44495104389,0.0,0.0,0.6237364411354065,Strong_Downtrend_LowVol
2025-07-16,Only_Strong_Downtrend_HighVol,109634.44495104389,0.0,0.0,0.6595312356948853,Strong_Downtrend_LowVol
2025-07-17,Only_Strong_Downtrend_HighVol,109634.44495104389,0.0,0.0,0.8487604260444641,Strong_Downtrend_LowVol
2025-07-18,Only_Strong_Downtrend_HighVol,109634.44495104389,0.0,0.0,0.855604350566864,Strong_Downtrend_LowVol
2025-07-21,Only_Strong_Downtrend_HighVol,109634.44495104389,0.0,0.0,0.9633575081825256,Strong_Downtrend_LowVol
2025-07-22,Only_Strong_Downtrend_HighVol,109634.44495104389,0.0,0.0,0.9082272052764891,Strong_Downtrend_LowVol
2025-07-23,Only_Strong_Downtrend_HighVol,109634.44495104389,0.0,0.0,0.9015192985534668,Strong_Downtrend_LowVol
2025-07-24,Only_Strong_Downtrend_HighVol,109634.44495104389,0.0,0.0,0.8990585207939148,Strong_Downtrend_LowVol
2025-07-25,Only_Strong_Downtrend_HighVol,109634.44495104389,0.0,0.0,0.8785457611083984,Strong_Downtrend_LowVol
2025-07-28,Only_Strong_Downtrend_HighVol,109634.44495104389,0.0,0.0,0.9403479695320128,Strong_Downtrend_LowVol
2025-07-29,Only_Strong_Downtrend_HighVol,109634.44495104389,0.0,0.0,0.9349173903465272,Strong_Downtrend_LowVol
2025-07-30,Only_Strong_Downtrend_HighVol,109634.44495104389,0.0,0.0,0.9206264019012452,Strong_Downtrend_LowVol
2025-07-31,Only_Strong_Downtrend_HighVol,109634.44495104389,0.0,0.0,0.9206264019012452,Strong_Downtrend_LowVol
2025-08-01,Only_Strong_Downtrend_HighVol,109634.44495104389,0.0,0.0,0.9125279784202576,Strong_Downtrend_LowVol
2025-08-04,Only_Strong_Downtrend_HighVol,109634.44495104389,0.0,0.0,0.9366900324821472,Strong_Downtrend_LowVol
2025-08-05,Only_Strong_Downtrend_HighVol,109634.44495104389,0.0,0.0,0.941231369972229,Strong_Downtrend_LowVol
2025-08-06,Only_Strong_Downtrend_HighVol,109634.44495104389,0.0,0.0,0.941231369972229,Strong_Downtrend_LowVol
2025-08-07,Only_Strong_Downtrend_HighVol,109634.44495104389,0.0,0.0,0.987498104572296,Strong_Downtrend_LowVol
2025-08-08,Only_Strong_Downtrend_HighVol,109634.44495104389,0.0,0.0,0.9880080223083496,Strong_Downtrend_LowVol
2025-08-11,Only_Strong_Downtrend_HighVol,109634.44495104389,0.0,0.0,0.9852622151374816,Strong_Downtrend_LowVol
2025-08-12,Only_Strong_Downtrend_HighVol,109634.44495104389,0.0,0.0,0.9842133522033693,Strong_Downtrend_LowVol
2025-08-13,Only_Strong_Downtrend_HighVol,109634.44495104389,0.0,0.0,0.9842133522033693,Strong_Downtrend_LowVol
2025-08-14,Only_Strong_Downtrend_HighVol,109634.44495104389,0.0,0.0,0.9842133522033693,Strong_Downtrend_LowVol
2025-08-18,Only_Strong_Downtrend_HighVol,109634.44495104389,0.0,0.0,0.9858249425888062,Strong_Downtrend_LowVol
2025-08-19,Only_Strong_Downtrend_HighVol,109634.44495104389,0.0,0.0,0.986070454120636,Strong_Downtrend_LowVol
2025-08-20,Only_Strong_Downtrend_HighVol,109634.44495104389,0.0,0.0,0.9712477922439576,Strong_Downtrend_LowVol
2025-08-21,Only_Strong_Downtrend_HighVol,109634.44495104389,0.0,0.0,0.9708141684532166,Strong_Downtrend_LowVol
2025-08-22,Only_Strong_Downtrend_HighVol,109634.44495104389,0.0,0.0,0.9770167469978333,Strong_Downtrend_LowVol
2025-08-25,Only_Strong_Downtrend_HighVol,109634.44495104389,0.0,0.0,0.9736238718032836,Strong_Downtrend_LowVol
2025-08-26,Only_Strong_Downtrend_HighVol,109634.44495104389,0.0,0.0,0.971051812171936,Strong_Downtrend_LowVol
2025-08-28,Only_Strong_Downtrend_HighVol,109634.44495104389,0.0,0.0,0.9713123440742492,Strong_Downtrend_LowVol
2025-08-29,Only_Strong_Downtrend_HighVol,109634.44495104389,0.0,0.0,0.9690134525299072,Strong_Downtrend_LowVol
2025-09-01,Only_Strong_Downtrend_HighVol,109634.44495104389,0.0,0.0,0.9727265238761902,Strong_Downtrend_LowVol
2025-09-02,Only_Strong_Downtrend_HighVol,109634.44495104389,0.0,0.0,0.9643352627754213,Strong_Downtrend_LowVol
2025-09-03,Only_Strong_Downtrend_HighVol,109634.44495104389,0.0,0.0,0.9579710960388184,Strong_Downtrend_LowVol
2025-09-04,Only_Strong_Downtrend_HighVol,109634.44495104389,0.0,0.0,0.9535793662071228,Strong_Downtrend_LowVol
2025-09-05,Only_Strong_Downtrend_HighVol,109634.44495104389,0.0,0.0,0.9670253992080688,Strong_Downtrend_LowVol
2025-09-08,Only_Strong_Downtrend_HighVol,109634.44495104389,0.0,0.0,0.9691795706748962,Strong_Downtrend_LowVol
2025-09-09,Only_Strong_Downtrend_HighVol,109634.44495104389,0.0,0.0,0.9670253992080688,Strong_Downtrend_LowVol
2025-09-10,Only_Strong_Downtrend_HighVol,109634.44495104389,0.0,0.0,0.9643352627754213,Weak_Downtrend
2025-09-11,Only_Strong_Downtrend_HighVol,109634.44495104389,0.0,0.0,0.9641016721725464,Weak_Downtrend
2025-09-12,Only_Strong_Downtrend_HighVol,109634.44495104389,0.0,0.0,0.9628449082374572,Weak_Downtrend
2025-09-15,Only_Strong_Downtrend_HighVol,109634.44495104389,0.0,0.0,0.9638316035270692,Weak_Downtrend
2025-09-16,Only_Strong_Downtrend_HighVol,109634.44495104389,0.0,0.0,0.956531822681427,Weak_Uptrend
2025-09-17,Only_Strong_Downtrend_HighVol,109634.44495104389,0.0,0.0,0.937637746334076,Strong_Uptrend_LowVol
2025-09-18,Only_Strong_Downtrend_HighVol,109634.44495104389,0.0,0.0,0.9417906999588012,Strong_Uptrend_LowVol
2025-09-19,Only_Strong_Downtrend_HighVol,109634.44495104389,0.0,0.0,0.942858338356018,Strong_Uptrend_LowVol
2025-09-22,Only_Strong_Downtrend_HighVol,109634.44495104389,0.0,0.0,0.9547319412231444,Weak_Downtrend
2025-09-23,Only_Strong_Downtrend_HighVol,109634.44495104389,0.0,0.0,0.9566178917884828,Strong_Downtrend_LowVol
2025-09-24,Only_Strong_Downtrend_HighVol,109634.44495104389,0.0,0.0,0.9583116769790648,Strong_Downtrend_LowVol
2025-09-25,Only_Strong_Downtrend_HighVol,109634.44495104389,0.0,0.0,0.9579023718833924,Strong_Downtrend_LowVol
2025-09-26,Only_Strong_Downtrend_HighVol,109634.44495104389,0.0,0.0,0.9653401374816896,Strong_Downtrend_LowVol
2025-09-29,Only_Strong_Downtrend_HighVol,109634.44495104389,0.0,0.0,0.962936282157898,Strong_Downtrend_LowVol
2025-09-30,Only_Strong_Downtrend_HighVol,109634.44495104389,0.0,0.0,0.962936282157898,Strong_Downtrend_LowVol
2025-10-01,Only_Strong_Downtrend_HighVol,109634.44495104389,0.0,0.0,0.962936282157898,Strong_Downtrend_LowVol
2025-10-03,Only_Strong_Downtrend_HighVol,109634.44495104389,0.0,0.0,0.962936282157898,Strong_Downtrend_LowVol
2025-10-06,Only_Strong_Downtrend_HighVol,109584.46993855014,-0.000455833132698924,1.0,0.968123733997345,Strong_Downtrend_HighVol
2025-10-07,Only_Strong_Downtrend_HighVol,109092.81536253716,-0.004486535147623316,1.0,0.9727320671081544,Strong_Downtrend_HighVol
2025-10-08,Only_Strong_Downtrend_HighVol,110837.93672747139,0.01599666631697816,0.0,0.9827795028686525,Weak_Downtrend
2025-10-09,Only_Strong_Downtrend_HighVol,110837.93672747139,0.0,0.0,0.9763903617858888,Weak_Uptrend
2025-10-10,Only_Strong_Downtrend_HighVol,110837.93672747139,0.0,0.0,0.977544903755188,Weak_Downtrend
2025-10-13,Only_Strong_Downtrend_HighVol,110787.96171497763,-0.0004508836411908357,1.0,0.9746813774108888,Strong_Downtrend_HighVol
2025-10-14,Only_Strong_Downtrend_HighVol,109229.15402434081,-0.014070190176863617,1.0,0.9604268074035645,Strong_Downtrend_HighVol
2025-10-15,Only_Strong_Downtrend_HighVol,109544.90464046171,0.002890717399958387,1.0,0.9647738337516784,Strong_Downtrend_HighVol
2025-10-16,Only_Strong_Downtrend_HighVol,109574.81461093412,0.00027303844547188483,1.0,0.9654051661491394,Strong_Downtrend_HighVol
2025-10-17,Only_Strong_Downtrend_HighVol,109292.30090177328,-0.002578272298830231,1.0,0.9611329436302184,Strong_Downtrend_HighVol
2025-10-20,Only_Strong_Downtrend_HighVol,110911.0013649056,0.01481074558570361,0.0,0.9703359007835388,Weak_Downtrend
2025-10-21,Only_Strong_Downtrend_HighVol,110911.0013649056,0.0,0.0,0.9728695750236512,Weak_Downtrend
2025-10-23,Only_Strong_Downtrend_HighVol,110911.0013649056,0.0,0.0,0.9475018382072448,Weak_Uptrend
2025-10-24,Only_Strong_Downtrend_HighVol,110911.0013649056,0.0,0.0,0.9506400227546692,Weak_Uptrend
2025-10-27,Only_Strong_Downtrend_HighVol,110911.0013649056,0.0,0.0,0.9327623844146729,Weak_Uptrend
2025-10-28,Only_Strong_Downtrend_HighVol,110911.0013649056,0.0,0.0,0.9506400227546692,Weak_Uptrend
2025-10-29,Only_Strong_Downtrend_HighVol,110911.0013649056,0.0,0.0,0.9506400227546692,Weak_Uptrend
2025-10-30,Only_Strong_Downtrend_HighVol,110911.0013649056,0.0,0.0,0.9624971151351928,Weak_Downtrend
2025-10-31,Only_Strong_Downtrend_HighVol,110911.0013649056,0.0,0.0,0.9663246273994446,Weak_Uptrend
2025-11-03,Only_Strong_Downtrend_HighVol,110911.0013649056,0.0,0.0,0.9699298739433287,Weak_Downtrend
2025-11-04,Only_Strong_Downtrend_HighVol,110911.0013649056,0.0,0.0,0.966317057609558,Strong_Downtrend_LowVol
2025-11-06,Only_Strong_Downtrend_HighVol,110911.0013649056,0.0,0.0,0.963252067565918,Strong_Downtrend_LowVol
2025-11-07,Only_Strong_Downtrend_HighVol,110911.0013649056,0.0,0.0,0.9678396582603456,Strong_Downtrend_LowVol
2025-11-10,Only_Strong_Downtrend_HighVol,110911.0013649056,0.0,0.0,0.9661006927490234,Weak_Downtrend
2025-11-11,Only_Strong_Downtrend_HighVol,110911.0013649056,0.0,0.0,0.9406864643096924,Weak_Uptrend
2025-11-12,Only_Strong_Downtrend_HighVol,110911.0013649056,0.0,0.0,0.8606312274932861,Strong_Uptrend_LowVol
2025-11-13,Only_Strong_Downtrend_HighVol,110911.0013649056,0.0,0.0,0.8599051833152771,Strong_Uptrend_LowVol
2025-11-14,Only_Strong_Downtrend_HighVol,110911.0013649056,0.0,0.0,0.8599051833152771,Strong_Uptrend_LowVol
2025-11-17,Only_Strong_Downtrend_HighVol,110911.0013649056,0.0,0.0,0.8599051833152771,Strong_Uptrend_LowVol
2025-11-18,Only_Strong_Downtrend_HighVol,110911.0013649056,0.0,0.0,0.9306931495666504,Strong_Uptrend_LowVol
2025-11-19,Only_Strong_Downtrend_HighVol,110911.0013649056,0.0,0.0,0.8328841328620911,Strong_Uptrend_LowVol
2025-11-20,Only_Strong_Downtrend_HighVol,110911.0013649056,0.0,0.0,0.9005966186523438,Strong_Uptrend_LowVol
2025-11-21,Only_Strong_Downtrend_HighVol,110911.0013649056,0.0,0.0,0.9034711718559264,Strong_Uptrend_LowVol
2025-11-24,Only_Strong_Downtrend_HighVol,110911.0013649056,0.0,0.0,0.91062593460083,Strong_Uptrend_LowVol
2025-11-25,Only_Strong_Downtrend_HighVol,110911.0013649056,0.0,0.0,0.9159547090530396,Strong_Uptrend_LowVol
2025-11-26,Only_Strong_Downtrend_HighVol,110911.0013649056,0.0,0.0,0.9081119894981384,Strong_Uptrend_LowVol
2025-11-27,Only_Strong_Downtrend_HighVol,110911.0013649056,0.0,0.0,0.9089021682739258,Strong_Uptrend_LowVol
2025-11-28,Only_Strong_Downtrend_HighVol,110911.0013649056,0.0,0.0,0.91062593460083,Strong_Uptrend_LowVol
2025-12-01,Only_Strong_Downtrend_HighVol,110911.0013649056,0.0,0.0,0.9055212140083312,Strong_Uptrend_LowVol
2025-12-02,Only_Strong_Downtrend_HighVol,110911.0013649056,0.0,0.0,0.9086408615112304,Strong_Uptrend_LowVol
2025-12-03,Only_Strong_Downtrend_HighVol,110911.0013649056,0.0,0.0,0.9030855298042296,Strong_Uptrend_LowVol
2025-12-04,Only_Strong_Downtrend_HighVol,110911.0013649056,0.0,0.0,0.8852713108062744,Strong_Uptrend_LowVol
2025-12-05,Only_Strong_Downtrend_HighVol,110911.0013649056,0.0,0.0,0.8541183471679688,Strong_Uptrend_LowVol
2025-12-08,Only_Strong_Downtrend_HighVol,110911.0013649056,0.0,0.0,0.9100547432899476,Strong_Uptrend_LowVol
2025-12-09,Only_Strong_Downtrend_HighVol,110911.0013649056,0.0,0.0,0.9096060395240784,Strong_Uptrend_LowVol
2025-12-10,Only_Strong_Downtrend_HighVol,110911.0013649056,0.0,0.0,0.9117956757545472,Strong_Uptrend_LowVol
2025-12-11,Only_Strong_Downtrend_HighVol,110911.0013649056,0.0,0.0,0.911511480808258,Strong_Uptrend_LowVol
2025-12-12,Only_Strong_Downtrend_HighVol,110911.0013649056,0.0,0.0,0.9147669672966005,Strong_Uptrend_LowVol
2025-12-15,Only_Strong_Downtrend_HighVol,110911.0013649056,0.0,0.0,0.9173659682273864,Strong_Uptrend_LowVol
2025-12-16,Only_Strong_Downtrend_HighVol,110911.0013649056,0.0,0.0,0.915477454662323,Strong_Uptrend_LowVol
2025-12-17,Only_Strong_Downtrend_HighVol,110911.0013649056,0.0,0.0,0.912119209766388,Strong_Uptrend_LowVol
2025-12-18,Only_Strong_Downtrend_HighVol,110911.0013649056,0.0,0.0,0.8625403046607971,Strong_Uptrend_LowVol
2025-12-19,Only_Strong_Downtrend_HighVol,110911.0013649056,0.0,0.0,0.8110222816467285,Strong_Uptrend_LowVol
2025-12-22,Only_Strong_Downtrend_HighVol,110911.0013649056,0.0,0.0,0.7777234315872192,Strong_Uptrend_LowVol
2025-12-23,Only_Strong_Downtrend_HighVol,110911.0013649056,0.0,0.0,0.6881771087646484,Strong_Uptrend_LowVol
2025-12-24,Only_Strong_Downtrend_HighVol,110911.0013649056,0.0,0.0,0.6359147429466248,Strong_Uptrend_LowVol
2025-12-26,Only_Strong_Downtrend_HighVol,110911.0013649056,0.0,0.0,0.5904250741004944,Strong_Uptrend_LowVol
2025-12-29,Only_Strong_Downtrend_HighVol,110911.0013649056,0.0,0.0,0.6342337727546692,Strong_Uptrend_LowVol
2025-12-30,Only_Strong_Downtrend_HighVol,110911.0013649056,0.0,0.0,0.6397947669029236,Strong_Uptrend_LowVol
2025-12-31,Only_Strong_Downtrend_HighVol,110911.0013649056,0.0,0.0,0.6781485676765442,Strong_Uptrend_LowVol
2026-01-01,Only_Strong_Downtrend_HighVol,110911.0013649056,0.0,0.0,0.6353537440299988,Strong_Uptrend_LowVol
2026-01-02,Only_Strong_Downtrend_HighVol,110911.0013649056,0.0,0.0,0.6343141794204712,Strong_Uptrend_LowVol
2026-01-05,Only_Strong_Downtrend_HighVol,110911.0013649056,0.0,0.0,0.7173580527305603,Strong_Uptrend_LowVol
2026-01-06,Only_Strong_Downtrend_HighVol,110911.0013649056,0.0,0.0,0.7044039964675903,Strong_Uptrend_LowVol
2026-01-07,Only_Strong_Downtrend_HighVol,110911.0013649056,0.0,0.0,0.6318003535270691,Strong_Uptrend_LowVol
2026-01-08,Only_Strong_Downtrend_HighVol,110911.0013649056,0.0,0.0,0.8231950402259827,Weak_Uptrend
2026-01-09,Only_Strong_Downtrend_HighVol,110911.0013649056,0.0,0.0,0.8598480820655823,Weak_Uptrend
2026-01-12,Only_Strong_Downtrend_HighVol,110911.0013649056,0.0,0.0,0.8318573236465454,Strong_Uptrend_LowVol
2026-01-13,Only_Strong_Downtrend_HighVol,110911.0013649056,0.0,0.0,0.8175870180130005,Strong_Uptrend_LowVol
2026-01-14,Only_Strong_Downtrend_HighVol,110911.0013649056,0.0,0.0,0.827639102935791,Weak_Uptrend
2026-01-15,Only_Strong_Downtrend_HighVol,110911.0013649056,0.0,0.0,0.8406797647476196,Weak_Uptrend
2026-01-19,Only_Strong_Downtrend_HighVol,110911.0013649056,0.0,0.0,0.869513213634491,Weak_Downtrend
2026-01-20,Only_Strong_Downtrend_HighVol,110911.0013649056,0.0,0.0,0.8401575088500977,Strong_Downtrend_LowVol
2026-01-21,Only_Strong_Downtrend_HighVol,110911.0013649056,0.0,0.0,0.8438032865524292,Strong_Downtrend_LowVol
2026-01-22,Only_Strong_Downtrend_HighVol,110911.0013649056,0.0,0.0,0.8300250172615051,Strong_Downtrend_LowVol
2026-01-23,Only_Strong_Downtrend_HighVol,110911.0013649056,0.0,0.0,0.8224173784255981,Weak_Downtrend
2026-01-27,Only_Strong_Downtrend_HighVol,110911.0013649056,0.0,0.0,0.8477258086204529,Strong_Downtrend_LowVol
2026-01-28,Only_Strong_Downtrend_HighVol,110911.0013649056,0.0,0.0,0.9137017726898192,Weak_Downtrend
2026-01-29,Only_Strong_Downtrend_HighVol,110911.0013649056,0.0,0.0,0.8514362573623657,Strong_Downtrend_LowVol
2026-01-30,Only_Strong_Downtrend_HighVol,110911.0013649056,0.0,0.0,0.8841233253479004,Strong_Downtrend_LowVol
2026-02-02,Only_Strong_Downtrend_HighVol,110911.0013649056,0.0,0.0,0.8755874633789062,Weak_Downtrend
2026-02-03,Only_Strong_Downtrend_HighVol,110911.0013649056,0.0,0.0,0.8813784718513489,Weak_Uptrend
2026-02-04,Only_Strong_Downtrend_HighVol,110911.0013649056,0.0,0.0,0.5002995729446411,Strong_Downtrend_HighVol
2026-02-05,Only_Strong_Downtrend_HighVol,110911.0013649056,0.0,0.0,0.4957831799983978,Strong_Downtrend_HighVol
2026-02-06,Only_Strong_Downtrend_HighVol,110911.0013649056,0.0,0.0,0.5736830234527588,Strong_Downtrend_HighVol
2026-02-09,Only_Strong_Downtrend_HighVol,110911.0013649056,0.0,0.0,0.5795756578445435,Strong_Downtrend_HighVol
2026-02-10,Only_Strong_Downtrend_HighVol,110911.0013649056,0.0,0.0,0.6162283420562744,Strong_Downtrend_HighVol
2026-02-11,Only_Strong_Downtrend_HighVol,110911.0013649056,0.0,0.0,0.6090642809867859,Strong_Downtrend_HighVol
2026-02-12,Only_Strong_Downtrend_HighVol,110911.0013649056,0.0,0.0,0.575156569480896,Strong_Downtrend_HighVol
2026-02-13,Only_Strong_Downtrend_HighVol,110911.0013649056,0.0,0.0,0.6834486126899719,Strong_Downtrend_HighVol
2026-02-16,Only_Strong_Downtrend_HighVol,110911.0013649056,0.0,0.0,0.6886090040206909,Strong_Downtrend_HighVol
2026-02-17,Only_Strong_Downtrend_HighVol,110911.0013649056,0.0,0.0,0.6886090040206909,Strong_Downtrend_HighVol
2026-02-18,Only_Strong_Downtrend_HighVol,110911.0013649056,0.0,0.0,0.6886090040206909,Strong_Downtrend_HighVol
2026-02-19,Only_Strong_Downtrend_HighVol,110911.0013649056,0.0,0.0,0.6999552249908447,Strong_Downtrend_HighVol
2026-02-20,Only_Strong_Downtrend_HighVol,110911.0013649056,0.0,0.0,0.6886090040206909,Strong_Downtrend_HighVol
2026-02-23,Only_Strong_Downtrend_HighVol,110861.02635241185,-0.0004505866133994729,1.0,0.7108128666877747,Strong_Downtrend_HighVol
2026-02-24,Only_Strong_Downtrend_HighVol,107029.28770675698,-0.034563441921187876,1.0,0.5692920088768005,Strong_Downtrend_HighVol
2026-02-25,Only_Strong_Downtrend_HighVol,109105.74813670141,0.01940086189897472,1.0,0.7124689221382141,Strong_Downtrend_HighVol
2026-02-26,Only_Strong_Downtrend_HighVol,109792.91723787553,0.006298193384945749,1.0,0.7124689221382141,Strong_Downtrend_HighVol
2026-02-27,Only_Strong_Downtrend_HighVol,109408.24806066784,-0.003503588272222191,1.0,0.7124689221382141,Strong_Downtrend_HighVol
2026-03-02,Only_Strong_Downtrend_HighVol,108515.67406191058,-0.008158196612949364,1.0,0.7124689221382141,Strong_Downtrend_HighVol
2026-03-04,Only_Strong_Downtrend_HighVol,107555.87481857411,-0.008844798243513474,1.0,0.612808108329773,Strong_Downtrend_HighVol
2026-03-05,Only_Strong_Downtrend_HighVol,107219.75771343807,-0.003125046453324898,1.0,0.6381790041923523,Strong_Downtrend_HighVol
2026-03-06,Only_Strong_Downtrend_HighVol,106428.01702266962,-0.00738427979742784,1.0,0.551450788974762,Strong_Downtrend_HighVol
2026-03-09,Only_Strong_Downtrend_HighVol,105300.15010900512,-0.010597462446606198,1.0,0.5580520033836365,Strong_Downtrend_HighVol
2026-03-10,Only_Strong_Downtrend_HighVol,104766.10466949697,-0.005071649365697151,1.0,0.5968901515007019,Strong_Downtrend_HighVol
2026-03-11,Only_Strong_Downtrend_HighVol,102966.00354556038,-0.01718209462512066,1.0,0.566049337387085,Strong_Downtrend_HighVol
2026-03-12,Only_Strong_Downtrend_HighVol,102125.71078272027,-0.008160875763895126,1.0,0.566049337387085,Strong_Downtrend_HighVol
2026-03-13,Only_Strong_Downtrend_HighVol,99679.44870355962,-0.023953439936053367,0.0,0.5712043642997742,Strong_Downtrend_LowVol
2026-03-16,Only_Strong_Downtrend_HighVol,99679.44870355962,0.0,0.0,0.6871795058250427,Strong_Downtrend_LowVol
2026-03-17,Only_Strong_Downtrend_HighVol,99679.44870355962,0.0,0.0,0.6576871871948242,Strong_Downtrend_LowVol
2026-03-18,Only_Strong_Downtrend_HighVol,99679.44870355962,0.0,0.0,0.7019193172454834,Strong_Downtrend_LowVol
2026-03-19,Only_Strong_Downtrend_HighVol,99679.44870355962,0.0,0.0,0.5775954127311707,Strong_Downtrend_HighVol
2026-03-20,Only_Strong_Downtrend_HighVol,99679.44870355962,0.0,0.0,0.6877574324607849,Strong_Downtrend_HighVol
2026-03-23,Only_Strong_Downtrend_HighVol,99629.47369106588,-0.0005013572320445858,1.0,0.7112821340560913,Strong_Downtrend_HighVol
2026-03-24,Only_Strong_Downtrend_HighVol,100258.40663179202,0.0063127196945389485,1.0,0.6829464435577393,Strong_Downtrend_HighVol
2026-03-25,Only_Strong_Downtrend_HighVol,99361.12282776614,-0.008949711392494342,1.0,0.653741180896759,Strong_Downtrend_HighVol
2026-03-27,Only_Strong_Downtrend_HighVol,99730.88146877335,0.0037213613381579247,0.0,0.7112821340560913,Strong_Downtrend_LowVol
2026-03-30,Only_Strong_Downtrend_HighVol,99730.88146877335,0.0,0.0,0.6110193729400635,Strong_Downtrend_LowVol
2026-04-01,Only_Strong_Downtrend_HighVol,99680.9064562796,-0.0005010986743299028,1.0,0.7300910949707031,Strong_Downtrend_HighVol
2026-04-02,Only_Strong_Downtrend_HighVol,101444.8281189729,0.017695682407011137,1.0,0.7165637016296387,Strong_Downtrend_HighVol
2026-04-06,Only_Strong_Downtrend_HighVol,102407.71980004341,0.009491776948364894,1.0,0.7161281704902649,Strong_Downtrend_HighVol
2026-04-07,Only_Strong_Downtrend_HighVol,105142.84205788933,0.026708164806192203,1.0,0.6689889430999756,Strong_Downtrend_HighVol
2026-04-08,Only_Strong_Downtrend_HighVol,105948.01636373109,0.007657908898814458,1.0,0.6941644549369812,Strong_Downtrend_HighVol
2026-04-09,Only_Strong_Downtrend_HighVol,107184.83875613692,0.011673860774888745,1.0,0.6637793183326721,Strong_Downtrend_HighVol
2026-04-10,Only_Strong_Downtrend_HighVol,104499.5294514953,-0.025053070339090877,1.0,0.6532869338989258,Strong_Downtrend_HighVol
2026-04-13,Only_Strong_Downtrend_HighVol,102353.77265544221,-0.020533650317048235,1.0,0.6508364081382751,Strong_Downtrend_HighVol
2026-04-15,Only_Strong_Downtrend_HighVol,105769.54696894124,0.03337223655641597,1.0,0.6926448345184326,Strong_Downtrend_HighVol
2026-04-16,Only_Strong_Downtrend_HighVol,106514.33104819595,0.007041573880177454,0.0,0.6949173808097839,Weak_Downtrend
2026-04-17,Only_Strong_Downtrend_HighVol,106514.33104819595,0.0,0.0,0.6459495425224304,Weak_Downtrend
2026-04-20,Only_Strong_Downtrend_HighVol,106514.33104819595,0.0,0.0,0.6459495425224304,Weak_Downtrend
2026-04-21,Only_Strong_Downtrend_HighVol,106514.33104819595,0.0,0.0,0.6525094509124756,Weak_Uptrend
2026-04-22,Only_Strong_Downtrend_HighVol,106514.33104819595,0.0,0.0,0.6565937995910645,Weak_Downtrend
2026-04-23,Only_Strong_Downtrend_HighVol,106514.33104819595,0.0,0.0,0.6608477234840393,Strong_Downtrend_HighVol
2026-04-24,Only_Strong_Downtrend_HighVol,106464.35603570219,-0.0004691858081626865,1.0,0.7503103017807007,Strong_Downtrend_HighVol
2026-04-27,Only_Strong_Downtrend_HighVol,108578.53935366249,0.019858132774985382,1.0,0.8387162685394287,Strong_Downtrend_HighVol
2026-04-28,Only_Strong_Downtrend_HighVol,108457.60409337177,-0.0011138044498536503,1.0,0.8352342247962952,Strong_Downtrend_HighVol
2026-04-29,Only_Strong_Downtrend_HighVol,109708.59532028668,0.011534380068343841,1.0,0.8270660042762756,Strong_Downtrend_HighVol
2026-04-30,Only_Strong_Downtrend_HighVol,109721.37367254605,0.00011647539759351844,0.0,0.4491945803165436,Weak_Downtrend
2026-05-01,Only_Strong_Downtrend_HighVol,109721.37367254605,0.0,0.0,0.4491945803165436,Weak_Downtrend
2026-05-05,Only_Strong_Downtrend_HighVol,109721.37367254605,0.0,0.0,0.5745407938957214,Strong_Downtrend_HighVol
2026-05-06,Only_Strong_Downtrend_HighVol,109721.37367254605,0.0,0.0,0.5760684609413147,Strong_Downtrend_HighVol
2026-05-07,Only_Strong_Downtrend_HighVol,109671.39866005229,-0.00045547199074358335,1.0,0.935778558254242,Strong_Downtrend_HighVol
2026-05-08,Only_Strong_Downtrend_HighVol,109182.28406265116,-0.002656581085859422,1.0,0.9373458623886108,Strong_Downtrend_HighVol
2023-02-03,Exclude_Strong_Downtrend_Bad_Regimes,100000.0,0.0,0.0,0.4088793396949768,Strong_Uptrend_HighVol
2023-02-06,Exclude_Strong_Downtrend_Bad_Regimes,100000.0,0.0,0.0,0.3988363146781921,Strong_Uptrend_LowVol
2023-02-07,Exclude_Strong_Downtrend_Bad_Regimes,100000.0,0.0,0.0,0.4039197564125061,Strong_Uptrend_LowVol
2023-02-08,Exclude_Strong_Downtrend_Bad_Regimes,100000.0,0.0,0.0,0.2952230274677276,Strong_Uptrend_LowVol
2023-02-09,Exclude_Strong_Downtrend_Bad_Regimes,100000.0,0.0,0.0,0.2863130271434784,Strong_Uptrend_LowVol
2023-02-10,Exclude_Strong_Downtrend_Bad_Regimes,100000.0,0.0,0.0,0.2909234464168548,Strong_Uptrend_LowVol
2023-02-13,Exclude_Strong_Downtrend_Bad_Regimes,100000.0,0.0,0.0,0.2294507175683975,Strong_Uptrend_LowVol
2023-02-14,Exclude_Strong_Downtrend_Bad_Regimes,100000.0,0.0,0.0,0.3302276730537414,Strong_Uptrend_LowVol
2023-02-15,Exclude_Strong_Downtrend_Bad_Regimes,100000.0,0.0,0.0,0.3378582596778869,Strong_Uptrend_LowVol
2023-02-16,Exclude_Strong_Downtrend_Bad_Regimes,100000.0,0.0,0.0,0.3549425303936004,Strong_Uptrend_LowVol
2023-02-17,Exclude_Strong_Downtrend_Bad_Regimes,100000.0,0.0,0.0,0.2489628791809082,Strong_Uptrend_LowVol
2023-02-20,Exclude_Strong_Downtrend_Bad_Regimes,100000.0,0.0,0.0,0.2929953932762146,Strong_Uptrend_LowVol
2023-02-21,Exclude_Strong_Downtrend_Bad_Regimes,100000.0,0.0,0.0,0.1825983077287674,Strong_Uptrend_LowVol
2023-02-22,Exclude_Strong_Downtrend_Bad_Regimes,100000.0,0.0,0.0,0.4928011000156402,Weak_Uptrend
2023-02-23,Exclude_Strong_Downtrend_Bad_Regimes,100000.0,0.0,0.0,0.4355315566062927,Strong_Uptrend_LowVol
2023-02-24,Exclude_Strong_Downtrend_Bad_Regimes,100000.0,0.0,0.0,0.4860202372074127,Weak_Uptrend
2023-02-27,Exclude_Strong_Downtrend_Bad_Regimes,100000.0,0.0,0.0,0.3203698992729187,Strong_Downtrend_LowVol
2023-02-28,Exclude_Strong_Downtrend_Bad_Regimes,100000.0,0.0,0.0,0.4484154284000397,Strong_Downtrend_LowVol
2023-03-01,Exclude_Strong_Downtrend_Bad_Regimes,100000.0,0.0,0.0,0.5300629138946533,Weak_Uptrend
2023-03-02,Exclude_Strong_Downtrend_Bad_Regimes,100000.0,0.0,0.0,0.440104991197586,Strong_Downtrend_LowVol
2023-03-03,Exclude_Strong_Downtrend_Bad_Regimes,100000.0,0.0,0.0,0.3472266495227813,Strong_Downtrend_LowVol
2023-03-06,Exclude_Strong_Downtrend_Bad_Regimes,100000.0,0.0,0.0,0.5566051006317139,Weak_Downtrend
2023-03-08,Exclude_Strong_Downtrend_Bad_Regimes,100000.0,0.0,0.0,0.5375850796699524,Weak_Uptrend
2023-03-09,Exclude_Strong_Downtrend_Bad_Regimes,100000.0,0.0,0.0,0.3203698992729187,Strong_Downtrend_LowVol
2023-03-10,Exclude_Strong_Downtrend_Bad_Regimes,100000.0,0.0,0.0,0.4161155521869659,Strong_Downtrend_LowVol
2023-03-13,Exclude_Strong_Downtrend_Bad_Regimes,100000.0,0.0,0.0,0.452767014503479,Strong_Downtrend_LowVol
2023-03-14,Exclude_Strong_Downtrend_Bad_Regimes,100000.0,0.0,0.0,0.4399172663688659,Strong_Downtrend_LowVol
2023-03-15,Exclude_Strong_Downtrend_Bad_Regimes,100000.0,0.0,0.0,0.4191609621047973,Strong_Downtrend_LowVol
2023-03-16,Exclude_Strong_Downtrend_Bad_Regimes,100000.0,0.0,0.0,0.4191609621047973,Strong_Downtrend_LowVol
2023-03-17,Exclude_Strong_Downtrend_Bad_Regimes,100000.0,0.0,0.0,0.4160205423831939,Strong_Downtrend_LowVol
2023-03-20,Exclude_Strong_Downtrend_Bad_Regimes,100000.0,0.0,0.0,0.4828085303306579,Strong_Downtrend_LowVol
2023-03-21,Exclude_Strong_Downtrend_Bad_Regimes,100000.0,0.0,0.0,0.8460187315940857,Strong_Downtrend_LowVol
2023-03-22,Exclude_Strong_Downtrend_Bad_Regimes,100000.0,0.0,0.0,0.5559381246566772,Strong_Downtrend_LowVol
2023-03-23,Exclude_Strong_Downtrend_Bad_Regimes,100000.0,0.0,0.0,0.583052933216095,Strong_Downtrend_LowVol
2023-03-24,Exclude_Strong_Downtrend_Bad_Regimes,100000.0,0.0,0.0,0.7248117923736572,Strong_Downtrend_LowVol
2023-03-27,Exclude_Strong_Downtrend_Bad_Regimes,100000.0,0.0,0.0,0.5973241925239563,Strong_Downtrend_LowVol
2023-03-28,Exclude_Strong_Downtrend_Bad_Regimes,100000.0,0.0,0.0,0.7373450398445129,Strong_Downtrend_LowVol
2023-03-29,Exclude_Strong_Downtrend_Bad_Regimes,100000.0,0.0,0.0,0.5428194999694824,Strong_Downtrend_LowVol
2023-03-31,Exclude_Strong_Downtrend_Bad_Regimes,100000.0,0.0,0.0,0.5741578936576843,Strong_Downtrend_LowVol
2023-04-03,Exclude_Strong_Downtrend_Bad_Regimes,100000.0,0.0,0.0,0.5788522958755493,Strong_Downtrend_LowVol
2023-04-05,Exclude_Strong_Downtrend_Bad_Regimes,100000.0,0.0,0.0,0.5852863192558289,Strong_Downtrend_LowVol
2023-04-06,Exclude_Strong_Downtrend_Bad_Regimes,100000.0,0.0,0.0,0.5703712105751038,Strong_Downtrend_LowVol
2023-04-10,Exclude_Strong_Downtrend_Bad_Regimes,100000.0,0.0,0.0,0.3481518030166626,Strong_Downtrend_LowVol
2023-04-11,Exclude_Strong_Downtrend_Bad_Regimes,100000.0,0.0,0.0,0.5909472107887268,Strong_Downtrend_LowVol
2023-04-12,Exclude_Strong_Downtrend_Bad_Regimes,100000.0,0.0,0.0,0.5936771035194397,Strong_Downtrend_LowVol
2023-04-13,Exclude_Strong_Downtrend_Bad_Regimes,100000.0,0.0,0.0,0.7052000761032104,Strong_Downtrend_LowVol
2023-04-17,Exclude_Strong_Downtrend_Bad_Regimes,100000.0,0.0,0.0,0.7567696571350098,Strong_Downtrend_LowVol
2023-04-18,Exclude_Strong_Downtrend_Bad_Regimes,100000.0,0.0,0.0,0.7596873044967651,Strong_Downtrend_LowVol
2023-04-19,Exclude_Strong_Downtrend_Bad_Regimes,100000.0,0.0,0.0,0.8683376312255859,Strong_Downtrend_LowVol
2023-04-20,Exclude_Strong_Downtrend_Bad_Regimes,100000.0,0.0,0.0,0.8610784411430359,Strong_Downtrend_LowVol
2023-04-21,Exclude_Strong_Downtrend_Bad_Regimes,100000.0,0.0,0.0,0.7217678427696228,Strong_Downtrend_LowVol
2023-04-24,Exclude_Strong_Downtrend_Bad_Regimes,100000.0,0.0,0.0,0.7096953988075256,Strong_Downtrend_LowVol
2023-04-25,Exclude_Strong_Downtrend_Bad_Regimes,100000.0,0.0,0.0,0.7394176125526428,Strong_Downtrend_LowVol
2023-04-26,Exclude_Strong_Downtrend_Bad_Regimes,100000.0,0.0,0.0,0.7610393762588501,Strong_Downtrend_LowVol
2023-04-27,Exclude_Strong_Downtrend_Bad_Regimes,100000.0,0.0,0.0,0.7646691799163818,Strong_Downtrend_LowVol
2023-04-28,Exclude_Strong_Downtrend_Bad_Regimes,100000.0,0.0,0.0,0.7348763346672058,Strong_Downtrend_LowVol
2023-05-02,Exclude_Strong_Downtrend_Bad_Regimes,100000.0,0.0,0.0,0.7429382801055908,Strong_Downtrend_LowVol
2023-05-03,Exclude_Strong_Downtrend_Bad_Regimes,100000.0,0.0,0.0,0.7616283297538757,Strong_Downtrend_LowVol
2023-05-04,Exclude_Strong_Downtrend_Bad_Regimes,100000.0,0.0,0.0,0.8064464330673218,Weak_Downtrend
2023-05-05,Exclude_Strong_Downtrend_Bad_Regimes,100000.0,0.0,0.0,0.7854087352752686,Weak_Downtrend
2023-05-08,Exclude_Strong_Downtrend_Bad_Regimes,99950.02498750626,-0.0004997501249374148,1.0,0.7746586203575134,Weak_Uptrend
2023-05-09,Exclude_Strong_Downtrend_Bad_Regimes,100953.94994199403,0.010044269169650066,1.0,0.7382107377052307,Strong_Uptrend_LowVol
2023-05-10,Exclude_Strong_Downtrend_Bad_Regimes,101063.10746934837,0.0010812605887839943,1.0,0.7305935621261597,Strong_Uptrend_LowVol
2023-05-11,Exclude_Strong_Downtrend_Bad_Regimes,100920.12394527723,-0.0014147944551824443,1.0,0.7268916964530945,Strong_Uptrend_LowVol
2023-05-12,Exclude_Strong_Downtrend_Bad_Regimes,100678.75526519853,-0.0023916803769441497,1.0,0.7337984442710876,Strong_Uptrend_LowVol
2023-05-15,Exclude_Strong_Downtrend_Bad_Regimes,100086.85287080781,-0.005879119113377906,1.0,0.7231079936027527,Strong_Uptrend_LowVol
2023-05-16,Exclude_Strong_Downtrend_Bad_Regimes,100182.16771330957,0.0009523213066233716,1.0,0.7292661666870117,Strong_Uptrend_LowVol
2023-05-17,Exclude_Strong_Downtrend_Bad_Regimes,98511.67189506863,-0.01667458247680742,0.0,0.7508922815322876,Weak_Downtrend
2023-05-18,Exclude_Strong_Downtrend_Bad_Regimes,98511.67189506863,0.0,0.0,0.7508922815322876,Weak_Downtrend
2023-05-19,Exclude_Strong_Downtrend_Bad_Regimes,98461.69688257488,-0.0005073004196597397,1.0,0.7432464361190796,Weak_Uptrend
2023-05-22,Exclude_Strong_Downtrend_Bad_Regimes,100814.02309213043,0.023890774626410538,1.0,0.7257418632507324,Strong_Uptrend_LowVol
2023-05-23,Exclude_Strong_Downtrend_Bad_Regimes,100762.85478597658,-0.0005075514753248855,1.0,0.6939955353736877,Strong_Uptrend_LowVol
2023-05-24,Exclude_Strong_Downtrend_Bad_Regimes,100958.23776027362,0.0019390377010659599,1.0,0.7207121849060059,Strong_Uptrend_LowVol
2023-05-25,Exclude_Strong_Downtrend_Bad_Regimes,100652.75736961336,-0.003025809457823825,1.0,0.8104223608970642,Strong_Uptrend_LowVol
2023-05-26,Exclude_Strong_Downtrend_Bad_Regimes,101750.61206859119,0.01090734846881869,1.0,0.6894106864929199,Strong_Uptrend_LowVol
2023-05-29,Exclude_Strong_Downtrend_Bad_Regimes,101485.45757295536,-0.0026059253133247084,1.0,0.6050480008125305,Strong_Uptrend_LowVol
2023-05-30,Exclude_Strong_Downtrend_Bad_Regimes,101356.74936989103,-0.0012682428216063135,1.0,0.6654424667358398,Strong_Uptrend_LowVol
2023-05-31,Exclude_Strong_Downtrend_Bad_Regimes,100528.70564898237,-0.00816959626326208,1.0,0.7413299679756165,Strong_Uptrend_LowVol
2023-06-01,Exclude_Strong_Downtrend_Bad_Regimes,101598.65173942468,0.010643189758935634,1.0,0.6331649422645569,Strong_Uptrend_LowVol
2023-06-02,Exclude_Strong_Downtrend_Bad_Regimes,101028.01685312857,-0.005616559634665563,1.0,0.7249521017074585,Strong_Uptrend_LowVol
2023-06-05,Exclude_Strong_Downtrend_Bad_Regimes,100510.09486228126,-0.005126518434982796,1.0,0.7335050702095032,Strong_Uptrend_LowVol
2023-06-06,Exclude_Strong_Downtrend_Bad_Regimes,98754.76755826238,-0.01746418910880565,1.0,0.7835277318954468,Weak_Uptrend
2023-06-07,Exclude_Strong_Downtrend_Bad_Regimes,100075.91384007277,0.013378050644805128,1.0,0.6960992217063904,Strong_Uptrend_LowVol
2023-06-08,Exclude_Strong_Downtrend_Bad_Regimes,98883.46818981056,-0.011915411056528602,1.0,0.7407364249229431,Weak_Uptrend
2023-06-09,Exclude_Strong_Downtrend_Bad_Regimes,97900.70080129549,-0.009938641984407526,0.0,0.7269986271858215,Weak_Downtrend
2023-06-12,Exclude_Strong_Downtrend_Bad_Regimes,97900.70080129549,0.0,0.0,0.6989220380783081,Weak_Uptrend
2023-06-13,Exclude_Strong_Downtrend_Bad_Regimes,97850.72578880173,-0.0005104663407383692,1.0,0.721635639667511,Weak_Uptrend
2023-06-14,Exclude_Strong_Downtrend_Bad_Regimes,98077.20864956615,0.0023145751749786836,1.0,0.721635639667511,Weak_Uptrend
2023-06-15,Exclude_Strong_Downtrend_Bad_Regimes,96878.3587927592,-0.012223531575929036,0.0,0.6866448521614075,Weak_Downtrend
2023-06-16,Exclude_Strong_Downtrend_Bad_Regimes,96878.3587927592,0.0,0.0,0.5717784762382507,Strong_Downtrend_LowVol
2023-06-19,Exclude_Strong_Downtrend_Bad_Regimes,96878.3587927592,0.0,0.0,0.6193033456802368,Weak_Downtrend
2023-06-20,Exclude_Strong_Downtrend_Bad_Regimes,96878.3587927592,0.0,0.0,0.6308046579360962,Weak_Downtrend
2023-06-21,Exclude_Strong_Downtrend_Bad_Regimes,96878.3587927592,0.0,0.0,0.6052206158638,Weak_Uptrend
2023-06-22,Exclude_Strong_Downtrend_Bad_Regimes,96878.3587927592,0.0,0.0,0.6160092353820801,Weak_Uptrend
2023-06-23,Exclude_Strong_Downtrend_Bad_Regimes,96878.3587927592,0.0,0.0,0.6131813526153564,Weak_Downtrend
2023-06-26,Exclude_Strong_Downtrend_Bad_Regimes,96878.3587927592,0.0,0.0,0.5295272469520569,Strong_Downtrend_LowVol
2023-06-27,Exclude_Strong_Downtrend_Bad_Regimes,96878.3587927592,0.0,0.0,0.5450921058654785,Strong_Downtrend_LowVol
2023-06-28,Exclude_Strong_Downtrend_Bad_Regimes,96878.3587927592,0.0,0.0,0.6483217477798462,Weak_Downtrend
2023-06-30,Exclude_Strong_Downtrend_Bad_Regimes,96828.38378026545,-0.0005158532113520575,1.0,0.8203039765357971,Strong_Uptrend_LowVol
2023-07-03,Exclude_Strong_Downtrend_Bad_Regimes,95921.88113267563,-0.009361951653008682,1.0,0.8496456742286682,Weak_Uptrend
2023-07-04,Exclude_Strong_Downtrend_Bad_Regimes,97028.15058340336,0.01153302497474562,1.0,0.7350045442581177,Strong_Uptrend_LowVol
2023-07-05,Exclude_Strong_Downtrend_Bad_Regimes,97364.11262027046,0.0034625212873486966,1.0,0.5363301634788513,Strong_Uptrend_LowVol
2023-07-06,Exclude_Strong_Downtrend_Bad_Regimes,97453.39952869376,0.0009170412590471244,1.0,0.5208811163902283,Strong_Uptrend_LowVol
2023-07-07,Exclude_Strong_Downtrend_Bad_Regimes,97476.33147856029,0.0002353119539948434,0.0,0.4155243933200836,Strong_Uptrend_LowVol
2023-07-10,Exclude_Strong_Downtrend_Bad_Regimes,97476.33147856029,0.0,0.0,0.4698426425457001,Weak_Uptrend
2023-07-11,Exclude_Strong_Downtrend_Bad_Regimes,97476.33147856029,0.0,0.0,0.5134650468826294,Weak_Uptrend
2023-07-12,Exclude_Strong_Downtrend_Bad_Regimes,97476.33147856029,0.0,0.0,0.5396228432655334,Weak_Downtrend
2023-07-13,Exclude_Strong_Downtrend_Bad_Regimes,97476.33147856029,0.0,0.0,0.4305994212627411,Strong_Uptrend_LowVol
2023-07-14,Exclude_Strong_Downtrend_Bad_Regimes,97476.33147856029,0.0,0.0,0.3264264166355133,Strong_Uptrend_HighVol
2023-07-17,Exclude_Strong_Downtrend_Bad_Regimes,97476.33147856029,0.0,0.0,0.3227588534355163,Strong_Uptrend_HighVol
2023-07-18,Exclude_Strong_Downtrend_Bad_Regimes,97476.33147856029,0.0,0.0,0.459536999464035,Strong_Uptrend_HighVol
2023-07-19,Exclude_Strong_Downtrend_Bad_Regimes,97476.33147856029,0.0,0.0,0.4854580461978912,Strong_Uptrend_HighVol
2023-07-20,Exclude_Strong_Downtrend_Bad_Regimes,97476.33147856029,0.0,0.0,0.4788102507591247,Strong_Uptrend_HighVol
2023-07-21,Exclude_Strong_Downtrend_Bad_Regimes,97476.33147856029,0.0,0.0,0.5669122338294983,Strong_Uptrend_HighVol
2023-07-24,Exclude_Strong_Downtrend_Bad_Regimes,97476.33147856029,0.0,0.0,0.5311371684074402,Strong_Uptrend_HighVol
2023-07-25,Exclude_Strong_Downtrend_Bad_Regimes,97476.33147856029,0.0,0.0,0.5257877707481384,Strong_Uptrend_HighVol
2023-07-26,Exclude_Strong_Downtrend_Bad_Regimes,97476.33147856029,0.0,0.0,0.571221649646759,Strong_Uptrend_HighVol
2023-07-27,Exclude_Strong_Downtrend_Bad_Regimes,97476.33147856029,0.0,0.0,0.649142324924469,Strong_Uptrend_HighVol
2023-07-28,Exclude_Strong_Downtrend_Bad_Regimes,97476.33147856029,0.0,0.0,0.6937771439552307,Weak_Uptrend
2023-07-31,Exclude_Strong_Downtrend_Bad_Regimes,97476.33147856029,0.0,0.0,0.4597566127777099,Strong_Uptrend_HighVol
2023-08-01,Exclude_Strong_Downtrend_Bad_Regimes,97476.33147856029,0.0,0.0,0.3317126631736755,Strong_Uptrend_HighVol
2023-08-02,Exclude_Strong_Downtrend_Bad_Regimes,97476.33147856029,0.0,0.0,0.3082521259784698,Strong_Uptrend_HighVol
2023-08-03,Exclude_Strong_Downtrend_Bad_Regimes,97476.33147856029,0.0,0.0,0.51353520154953,Strong_Uptrend_HighVol
2023-08-04,Exclude_Strong_Downtrend_Bad_Regimes,97476.33147856029,0.0,0.0,0.3082521259784698,Strong_Uptrend_HighVol
2023-08-07,Exclude_Strong_Downtrend_Bad_Regimes,97476.33147856029,0.0,0.0,0.4486343562602997,Strong_Uptrend_HighVol
2023-08-08,Exclude_Strong_Downtrend_Bad_Regimes,97476.33147856029,0.0,0.0,0.2928005158901214,Strong_Uptrend_HighVol
2023-08-09,Exclude_Strong_Downtrend_Bad_Regimes,97476.33147856029,0.0,0.0,0.2873178124427795,Strong_Uptrend_HighVol
2023-08-10,Exclude_Strong_Downtrend_Bad_Regimes,97476.33147856029,0.0,0.0,0.173357218503952,Strong_Uptrend_HighVol
2023-08-11,Exclude_Strong_Downtrend_Bad_Regimes,97476.33147856029,0.0,0.0,0.1808901131153106,Strong_Uptrend_LowVol
2023-08-14,Exclude_Strong_Downtrend_Bad_Regimes,97476.33147856029,0.0,0.0,0.1680677235126495,Strong_Uptrend_LowVol
2023-08-16,Exclude_Strong_Downtrend_Bad_Regimes,97476.33147856029,0.0,0.0,0.2765290141105652,Strong_Uptrend_LowVol
2023-08-17,Exclude_Strong_Downtrend_Bad_Regimes,97476.33147856029,0.0,0.0,0.2497005462646484,Strong_Uptrend_LowVol
2023-08-18,Exclude_Strong_Downtrend_Bad_Regimes,97476.33147856029,0.0,0.0,0.2667853236198425,Weak_Uptrend
2023-08-21,Exclude_Strong_Downtrend_Bad_Regimes,97476.33147856029,0.0,0.0,0.2553599774837494,Strong_Uptrend_LowVol
2023-08-22,Exclude_Strong_Downtrend_Bad_Regimes,97476.33147856029,0.0,0.0,0.3005282282829284,Weak_Uptrend
2023-08-23,Exclude_Strong_Downtrend_Bad_Regimes,97476.33147856029,0.0,0.0,0.240195170044899,Strong_Uptrend_LowVol
2023-08-24,Exclude_Strong_Downtrend_Bad_Regimes,97476.33147856029,0.0,0.0,0.2657912969589233,Weak_Uptrend
2023-08-25,Exclude_Strong_Downtrend_Bad_Regimes,97476.33147856029,0.0,0.0,0.2910590767860412,Weak_Uptrend
2023-08-28,Exclude_Strong_Downtrend_Bad_Regimes,97476.33147856029,0.0,0.0,0.2636049687862396,Weak_Uptrend
2023-08-29,Exclude_Strong_Downtrend_Bad_Regimes,97476.33147856029,0.0,0.0,0.2636049687862396,Weak_Uptrend
2023-08-30,Exclude_Strong_Downtrend_Bad_Regimes,97476.33147856029,0.0,0.0,0.2883889973163605,Weak_Uptrend
2023-08-31,Exclude_Strong_Downtrend_Bad_Regimes,97476.33147856029,0.0,0.0,0.4076296985149383,Weak_Downtrend
2023-09-01,Exclude_Strong_Downtrend_Bad_Regimes,97476.33147856029,0.0,0.0,0.4257852733135223,Weak_Uptrend
2023-09-04,Exclude_Strong_Downtrend_Bad_Regimes,97476.33147856029,0.0,0.0,0.3860072791576385,Strong_Uptrend_LowVol
2023-09-05,Exclude_Strong_Downtrend_Bad_Regimes,97476.33147856029,0.0,0.0,0.3655707836151123,Strong_Uptrend_LowVol
2023-09-06,Exclude_Strong_Downtrend_Bad_Regimes,97476.33147856029,0.0,0.0,0.4305379390716553,Strong_Uptrend_LowVol
2023-09-07,Exclude_Strong_Downtrend_Bad_Regimes,97476.33147856029,0.0,0.0,0.4332383871078491,Strong_Uptrend_LowVol
2023-09-08,Exclude_Strong_Downtrend_Bad_Regimes,97476.33147856029,0.0,0.0,0.4987915158271789,Strong_Uptrend_LowVol
2023-09-11,Exclude_Strong_Downtrend_Bad_Regimes,97476.33147856029,0.0,0.0,0.5365306735038757,Strong_Uptrend_LowVol
2023-09-12,Exclude_Strong_Downtrend_Bad_Regimes,97476.33147856029,0.0,0.0,0.3215006291866302,Strong_Uptrend_LowVol
2023-09-13,Exclude_Strong_Downtrend_Bad_Regimes,97476.33147856029,0.0,0.0,0.3685366511344909,Strong_Uptrend_LowVol
2023-09-14,Exclude_Strong_Downtrend_Bad_Regimes,97476.33147856029,0.0,0.0,0.4242246150970459,Strong_Uptrend_LowVol
2023-09-15,Exclude_Strong_Downtrend_Bad_Regimes,97476.33147856029,0.0,0.0,0.4291741251945495,Strong_Uptrend_LowVol
2023-09-18,Exclude_Strong_Downtrend_Bad_Regimes,97476.33147856029,0.0,0.0,0.5405968427658081,Strong_Uptrend_LowVol
2023-09-20,Exclude_Strong_Downtrend_Bad_Regimes,97476.33147856029,0.0,0.0,0.6211013197898865,Strong_Uptrend_LowVol
2023-09-21,Exclude_Strong_Downtrend_Bad_Regimes,97476.33147856029,0.0,0.0,0.6440389156341553,Strong_Uptrend_LowVol
2023-09-22,Exclude_Strong_Downtrend_Bad_Regimes,97476.33147856029,0.0,0.0,0.6585507392883301,Strong_Uptrend_LowVol
2023-09-25,Exclude_Strong_Downtrend_Bad_Regimes,97426.35646606654,-0.0005126886879687209,1.0,0.7486041188240051,Strong_Uptrend_LowVol
2023-09-26,Exclude_Strong_Downtrend_Bad_Regimes,97665.25548269863,0.002452098439248207,1.0,0.8491537570953369,Strong_Uptrend_LowVol
2023-09-27,Exclude_Strong_Downtrend_Bad_Regimes,97765.84669652052,0.0010299590506852585,1.0,0.8724450469017029,Strong_Uptrend_LowVol
2023-09-28,Exclude_Strong_Downtrend_Bad_Regimes,96297.53286096547,-0.015018678660994045,1.0,0.7186175584793091,Strong_Uptrend_LowVol
2023-09-29,Exclude_Strong_Downtrend_Bad_Regimes,96069.81443564316,-0.002364737896775493,1.0,0.6654758453369141,Strong_Uptrend_LowVol
2023-10-03,Exclude_Strong_Downtrend_Bad_Regimes,95657.68105884512,-0.004289936222101498,1.0,0.6149218082427979,Strong_Uptrend_LowVol
2023-10-04,Exclude_Strong_Downtrend_Bad_Regimes,96325.47410685009,0.0069810708414954625,1.0,0.6295762658119202,Strong_Uptrend_LowVol
2023-10-05,Exclude_Strong_Downtrend_Bad_Regimes,97767.24512313341,0.014967702257909776,1.0,0.7161991596221924,Strong_Uptrend_LowVol
2023-10-06,Exclude_Strong_Downtrend_Bad_Regimes,98662.75659646068,0.009159626746150007,1.0,0.6712090373039246,Strong_Uptrend_LowVol
2023-10-09,Exclude_Strong_Downtrend_Bad_Regimes,99136.36617147944,0.004800287275125159,1.0,0.6954295039176941,Strong_Uptrend_LowVol
2023-10-10,Exclude_Strong_Downtrend_Bad_Regimes,98872.31594059526,-0.002663505241128683,1.0,0.823987603187561,Strong_Uptrend_LowVol
2023-10-11,Exclude_Strong_Downtrend_Bad_Regimes,98341.43226878761,-0.0053693864329689145,1.0,0.8176374435424805,Strong_Uptrend_LowVol
2023-10-12,Exclude_Strong_Downtrend_Bad_Regimes,96459.59345141487,-0.019135767844312923,1.0,0.8124175071716309,Strong_Uptrend_LowVol
2023-10-13,Exclude_Strong_Downtrend_Bad_Regimes,97250.33207426807,0.008197615131474434,1.0,0.7947026491165161,Strong_Uptrend_LowVol
2023-10-16,Exclude_Strong_Downtrend_Bad_Regimes,95942.68040254954,-0.013446243769326238,1.0,0.6732787489891052,Strong_Uptrend_LowVol
2023-10-17,Exclude_Strong_Downtrend_Bad_Regimes,95467.6792225111,-0.004950885028909613,1.0,0.5504212975502014,Weak_Uptrend
2023-10-18,Exclude_Strong_Downtrend_Bad_Regimes,94832.88031123365,-0.006649359410925815,0.0,0.5228396654129028,Weak_Downtrend
2023-10-19,Exclude_Strong_Downtrend_Bad_Regimes,94832.88031123365,0.0,0.0,0.3770579397678375,Strong_Downtrend_LowVol
2023-10-20,Exclude_Strong_Downtrend_Bad_Regimes,94832.88031123365,0.0,0.0,0.4367595314979553,Weak_Downtrend
2023-10-23,Exclude_Strong_Downtrend_Bad_Regimes,94832.88031123365,0.0,0.0,0.2586957812309265,Strong_Downtrend_LowVol
2023-10-25,Exclude_Strong_Downtrend_Bad_Regimes,94832.88031123365,0.0,0.0,0.2178797721862793,Strong_Downtrend_LowVol
2023-10-26,Exclude_Strong_Downtrend_Bad_Regimes,94832.88031123365,0.0,0.0,0.2005378305912017,Strong_Downtrend_LowVol
2023-10-27,Exclude_Strong_Downtrend_Bad_Regimes,94832.88031123365,0.0,0.0,0.2372064292430877,Strong_Downtrend_LowVol
2023-10-30,Exclude_Strong_Downtrend_Bad_Regimes,94832.88031123365,0.0,0.0,0.2145546972751617,Strong_Downtrend_LowVol
2023-10-31,Exclude_Strong_Downtrend_Bad_Regimes,94832.88031123365,0.0,0.0,0.2151027917861938,Strong_Downtrend_LowVol
2023-11-01,Exclude_Strong_Downtrend_Bad_Regimes,94832.88031123365,0.0,0.0,0.2245258241891861,Strong_Downtrend_LowVol
2023-11-02,Exclude_Strong_Downtrend_Bad_Regimes,94832.88031123365,0.0,0.0,0.2077296823263168,Strong_Downtrend_LowVol
2023-11-03,Exclude_Strong_Downtrend_Bad_Regimes,94832.88031123365,0.0,0.0,0.2210359573364257,Strong_Downtrend_LowVol
2023-11-06,Exclude_Strong_Downtrend_Bad_Regimes,94832.88031123365,0.0,0.0,0.2036211788654327,Strong_Downtrend_LowVol
2023-11-07,Exclude_Strong_Downtrend_Bad_Regimes,94832.88031123365,0.0,0.0,0.2096471041440963,Strong_Downtrend_LowVol
2023-11-08,Exclude_Strong_Downtrend_Bad_Regimes,94832.88031123365,0.0,0.0,0.2173814177513122,Strong_Downtrend_LowVol
2023-11-09,Exclude_Strong_Downtrend_Bad_Regimes,94832.88031123365,0.0,0.0,0.2299340069293975,Strong_Downtrend_LowVol
2023-11-10,Exclude_Strong_Downtrend_Bad_Regimes,94832.88031123365,0.0,0.0,0.2407434731721878,Strong_Downtrend_LowVol
2023-11-13,Exclude_Strong_Downtrend_Bad_Regimes,94832.88031123365,0.0,0.0,0.2310312539339065,Strong_Downtrend_LowVol
2023-11-15,Exclude_Strong_Downtrend_Bad_Regimes,94832.88031123365,0.0,0.0,0.2373900860548019,Strong_Downtrend_LowVol
2023-11-16,Exclude_Strong_Downtrend_Bad_Regimes,94832.88031123365,0.0,0.0,0.4724089801311493,Weak_Uptrend
2023-11-17,Exclude_Strong_Downtrend_Bad_Regimes,94832.88031123365,0.0,0.0,0.4598599970340729,Weak_Uptrend
2023-11-20,Exclude_Strong_Downtrend_Bad_Regimes,94832.88031123365,0.0,0.0,0.4566028118133545,Weak_Uptrend
2023-11-21,Exclude_Strong_Downtrend_Bad_Regimes,94832.88031123365,0.0,0.0,0.4598599970340729,Weak_Uptrend
2023-11-22,Exclude_Strong_Downtrend_Bad_Regimes,94832.88031123365,0.0,0.0,0.4584375321865082,Strong_Uptrend_LowVol
2023-11-23,Exclude_Strong_Downtrend_Bad_Regimes,94832.88031123365,0.0,0.0,0.4655188024044037,Weak_Uptrend
2023-11-24,Exclude_Strong_Downtrend_Bad_Regimes,94832.88031123365,0.0,0.0,0.3427473902702331,Weak_Downtrend
2023-11-28,Exclude_Strong_Downtrend_Bad_Regimes,94832.88031123365,0.0,0.0,0.4109815955162048,Weak_Downtrend
2023-11-29,Exclude_Strong_Downtrend_Bad_Regimes,94782.9052987399,-0.0005269798020446359,1.0,0.7758294939994812,Weak_Uptrend
2023-11-30,Exclude_Strong_Downtrend_Bad_Regimes,94039.06086112236,-0.007847875471563959,1.0,0.6690741181373596,Weak_Uptrend
2023-12-01,Exclude_Strong_Downtrend_Bad_Regimes,94723.16718042802,0.007274703862854892,1.0,0.6609100699424744,Weak_Uptrend
2023-12-04,Exclude_Strong_Downtrend_Bad_Regimes,94745.92488953148,0.00024025494270185632,1.0,0.720117449760437,Weak_Uptrend
2023-12-05,Exclude_Strong_Downtrend_Bad_Regimes,95290.65847035758,0.005749414356989169,1.0,0.6749309301376343,Strong_Uptrend_LowVol
2023-12-06,Exclude_Strong_Downtrend_Bad_Regimes,97080.48564879435,0.01878281887404043,0.0,0.1137611120939254,Strong_Uptrend_LowVol
2023-12-07,Exclude_Strong_Downtrend_Bad_Regimes,97080.48564879435,0.0,0.0,0.1169709861278534,Strong_Uptrend_LowVol
2023-12-08,Exclude_Strong_Downtrend_Bad_Regimes,97080.48564879435,0.0,0.0,0.1403062790632248,Strong_Uptrend_LowVol
2023-12-11,Exclude_Strong_Downtrend_Bad_Regimes,97080.48564879435,0.0,0.0,0.4163255393505096,Strong_Uptrend_LowVol
2023-12-12,Exclude_Strong_Downtrend_Bad_Regimes,97080.48564879435,0.0,0.0,0.3552113175392151,Strong_Uptrend_LowVol
2023-12-13,Exclude_Strong_Downtrend_Bad_Regimes,97080.48564879435,0.0,0.0,0.1479827016592025,Strong_Uptrend_LowVol
2023-12-14,Exclude_Strong_Downtrend_Bad_Regimes,97080.48564879435,0.0,0.0,0.2794911861419678,Strong_Uptrend_LowVol
2023-12-15,Exclude_Strong_Downtrend_Bad_Regimes,97030.51063630059,-0.0005147791768836951,1.0,0.7482826113700867,Strong_Uptrend_HighVol
2023-12-18,Exclude_Strong_Downtrend_Bad_Regimes,96983.91262403698,-0.00048024082278896874,1.0,0.5569281578063965,Strong_Uptrend_HighVol
2023-12-19,Exclude_Strong_Downtrend_Bad_Regimes,95760.4652320873,-0.012614951890963955,0.0,0.4205552041530609,Strong_Uptrend_HighVol
2023-12-20,Exclude_Strong_Downtrend_Bad_Regimes,95760.4652320873,0.0,0.0,0.3764108419418335,Strong_Uptrend_HighVol
2023-12-21,Exclude_Strong_Downtrend_Bad_Regimes,95760.4652320873,0.0,0.0,0.3764108419418335,Strong_Uptrend_HighVol
2023-12-22,Exclude_Strong_Downtrend_Bad_Regimes,95760.4652320873,0.0,0.0,0.440430611371994,Strong_Uptrend_HighVol
2023-12-26,Exclude_Strong_Downtrend_Bad_Regimes,95760.4652320873,0.0,0.0,0.3623464107513428,Strong_Uptrend_HighVol
2023-12-27,Exclude_Strong_Downtrend_Bad_Regimes,95760.4652320873,0.0,0.0,0.3616976737976074,Strong_Uptrend_HighVol
2023-12-28,Exclude_Strong_Downtrend_Bad_Regimes,95760.4652320873,0.0,0.0,0.2222419083118438,Strong_Uptrend_HighVol
2023-12-29,Exclude_Strong_Downtrend_Bad_Regimes,95760.4652320873,0.0,0.0,0.2222419083118438,Strong_Uptrend_HighVol
2024-01-01,Exclude_Strong_Downtrend_Bad_Regimes,95760.4652320873,0.0,0.0,0.2194124460220337,Strong_Uptrend_HighVol
2024-01-02,Exclude_Strong_Downtrend_Bad_Regimes,95760.4652320873,0.0,0.0,0.2222419083118438,Strong_Uptrend_HighVol
2024-01-03,Exclude_Strong_Downtrend_Bad_Regimes,95760.4652320873,0.0,0.0,0.2260116785764694,Strong_Uptrend_HighVol
2024-01-04,Exclude_Strong_Downtrend_Bad_Regimes,95760.4652320873,0.0,0.0,0.2298665940761566,Strong_Uptrend_HighVol
2024-01-05,Exclude_Strong_Downtrend_Bad_Regimes,95760.4652320873,0.0,0.0,0.2483001500368118,Strong_Uptrend_HighVol
2024-01-08,Exclude_Strong_Downtrend_Bad_Regimes,95760.4652320873,0.0,0.0,0.25412318110466,Strong_Uptrend_HighVol
2024-01-09,Exclude_Strong_Downtrend_Bad_Regimes,95760.4652320873,0.0,0.0,0.2573987543582916,Strong_Uptrend_HighVol
2024-01-10,Exclude_Strong_Downtrend_Bad_Regimes,95760.4652320873,0.0,0.0,0.2590965628623962,Strong_Uptrend_HighVol
2024-01-11,Exclude_Strong_Downtrend_Bad_Regimes,95760.4652320873,0.0,0.0,0.2498334795236587,Strong_Uptrend_HighVol
2024-01-12,Exclude_Strong_Downtrend_Bad_Regimes,95760.4652320873,0.0,0.0,0.4356746077537536,Strong_Uptrend_HighVol
2024-01-15,Exclude_Strong_Downtrend_Bad_Regimes,95760.4652320873,0.0,0.0,0.4284645020961761,Strong_Uptrend_LowVol
2024-01-16,Exclude_Strong_Downtrend_Bad_Regimes,95760.4652320873,0.0,0.0,0.3039643764495849,Strong_Uptrend_HighVol
2024-01-17,Exclude_Strong_Downtrend_Bad_Regimes,95760.4652320873,0.0,0.0,0.3212807774543762,Strong_Uptrend_LowVol
2024-01-18,Exclude_Strong_Downtrend_Bad_Regimes,95760.4652320873,0.0,0.0,0.3212807774543762,Strong_Uptrend_LowVol
2024-01-19,Exclude_Strong_Downtrend_Bad_Regimes,95760.4652320873,0.0,0.0,0.4407603442668915,Strong_Uptrend_LowVol
2024-01-23,Exclude_Strong_Downtrend_Bad_Regimes,95760.4652320873,0.0,0.0,0.2206538915634155,Strong_Uptrend_HighVol
2024-01-24,Exclude_Strong_Downtrend_Bad_Regimes,95760.4652320873,0.0,0.0,0.2051985710859298,Strong_Uptrend_HighVol
2024-01-25,Exclude_Strong_Downtrend_Bad_Regimes,95760.4652320873,0.0,0.0,0.2035199105739593,Strong_Uptrend_HighVol
2024-01-29,Exclude_Strong_Downtrend_Bad_Regimes,95760.4652320873,0.0,0.0,0.2092953324317932,Strong_Uptrend_HighVol
2024-01-30,Exclude_Strong_Downtrend_Bad_Regimes,95760.4652320873,0.0,0.0,0.1914024800062179,Strong_Uptrend_HighVol
2024-01-31,Exclude_Strong_Downtrend_Bad_Regimes,95760.4652320873,0.0,0.0,0.1914024800062179,Strong_Uptrend_HighVol
2024-02-01,Exclude_Strong_Downtrend_Bad_Regimes,95760.4652320873,0.0,0.0,0.2071347534656524,Strong_Uptrend_HighVol
2024-02-02,Exclude_Strong_Downtrend_Bad_Regimes,95760.4652320873,0.0,0.0,0.4180828034877777,Strong_Uptrend_HighVol
2024-02-05,Exclude_Strong_Downtrend_Bad_Regimes,95760.4652320873,0.0,0.0,0.3742114305496216,Strong_Uptrend_HighVol
2024-02-06,Exclude_Strong_Downtrend_Bad_Regimes,95760.4652320873,0.0,0.0,0.4546887874603271,Strong_Uptrend_HighVol
2024-02-07,Exclude_Strong_Downtrend_Bad_Regimes,95760.4652320873,0.0,0.0,0.3383278548717499,Strong_Uptrend_HighVol
2024-02-08,Exclude_Strong_Downtrend_Bad_Regimes,95760.4652320873,0.0,0.0,0.4314286112785339,Strong_Uptrend_HighVol
2024-02-09,Exclude_Strong_Downtrend_Bad_Regimes,95760.4652320873,0.0,0.0,0.3872627913951874,Strong_Uptrend_HighVol
2024-02-12,Exclude_Strong_Downtrend_Bad_Regimes,95760.4652320873,0.0,0.0,0.3427011668682098,Strong_Uptrend_HighVol
2024-02-13,Exclude_Strong_Downtrend_Bad_Regimes,95760.4652320873,0.0,0.0,0.4546887874603271,Strong_Uptrend_HighVol
2024-02-14,Exclude_Strong_Downtrend_Bad_Regimes,95760.4652320873,0.0,0.0,0.3212807774543762,Strong_Uptrend_HighVol
2024-02-15,Exclude_Strong_Downtrend_Bad_Regimes,95760.4652320873,0.0,0.0,0.3212807774543762,Strong_Uptrend_HighVol
2024-02-16,Exclude_Strong_Downtrend_Bad_Regimes,95760.4652320873,0.0,0.0,0.3624115288257599,Strong_Uptrend_HighVol
2024-02-19,Exclude_Strong_Downtrend_Bad_Regimes,95760.4652320873,0.0,0.0,0.3212807774543762,Strong_Uptrend_HighVol
2024-02-20,Exclude_Strong_Downtrend_Bad_Regimes,95760.4652320873,0.0,0.0,0.2139943093061447,Strong_Uptrend_HighVol
2024-02-21,Exclude_Strong_Downtrend_Bad_Regimes,95760.4652320873,0.0,0.0,0.2166910022497177,Strong_Uptrend_HighVol
2024-02-22,Exclude_Strong_Downtrend_Bad_Regimes,95760.4652320873,0.0,0.0,0.2659252882003784,Strong_Uptrend_HighVol
2024-02-23,Exclude_Strong_Downtrend_Bad_Regimes,95760.4652320873,0.0,0.0,0.2139943093061447,Strong_Uptrend_HighVol
2024-02-26,Exclude_Strong_Downtrend_Bad_Regimes,95760.4652320873,0.0,0.0,0.2252772599458694,Strong_Uptrend_HighVol
2024-02-27,Exclude_Strong_Downtrend_Bad_Regimes,95760.4652320873,0.0,0.0,0.2479310482740402,Strong_Uptrend_HighVol
2024-02-28,Exclude_Strong_Downtrend_Bad_Regimes,95760.4652320873,0.0,0.0,0.3037738800048828,Strong_Uptrend_HighVol
2024-02-29,Exclude_Strong_Downtrend_Bad_Regimes,95760.4652320873,0.0,0.0,0.2111648470163345,Strong_Uptrend_HighVol
2024-03-01,Exclude_Strong_Downtrend_Bad_Regimes,95760.4652320873,0.0,0.0,0.2136535197496414,Strong_Uptrend_HighVol
2024-03-04,Exclude_Strong_Downtrend_Bad_Regimes,95760.4652320873,0.0,0.0,0.2299204766750335,Strong_Uptrend_HighVol
2024-03-05,Exclude_Strong_Downtrend_Bad_Regimes,95760.4652320873,0.0,0.0,0.2008787244558334,Strong_Uptrend_LowVol
2024-03-06,Exclude_Strong_Downtrend_Bad_Regimes,95760.4652320873,0.0,0.0,0.2037343084812164,Strong_Uptrend_LowVol
2024-03-07,Exclude_Strong_Downtrend_Bad_Regimes,95760.4652320873,0.0,0.0,0.2551262378692627,Strong_Uptrend_LowVol
2024-03-11,Exclude_Strong_Downtrend_Bad_Regimes,95760.4652320873,0.0,0.0,0.3069292902946472,Strong_Uptrend_LowVol
2024-03-12,Exclude_Strong_Downtrend_Bad_Regimes,95760.4652320873,0.0,0.0,0.4226202666759491,Strong_Uptrend_LowVol
2024-03-13,Exclude_Strong_Downtrend_Bad_Regimes,95760.4652320873,0.0,0.0,0.2479310482740402,Strong_Uptrend_LowVol
2024-03-14,Exclude_Strong_Downtrend_Bad_Regimes,95760.4652320873,0.0,0.0,0.4301608502864837,Strong_Uptrend_LowVol
2024-03-15,Exclude_Strong_Downtrend_Bad_Regimes,95760.4652320873,0.0,0.0,0.4183034896850586,Strong_Uptrend_LowVol
2024-03-18,Exclude_Strong_Downtrend_Bad_Regimes,95760.4652320873,0.0,0.0,0.2263822257518768,Strong_Uptrend_LowVol
2024-03-19,Exclude_Strong_Downtrend_Bad_Regimes,95760.4652320873,0.0,0.0,0.3924726247787475,Weak_Downtrend
2024-03-20,Exclude_Strong_Downtrend_Bad_Regimes,95760.4652320873,0.0,0.0,0.3924726247787475,Weak_Downtrend
2024-03-21,Exclude_Strong_Downtrend_Bad_Regimes,95760.4652320873,0.0,0.0,0.4181064367294311,Weak_Downtrend
2024-03-22,Exclude_Strong_Downtrend_Bad_Regimes,95760.4652320873,0.0,0.0,0.4326481819152832,Strong_Downtrend_HighVol
2024-03-26,Exclude_Strong_Downtrend_Bad_Regimes,95760.4652320873,0.0,0.0,0.6045350432395935,Strong_Downtrend_HighVol
2024-03-27,Exclude_Strong_Downtrend_Bad_Regimes,95710.49021959356,-0.0005218752057294385,1.0,0.711513876914978,Strong_Downtrend_HighVol
2024-03-28,Exclude_Strong_Downtrend_Bad_Regimes,96631.69244189453,0.009624882499164045,1.0,0.64478600025177,Strong_Downtrend_HighVol
2024-04-01,Exclude_Strong_Downtrend_Bad_Regimes,97459.1009899821,0.008562496704537015,0.0,0.4683361053466797,Strong_Downtrend_HighVol
2024-04-02,Exclude_Strong_Downtrend_Bad_Regimes,97459.1009899821,0.0,0.0,0.6368498802185059,Strong_Downtrend_HighVol
2024-04-03,Exclude_Strong_Downtrend_Bad_Regimes,97459.1009899821,0.0,0.0,0.4386820495128631,Strong_Downtrend_HighVol
2024-04-04,Exclude_Strong_Downtrend_Bad_Regimes,97459.1009899821,0.0,0.0,0.4909493625164032,Weak_Downtrend
2024-04-05,Exclude_Strong_Downtrend_Bad_Regimes,97459.1009899821,0.0,0.0,0.4595701694488525,Weak_Downtrend
2024-04-08,Exclude_Strong_Downtrend_Bad_Regimes,97459.1009899821,0.0,0.0,0.423918068408966,Weak_Downtrend
2024-04-09,Exclude_Strong_Downtrend_Bad_Regimes,97459.1009899821,0.0,0.0,0.4303626120090484,Strong_Downtrend_HighVol
2024-04-10,Exclude_Strong_Downtrend_Bad_Regimes,97459.1009899821,0.0,0.0,0.4211709201335907,Weak_Downtrend
2024-04-12,Exclude_Strong_Downtrend_Bad_Regimes,97459.1009899821,0.0,0.0,0.4717677533626556,Weak_Downtrend
2024-04-15,Exclude_Strong_Downtrend_Bad_Regimes,97459.1009899821,0.0,0.0,0.4466467201709747,Strong_Downtrend_HighVol
2024-04-16,Exclude_Strong_Downtrend_Bad_Regimes,97459.1009899821,0.0,0.0,0.6795939207077026,Strong_Downtrend_HighVol
2024-04-18,Exclude_Strong_Downtrend_Bad_Regimes,97409.12597748835,-0.0005127793298532746,1.0,0.7219113707542419,Strong_Downtrend_HighVol
2024-04-19,Exclude_Strong_Downtrend_Bad_Regimes,96361.23020488808,-0.010757675547180656,0.0,0.7219113707542419,Strong_Downtrend_LowVol
2024-04-22,Exclude_Strong_Downtrend_Bad_Regimes,96361.23020488808,0.0,0.0,0.711513876914978,Strong_Downtrend_LowVol
2024-04-23,Exclude_Strong_Downtrend_Bad_Regimes,96361.23020488808,0.0,0.0,0.6721768379211426,Strong_Downtrend_LowVol
2024-04-24,Exclude_Strong_Downtrend_Bad_Regimes,96361.23020488808,0.0,0.0,0.7219113707542419,Strong_Downtrend_LowVol
2024-04-25,Exclude_Strong_Downtrend_Bad_Regimes,96361.23020488808,0.0,0.0,0.7219113707542419,Strong_Downtrend_LowVol
2024-04-26,Exclude_Strong_Downtrend_Bad_Regimes,96361.23020488808,0.0,0.0,0.7219113707542419,Strong_Downtrend_LowVol
2024-04-29,Exclude_Strong_Downtrend_Bad_Regimes,96361.23020488808,0.0,0.0,0.7436636090278625,Strong_Downtrend_LowVol
2024-04-30,Exclude_Strong_Downtrend_Bad_Regimes,96361.23020488808,0.0,0.0,0.7923908233642578,Strong_Downtrend_LowVol
2024-05-02,Exclude_Strong_Downtrend_Bad_Regimes,96361.23020488808,0.0,0.0,0.7316038608551025,Strong_Downtrend_LowVol
2024-05-03,Exclude_Strong_Downtrend_Bad_Regimes,96361.23020488808,0.0,0.0,0.7769486904144287,Strong_Downtrend_LowVol
2024-05-06,Exclude_Strong_Downtrend_Bad_Regimes,96361.23020488808,0.0,0.0,0.3915858268737793,Strong_Downtrend_LowVol
2024-05-07,Exclude_Strong_Downtrend_Bad_Regimes,96361.23020488808,0.0,0.0,0.3697722554206848,Weak_Downtrend
2024-05-08,Exclude_Strong_Downtrend_Bad_Regimes,96361.23020488808,0.0,0.0,0.301511138677597,Weak_Downtrend
2024-05-09,Exclude_Strong_Downtrend_Bad_Regimes,96361.23020488808,0.0,0.0,0.3406410813331604,Weak_Downtrend
2024-05-10,Exclude_Strong_Downtrend_Bad_Regimes,96361.23020488808,0.0,0.0,0.3453083634376526,Strong_Downtrend_LowVol
2024-05-13,Exclude_Strong_Downtrend_Bad_Regimes,96361.23020488808,0.0,0.0,0.339055985212326,Weak_Downtrend
2024-05-14,Exclude_Strong_Downtrend_Bad_Regimes,96361.23020488808,0.0,0.0,0.2392671853303909,Strong_Downtrend_LowVol
2024-05-15,Exclude_Strong_Downtrend_Bad_Regimes,96361.23020488808,0.0,0.0,0.4329863488674164,Strong_Downtrend_LowVol
2024-05-16,Exclude_Strong_Downtrend_Bad_Regimes,96361.23020488808,0.0,0.0,0.3674110770225525,Strong_Downtrend_LowVol
2024-05-17,Exclude_Strong_Downtrend_Bad_Regimes,96361.23020488808,0.0,0.0,0.5577951073646545,Strong_Downtrend_LowVol
2024-05-21,Exclude_Strong_Downtrend_Bad_Regimes,96361.23020488808,0.0,0.0,0.65833580493927,Strong_Downtrend_LowVol
2024-05-22,Exclude_Strong_Downtrend_Bad_Regimes,96361.23020488808,0.0,0.0,0.6579462289810181,Strong_Downtrend_LowVol
2024-05-23,Exclude_Strong_Downtrend_Bad_Regimes,96361.23020488808,0.0,0.0,0.3188414573669433,Strong_Downtrend_LowVol
2024-05-24,Exclude_Strong_Downtrend_Bad_Regimes,96361.23020488808,0.0,0.0,0.6009922027587891,Strong_Downtrend_LowVol
2024-05-27,Exclude_Strong_Downtrend_Bad_Regimes,96361.23020488808,0.0,0.0,0.6740281581878662,Strong_Downtrend_LowVol
2024-05-28,Exclude_Strong_Downtrend_Bad_Regimes,96361.23020488808,0.0,0.0,0.7135289907455444,Strong_Downtrend_LowVol
2024-05-29,Exclude_Strong_Downtrend_Bad_Regimes,96361.23020488808,0.0,0.0,0.7335686087608337,Strong_Downtrend_LowVol
2024-05-30,Exclude_Strong_Downtrend_Bad_Regimes,96361.23020488808,0.0,0.0,0.7196359634399414,Strong_Downtrend_LowVol
2024-05-31,Exclude_Strong_Downtrend_Bad_Regimes,96361.23020488808,0.0,0.0,0.8457560539245605,Strong_Downtrend_LowVol
2024-06-03,Exclude_Strong_Downtrend_Bad_Regimes,96361.23020488808,0.0,0.0,0.8628421425819397,Strong_Downtrend_LowVol
2024-06-04,Exclude_Strong_Downtrend_Bad_Regimes,96361.23020488808,0.0,0.0,0.2884446680545807,Strong_Downtrend_LowVol
2024-06-05,Exclude_Strong_Downtrend_Bad_Regimes,96361.23020488808,0.0,0.0,0.2209851294755935,Strong_Downtrend_LowVol
2024-06-06,Exclude_Strong_Downtrend_Bad_Regimes,96361.23020488808,0.0,0.0,0.3052290380001068,Weak_Downtrend
2024-06-07,Exclude_Strong_Downtrend_Bad_Regimes,96361.23020488808,0.0,0.0,0.2829272449016571,Weak_Uptrend
2024-06-10,Exclude_Strong_Downtrend_Bad_Regimes,96361.23020488808,0.0,0.0,0.3222821354866028,Weak_Downtrend
2024-06-11,Exclude_Strong_Downtrend_Bad_Regimes,96361.23020488808,0.0,0.0,0.3758260905742645,Weak_Downtrend
2024-06-12,Exclude_Strong_Downtrend_Bad_Regimes,96361.23020488808,0.0,0.0,0.4066451489925384,Weak_Downtrend
2024-06-13,Exclude_Strong_Downtrend_Bad_Regimes,96361.23020488808,0.0,0.0,0.4400219321250915,Weak_Uptrend
2024-06-14,Exclude_Strong_Downtrend_Bad_Regimes,96361.23020488808,0.0,0.0,0.4116044342517853,Weak_Downtrend
2024-06-18,Exclude_Strong_Downtrend_Bad_Regimes,96361.23020488808,0.0,0.0,0.3943470120429992,Strong_Downtrend_LowVol
2024-06-19,Exclude_Strong_Downtrend_Bad_Regimes,96361.23020488808,0.0,0.0,0.4451701939105987,Strong_Downtrend_LowVol
2024-06-20,Exclude_Strong_Downtrend_Bad_Regimes,96361.23020488808,0.0,0.0,0.1704689264297485,Strong_Downtrend_LowVol
2024-06-21,Exclude_Strong_Downtrend_Bad_Regimes,96361.23020488808,0.0,0.0,0.1675410717725753,Strong_Downtrend_LowVol
2024-06-24,Exclude_Strong_Downtrend_Bad_Regimes,96361.23020488808,0.0,0.0,0.1702487021684646,Weak_Downtrend
2024-06-25,Exclude_Strong_Downtrend_Bad_Regimes,96361.23020488808,0.0,0.0,0.2115805596113205,Weak_Downtrend
2024-06-26,Exclude_Strong_Downtrend_Bad_Regimes,96361.23020488808,0.0,0.0,0.1747529655694961,Weak_Uptrend
2024-06-27,Exclude_Strong_Downtrend_Bad_Regimes,96361.23020488808,0.0,0.0,0.1585526466369629,Strong_Uptrend_LowVol
2024-06-28,Exclude_Strong_Downtrend_Bad_Regimes,96361.23020488808,0.0,0.0,0.120798535645008,Strong_Uptrend_LowVol
2024-07-01,Exclude_Strong_Downtrend_Bad_Regimes,96361.23020488808,0.0,0.0,0.1676857769489288,Strong_Uptrend_LowVol
2024-07-02,Exclude_Strong_Downtrend_Bad_Regimes,96361.23020488808,0.0,0.0,0.09813142567873,Strong_Uptrend_LowVol
2024-07-03,Exclude_Strong_Downtrend_Bad_Regimes,96361.23020488808,0.0,0.0,0.1081952154636383,Strong_Uptrend_LowVol
2024-07-04,Exclude_Strong_Downtrend_Bad_Regimes,96361.23020488808,0.0,0.0,0.0982093587517738,Strong_Uptrend_LowVol
2024-07-05,Exclude_Strong_Downtrend_Bad_Regimes,96361.23020488808,0.0,0.0,0.1049072816967964,Strong_Uptrend_LowVol
2024-07-08,Exclude_Strong_Downtrend_Bad_Regimes,96361.23020488808,0.0,0.0,0.1101596057415008,Strong_Uptrend_LowVol
2024-07-09,Exclude_Strong_Downtrend_Bad_Regimes,96361.23020488808,0.0,0.0,0.1074301674962043,Strong_Uptrend_LowVol
2024-07-10,Exclude_Strong_Downtrend_Bad_Regimes,96361.23020488808,0.0,0.0,0.067156933248043,Weak_Uptrend
2024-07-11,Exclude_Strong_Downtrend_Bad_Regimes,96361.23020488808,0.0,0.0,0.0651871934533119,Strong_Uptrend_LowVol
2024-07-12,Exclude_Strong_Downtrend_Bad_Regimes,96361.23020488808,0.0,0.0,0.2866563498973846,Strong_Uptrend_HighVol
2024-07-15,Exclude_Strong_Downtrend_Bad_Regimes,96361.23020488808,0.0,0.0,0.2609844505786896,Strong_Uptrend_HighVol
2024-07-16,Exclude_Strong_Downtrend_Bad_Regimes,96361.23020488808,0.0,0.0,0.2654161155223846,Strong_Uptrend_HighVol
2024-07-18,Exclude_Strong_Downtrend_Bad_Regimes,96361.23020488808,0.0,0.0,0.2534982562065124,Strong_Uptrend_HighVol
2024-07-19,Exclude_Strong_Downtrend_Bad_Regimes,96361.23020488808,0.0,0.0,0.2295404523611068,Strong_Uptrend_HighVol
2024-07-22,Exclude_Strong_Downtrend_Bad_Regimes,96361.23020488808,0.0,0.0,0.2242989689111709,Strong_Uptrend_HighVol
2024-07-23,Exclude_Strong_Downtrend_Bad_Regimes,96361.23020488808,0.0,0.0,0.2242989689111709,Strong_Uptrend_HighVol
2024-07-24,Exclude_Strong_Downtrend_Bad_Regimes,96361.23020488808,0.0,0.0,0.2841377854347229,Strong_Uptrend_HighVol
2024-07-25,Exclude_Strong_Downtrend_Bad_Regimes,96361.23020488808,0.0,0.0,0.2812440991401672,Strong_Uptrend_HighVol
2024-07-26,Exclude_Strong_Downtrend_Bad_Regimes,96361.23020488808,0.0,0.0,0.2386145740747451,Strong_Uptrend_HighVol
2024-07-29,Exclude_Strong_Downtrend_Bad_Regimes,96361.23020488808,0.0,0.0,0.286546915769577,Strong_Uptrend_HighVol
2024-07-30,Exclude_Strong_Downtrend_Bad_Regimes,96361.23020488808,0.0,0.0,0.2715286314487457,Strong_Uptrend_HighVol
2024-07-31,Exclude_Strong_Downtrend_Bad_Regimes,96361.23020488808,0.0,0.0,0.2840441465377807,Strong_Uptrend_HighVol
2024-08-01,Exclude_Strong_Downtrend_Bad_Regimes,96361.23020488808,0.0,0.0,0.296279102563858,Strong_Uptrend_HighVol
2024-08-02,Exclude_Strong_Downtrend_Bad_Regimes,96361.23020488808,0.0,0.0,0.294759064912796,Strong_Uptrend_HighVol
2024-08-05,Exclude_Strong_Downtrend_Bad_Regimes,96361.23020488808,0.0,0.0,0.2707370817661285,Strong_Uptrend_HighVol
2024-08-06,Exclude_Strong_Downtrend_Bad_Regimes,96361.23020488808,0.0,0.0,0.2707370817661285,Strong_Uptrend_HighVol
2024-08-07,Exclude_Strong_Downtrend_Bad_Regimes,96361.23020488808,0.0,0.0,0.3227385282516479,Strong_Uptrend_HighVol
2024-08-08,Exclude_Strong_Downtrend_Bad_Regimes,96361.23020488808,0.0,0.0,0.3355268836021423,Strong_Uptrend_HighVol
2024-08-09,Exclude_Strong_Downtrend_Bad_Regimes,96361.23020488808,0.0,0.0,0.3270950615406036,Strong_Uptrend_HighVol
2024-08-12,Exclude_Strong_Downtrend_Bad_Regimes,96361.23020488808,0.0,0.0,0.3264108598232269,Strong_Uptrend_LowVol
2024-08-13,Exclude_Strong_Downtrend_Bad_Regimes,96361.23020488808,0.0,0.0,0.3388810753822326,Strong_Uptrend_LowVol
2024-08-14,Exclude_Strong_Downtrend_Bad_Regimes,96361.23020488808,0.0,0.0,0.242540031671524,Strong_Uptrend_HighVol
2024-08-16,Exclude_Strong_Downtrend_Bad_Regimes,96361.23020488808,0.0,0.0,0.2669140696525574,Strong_Uptrend_HighVol
2024-08-19,Exclude_Strong_Downtrend_Bad_Regimes,96361.23020488808,0.0,0.0,0.2460161000490188,Strong_Uptrend_HighVol
2024-08-20,Exclude_Strong_Downtrend_Bad_Regimes,96361.23020488808,0.0,0.0,0.2275067567825317,Strong_Uptrend_HighVol
2024-08-21,Exclude_Strong_Downtrend_Bad_Regimes,96361.23020488808,0.0,0.0,0.2480917125940323,Strong_Uptrend_HighVol
2024-08-22,Exclude_Strong_Downtrend_Bad_Regimes,96361.23020488808,0.0,0.0,0.2242989689111709,Strong_Uptrend_HighVol
2024-08-23,Exclude_Strong_Downtrend_Bad_Regimes,96361.23020488808,0.0,0.0,0.2429498732089996,Strong_Uptrend_HighVol
2024-08-26,Exclude_Strong_Downtrend_Bad_Regimes,96361.23020488808,0.0,0.0,0.2439489513635635,Strong_Uptrend_HighVol
2024-08-27,Exclude_Strong_Downtrend_Bad_Regimes,96361.23020488808,0.0,0.0,0.244068294763565,Strong_Uptrend_HighVol
2024-08-28,Exclude_Strong_Downtrend_Bad_Regimes,96361.23020488808,0.0,0.0,0.2533520460128784,Strong_Uptrend_HighVol
2024-08-29,Exclude_Strong_Downtrend_Bad_Regimes,96361.23020488808,0.0,0.0,0.2592674493789673,Strong_Uptrend_HighVol
2024-08-30,Exclude_Strong_Downtrend_Bad_Regimes,96361.23020488808,0.0,0.0,0.2506621479988098,Strong_Uptrend_HighVol
2024-09-02,Exclude_Strong_Downtrend_Bad_Regimes,96361.23020488808,0.0,0.0,0.2566772103309631,Strong_Uptrend_LowVol
2024-09-03,Exclude_Strong_Downtrend_Bad_Regimes,96361.23020488808,0.0,0.0,0.3106915652751922,Strong_Uptrend_LowVol
2024-09-04,Exclude_Strong_Downtrend_Bad_Regimes,96361.23020488808,0.0,0.0,0.327718049287796,Strong_Uptrend_LowVol
2024-09-05,Exclude_Strong_Downtrend_Bad_Regimes,96361.23020488808,0.0,0.0,0.327718049287796,Strong_Uptrend_LowVol
2024-09-06,Exclude_Strong_Downtrend_Bad_Regimes,96361.23020488808,0.0,0.0,0.3231621384620666,Strong_Uptrend_LowVol
2024-09-09,Exclude_Strong_Downtrend_Bad_Regimes,96361.23020488808,0.0,0.0,0.357803463935852,Strong_Uptrend_LowVol
2024-09-10,Exclude_Strong_Downtrend_Bad_Regimes,96361.23020488808,0.0,0.0,0.3259206712245941,Strong_Uptrend_LowVol
2024-09-11,Exclude_Strong_Downtrend_Bad_Regimes,96361.23020488808,0.0,0.0,0.3258581459522247,Strong_Uptrend_LowVol
2024-09-12,Exclude_Strong_Downtrend_Bad_Regimes,96361.23020488808,0.0,0.0,0.3316980302333832,Strong_Uptrend_LowVol
2024-09-13,Exclude_Strong_Downtrend_Bad_Regimes,96361.23020488808,0.0,0.0,0.3316980302333832,Strong_Uptrend_LowVol
2024-09-16,Exclude_Strong_Downtrend_Bad_Regimes,96361.23020488808,0.0,0.0,0.3296115696430206,Strong_Uptrend_LowVol
2024-09-17,Exclude_Strong_Downtrend_Bad_Regimes,96361.23020488808,0.0,0.0,0.3421419560909271,Strong_Uptrend_LowVol
2024-09-18,Exclude_Strong_Downtrend_Bad_Regimes,96361.23020488808,0.0,0.0,0.236836165189743,Weak_Downtrend
2024-09-19,Exclude_Strong_Downtrend_Bad_Regimes,96361.23020488808,0.0,0.0,0.1933979839086532,Strong_Downtrend_LowVol
2024-09-20,Exclude_Strong_Downtrend_Bad_Regimes,96361.23020488808,0.0,0.0,0.1933979839086532,Strong_Downtrend_LowVol
2024-09-23,Exclude_Strong_Downtrend_Bad_Regimes,96361.23020488808,0.0,0.0,0.2365657389163971,Strong_Downtrend_LowVol
2024-09-24,Exclude_Strong_Downtrend_Bad_Regimes,96361.23020488808,0.0,0.0,0.2511974573135376,Strong_Downtrend_LowVol
2024-09-25,Exclude_Strong_Downtrend_Bad_Regimes,96361.23020488808,0.0,0.0,0.2854065299034118,Strong_Downtrend_LowVol
2024-09-26,Exclude_Strong_Downtrend_Bad_Regimes,96361.23020488808,0.0,0.0,0.3754554092884063,Strong_Downtrend_LowVol
2024-09-27,Exclude_Strong_Downtrend_Bad_Regimes,96361.23020488808,0.0,0.0,0.3710492253303528,Strong_Downtrend_LowVol
2024-09-30,Exclude_Strong_Downtrend_Bad_Regimes,96361.23020488808,0.0,0.0,0.3588312566280365,Strong_Downtrend_LowVol
2024-10-01,Exclude_Strong_Downtrend_Bad_Regimes,96361.23020488808,0.0,0.0,0.384001225233078,Strong_Downtrend_LowVol
2024-10-03,Exclude_Strong_Downtrend_Bad_Regimes,96361.23020488808,0.0,0.0,0.6041865348815918,Strong_Downtrend_LowVol
2024-10-04,Exclude_Strong_Downtrend_Bad_Regimes,96361.23020488808,0.0,0.0,0.58246910572052,Strong_Downtrend_LowVol
2024-10-07,Exclude_Strong_Downtrend_Bad_Regimes,96361.23020488808,0.0,0.0,0.3540689051151275,Strong_Downtrend_LowVol
2024-10-08,Exclude_Strong_Downtrend_Bad_Regimes,96361.23020488808,0.0,0.0,0.58246910572052,Strong_Downtrend_LowVol
2024-10-09,Exclude_Strong_Downtrend_Bad_Regimes,96361.23020488808,0.0,0.0,0.2640060484409332,Strong_Downtrend_LowVol
2024-10-10,Exclude_Strong_Downtrend_Bad_Regimes,96361.23020488808,0.0,0.0,0.4729017913341522,Strong_Downtrend_LowVol
2024-10-11,Exclude_Strong_Downtrend_Bad_Regimes,96361.23020488808,0.0,0.0,0.7608885765075684,Strong_Downtrend_LowVol
2024-10-14,Exclude_Strong_Downtrend_Bad_Regimes,96361.23020488808,0.0,0.0,0.7580382823944092,Strong_Downtrend_LowVol
2024-10-15,Exclude_Strong_Downtrend_Bad_Regimes,96361.23020488808,0.0,0.0,0.7607991695404053,Strong_Downtrend_LowVol
2024-10-16,Exclude_Strong_Downtrend_Bad_Regimes,96361.23020488808,0.0,0.0,0.7894052863121033,Strong_Downtrend_LowVol
2024-10-17,Exclude_Strong_Downtrend_Bad_Regimes,96361.23020488808,0.0,0.0,0.7607991695404053,Strong_Downtrend_LowVol
2024-10-18,Exclude_Strong_Downtrend_Bad_Regimes,96361.23020488808,0.0,0.0,0.7467433214187622,Strong_Downtrend_LowVol
2024-10-21,Exclude_Strong_Downtrend_Bad_Regimes,96361.23020488808,0.0,0.0,0.7944980263710022,Strong_Downtrend_LowVol
2024-10-22,Exclude_Strong_Downtrend_Bad_Regimes,96361.23020488808,0.0,0.0,0.8129313588142395,Strong_Downtrend_LowVol
2024-10-23,Exclude_Strong_Downtrend_Bad_Regimes,96361.23020488808,0.0,0.0,0.7620764970779419,Strong_Downtrend_LowVol
2024-10-24,Exclude_Strong_Downtrend_Bad_Regimes,96361.23020488808,0.0,0.0,0.7775447964668274,Strong_Downtrend_LowVol
2024-10-25,Exclude_Strong_Downtrend_Bad_Regimes,96361.23020488808,0.0,0.0,0.7742302417755127,Strong_Downtrend_LowVol
2024-10-28,Exclude_Strong_Downtrend_Bad_Regimes,96361.23020488808,0.0,0.0,0.7284544706344604,Strong_Downtrend_LowVol
2024-10-29,Exclude_Strong_Downtrend_Bad_Regimes,96361.23020488808,0.0,0.0,0.7427082061767578,Strong_Downtrend_LowVol
2024-10-30,Exclude_Strong_Downtrend_Bad_Regimes,96361.23020488808,0.0,0.0,0.7393041253089905,Strong_Downtrend_LowVol
2024-10-31,Exclude_Strong_Downtrend_Bad_Regimes,96361.23020488808,0.0,0.0,0.9053999185562134,Strong_Downtrend_LowVol
2024-11-01,Exclude_Strong_Downtrend_Bad_Regimes,96361.23020488808,0.0,0.0,0.9119563698768616,Strong_Downtrend_LowVol
2024-11-04,Exclude_Strong_Downtrend_Bad_Regimes,96361.23020488808,0.0,0.0,0.8962885141372681,Strong_Downtrend_LowVol
2024-11-05,Exclude_Strong_Downtrend_Bad_Regimes,96361.23020488808,0.0,0.0,0.8987098336219788,Strong_Downtrend_LowVol
2024-11-06,Exclude_Strong_Downtrend_Bad_Regimes,96361.23020488808,0.0,0.0,0.6782045960426331,Strong_Downtrend_HighVol
2024-11-07,Exclude_Strong_Downtrend_Bad_Regimes,96311.25519239434,-0.0005186215699766183,1.0,0.7009809613227844,Strong_Downtrend_HighVol
2024-11-08,Exclude_Strong_Downtrend_Bad_Regimes,96217.34896823158,-0.0009750285568925765,1.0,0.7009809613227844,Strong_Downtrend_HighVol
2024-11-11,Exclude_Strong_Downtrend_Bad_Regimes,97277.63906367401,0.011019739234267467,0.0,0.5726436972618103,Weak_Downtrend
2024-11-12,Exclude_Strong_Downtrend_Bad_Regimes,97277.63906367401,0.0,0.0,0.5741950869560242,Weak_Downtrend
2024-11-13,Exclude_Strong_Downtrend_Bad_Regimes,97277.63906367401,0.0,0.0,0.593315601348877,Strong_Downtrend_HighVol
2024-11-14,Exclude_Strong_Downtrend_Bad_Regimes,97277.63906367401,0.0,0.0,0.6569667458534241,Strong_Downtrend_HighVol
2024-11-18,Exclude_Strong_Downtrend_Bad_Regimes,97227.66405118027,-0.0005137358695663785,1.0,0.7046766877174377,Strong_Downtrend_HighVol
2024-11-19,Exclude_Strong_Downtrend_Bad_Regimes,97726.23424184375,0.005127863510132613,1.0,0.6871570348739624,Strong_Downtrend_HighVol
2024-11-21,Exclude_Strong_Downtrend_Bad_Regimes,98554.28268380326,0.008473143863400479,1.0,0.6869116425514221,Strong_Downtrend_HighVol
2024-11-22,Exclude_Strong_Downtrend_Bad_Regimes,102825.0668090935,0.04333433321200686,1.0,0.5649750232696533,Weak_Uptrend
2024-11-25,Exclude_Strong_Downtrend_Bad_Regimes,104233.47733087104,0.013697151535942309,0.0,0.4009934365749359,Strong_Uptrend_HighVol
2024-11-26,Exclude_Strong_Downtrend_Bad_Regimes,104233.47733087104,0.0,0.0,0.3805783689022064,Strong_Uptrend_HighVol
2024-11-27,Exclude_Strong_Downtrend_Bad_Regimes,104233.47733087104,0.0,0.0,0.3841496407985687,Strong_Uptrend_HighVol
2024-11-28,Exclude_Strong_Downtrend_Bad_Regimes,104233.47733087104,0.0,0.0,0.2898951768875122,Weak_Uptrend
2024-11-29,Exclude_Strong_Downtrend_Bad_Regimes,104233.47733087104,0.0,0.0,0.4073731303215027,Strong_Uptrend_HighVol
2024-12-02,Exclude_Strong_Downtrend_Bad_Regimes,104233.47733087104,0.0,0.0,0.3055686056613922,Strong_Uptrend_HighVol
2024-12-03,Exclude_Strong_Downtrend_Bad_Regimes,104233.47733087104,0.0,0.0,0.3819903135299682,Strong_Uptrend_HighVol
2024-12-04,Exclude_Strong_Downtrend_Bad_Regimes,104233.47733087104,0.0,0.0,0.4721872210502624,Strong_Uptrend_HighVol
2024-12-05,Exclude_Strong_Downtrend_Bad_Regimes,104233.47733087104,0.0,0.0,0.436297208070755,Strong_Uptrend_HighVol
2024-12-06,Exclude_Strong_Downtrend_Bad_Regimes,104233.47733087104,0.0,0.0,0.3573099076747894,Strong_Uptrend_HighVol
2024-12-09,Exclude_Strong_Downtrend_Bad_Regimes,104233.47733087104,0.0,0.0,0.4462079703807831,Strong_Uptrend_HighVol
2024-12-10,Exclude_Strong_Downtrend_Bad_Regimes,104233.47733087104,0.0,0.0,0.3232079446315765,Strong_Uptrend_HighVol
2024-12-11,Exclude_Strong_Downtrend_Bad_Regimes,104233.47733087104,0.0,0.0,0.3232079446315765,Strong_Uptrend_HighVol
2024-12-12,Exclude_Strong_Downtrend_Bad_Regimes,104233.47733087104,0.0,0.0,0.4023072421550751,Strong_Uptrend_HighVol
2024-12-13,Exclude_Strong_Downtrend_Bad_Regimes,104233.47733087104,0.0,0.0,0.4300086498260498,Strong_Uptrend_HighVol
2024-12-16,Exclude_Strong_Downtrend_Bad_Regimes,104233.47733087104,0.0,0.0,0.3563823699951172,Strong_Uptrend_HighVol
2024-12-17,Exclude_Strong_Downtrend_Bad_Regimes,104233.47733087104,0.0,0.0,0.415903240442276,Strong_Uptrend_HighVol
2024-12-18,Exclude_Strong_Downtrend_Bad_Regimes,104233.47733087104,0.0,0.0,0.3719558715820312,Strong_Uptrend_HighVol
2024-12-19,Exclude_Strong_Downtrend_Bad_Regimes,104233.47733087104,0.0,0.0,0.3065764605998993,Strong_Uptrend_HighVol
2024-12-20,Exclude_Strong_Downtrend_Bad_Regimes,104233.47733087104,0.0,0.0,0.568117082118988,Weak_Downtrend
2024-12-23,Exclude_Strong_Downtrend_Bad_Regimes,104233.47733087104,0.0,0.0,0.5576220750808716,Weak_Downtrend
2024-12-24,Exclude_Strong_Downtrend_Bad_Regimes,104233.47733087104,0.0,0.0,0.5937625169754028,Weak_Downtrend
2024-12-26,Exclude_Strong_Downtrend_Bad_Regimes,104233.47733087104,0.0,0.0,0.5832534432411194,Weak_Downtrend
2024-12-27,Exclude_Strong_Downtrend_Bad_Regimes,104233.47733087104,0.0,0.0,0.5656948685646057,Weak_Downtrend
2024-12-30,Exclude_Strong_Downtrend_Bad_Regimes,104233.47733087104,0.0,0.0,0.5315733551979065,Weak_Downtrend
2024-12-31,Exclude_Strong_Downtrend_Bad_Regimes,104233.47733087104,0.0,0.0,0.6027769446372986,Strong_Downtrend_LowVol
2025-01-01,Exclude_Strong_Downtrend_Bad_Regimes,104233.47733087104,0.0,0.0,0.3396520018577575,Strong_Downtrend_LowVol
2025-01-02,Exclude_Strong_Downtrend_Bad_Regimes,104233.47733087104,0.0,0.0,0.4462629556655884,Weak_Downtrend
2025-01-03,Exclude_Strong_Downtrend_Bad_Regimes,104233.47733087104,0.0,0.0,0.3802525699138641,Strong_Downtrend_LowVol
2025-01-06,Exclude_Strong_Downtrend_Bad_Regimes,104233.47733087104,0.0,0.0,0.6027769446372986,Strong_Downtrend_LowVol
2025-01-07,Exclude_Strong_Downtrend_Bad_Regimes,104233.47733087104,0.0,0.0,0.589745819568634,Strong_Downtrend_LowVol
2025-01-08,Exclude_Strong_Downtrend_Bad_Regimes,104233.47733087104,0.0,0.0,0.4721475541591644,Strong_Downtrend_LowVol
2025-01-09,Exclude_Strong_Downtrend_Bad_Regimes,104233.47733087104,0.0,0.0,0.5819497108459473,Strong_Downtrend_LowVol
2025-01-10,Exclude_Strong_Downtrend_Bad_Regimes,104233.47733087104,0.0,0.0,0.5834248661994934,Weak_Uptrend
2025-01-13,Exclude_Strong_Downtrend_Bad_Regimes,104233.47733087104,0.0,0.0,0.5351479053497314,Strong_Uptrend_HighVol
2025-01-14,Exclude_Strong_Downtrend_Bad_Regimes,104233.47733087104,0.0,0.0,0.6169790029525757,Weak_Uptrend
2025-01-15,Exclude_Strong_Downtrend_Bad_Regimes,104233.47733087104,0.0,0.0,0.6325839757919312,Weak_Uptrend
2025-01-16,Exclude_Strong_Downtrend_Bad_Regimes,104233.47733087104,0.0,0.0,0.6367969512939453,Weak_Downtrend
2025-01-17,Exclude_Strong_Downtrend_Bad_Regimes,104233.47733087104,0.0,0.0,0.5152623057365417,Strong_Downtrend_HighVol
2025-01-20,Exclude_Strong_Downtrend_Bad_Regimes,104233.47733087104,0.0,0.0,0.6982356905937195,Strong_Downtrend_HighVol
2025-01-21,Exclude_Strong_Downtrend_Bad_Regimes,104233.47733087104,0.0,0.0,0.6746646165847778,Strong_Downtrend_HighVol
2025-01-22,Exclude_Strong_Downtrend_Bad_Regimes,104233.47733087104,0.0,0.0,0.4914069771766662,Weak_Downtrend
2025-01-23,Exclude_Strong_Downtrend_Bad_Regimes,104233.47733087104,0.0,0.0,0.4914069771766662,Strong_Downtrend_HighVol
2025-01-24,Exclude_Strong_Downtrend_Bad_Regimes,104233.47733087104,0.0,0.0,0.4914069771766662,Weak_Downtrend
2025-01-27,Exclude_Strong_Downtrend_Bad_Regimes,104233.47733087104,0.0,0.0,0.5639668703079224,Strong_Downtrend_HighVol
2025-01-28,Exclude_Strong_Downtrend_Bad_Regimes,104233.47733087104,0.0,0.0,0.5229705572128296,Strong_Downtrend_HighVol
2025-01-29,Exclude_Strong_Downtrend_Bad_Regimes,104233.47733087104,0.0,0.0,0.592658281326294,Strong_Downtrend_HighVol
2025-01-30,Exclude_Strong_Downtrend_Bad_Regimes,104233.47733087104,0.0,0.0,0.592658281326294,Strong_Downtrend_HighVol
2025-01-31,Exclude_Strong_Downtrend_Bad_Regimes,104233.47733087104,0.0,0.0,0.5554901361465454,Strong_Downtrend_HighVol
2025-02-01,Exclude_Strong_Downtrend_Bad_Regimes,104183.5023183773,-0.000479452607487163,1.0,0.7181596755981445,Strong_Downtrend_HighVol
2025-02-03,Exclude_Strong_Downtrend_Bad_Regimes,104073.07792368832,-0.001059902885118258,1.0,0.7153918743133545,Strong_Downtrend_HighVol
2025-02-04,Exclude_Strong_Downtrend_Bad_Regimes,105015.36369533821,0.009054078061771387,1.0,0.5213248133659363,Strong_Downtrend_HighVol
2025-02-05,Exclude_Strong_Downtrend_Bad_Regimes,104623.97775213991,-0.003726939844095112,1.0,0.6626167893409729,Strong_Downtrend_HighVol
2025-02-06,Exclude_Strong_Downtrend_Bad_Regimes,104270.58385036739,-0.0033777524938856107,0.0,0.6966712474822998,Strong_Downtrend_LowVol
2025-02-07,Exclude_Strong_Downtrend_Bad_Regimes,104270.58385036739,0.0,0.0,0.6849414706230164,Strong_Downtrend_LowVol
2025-02-10,Exclude_Strong_Downtrend_Bad_Regimes,104270.58385036739,0.0,0.0,0.6849414706230164,Strong_Downtrend_LowVol
2025-02-11,Exclude_Strong_Downtrend_Bad_Regimes,104270.58385036739,0.0,0.0,0.5199754238128662,Strong_Downtrend_LowVol
2025-02-12,Exclude_Strong_Downtrend_Bad_Regimes,104270.58385036739,0.0,0.0,0.5351260304450989,Strong_Downtrend_LowVol
2025-02-13,Exclude_Strong_Downtrend_Bad_Regimes,104270.58385036739,0.0,0.0,0.8337576985359192,Strong_Downtrend_LowVol
2025-02-14,Exclude_Strong_Downtrend_Bad_Regimes,104270.58385036739,0.0,0.0,0.5098326802253723,Strong_Downtrend_LowVol
2025-02-17,Exclude_Strong_Downtrend_Bad_Regimes,104270.58385036739,0.0,0.0,0.8371390700340271,Strong_Downtrend_LowVol
2025-02-18,Exclude_Strong_Downtrend_Bad_Regimes,104270.58385036739,0.0,0.0,0.9005553126335144,Strong_Downtrend_LowVol
2025-02-19,Exclude_Strong_Downtrend_Bad_Regimes,104270.58385036739,0.0,0.0,0.9314850568771362,Strong_Downtrend_LowVol
2025-02-20,Exclude_Strong_Downtrend_Bad_Regimes,104270.58385036739,0.0,0.0,0.9293535351753236,Strong_Downtrend_LowVol
2025-02-21,Exclude_Strong_Downtrend_Bad_Regimes,104270.58385036739,0.0,0.0,0.9348692297935486,Strong_Downtrend_LowVol
2025-02-24,Exclude_Strong_Downtrend_Bad_Regimes,104270.58385036739,0.0,0.0,0.9287832975387572,Strong_Downtrend_LowVol
2025-02-25,Exclude_Strong_Downtrend_Bad_Regimes,104270.58385036739,0.0,0.0,0.9299870729446412,Strong_Downtrend_LowVol
2025-02-27,Exclude_Strong_Downtrend_Bad_Regimes,104270.58385036739,0.0,0.0,0.9354568123817444,Strong_Downtrend_LowVol
2025-02-28,Exclude_Strong_Downtrend_Bad_Regimes,104270.58385036739,0.0,0.0,0.9313012957572936,Strong_Downtrend_LowVol
2025-03-03,Exclude_Strong_Downtrend_Bad_Regimes,104270.58385036739,0.0,0.0,0.9012481570243835,Strong_Downtrend_LowVol
2025-03-04,Exclude_Strong_Downtrend_Bad_Regimes,104270.58385036739,0.0,0.0,0.9005647897720337,Strong_Downtrend_LowVol
2025-03-05,Exclude_Strong_Downtrend_Bad_Regimes,104270.58385036739,0.0,0.0,0.8894710540771484,Strong_Downtrend_LowVol
2025-03-06,Exclude_Strong_Downtrend_Bad_Regimes,104270.58385036739,0.0,0.0,0.8298525214195251,Strong_Downtrend_LowVol
2025-03-07,Exclude_Strong_Downtrend_Bad_Regimes,104270.58385036739,0.0,0.0,0.8402940034866333,Strong_Downtrend_LowVol
2025-03-10,Exclude_Strong_Downtrend_Bad_Regimes,104270.58385036739,0.0,0.0,0.8483890295028687,Strong_Downtrend_LowVol
2025-03-11,Exclude_Strong_Downtrend_Bad_Regimes,104270.58385036739,0.0,0.0,0.8764618635177612,Strong_Downtrend_LowVol
2025-03-12,Exclude_Strong_Downtrend_Bad_Regimes,104270.58385036739,0.0,0.0,0.8382480144500732,Strong_Downtrend_LowVol
2025-03-13,Exclude_Strong_Downtrend_Bad_Regimes,104270.58385036739,0.0,0.0,0.8172340989112854,Strong_Downtrend_LowVol
2025-03-17,Exclude_Strong_Downtrend_Bad_Regimes,104270.58385036739,0.0,0.0,0.8106125593185425,Strong_Downtrend_LowVol
2025-03-18,Exclude_Strong_Downtrend_Bad_Regimes,104270.58385036739,0.0,0.0,0.8179736733436584,Strong_Downtrend_LowVol
2025-03-20,Exclude_Strong_Downtrend_Bad_Regimes,104220.60883787365,-0.0004792819858518982,1.0,0.8013614416122437,Strong_Downtrend_HighVol
2025-03-21,Exclude_Strong_Downtrend_Bad_Regimes,104639.97721585562,0.004023852697256247,1.0,0.7974686622619629,Strong_Downtrend_HighVol
2025-03-24,Exclude_Strong_Downtrend_Bad_Regimes,106066.36798492054,0.013631413222907174,1.0,0.7744424939155579,Strong_Downtrend_HighVol
2025-03-25,Exclude_Strong_Downtrend_Bad_Regimes,106874.23902007374,0.007616655972118025,1.0,0.7823407053947449,Strong_Downtrend_HighVol
2025-03-26,Exclude_Strong_Downtrend_Bad_Regimes,106258.52028012952,-0.00576115203803762,1.0,0.8817691206932068,Strong_Downtrend_HighVol
2025-03-27,Exclude_Strong_Downtrend_Bad_Regimes,106637.44222141425,0.0035660381895568083,0.0,0.8777562975883484,Strong_Downtrend_LowVol
2025-03-28,Exclude_Strong_Downtrend_Bad_Regimes,106637.44222141425,0.0,0.0,0.88265460729599,Strong_Downtrend_LowVol
2025-04-01,Exclude_Strong_Downtrend_Bad_Regimes,106637.44222141425,0.0,0.0,0.9332331418991088,Strong_Downtrend_LowVol
2025-04-02,Exclude_Strong_Downtrend_Bad_Regimes,106637.44222141425,0.0,0.0,0.9217604398727416,Strong_Downtrend_LowVol
2025-04-03,Exclude_Strong_Downtrend_Bad_Regimes,106587.46720892051,-0.0004686441408635611,1.0,0.8700207471847534,Strong_Downtrend_HighVol
2025-04-04,Exclude_Strong_Downtrend_Bad_Regimes,103540.34457547081,-0.028588001134102203,1.0,0.84055495262146,Strong_Downtrend_HighVol
2025-04-07,Exclude_Strong_Downtrend_Bad_Regimes,102795.82301014941,-0.007190642144123016,1.0,0.8669483661651611,Strong_Downtrend_HighVol
2025-04-08,Exclude_Strong_Downtrend_Bad_Regimes,103350.91043377957,0.005399902519145794,1.0,0.7657562494277954,Strong_Downtrend_HighVol
2025-04-09,Exclude_Strong_Downtrend_Bad_Regimes,101989.62187759124,-0.013171519732867343,1.0,0.8892604112625122,Strong_Downtrend_HighVol
2025-04-11,Exclude_Strong_Downtrend_Bad_Regimes,101546.13417315115,-0.004348361100626197,1.0,0.921689748764038,Strong_Downtrend_HighVol
2025-04-15,Exclude_Strong_Downtrend_Bad_Regimes,102036.60934609886,0.004830072330586077,1.0,0.9234642386436462,Strong_Downtrend_HighVol
2025-04-16,Exclude_Strong_Downtrend_Bad_Regimes,102788.48054597242,0.007368641556122935,1.0,0.8622910380363464,Strong_Downtrend_HighVol
2025-04-17,Exclude_Strong_Downtrend_Bad_Regimes,103525.65964711683,0.007171806580161588,1.0,0.7736369371414185,Strong_Downtrend_HighVol
2025-04-21,Exclude_Strong_Downtrend_Bad_Regimes,104192.36113068741,0.006439963636485135,1.0,0.5356848835945129,Strong_Downtrend_HighVol
2025-04-22,Exclude_Strong_Downtrend_Bad_Regimes,103980.89242609004,-0.002029598929350729,1.0,0.7257519960403442,Strong_Downtrend_HighVol
2025-04-23,Exclude_Strong_Downtrend_Bad_Regimes,106732.69179170874,0.02646447151407827,0.0,0.3339495956897735,Strong_Downtrend_HighVol
2025-04-24,Exclude_Strong_Downtrend_Bad_Regimes,106732.69179170874,0.0,0.0,0.3408219814300537,Strong_Downtrend_HighVol
2025-04-25,Exclude_Strong_Downtrend_Bad_Regimes,106732.69179170874,0.0,0.0,0.3011215627193451,Strong_Downtrend_HighVol
2025-04-28,Exclude_Strong_Downtrend_Bad_Regimes,106732.69179170874,0.0,0.0,0.3011215627193451,Strong_Downtrend_HighVol
2025-04-29,Exclude_Strong_Downtrend_Bad_Regimes,106732.69179170874,0.0,0.0,0.3088956773281097,Strong_Downtrend_HighVol
2025-04-30,Exclude_Strong_Downtrend_Bad_Regimes,106732.69179170874,0.0,0.0,0.3119304180145263,Strong_Downtrend_HighVol
2025-05-02,Exclude_Strong_Downtrend_Bad_Regimes,106732.69179170874,0.0,0.0,0.3195918798446655,Strong_Downtrend_HighVol
2025-05-05,Exclude_Strong_Downtrend_Bad_Regimes,106732.69179170874,0.0,0.0,0.0899633169174194,Strong_Downtrend_HighVol
2025-05-06,Exclude_Strong_Downtrend_Bad_Regimes,106732.69179170874,0.0,0.0,0.0826934874057769,Strong_Downtrend_HighVol
2025-05-07,Exclude_Strong_Downtrend_Bad_Regimes,106732.69179170874,0.0,0.0,0.0829680934548378,Strong_Downtrend_LowVol
2025-05-08,Exclude_Strong_Downtrend_Bad_Regimes,106732.69179170874,0.0,0.0,0.081339031457901,Strong_Downtrend_LowVol
2025-05-09,Exclude_Strong_Downtrend_Bad_Regimes,106732.69179170874,0.0,0.0,0.0826145634055137,Strong_Downtrend_LowVol
2025-05-12,Exclude_Strong_Downtrend_Bad_Regimes,106732.69179170874,0.0,0.0,0.2193900197744369,Strong_Uptrend_HighVol
2025-05-13,Exclude_Strong_Downtrend_Bad_Regimes,106732.69179170874,0.0,0.0,0.1284363120794296,Weak_Uptrend
2025-05-14,Exclude_Strong_Downtrend_Bad_Regimes,106732.69179170874,0.0,0.0,0.1629817634820938,Strong_Uptrend_HighVol
2025-05-15,Exclude_Strong_Downtrend_Bad_Regimes,106732.69179170874,0.0,0.0,0.2577900290489197,Strong_Uptrend_HighVol
2025-05-16,Exclude_Strong_Downtrend_Bad_Regimes,106732.69179170874,0.0,0.0,0.2359750717878341,Strong_Uptrend_HighVol
2025-05-19,Exclude_Strong_Downtrend_Bad_Regimes,106732.69179170874,0.0,0.0,0.1506282389163971,Weak_Uptrend
2025-05-20,Exclude_Strong_Downtrend_Bad_Regimes,106732.69179170874,0.0,0.0,0.1483691036701202,Weak_Uptrend
2025-05-21,Exclude_Strong_Downtrend_Bad_Regimes,106732.69179170874,0.0,0.0,0.1527998149394989,Weak_Uptrend
2025-05-22,Exclude_Strong_Downtrend_Bad_Regimes,106732.69179170874,0.0,0.0,0.1515970677137375,Weak_Uptrend
2025-05-23,Exclude_Strong_Downtrend_Bad_Regimes,106732.69179170874,0.0,0.0,0.1452295333147049,Weak_Uptrend
2025-05-26,Exclude_Strong_Downtrend_Bad_Regimes,106732.69179170874,0.0,0.0,0.1492395401000976,Strong_Uptrend_HighVol
2025-05-27,Exclude_Strong_Downtrend_Bad_Regimes,106732.69179170874,0.0,0.0,0.1209469586610794,Weak_Uptrend
2025-05-28,Exclude_Strong_Downtrend_Bad_Regimes,106732.69179170874,0.0,0.0,0.1188810318708419,Weak_Uptrend
2025-05-29,Exclude_Strong_Downtrend_Bad_Regimes,106732.69179170874,0.0,0.0,0.1247487217187881,Weak_Uptrend
2025-05-30,Exclude_Strong_Downtrend_Bad_Regimes,106732.69179170874,0.0,0.0,0.1277496218681335,Weak_Downtrend
2025-06-02,Exclude_Strong_Downtrend_Bad_Regimes,106732.69179170874,0.0,0.0,0.1162265315651893,Weak_Downtrend
2025-06-03,Exclude_Strong_Downtrend_Bad_Regimes,106732.69179170874,0.0,0.0,0.0950516462326049,Strong_Downtrend_HighVol
2025-06-04,Exclude_Strong_Downtrend_Bad_Regimes,106732.69179170874,0.0,0.0,0.0978474020957946,Strong_Downtrend_HighVol
2025-06-05,Exclude_Strong_Downtrend_Bad_Regimes,106732.69179170874,0.0,0.0,0.1197066605091095,Strong_Downtrend_HighVol
2025-06-06,Exclude_Strong_Downtrend_Bad_Regimes,106732.69179170874,0.0,0.0,0.1163363680243492,Strong_Downtrend_HighVol
2025-06-09,Exclude_Strong_Downtrend_Bad_Regimes,106732.69179170874,0.0,0.0,0.1302157342433929,Weak_Downtrend
2025-06-10,Exclude_Strong_Downtrend_Bad_Regimes,106732.69179170874,0.0,0.0,0.1550361812114715,Weak_Uptrend
2025-06-11,Exclude_Strong_Downtrend_Bad_Regimes,106732.69179170874,0.0,0.0,0.1032899543642997,Strong_Uptrend_LowVol
2025-06-12,Exclude_Strong_Downtrend_Bad_Regimes,106732.69179170874,0.0,0.0,0.1089804843068122,Weak_Downtrend
2025-06-13,Exclude_Strong_Downtrend_Bad_Regimes,106732.69179170874,0.0,0.0,0.0992893651127815,Weak_Uptrend
2025-06-16,Exclude_Strong_Downtrend_Bad_Regimes,106732.69179170874,0.0,0.0,0.0993753224611282,Strong_Uptrend_LowVol
2025-06-17,Exclude_Strong_Downtrend_Bad_Regimes,106732.69179170874,0.0,0.0,0.1051598191261291,Strong_Uptrend_LowVol
2025-06-18,Exclude_Strong_Downtrend_Bad_Regimes,106732.69179170874,0.0,0.0,0.0958040654659271,Weak_Uptrend
2025-06-19,Exclude_Strong_Downtrend_Bad_Regimes,106732.69179170874,0.0,0.0,0.1013682037591934,Weak_Downtrend
2025-06-20,Exclude_Strong_Downtrend_Bad_Regimes,106732.69179170874,0.0,0.0,0.3934091031551361,Weak_Downtrend
2025-06-23,Exclude_Strong_Downtrend_Bad_Regimes,106732.69179170874,0.0,0.0,0.3587758839130401,Strong_Downtrend_LowVol
2025-06-24,Exclude_Strong_Downtrend_Bad_Regimes,106732.69179170874,0.0,0.0,0.3609920144081116,Strong_Downtrend_LowVol
2025-06-25,Exclude_Strong_Downtrend_Bad_Regimes,106732.69179170874,0.0,0.0,0.4100512862205505,Weak_Downtrend
2025-06-26,Exclude_Strong_Downtrend_Bad_Regimes,106732.69179170874,0.0,0.0,0.4143960773944855,Weak_Downtrend
2025-06-27,Exclude_Strong_Downtrend_Bad_Regimes,106732.69179170874,0.0,0.0,0.4194229245185852,Weak_Downtrend
2025-06-30,Exclude_Strong_Downtrend_Bad_Regimes,106732.69179170874,0.0,0.0,0.428266316652298,Weak_Uptrend
2025-07-01,Exclude_Strong_Downtrend_Bad_Regimes,106732.69179170874,0.0,0.0,0.4627661406993866,Weak_Downtrend
2025-07-02,Exclude_Strong_Downtrend_Bad_Regimes,106732.69179170874,0.0,0.0,0.4256802499294281,Strong_Downtrend_LowVol
2025-07-03,Exclude_Strong_Downtrend_Bad_Regimes,106732.69179170874,0.0,0.0,0.4410309493541717,Strong_Downtrend_LowVol
2025-07-04,Exclude_Strong_Downtrend_Bad_Regimes,106732.69179170874,0.0,0.0,0.4267217218875885,Strong_Downtrend_LowVol
2025-07-07,Exclude_Strong_Downtrend_Bad_Regimes,106732.69179170874,0.0,0.0,0.4858576357364654,Strong_Downtrend_LowVol
2025-07-08,Exclude_Strong_Downtrend_Bad_Regimes,106732.69179170874,0.0,0.0,0.4988323450088501,Strong_Downtrend_LowVol
2025-07-09,Exclude_Strong_Downtrend_Bad_Regimes,106732.69179170874,0.0,0.0,0.5903850197792053,Strong_Downtrend_LowVol
2025-07-10,Exclude_Strong_Downtrend_Bad_Regimes,106732.69179170874,0.0,0.0,0.5856637954711914,Strong_Downtrend_LowVol
2025-07-11,Exclude_Strong_Downtrend_Bad_Regimes,106732.69179170874,0.0,0.0,0.6179961562156677,Strong_Downtrend_LowVol
2025-07-14,Exclude_Strong_Downtrend_Bad_Regimes,106732.69179170874,0.0,0.0,0.7899230122566223,Strong_Downtrend_LowVol
2025-07-15,Exclude_Strong_Downtrend_Bad_Regimes,106732.69179170874,0.0,0.0,0.6237364411354065,Strong_Downtrend_LowVol
2025-07-16,Exclude_Strong_Downtrend_Bad_Regimes,106732.69179170874,0.0,0.0,0.6595312356948853,Strong_Downtrend_LowVol
2025-07-17,Exclude_Strong_Downtrend_Bad_Regimes,106732.69179170874,0.0,0.0,0.8487604260444641,Strong_Downtrend_LowVol
2025-07-18,Exclude_Strong_Downtrend_Bad_Regimes,106732.69179170874,0.0,0.0,0.855604350566864,Strong_Downtrend_LowVol
2025-07-21,Exclude_Strong_Downtrend_Bad_Regimes,106732.69179170874,0.0,0.0,0.9633575081825256,Strong_Downtrend_LowVol
2025-07-22,Exclude_Strong_Downtrend_Bad_Regimes,106732.69179170874,0.0,0.0,0.9082272052764891,Strong_Downtrend_LowVol
2025-07-23,Exclude_Strong_Downtrend_Bad_Regimes,106732.69179170874,0.0,0.0,0.9015192985534668,Strong_Downtrend_LowVol
2025-07-24,Exclude_Strong_Downtrend_Bad_Regimes,106732.69179170874,0.0,0.0,0.8990585207939148,Strong_Downtrend_LowVol
2025-07-25,Exclude_Strong_Downtrend_Bad_Regimes,106732.69179170874,0.0,0.0,0.8785457611083984,Strong_Downtrend_LowVol
2025-07-28,Exclude_Strong_Downtrend_Bad_Regimes,106732.69179170874,0.0,0.0,0.9403479695320128,Strong_Downtrend_LowVol
2025-07-29,Exclude_Strong_Downtrend_Bad_Regimes,106732.69179170874,0.0,0.0,0.9349173903465272,Strong_Downtrend_LowVol
2025-07-30,Exclude_Strong_Downtrend_Bad_Regimes,106732.69179170874,0.0,0.0,0.9206264019012452,Strong_Downtrend_LowVol
2025-07-31,Exclude_Strong_Downtrend_Bad_Regimes,106732.69179170874,0.0,0.0,0.9206264019012452,Strong_Downtrend_LowVol
2025-08-01,Exclude_Strong_Downtrend_Bad_Regimes,106732.69179170874,0.0,0.0,0.9125279784202576,Strong_Downtrend_LowVol
2025-08-04,Exclude_Strong_Downtrend_Bad_Regimes,106732.69179170874,0.0,0.0,0.9366900324821472,Strong_Downtrend_LowVol
2025-08-05,Exclude_Strong_Downtrend_Bad_Regimes,106732.69179170874,0.0,0.0,0.941231369972229,Strong_Downtrend_LowVol
2025-08-06,Exclude_Strong_Downtrend_Bad_Regimes,106732.69179170874,0.0,0.0,0.941231369972229,Strong_Downtrend_LowVol
2025-08-07,Exclude_Strong_Downtrend_Bad_Regimes,106732.69179170874,0.0,0.0,0.987498104572296,Strong_Downtrend_LowVol
2025-08-08,Exclude_Strong_Downtrend_Bad_Regimes,106732.69179170874,0.0,0.0,0.9880080223083496,Strong_Downtrend_LowVol
2025-08-11,Exclude_Strong_Downtrend_Bad_Regimes,106732.69179170874,0.0,0.0,0.9852622151374816,Strong_Downtrend_LowVol
2025-08-12,Exclude_Strong_Downtrend_Bad_Regimes,106732.69179170874,0.0,0.0,0.9842133522033693,Strong_Downtrend_LowVol
2025-08-13,Exclude_Strong_Downtrend_Bad_Regimes,106732.69179170874,0.0,0.0,0.9842133522033693,Strong_Downtrend_LowVol
2025-08-14,Exclude_Strong_Downtrend_Bad_Regimes,106732.69179170874,0.0,0.0,0.9842133522033693,Strong_Downtrend_LowVol
2025-08-18,Exclude_Strong_Downtrend_Bad_Regimes,106732.69179170874,0.0,0.0,0.9858249425888062,Strong_Downtrend_LowVol
2025-08-19,Exclude_Strong_Downtrend_Bad_Regimes,106732.69179170874,0.0,0.0,0.986070454120636,Strong_Downtrend_LowVol
2025-08-20,Exclude_Strong_Downtrend_Bad_Regimes,106732.69179170874,0.0,0.0,0.9712477922439576,Strong_Downtrend_LowVol
2025-08-21,Exclude_Strong_Downtrend_Bad_Regimes,106732.69179170874,0.0,0.0,0.9708141684532166,Strong_Downtrend_LowVol
2025-08-22,Exclude_Strong_Downtrend_Bad_Regimes,106732.69179170874,0.0,0.0,0.9770167469978333,Strong_Downtrend_LowVol
2025-08-25,Exclude_Strong_Downtrend_Bad_Regimes,106732.69179170874,0.0,0.0,0.9736238718032836,Strong_Downtrend_LowVol
2025-08-26,Exclude_Strong_Downtrend_Bad_Regimes,106732.69179170874,0.0,0.0,0.971051812171936,Strong_Downtrend_LowVol
2025-08-28,Exclude_Strong_Downtrend_Bad_Regimes,106732.69179170874,0.0,0.0,0.9713123440742492,Strong_Downtrend_LowVol
2025-08-29,Exclude_Strong_Downtrend_Bad_Regimes,106732.69179170874,0.0,0.0,0.9690134525299072,Strong_Downtrend_LowVol
2025-09-01,Exclude_Strong_Downtrend_Bad_Regimes,106732.69179170874,0.0,0.0,0.9727265238761902,Strong_Downtrend_LowVol
2025-09-02,Exclude_Strong_Downtrend_Bad_Regimes,106732.69179170874,0.0,0.0,0.9643352627754213,Strong_Downtrend_LowVol
2025-09-03,Exclude_Strong_Downtrend_Bad_Regimes,106732.69179170874,0.0,0.0,0.9579710960388184,Strong_Downtrend_LowVol
2025-09-04,Exclude_Strong_Downtrend_Bad_Regimes,106732.69179170874,0.0,0.0,0.9535793662071228,Strong_Downtrend_LowVol
2025-09-05,Exclude_Strong_Downtrend_Bad_Regimes,106732.69179170874,0.0,0.0,0.9670253992080688,Strong_Downtrend_LowVol
2025-09-08,Exclude_Strong_Downtrend_Bad_Regimes,106732.69179170874,0.0,0.0,0.9691795706748962,Strong_Downtrend_LowVol
2025-09-09,Exclude_Strong_Downtrend_Bad_Regimes,106732.69179170874,0.0,0.0,0.9670253992080688,Strong_Downtrend_LowVol
2025-09-10,Exclude_Strong_Downtrend_Bad_Regimes,106732.69179170874,0.0,0.0,0.9643352627754213,Weak_Downtrend
2025-09-11,Exclude_Strong_Downtrend_Bad_Regimes,106732.69179170874,0.0,0.0,0.9641016721725464,Weak_Downtrend
2025-09-12,Exclude_Strong_Downtrend_Bad_Regimes,106732.69179170874,0.0,0.0,0.9628449082374572,Weak_Downtrend
2025-09-15,Exclude_Strong_Downtrend_Bad_Regimes,106732.69179170874,0.0,0.0,0.9638316035270692,Weak_Downtrend
2025-09-16,Exclude_Strong_Downtrend_Bad_Regimes,106682.716779215,-0.00046822591705331096,1.0,0.956531822681427,Weak_Uptrend
2025-09-17,Exclude_Strong_Downtrend_Bad_Regimes,107543.78283127028,0.00807127975412647,1.0,0.937637746334076,Strong_Uptrend_LowVol
2025-09-18,Exclude_Strong_Downtrend_Bad_Regimes,107667.69653656866,0.0011522163535273577,1.0,0.9417906999588012,Strong_Uptrend_LowVol
2025-09-19,Exclude_Strong_Downtrend_Bad_Regimes,107429.3949823702,-0.002213305957720846,1.0,0.942858338356018,Strong_Uptrend_LowVol
2025-09-22,Exclude_Strong_Downtrend_Bad_Regimes,104080.92929684355,-0.031168989512378342,0.0,0.9547319412231444,Weak_Downtrend
2025-09-23,Exclude_Strong_Downtrend_Bad_Regimes,104080.92929684355,0.0,0.0,0.9566178917884828,Strong_Downtrend_LowVol
2025-09-24,Exclude_Strong_Downtrend_Bad_Regimes,104080.92929684355,0.0,0.0,0.9583116769790648,Strong_Downtrend_LowVol
2025-09-25,Exclude_Strong_Downtrend_Bad_Regimes,104080.92929684355,0.0,0.0,0.9579023718833924,Strong_Downtrend_LowVol
2025-09-26,Exclude_Strong_Downtrend_Bad_Regimes,104080.92929684355,0.0,0.0,0.9653401374816896,Strong_Downtrend_LowVol
2025-09-29,Exclude_Strong_Downtrend_Bad_Regimes,104080.92929684355,0.0,0.0,0.962936282157898,Strong_Downtrend_LowVol
2025-09-30,Exclude_Strong_Downtrend_Bad_Regimes,104080.92929684355,0.0,0.0,0.962936282157898,Strong_Downtrend_LowVol
2025-10-01,Exclude_Strong_Downtrend_Bad_Regimes,104080.92929684355,0.0,0.0,0.962936282157898,Strong_Downtrend_LowVol
2025-10-03,Exclude_Strong_Downtrend_Bad_Regimes,104080.92929684355,0.0,0.0,0.962936282157898,Strong_Downtrend_LowVol
2025-10-06,Exclude_Strong_Downtrend_Bad_Regimes,104030.9542843498,-0.00048015532558520757,1.0,0.968123733997345,Strong_Downtrend_HighVol
2025-10-07,Exclude_Strong_Downtrend_Bad_Regimes,103539.29970833682,-0.0047260411999021645,1.0,0.9727320671081544,Strong_Downtrend_HighVol
2025-10-08,Exclude_Strong_Downtrend_Bad_Regimes,105223.45838564969,0.016265888238157222,0.0,0.9827795028686525,Weak_Downtrend
2025-10-09,Exclude_Strong_Downtrend_Bad_Regimes,105173.48337315595,-0.000474941740753132,1.0,0.9763903617858888,Weak_Uptrend
2025-10-10,Exclude_Strong_Downtrend_Bad_Regimes,103865.73497493236,-0.01243420257921557,0.0,0.977544903755188,Weak_Downtrend
2025-10-13,Exclude_Strong_Downtrend_Bad_Regimes,103815.7599624386,-0.00048115013585392497,1.0,0.9746813774108888,Strong_Downtrend_HighVol
2025-10-14,Exclude_Strong_Downtrend_Bad_Regimes,102256.95227180178,-0.015015135382150158,1.0,0.9604268074035645,Strong_Downtrend_HighVol
2025-10-15,Exclude_Strong_Downtrend_Bad_Regimes,102572.70288792269,0.0030878156360618636,1.0,0.9647738337516784,Strong_Downtrend_HighVol
2025-10-16,Exclude_Strong_Downtrend_Bad_Regimes,102602.61285839509,0.00029159776071319143,1.0,0.9654051661491394,Strong_Downtrend_HighVol
2025-10-17,Exclude_Strong_Downtrend_Bad_Regimes,102320.09914923426,-0.0027534748023496647,1.0,0.9611329436302184,Strong_Downtrend_HighVol
2025-10-20,Exclude_Strong_Downtrend_Bad_Regimes,103934.20352001583,0.01577504697710852,0.0,0.9703359007835388,Weak_Downtrend
2025-10-21,Exclude_Strong_Downtrend_Bad_Regimes,103934.20352001583,0.0,0.0,0.9728695750236512,Weak_Downtrend
2025-10-23,Exclude_Strong_Downtrend_Bad_Regimes,103884.22850752207,-0.00048083316945923826,1.0,0.9475018382072448,Weak_Uptrend
2025-10-24,Exclude_Strong_Downtrend_Bad_Regimes,103558.99739150115,-0.0031307073334753133,1.0,0.9506400227546692,Weak_Uptrend
2025-10-27,Exclude_Strong_Downtrend_Bad_Regimes,104264.74732522399,0.006814955257385957,1.0,0.9327623844146729,Weak_Uptrend
2025-10-28,Exclude_Strong_Downtrend_Bad_Regimes,103386.62331196752,-0.008422060531326214,1.0,0.9506400227546692,Weak_Uptrend
2025-10-29,Exclude_Strong_Downtrend_Bad_Regimes,103376.87273065711,-9.43118267919818e-05,1.0,0.9506400227546692,Weak_Uptrend
2025-10-30,Exclude_Strong_Downtrend_Bad_Regimes,102445.24444214524,-0.009011960450179046,0.0,0.9624971151351928,Weak_Downtrend
2025-10-31,Exclude_Strong_Downtrend_Bad_Regimes,102395.26942965148,-0.000487821692123358,1.0,0.9663246273994446,Weak_Uptrend
2025-11-03,Exclude_Strong_Downtrend_Bad_Regimes,100860.84071791726,-0.01498534766577686,0.0,0.9699298739433287,Weak_Downtrend
2025-11-04,Exclude_Strong_Downtrend_Bad_Regimes,100860.84071791726,0.0,0.0,0.966317057609558,Strong_Downtrend_LowVol
2025-11-06,Exclude_Strong_Downtrend_Bad_Regimes,100860.84071791726,0.0,0.0,0.963252067565918,Strong_Downtrend_LowVol
2025-11-07,Exclude_Strong_Downtrend_Bad_Regimes,100860.84071791726,0.0,0.0,0.9678396582603456,Strong_Downtrend_LowVol
2025-11-10,Exclude_Strong_Downtrend_Bad_Regimes,100860.84071791726,0.0,0.0,0.9661006927490234,Weak_Downtrend
2025-11-11,Exclude_Strong_Downtrend_Bad_Regimes,100810.86570542352,-0.0004954847901130766,1.0,0.9406864643096924,Weak_Uptrend
2025-11-12,Exclude_Strong_Downtrend_Bad_Regimes,103592.5417800257,0.027593018422542137,1.0,0.8606312274932861,Strong_Uptrend_LowVol
2025-11-13,Exclude_Strong_Downtrend_Bad_Regimes,102736.38640985225,-0.008264642950758572,1.0,0.8599051833152771,Strong_Uptrend_LowVol
2025-11-14,Exclude_Strong_Downtrend_Bad_Regimes,102746.22884105294,9.580277781462421e-05,1.0,0.8599051833152771,Strong_Uptrend_LowVol
2025-11-17,Exclude_Strong_Downtrend_Bad_Regimes,102621.5767323149,-0.0012132037364687154,1.0,0.8599051833152771,Strong_Uptrend_LowVol
2025-11-18,Exclude_Strong_Downtrend_Bad_Regimes,102126.25978574633,-0.004826635512145683,1.0,0.9306931495666504,Strong_Uptrend_LowVol
2025-11-19,Exclude_Strong_Downtrend_Bad_Regimes,104114.1025403003,0.01946456042475586,1.0,0.8328841328620911,Strong_Uptrend_LowVol
2025-11-20,Exclude_Strong_Downtrend_Bad_Regimes,104018.97772516438,-0.0009136592720385694,1.0,0.9005966186523438,Strong_Uptrend_LowVol
2025-11-21,Exclude_Strong_Downtrend_Bad_Regimes,104209.23536392378,0.0018290666080384987,1.0,0.9034711718559264,Strong_Uptrend_LowVol
2025-11-24,Exclude_Strong_Downtrend_Bad_Regimes,103900.88456773096,-0.002958958436994452,1.0,0.91062593460083,Strong_Uptrend_LowVol
2025-11-25,Exclude_Strong_Downtrend_Bad_Regimes,103179.22373749624,-0.006945665893385966,1.0,0.9159547090530396,Strong_Uptrend_LowVol
2025-11-26,Exclude_Strong_Downtrend_Bad_Regimes,104612.70296676496,0.013893099573182521,1.0,0.9081119894981384,Strong_Uptrend_LowVol
2025-11-27,Exclude_Strong_Downtrend_Bad_Regimes,103749.9966537744,-0.008246668793794876,1.0,0.9089021682739258,Strong_Uptrend_LowVol
2025-11-28,Exclude_Strong_Downtrend_Bad_Regimes,103779.515938889,0.00028452323919681,1.0,0.91062593460083,Strong_Uptrend_LowVol
2025-12-01,Exclude_Strong_Downtrend_Bad_Regimes,103645.02139895024,-0.001295964224943602,1.0,0.9055212140083312,Strong_Uptrend_LowVol
2025-12-02,Exclude_Strong_Downtrend_Bad_Regimes,103720.46936017228,0.0007279458309110698,1.0,0.9086408615112304,Strong_Uptrend_LowVol
2025-12-03,Exclude_Strong_Downtrend_Bad_Regimes,105173.6334518424,0.014010388697952791,1.0,0.9030855298042296,Strong_Uptrend_LowVol
2025-12-04,Exclude_Strong_Downtrend_Bad_Regimes,106787.52788866978,0.01534504784002122,1.0,0.8852713108062744,Strong_Uptrend_LowVol
2025-12-05,Exclude_Strong_Downtrend_Bad_Regimes,107082.75277376578,0.0027646008006083633,1.0,0.8541183471679688,Strong_Uptrend_LowVol
2025-12-08,Exclude_Strong_Downtrend_Bad_Regimes,107026.98967494516,-0.0005207477149792306,1.0,0.9100547432899476,Strong_Uptrend_LowVol
2025-12-09,Exclude_Strong_Downtrend_Bad_Regimes,106101.95330334183,-0.008643019619750003,1.0,0.9096060395240784,Strong_Uptrend_LowVol
2025-12-10,Exclude_Strong_Downtrend_Bad_Regimes,105475.41728824304,-0.005905037519031708,1.0,0.9117956757545472,Strong_Uptrend_LowVol
2025-12-11,Exclude_Strong_Downtrend_Bad_Regimes,105563.98315207432,0.000839682516630802,1.0,0.911511480808258,Strong_Uptrend_LowVol
2025-12-12,Exclude_Strong_Downtrend_Bad_Regimes,106502.14543477446,0.00888714365152965,1.0,0.9147669672966005,Strong_Uptrend_LowVol
2025-12-15,Exclude_Strong_Downtrend_Bad_Regimes,106820.33065368043,0.0029875944527413267,1.0,0.9173659682273864,Strong_Uptrend_LowVol
2025-12-16,Exclude_Strong_Downtrend_Bad_Regimes,105996.9860570052,-0.007707751807514818,1.0,0.915477454662323,Strong_Uptrend_LowVol
2025-12-17,Exclude_Strong_Downtrend_Bad_Regimes,106413.57957094315,0.003930239240141464,1.0,0.912119209766388,Strong_Uptrend_LowVol
2025-12-18,Exclude_Strong_Downtrend_Bad_Regimes,108480.15376661527,0.019420211255034348,1.0,0.8625403046607971,Strong_Uptrend_LowVol
2025-12-19,Exclude_Strong_Downtrend_Bad_Regimes,108519.51548293055,0.0003628471655743315,1.0,0.8110222816467285,Strong_Uptrend_LowVol
2025-12-22,Exclude_Strong_Downtrend_Bad_Regimes,109926.7508984932,0.012967579234944182,1.0,0.7777234315872192,Strong_Uptrend_LowVol
2025-12-23,Exclude_Strong_Downtrend_Bad_Regimes,109437.99290322927,-0.004446215241231455,1.0,0.6881771087646484,Strong_Uptrend_LowVol
2025-12-24,Exclude_Strong_Downtrend_Bad_Regimes,109733.21778832529,0.002697645280803629,1.0,0.6359147429466248,Strong_Uptrend_LowVol
2025-12-26,Exclude_Strong_Downtrend_Bad_Regimes,108453.90995290923,-0.011658346134384101,1.0,0.5904250741004944,Strong_Uptrend_LowVol
2025-12-29,Exclude_Strong_Downtrend_Bad_Regimes,107519.03115010518,-0.008620056235962181,1.0,0.6342337727546692,Strong_Uptrend_LowVol
2025-12-30,Exclude_Strong_Downtrend_Bad_Regimes,107364.85975625255,-0.0014338986522058894,1.0,0.6397947669029236,Strong_Uptrend_LowVol
2025-12-31,Exclude_Strong_Downtrend_Bad_Regimes,106033.0642934244,-0.012404388790258736,1.0,0.6781485676765442,Strong_Uptrend_LowVol
2026-01-01,Exclude_Strong_Downtrend_Bad_Regimes,106728.48130995306,0.00655849211906423,1.0,0.6353537440299988,Strong_Uptrend_LowVol
2026-01-02,Exclude_Strong_Downtrend_Bad_Regimes,107492.78733639914,0.00716121898358546,1.0,0.6343141794204712,Strong_Uptrend_LowVol
2026-01-05,Exclude_Strong_Downtrend_Bad_Regimes,106357.81647212256,-0.010558576927814478,1.0,0.7173580527305603,Strong_Uptrend_LowVol
2026-01-06,Exclude_Strong_Downtrend_Bad_Regimes,107660.08464134856,0.012244216856100332,1.0,0.7044039964675903,Strong_Uptrend_LowVol
2026-01-07,Exclude_Strong_Downtrend_Bad_Regimes,108965.63629047068,0.012126608050433418,1.0,0.6318003535270691,Strong_Uptrend_LowVol
2026-01-08,Exclude_Strong_Downtrend_Bad_Regimes,105957.61633220233,-0.027605216292683643,1.0,0.8231950402259827,Weak_Uptrend
2026-01-09,Exclude_Strong_Downtrend_Bad_Regimes,106085.5519208365,0.0012074222982996208,1.0,0.8598480820655823,Weak_Uptrend
2026-01-12,Exclude_Strong_Downtrend_Bad_Regimes,107128.68144987326,0.009832908536076213,1.0,0.8318573236465454,Strong_Uptrend_LowVol
2026-01-13,Exclude_Strong_Downtrend_Bad_Regimes,108060.27677278122,0.008696040222840429,1.0,0.8175870180130005,Strong_Uptrend_LowVol
2026-01-14,Exclude_Strong_Downtrend_Bad_Regimes,105583.66801447576,-0.022918771192054543,1.0,0.827639102935791,Weak_Uptrend
2026-01-15,Exclude_Strong_Downtrend_Bad_Regimes,105583.66801447576,0.0,1.0,0.8406797647476196,Weak_Uptrend
2026-01-19,Exclude_Strong_Downtrend_Bad_Regimes,104516.87532674657,-0.010103766120181823,0.0,0.869513213634491,Weak_Downtrend
2026-01-20,Exclude_Strong_Downtrend_Bad_Regimes,104516.87532674657,0.0,0.0,0.8401575088500977,Strong_Downtrend_LowVol
2026-01-21,Exclude_Strong_Downtrend_Bad_Regimes,104516.87532674657,0.0,0.0,0.8438032865524292,Strong_Downtrend_LowVol
2026-01-22,Exclude_Strong_Downtrend_Bad_Regimes,104516.87532674657,0.0,0.0,0.8300250172615051,Strong_Downtrend_LowVol
2026-01-23,Exclude_Strong_Downtrend_Bad_Regimes,104516.87532674657,0.0,0.0,0.8224173784255981,Weak_Downtrend
2026-01-27,Exclude_Strong_Downtrend_Bad_Regimes,104516.87532674657,0.0,0.0,0.8477258086204529,Strong_Downtrend_LowVol
2026-01-28,Exclude_Strong_Downtrend_Bad_Regimes,104516.87532674657,0.0,0.0,0.9137017726898192,Weak_Downtrend
2026-01-29,Exclude_Strong_Downtrend_Bad_Regimes,104516.87532674657,0.0,0.0,0.8514362573623657,Strong_Downtrend_LowVol
2026-01-30,Exclude_Strong_Downtrend_Bad_Regimes,104516.87532674657,0.0,0.0,0.8841233253479004,Strong_Downtrend_LowVol
2026-02-02,Exclude_Strong_Downtrend_Bad_Regimes,104516.87532674657,0.0,0.0,0.8755874633789062,Weak_Downtrend
2026-02-03,Exclude_Strong_Downtrend_Bad_Regimes,104466.90031425281,-0.0004781525695015665,1.0,0.8813784718513489,Weak_Uptrend
2026-02-04,Exclude_Strong_Downtrend_Bad_Regimes,97457.10574335197,-0.0671006275654229,1.0,0.5002995729446411,Strong_Downtrend_HighVol
2026-02-05,Exclude_Strong_Downtrend_Bad_Regimes,96735.28893502694,-0.007406507743272228,0.0,0.4957831799983978,Strong_Downtrend_HighVol
2026-02-06,Exclude_Strong_Downtrend_Bad_Regimes,96735.28893502694,0.0,0.0,0.5736830234527588,Strong_Downtrend_HighVol
2026-02-09,Exclude_Strong_Downtrend_Bad_Regimes,96735.28893502694,0.0,0.0,0.5795756578445435,Strong_Downtrend_HighVol
2026-02-10,Exclude_Strong_Downtrend_Bad_Regimes,96735.28893502694,0.0,0.0,0.6162283420562744,Strong_Downtrend_HighVol
2026-02-11,Exclude_Strong_Downtrend_Bad_Regimes,96735.28893502694,0.0,0.0,0.6090642809867859,Strong_Downtrend_HighVol
2026-02-12,Exclude_Strong_Downtrend_Bad_Regimes,96735.28893502694,0.0,0.0,0.575156569480896,Strong_Downtrend_HighVol
2026-02-13,Exclude_Strong_Downtrend_Bad_Regimes,96735.28893502694,0.0,0.0,0.6834486126899719,Strong_Downtrend_HighVol
2026-02-16,Exclude_Strong_Downtrend_Bad_Regimes,96735.28893502694,0.0,0.0,0.6886090040206909,Strong_Downtrend_HighVol
2026-02-17,Exclude_Strong_Downtrend_Bad_Regimes,96735.28893502694,0.0,0.0,0.6886090040206909,Strong_Downtrend_HighVol
2026-02-18,Exclude_Strong_Downtrend_Bad_Regimes,96735.28893502694,0.0,0.0,0.6886090040206909,Strong_Downtrend_HighVol
2026-02-19,Exclude_Strong_Downtrend_Bad_Regimes,96735.28893502694,0.0,0.0,0.6999552249908447,Strong_Downtrend_HighVol
2026-02-20,Exclude_Strong_Downtrend_Bad_Regimes,96735.28893502694,0.0,0.0,0.6886090040206909,Strong_Downtrend_HighVol
2026-02-23,Exclude_Strong_Downtrend_Bad_Regimes,96685.31392253318,-0.0005166161495349098,1.0,0.7108128666877747,Strong_Downtrend_HighVol
2026-02-24,Exclude_Strong_Downtrend_Bad_Regimes,92853.57527687831,-0.03963103071398166,1.0,0.5692920088768005,Strong_Downtrend_HighVol
2026-02-25,Exclude_Strong_Downtrend_Bad_Regimes,94930.03570682275,0.02236274073187472,1.0,0.7124689221382141,Strong_Downtrend_HighVol
2026-02-26,Exclude_Strong_Downtrend_Bad_Regimes,95617.20480799687,0.007238690010570981,1.0,0.7124689221382141,Strong_Downtrend_HighVol
2026-02-27,Exclude_Strong_Downtrend_Bad_Regimes,95232.53563078918,-0.004023012155397354,1.0,0.7124689221382141,Strong_Downtrend_HighVol
2026-03-02,Exclude_Strong_Downtrend_Bad_Regimes,94339.96163203192,-0.009372574119182464,1.0,0.7124689221382141,Strong_Downtrend_HighVol
2026-03-04,Exclude_Strong_Downtrend_Bad_Regimes,93380.16238869543,-0.010173835421728672,1.0,0.612808108329773,Strong_Downtrend_HighVol
2026-03-05,Exclude_Strong_Downtrend_Bad_Regimes,93044.0452835594,-0.003599448710925768,1.0,0.6381790041923523,Strong_Downtrend_HighVol
2026-03-06,Exclude_Strong_Downtrend_Bad_Regimes,92252.30459279096,-0.008509310707155437,1.0,0.551450788974762,Strong_Downtrend_HighVol
2026-03-09,Exclude_Strong_Downtrend_Bad_Regimes,91124.43767912645,-0.012225894178394814,1.0,0.5580520033836365,Strong_Downtrend_HighVol
2026-03-10,Exclude_Strong_Downtrend_Bad_Regimes,90590.3922396183,-0.005860617119950451,1.0,0.5968901515007019,Strong_Downtrend_HighVol
2026-03-11,Exclude_Strong_Downtrend_Bad_Regimes,88790.29111568171,-0.01987077304152951,1.0,0.566049337387085,Strong_Downtrend_HighVol
2026-03-12,Exclude_Strong_Downtrend_Bad_Regimes,87949.9983528416,-0.009463791055097648,1.0,0.566049337387085,Strong_Downtrend_HighVol
2026-03-13,Exclude_Strong_Downtrend_Bad_Regimes,86939.25897845259,-0.011492204585770271,0.0,0.5712043642997742,Strong_Downtrend_LowVol
2026-03-16,Exclude_Strong_Downtrend_Bad_Regimes,86939.25897845259,0.0,0.0,0.6871795058250427,Strong_Downtrend_LowVol
2026-03-17,Exclude_Strong_Downtrend_Bad_Regimes,86939.25897845259,0.0,0.0,0.6576871871948242,Strong_Downtrend_LowVol
2026-03-18,Exclude_Strong_Downtrend_Bad_Regimes,86939.25897845259,0.0,0.0,0.7019193172454834,Strong_Downtrend_LowVol
2026-03-19,Exclude_Strong_Downtrend_Bad_Regimes,86939.25897845259,0.0,0.0,0.5775954127311707,Strong_Downtrend_HighVol
2026-03-20,Exclude_Strong_Downtrend_Bad_Regimes,86939.25897845259,0.0,0.0,0.6877574324607849,Strong_Downtrend_HighVol
2026-03-23,Exclude_Strong_Downtrend_Bad_Regimes,86889.28396595885,-0.0005748267592909917,1.0,0.7112821340560913,Strong_Downtrend_HighVol
2026-03-24,Exclude_Strong_Downtrend_Bad_Regimes,87518.21690668499,0.007238325740750007,1.0,0.6829464435577393,Strong_Downtrend_HighVol
2026-03-25,Exclude_Strong_Downtrend_Bad_Regimes,86620.93310265911,-0.010252537537214668,1.0,0.653741180896759,Strong_Downtrend_HighVol
2026-03-27,Exclude_Strong_Downtrend_Bad_Regimes,86984.11803970396,0.00419280795110355,0.0,0.7112821340560913,Strong_Downtrend_LowVol
2026-03-30,Exclude_Strong_Downtrend_Bad_Regimes,86984.11803970396,0.0,0.0,0.6110193729400635,Strong_Downtrend_LowVol
2026-04-01,Exclude_Strong_Downtrend_Bad_Regimes,86934.1430272102,-0.0005745303121995615,1.0,0.7300910949707031,Strong_Downtrend_HighVol
2026-04-02,Exclude_Strong_Downtrend_Bad_Regimes,88698.0646899035,0.020290320940314466,1.0,0.7165637016296387,Strong_Downtrend_HighVol
2026-04-06,Exclude_Strong_Downtrend_Bad_Regimes,89660.95637097402,0.010855836420297083,1.0,0.7161281704902649,Strong_Downtrend_HighVol
2026-04-07,Exclude_Strong_Downtrend_Bad_Regimes,92396.07862881993,0.030505164885028524,1.0,0.6689889430999756,Strong_Downtrend_HighVol
2026-04-08,Exclude_Strong_Downtrend_Bad_Regimes,93201.2529346617,0.008714377469160484,1.0,0.6941644549369812,Strong_Downtrend_HighVol
2026-04-09,Exclude_Strong_Downtrend_Bad_Regimes,94438.07532706752,0.013270448126624368,1.0,0.6637793183326721,Strong_Downtrend_HighVol
2026-04-10,Exclude_Strong_Downtrend_Bad_Regimes,91752.7660224259,-0.028434604319725776,1.0,0.6532869338989258,Strong_Downtrend_HighVol
2026-04-13,Exclude_Strong_Downtrend_Bad_Regimes,89607.00922637281,-0.023386290016898514,1.0,0.6508364081382751,Strong_Downtrend_HighVol
2026-04-15,Exclude_Strong_Downtrend_Bad_Regimes,93022.78353987185,0.03811949916629631,1.0,0.6926448345184326,Strong_Downtrend_HighVol
2026-04-16,Exclude_Strong_Downtrend_Bad_Regimes,92900.56408172181,-0.001313865845539386,0.0,0.6949173808097839,Weak_Downtrend
2026-04-17,Exclude_Strong_Downtrend_Bad_Regimes,92900.56408172181,0.0,0.0,0.6459495425224304,Weak_Downtrend
2026-04-20,Exclude_Strong_Downtrend_Bad_Regimes,92900.56408172181,0.0,0.0,0.6459495425224304,Weak_Downtrend
2026-04-21,Exclude_Strong_Downtrend_Bad_Regimes,92900.56408172181,0.0,0.0,0.6525094509124756,Weak_Uptrend
2026-04-22,Exclude_Strong_Downtrend_Bad_Regimes,92900.56408172181,0.0,0.0,0.6565937995910645,Weak_Downtrend
2026-04-23,Exclude_Strong_Downtrend_Bad_Regimes,92900.56408172181,0.0,0.0,0.6608477234840393,Strong_Downtrend_HighVol
2026-04-24,Exclude_Strong_Downtrend_Bad_Regimes,92850.58906922805,-0.000537940893984179,1.0,0.7503103017807007,Strong_Downtrend_HighVol
2026-04-27,Exclude_Strong_Downtrend_Bad_Regimes,94964.77238718835,0.022769735110500955,1.0,0.8387162685394287,Strong_Downtrend_HighVol
2026-04-28,Exclude_Strong_Downtrend_Bad_Regimes,94843.83712689763,-0.0012734749660394673,1.0,0.8352342247962952,Strong_Downtrend_HighVol
2026-04-29,Exclude_Strong_Downtrend_Bad_Regimes,96094.82835381254,0.013190010704028365,1.0,0.8270660042762756,Strong_Downtrend_HighVol
2026-04-30,Exclude_Strong_Downtrend_Bad_Regimes,95697.70946022903,-0.004132573005087736,0.0,0.4491945803165436,Weak_Downtrend
2026-05-01,Exclude_Strong_Downtrend_Bad_Regimes,95697.70946022903,0.0,0.0,0.4491945803165436,Weak_Downtrend
2026-05-05,Exclude_Strong_Downtrend_Bad_Regimes,95697.70946022903,0.0,0.0,0.5745407938957214,Strong_Downtrend_HighVol
2026-05-06,Exclude_Strong_Downtrend_Bad_Regimes,95697.70946022903,0.0,0.0,0.5760684609413147,Strong_Downtrend_HighVol
2026-05-07,Exclude_Strong_Downtrend_Bad_Regimes,95647.73444773527,-0.0005222174362963239,1.0,0.935778558254242,Strong_Downtrend_HighVol
2026-05-08,Exclude_Strong_Downtrend_Bad_Regimes,95227.52175537297,-0.003046083266083466,1.0,0.9373458623886108,Strong_Downtrend_HighVol
2023-02-03,Best_Regime_Confidence_Sizing,100000.0,0.0,0.0,0.4088793396949768,Strong_Uptrend_HighVol
2023-02-06,Best_Regime_Confidence_Sizing,100000.0,0.0,0.0,0.3988363146781921,Strong_Uptrend_LowVol
2023-02-07,Best_Regime_Confidence_Sizing,100000.0,0.0,0.0,0.4039197564125061,Strong_Uptrend_LowVol
2023-02-08,Best_Regime_Confidence_Sizing,100000.0,0.0,0.0,0.2952230274677276,Strong_Uptrend_LowVol
2023-02-09,Best_Regime_Confidence_Sizing,100000.0,0.0,0.0,0.2863130271434784,Strong_Uptrend_LowVol
2023-02-10,Best_Regime_Confidence_Sizing,100000.0,0.0,0.0,0.2909234464168548,Strong_Uptrend_LowVol
2023-02-13,Best_Regime_Confidence_Sizing,100000.0,0.0,0.0,0.2294507175683975,Strong_Uptrend_LowVol
2023-02-14,Best_Regime_Confidence_Sizing,100000.0,0.0,0.0,0.3302276730537414,Strong_Uptrend_LowVol
2023-02-15,Best_Regime_Confidence_Sizing,100000.0,0.0,0.0,0.3378582596778869,Strong_Uptrend_LowVol
2023-02-16,Best_Regime_Confidence_Sizing,100000.0,0.0,0.0,0.3549425303936004,Strong_Uptrend_LowVol
2023-02-17,Best_Regime_Confidence_Sizing,100000.0,0.0,0.0,0.2489628791809082,Strong_Uptrend_LowVol
2023-02-20,Best_Regime_Confidence_Sizing,100000.0,0.0,0.0,0.2929953932762146,Strong_Uptrend_LowVol
2023-02-21,Best_Regime_Confidence_Sizing,100000.0,0.0,0.0,0.1825983077287674,Strong_Uptrend_LowVol
2023-02-22,Best_Regime_Confidence_Sizing,100000.0,0.0,0.0,0.4928011000156402,Weak_Uptrend
2023-02-23,Best_Regime_Confidence_Sizing,100000.0,0.0,0.0,0.4355315566062927,Strong_Uptrend_LowVol
2023-02-24,Best_Regime_Confidence_Sizing,100000.0,0.0,0.0,0.4860202372074127,Weak_Uptrend
2023-02-27,Best_Regime_Confidence_Sizing,100000.0,0.0,0.0,0.3203698992729187,Strong_Downtrend_LowVol
2023-02-28,Best_Regime_Confidence_Sizing,100000.0,0.0,0.0,0.4484154284000397,Strong_Downtrend_LowVol
2023-03-01,Best_Regime_Confidence_Sizing,100000.0,0.0,0.0,0.5300629138946533,Weak_Uptrend
2023-03-02,Best_Regime_Confidence_Sizing,100000.0,0.0,0.0,0.440104991197586,Strong_Downtrend_LowVol
2023-03-03,Best_Regime_Confidence_Sizing,100000.0,0.0,0.0,0.3472266495227813,Strong_Downtrend_LowVol
2023-03-06,Best_Regime_Confidence_Sizing,100000.0,0.0,0.0,0.5566051006317139,Weak_Downtrend
2023-03-08,Best_Regime_Confidence_Sizing,100000.0,0.0,0.0,0.5375850796699524,Weak_Uptrend
2023-03-09,Best_Regime_Confidence_Sizing,100000.0,0.0,0.0,0.3203698992729187,Strong_Downtrend_LowVol
2023-03-10,Best_Regime_Confidence_Sizing,100000.0,0.0,0.0,0.4161155521869659,Strong_Downtrend_LowVol
2023-03-13,Best_Regime_Confidence_Sizing,100000.0,0.0,0.0,0.452767014503479,Strong_Downtrend_LowVol
2023-03-14,Best_Regime_Confidence_Sizing,100000.0,0.0,0.0,0.4399172663688659,Strong_Downtrend_LowVol
2023-03-15,Best_Regime_Confidence_Sizing,100000.0,0.0,0.0,0.4191609621047973,Strong_Downtrend_LowVol
2023-03-16,Best_Regime_Confidence_Sizing,100000.0,0.0,0.0,0.4191609621047973,Strong_Downtrend_LowVol
2023-03-17,Best_Regime_Confidence_Sizing,100000.0,0.0,0.0,0.4160205423831939,Strong_Downtrend_LowVol
2023-03-20,Best_Regime_Confidence_Sizing,100000.0,0.0,0.0,0.4828085303306579,Strong_Downtrend_LowVol
2023-03-21,Best_Regime_Confidence_Sizing,100000.0,0.0,0.0,0.8460187315940857,Strong_Downtrend_LowVol
2023-03-22,Best_Regime_Confidence_Sizing,100000.0,0.0,0.0,0.5559381246566772,Strong_Downtrend_LowVol
2023-03-23,Best_Regime_Confidence_Sizing,100000.0,0.0,0.0,0.583052933216095,Strong_Downtrend_LowVol
2023-03-24,Best_Regime_Confidence_Sizing,100000.0,0.0,0.0,0.7248117923736572,Strong_Downtrend_LowVol
2023-03-27,Best_Regime_Confidence_Sizing,100000.0,0.0,0.0,0.5973241925239563,Strong_Downtrend_LowVol
2023-03-28,Best_Regime_Confidence_Sizing,100000.0,0.0,0.0,0.7373450398445129,Strong_Downtrend_LowVol
2023-03-29,Best_Regime_Confidence_Sizing,100000.0,0.0,0.0,0.5428194999694824,Strong_Downtrend_LowVol
2023-03-31,Best_Regime_Confidence_Sizing,100000.0,0.0,0.0,0.5741578936576843,Strong_Downtrend_LowVol
2023-04-03,Best_Regime_Confidence_Sizing,100000.0,0.0,0.0,0.5788522958755493,Strong_Downtrend_LowVol
2023-04-05,Best_Regime_Confidence_Sizing,100000.0,0.0,0.0,0.5852863192558289,Strong_Downtrend_LowVol
2023-04-06,Best_Regime_Confidence_Sizing,100000.0,0.0,0.0,0.5703712105751038,Strong_Downtrend_LowVol
2023-04-10,Best_Regime_Confidence_Sizing,100000.0,0.0,0.0,0.3481518030166626,Strong_Downtrend_LowVol
2023-04-11,Best_Regime_Confidence_Sizing,100000.0,0.0,0.0,0.5909472107887268,Strong_Downtrend_LowVol
2023-04-12,Best_Regime_Confidence_Sizing,100000.0,0.0,0.0,0.5936771035194397,Strong_Downtrend_LowVol
2023-04-13,Best_Regime_Confidence_Sizing,100000.0,0.0,0.0,0.7052000761032104,Strong_Downtrend_LowVol
2023-04-17,Best_Regime_Confidence_Sizing,100000.0,0.0,0.0,0.7567696571350098,Strong_Downtrend_LowVol
2023-04-18,Best_Regime_Confidence_Sizing,100000.0,0.0,0.0,0.7596873044967651,Strong_Downtrend_LowVol
2023-04-19,Best_Regime_Confidence_Sizing,100000.0,0.0,0.0,0.8683376312255859,Strong_Downtrend_LowVol
2023-04-20,Best_Regime_Confidence_Sizing,100000.0,0.0,0.0,0.8610784411430359,Strong_Downtrend_LowVol
2023-04-21,Best_Regime_Confidence_Sizing,100000.0,0.0,0.0,0.7217678427696228,Strong_Downtrend_LowVol
2023-04-24,Best_Regime_Confidence_Sizing,100000.0,0.0,0.0,0.7096953988075256,Strong_Downtrend_LowVol
2023-04-25,Best_Regime_Confidence_Sizing,100000.0,0.0,0.0,0.7394176125526428,Strong_Downtrend_LowVol
2023-04-26,Best_Regime_Confidence_Sizing,100000.0,0.0,0.0,0.7610393762588501,Strong_Downtrend_LowVol
2023-04-27,Best_Regime_Confidence_Sizing,100000.0,0.0,0.0,0.7646691799163818,Strong_Downtrend_LowVol
2023-04-28,Best_Regime_Confidence_Sizing,100000.0,0.0,0.0,0.7348763346672058,Strong_Downtrend_LowVol
2023-05-02,Best_Regime_Confidence_Sizing,100000.0,0.0,0.0,0.7429382801055908,Strong_Downtrend_LowVol
2023-05-03,Best_Regime_Confidence_Sizing,100000.0,0.0,0.0,0.7616283297538757,Strong_Downtrend_LowVol
2023-05-04,Best_Regime_Confidence_Sizing,100000.0,0.0,0.0,0.8064464330673218,Weak_Downtrend
2023-05-05,Best_Regime_Confidence_Sizing,100000.0,0.0,0.0,0.7854087352752686,Weak_Downtrend
2023-05-08,Best_Regime_Confidence_Sizing,100000.0,0.0,0.0,0.7746586203575134,Weak_Uptrend
2023-05-09,Best_Regime_Confidence_Sizing,100000.0,0.0,0.0,0.7382107377052307,Strong_Uptrend_LowVol
2023-05-10,Best_Regime_Confidence_Sizing,100000.0,0.0,0.0,0.7305935621261597,Strong_Uptrend_LowVol
2023-05-11,Best_Regime_Confidence_Sizing,100000.0,0.0,0.0,0.7268916964530945,Strong_Uptrend_LowVol
2023-05-12,Best_Regime_Confidence_Sizing,100000.0,0.0,0.0,0.7337984442710876,Strong_Uptrend_LowVol
2023-05-15,Best_Regime_Confidence_Sizing,100000.0,0.0,0.0,0.7231079936027527,Strong_Uptrend_LowVol
2023-05-16,Best_Regime_Confidence_Sizing,100000.0,0.0,0.0,0.7292661666870117,Strong_Uptrend_LowVol
2023-05-17,Best_Regime_Confidence_Sizing,100000.0,0.0,0.0,0.7508922815322876,Weak_Downtrend
2023-05-18,Best_Regime_Confidence_Sizing,100000.0,0.0,0.0,0.7508922815322876,Weak_Downtrend
2023-05-19,Best_Regime_Confidence_Sizing,100000.0,0.0,0.0,0.7432464361190796,Weak_Uptrend
2023-05-22,Best_Regime_Confidence_Sizing,100000.0,0.0,0.0,0.7257418632507324,Strong_Uptrend_LowVol
2023-05-23,Best_Regime_Confidence_Sizing,100000.0,0.0,0.0,0.6939955353736877,Strong_Uptrend_LowVol
2023-05-24,Best_Regime_Confidence_Sizing,100000.0,0.0,0.0,0.7207121849060059,Strong_Uptrend_LowVol
2023-05-25,Best_Regime_Confidence_Sizing,100000.0,0.0,0.0,0.8104223608970642,Strong_Uptrend_LowVol
2023-05-26,Best_Regime_Confidence_Sizing,100000.0,0.0,0.0,0.6894106864929199,Strong_Uptrend_LowVol
2023-05-29,Best_Regime_Confidence_Sizing,100000.0,0.0,0.0,0.6050480008125305,Strong_Uptrend_LowVol
2023-05-30,Best_Regime_Confidence_Sizing,100000.0,0.0,0.0,0.6654424667358398,Strong_Uptrend_LowVol
2023-05-31,Best_Regime_Confidence_Sizing,100000.0,0.0,0.0,0.7413299679756165,Strong_Uptrend_LowVol
2023-06-01,Best_Regime_Confidence_Sizing,100000.0,0.0,0.0,0.6331649422645569,Strong_Uptrend_LowVol
2023-06-02,Best_Regime_Confidence_Sizing,100000.0,0.0,0.0,0.7249521017074585,Strong_Uptrend_LowVol
2023-06-05,Best_Regime_Confidence_Sizing,100000.0,0.0,0.0,0.7335050702095032,Strong_Uptrend_LowVol
2023-06-06,Best_Regime_Confidence_Sizing,100000.0,0.0,0.0,0.7835277318954468,Weak_Uptrend
2023-06-07,Best_Regime_Confidence_Sizing,100000.0,0.0,0.0,0.6960992217063904,Strong_Uptrend_LowVol
2023-06-08,Best_Regime_Confidence_Sizing,100000.0,0.0,0.0,0.7407364249229431,Weak_Uptrend
2023-06-09,Best_Regime_Confidence_Sizing,100000.0,0.0,0.0,0.7269986271858215,Weak_Downtrend
2023-06-12,Best_Regime_Confidence_Sizing,100000.0,0.0,0.0,0.6989220380783081,Weak_Uptrend
2023-06-13,Best_Regime_Confidence_Sizing,100000.0,0.0,0.0,0.721635639667511,Weak_Uptrend
2023-06-14,Best_Regime_Confidence_Sizing,100000.0,0.0,0.0,0.721635639667511,Weak_Uptrend
2023-06-15,Best_Regime_Confidence_Sizing,100000.0,0.0,0.0,0.6866448521614075,Weak_Downtrend
2023-06-16,Best_Regime_Confidence_Sizing,100000.0,0.0,0.0,0.5717784762382507,Strong_Downtrend_LowVol
2023-06-19,Best_Regime_Confidence_Sizing,100000.0,0.0,0.0,0.6193033456802368,Weak_Downtrend
2023-06-20,Best_Regime_Confidence_Sizing,100000.0,0.0,0.0,0.6308046579360962,Weak_Downtrend
2023-06-21,Best_Regime_Confidence_Sizing,100000.0,0.0,0.0,0.6052206158638,Weak_Uptrend
2023-06-22,Best_Regime_Confidence_Sizing,100000.0,0.0,0.0,0.6160092353820801,Weak_Uptrend
2023-06-23,Best_Regime_Confidence_Sizing,100000.0,0.0,0.0,0.6131813526153564,Weak_Downtrend
2023-06-26,Best_Regime_Confidence_Sizing,100000.0,0.0,0.0,0.5295272469520569,Strong_Downtrend_LowVol
2023-06-27,Best_Regime_Confidence_Sizing,100000.0,0.0,0.0,0.5450921058654785,Strong_Downtrend_LowVol
2023-06-28,Best_Regime_Confidence_Sizing,100000.0,0.0,0.0,0.6483217477798462,Weak_Downtrend
2023-06-30,Best_Regime_Confidence_Sizing,100000.0,0.0,0.0,0.8203039765357971,Strong_Uptrend_LowVol
2023-07-03,Best_Regime_Confidence_Sizing,100000.0,0.0,0.0,0.8496456742286682,Weak_Uptrend
2023-07-04,Best_Regime_Confidence_Sizing,100000.0,0.0,0.0,0.7350045442581177,Strong_Uptrend_LowVol
2023-07-05,Best_Regime_Confidence_Sizing,100000.0,0.0,0.0,0.5363301634788513,Strong_Uptrend_LowVol
2023-07-06,Best_Regime_Confidence_Sizing,100000.0,0.0,0.0,0.5208811163902283,Strong_Uptrend_LowVol
2023-07-07,Best_Regime_Confidence_Sizing,100000.0,0.0,0.0,0.4155243933200836,Strong_Uptrend_LowVol
2023-07-10,Best_Regime_Confidence_Sizing,100000.0,0.0,0.0,0.4698426425457001,Weak_Uptrend
2023-07-11,Best_Regime_Confidence_Sizing,100000.0,0.0,0.0,0.5134650468826294,Weak_Uptrend
2023-07-12,Best_Regime_Confidence_Sizing,100000.0,0.0,0.0,0.5396228432655334,Weak_Downtrend
2023-07-13,Best_Regime_Confidence_Sizing,100000.0,0.0,0.0,0.4305994212627411,Strong_Uptrend_LowVol
2023-07-14,Best_Regime_Confidence_Sizing,100000.0,0.0,0.0,0.3264264166355133,Strong_Uptrend_HighVol
2023-07-17,Best_Regime_Confidence_Sizing,100000.0,0.0,0.0,0.3227588534355163,Strong_Uptrend_HighVol
2023-07-18,Best_Regime_Confidence_Sizing,100000.0,0.0,0.0,0.459536999464035,Strong_Uptrend_HighVol
2023-07-19,Best_Regime_Confidence_Sizing,100000.0,0.0,0.0,0.4854580461978912,Strong_Uptrend_HighVol
2023-07-20,Best_Regime_Confidence_Sizing,100000.0,0.0,0.0,0.4788102507591247,Strong_Uptrend_HighVol
2023-07-21,Best_Regime_Confidence_Sizing,100000.0,0.0,0.0,0.5669122338294983,Strong_Uptrend_HighVol
2023-07-24,Best_Regime_Confidence_Sizing,100000.0,0.0,0.0,0.5311371684074402,Strong_Uptrend_HighVol
2023-07-25,Best_Regime_Confidence_Sizing,100000.0,0.0,0.0,0.5257877707481384,Strong_Uptrend_HighVol
2023-07-26,Best_Regime_Confidence_Sizing,100000.0,0.0,0.0,0.571221649646759,Strong_Uptrend_HighVol
2023-07-27,Best_Regime_Confidence_Sizing,100000.0,0.0,0.0,0.649142324924469,Strong_Uptrend_HighVol
2023-07-28,Best_Regime_Confidence_Sizing,100000.0,0.0,0.0,0.6937771439552307,Weak_Uptrend
2023-07-31,Best_Regime_Confidence_Sizing,100000.0,0.0,0.0,0.4597566127777099,Strong_Uptrend_HighVol
2023-08-01,Best_Regime_Confidence_Sizing,100000.0,0.0,0.0,0.3317126631736755,Strong_Uptrend_HighVol
2023-08-02,Best_Regime_Confidence_Sizing,100000.0,0.0,0.0,0.3082521259784698,Strong_Uptrend_HighVol
2023-08-03,Best_Regime_Confidence_Sizing,100000.0,0.0,0.0,0.51353520154953,Strong_Uptrend_HighVol
2023-08-04,Best_Regime_Confidence_Sizing,100000.0,0.0,0.0,0.3082521259784698,Strong_Uptrend_HighVol
2023-08-07,Best_Regime_Confidence_Sizing,100000.0,0.0,0.0,0.4486343562602997,Strong_Uptrend_HighVol
2023-08-08,Best_Regime_Confidence_Sizing,100000.0,0.0,0.0,0.2928005158901214,Strong_Uptrend_HighVol
2023-08-09,Best_Regime_Confidence_Sizing,100000.0,0.0,0.0,0.2873178124427795,Strong_Uptrend_HighVol
2023-08-10,Best_Regime_Confidence_Sizing,100000.0,0.0,0.0,0.173357218503952,Strong_Uptrend_HighVol
2023-08-11,Best_Regime_Confidence_Sizing,100000.0,0.0,0.0,0.1808901131153106,Strong_Uptrend_LowVol
2023-08-14,Best_Regime_Confidence_Sizing,100000.0,0.0,0.0,0.1680677235126495,Strong_Uptrend_LowVol
2023-08-16,Best_Regime_Confidence_Sizing,100000.0,0.0,0.0,0.2765290141105652,Strong_Uptrend_LowVol
2023-08-17,Best_Regime_Confidence_Sizing,100000.0,0.0,0.0,0.2497005462646484,Strong_Uptrend_LowVol
2023-08-18,Best_Regime_Confidence_Sizing,100000.0,0.0,0.0,0.2667853236198425,Weak_Uptrend
2023-08-21,Best_Regime_Confidence_Sizing,100000.0,0.0,0.0,0.2553599774837494,Strong_Uptrend_LowVol
2023-08-22,Best_Regime_Confidence_Sizing,100000.0,0.0,0.0,0.3005282282829284,Weak_Uptrend
2023-08-23,Best_Regime_Confidence_Sizing,100000.0,0.0,0.0,0.240195170044899,Strong_Uptrend_LowVol
2023-08-24,Best_Regime_Confidence_Sizing,100000.0,0.0,0.0,0.2657912969589233,Weak_Uptrend
2023-08-25,Best_Regime_Confidence_Sizing,100000.0,0.0,0.0,0.2910590767860412,Weak_Uptrend
2023-08-28,Best_Regime_Confidence_Sizing,100000.0,0.0,0.0,0.2636049687862396,Weak_Uptrend
2023-08-29,Best_Regime_Confidence_Sizing,100000.0,0.0,0.0,0.2636049687862396,Weak_Uptrend
2023-08-30,Best_Regime_Confidence_Sizing,100000.0,0.0,0.0,0.2883889973163605,Weak_Uptrend
2023-08-31,Best_Regime_Confidence_Sizing,100000.0,0.0,0.0,0.4076296985149383,Weak_Downtrend
2023-09-01,Best_Regime_Confidence_Sizing,100000.0,0.0,0.0,0.4257852733135223,Weak_Uptrend
2023-09-04,Best_Regime_Confidence_Sizing,100000.0,0.0,0.0,0.3860072791576385,Strong_Uptrend_LowVol
2023-09-05,Best_Regime_Confidence_Sizing,100000.0,0.0,0.0,0.3655707836151123,Strong_Uptrend_LowVol
2023-09-06,Best_Regime_Confidence_Sizing,100000.0,0.0,0.0,0.4305379390716553,Strong_Uptrend_LowVol
2023-09-07,Best_Regime_Confidence_Sizing,100000.0,0.0,0.0,0.4332383871078491,Strong_Uptrend_LowVol
2023-09-08,Best_Regime_Confidence_Sizing,100000.0,0.0,0.0,0.4987915158271789,Strong_Uptrend_LowVol
2023-09-11,Best_Regime_Confidence_Sizing,100000.0,0.0,0.0,0.5365306735038757,Strong_Uptrend_LowVol
2023-09-12,Best_Regime_Confidence_Sizing,100000.0,0.0,0.0,0.3215006291866302,Strong_Uptrend_LowVol
2023-09-13,Best_Regime_Confidence_Sizing,100000.0,0.0,0.0,0.3685366511344909,Strong_Uptrend_LowVol
2023-09-14,Best_Regime_Confidence_Sizing,100000.0,0.0,0.0,0.4242246150970459,Strong_Uptrend_LowVol
2023-09-15,Best_Regime_Confidence_Sizing,100000.0,0.0,0.0,0.4291741251945495,Strong_Uptrend_LowVol
2023-09-18,Best_Regime_Confidence_Sizing,100000.0,0.0,0.0,0.5405968427658081,Strong_Uptrend_LowVol
2023-09-20,Best_Regime_Confidence_Sizing,100000.0,0.0,0.0,0.6211013197898865,Strong_Uptrend_LowVol
2023-09-21,Best_Regime_Confidence_Sizing,100000.0,0.0,0.0,0.6440389156341553,Strong_Uptrend_LowVol
2023-09-22,Best_Regime_Confidence_Sizing,100000.0,0.0,0.0,0.6585507392883301,Strong_Uptrend_LowVol
2023-09-25,Best_Regime_Confidence_Sizing,100000.0,0.0,0.0,0.7486041188240051,Strong_Uptrend_LowVol
2023-09-26,Best_Regime_Confidence_Sizing,100000.0,0.0,0.0,0.8491537570953369,Strong_Uptrend_LowVol
2023-09-27,Best_Regime_Confidence_Sizing,100000.0,0.0,0.0,0.8724450469017029,Strong_Uptrend_LowVol
2023-09-28,Best_Regime_Confidence_Sizing,100000.0,0.0,0.0,0.7186175584793091,Strong_Uptrend_LowVol
2023-09-29,Best_Regime_Confidence_Sizing,100000.0,0.0,0.0,0.6654758453369141,Strong_Uptrend_LowVol
2023-10-03,Best_Regime_Confidence_Sizing,100000.0,0.0,0.0,0.6149218082427979,Strong_Uptrend_LowVol
2023-10-04,Best_Regime_Confidence_Sizing,100000.0,0.0,0.0,0.6295762658119202,Strong_Uptrend_LowVol
2023-10-05,Best_Regime_Confidence_Sizing,100000.0,0.0,0.0,0.7161991596221924,Strong_Uptrend_LowVol
2023-10-06,Best_Regime_Confidence_Sizing,100000.0,0.0,0.0,0.6712090373039246,Strong_Uptrend_LowVol
2023-10-09,Best_Regime_Confidence_Sizing,100000.0,0.0,0.0,0.6954295039176941,Strong_Uptrend_LowVol
2023-10-10,Best_Regime_Confidence_Sizing,100000.0,0.0,0.0,0.823987603187561,Strong_Uptrend_LowVol
2023-10-11,Best_Regime_Confidence_Sizing,100000.0,0.0,0.0,0.8176374435424805,Strong_Uptrend_LowVol
2023-10-12,Best_Regime_Confidence_Sizing,100000.0,0.0,0.0,0.8124175071716309,Strong_Uptrend_LowVol
2023-10-13,Best_Regime_Confidence_Sizing,100000.0,0.0,0.0,0.7947026491165161,Strong_Uptrend_LowVol
2023-10-16,Best_Regime_Confidence_Sizing,100000.0,0.0,0.0,0.6732787489891052,Strong_Uptrend_LowVol
2023-10-17,Best_Regime_Confidence_Sizing,100000.0,0.0,0.0,0.5504212975502014,Weak_Uptrend
2023-10-18,Best_Regime_Confidence_Sizing,100000.0,0.0,0.0,0.5228396654129028,Weak_Downtrend
2023-10-19,Best_Regime_Confidence_Sizing,100000.0,0.0,0.0,0.3770579397678375,Strong_Downtrend_LowVol
2023-10-20,Best_Regime_Confidence_Sizing,100000.0,0.0,0.0,0.4367595314979553,Weak_Downtrend
2023-10-23,Best_Regime_Confidence_Sizing,100000.0,0.0,0.0,0.2586957812309265,Strong_Downtrend_LowVol
2023-10-25,Best_Regime_Confidence_Sizing,100000.0,0.0,0.0,0.2178797721862793,Strong_Downtrend_LowVol
2023-10-26,Best_Regime_Confidence_Sizing,100000.0,0.0,0.0,0.2005378305912017,Strong_Downtrend_LowVol
2023-10-27,Best_Regime_Confidence_Sizing,100000.0,0.0,0.0,0.2372064292430877,Strong_Downtrend_LowVol
2023-10-30,Best_Regime_Confidence_Sizing,100000.0,0.0,0.0,0.2145546972751617,Strong_Downtrend_LowVol
2023-10-31,Best_Regime_Confidence_Sizing,100000.0,0.0,0.0,0.2151027917861938,Strong_Downtrend_LowVol
2023-11-01,Best_Regime_Confidence_Sizing,100000.0,0.0,0.0,0.2245258241891861,Strong_Downtrend_LowVol
2023-11-02,Best_Regime_Confidence_Sizing,100000.0,0.0,0.0,0.2077296823263168,Strong_Downtrend_LowVol
2023-11-03,Best_Regime_Confidence_Sizing,100000.0,0.0,0.0,0.2210359573364257,Strong_Downtrend_LowVol
2023-11-06,Best_Regime_Confidence_Sizing,100000.0,0.0,0.0,0.2036211788654327,Strong_Downtrend_LowVol
2023-11-07,Best_Regime_Confidence_Sizing,100000.0,0.0,0.0,0.2096471041440963,Strong_Downtrend_LowVol
2023-11-08,Best_Regime_Confidence_Sizing,100000.0,0.0,0.0,0.2173814177513122,Strong_Downtrend_LowVol
2023-11-09,Best_Regime_Confidence_Sizing,100000.0,0.0,0.0,0.2299340069293975,Strong_Downtrend_LowVol
2023-11-10,Best_Regime_Confidence_Sizing,100000.0,0.0,0.0,0.2407434731721878,Strong_Downtrend_LowVol
2023-11-13,Best_Regime_Confidence_Sizing,100000.0,0.0,0.0,0.2310312539339065,Strong_Downtrend_LowVol
2023-11-15,Best_Regime_Confidence_Sizing,100000.0,0.0,0.0,0.2373900860548019,Strong_Downtrend_LowVol
2023-11-16,Best_Regime_Confidence_Sizing,100000.0,0.0,0.0,0.4724089801311493,Weak_Uptrend
2023-11-17,Best_Regime_Confidence_Sizing,100000.0,0.0,0.0,0.4598599970340729,Weak_Uptrend
2023-11-20,Best_Regime_Confidence_Sizing,100000.0,0.0,0.0,0.4566028118133545,Weak_Uptrend
2023-11-21,Best_Regime_Confidence_Sizing,100000.0,0.0,0.0,0.4598599970340729,Weak_Uptrend
2023-11-22,Best_Regime_Confidence_Sizing,100000.0,0.0,0.0,0.4584375321865082,Strong_Uptrend_LowVol
2023-11-23,Best_Regime_Confidence_Sizing,100000.0,0.0,0.0,0.4655188024044037,Weak_Uptrend
2023-11-24,Best_Regime_Confidence_Sizing,100000.0,0.0,0.0,0.3427473902702331,Weak_Downtrend
2023-11-28,Best_Regime_Confidence_Sizing,100000.0,0.0,0.0,0.4109815955162048,Weak_Downtrend
2023-11-29,Best_Regime_Confidence_Sizing,100000.0,0.0,0.0,0.7758294939994812,Weak_Uptrend
2023-11-30,Best_Regime_Confidence_Sizing,100000.0,0.0,0.0,0.6690741181373596,Weak_Uptrend
2023-12-01,Best_Regime_Confidence_Sizing,100000.0,0.0,0.0,0.6609100699424744,Weak_Uptrend
2023-12-04,Best_Regime_Confidence_Sizing,100000.0,0.0,0.0,0.720117449760437,Weak_Uptrend
2023-12-05,Best_Regime_Confidence_Sizing,100000.0,0.0,0.0,0.6749309301376343,Strong_Uptrend_LowVol
2023-12-06,Best_Regime_Confidence_Sizing,100000.0,0.0,0.0,0.1137611120939254,Strong_Uptrend_LowVol
2023-12-07,Best_Regime_Confidence_Sizing,100000.0,0.0,0.0,0.1169709861278534,Strong_Uptrend_LowVol
2023-12-08,Best_Regime_Confidence_Sizing,100000.0,0.0,0.0,0.1403062790632248,Strong_Uptrend_LowVol
2023-12-11,Best_Regime_Confidence_Sizing,100000.0,0.0,0.0,0.4163255393505096,Strong_Uptrend_LowVol
2023-12-12,Best_Regime_Confidence_Sizing,100000.0,0.0,0.0,0.3552113175392151,Strong_Uptrend_LowVol
2023-12-13,Best_Regime_Confidence_Sizing,100000.0,0.0,0.0,0.1479827016592025,Strong_Uptrend_LowVol
2023-12-14,Best_Regime_Confidence_Sizing,100000.0,0.0,0.0,0.2794911861419678,Strong_Uptrend_LowVol
2023-12-15,Best_Regime_Confidence_Sizing,100000.0,0.0,0.0,0.7482826113700867,Strong_Uptrend_HighVol
2023-12-18,Best_Regime_Confidence_Sizing,100000.0,0.0,0.0,0.5569281578063965,Strong_Uptrend_HighVol
2023-12-19,Best_Regime_Confidence_Sizing,100000.0,0.0,0.0,0.4205552041530609,Strong_Uptrend_HighVol
2023-12-20,Best_Regime_Confidence_Sizing,100000.0,0.0,0.0,0.3764108419418335,Strong_Uptrend_HighVol
2023-12-21,Best_Regime_Confidence_Sizing,100000.0,0.0,0.0,0.3764108419418335,Strong_Uptrend_HighVol
2023-12-22,Best_Regime_Confidence_Sizing,100000.0,0.0,0.0,0.440430611371994,Strong_Uptrend_HighVol
2023-12-26,Best_Regime_Confidence_Sizing,100000.0,0.0,0.0,0.3623464107513428,Strong_Uptrend_HighVol
2023-12-27,Best_Regime_Confidence_Sizing,100000.0,0.0,0.0,0.3616976737976074,Strong_Uptrend_HighVol
2023-12-28,Best_Regime_Confidence_Sizing,100000.0,0.0,0.0,0.2222419083118438,Strong_Uptrend_HighVol
2023-12-29,Best_Regime_Confidence_Sizing,100000.0,0.0,0.0,0.2222419083118438,Strong_Uptrend_HighVol
2024-01-01,Best_Regime_Confidence_Sizing,100000.0,0.0,0.0,0.2194124460220337,Strong_Uptrend_HighVol
2024-01-02,Best_Regime_Confidence_Sizing,100000.0,0.0,0.0,0.2222419083118438,Strong_Uptrend_HighVol
2024-01-03,Best_Regime_Confidence_Sizing,100000.0,0.0,0.0,0.2260116785764694,Strong_Uptrend_HighVol
2024-01-04,Best_Regime_Confidence_Sizing,100000.0,0.0,0.0,0.2298665940761566,Strong_Uptrend_HighVol
2024-01-05,Best_Regime_Confidence_Sizing,100000.0,0.0,0.0,0.2483001500368118,Strong_Uptrend_HighVol
2024-01-08,Best_Regime_Confidence_Sizing,100000.0,0.0,0.0,0.25412318110466,Strong_Uptrend_HighVol
2024-01-09,Best_Regime_Confidence_Sizing,100000.0,0.0,0.0,0.2573987543582916,Strong_Uptrend_HighVol
2024-01-10,Best_Regime_Confidence_Sizing,100000.0,0.0,0.0,0.2590965628623962,Strong_Uptrend_HighVol
2024-01-11,Best_Regime_Confidence_Sizing,100000.0,0.0,0.0,0.2498334795236587,Strong_Uptrend_HighVol
2024-01-12,Best_Regime_Confidence_Sizing,100000.0,0.0,0.0,0.4356746077537536,Strong_Uptrend_HighVol
2024-01-15,Best_Regime_Confidence_Sizing,100000.0,0.0,0.0,0.4284645020961761,Strong_Uptrend_LowVol
2024-01-16,Best_Regime_Confidence_Sizing,100000.0,0.0,0.0,0.3039643764495849,Strong_Uptrend_HighVol
2024-01-17,Best_Regime_Confidence_Sizing,100000.0,0.0,0.0,0.3212807774543762,Strong_Uptrend_LowVol
2024-01-18,Best_Regime_Confidence_Sizing,100000.0,0.0,0.0,0.3212807774543762,Strong_Uptrend_LowVol
2024-01-19,Best_Regime_Confidence_Sizing,100000.0,0.0,0.0,0.4407603442668915,Strong_Uptrend_LowVol
2024-01-23,Best_Regime_Confidence_Sizing,100000.0,0.0,0.0,0.2206538915634155,Strong_Uptrend_HighVol
2024-01-24,Best_Regime_Confidence_Sizing,100000.0,0.0,0.0,0.2051985710859298,Strong_Uptrend_HighVol
2024-01-25,Best_Regime_Confidence_Sizing,100000.0,0.0,0.0,0.2035199105739593,Strong_Uptrend_HighVol
2024-01-29,Best_Regime_Confidence_Sizing,100000.0,0.0,0.0,0.2092953324317932,Strong_Uptrend_HighVol
2024-01-30,Best_Regime_Confidence_Sizing,100000.0,0.0,0.0,0.1914024800062179,Strong_Uptrend_HighVol
2024-01-31,Best_Regime_Confidence_Sizing,100000.0,0.0,0.0,0.1914024800062179,Strong_Uptrend_HighVol
2024-02-01,Best_Regime_Confidence_Sizing,100000.0,0.0,0.0,0.2071347534656524,Strong_Uptrend_HighVol
2024-02-02,Best_Regime_Confidence_Sizing,100000.0,0.0,0.0,0.4180828034877777,Strong_Uptrend_HighVol
2024-02-05,Best_Regime_Confidence_Sizing,100000.0,0.0,0.0,0.3742114305496216,Strong_Uptrend_HighVol
2024-02-06,Best_Regime_Confidence_Sizing,100000.0,0.0,0.0,0.4546887874603271,Strong_Uptrend_HighVol
2024-02-07,Best_Regime_Confidence_Sizing,100000.0,0.0,0.0,0.3383278548717499,Strong_Uptrend_HighVol
2024-02-08,Best_Regime_Confidence_Sizing,100000.0,0.0,0.0,0.4314286112785339,Strong_Uptrend_HighVol
2024-02-09,Best_Regime_Confidence_Sizing,100000.0,0.0,0.0,0.3872627913951874,Strong_Uptrend_HighVol
2024-02-12,Best_Regime_Confidence_Sizing,100000.0,0.0,0.0,0.3427011668682098,Strong_Uptrend_HighVol
2024-02-13,Best_Regime_Confidence_Sizing,100000.0,0.0,0.0,0.4546887874603271,Strong_Uptrend_HighVol
2024-02-14,Best_Regime_Confidence_Sizing,100000.0,0.0,0.0,0.3212807774543762,Strong_Uptrend_HighVol
2024-02-15,Best_Regime_Confidence_Sizing,100000.0,0.0,0.0,0.3212807774543762,Strong_Uptrend_HighVol
2024-02-16,Best_Regime_Confidence_Sizing,100000.0,0.0,0.0,0.3624115288257599,Strong_Uptrend_HighVol
2024-02-19,Best_Regime_Confidence_Sizing,100000.0,0.0,0.0,0.3212807774543762,Strong_Uptrend_HighVol
2024-02-20,Best_Regime_Confidence_Sizing,100000.0,0.0,0.0,0.2139943093061447,Strong_Uptrend_HighVol
2024-02-21,Best_Regime_Confidence_Sizing,100000.0,0.0,0.0,0.2166910022497177,Strong_Uptrend_HighVol
2024-02-22,Best_Regime_Confidence_Sizing,100000.0,0.0,0.0,0.2659252882003784,Strong_Uptrend_HighVol
2024-02-23,Best_Regime_Confidence_Sizing,100000.0,0.0,0.0,0.2139943093061447,Strong_Uptrend_HighVol
2024-02-26,Best_Regime_Confidence_Sizing,100000.0,0.0,0.0,0.2252772599458694,Strong_Uptrend_HighVol
2024-02-27,Best_Regime_Confidence_Sizing,100000.0,0.0,0.0,0.2479310482740402,Strong_Uptrend_HighVol
2024-02-28,Best_Regime_Confidence_Sizing,100000.0,0.0,0.0,0.3037738800048828,Strong_Uptrend_HighVol
2024-02-29,Best_Regime_Confidence_Sizing,100000.0,0.0,0.0,0.2111648470163345,Strong_Uptrend_HighVol
2024-03-01,Best_Regime_Confidence_Sizing,100000.0,0.0,0.0,0.2136535197496414,Strong_Uptrend_HighVol
2024-03-04,Best_Regime_Confidence_Sizing,100000.0,0.0,0.0,0.2299204766750335,Strong_Uptrend_HighVol
2024-03-05,Best_Regime_Confidence_Sizing,100000.0,0.0,0.0,0.2008787244558334,Strong_Uptrend_LowVol
2024-03-06,Best_Regime_Confidence_Sizing,100000.0,0.0,0.0,0.2037343084812164,Strong_Uptrend_LowVol
2024-03-07,Best_Regime_Confidence_Sizing,100000.0,0.0,0.0,0.2551262378692627,Strong_Uptrend_LowVol
2024-03-11,Best_Regime_Confidence_Sizing,100000.0,0.0,0.0,0.3069292902946472,Strong_Uptrend_LowVol
2024-03-12,Best_Regime_Confidence_Sizing,100000.0,0.0,0.0,0.4226202666759491,Strong_Uptrend_LowVol
2024-03-13,Best_Regime_Confidence_Sizing,100000.0,0.0,0.0,0.2479310482740402,Strong_Uptrend_LowVol
2024-03-14,Best_Regime_Confidence_Sizing,100000.0,0.0,0.0,0.4301608502864837,Strong_Uptrend_LowVol
2024-03-15,Best_Regime_Confidence_Sizing,100000.0,0.0,0.0,0.4183034896850586,Strong_Uptrend_LowVol
2024-03-18,Best_Regime_Confidence_Sizing,100000.0,0.0,0.0,0.2263822257518768,Strong_Uptrend_LowVol
2024-03-19,Best_Regime_Confidence_Sizing,100000.0,0.0,0.0,0.3924726247787475,Weak_Downtrend
2024-03-20,Best_Regime_Confidence_Sizing,100000.0,0.0,0.0,0.3924726247787475,Weak_Downtrend
2024-03-21,Best_Regime_Confidence_Sizing,100000.0,0.0,0.0,0.4181064367294311,Weak_Downtrend
2024-03-22,Best_Regime_Confidence_Sizing,100000.0,0.0,0.0,0.4326481819152832,Strong_Downtrend_HighVol
2024-03-26,Best_Regime_Confidence_Sizing,100000.0,0.0,0.0,0.6045350432395935,Strong_Downtrend_HighVol
2024-03-27,Best_Regime_Confidence_Sizing,99998.0819795244,-1.9180204755997465e-05,0.03837958971659357,0.711513876914978,Strong_Downtrend_HighVol
2024-03-28,Best_Regime_Confidence_Sizing,100033.43734286234,0.0003535604147404392,0.03837958971659357,0.64478600025177,Strong_Downtrend_HighVol
2024-04-01,Best_Regime_Confidence_Sizing,100068.07918414759,0.0003463026184586937,0.0,0.4683361053466797,Strong_Downtrend_HighVol
2024-04-02,Best_Regime_Confidence_Sizing,100068.07918414759,0.0,0.0,0.6368498802185059,Strong_Downtrend_HighVol
2024-04-03,Best_Regime_Confidence_Sizing,100068.07918414759,0.0,0.0,0.4386820495128631,Strong_Downtrend_HighVol
2024-04-04,Best_Regime_Confidence_Sizing,100068.07918414759,0.0,0.0,0.4909493625164032,Weak_Downtrend
2024-04-05,Best_Regime_Confidence_Sizing,100068.07918414759,0.0,0.0,0.4595701694488525,Weak_Downtrend
2024-04-08,Best_Regime_Confidence_Sizing,100068.07918414759,0.0,0.0,0.423918068408966,Weak_Downtrend
2024-04-09,Best_Regime_Confidence_Sizing,100068.07918414759,0.0,0.0,0.4303626120090484,Strong_Downtrend_HighVol
2024-04-10,Best_Regime_Confidence_Sizing,100068.07918414759,0.0,0.0,0.4211709201335907,Weak_Downtrend
2024-04-12,Best_Regime_Confidence_Sizing,100068.07918414759,0.0,0.0,0.4717677533626556,Weak_Downtrend
2024-04-15,Best_Regime_Confidence_Sizing,100068.07918414759,0.0,0.0,0.4466467201709747,Strong_Downtrend_HighVol
2024-04-16,Best_Regime_Confidence_Sizing,100068.07918414759,0.0,0.0,0.6795939207077026,Strong_Downtrend_HighVol
2024-04-18,Best_Regime_Confidence_Sizing,100064.42911405693,-3.647586843302797e-05,0.07303790251413995,0.7219113707542419,Strong_Downtrend_HighVol
2024-04-19,Best_Regime_Confidence_Sizing,99985.74642234652,-0.0007863202979024875,0.0,0.7219113707542419,Strong_Downtrend_LowVol
2024-04-22,Best_Regime_Confidence_Sizing,99985.74642234652,0.0,0.0,0.711513876914978,Strong_Downtrend_LowVol
2024-04-23,Best_Regime_Confidence_Sizing,99985.74642234652,0.0,0.0,0.6721768379211426,Strong_Downtrend_LowVol
2024-04-24,Best_Regime_Confidence_Sizing,99985.74642234652,0.0,0.0,0.7219113707542419,Strong_Downtrend_LowVol
2024-04-25,Best_Regime_Confidence_Sizing,99985.74642234652,0.0,0.0,0.7219113707542419,Strong_Downtrend_LowVol
2024-04-26,Best_Regime_Confidence_Sizing,99985.74642234652,0.0,0.0,0.7219113707542419,Strong_Downtrend_LowVol
2024-04-29,Best_Regime_Confidence_Sizing,99985.74642234652,0.0,0.0,0.7436636090278625,Strong_Downtrend_LowVol
2024-04-30,Best_Regime_Confidence_Sizing,99985.74642234652,0.0,0.0,0.7923908233642578,Strong_Downtrend_LowVol
2024-05-02,Best_Regime_Confidence_Sizing,99985.74642234652,0.0,0.0,0.7316038608551025,Strong_Downtrend_LowVol
2024-05-03,Best_Regime_Confidence_Sizing,99985.74642234652,0.0,0.0,0.7769486904144287,Strong_Downtrend_LowVol
2024-05-06,Best_Regime_Confidence_Sizing,99985.74642234652,0.0,0.0,0.3915858268737793,Strong_Downtrend_LowVol
2024-05-07,Best_Regime_Confidence_Sizing,99985.74642234652,0.0,0.0,0.3697722554206848,Weak_Downtrend
2024-05-08,Best_Regime_Confidence_Sizing,99985.74642234652,0.0,0.0,0.301511138677597,Weak_Downtrend
2024-05-09,Best_Regime_Confidence_Sizing,99985.74642234652,0.0,0.0,0.3406410813331604,Weak_Downtrend
2024-05-10,Best_Regime_Confidence_Sizing,99985.74642234652,0.0,0.0,0.3453083634376526,Strong_Downtrend_LowVol
2024-05-13,Best_Regime_Confidence_Sizing,99985.74642234652,0.0,0.0,0.339055985212326,Weak_Downtrend
2024-05-14,Best_Regime_Confidence_Sizing,99985.74642234652,0.0,0.0,0.2392671853303909,Strong_Downtrend_LowVol
2024-05-15,Best_Regime_Confidence_Sizing,99985.74642234652,0.0,0.0,0.4329863488674164,Strong_Downtrend_LowVol
2024-05-16,Best_Regime_Confidence_Sizing,99985.74642234652,0.0,0.0,0.3674110770225525,Strong_Downtrend_LowVol
2024-05-17,Best_Regime_Confidence_Sizing,99985.74642234652,0.0,0.0,0.5577951073646545,Strong_Downtrend_LowVol
2024-05-21,Best_Regime_Confidence_Sizing,99985.74642234652,0.0,0.0,0.65833580493927,Strong_Downtrend_LowVol
2024-05-22,Best_Regime_Confidence_Sizing,99985.74642234652,0.0,0.0,0.6579462289810181,Strong_Downtrend_LowVol
2024-05-23,Best_Regime_Confidence_Sizing,99985.74642234652,0.0,0.0,0.3188414573669433,Strong_Downtrend_LowVol
2024-05-24,Best_Regime_Confidence_Sizing,99985.74642234652,0.0,0.0,0.6009922027587891,Strong_Downtrend_LowVol
2024-05-27,Best_Regime_Confidence_Sizing,99985.74642234652,0.0,0.0,0.6740281581878662,Strong_Downtrend_LowVol
2024-05-28,Best_Regime_Confidence_Sizing,99985.74642234652,0.0,0.0,0.7135289907455444,Strong_Downtrend_LowVol
2024-05-29,Best_Regime_Confidence_Sizing,99985.74642234652,0.0,0.0,0.7335686087608337,Strong_Downtrend_LowVol
2024-05-30,Best_Regime_Confidence_Sizing,99985.74642234652,0.0,0.0,0.7196359634399414,Strong_Downtrend_LowVol
2024-05-31,Best_Regime_Confidence_Sizing,99985.74642234652,0.0,0.0,0.8457560539245605,Strong_Downtrend_LowVol
2024-06-03,Best_Regime_Confidence_Sizing,99985.74642234652,0.0,0.0,0.8628421425819397,Strong_Downtrend_LowVol
2024-06-04,Best_Regime_Confidence_Sizing,99985.74642234652,0.0,0.0,0.2884446680545807,Strong_Downtrend_LowVol
2024-06-05,Best_Regime_Confidence_Sizing,99985.74642234652,0.0,0.0,0.2209851294755935,Strong_Downtrend_LowVol
2024-06-06,Best_Regime_Confidence_Sizing,99985.74642234652,0.0,0.0,0.3052290380001068,Weak_Downtrend
2024-06-07,Best_Regime_Confidence_Sizing,99985.74642234652,0.0,0.0,0.2829272449016571,Weak_Uptrend
2024-06-10,Best_Regime_Confidence_Sizing,99985.74642234652,0.0,0.0,0.3222821354866028,Weak_Downtrend
2024-06-11,Best_Regime_Confidence_Sizing,99985.74642234652,0.0,0.0,0.3758260905742645,Weak_Downtrend
2024-06-12,Best_Regime_Confidence_Sizing,99985.74642234652,0.0,0.0,0.4066451489925384,Weak_Downtrend
2024-06-13,Best_Regime_Confidence_Sizing,99985.74642234652,0.0,0.0,0.4400219321250915,Weak_Uptrend
2024-06-14,Best_Regime_Confidence_Sizing,99985.74642234652,0.0,0.0,0.4116044342517853,Weak_Downtrend
2024-06-18,Best_Regime_Confidence_Sizing,99985.74642234652,0.0,0.0,0.3943470120429992,Strong_Downtrend_LowVol
2024-06-19,Best_Regime_Confidence_Sizing,99985.74642234652,0.0,0.0,0.4451701939105987,Strong_Downtrend_LowVol
2024-06-20,Best_Regime_Confidence_Sizing,99985.74642234652,0.0,0.0,0.1704689264297485,Strong_Downtrend_LowVol
2024-06-21,Best_Regime_Confidence_Sizing,99985.74642234652,0.0,0.0,0.1675410717725753,Strong_Downtrend_LowVol
2024-06-24,Best_Regime_Confidence_Sizing,99985.74642234652,0.0,0.0,0.1702487021684646,Weak_Downtrend
2024-06-25,Best_Regime_Confidence_Sizing,99985.74642234652,0.0,0.0,0.2115805596113205,Weak_Downtrend
2024-06-26,Best_Regime_Confidence_Sizing,99985.74642234652,0.0,0.0,0.1747529655694961,Weak_Uptrend
2024-06-27,Best_Regime_Confidence_Sizing,99985.74642234652,0.0,0.0,0.1585526466369629,Strong_Uptrend_LowVol
2024-06-28,Best_Regime_Confidence_Sizing,99985.74642234652,0.0,0.0,0.120798535645008,Strong_Uptrend_LowVol
2024-07-01,Best_Regime_Confidence_Sizing,99985.74642234652,0.0,0.0,0.1676857769489288,Strong_Uptrend_LowVol
2024-07-02,Best_Regime_Confidence_Sizing,99985.74642234652,0.0,0.0,0.09813142567873,Strong_Uptrend_LowVol
2024-07-03,Best_Regime_Confidence_Sizing,99985.74642234652,0.0,0.0,0.1081952154636383,Strong_Uptrend_LowVol
2024-07-04,Best_Regime_Confidence_Sizing,99985.74642234652,0.0,0.0,0.0982093587517738,Strong_Uptrend_LowVol
2024-07-05,Best_Regime_Confidence_Sizing,99985.74642234652,0.0,0.0,0.1049072816967964,Strong_Uptrend_LowVol
2024-07-08,Best_Regime_Confidence_Sizing,99985.74642234652,0.0,0.0,0.1101596057415008,Strong_Uptrend_LowVol
2024-07-09,Best_Regime_Confidence_Sizing,99985.74642234652,0.0,0.0,0.1074301674962043,Strong_Uptrend_LowVol
2024-07-10,Best_Regime_Confidence_Sizing,99985.74642234652,0.0,0.0,0.067156933248043,Weak_Uptrend
2024-07-11,Best_Regime_Confidence_Sizing,99985.74642234652,0.0,0.0,0.0651871934533119,Strong_Uptrend_LowVol
2024-07-12,Best_Regime_Confidence_Sizing,99985.74642234652,0.0,0.0,0.2866563498973846,Strong_Uptrend_HighVol
2024-07-15,Best_Regime_Confidence_Sizing,99985.74642234652,0.0,0.0,0.2609844505786896,Strong_Uptrend_HighVol
2024-07-16,Best_Regime_Confidence_Sizing,99985.74642234652,0.0,0.0,0.2654161155223846,Strong_Uptrend_HighVol
2024-07-18,Best_Regime_Confidence_Sizing,99985.74642234652,0.0,0.0,0.2534982562065124,Strong_Uptrend_HighVol
2024-07-19,Best_Regime_Confidence_Sizing,99985.74642234652,0.0,0.0,0.2295404523611068,Strong_Uptrend_HighVol
2024-07-22,Best_Regime_Confidence_Sizing,99985.74642234652,0.0,0.0,0.2242989689111709,Strong_Uptrend_HighVol
2024-07-23,Best_Regime_Confidence_Sizing,99985.74642234652,0.0,0.0,0.2242989689111709,Strong_Uptrend_HighVol
2024-07-24,Best_Regime_Confidence_Sizing,99985.74642234652,0.0,0.0,0.2841377854347229,Strong_Uptrend_HighVol
2024-07-25,Best_Regime_Confidence_Sizing,99985.74642234652,0.0,0.0,0.2812440991401672,Strong_Uptrend_HighVol
2024-07-26,Best_Regime_Confidence_Sizing,99985.74642234652,0.0,0.0,0.2386145740747451,Strong_Uptrend_HighVol
2024-07-29,Best_Regime_Confidence_Sizing,99985.74642234652,0.0,0.0,0.286546915769577,Strong_Uptrend_HighVol
2024-07-30,Best_Regime_Confidence_Sizing,99985.74642234652,0.0,0.0,0.2715286314487457,Strong_Uptrend_HighVol
2024-07-31,Best_Regime_Confidence_Sizing,99985.74642234652,0.0,0.0,0.2840441465377807,Strong_Uptrend_HighVol
2024-08-01,Best_Regime_Confidence_Sizing,99985.74642234652,0.0,0.0,0.296279102563858,Strong_Uptrend_HighVol
2024-08-02,Best_Regime_Confidence_Sizing,99985.74642234652,0.0,0.0,0.294759064912796,Strong_Uptrend_HighVol
2024-08-05,Best_Regime_Confidence_Sizing,99985.74642234652,0.0,0.0,0.2707370817661285,Strong_Uptrend_HighVol
2024-08-06,Best_Regime_Confidence_Sizing,99985.74642234652,0.0,0.0,0.2707370817661285,Strong_Uptrend_HighVol
2024-08-07,Best_Regime_Confidence_Sizing,99985.74642234652,0.0,0.0,0.3227385282516479,Strong_Uptrend_HighVol
2024-08-08,Best_Regime_Confidence_Sizing,99985.74642234652,0.0,0.0,0.3355268836021423,Strong_Uptrend_HighVol
2024-08-09,Best_Regime_Confidence_Sizing,99985.74642234652,0.0,0.0,0.3270950615406036,Strong_Uptrend_HighVol
2024-08-12,Best_Regime_Confidence_Sizing,99985.74642234652,0.0,0.0,0.3264108598232269,Strong_Uptrend_LowVol
2024-08-13,Best_Regime_Confidence_Sizing,99985.74642234652,0.0,0.0,0.3388810753822326,Strong_Uptrend_LowVol
2024-08-14,Best_Regime_Confidence_Sizing,99985.74642234652,0.0,0.0,0.242540031671524,Strong_Uptrend_HighVol
2024-08-16,Best_Regime_Confidence_Sizing,99985.74642234652,0.0,0.0,0.2669140696525574,Strong_Uptrend_HighVol
2024-08-19,Best_Regime_Confidence_Sizing,99985.74642234652,0.0,0.0,0.2460161000490188,Strong_Uptrend_HighVol
2024-08-20,Best_Regime_Confidence_Sizing,99985.74642234652,0.0,0.0,0.2275067567825317,Strong_Uptrend_HighVol
2024-08-21,Best_Regime_Confidence_Sizing,99985.74642234652,0.0,0.0,0.2480917125940323,Strong_Uptrend_HighVol
2024-08-22,Best_Regime_Confidence_Sizing,99985.74642234652,0.0,0.0,0.2242989689111709,Strong_Uptrend_HighVol
2024-08-23,Best_Regime_Confidence_Sizing,99985.74642234652,0.0,0.0,0.2429498732089996,Strong_Uptrend_HighVol
2024-08-26,Best_Regime_Confidence_Sizing,99985.74642234652,0.0,0.0,0.2439489513635635,Strong_Uptrend_HighVol
2024-08-27,Best_Regime_Confidence_Sizing,99985.74642234652,0.0,0.0,0.244068294763565,Strong_Uptrend_HighVol
2024-08-28,Best_Regime_Confidence_Sizing,99985.74642234652,0.0,0.0,0.2533520460128784,Strong_Uptrend_HighVol
2024-08-29,Best_Regime_Confidence_Sizing,99985.74642234652,0.0,0.0,0.2592674493789673,Strong_Uptrend_HighVol
2024-08-30,Best_Regime_Confidence_Sizing,99985.74642234652,0.0,0.0,0.2506621479988098,Strong_Uptrend_HighVol
2024-09-02,Best_Regime_Confidence_Sizing,99985.74642234652,0.0,0.0,0.2566772103309631,Strong_Uptrend_LowVol
2024-09-03,Best_Regime_Confidence_Sizing,99985.74642234652,0.0,0.0,0.3106915652751922,Strong_Uptrend_LowVol
2024-09-04,Best_Regime_Confidence_Sizing,99985.74642234652,0.0,0.0,0.327718049287796,Strong_Uptrend_LowVol
2024-09-05,Best_Regime_Confidence_Sizing,99985.74642234652,0.0,0.0,0.327718049287796,Strong_Uptrend_LowVol
2024-09-06,Best_Regime_Confidence_Sizing,99985.74642234652,0.0,0.0,0.3231621384620666,Strong_Uptrend_LowVol
2024-09-09,Best_Regime_Confidence_Sizing,99985.74642234652,0.0,0.0,0.357803463935852,Strong_Uptrend_LowVol
2024-09-10,Best_Regime_Confidence_Sizing,99985.74642234652,0.0,0.0,0.3259206712245941,Strong_Uptrend_LowVol
2024-09-11,Best_Regime_Confidence_Sizing,99985.74642234652,0.0,0.0,0.3258581459522247,Strong_Uptrend_LowVol
2024-09-12,Best_Regime_Confidence_Sizing,99985.74642234652,0.0,0.0,0.3316980302333832,Strong_Uptrend_LowVol
2024-09-13,Best_Regime_Confidence_Sizing,99985.74642234652,0.0,0.0,0.3316980302333832,Strong_Uptrend_LowVol
2024-09-16,Best_Regime_Confidence_Sizing,99985.74642234652,0.0,0.0,0.3296115696430206,Strong_Uptrend_LowVol
2024-09-17,Best_Regime_Confidence_Sizing,99985.74642234652,0.0,0.0,0.3421419560909271,Strong_Uptrend_LowVol
2024-09-18,Best_Regime_Confidence_Sizing,99985.74642234652,0.0,0.0,0.236836165189743,Weak_Downtrend
2024-09-19,Best_Regime_Confidence_Sizing,99985.74642234652,0.0,0.0,0.1933979839086532,Strong_Downtrend_LowVol
2024-09-20,Best_Regime_Confidence_Sizing,99985.74642234652,0.0,0.0,0.1933979839086532,Strong_Downtrend_LowVol
2024-09-23,Best_Regime_Confidence_Sizing,99985.74642234652,0.0,0.0,0.2365657389163971,Strong_Downtrend_LowVol
2024-09-24,Best_Regime_Confidence_Sizing,99985.74642234652,0.0,0.0,0.2511974573135376,Strong_Downtrend_LowVol
2024-09-25,Best_Regime_Confidence_Sizing,99985.74642234652,0.0,0.0,0.2854065299034118,Strong_Downtrend_LowVol
2024-09-26,Best_Regime_Confidence_Sizing,99985.74642234652,0.0,0.0,0.3754554092884063,Strong_Downtrend_LowVol
2024-09-27,Best_Regime_Confidence_Sizing,99985.74642234652,0.0,0.0,0.3710492253303528,Strong_Downtrend_LowVol
2024-09-30,Best_Regime_Confidence_Sizing,99985.74642234652,0.0,0.0,0.3588312566280365,Strong_Downtrend_LowVol
2024-10-01,Best_Regime_Confidence_Sizing,99985.74642234652,0.0,0.0,0.384001225233078,Strong_Downtrend_LowVol
2024-10-03,Best_Regime_Confidence_Sizing,99985.74642234652,0.0,0.0,0.6041865348815918,Strong_Downtrend_LowVol
2024-10-04,Best_Regime_Confidence_Sizing,99985.74642234652,0.0,0.0,0.58246910572052,Strong_Downtrend_LowVol
2024-10-07,Best_Regime_Confidence_Sizing,99985.74642234652,0.0,0.0,0.3540689051151275,Strong_Downtrend_LowVol
2024-10-08,Best_Regime_Confidence_Sizing,99985.74642234652,0.0,0.0,0.58246910572052,Strong_Downtrend_LowVol
2024-10-09,Best_Regime_Confidence_Sizing,99985.74642234652,0.0,0.0,0.2640060484409332,Strong_Downtrend_LowVol
2024-10-10,Best_Regime_Confidence_Sizing,99985.74642234652,0.0,0.0,0.4729017913341522,Strong_Downtrend_LowVol
2024-10-11,Best_Regime_Confidence_Sizing,99985.74642234652,0.0,0.0,0.7608885765075684,Strong_Downtrend_LowVol
2024-10-14,Best_Regime_Confidence_Sizing,99985.74642234652,0.0,0.0,0.7580382823944092,Strong_Downtrend_LowVol
2024-10-15,Best_Regime_Confidence_Sizing,99985.74642234652,0.0,0.0,0.7607991695404053,Strong_Downtrend_LowVol
2024-10-16,Best_Regime_Confidence_Sizing,99985.74642234652,0.0,0.0,0.7894052863121033,Strong_Downtrend_LowVol
2024-10-17,Best_Regime_Confidence_Sizing,99985.74642234652,0.0,0.0,0.7607991695404053,Strong_Downtrend_LowVol
2024-10-18,Best_Regime_Confidence_Sizing,99985.74642234652,0.0,0.0,0.7467433214187622,Strong_Downtrend_LowVol
2024-10-21,Best_Regime_Confidence_Sizing,99985.74642234652,0.0,0.0,0.7944980263710022,Strong_Downtrend_LowVol
2024-10-22,Best_Regime_Confidence_Sizing,99985.74642234652,0.0,0.0,0.8129313588142395,Strong_Downtrend_LowVol
2024-10-23,Best_Regime_Confidence_Sizing,99985.74642234652,0.0,0.0,0.7620764970779419,Strong_Downtrend_LowVol
2024-10-24,Best_Regime_Confidence_Sizing,99985.74642234652,0.0,0.0,0.7775447964668274,Strong_Downtrend_LowVol
2024-10-25,Best_Regime_Confidence_Sizing,99985.74642234652,0.0,0.0,0.7742302417755127,Strong_Downtrend_LowVol
2024-10-28,Best_Regime_Confidence_Sizing,99985.74642234652,0.0,0.0,0.7284544706344604,Strong_Downtrend_LowVol
2024-10-29,Best_Regime_Confidence_Sizing,99985.74642234652,0.0,0.0,0.7427082061767578,Strong_Downtrend_LowVol
2024-10-30,Best_Regime_Confidence_Sizing,99985.74642234652,0.0,0.0,0.7393041253089905,Strong_Downtrend_LowVol
2024-10-31,Best_Regime_Confidence_Sizing,99985.74642234652,0.0,0.0,0.9053999185562134,Strong_Downtrend_LowVol
2024-11-01,Best_Regime_Confidence_Sizing,99985.74642234652,0.0,0.0,0.9119563698768616,Strong_Downtrend_LowVol
2024-11-04,Best_Regime_Confidence_Sizing,99985.74642234652,0.0,0.0,0.8962885141372681,Strong_Downtrend_LowVol
2024-11-05,Best_Regime_Confidence_Sizing,99985.74642234652,0.0,0.0,0.8987098336219788,Strong_Downtrend_LowVol
2024-11-06,Best_Regime_Confidence_Sizing,99985.74642234652,0.0,0.0,0.6782045960426331,Strong_Downtrend_HighVol
2024-11-07,Best_Regime_Confidence_Sizing,99985.58301049865,-1.6343514321892627e-06,0.003269871075948227,0.7009809613227844,Strong_Downtrend_HighVol
2024-11-08,Best_Regime_Confidence_Sizing,99985.2759492524,-3.0710552161306026e-06,0.003269871075948227,0.7009809613227844,Strong_Downtrend_HighVol
2024-11-11,Best_Regime_Confidence_Sizing,99988.8556725094,3.580250414869646e-05,0.0,0.5726436972618103,Weak_Downtrend
2024-11-12,Best_Regime_Confidence_Sizing,99988.8556725094,0.0,0.0,0.5741950869560242,Weak_Downtrend
2024-11-13,Best_Regime_Confidence_Sizing,99988.8556725094,0.0,0.0,0.593315601348877,Strong_Downtrend_HighVol
2024-11-14,Best_Regime_Confidence_Sizing,99988.8556725094,0.0,0.0,0.6569667458534241,Strong_Downtrend_HighVol
2024-11-18,Best_Regime_Confidence_Sizing,99988.0766140857,-7.79145254192759e-06,0.01558895905812596,0.7046766877174377,Strong_Downtrend_HighVol
2024-11-19,Best_Regime_Confidence_Sizing,99995.84880437555,7.773117108600403e-05,0.01558895905812596,0.6871570348739624,Strong_Downtrend_HighVol
2024-11-21,Best_Regime_Confidence_Sizing,100008.7572176354,0.00012908949135592707,0.01558895905812596,0.6869116425514221,Strong_Downtrend_HighVol
2024-11-22,Best_Regime_Confidence_Sizing,100072.98657578357,0.0006422373393601966,0.0,0.5649750232696533,Weak_Uptrend
2024-11-25,Best_Regime_Confidence_Sizing,100072.98657578357,0.0,0.0,0.4009934365749359,Strong_Uptrend_HighVol
2024-11-26,Best_Regime_Confidence_Sizing,100072.98657578357,0.0,0.0,0.3805783689022064,Strong_Uptrend_HighVol
2024-11-27,Best_Regime_Confidence_Sizing,100072.98657578357,0.0,0.0,0.3841496407985687,Strong_Uptrend_HighVol
2024-11-28,Best_Regime_Confidence_Sizing,100072.98657578357,0.0,0.0,0.2898951768875122,Weak_Uptrend
2024-11-29,Best_Regime_Confidence_Sizing,100072.98657578357,0.0,0.0,0.4073731303215027,Strong_Uptrend_HighVol
2024-12-02,Best_Regime_Confidence_Sizing,100072.98657578357,0.0,0.0,0.3055686056613922,Strong_Uptrend_HighVol
2024-12-03,Best_Regime_Confidence_Sizing,100072.98657578357,0.0,0.0,0.3819903135299682,Strong_Uptrend_HighVol
2024-12-04,Best_Regime_Confidence_Sizing,100072.98657578357,0.0,0.0,0.4721872210502624,Strong_Uptrend_HighVol
2024-12-05,Best_Regime_Confidence_Sizing,100072.98657578357,0.0,0.0,0.436297208070755,Strong_Uptrend_HighVol
2024-12-06,Best_Regime_Confidence_Sizing,100072.98657578357,0.0,0.0,0.3573099076747894,Strong_Uptrend_HighVol
2024-12-09,Best_Regime_Confidence_Sizing,100072.98657578357,0.0,0.0,0.4462079703807831,Strong_Uptrend_HighVol
2024-12-10,Best_Regime_Confidence_Sizing,100072.98657578357,0.0,0.0,0.3232079446315765,Strong_Uptrend_HighVol
2024-12-11,Best_Regime_Confidence_Sizing,100072.98657578357,0.0,0.0,0.3232079446315765,Strong_Uptrend_HighVol
2024-12-12,Best_Regime_Confidence_Sizing,100072.98657578357,0.0,0.0,0.4023072421550751,Strong_Uptrend_HighVol
2024-12-13,Best_Regime_Confidence_Sizing,100072.98657578357,0.0,0.0,0.4300086498260498,Strong_Uptrend_HighVol
2024-12-16,Best_Regime_Confidence_Sizing,100072.98657578357,0.0,0.0,0.3563823699951172,Strong_Uptrend_HighVol
2024-12-17,Best_Regime_Confidence_Sizing,100072.98657578357,0.0,0.0,0.415903240442276,Strong_Uptrend_HighVol
2024-12-18,Best_Regime_Confidence_Sizing,100072.98657578357,0.0,0.0,0.3719558715820312,Strong_Uptrend_HighVol
2024-12-19,Best_Regime_Confidence_Sizing,100072.98657578357,0.0,0.0,0.3065764605998993,Strong_Uptrend_HighVol
2024-12-20,Best_Regime_Confidence_Sizing,100072.98657578357,0.0,0.0,0.568117082118988,Weak_Downtrend
2024-12-23,Best_Regime_Confidence_Sizing,100072.98657578357,0.0,0.0,0.5576220750808716,Weak_Downtrend
2024-12-24,Best_Regime_Confidence_Sizing,100072.98657578357,0.0,0.0,0.5937625169754028,Weak_Downtrend
2024-12-26,Best_Regime_Confidence_Sizing,100072.98657578357,0.0,0.0,0.5832534432411194,Weak_Downtrend
2024-12-27,Best_Regime_Confidence_Sizing,100072.98657578357,0.0,0.0,0.5656948685646057,Weak_Downtrend
2024-12-30,Best_Regime_Confidence_Sizing,100072.98657578357,0.0,0.0,0.5315733551979065,Weak_Downtrend
2024-12-31,Best_Regime_Confidence_Sizing,100072.98657578357,0.0,0.0,0.6027769446372986,Strong_Downtrend_LowVol
2025-01-01,Best_Regime_Confidence_Sizing,100072.98657578357,0.0,0.0,0.3396520018577575,Strong_Downtrend_LowVol
2025-01-02,Best_Regime_Confidence_Sizing,100072.98657578357,0.0,0.0,0.4462629556655884,Weak_Downtrend
2025-01-03,Best_Regime_Confidence_Sizing,100072.98657578357,0.0,0.0,0.3802525699138641,Strong_Downtrend_LowVol
2025-01-06,Best_Regime_Confidence_Sizing,100072.98657578357,0.0,0.0,0.6027769446372986,Strong_Downtrend_LowVol
2025-01-07,Best_Regime_Confidence_Sizing,100072.98657578357,0.0,0.0,0.589745819568634,Strong_Downtrend_LowVol
2025-01-08,Best_Regime_Confidence_Sizing,100072.98657578357,0.0,0.0,0.4721475541591644,Strong_Downtrend_LowVol
2025-01-09,Best_Regime_Confidence_Sizing,100072.98657578357,0.0,0.0,0.5819497108459473,Strong_Downtrend_LowVol
2025-01-10,Best_Regime_Confidence_Sizing,100072.98657578357,0.0,0.0,0.5834248661994934,Weak_Uptrend
2025-01-13,Best_Regime_Confidence_Sizing,100072.98657578357,0.0,0.0,0.5351479053497314,Strong_Uptrend_HighVol
2025-01-14,Best_Regime_Confidence_Sizing,100072.98657578357,0.0,0.0,0.6169790029525757,Weak_Uptrend
2025-01-15,Best_Regime_Confidence_Sizing,100072.98657578357,0.0,0.0,0.6325839757919312,Weak_Uptrend
2025-01-16,Best_Regime_Confidence_Sizing,100072.98657578357,0.0,0.0,0.6367969512939453,Weak_Downtrend
2025-01-17,Best_Regime_Confidence_Sizing,100072.98657578357,0.0,0.0,0.5152623057365417,Strong_Downtrend_HighVol
2025-01-20,Best_Regime_Confidence_Sizing,100072.98657578357,0.0,0.0,0.6982356905937195,Strong_Downtrend_HighVol
2025-01-21,Best_Regime_Confidence_Sizing,100072.98657578357,0.0,0.0,0.6746646165847778,Strong_Downtrend_HighVol
2025-01-22,Best_Regime_Confidence_Sizing,100072.98657578357,0.0,0.0,0.4914069771766662,Weak_Downtrend
2025-01-23,Best_Regime_Confidence_Sizing,100072.98657578357,0.0,0.0,0.4914069771766662,Strong_Downtrend_HighVol
2025-01-24,Best_Regime_Confidence_Sizing,100072.98657578357,0.0,0.0,0.4914069771766662,Weak_Downtrend
2025-01-27,Best_Regime_Confidence_Sizing,100072.98657578357,0.0,0.0,0.5639668703079224,Strong_Downtrend_HighVol
2025-01-28,Best_Regime_Confidence_Sizing,100072.98657578357,0.0,0.0,0.5229705572128296,Strong_Downtrend_HighVol
2025-01-29,Best_Regime_Confidence_Sizing,100072.98657578357,0.0,0.0,0.592658281326294,Strong_Downtrend_HighVol
2025-01-30,Best_Regime_Confidence_Sizing,100072.98657578357,0.0,0.0,0.592658281326294,Strong_Downtrend_HighVol
2025-01-31,Best_Regime_Confidence_Sizing,100072.98657578357,0.0,0.0,0.5554901361465454,Strong_Downtrend_HighVol
2025-02-01,Best_Regime_Confidence_Sizing,100069.9614757339,-3.0228937430321068e-05,0.06053225199381524,0.7181596755981445,Strong_Downtrend_HighVol
2025-02-03,Best_Regime_Confidence_Sizing,100063.27723844833,-6.679564163913909e-05,0.06053225199381524,0.7153918743133545,Strong_Downtrend_HighVol
2025-02-04,Best_Regime_Confidence_Sizing,100120.31591822802,0.0005700261010217478,0.06053225199381524,0.5213248133659363,Strong_Downtrend_HighVol
2025-02-05,Best_Regime_Confidence_Sizing,100096.6244456875,-0.00023663002182161552,0.06053225199381524,0.6626167893409729,Strong_Downtrend_HighVol
2025-02-06,Best_Regime_Confidence_Sizing,100075.14306199881,-0.00021460647457038906,0.0,0.6966712474822998,Strong_Downtrend_LowVol
2025-02-07,Best_Regime_Confidence_Sizing,100075.14306199881,0.0,0.0,0.6849414706230164,Strong_Downtrend_LowVol
2025-02-10,Best_Regime_Confidence_Sizing,100075.14306199881,0.0,0.0,0.6849414706230164,Strong_Downtrend_LowVol
2025-02-11,Best_Regime_Confidence_Sizing,100075.14306199881,0.0,0.0,0.5199754238128662,Strong_Downtrend_LowVol
2025-02-12,Best_Regime_Confidence_Sizing,100075.14306199881,0.0,0.0,0.5351260304450989,Strong_Downtrend_LowVol
2025-02-13,Best_Regime_Confidence_Sizing,100075.14306199881,0.0,0.0,0.8337576985359192,Strong_Downtrend_LowVol
2025-02-14,Best_Regime_Confidence_Sizing,100075.14306199881,0.0,0.0,0.5098326802253723,Strong_Downtrend_LowVol
2025-02-17,Best_Regime_Confidence_Sizing,100075.14306199881,0.0,0.0,0.8371390700340271,Strong_Downtrend_LowVol
2025-02-18,Best_Regime_Confidence_Sizing,100075.14306199881,0.0,0.0,0.9005553126335144,Strong_Downtrend_LowVol
2025-02-19,Best_Regime_Confidence_Sizing,100075.14306199881,0.0,0.0,0.9314850568771362,Strong_Downtrend_LowVol
2025-02-20,Best_Regime_Confidence_Sizing,100075.14306199881,0.0,0.0,0.9293535351753236,Strong_Downtrend_LowVol
2025-02-21,Best_Regime_Confidence_Sizing,100075.14306199881,0.0,0.0,0.9348692297935486,Strong_Downtrend_LowVol
2025-02-24,Best_Regime_Confidence_Sizing,100075.14306199881,0.0,0.0,0.9287832975387572,Strong_Downtrend_LowVol
2025-02-25,Best_Regime_Confidence_Sizing,100075.14306199881,0.0,0.0,0.9299870729446412,Strong_Downtrend_LowVol
2025-02-27,Best_Regime_Confidence_Sizing,100075.14306199881,0.0,0.0,0.9354568123817444,Strong_Downtrend_LowVol
2025-02-28,Best_Regime_Confidence_Sizing,100075.14306199881,0.0,0.0,0.9313012957572936,Strong_Downtrend_LowVol
2025-03-03,Best_Regime_Confidence_Sizing,100075.14306199881,0.0,0.0,0.9012481570243835,Strong_Downtrend_LowVol
2025-03-04,Best_Regime_Confidence_Sizing,100075.14306199881,0.0,0.0,0.9005647897720337,Strong_Downtrend_LowVol
2025-03-05,Best_Regime_Confidence_Sizing,100075.14306199881,0.0,0.0,0.8894710540771484,Strong_Downtrend_LowVol
2025-03-06,Best_Regime_Confidence_Sizing,100075.14306199881,0.0,0.0,0.8298525214195251,Strong_Downtrend_LowVol
2025-03-07,Best_Regime_Confidence_Sizing,100075.14306199881,0.0,0.0,0.8402940034866333,Strong_Downtrend_LowVol
2025-03-10,Best_Regime_Confidence_Sizing,100075.14306199881,0.0,0.0,0.8483890295028687,Strong_Downtrend_LowVol
2025-03-11,Best_Regime_Confidence_Sizing,100075.14306199881,0.0,0.0,0.8764618635177612,Strong_Downtrend_LowVol
2025-03-12,Best_Regime_Confidence_Sizing,100075.14306199881,0.0,0.0,0.8382480144500732,Strong_Downtrend_LowVol
2025-03-13,Best_Regime_Confidence_Sizing,100075.14306199881,0.0,0.0,0.8172340989112854,Strong_Downtrend_LowVol
2025-03-17,Best_Regime_Confidence_Sizing,100075.14306199881,0.0,0.0,0.8106125593185425,Strong_Downtrend_LowVol
2025-03-18,Best_Regime_Confidence_Sizing,100075.14306199881,0.0,0.0,0.8179736733436584,Strong_Downtrend_LowVol
2025-03-20,Best_Regime_Confidence_Sizing,100058.2579309623,-0.00016872452559024698,0.33787147204081225,0.8013614416122437,Strong_Downtrend_HighVol
2025-03-21,Best_Regime_Confidence_Sizing,100199.95054215843,0.0014161011207480811,0.33787147204081225,0.7974686622619629,Strong_Downtrend_HighVol
2025-03-24,Best_Regime_Confidence_Sizing,100681.88729100782,0.0048097503665593955,0.33787147204081225,0.7744424939155579,Strong_Downtrend_HighVol
2025-03-25,Best_Regime_Confidence_Sizing,100954.84386687417,0.0027110792537827777,0.33787147204081225,0.7823407053947449,Strong_Downtrend_HighVol
2025-03-26,Best_Regime_Confidence_Sizing,100746.8100698461,-0.002060661866828295,0.33787147204081225,0.8817691206932068,Strong_Downtrend_HighVol
2025-03-27,Best_Regime_Confidence_Sizing,100842.66042584683,0.0009513984207962789,0.0,0.8777562975883484,Strong_Downtrend_LowVol
2025-03-28,Best_Regime_Confidence_Sizing,100842.66042584683,0.0,0.0,0.88265460729599,Strong_Downtrend_LowVol
2025-04-01,Best_Regime_Confidence_Sizing,100842.66042584683,0.0,0.0,0.9332331418991088,Strong_Downtrend_LowVol
2025-04-02,Best_Regime_Confidence_Sizing,100842.66042584683,0.0,0.0,0.9217604398727416,Strong_Downtrend_LowVol
2025-04-03,Best_Regime_Confidence_Sizing,100814.33779596431,-0.0002808596060726032,0.5667358239491781,0.8700207471847534,Strong_Downtrend_HighVol
2025-04-04,Best_Regime_Confidence_Sizing,99087.424239622,-0.017129642410957047,0.5667358239491781,0.84055495262146,Strong_Downtrend_HighVol
2025-04-07,Best_Regime_Confidence_Sizing,98665.47719685166,-0.004258330923508136,0.5667358239491781,0.8669483661651611,Strong_Downtrend_HighVol
2025-04-08,Best_Regime_Confidence_Sizing,98980.06512524652,0.003188429604077392,0.5667358239491781,0.7657562494277954,Strong_Downtrend_HighVol
2025-04-09,Best_Regime_Confidence_Sizing,98208.57413372255,-0.007794407798658698,0.5667358239491781,0.8892604112625122,Strong_Downtrend_HighVol
2025-04-11,Best_Regime_Confidence_Sizing,97957.23376413537,-0.0025592507762606242,0.5667358239491781,0.921689748764038,Strong_Downtrend_HighVol
2025-04-15,Best_Regime_Confidence_Sizing,98235.2036154025,0.002837665383002008,0.5667358239491781,0.9234642386436462,Strong_Downtrend_HighVol
2025-04-16,Best_Regime_Confidence_Sizing,98661.31595936649,0.004337674563512417,0.5667358239491781,0.8622910380363464,Strong_Downtrend_HighVol
2025-04-17,Best_Regime_Confidence_Sizing,99079.10176465168,0.004234545234094167,0.5667358239491781,0.7736369371414185,Strong_Downtrend_HighVol
2025-04-21,Best_Regime_Confidence_Sizing,99456.9453792712,0.003813555107887723,0.5667358239491781,0.5356848835945129,Strong_Downtrend_HighVol
2025-04-22,Best_Regime_Confidence_Sizing,99337.09848873175,-0.001205012782993009,0.5667358239491781,0.7257519960403442,Strong_Downtrend_HighVol
2025-04-23,Best_Regime_Confidence_Sizing,100893.70837109794,0.015669975326919383,0.0,0.3339495956897735,Strong_Downtrend_HighVol
2025-04-24,Best_Regime_Confidence_Sizing,100893.70837109794,0.0,0.0,0.3408219814300537,Strong_Downtrend_HighVol
2025-04-25,Best_Regime_Confidence_Sizing,100893.70837109794,0.0,0.0,0.3011215627193451,Strong_Downtrend_HighVol
2025-04-28,Best_Regime_Confidence_Sizing,100893.70837109794,0.0,0.0,0.3011215627193451,Strong_Downtrend_HighVol
2025-04-29,Best_Regime_Confidence_Sizing,100893.70837109794,0.0,0.0,0.3088956773281097,Strong_Downtrend_HighVol
2025-04-30,Best_Regime_Confidence_Sizing,100893.70837109794,0.0,0.0,0.3119304180145263,Strong_Downtrend_HighVol
2025-05-02,Best_Regime_Confidence_Sizing,100893.70837109794,0.0,0.0,0.3195918798446655,Strong_Downtrend_HighVol
2025-05-05,Best_Regime_Confidence_Sizing,100893.70837109794,0.0,0.0,0.0899633169174194,Strong_Downtrend_HighVol
2025-05-06,Best_Regime_Confidence_Sizing,100893.70837109794,0.0,0.0,0.0826934874057769,Strong_Downtrend_HighVol
2025-05-07,Best_Regime_Confidence_Sizing,100893.70837109794,0.0,0.0,0.0829680934548378,Strong_Downtrend_LowVol
2025-05-08,Best_Regime_Confidence_Sizing,100893.70837109794,0.0,0.0,0.081339031457901,Strong_Downtrend_LowVol
2025-05-09,Best_Regime_Confidence_Sizing,100893.70837109794,0.0,0.0,0.0826145634055137,Strong_Downtrend_LowVol
2025-05-12,Best_Regime_Confidence_Sizing,100893.70837109794,0.0,0.0,0.2193900197744369,Strong_Uptrend_HighVol
2025-05-13,Best_Regime_Confidence_Sizing,100893.70837109794,0.0,0.0,0.1284363120794296,Weak_Uptrend
2025-05-14,Best_Regime_Confidence_Sizing,100893.70837109794,0.0,0.0,0.1629817634820938,Strong_Uptrend_HighVol
2025-05-15,Best_Regime_Confidence_Sizing,100893.70837109794,0.0,0.0,0.2577900290489197,Strong_Uptrend_HighVol
2025-05-16,Best_Regime_Confidence_Sizing,100893.70837109794,0.0,0.0,0.2359750717878341,Strong_Uptrend_HighVol
2025-05-19,Best_Regime_Confidence_Sizing,100893.70837109794,0.0,0.0,0.1506282389163971,Weak_Uptrend
2025-05-20,Best_Regime_Confidence_Sizing,100893.70837109794,0.0,0.0,0.1483691036701202,Weak_Uptrend
2025-05-21,Best_Regime_Confidence_Sizing,100893.70837109794,0.0,0.0,0.1527998149394989,Weak_Uptrend
2025-05-22,Best_Regime_Confidence_Sizing,100893.70837109794,0.0,0.0,0.1515970677137375,Weak_Uptrend
2025-05-23,Best_Regime_Confidence_Sizing,100893.70837109794,0.0,0.0,0.1452295333147049,Weak_Uptrend
2025-05-26,Best_Regime_Confidence_Sizing,100893.70837109794,0.0,0.0,0.1492395401000976,Strong_Uptrend_HighVol
2025-05-27,Best_Regime_Confidence_Sizing,100893.70837109794,0.0,0.0,0.1209469586610794,Weak_Uptrend
2025-05-28,Best_Regime_Confidence_Sizing,100893.70837109794,0.0,0.0,0.1188810318708419,Weak_Uptrend
2025-05-29,Best_Regime_Confidence_Sizing,100893.70837109794,0.0,0.0,0.1247487217187881,Weak_Uptrend
2025-05-30,Best_Regime_Confidence_Sizing,100893.70837109794,0.0,0.0,0.1277496218681335,Weak_Downtrend
2025-06-02,Best_Regime_Confidence_Sizing,100893.70837109794,0.0,0.0,0.1162265315651893,Weak_Downtrend
2025-06-03,Best_Regime_Confidence_Sizing,100893.70837109794,0.0,0.0,0.0950516462326049,Strong_Downtrend_HighVol
2025-06-04,Best_Regime_Confidence_Sizing,100893.70837109794,0.0,0.0,0.0978474020957946,Strong_Downtrend_HighVol
2025-06-05,Best_Regime_Confidence_Sizing,100893.70837109794,0.0,0.0,0.1197066605091095,Strong_Downtrend_HighVol
2025-06-06,Best_Regime_Confidence_Sizing,100893.70837109794,0.0,0.0,0.1163363680243492,Strong_Downtrend_HighVol
2025-06-09,Best_Regime_Confidence_Sizing,100893.70837109794,0.0,0.0,0.1302157342433929,Weak_Downtrend
2025-06-10,Best_Regime_Confidence_Sizing,100893.70837109794,0.0,0.0,0.1550361812114715,Weak_Uptrend
2025-06-11,Best_Regime_Confidence_Sizing,100893.70837109794,0.0,0.0,0.1032899543642997,Strong_Uptrend_LowVol
2025-06-12,Best_Regime_Confidence_Sizing,100893.70837109794,0.0,0.0,0.1089804843068122,Weak_Downtrend
2025-06-13,Best_Regime_Confidence_Sizing,100893.70837109794,0.0,0.0,0.0992893651127815,Weak_Uptrend
2025-06-16,Best_Regime_Confidence_Sizing,100893.70837109794,0.0,0.0,0.0993753224611282,Strong_Uptrend_LowVol
2025-06-17,Best_Regime_Confidence_Sizing,100893.70837109794,0.0,0.0,0.1051598191261291,Strong_Uptrend_LowVol
2025-06-18,Best_Regime_Confidence_Sizing,100893.70837109794,0.0,0.0,0.0958040654659271,Weak_Uptrend
2025-06-19,Best_Regime_Confidence_Sizing,100893.70837109794,0.0,0.0,0.1013682037591934,Weak_Downtrend
2025-06-20,Best_Regime_Confidence_Sizing,100893.70837109794,0.0,0.0,0.3934091031551361,Weak_Downtrend
2025-06-23,Best_Regime_Confidence_Sizing,100893.70837109794,0.0,0.0,0.3587758839130401,Strong_Downtrend_LowVol
2025-06-24,Best_Regime_Confidence_Sizing,100893.70837109794,0.0,0.0,0.3609920144081116,Strong_Downtrend_LowVol
2025-06-25,Best_Regime_Confidence_Sizing,100893.70837109794,0.0,0.0,0.4100512862205505,Weak_Downtrend
2025-06-26,Best_Regime_Confidence_Sizing,100893.70837109794,0.0,0.0,0.4143960773944855,Weak_Downtrend
2025-06-27,Best_Regime_Confidence_Sizing,100893.70837109794,0.0,0.0,0.4194229245185852,Weak_Downtrend
2025-06-30,Best_Regime_Confidence_Sizing,100893.70837109794,0.0,0.0,0.428266316652298,Weak_Uptrend
2025-07-01,Best_Regime_Confidence_Sizing,100893.70837109794,0.0,0.0,0.4627661406993866,Weak_Downtrend
2025-07-02,Best_Regime_Confidence_Sizing,100893.70837109794,0.0,0.0,0.4256802499294281,Strong_Downtrend_LowVol
2025-07-03,Best_Regime_Confidence_Sizing,100893.70837109794,0.0,0.0,0.4410309493541717,Strong_Downtrend_LowVol
2025-07-04,Best_Regime_Confidence_Sizing,100893.70837109794,0.0,0.0,0.4267217218875885,Strong_Downtrend_LowVol
2025-07-07,Best_Regime_Confidence_Sizing,100893.70837109794,0.0,0.0,0.4858576357364654,Strong_Downtrend_LowVol
2025-07-08,Best_Regime_Confidence_Sizing,100893.70837109794,0.0,0.0,0.4988323450088501,Strong_Downtrend_LowVol
2025-07-09,Best_Regime_Confidence_Sizing,100893.70837109794,0.0,0.0,0.5903850197792053,Strong_Downtrend_LowVol
2025-07-10,Best_Regime_Confidence_Sizing,100893.70837109794,0.0,0.0,0.5856637954711914,Strong_Downtrend_LowVol
2025-07-11,Best_Regime_Confidence_Sizing,100893.70837109794,0.0,0.0,0.6179961562156677,Strong_Downtrend_LowVol
2025-07-14,Best_Regime_Confidence_Sizing,100893.70837109794,0.0,0.0,0.7899230122566223,Strong_Downtrend_LowVol
2025-07-15,Best_Regime_Confidence_Sizing,100893.70837109794,0.0,0.0,0.6237364411354065,Strong_Downtrend_LowVol
2025-07-16,Best_Regime_Confidence_Sizing,100893.70837109794,0.0,0.0,0.6595312356948853,Strong_Downtrend_LowVol
2025-07-17,Best_Regime_Confidence_Sizing,100893.70837109794,0.0,0.0,0.8487604260444641,Strong_Downtrend_LowVol
2025-07-18,Best_Regime_Confidence_Sizing,100893.70837109794,0.0,0.0,0.855604350566864,Strong_Downtrend_LowVol
2025-07-21,Best_Regime_Confidence_Sizing,100893.70837109794,0.0,0.0,0.9633575081825256,Strong_Downtrend_LowVol
2025-07-22,Best_Regime_Confidence_Sizing,100893.70837109794,0.0,0.0,0.9082272052764891,Strong_Downtrend_LowVol
2025-07-23,Best_Regime_Confidence_Sizing,100893.70837109794,0.0,0.0,0.9015192985534668,Strong_Downtrend_LowVol
2025-07-24,Best_Regime_Confidence_Sizing,100893.70837109794,0.0,0.0,0.8990585207939148,Strong_Downtrend_LowVol
2025-07-25,Best_Regime_Confidence_Sizing,100893.70837109794,0.0,0.0,0.8785457611083984,Strong_Downtrend_LowVol
2025-07-28,Best_Regime_Confidence_Sizing,100893.70837109794,0.0,0.0,0.9403479695320128,Strong_Downtrend_LowVol
2025-07-29,Best_Regime_Confidence_Sizing,100893.70837109794,0.0,0.0,0.9349173903465272,Strong_Downtrend_LowVol
2025-07-30,Best_Regime_Confidence_Sizing,100893.70837109794,0.0,0.0,0.9206264019012452,Strong_Downtrend_LowVol
2025-07-31,Best_Regime_Confidence_Sizing,100893.70837109794,0.0,0.0,0.9206264019012452,Strong_Downtrend_LowVol
2025-08-01,Best_Regime_Confidence_Sizing,100893.70837109794,0.0,0.0,0.9125279784202576,Strong_Downtrend_LowVol
2025-08-04,Best_Regime_Confidence_Sizing,100893.70837109794,0.0,0.0,0.9366900324821472,Strong_Downtrend_LowVol
2025-08-05,Best_Regime_Confidence_Sizing,100893.70837109794,0.0,0.0,0.941231369972229,Strong_Downtrend_LowVol
2025-08-06,Best_Regime_Confidence_Sizing,100893.70837109794,0.0,0.0,0.941231369972229,Strong_Downtrend_LowVol
2025-08-07,Best_Regime_Confidence_Sizing,100893.70837109794,0.0,0.0,0.987498104572296,Strong_Downtrend_LowVol
2025-08-08,Best_Regime_Confidence_Sizing,100893.70837109794,0.0,0.0,0.9880080223083496,Strong_Downtrend_LowVol
2025-08-11,Best_Regime_Confidence_Sizing,100893.70837109794,0.0,0.0,0.9852622151374816,Strong_Downtrend_LowVol
2025-08-12,Best_Regime_Confidence_Sizing,100893.70837109794,0.0,0.0,0.9842133522033693,Strong_Downtrend_LowVol
2025-08-13,Best_Regime_Confidence_Sizing,100893.70837109794,0.0,0.0,0.9842133522033693,Strong_Downtrend_LowVol
2025-08-14,Best_Regime_Confidence_Sizing,100893.70837109794,0.0,0.0,0.9842133522033693,Strong_Downtrend_LowVol
2025-08-18,Best_Regime_Confidence_Sizing,100893.70837109794,0.0,0.0,0.9858249425888062,Strong_Downtrend_LowVol
2025-08-19,Best_Regime_Confidence_Sizing,100893.70837109794,0.0,0.0,0.986070454120636,Strong_Downtrend_LowVol
2025-08-20,Best_Regime_Confidence_Sizing,100893.70837109794,0.0,0.0,0.9712477922439576,Strong_Downtrend_LowVol
2025-08-21,Best_Regime_Confidence_Sizing,100893.70837109794,0.0,0.0,0.9708141684532166,Strong_Downtrend_LowVol
2025-08-22,Best_Regime_Confidence_Sizing,100893.70837109794,0.0,0.0,0.9770167469978333,Strong_Downtrend_LowVol
2025-08-25,Best_Regime_Confidence_Sizing,100893.70837109794,0.0,0.0,0.9736238718032836,Strong_Downtrend_LowVol
2025-08-26,Best_Regime_Confidence_Sizing,100893.70837109794,0.0,0.0,0.971051812171936,Strong_Downtrend_LowVol
2025-08-28,Best_Regime_Confidence_Sizing,100893.70837109794,0.0,0.0,0.9713123440742492,Strong_Downtrend_LowVol
2025-08-29,Best_Regime_Confidence_Sizing,100893.70837109794,0.0,0.0,0.9690134525299072,Strong_Downtrend_LowVol
2025-09-01,Best_Regime_Confidence_Sizing,100893.70837109794,0.0,0.0,0.9727265238761902,Strong_Downtrend_LowVol
2025-09-02,Best_Regime_Confidence_Sizing,100893.70837109794,0.0,0.0,0.9643352627754213,Strong_Downtrend_LowVol
2025-09-03,Best_Regime_Confidence_Sizing,100893.70837109794,0.0,0.0,0.9579710960388184,Strong_Downtrend_LowVol
2025-09-04,Best_Regime_Confidence_Sizing,100893.70837109794,0.0,0.0,0.9535793662071228,Strong_Downtrend_LowVol
2025-09-05,Best_Regime_Confidence_Sizing,100893.70837109794,0.0,0.0,0.9670253992080688,Strong_Downtrend_LowVol
2025-09-08,Best_Regime_Confidence_Sizing,100893.70837109794,0.0,0.0,0.9691795706748962,Strong_Downtrend_LowVol
2025-09-09,Best_Regime_Confidence_Sizing,100893.70837109794,0.0,0.0,0.9670253992080688,Strong_Downtrend_LowVol
2025-09-10,Best_Regime_Confidence_Sizing,100893.70837109794,0.0,0.0,0.9643352627754213,Weak_Downtrend
2025-09-11,Best_Regime_Confidence_Sizing,100893.70837109794,0.0,0.0,0.9641016721725464,Weak_Downtrend
2025-09-12,Best_Regime_Confidence_Sizing,100893.70837109794,0.0,0.0,0.9628449082374572,Weak_Downtrend
2025-09-15,Best_Regime_Confidence_Sizing,100893.70837109794,0.0,0.0,0.9638316035270692,Weak_Downtrend
2025-09-16,Best_Regime_Confidence_Sizing,100893.70837109794,0.0,0.0,0.956531822681427,Weak_Uptrend
2025-09-17,Best_Regime_Confidence_Sizing,100893.70837109794,0.0,0.0,0.937637746334076,Strong_Uptrend_LowVol
2025-09-18,Best_Regime_Confidence_Sizing,100893.70837109794,0.0,0.0,0.9417906999588012,Strong_Uptrend_LowVol
2025-09-19,Best_Regime_Confidence_Sizing,100893.70837109794,0.0,0.0,0.942858338356018,Strong_Uptrend_LowVol
2025-09-22,Best_Regime_Confidence_Sizing,100893.70837109794,0.0,0.0,0.9547319412231444,Weak_Downtrend
2025-09-23,Best_Regime_Confidence_Sizing,100893.70837109794,0.0,0.0,0.9566178917884828,Strong_Downtrend_LowVol
2025-09-24,Best_Regime_Confidence_Sizing,100893.70837109794,0.0,0.0,0.9583116769790648,Strong_Downtrend_LowVol
2025-09-25,Best_Regime_Confidence_Sizing,100893.70837109794,0.0,0.0,0.9579023718833924,Strong_Downtrend_LowVol
2025-09-26,Best_Regime_Confidence_Sizing,100893.70837109794,0.0,0.0,0.9653401374816896,Strong_Downtrend_LowVol
2025-09-29,Best_Regime_Confidence_Sizing,100893.70837109794,0.0,0.0,0.962936282157898,Strong_Downtrend_LowVol
2025-09-30,Best_Regime_Confidence_Sizing,100893.70837109794,0.0,0.0,0.962936282157898,Strong_Downtrend_LowVol
2025-10-01,Best_Regime_Confidence_Sizing,100893.70837109794,0.0,0.0,0.962936282157898,Strong_Downtrend_LowVol
2025-10-03,Best_Regime_Confidence_Sizing,100893.70837109794,0.0,0.0,0.962936282157898,Strong_Downtrend_LowVol
2025-10-06,Best_Regime_Confidence_Sizing,100849.04341457665,-0.0004426931792119726,0.8937457799911499,0.968123733997345,Strong_Downtrend_HighVol
2025-10-07,Best_Regime_Confidence_Sizing,100409.62921205172,-0.0043571479475373875,0.8937457799911499,0.9727320671081544,Strong_Downtrend_HighVol
2025-10-08,Best_Regime_Confidence_Sizing,101883.56932623903,0.014679270561536839,0.0,0.9827795028686525,Weak_Downtrend
2025-10-09,Best_Regime_Confidence_Sizing,101883.56932623903,0.0,0.0,0.9763903617858888,Weak_Uptrend
2025-10-10,Best_Regime_Confidence_Sizing,101883.56932623903,0.0,0.0,0.977544903755188,Weak_Downtrend
2025-10-13,Best_Regime_Confidence_Sizing,101837.81197534599,-0.0004491141328835102,0.9156045913696292,0.9746813774108888,Strong_Downtrend_HighVol
2025-10-14,Best_Regime_Confidence_Sizing,100410.56049673662,-0.014014946422404417,0.9156045913696292,0.9604268074035645,Strong_Downtrend_HighVol
2025-10-15,Best_Regime_Confidence_Sizing,100699.66321058472,0.002879206254978506,0.9156045913696292,0.9647738337516784,Strong_Downtrend_HighVol
2025-10-16,Best_Regime_Confidence_Sizing,100727.04891687697,0.0002719542987446033,0.9156045913696292,0.9654051661491394,Strong_Downtrend_HighVol
2025-10-17,Best_Regime_Confidence_Sizing,100468.37806764446,-0.0025680376027493734,0.9156045913696292,0.9611329436302184,Strong_Downtrend_HighVol
2025-10-20,Best_Regime_Confidence_Sizing,101945.06306719285,0.014698007750798547,0.0,0.9703359007835388,Weak_Downtrend
2025-10-21,Best_Regime_Confidence_Sizing,101945.06306719285,0.0,0.0,0.9728695750236512,Weak_Downtrend
2025-10-23,Best_Regime_Confidence_Sizing,101945.06306719285,0.0,0.0,0.9475018382072448,Weak_Uptrend
2025-10-24,Best_Regime_Confidence_Sizing,101945.06306719285,0.0,0.0,0.9506400227546692,Weak_Uptrend
2025-10-27,Best_Regime_Confidence_Sizing,101945.06306719285,0.0,0.0,0.9327623844146729,Weak_Uptrend
2025-10-28,Best_Regime_Confidence_Sizing,101945.06306719285,0.0,0.0,0.9506400227546692,Weak_Uptrend
2025-10-29,Best_Regime_Confidence_Sizing,101945.06306719285,0.0,0.0,0.9506400227546692,Weak_Uptrend
2025-10-30,Best_Regime_Confidence_Sizing,101945.06306719285,0.0,0.0,0.9624971151351928,Weak_Downtrend
2025-10-31,Best_Regime_Confidence_Sizing,101945.06306719285,0.0,0.0,0.9663246273994446,Weak_Uptrend
2025-11-03,Best_Regime_Confidence_Sizing,101945.06306719285,0.0,0.0,0.9699298739433287,Weak_Downtrend
2025-11-04,Best_Regime_Confidence_Sizing,101945.06306719285,0.0,0.0,0.966317057609558,Strong_Downtrend_LowVol
2025-11-06,Best_Regime_Confidence_Sizing,101945.06306719285,0.0,0.0,0.963252067565918,Strong_Downtrend_LowVol
2025-11-07,Best_Regime_Confidence_Sizing,101945.06306719285,0.0,0.0,0.9678396582603456,Strong_Downtrend_LowVol
2025-11-10,Best_Regime_Confidence_Sizing,101945.06306719285,0.0,0.0,0.9661006927490234,Weak_Downtrend
2025-11-11,Best_Regime_Confidence_Sizing,101945.06306719285,0.0,0.0,0.9406864643096924,Weak_Uptrend
2025-11-12,Best_Regime_Confidence_Sizing,101945.06306719285,0.0,0.0,0.8606312274932861,Strong_Uptrend_LowVol
2025-11-13,Best_Regime_Confidence_Sizing,101945.06306719285,0.0,0.0,0.8599051833152771,Strong_Uptrend_LowVol
2025-11-14,Best_Regime_Confidence_Sizing,101945.06306719285,0.0,0.0,0.8599051833152771,Strong_Uptrend_LowVol
2025-11-17,Best_Regime_Confidence_Sizing,101945.06306719285,0.0,0.0,0.8599051833152771,Strong_Uptrend_LowVol
2025-11-18,Best_Regime_Confidence_Sizing,101945.06306719285,0.0,0.0,0.9306931495666504,Strong_Uptrend_LowVol
2025-11-19,Best_Regime_Confidence_Sizing,101945.06306719285,0.0,0.0,0.8328841328620911,Strong_Uptrend_LowVol
2025-11-20,Best_Regime_Confidence_Sizing,101945.06306719285,0.0,0.0,0.9005966186523438,Strong_Uptrend_LowVol
2025-11-21,Best_Regime_Confidence_Sizing,101945.06306719285,0.0,0.0,0.9034711718559264,Strong_Uptrend_LowVol
2025-11-24,Best_Regime_Confidence_Sizing,101945.06306719285,0.0,0.0,0.91062593460083,Strong_Uptrend_LowVol
2025-11-25,Best_Regime_Confidence_Sizing,101945.06306719285,0.0,0.0,0.9159547090530396,Strong_Uptrend_LowVol
2025-11-26,Best_Regime_Confidence_Sizing,101945.06306719285,0.0,0.0,0.9081119894981384,Strong_Uptrend_LowVol
2025-11-27,Best_Regime_Confidence_Sizing,101945.06306719285,0.0,0.0,0.9089021682739258,Strong_Uptrend_LowVol
2025-11-28,Best_Regime_Confidence_Sizing,101945.06306719285,0.0,0.0,0.91062593460083,Strong_Uptrend_LowVol
2025-12-01,Best_Regime_Confidence_Sizing,101945.06306719285,0.0,0.0,0.9055212140083312,Strong_Uptrend_LowVol
2025-12-02,Best_Regime_Confidence_Sizing,101945.06306719285,0.0,0.0,0.9086408615112304,Strong_Uptrend_LowVol
2025-12-03,Best_Regime_Confidence_Sizing,101945.06306719285,0.0,0.0,0.9030855298042296,Strong_Uptrend_LowVol
2025-12-04,Best_Regime_Confidence_Sizing,101945.06306719285,0.0,0.0,0.8852713108062744,Strong_Uptrend_LowVol
2025-12-05,Best_Regime_Confidence_Sizing,101945.06306719285,0.0,0.0,0.8541183471679688,Strong_Uptrend_LowVol
2025-12-08,Best_Regime_Confidence_Sizing,101945.06306719285,0.0,0.0,0.9100547432899476,Strong_Uptrend_LowVol
2025-12-09,Best_Regime_Confidence_Sizing,101945.06306719285,0.0,0.0,0.9096060395240784,Strong_Uptrend_LowVol
2025-12-10,Best_Regime_Confidence_Sizing,101945.06306719285,0.0,0.0,0.9117956757545472,Strong_Uptrend_LowVol
2025-12-11,Best_Regime_Confidence_Sizing,101945.06306719285,0.0,0.0,0.911511480808258,Strong_Uptrend_LowVol
2025-12-12,Best_Regime_Confidence_Sizing,101945.06306719285,0.0,0.0,0.9147669672966005,Strong_Uptrend_LowVol
2025-12-15,Best_Regime_Confidence_Sizing,101945.06306719285,0.0,0.0,0.9173659682273864,Strong_Uptrend_LowVol
2025-12-16,Best_Regime_Confidence_Sizing,101945.06306719285,0.0,0.0,0.915477454662323,Strong_Uptrend_LowVol
2025-12-17,Best_Regime_Confidence_Sizing,101945.06306719285,0.0,0.0,0.912119209766388,Strong_Uptrend_LowVol
2025-12-18,Best_Regime_Confidence_Sizing,101945.06306719285,0.0,0.0,0.8625403046607971,Strong_Uptrend_LowVol
2025-12-19,Best_Regime_Confidence_Sizing,101945.06306719285,0.0,0.0,0.8110222816467285,Strong_Uptrend_LowVol
2025-12-22,Best_Regime_Confidence_Sizing,101945.06306719285,0.0,0.0,0.7777234315872192,Strong_Uptrend_LowVol
2025-12-23,Best_Regime_Confidence_Sizing,101945.06306719285,0.0,0.0,0.6881771087646484,Strong_Uptrend_LowVol
2025-12-24,Best_Regime_Confidence_Sizing,101945.06306719285,0.0,0.0,0.6359147429466248,Strong_Uptrend_LowVol
2025-12-26,Best_Regime_Confidence_Sizing,101945.06306719285,0.0,0.0,0.5904250741004944,Strong_Uptrend_LowVol
2025-12-29,Best_Regime_Confidence_Sizing,101945.06306719285,0.0,0.0,0.6342337727546692,Strong_Uptrend_LowVol
2025-12-30,Best_Regime_Confidence_Sizing,101945.06306719285,0.0,0.0,0.6397947669029236,Strong_Uptrend_LowVol
2025-12-31,Best_Regime_Confidence_Sizing,101945.06306719285,0.0,0.0,0.6781485676765442,Strong_Uptrend_LowVol
2026-01-01,Best_Regime_Confidence_Sizing,101945.06306719285,0.0,0.0,0.6353537440299988,Strong_Uptrend_LowVol
2026-01-02,Best_Regime_Confidence_Sizing,101945.06306719285,0.0,0.0,0.6343141794204712,Strong_Uptrend_LowVol
2026-01-05,Best_Regime_Confidence_Sizing,101945.06306719285,0.0,0.0,0.7173580527305603,Strong_Uptrend_LowVol
2026-01-06,Best_Regime_Confidence_Sizing,101945.06306719285,0.0,0.0,0.7044039964675903,Strong_Uptrend_LowVol
2026-01-07,Best_Regime_Confidence_Sizing,101945.06306719285,0.0,0.0,0.6318003535270691,Strong_Uptrend_LowVol
2026-01-08,Best_Regime_Confidence_Sizing,101945.06306719285,0.0,0.0,0.8231950402259827,Weak_Uptrend
2026-01-09,Best_Regime_Confidence_Sizing,101945.06306719285,0.0,0.0,0.8598480820655823,Weak_Uptrend
2026-01-12,Best_Regime_Confidence_Sizing,101945.06306719285,0.0,0.0,0.8318573236465454,Strong_Uptrend_LowVol
2026-01-13,Best_Regime_Confidence_Sizing,101945.06306719285,0.0,0.0,0.8175870180130005,Strong_Uptrend_LowVol
2026-01-14,Best_Regime_Confidence_Sizing,101945.06306719285,0.0,0.0,0.827639102935791,Weak_Uptrend
2026-01-15,Best_Regime_Confidence_Sizing,101945.06306719285,0.0,0.0,0.8406797647476196,Weak_Uptrend
2026-01-19,Best_Regime_Confidence_Sizing,101945.06306719285,0.0,0.0,0.869513213634491,Weak_Downtrend
2026-01-20,Best_Regime_Confidence_Sizing,101945.06306719285,0.0,0.0,0.8401575088500977,Strong_Downtrend_LowVol
2026-01-21,Best_Regime_Confidence_Sizing,101945.06306719285,0.0,0.0,0.8438032865524292,Strong_Downtrend_LowVol
2026-01-22,Best_Regime_Confidence_Sizing,101945.06306719285,0.0,0.0,0.8300250172615051,Strong_Downtrend_LowVol
2026-01-23,Best_Regime_Confidence_Sizing,101945.06306719285,0.0,0.0,0.8224173784255981,Weak_Downtrend
2026-01-27,Best_Regime_Confidence_Sizing,101945.06306719285,0.0,0.0,0.8477258086204529,Strong_Downtrend_LowVol
2026-01-28,Best_Regime_Confidence_Sizing,101945.06306719285,0.0,0.0,0.9137017726898192,Weak_Downtrend
2026-01-29,Best_Regime_Confidence_Sizing,101945.06306719285,0.0,0.0,0.8514362573623657,Strong_Downtrend_LowVol
2026-01-30,Best_Regime_Confidence_Sizing,101945.06306719285,0.0,0.0,0.8841233253479004,Strong_Downtrend_LowVol
2026-02-02,Best_Regime_Confidence_Sizing,101945.06306719285,0.0,0.0,0.8755874633789062,Weak_Downtrend
2026-02-03,Best_Regime_Confidence_Sizing,101945.06306719285,0.0,0.0,0.8813784718513489,Weak_Uptrend
2026-02-04,Best_Regime_Confidence_Sizing,101945.06306719285,0.0,0.0,0.5002995729446411,Strong_Downtrend_HighVol
2026-02-05,Best_Regime_Confidence_Sizing,101945.06306719285,0.0,0.0,0.4957831799983978,Strong_Downtrend_HighVol
2026-02-06,Best_Regime_Confidence_Sizing,101945.06306719285,0.0,0.0,0.5736830234527588,Strong_Downtrend_HighVol
2026-02-09,Best_Regime_Confidence_Sizing,101945.06306719285,0.0,0.0,0.5795756578445435,Strong_Downtrend_HighVol
2026-02-10,Best_Regime_Confidence_Sizing,101945.06306719285,0.0,0.0,0.6162283420562744,Strong_Downtrend_HighVol
2026-02-11,Best_Regime_Confidence_Sizing,101945.06306719285,0.0,0.0,0.6090642809867859,Strong_Downtrend_HighVol
2026-02-12,Best_Regime_Confidence_Sizing,101945.06306719285,0.0,0.0,0.575156569480896,Strong_Downtrend_HighVol
2026-02-13,Best_Regime_Confidence_Sizing,101945.06306719285,0.0,0.0,0.6834486126899719,Strong_Downtrend_HighVol
2026-02-16,Best_Regime_Confidence_Sizing,101945.06306719285,0.0,0.0,0.6886090040206909,Strong_Downtrend_HighVol
2026-02-17,Best_Regime_Confidence_Sizing,101945.06306719285,0.0,0.0,0.6886090040206909,Strong_Downtrend_HighVol
2026-02-18,Best_Regime_Confidence_Sizing,101945.06306719285,0.0,0.0,0.6886090040206909,Strong_Downtrend_HighVol
2026-02-19,Best_Regime_Confidence_Sizing,101945.06306719285,0.0,0.0,0.6999552249908447,Strong_Downtrend_HighVol
2026-02-20,Best_Regime_Confidence_Sizing,101945.06306719285,0.0,0.0,0.6886090040206909,Strong_Downtrend_HighVol
2026-02-23,Best_Regime_Confidence_Sizing,101943.2618233668,-1.7668769549561425e-05,0.036042888959249,0.7108128666877747,Strong_Downtrend_HighVol
2026-02-24,Best_Regime_Confidence_Sizing,101805.1548928406,-0.001354743099798994,0.036042888959249,0.5692920088768005,Strong_Downtrend_HighVol
2026-02-25,Best_Regime_Confidence_Sizing,101879.99652554536,0.0007351458065512073,0.036042888959249,0.7124689221382141,Strong_Downtrend_HighVol
2026-02-26,Best_Regime_Confidence_Sizing,101904.76408515521,0.00024310522629078513,0.036042888959249,0.7124689221382141,Strong_Downtrend_HighVol
2026-02-27,Best_Regime_Confidence_Sizing,101890.89949671506,-0.00013605436963248785,0.036042888959249,0.7124689221382141,Strong_Downtrend_HighVol
2026-03-02,Best_Regime_Confidence_Sizing,101858.72855118994,-0.0003157391453411096,0.036042888959249,0.7124689221382141,Strong_Downtrend_HighVol
2026-03-04,Best_Regime_Confidence_Sizing,101824.1346136392,-0.00033962663821551775,0.036042888959249,0.612808108329773,Strong_Downtrend_HighVol
2026-03-05,Best_Regime_Confidence_Sizing,101812.01998214147,-0.00011897603199562123,0.036042888959249,0.6381790041923523,Strong_Downtrend_HighVol
2026-03-06,Best_Regime_Confidence_Sizing,101783.48336033958,-0.00028028735513641045,0.036042888959249,0.551450788974762,Strong_Downtrend_HighVol
2026-03-09,Best_Regime_Confidence_Sizing,101742.83177840957,-0.00039939271665612175,0.036042888959249,0.5580520033836365,Strong_Downtrend_HighVol
2026-03-10,Best_Regime_Confidence_Sizing,101723.58323793419,-0.00018918817315116687,0.036042888959249,0.5968901515007019,Strong_Downtrend_HighVol
2026-03-11,Best_Regime_Confidence_Sizing,101658.70239300872,-0.0006378151738295479,0.036042888959249,0.566049337387085,Strong_Downtrend_HighVol
2026-03-12,Best_Regime_Confidence_Sizing,101628.41581426442,-0.00029792411305051836,0.036042888959249,0.566049337387085,Strong_Downtrend_HighVol
2026-03-13,Best_Regime_Confidence_Sizing,101572.97052626677,-0.0005455687521389585,0.0,0.5712043642997742,Strong_Downtrend_LowVol
2026-03-16,Best_Regime_Confidence_Sizing,101572.97052626677,0.0,0.0,0.6871795058250427,Strong_Downtrend_LowVol
2026-03-17,Best_Regime_Confidence_Sizing,101572.97052626677,0.0,0.0,0.6576871871948242,Strong_Downtrend_LowVol
2026-03-18,Best_Regime_Confidence_Sizing,101572.97052626677,0.0,0.0,0.7019193172454834,Strong_Downtrend_LowVol
2026-03-19,Best_Regime_Confidence_Sizing,101572.97052626677,0.0,0.0,0.5775954127311707,Strong_Downtrend_HighVol
2026-03-20,Best_Regime_Confidence_Sizing,101572.97052626677,0.0,0.0,0.6877574324607849,Strong_Downtrend_HighVol
2026-03-23,Best_Regime_Confidence_Sizing,101571.09111029874,-1.8503111194667632e-05,0.037607113520304505,0.7112821340560913,Strong_Downtrend_HighVol
2026-03-24,Best_Regime_Confidence_Sizing,101594.74346279728,0.0002328650036145241,0.037607113520304505,0.6829464435577393,Strong_Downtrend_HighVol
2026-03-25,Best_Regime_Confidence_Sizing,101560.99920891935,-0.0003321456674605372,0.037607113520304505,0.653741180896759,Strong_Downtrend_HighVol
2026-03-27,Best_Regime_Confidence_Sizing,101574.94150710259,0.00013728004147095518,0.0,0.7112821340560913,Strong_Downtrend_LowVol
2026-03-30,Best_Regime_Confidence_Sizing,101574.94150710259,0.0,0.0,0.6110193729400635,Strong_Downtrend_LowVol
2026-04-01,Best_Regime_Confidence_Sizing,101569.92883094554,-4.9349535256149046e-05,0.10030364990234389,0.7300910949707031,Strong_Downtrend_HighVol
2026-04-02,Best_Regime_Confidence_Sizing,101746.8566118555,0.0017419307362560588,0.10030364990234389,0.7165637016296387,Strong_Downtrend_HighVol
2026-04-06,Best_Regime_Confidence_Sizing,101843.43816192748,0.0009492337482268631,0.10030364990234389,0.7161281704902649,Strong_Downtrend_HighVol
2026-04-07,Best_Regime_Confidence_Sizing,102117.78090731856,0.002693769479334529,0.10030364990234389,0.6689889430999756,Strong_Downtrend_HighVol
2026-04-08,Best_Regime_Confidence_Sizing,102198.54282900208,0.0007908703162753383,0.10030364990234389,0.6941644549369812,Strong_Downtrend_HighVol
2026-04-09,Best_Regime_Confidence_Sizing,102322.60062924132,0.0012138901084608467,0.10030364990234389,0.6637793183326721,Strong_Downtrend_HighVol
2026-04-10,Best_Regime_Confidence_Sizing,102053.25430486904,-0.0026323248501886054,0.10030364990234389,0.6532869338989258,Strong_Downtrend_HighVol
2026-04-13,Best_Regime_Confidence_Sizing,101838.02706642216,-0.0021089698698282255,0.10030364990234389,0.6508364081382751,Strong_Downtrend_HighVol
2026-04-15,Best_Regime_Confidence_Sizing,102180.64169730879,0.003364309391649556,0.10030364990234389,0.6926448345184326,Strong_Downtrend_HighVol
2026-04-16,Best_Regime_Confidence_Sizing,102267.92718858634,0.0008542272765923453,0.0,0.6949173808097839,Weak_Downtrend
2026-04-17,Best_Regime_Confidence_Sizing,102267.92718858634,0.0,0.0,0.6459495425224304,Weak_Downtrend
2026-04-20,Best_Regime_Confidence_Sizing,102267.92718858634,0.0,0.0,0.6459495425224304,Weak_Downtrend
2026-04-21,Best_Regime_Confidence_Sizing,102267.92718858634,0.0,0.0,0.6525094509124756,Weak_Uptrend
2026-04-22,Best_Regime_Confidence_Sizing,102267.92718858634,0.0,0.0,0.6565937995910645,Weak_Downtrend
2026-04-23,Best_Regime_Confidence_Sizing,102267.92718858634,0.0,0.0,0.6608477234840393,Strong_Downtrend_HighVol
2026-04-24,Best_Regime_Confidence_Sizing,102259.54632871949,-8.195003162037029e-05,0.16770100593566906,0.7503103017807007,Strong_Downtrend_HighVol
2026-04-27,Best_Regime_Confidence_Sizing,102614.09699787384,0.0034671645032986476,0.16770100593566906,0.8387162685394287,Strong_Downtrend_HighVol
2026-04-28,Best_Regime_Confidence_Sizing,102593.81603307,-0.0001976430665686646,0.16770100593566906,0.8352342247962952,Strong_Downtrend_HighVol
2026-04-29,Best_Regime_Confidence_Sizing,102803.60852024032,0.0020448843339904155,0.16770100593566906,0.8270660042762756,Strong_Downtrend_HighVol
2026-04-30,Best_Regime_Confidence_Sizing,102784.31003745782,-0.00018772184226101274,0.0,0.4491945803165436,Weak_Downtrend
2026-05-01,Best_Regime_Confidence_Sizing,102784.31003745782,0.0,0.0,0.4491945803165436,Weak_Downtrend
2026-05-05,Best_Regime_Confidence_Sizing,102784.31003745782,0.0,0.0,0.5745407938957214,Strong_Downtrend_HighVol
2026-05-06,Best_Regime_Confidence_Sizing,102784.31003745782,0.0,0.0,0.5760684609413147,Strong_Downtrend_HighVol
2026-05-07,Best_Regime_Confidence_Sizing,102745.03324947611,-0.0003821282447428187,0.7859285275141402,0.935778558254242,Strong_Downtrend_HighVol
2026-05-08,Best_Regime_Confidence_Sizing,102387.41140425672,-0.0022286336026743347,0.7859285275141402,0.9373458623886108,Strong_Downtrend_HighVol
