Regime_Filter,Prediction_Date,Entry_Date,Exit_Date,Entry_Price,Exit_Price,Gross_Return,Net_Return,Threshold,Holding_Period,Regime,Probability
All_Regimes,2025-02-13,2025-02-14,2025-02-21,3934.85009765625,3786.0,-0.03782865775367428,-0.0407130068948931,0.6,5,Weak_Uptrend,0.6079674363136292
All_Regimes,2025-02-24,2025-02-25,2025-03-05,3629.550048828125,3547.050048828125,-0.022730090201301123,-0.0256597010734001,0.6,5,Weak_Downtrend,0.6087058782577515
All_Regimes,2025-03-06,2025-03-07,2025-03-17,3611.199951171875,3497.699951171875,-0.031429995994314286,-0.03433352672382217,0.6,5,Strong_Downtrend_LowVol,0.6301945447921753
All_Regimes,2025-03-18,2025-03-20,2025-03-27,3563.14990234375,3651.199951171875,0.024711295129685062,0.021639466844710187,0.6,5,Strong_Downtrend_LowVol,0.7011474370956421
All_Regimes,2025-03-28,2025-04-01,2025-04-08,3550.800048828125,3292.949951171875,-0.07261746482777831,-0.07539752582259074,0.6,5,Strong_Downtrend_LowVol,0.8297224044799805
All_Regimes,2025-04-09,2025-04-11,2025-04-22,3231.5,3314.39990234375,0.02565369096201464,0.022579037609933517,0.6,5,Strong_Downtrend_HighVol,0.7965906858444214
All_Regimes,2025-07-21,2025-07-22,2025-07-29,3159.60009765625,3056.0,-0.03278899052228135,-0.03568844732594312,0.6,5,Strong_Downtrend_LowVol,0.6745085120201111
All_Regimes,2025-07-30,2025-07-31,2025-08-07,3036.800048828125,3047.0,0.0033587826026975076,0.0003509638121503844,0.6,5,Strong_Downtrend_LowVol,0.8165466785430908
All_Regimes,2025-08-08,2025-08-11,2025-08-19,3040.800048828125,3016.199951171875,-0.008090008307429009,-0.011063506485025298,0.6,5,Strong_Downtrend_LowVol,0.951858401298523
All_Regimes,2025-08-20,2025-08-21,2025-08-29,3102.60009765625,3084.699951171875,-0.005769401766568927,-0.008749856542423107,0.6,5,Strong_Downtrend_LowVol,0.947827696800232
All_Regimes,2025-09-01,2025-09-02,2025-09-09,3111.5,3049.39990234375,-0.019958250893861496,-0.022896171047244285,0.6,5,Strong_Downtrend_LowVol,0.910266935825348
All_Regimes,2025-09-10,2025-09-11,2025-09-18,3124.199951171875,3176.699951171875,0.01680430216392126,0.01375617706710952,0.6,5,Strong_Downtrend_LowVol,0.9297804832458496
All_Regimes,2025-09-19,2025-09-22,2025-09-29,3073.800048828125,2896.10009765625,-0.057811161542411504,-0.06063560813289759,0.6,5,Strong_Downtrend_LowVol,0.9566258192062378
All_Regimes,2025-09-30,2025-10-01,2025-10-09,2914.199951171875,3061.699951171875,0.0506142346000269,0.04746475577825482,0.6,5,Strong_Downtrend_LowVol,0.8965168595314026
All_Regimes,2025-10-10,2025-10-13,2025-10-20,3007.199951171875,3015.199951171875,0.0026602820330861032,-0.00034544282737847265,0.6,5,Strong_Downtrend_HighVol,0.9537609815597534
All_Regimes,2025-10-21,2025-10-23,2025-10-30,3073.199951171875,3035.300048828125,-0.012332390650109826,-0.015293171226038349,0.6,5,Strong_Downtrend_HighVol,0.927722692489624
All_Regimes,2025-10-31,2025-11-03,2025-11-11,3016.800048828125,3047.0,0.01001059091854839,0.006982831669622547,0.6,5,Strong_Downtrend_LowVol,0.9360097050666808
All_Regimes,2025-11-12,2025-11-13,2025-11-20,3105.699951171875,3144.800048828125,0.012589785964834288,0.00955429493395843,0.6,5,Strong_Downtrend_LowVol,0.6542328000068665
All_Regimes,2025-11-21,2025-11-24,2025-12-01,3141.199951171875,3133.39990234375,-0.002483143050226788,-0.005473449208147851,0.6,5,Strong_Downtrend_LowVol,0.6930298805236816
All_Regimes,2025-12-02,2025-12-03,2025-12-10,3180.0,3189.199951171875,0.002893066406250089,-0.00011335628356912153,0.6,5,Strong_Downtrend_LowVol,0.7758002877235413
All_Regimes,2025-12-11,2025-12-12,2025-12-19,3220.5,3282.0,0.01909641360037262,0.016041417326502216,0.6,5,Strong_Downtrend_LowVol,0.7787663340568542
All_Regimes,2026-01-09,2026-01-12,2026-01-20,3239.60009765625,3102.300048828125,-0.042381789322533114,-0.04525248931359138,0.6,5,Weak_Downtrend,0.622557520866394
All_Regimes,2026-01-21,2026-01-22,2026-01-30,3150.39990234375,3123.89990234375,-0.008411630529916336,-0.011384164564495203,0.6,5,Weak_Downtrend,0.7445148229598999
All_Regimes,2026-02-02,2026-02-03,2026-02-10,3225.300048828125,2984.60009765625,-0.07462870043961667,-0.07740273225287375,0.6,5,Weak_Downtrend,0.8409143090248108
All_Regimes,2026-02-11,2026-02-12,2026-02-19,2750.10009765625,2677.89990234375,-0.02625366086639247,-0.02917270895453017,0.6,5,Weak_Downtrend,0.9206467270851136
All_Regimes,2026-02-20,2026-02-23,2026-03-02,2676.300048828125,2613.5,-0.023465249666465238,-0.026392656714277485,0.6,5,Strong_Downtrend_HighVol,0.9061835408210754
All_Regimes,2026-03-04,2026-03-05,2026-03-12,2578.800048828125,2442.39990234375,-0.05289287416694399,-0.055732064553409955,0.6,5,Strong_Downtrend_HighVol,0.9367881417274476
All_Regimes,2026-03-13,2026-03-16,2026-03-23,2409.199951171875,2383.800048828125,-0.010542878490178875,-0.013509023576184886,0.6,5,Strong_Downtrend_LowVol,0.9290411472320556
All_Regimes,2026-03-24,2026-03-25,2026-04-06,2377.39990234375,2473.89990234375,0.04059056278452178,0.037471132424934606,0.6,5,Strong_Downtrend_HighVol,0.96190083026886
All_Regimes,2026-04-07,2026-04-08,2026-04-16,2559.199951171875,2576.89990234375,0.0069162048724524805,0.0038977218192961516,0.6,5,Strong_Downtrend_HighVol,0.9489715695381165
All_Regimes,2026-04-17,2026-04-20,2026-04-27,2579.60009765625,2447.60009765625,-0.051170722206101416,-0.05401507517360793,0.6,5,Strong_Downtrend_HighVol,0.9371484518051147
All_Regimes,2026-04-28,2026-04-29,2026-05-07,2474.699951171875,2401.39990234375,-0.02961977220447043,-0.032528729532344314,0.6,5,Strong_Downtrend_HighVol,0.951697826385498
All_Regimes,2026-05-08,2026-05-11,2026-05-18,2392.89990234375,2283.199951171875,-0.045843936499152416,-0.048704257838512066,0.6,5,Strong_Downtrend_HighVol,0.8204987049102783
All_Regimes,2026-05-19,2026-05-20,2026-05-27,2327.39990234375,2284.199951171875,-0.018561464717933296,-0.021503572087075096,0.6,5,Strong_Downtrend_HighVol,0.8093663454055786
All_Regimes,2026-05-28,2026-06-01,2026-06-08,2297.39990234375,2151.39990234375,-0.06355010281451412,-0.0663573454938019,0.6,5,Strong_Downtrend_LowVol,0.8708387613296509
All_Regimes,2026-06-09,2026-06-10,2026-06-17,2153.89990234375,2223.0,0.032081387617437285,0.028987465637707155,0.6,5,Strong_Downtrend_HighVol,0.8125454783439636
All_Regimes,2026-06-18,2026-06-19,2026-06-26,2125.0,2094.699951171875,-0.014258846507352985,-0.0172138520502354,0.6,5,Strong_Downtrend_HighVol,0.6488529443740845
All_Regimes,2026-06-30,2026-07-01,2026-07-08,1982.5999755859373,2057.5,0.03777868724724809,0.03466768618755278,0.6,5,Strong_Downtrend_HighVol,0.6709054708480835
All_Regimes,2026-07-09,2026-07-10,2026-07-17,2069.0,2269.0,0.0966650555824069,0.09337752791203502,0.6,5,Strong_Downtrend_HighVol,0.7733571529388428
All_Regimes,2025-02-13,2025-02-14,2025-03-03,3934.85009765625,3493.050048828125,-0.1122787495999602,-0.11493991597834685,0.6,10,Weak_Uptrend,0.6079674363136292
All_Regimes,2025-03-04,2025-03-05,2025-03-21,3547.050048828125,3578.10009765625,0.008753766764126425,0.005729775159809325,0.6,10,Strong_Downtrend_LowVol,0.6433997750282288
All_Regimes,2025-03-24,2025-03-25,2025-04-09,3657.75,3246.60009765625,-0.1124051404124804,-0.1150659279028089,0.6,10,Strong_Downtrend_HighVol,0.7658523917198181
All_Regimes,2025-04-11,2025-04-15,2025-04-30,3248.199951171875,3453.699951171875,0.06326580970665319,0.0600784046256051,0.6,10,Strong_Downtrend_HighVol,0.7830226421356201
All_Regimes,2025-07-21,2025-07-22,2025-08-05,3159.60009765625,3063.89990234375,-0.030288705011589645,-0.033195657046141025,0.6,10,Strong_Downtrend_LowVol,0.6745085120201111
All_Regimes,2025-08-06,2025-08-07,2025-08-22,3047.0,3054.0,0.0022973416475220443,-0.000707295208401737,0.6,10,Strong_Downtrend_LowVol,0.8445695638656616
All_Regimes,2025-08-25,2025-08-26,2025-09-10,3157.199951171875,3110.0,-0.014949940422479546,-0.017902874238577948,0.6,10,Strong_Downtrend_LowVol,0.9323235154151917
All_Regimes,2025-09-11,2025-09-12,2025-09-26,3133.39990234375,2899.10009765625,-0.07477494478513458,-0.07754853819440488,0.6,10,Strong_Downtrend_LowVol,0.9385801553726196
All_Regimes,2025-09-29,2025-09-30,2025-10-15,2888.39990234375,2969.800048828125,0.02818174395391848,0.025099512130980717,0.6,10,Strong_Downtrend_LowVol,0.8976588845252991
All_Regimes,2025-10-16,2025-10-17,2025-11-03,2962.199951171875,3016.800048828125,0.01843227957472937,0.015379274208634275,0.6,10,Strong_Downtrend_HighVol,0.9064403772354126
All_Regimes,2025-11-04,2025-11-06,2025-11-20,3010.89990234375,3144.800048828125,0.04447180272587081,0.04134073737924937,0.6,10,Strong_Downtrend_LowVol,0.9166331887245178
All_Regimes,2025-11-21,2025-11-24,2025-12-08,3141.199951171875,3236.5,0.03033874007051729,0.027250042112471062,0.6,10,Strong_Downtrend_LowVol,0.6930298805236816
All_Regimes,2025-12-09,2025-12-10,2025-12-24,3189.199951171875,3319.0,0.040699877967961706,0.037580119908783516,0.6,10,Strong_Downtrend_LowVol,0.7751571536064148
All_Regimes,2026-01-09,2026-01-12,2026-01-28,3239.60009765625,3200.10009765625,-0.012192862948910532,-0.015154061794005358,0.6,10,Weak_Downtrend,0.622557520866394
All_Regimes,2026-01-29,2026-01-30,2026-02-13,3123.89990234375,2692.199951171875,-0.13819263250015978,-0.14077611553608238,0.6,10,Weak_Downtrend,0.8116010427474976
All_Regimes,2026-02-16,2026-02-17,2026-03-04,2717.39990234375,2587.800048828125,-0.04769259519139801,-0.05054737471416293,0.6,10,Weak_Downtrend,0.9061835408210754
All_Regimes,2026-03-05,2026-03-06,2026-03-20,2557.60009765625,2390.60009765625,-0.06529558712209804,-0.06809759727580267,0.6,10,Strong_Downtrend_HighVol,0.9367881417274476
All_Regimes,2026-03-23,2026-03-24,2026-04-10,2398.800048828125,2524.300048828125,0.052317824514515054,0.049163238756076755,0.6,10,Strong_Downtrend_HighVol,0.96190083026886
All_Regimes,2026-04-13,2026-04-15,2026-04-29,2554.89990234375,2474.699951171875,-0.03139064317091378,-0.03429429187034816,0.6,10,Strong_Downtrend_HighVol,0.9608955979347228
All_Regimes,2026-04-30,2026-05-01,2026-05-18,2473.89990234375,2283.199951171875,-0.07708474825161993,-0.07985141744754853,0.6,10,Strong_Downtrend_HighVol,0.8231854438781738
All_Regimes,2026-05-19,2026-05-20,2026-06-04,2327.39990234375,2241.0,-0.0371229294358667,-0.04000939417415017,0.6,10,Strong_Downtrend_HighVol,0.8093663454055786
All_Regimes,2026-06-05,2026-06-08,2026-06-22,2151.39990234375,2127.800048828125,-0.010969533599920256,-0.013934399680570975,0.6,10,Strong_Downtrend_HighVol,0.850580632686615
All_Regimes,2026-06-24,2026-06-25,2026-07-10,2094.699951171875,2069.0,-0.0122690369842694,-0.015230007478649665,0.6,10,Strong_Downtrend_HighVol,0.605434775352478
All_Regimes,2025-02-13,2025-02-14,2025-03-10,3934.85009765625,3589.64990234375,-0.08772893166072948,-0.09046369225584339,0.6,15,Weak_Uptrend,0.6079674363136292
All_Regimes,2025-03-11,2025-03-12,2025-04-07,3506.199951171875,3274.050048828125,-0.06621125593996957,-0.06901052114747541,0.6,15,Strong_Downtrend_LowVol,0.6396346092224121
All_Regimes,2025-04-08,2025-04-09,2025-05-06,3246.60009765625,3460.0,0.06573027041359514,0.06253547749546295,0.6,15,Strong_Downtrend_HighVol,0.6423513889312744
All_Regimes,2025-07-21,2025-07-22,2025-08-12,3159.60009765625,3035.39990234375,-0.03930883386306705,-0.04218874580635401,0.6,15,Strong_Downtrend_LowVol,0.6745085120201111
All_Regimes,2025-08-13,2025-08-14,2025-09-08,3022.300048828125,3019.0,-0.001091899803067009,-0.004086376560432203,0.6,15,Strong_Downtrend_LowVol,0.961881697177887
All_Regimes,2025-09-09,2025-09-10,2025-10-01,3110.0,2914.199951171875,-0.06295821505727495,-0.06576723206808688,0.6,15,Strong_Downtrend_LowVol,0.9405473470687866
All_Regimes,2025-10-03,2025-10-06,2025-10-28,2988.39990234375,3057.89990234375,0.02325659291632709,0.02018912546491225,0.6,15,Strong_Downtrend_LowVol,0.8976588845252991
All_Regimes,2025-10-29,2025-10-30,2025-11-21,3035.300048828125,3150.60009765625,0.037986375967226094,0.03487475230867054,0.6,15,Strong_Downtrend_LowVol,0.9057490229606628
All_Regimes,2025-11-24,2025-11-25,2025-12-16,3119.199951171875,3205.10009765625,0.027539159986233797,0.024458854469385116,0.6,15,Strong_Downtrend_LowVol,0.7637892365455627
All_Regimes,2025-12-17,2025-12-18,2026-01-09,3280.800048828125,3207.800048828125,-0.02225067023699756,-0.025181718290294475,0.6,15,Strong_Downtrend_LowVol,0.8147631287574768
All_Regimes,2026-01-14,2026-01-15,2026-02-09,3192.5,2948.199951171875,-0.07652311631264685,-0.0792914691407205,0.6,15,Weak_Downtrend,0.6084823608398438
All_Regimes,2026-02-10,2026-02-11,2026-03-05,2909.800048828125,2578.800048828125,-0.11375352067002165,-0.11641026605343296,0.6,15,Weak_Downtrend,0.8523344397544861
All_Regimes,2026-03-06,2026-03-09,2026-04-01,2527.39990234375,2408.199951171875,-0.04716307500895944,-0.05001944190085128,0.6,15,Strong_Downtrend_HighVol,0.9367881417274476
All_Regimes,2026-04-02,2026-04-06,2026-04-28,2473.89990234375,2444.699951171875,-0.01180320640467758,-0.014765573342677807,0.6,15,Strong_Downtrend_HighVol,0.9625139236450196
All_Regimes,2026-04-29,2026-04-30,2026-05-22,2473.89990234375,2317.300048828125,-0.06330080427557472,-0.06610879428955752,0.6,15,Strong_Downtrend_HighVol,0.9518266320228576
All_Regimes,2026-05-25,2026-05-26,2026-06-17,2276.199951171875,2223.0,-0.023372266195017533,-0.026299951984031344,0.6,15,Strong_Downtrend_HighVol,0.8584686517715454
All_Regimes,2026-06-18,2026-06-19,2026-07-13,2125.0,2181.5,0.02658823529411758,0.023510780411764687,0.6,15,Strong_Downtrend_HighVol,0.6488529443740845
All_Regimes,2025-02-13,2025-02-14,2025-03-18,3934.85009765625,3497.699951171875,-0.11109702673165589,-0.11376173561977099,0.6,20,Weak_Uptrend,0.6079674363136292
All_Regimes,2025-03-20,2025-03-21,2025-04-24,3578.10009765625,3401.60009765625,-0.04932785421950947,-0.05217773164452277,0.6,20,Strong_Downtrend_HighVol,0.7291584610939026
All_Regimes,2025-07-21,2025-07-22,2025-08-20,3159.60009765625,3098.60009765625,-0.019306240699653365,-0.022246115416595824,0.6,20,Strong_Downtrend_LowVol,0.6745085120201111
All_Regimes,2025-08-21,2025-08-22,2025-09-22,3054.0,3073.800048828125,0.006483316577644116,0.0034661312153736468,0.6,20,Strong_Downtrend_LowVol,0.9486553072929382
All_Regimes,2025-09-23,2025-09-24,2025-10-24,3035.39990234375,3063.199951171875,0.009158611623680812,0.006133406395685936,0.6,20,Strong_Downtrend_LowVol,0.9309267401695251
All_Regimes,2025-10-27,2025-10-28,2025-11-26,3057.89990234375,3162.89990234375,0.03433729139384911,0.031236606778573206,0.6,20,Strong_Downtrend_LowVol,0.8857366442680359
All_Regimes,2025-11-27,2025-11-28,2025-12-29,3137.5,3251.5,0.03633466135458163,0.03322798912350611,0.6,20,Strong_Downtrend_LowVol,0.767988383769989
All_Regimes,2026-01-09,2026-01-12,2026-02-11,3239.60009765625,2909.800048828125,-0.10180270369380628,-0.10449527463880814,0.6,20,Weak_Downtrend,0.622557520866394
All_Regimes,2026-02-12,2026-02-13,2026-03-16,2692.199951171875,2409.199951171875,-0.10511849236042603,-0.10780112339995251,0.6,20,Weak_Downtrend,0.9065052270889282
All_Regimes,2026-03-17,2026-03-18,2026-04-21,2440.800048828125,2610.5,0.06952636339603124,0.06632019074016093,0.6,20,Strong_Downtrend_LowVol,0.9290411472320556
All_Regimes,2026-04-22,2026-04-23,2026-05-22,2521.800048828125,2317.300048828125,-0.08109286860194598,-0.08384752245509441,0.6,20,Strong_Downtrend_HighVol,0.9519779682159424
All_Regimes,2026-05-25,2026-05-26,2026-06-24,2276.199951171875,2109.0,-0.07345573972347819,-0.07623328777972194,0.6,20,Strong_Downtrend_HighVol,0.8584686517715454
All_Regimes,2026-06-25,2026-06-26,2026-07-27,2094.699951171875,2295.60009765625,0.09590879417931997,0.09262353359156905,0.6,20,Strong_Downtrend_HighVol,0.6594902873039246
All_Regimes,2025-03-10,2025-03-11,2025-03-20,3575.300048828125,3563.14990234375,-0.0033983571500124654,-0.006385919724865907,0.65,5,Strong_Downtrend_LowVol,0.6500667333602905
All_Regimes,2025-03-21,2025-03-24,2025-04-01,3628.949951171875,3550.800048828125,-0.02153512817626857,-0.024468321245778024,0.65,5,Strong_Downtrend_HighVol,0.7466320395469666
All_Regimes,2025-04-02,2025-04-03,2025-04-11,3403.14990234375,3231.5,-0.05043853702287249,-0.053285084898512025,0.65,5,Strong_Downtrend_LowVol,0.7559744715690613
All_Regimes,2025-04-15,2025-04-16,2025-04-24,3273.800048828125,3401.60009765625,0.03903721880445077,0.03592244498177988,0.65,5,Strong_Downtrend_HighVol,0.7840416431427002
All_Regimes,2025-07-21,2025-07-22,2025-07-29,3159.60009765625,3056.0,-0.03278899052228135,-0.03568844732594312,0.65,5,Strong_Downtrend_LowVol,0.6745085120201111
All_Regimes,2025-07-30,2025-07-31,2025-08-07,3036.800048828125,3047.0,0.0033587826026975076,0.0003509638121503844,0.65,5,Strong_Downtrend_LowVol,0.8165466785430908
All_Regimes,2025-08-08,2025-08-11,2025-08-19,3040.800048828125,3016.199951171875,-0.008090008307429009,-0.011063506485025298,0.65,5,Strong_Downtrend_LowVol,0.951858401298523
All_Regimes,2025-08-20,2025-08-21,2025-08-29,3102.60009765625,3084.699951171875,-0.005769401766568927,-0.008749856542423107,0.65,5,Strong_Downtrend_LowVol,0.947827696800232
All_Regimes,2025-09-01,2025-09-02,2025-09-09,3111.5,3049.39990234375,-0.019958250893861496,-0.022896171047244285,0.65,5,Strong_Downtrend_LowVol,0.910266935825348
All_Regimes,2025-09-10,2025-09-11,2025-09-18,3124.199951171875,3176.699951171875,0.01680430216392126,0.01375617706710952,0.65,5,Strong_Downtrend_LowVol,0.9297804832458496
All_Regimes,2025-09-19,2025-09-22,2025-09-29,3073.800048828125,2896.10009765625,-0.057811161542411504,-0.06063560813289759,0.65,5,Strong_Downtrend_LowVol,0.9566258192062378
All_Regimes,2025-09-30,2025-10-01,2025-10-09,2914.199951171875,3061.699951171875,0.0506142346000269,0.04746475577825482,0.65,5,Strong_Downtrend_LowVol,0.8965168595314026
All_Regimes,2025-10-10,2025-10-13,2025-10-20,3007.199951171875,3015.199951171875,0.0026602820330861032,-0.00034544282737847265,0.65,5,Strong_Downtrend_HighVol,0.9537609815597534
All_Regimes,2025-10-21,2025-10-23,2025-10-30,3073.199951171875,3035.300048828125,-0.012332390650109826,-0.015293171226038349,0.65,5,Strong_Downtrend_HighVol,0.927722692489624
All_Regimes,2025-10-31,2025-11-03,2025-11-11,3016.800048828125,3047.0,0.01001059091854839,0.006982831669622547,0.65,5,Strong_Downtrend_LowVol,0.9360097050666808
All_Regimes,2025-11-12,2025-11-13,2025-11-20,3105.699951171875,3144.800048828125,0.012589785964834288,0.00955429493395843,0.65,5,Strong_Downtrend_LowVol,0.6542328000068665
All_Regimes,2025-11-21,2025-11-24,2025-12-01,3141.199951171875,3133.39990234375,-0.002483143050226788,-0.005473449208147851,0.65,5,Strong_Downtrend_LowVol,0.6930298805236816
All_Regimes,2025-12-02,2025-12-03,2025-12-10,3180.0,3189.199951171875,0.002893066406250089,-0.00011335628356912153,0.65,5,Strong_Downtrend_LowVol,0.7758002877235413
All_Regimes,2025-12-11,2025-12-12,2025-12-19,3220.5,3282.0,0.01909641360037262,0.016041417326502216,0.65,5,Strong_Downtrend_LowVol,0.7787663340568542
All_Regimes,2026-01-15,2026-01-19,2026-01-27,3163.60009765625,3158.0,-0.00177016610297831,-0.004762609587543043,0.65,5,Weak_Downtrend,0.7502520680427551
All_Regimes,2026-01-28,2026-01-29,2026-02-05,3144.39990234375,2991.5,-0.04862609944421592,-0.05147808055460701,0.65,5,Weak_Downtrend,0.8634419441223145
All_Regimes,2026-02-06,2026-02-09,2026-02-16,2948.199951171875,2706.60009765625,-0.08194825911301973,-0.08470034871926357,0.65,5,Weak_Downtrend,0.8884923458099365
All_Regimes,2026-02-17,2026-02-18,2026-02-25,2694.89990234375,2629.300048828125,-0.024342222677203318,-0.027267000779172657,0.65,5,Weak_Downtrend,0.9037685394287108
All_Regimes,2026-02-26,2026-02-27,2026-03-09,2637.39990234375,2527.39990234375,-0.0417077440179805,-0.044580464628350414,0.65,5,Strong_Downtrend_HighVol,0.8926447033882141
All_Regimes,2026-03-10,2026-03-11,2026-03-18,2464.89990234375,2440.800048828125,-0.00977721387092012,-0.012745654228038528,0.65,5,Strong_Downtrend_HighVol,0.9360578656196594
All_Regimes,2026-03-19,2026-03-20,2026-03-30,2390.60009765625,2358.89990234375,-0.013260350546952182,-0.0162183493311,0.65,5,Strong_Downtrend_HighVol,0.96190083026886
All_Regimes,2026-04-01,2026-04-02,2026-04-10,2450.699951171875,2524.300048828125,0.03003227613443893,0.026944496878656965,0.65,5,Strong_Downtrend_HighVol,0.96190083026886
All_Regimes,2026-04-13,2026-04-15,2026-04-22,2554.89990234375,2538.5,-0.006418999949354354,-0.009397507392256088,0.65,5,Strong_Downtrend_HighVol,0.9608955979347228
All_Regimes,2026-04-23,2026-04-24,2026-05-01,2396.89990234375,2473.89990234375,0.03212482921156101,0.029030777004792174,0.65,5,Strong_Downtrend_HighVol,0.9550465941429138
All_Regimes,2026-05-05,2026-05-06,2026-05-13,2435.39990234375,2272.800048828125,-0.06676515563589547,-0.06956276039058795,0.65,5,Strong_Downtrend_HighVol,0.8545153737068176
All_Regimes,2026-05-14,2026-05-15,2026-05-22,2264.0,2317.300048828125,0.023542424394048078,0.02047410009132089,0.65,5,Strong_Downtrend_HighVol,0.913777470588684
All_Regimes,2026-05-25,2026-05-26,2026-06-03,2276.199951171875,2241.699951171875,-0.015156840673086758,-0.01810915425395898,0.65,5,Strong_Downtrend_HighVol,0.8584686517715454
All_Regimes,2026-06-04,2026-06-05,2026-06-12,2198.89990234375,2161.39990234375,-0.0170539822936141,-0.020000608718193313,0.65,5,Strong_Downtrend_HighVol,0.8592196702957153
All_Regimes,2026-06-25,2026-06-26,2026-07-06,2094.699951171875,2057.60009765625,-0.017711297264732195,-0.020655953223356782,0.65,5,Strong_Downtrend_HighVol,0.6594902873039246
All_Regimes,2026-07-07,2026-07-08,2026-07-15,2057.5,2189.199951171875,0.0640096968028554,0.060820061734264685,0.65,5,Strong_Downtrend_HighVol,0.7256317734718323
All_Regimes,2025-03-10,2025-03-11,2025-03-27,3575.300048828125,3651.199951171875,0.021228960173182543,0.018167571057823517,0.65,10,Strong_Downtrend_LowVol,0.6500667333602905
All_Regimes,2025-03-28,2025-04-01,2025-04-17,3550.800048828125,3298.89990234375,-0.07094179988183502,-0.07372688410123918,0.65,10,Strong_Downtrend_LowVol,0.8297224044799805
All_Regimes,2025-07-21,2025-07-22,2025-08-05,3159.60009765625,3063.89990234375,-0.030288705011589645,-0.033195657046141025,0.65,10,Strong_Downtrend_LowVol,0.6745085120201111
All_Regimes,2025-08-06,2025-08-07,2025-08-22,3047.0,3054.0,0.0022973416475220443,-0.000707295208401737,0.65,10,Strong_Downtrend_LowVol,0.8445695638656616
All_Regimes,2025-08-25,2025-08-26,2025-09-10,3157.199951171875,3110.0,-0.014949940422479546,-0.017902874238577948,0.65,10,Strong_Downtrend_LowVol,0.9323235154151917
All_Regimes,2025-09-11,2025-09-12,2025-09-26,3133.39990234375,2899.10009765625,-0.07477494478513458,-0.07754853819440488,0.65,10,Strong_Downtrend_LowVol,0.9385801553726196
All_Regimes,2025-09-29,2025-09-30,2025-10-15,2888.39990234375,2969.800048828125,0.02818174395391848,0.025099512130980717,0.65,10,Strong_Downtrend_LowVol,0.8976588845252991
All_Regimes,2025-10-16,2025-10-17,2025-11-03,2962.199951171875,3016.800048828125,0.01843227957472937,0.015379274208634275,0.65,10,Strong_Downtrend_HighVol,0.9064403772354126
All_Regimes,2025-11-04,2025-11-06,2025-11-20,3010.89990234375,3144.800048828125,0.04447180272587081,0.04134073737924937,0.65,10,Strong_Downtrend_LowVol,0.9166331887245178
All_Regimes,2025-11-21,2025-11-24,2025-12-08,3141.199951171875,3236.5,0.03033874007051729,0.027250042112471062,0.65,10,Strong_Downtrend_LowVol,0.6930298805236816
All_Regimes,2025-12-09,2025-12-10,2025-12-24,3189.199951171875,3319.0,0.040699877967961706,0.037580119908783516,0.65,10,Strong_Downtrend_LowVol,0.7751571536064148
All_Regimes,2026-01-15,2026-01-19,2026-02-03,3163.60009765625,3225.300048828125,0.019503081700365854,0.016446866337198607,0.65,10,Weak_Downtrend,0.7502520680427551
All_Regimes,2026-02-04,2026-02-05,2026-02-19,2991.5,2677.89990234375,-0.10483038531046296,-0.10751388002289841,0.65,10,Weak_Downtrend,0.829857349395752
All_Regimes,2026-02-20,2026-02-23,2026-03-10,2676.300048828125,2513.10009765625,-0.06097969143756343,-0.06379463956755638,0.65,10,Strong_Downtrend_HighVol,0.9061835408210754
All_Regimes,2026-03-11,2026-03-12,2026-03-27,2442.39990234375,2389.800048828125,-0.021536134793139206,-0.024469324845063034,0.65,10,Strong_Downtrend_HighVol,0.9290411472320556
All_Regimes,2026-03-30,2026-04-01,2026-04-17,2408.199951171875,2581.5,0.07196248332444077,0.06874900779005522,0.65,10,Strong_Downtrend_LowVol,0.96190083026886
All_Regimes,2026-04-20,2026-04-21,2026-05-06,2610.5,2435.39990234375,-0.06707531034524039,-0.0698719853336528,0.65,10,Strong_Downtrend_HighVol,0.9378635287284852
All_Regimes,2026-05-07,2026-05-08,2026-05-22,2394.39990234375,2317.300048828125,-0.032200073780556115,-0.03510129600938039,0.65,10,Strong_Downtrend_HighVol,0.8146358132362366
All_Regimes,2026-05-25,2026-05-26,2026-06-10,2276.199951171875,2153.89990234375,-0.053729923315902095,-0.056566604438281765,0.65,10,Strong_Downtrend_HighVol,0.8584686517715454
All_Regimes,2026-06-11,2026-06-12,2026-06-26,2161.39990234375,2094.699951171875,-0.030859606822202457,-0.033764847435851064,0.65,10,Strong_Downtrend_HighVol,0.8125454783439636
All_Regimes,2026-06-30,2026-07-01,2026-07-15,1982.5999755859373,2189.199951171875,0.10420658636640967,0.10089645107212997,0.65,10,Strong_Downtrend_HighVol,0.6709054708480835
All_Regimes,2025-03-10,2025-03-11,2025-04-04,3575.300048828125,3299.39990234375,-0.0771683894264501,-0.07993480788704688,0.65,15,Strong_Downtrend_LowVol,0.6500667333602905
All_Regimes,2025-04-07,2025-04-08,2025-05-05,3292.949951171875,3454.300048828125,0.0489986486429379,0.04585401294396885,0.65,15,Strong_Downtrend_HighVol,0.7494020462036133
All_Regimes,2025-07-21,2025-07-22,2025-08-12,3159.60009765625,3035.39990234375,-0.03930883386306705,-0.04218874580635401,0.65,15,Strong_Downtrend_LowVol,0.6745085120201111
All_Regimes,2025-08-13,2025-08-14,2025-09-08,3022.300048828125,3019.0,-0.001091899803067009,-0.004086376560432203,0.65,15,Strong_Downtrend_LowVol,0.961881697177887
All_Regimes,2025-09-09,2025-09-10,2025-10-01,3110.0,2914.199951171875,-0.06295821505727495,-0.06576723206808688,0.65,15,Strong_Downtrend_LowVol,0.9405473470687866
All_Regimes,2025-10-03,2025-10-06,2025-10-28,2988.39990234375,3057.89990234375,0.02325659291632709,0.02018912546491225,0.65,15,Strong_Downtrend_LowVol,0.8976588845252991
All_Regimes,2025-10-29,2025-10-30,2025-11-21,3035.300048828125,3150.60009765625,0.037986375967226094,0.03487475230867054,0.65,15,Strong_Downtrend_LowVol,0.9057490229606628
All_Regimes,2025-11-24,2025-11-25,2025-12-16,3119.199951171875,3205.10009765625,0.027539159986233797,0.024458854469385116,0.65,15,Strong_Downtrend_LowVol,0.7637892365455627
All_Regimes,2025-12-17,2025-12-18,2026-01-09,3280.800048828125,3207.800048828125,-0.02225067023699756,-0.025181718290294475,0.65,15,Strong_Downtrend_LowVol,0.8147631287574768
All_Regimes,2026-01-15,2026-01-19,2026-02-10,3163.60009765625,2984.60009765625,-0.05658110838111685,-0.05940924236346723,0.65,15,Weak_Downtrend,0.7502520680427551
All_Regimes,2026-02-11,2026-02-12,2026-03-06,2750.10009765625,2557.60009765625,-0.06999745215239861,-0.07278536729020868,0.65,15,Weak_Downtrend,0.9206467270851136
All_Regimes,2026-03-09,2026-03-10,2026-04-02,2513.10009765625,2450.699951171875,-0.024829948692680515,-0.02775326471398687,0.65,15,Strong_Downtrend_HighVol,0.9360578656196594
All_Regimes,2026-04-06,2026-04-07,2026-04-29,2539.800048828125,2474.699951171875,-0.025631977480387702,-0.02855288921989585,0.65,15,Strong_Downtrend_HighVol,0.9608452916145324
All_Regimes,2026-04-30,2026-05-01,2026-05-25,2473.89990234375,2308.199951171875,-0.0669792464177279,-0.06977620938177909,0.65,15,Strong_Downtrend_HighVol,0.8231854438781738
All_Regimes,2026-05-26,2026-05-27,2026-06-18,2284.199951171875,2203.300048828125,-0.03541717190837235,-0.03830875008128398,0.65,15,Strong_Downtrend_LowVol,0.906764030456543
All_Regimes,2026-06-25,2026-06-26,2026-07-20,2094.699951171875,2251.10009765625,0.07466470145133552,0.07144312534256003,0.65,15,Strong_Downtrend_HighVol,0.6594902873039246
All_Regimes,2025-03-10,2025-03-11,2025-04-15,3575.300048828125,3248.199951171875,-0.09148885217716585,-0.09421234147055169,0.65,20,Strong_Downtrend_LowVol,0.6500667333602905
All_Regimes,2025-04-16,2025-04-17,2025-05-19,3298.89990234375,3518.800048828125,0.06665862954136426,0.0634610536346567,0.65,20,Strong_Downtrend_HighVol,0.7580151557922363
All_Regimes,2025-07-21,2025-07-22,2025-08-20,3159.60009765625,3098.60009765625,-0.019306240699653365,-0.022246115416595824,0.65,20,Strong_Downtrend_LowVol,0.6745085120201111
All_Regimes,2025-08-21,2025-08-22,2025-09-22,3054.0,3073.800048828125,0.006483316577644116,0.0034661312153736468,0.65,20,Strong_Downtrend_LowVol,0.9486553072929382
All_Regimes,2025-09-23,2025-09-24,2025-10-24,3035.39990234375,3063.199951171875,0.009158611623680812,0.006133406395685936,0.65,20,Strong_Downtrend_LowVol,0.9309267401695251
All_Regimes,2025-10-27,2025-10-28,2025-11-26,3057.89990234375,3162.89990234375,0.03433729139384911,0.031236606778573206,0.65,20,Strong_Downtrend_LowVol,0.8857366442680359
All_Regimes,2025-11-27,2025-11-28,2025-12-29,3137.5,3251.5,0.03633466135458163,0.03322798912350611,0.65,20,Strong_Downtrend_LowVol,0.767988383769989
All_Regimes,2026-01-15,2026-01-19,2026-02-17,3163.60009765625,2717.39990234375,-0.1410419084393969,-0.14361685005837255,0.65,20,Weak_Downtrend,0.7502520680427551
All_Regimes,2026-02-18,2026-02-19,2026-03-20,2677.89990234375,2390.60009765625,-0.10728549055774994,-0.10996162547843036,0.65,20,Weak_Downtrend,0.9061835408210754
All_Regimes,2026-03-23,2026-03-24,2026-04-27,2398.800048828125,2447.60009765625,0.020343525027008758,0.01728479022485918,0.65,20,Strong_Downtrend_HighVol,0.96190083026886
All_Regimes,2026-04-28,2026-04-29,2026-05-28,2474.699951171875,2284.199951171875,-0.07697902927980838,-0.07974601539478465,0.65,20,Strong_Downtrend_HighVol,0.951697826385498
All_Regimes,2026-06-01,2026-06-02,2026-07-01,2446.89990234375,1982.5999755859373,-0.18975027393359467,-0.19217920004991018,0.65,20,Strong_Downtrend_LowVol,0.8653554916381836
All_Regimes,2026-07-02,2026-07-03,2026-07-31,2093.5,2365.60009765625,0.12997377485371397,0.12658639597014631,0.65,20,Strong_Downtrend_HighVol,0.7523013949394226
All_Regimes,2025-03-17,2025-03-18,2025-03-26,3497.699951171875,3635.800048828125,0.03948311735830301,0.03636700684324223,0.7,5,Strong_Downtrend_LowVol,0.7138921022415161
All_Regimes,2025-03-27,2025-03-28,2025-04-07,3606.14990234375,3274.050048828125,-0.09209263688672031,-0.09481431618449299,0.7,5,Strong_Downtrend_LowVol,0.8266884088516235
All_Regimes,2025-04-09,2025-04-11,2025-04-22,3231.5,3314.39990234375,0.02565369096201464,0.022579037609933517,0.7,5,Strong_Downtrend_HighVol,0.7965906858444214
All_Regimes,2025-07-28,2025-07-29,2025-08-05,3056.0,3063.89990234375,0.002585046578452266,-0.0004204527449283013,0.7,5,Strong_Downtrend_LowVol,0.8290425539016724
All_Regimes,2025-08-06,2025-08-07,2025-08-14,3047.0,3022.300048828125,-0.008106318074130314,-0.011079767359123527,0.7,5,Strong_Downtrend_LowVol,0.8445695638656616
All_Regimes,2025-08-18,2025-08-19,2025-08-26,3016.199951171875,3157.199951171875,0.046747563915720436,0.04360967640599234,0.7,5,Strong_Downtrend_LowVol,0.9680848121643066
All_Regimes,2025-08-28,2025-08-29,2025-09-05,3084.699951171875,3048.300048828125,-0.011800143586063072,-0.014762519705627919,0.7,5,Strong_Downtrend_LowVol,0.9416519999504088
All_Regimes,2025-09-08,2025-09-09,2025-09-16,3049.39990234375,3145.699951171875,0.031579999971177664,0.02848758102626414,0.7,5,Strong_Downtrend_LowVol,0.9642541408538818
All_Regimes,2025-09-17,2025-09-18,2025-09-25,3176.699951171875,2957.39990234375,-0.069033919538805,-0.07182472310650745,0.7,5,Strong_Downtrend_LowVol,0.9452230930328368
All_Regimes,2025-09-26,2025-09-29,2025-10-07,2896.10009765625,2973.699951171875,0.02679460339731521,0.023716529874981074,0.7,5,Strong_Downtrend_LowVol,0.9056479930877686
All_Regimes,2025-10-08,2025-10-09,2025-10-16,3061.699951171875,2970.699951171875,-0.029722050315599824,-0.03263070103926613,0.7,5,Strong_Downtrend_HighVol,0.9537609815597534
All_Regimes,2025-10-17,2025-10-20,2025-10-28,3015.199951171875,3057.89990234375,0.014161565356645589,0.011121362524097789,0.7,5,Strong_Downtrend_HighVol,0.899847149848938
All_Regimes,2025-10-29,2025-10-30,2025-11-07,3035.300048828125,2991.800048828125,-0.014331367344323831,-0.017286155487867272,0.7,5,Strong_Downtrend_LowVol,0.9057490229606628
All_Regimes,2025-11-10,2025-11-11,2025-11-18,3047.0,3087.10009765625,0.01316051777362981,0.010123315831474189,0.7,5,Strong_Downtrend_LowVol,0.9314300417900084
All_Regimes,2025-11-24,2025-11-25,2025-12-02,3119.199951171875,3135.699951171875,0.0052898179848333005,0.0022762104329692168,0.7,5,Strong_Downtrend_LowVol,0.7637892365455627
All_Regimes,2025-12-03,2025-12-04,2025-12-11,3229.199951171875,3191.89990234375,-0.011550863802840317,-0.014513987200875267,0.7,5,Strong_Downtrend_LowVol,0.7387662529945374
All_Regimes,2025-12-12,2025-12-15,2025-12-22,3230.199951171875,3324.89990234375,0.029317055477484866,0.026231420274427375,0.7,5,Strong_Downtrend_LowVol,0.8086299300193787
All_Regimes,2026-01-15,2026-01-19,2026-01-27,3163.60009765625,3158.0,-0.00177016610297831,-0.004762609587543043,0.7,5,Weak_Downtrend,0.7502520680427551
All_Regimes,2026-01-28,2026-01-29,2026-02-05,3144.39990234375,2991.5,-0.04862609944421592,-0.05147808055460701,0.7,5,Weak_Downtrend,0.8634419441223145
All_Regimes,2026-02-06,2026-02-09,2026-02-16,2948.199951171875,2706.60009765625,-0.08194825911301973,-0.08470034871926357,0.7,5,Weak_Downtrend,0.8884923458099365
All_Regimes,2026-02-17,2026-02-18,2026-02-25,2694.89990234375,2629.300048828125,-0.024342222677203318,-0.027267000779172657,0.7,5,Weak_Downtrend,0.9037685394287108
All_Regimes,2026-02-26,2026-02-27,2026-03-09,2637.39990234375,2527.39990234375,-0.0417077440179805,-0.044580464628350414,0.7,5,Strong_Downtrend_HighVol,0.8926447033882141
All_Regimes,2026-03-10,2026-03-11,2026-03-18,2464.89990234375,2440.800048828125,-0.00977721387092012,-0.012745654228038528,0.7,5,Strong_Downtrend_HighVol,0.9360578656196594
All_Regimes,2026-03-19,2026-03-20,2026-03-30,2390.60009765625,2358.89990234375,-0.013260350546952182,-0.0162183493311,0.7,5,Strong_Downtrend_HighVol,0.96190083026886
All_Regimes,2026-04-01,2026-04-02,2026-04-10,2450.699951171875,2524.300048828125,0.03003227613443893,0.026944496878656965,0.7,5,Strong_Downtrend_HighVol,0.96190083026886
All_Regimes,2026-04-13,2026-04-15,2026-04-22,2554.89990234375,2538.5,-0.006418999949354354,-0.009397507392256088,0.7,5,Strong_Downtrend_HighVol,0.9608955979347228
All_Regimes,2026-04-23,2026-04-24,2026-05-01,2396.89990234375,2473.89990234375,0.03212482921156101,0.029030777004792174,0.7,5,Strong_Downtrend_HighVol,0.9550465941429138
All_Regimes,2026-05-05,2026-05-06,2026-05-13,2435.39990234375,2272.800048828125,-0.06676515563589547,-0.06956276039058795,0.7,5,Strong_Downtrend_HighVol,0.8545153737068176
All_Regimes,2026-05-14,2026-05-15,2026-05-22,2264.0,2317.300048828125,0.023542424394048078,0.02047410009132089,0.7,5,Strong_Downtrend_HighVol,0.913777470588684
All_Regimes,2026-05-25,2026-05-26,2026-06-03,2276.199951171875,2241.699951171875,-0.015156840673086758,-0.01810915425395898,0.7,5,Strong_Downtrend_HighVol,0.8584686517715454
All_Regimes,2026-06-04,2026-06-05,2026-06-12,2198.89990234375,2161.39990234375,-0.0170539822936141,-0.020000608718193313,0.7,5,Strong_Downtrend_HighVol,0.8592196702957153
All_Regimes,2026-07-02,2026-07-03,2026-07-10,2093.5,2069.0,-0.011702889897301172,-0.014665557559111475,0.7,5,Strong_Downtrend_HighVol,0.7523013949394226
All_Regimes,2025-03-17,2025-03-18,2025-04-03,3497.699951171875,3403.14990234375,-0.027032063970051756,-0.02994877860028544,0.7,10,Strong_Downtrend_LowVol,0.7138921022415161
All_Regimes,2025-04-04,2025-04-07,2025-04-24,3274.050048828125,3401.60009765625,0.03895787997308675,0.035843343988397613,0.7,10,Strong_Downtrend_HighVol,0.7715306282043457
All_Regimes,2025-07-28,2025-07-29,2025-08-12,3056.0,3035.39990234375,-0.0067408696519142275,-0.009718412209915095,0.7,10,Strong_Downtrend_LowVol,0.8290425539016724
All_Regimes,2025-08-13,2025-08-14,2025-09-01,3022.300048828125,3112.60009765625,0.029877923227092706,0.026790606682738805,0.7,10,Strong_Downtrend_LowVol,0.961881697177887
All_Regimes,2025-09-02,2025-09-03,2025-09-17,3097.5,3172.800048828125,0.024309943124495526,0.021239317992494122,0.7,10,Strong_Downtrend_LowVol,0.9125065803527832
All_Regimes,2025-09-18,2025-09-19,2025-10-06,3169.199951171875,2988.39990234375,-0.05704911385009659,-0.0598758448690524,0.7,10,Strong_Downtrend_LowVol,0.9473724365234376
All_Regimes,2025-10-07,2025-10-08,2025-10-23,3027.199951171875,3073.199951171875,0.01519556049880122,0.012152258007315897,0.7,10,Strong_Downtrend_HighVol,0.9003349542617798
All_Regimes,2025-10-24,2025-10-27,2025-11-11,3084.89990234375,3047.0,-0.012285618186494651,-0.015246538974575952,0.7,10,Strong_Downtrend_HighVol,0.9039702415466307
All_Regimes,2025-11-13,2025-11-14,2025-11-28,3106.0,3137.5,0.010141661300708371,0.007113509135544316,0.7,10,Strong_Downtrend_LowVol,0.754712700843811
All_Regimes,2025-12-01,2025-12-02,2025-12-16,3135.699951171875,3205.10009765625,0.022132266340865625,0.01906816933944233,0.7,10,Strong_Downtrend_LowVol,0.7758002877235413
All_Regimes,2025-12-17,2025-12-18,2026-01-02,3280.800048828125,3250.699951171875,-0.009174621192474586,-0.012144867971794704,0.7,10,Strong_Downtrend_LowVol,0.8147631287574768
All_Regimes,2026-01-15,2026-01-19,2026-02-03,3163.60009765625,3225.300048828125,0.019503081700365854,0.016446866337198607,0.7,10,Weak_Downtrend,0.7502520680427551
All_Regimes,2026-02-04,2026-02-05,2026-02-19,2991.5,2677.89990234375,-0.10483038531046296,-0.10751388002289841,0.7,10,Weak_Downtrend,0.829857349395752
All_Regimes,2026-02-20,2026-02-23,2026-03-10,2676.300048828125,2513.10009765625,-0.06097969143756343,-0.06379463956755638,0.7,10,Strong_Downtrend_HighVol,0.9061835408210754
All_Regimes,2026-03-11,2026-03-12,2026-03-27,2442.39990234375,2389.800048828125,-0.021536134793139206,-0.024469324845063034,0.7,10,Strong_Downtrend_HighVol,0.9290411472320556
All_Regimes,2026-03-30,2026-04-01,2026-04-17,2408.199951171875,2581.5,0.07196248332444077,0.06874900779005522,0.7,10,Strong_Downtrend_LowVol,0.96190083026886
All_Regimes,2026-04-20,2026-04-21,2026-05-06,2610.5,2435.39990234375,-0.06707531034524039,-0.0698719853336528,0.7,10,Strong_Downtrend_HighVol,0.9378635287284852
All_Regimes,2026-05-07,2026-05-08,2026-05-22,2394.39990234375,2317.300048828125,-0.032200073780556115,-0.03510129600938039,0.7,10,Strong_Downtrend_HighVol,0.8146358132362366
All_Regimes,2026-05-25,2026-05-26,2026-06-10,2276.199951171875,2153.89990234375,-0.053729923315902095,-0.056566604438281765,0.7,10,Strong_Downtrend_HighVol,0.8584686517715454
All_Regimes,2026-06-11,2026-06-12,2026-06-26,2161.39990234375,2094.699951171875,-0.030859606822202457,-0.033764847435851064,0.7,10,Strong_Downtrend_HighVol,0.8125454783439636
All_Regimes,2026-07-02,2026-07-03,2026-07-17,2093.5,2269.0,0.08383090518270842,0.08058185108669713,0.7,10,Strong_Downtrend_HighVol,0.7523013949394226
All_Regimes,2025-03-17,2025-03-18,2025-04-11,3497.699951171875,3231.5,-0.07610714323356604,-0.07887674304493753,0.7,15,Strong_Downtrend_LowVol,0.7138921022415161
All_Regimes,2025-04-15,2025-04-16,2025-05-09,3273.800048828125,3440.300048828125,0.050858329011143955,0.047708118455350945,0.7,15,Strong_Downtrend_HighVol,0.7840416431427002
All_Regimes,2025-07-28,2025-07-29,2025-08-20,3056.0,3098.60009765625,0.013939822531495505,0.010900284428501772,0.7,15,Strong_Downtrend_LowVol,0.8290425539016724
All_Regimes,2025-08-21,2025-08-22,2025-09-15,3054.0,3111.89990234375,0.01895871065610666,0.01590412718123746,0.7,15,Strong_Downtrend_LowVol,0.9486553072929382
All_Regimes,2025-09-16,2025-09-17,2025-10-09,3172.800048828125,3061.699951171875,-0.035016419549440236,-0.03790919907773582,0.7,15,Strong_Downtrend_LowVol,0.939006507396698
All_Regimes,2025-10-10,2025-10-13,2025-11-04,3007.199951171875,2990.199951171875,-0.005653099320307997,-0.00863390274182052,0.7,15,Strong_Downtrend_HighVol,0.9537609815597534
All_Regimes,2025-11-06,2025-11-07,2025-11-28,2991.800048828125,3137.5,0.04869976228155526,0.04555602256917579,0.7,15,Strong_Downtrend_LowVol,0.9081805944442748
All_Regimes,2025-12-01,2025-12-02,2025-12-23,3135.699951171875,3310.0,0.05558569108724365,0.05242130908178688,0.7,15,Strong_Downtrend_LowVol,0.7758002877235413
All_Regimes,2026-01-15,2026-01-19,2026-02-10,3163.60009765625,2984.60009765625,-0.05658110838111685,-0.05940924236346723,0.7,15,Weak_Downtrend,0.7502520680427551
All_Regimes,2026-02-11,2026-02-12,2026-03-06,2750.10009765625,2557.60009765625,-0.06999745215239861,-0.07278536729020868,0.7,15,Weak_Downtrend,0.9206467270851136
All_Regimes,2026-03-09,2026-03-10,2026-04-02,2513.10009765625,2450.699951171875,-0.024829948692680515,-0.02775326471398687,0.7,15,Strong_Downtrend_HighVol,0.9360578656196594
All_Regimes,2026-04-06,2026-04-07,2026-04-29,2539.800048828125,2474.699951171875,-0.025631977480387702,-0.02855288921989585,0.7,15,Strong_Downtrend_HighVol,0.9608452916145324
All_Regimes,2026-04-30,2026-05-01,2026-05-25,2473.89990234375,2308.199951171875,-0.0669792464177279,-0.06977620938177909,0.7,15,Strong_Downtrend_HighVol,0.8231854438781738
All_Regimes,2026-05-26,2026-05-27,2026-06-18,2284.199951171875,2203.300048828125,-0.03541717190837235,-0.03830875008128398,0.7,15,Strong_Downtrend_LowVol,0.906764030456543
All_Regimes,2026-07-02,2026-07-03,2026-07-24,2093.5,2254.300048828125,0.07680919456800805,0.07358118980499206,0.7,15,Strong_Downtrend_HighVol,0.7523013949394226
All_Regimes,2025-03-17,2025-03-18,2025-04-22,3497.699951171875,3314.39990234375,-0.05240588140406721,-0.05524653167308813,0.7,20,Strong_Downtrend_LowVol,0.7138921022415161
All_Regimes,2025-07-28,2025-07-29,2025-08-28,3056.0,3093.699951171875,0.012336371456765471,0.009301640099231179,0.7,20,Strong_Downtrend_LowVol,0.8290425539016724
All_Regimes,2025-08-29,2025-09-01,2025-09-29,3112.60009765625,2896.10009765625,-0.06955599601857687,-0.07234523453151209,0.7,20,Strong_Downtrend_LowVol,0.9265365600585938
All_Regimes,2025-09-30,2025-10-01,2025-10-31,2914.199951171875,3058.0,0.04934460614835268,0.0461989333552717,0.7,20,Strong_Downtrend_LowVol,0.8965168595314026
All_Regimes,2025-11-03,2025-11-04,2025-12-03,2990.199951171875,3180.0,0.06347403248192185,0.060286003201049265,0.7,20,Strong_Downtrend_LowVol,0.924074113368988
All_Regimes,2025-12-08,2025-12-09,2026-01-07,3208.300048828125,3295.60009765625,0.027210687123859323,0.024131366286533895,0.7,20,Strong_Downtrend_LowVol,0.7933822870254517
All_Regimes,2026-01-15,2026-01-19,2026-02-17,3163.60009765625,2717.39990234375,-0.1410419084393969,-0.14361685005837255,0.7,20,Weak_Downtrend,0.7502520680427551
All_Regimes,2026-02-18,2026-02-19,2026-03-20,2677.89990234375,2390.60009765625,-0.10728549055774994,-0.10996162547843036,0.7,20,Weak_Downtrend,0.9061835408210754
All_Regimes,2026-03-23,2026-03-24,2026-04-27,2398.800048828125,2447.60009765625,0.020343525027008758,0.01728479022485918,0.7,20,Strong_Downtrend_HighVol,0.96190083026886
All_Regimes,2026-04-28,2026-04-29,2026-05-28,2474.699951171875,2284.199951171875,-0.07697902927980838,-0.07974601539478465,0.7,20,Strong_Downtrend_HighVol,0.951697826385498
All_Regimes,2026-06-01,2026-06-02,2026-07-01,2446.89990234375,1982.5999755859373,-0.18975027393359467,-0.19217920004991018,0.7,20,Strong_Downtrend_LowVol,0.8653554916381836
All_Regimes,2026-07-02,2026-07-03,2026-07-31,2093.5,2365.60009765625,0.12997377485371397,0.12658639597014631,0.7,20,Strong_Downtrend_HighVol,0.7523013949394226
All_Regimes,2025-03-24,2025-03-25,2025-04-02,3657.75,3543.949951171875,-0.031112035767377533,-0.0340165196621558,0.75,5,Strong_Downtrend_HighVol,0.7658523917198181
All_Regimes,2025-04-04,2025-04-07,2025-04-16,3274.050048828125,3273.800048828125,-7.63580263806185e-05,-0.0030738791241069485,0.75,5,Strong_Downtrend_HighVol,0.7715306282043457
All_Regimes,2025-07-28,2025-07-29,2025-08-05,3056.0,3063.89990234375,0.002585046578452266,-0.0004204527449283013,0.75,5,Strong_Downtrend_LowVol,0.8290425539016724
All_Regimes,2025-08-06,2025-08-07,2025-08-14,3047.0,3022.300048828125,-0.008106318074130314,-0.011079767359123527,0.75,5,Strong_Downtrend_LowVol,0.8445695638656616
All_Regimes,2025-08-18,2025-08-19,2025-08-26,3016.199951171875,3157.199951171875,0.046747563915720436,0.04360967640599234,0.75,5,Strong_Downtrend_LowVol,0.9680848121643066
All_Regimes,2025-08-28,2025-08-29,2025-09-05,3084.699951171875,3048.300048828125,-0.011800143586063072,-0.014762519705627919,0.75,5,Strong_Downtrend_LowVol,0.9416519999504088
All_Regimes,2025-09-08,2025-09-09,2025-09-16,3049.39990234375,3145.699951171875,0.031579999971177664,0.02848758102626414,0.75,5,Strong_Downtrend_LowVol,0.9642541408538818
All_Regimes,2025-09-17,2025-09-18,2025-09-25,3176.699951171875,2957.39990234375,-0.069033919538805,-0.07182472310650745,0.75,5,Strong_Downtrend_LowVol,0.9452230930328368
All_Regimes,2025-09-26,2025-09-29,2025-10-07,2896.10009765625,2973.699951171875,0.02679460339731521,0.023716529874981074,0.75,5,Strong_Downtrend_LowVol,0.9056479930877686
All_Regimes,2025-10-08,2025-10-09,2025-10-16,3061.699951171875,2970.699951171875,-0.029722050315599824,-0.03263070103926613,0.75,5,Strong_Downtrend_HighVol,0.9537609815597534
All_Regimes,2025-10-17,2025-10-20,2025-10-28,3015.199951171875,3057.89990234375,0.014161565356645589,0.011121362524097789,0.75,5,Strong_Downtrend_HighVol,0.899847149848938
All_Regimes,2025-10-29,2025-10-30,2025-11-07,3035.300048828125,2991.800048828125,-0.014331367344323831,-0.017286155487867272,0.75,5,Strong_Downtrend_LowVol,0.9057490229606628
All_Regimes,2025-11-10,2025-11-11,2025-11-18,3047.0,3087.10009765625,0.01316051777362981,0.010123315831474189,0.75,5,Strong_Downtrend_LowVol,0.9314300417900084
All_Regimes,2025-11-24,2025-11-25,2025-12-02,3119.199951171875,3135.699951171875,0.0052898179848333005,0.0022762104329692168,0.75,5,Strong_Downtrend_LowVol,0.7637892365455627
All_Regimes,2025-12-08,2025-12-09,2025-12-16,3208.300048828125,3205.10009765625,-0.0009973977256410027,-0.0039921577766087735,0.75,5,Strong_Downtrend_LowVol,0.7933822870254517
All_Regimes,2025-12-17,2025-12-18,2025-12-26,3280.800048828125,3280.0,-0.00024385784449454384,-0.0032408768196410254,0.75,5,Strong_Downtrend_LowVol,0.8147631287574768
All_Regimes,2026-01-15,2026-01-19,2026-01-27,3163.60009765625,3158.0,-0.00177016610297831,-0.004762609587543043,0.75,5,Weak_Downtrend,0.7502520680427551
All_Regimes,2026-01-28,2026-01-29,2026-02-05,3144.39990234375,2991.5,-0.04862609944421592,-0.05147808055460701,0.75,5,Weak_Downtrend,0.8634419441223145
All_Regimes,2026-02-06,2026-02-09,2026-02-16,2948.199951171875,2706.60009765625,-0.08194825911301973,-0.08470034871926357,0.75,5,Weak_Downtrend,0.8884923458099365
All_Regimes,2026-02-17,2026-02-18,2026-02-25,2694.89990234375,2629.300048828125,-0.024342222677203318,-0.027267000779172657,0.75,5,Weak_Downtrend,0.9037685394287108
All_Regimes,2026-02-26,2026-02-27,2026-03-09,2637.39990234375,2527.39990234375,-0.0417077440179805,-0.044580464628350414,0.75,5,Strong_Downtrend_HighVol,0.8926447033882141
All_Regimes,2026-03-10,2026-03-11,2026-03-18,2464.89990234375,2440.800048828125,-0.00977721387092012,-0.012745654228038528,0.75,5,Strong_Downtrend_HighVol,0.9360578656196594
All_Regimes,2026-03-19,2026-03-20,2026-03-30,2390.60009765625,2358.89990234375,-0.013260350546952182,-0.0162183493311,0.75,5,Strong_Downtrend_HighVol,0.96190083026886
All_Regimes,2026-04-01,2026-04-02,2026-04-10,2450.699951171875,2524.300048828125,0.03003227613443893,0.026944496878656965,0.75,5,Strong_Downtrend_HighVol,0.96190083026886
All_Regimes,2026-04-13,2026-04-15,2026-04-22,2554.89990234375,2538.5,-0.006418999949354354,-0.009397507392256088,0.75,5,Strong_Downtrend_HighVol,0.9608955979347228
All_Regimes,2026-04-23,2026-04-24,2026-05-01,2396.89990234375,2473.89990234375,0.03212482921156101,0.029030777004792174,0.75,5,Strong_Downtrend_HighVol,0.9550465941429138
All_Regimes,2026-05-05,2026-05-06,2026-05-13,2435.39990234375,2272.800048828125,-0.06676515563589547,-0.06956276039058795,0.75,5,Strong_Downtrend_HighVol,0.8545153737068176
All_Regimes,2026-05-14,2026-05-15,2026-05-22,2264.0,2317.300048828125,0.023542424394048078,0.02047410009132089,0.75,5,Strong_Downtrend_HighVol,0.913777470588684
All_Regimes,2026-05-25,2026-05-26,2026-06-03,2276.199951171875,2241.699951171875,-0.015156840673086758,-0.01810915425395898,0.75,5,Strong_Downtrend_HighVol,0.8584686517715454
All_Regimes,2026-06-04,2026-06-05,2026-06-12,2198.89990234375,2161.39990234375,-0.0170539822936141,-0.020000608718193313,0.75,5,Strong_Downtrend_HighVol,0.8592196702957153
All_Regimes,2026-07-02,2026-07-03,2026-07-10,2093.5,2069.0,-0.011702889897301172,-0.014665557559111475,0.75,5,Strong_Downtrend_HighVol,0.7523013949394226
All_Regimes,2025-03-24,2025-03-25,2025-04-09,3657.75,3246.60009765625,-0.1124051404124804,-0.1150659279028089,0.75,10,Strong_Downtrend_HighVol,0.7658523917198181
All_Regimes,2025-04-11,2025-04-15,2025-04-30,3248.199951171875,3453.699951171875,0.06326580970665319,0.0600784046256051,0.75,10,Strong_Downtrend_HighVol,0.7830226421356201
All_Regimes,2025-07-28,2025-07-29,2025-08-12,3056.0,3035.39990234375,-0.0067408696519142275,-0.009718412209915095,0.75,10,Strong_Downtrend_LowVol,0.8290425539016724
All_Regimes,2025-08-13,2025-08-14,2025-09-01,3022.300048828125,3112.60009765625,0.029877923227092706,0.026790606682738805,0.75,10,Strong_Downtrend_LowVol,0.961881697177887
All_Regimes,2025-09-02,2025-09-03,2025-09-17,3097.5,3172.800048828125,0.024309943124495526,0.021239317992494122,0.75,10,Strong_Downtrend_LowVol,0.9125065803527832
All_Regimes,2025-09-18,2025-09-19,2025-10-06,3169.199951171875,2988.39990234375,-0.05704911385009659,-0.0598758448690524,0.75,10,Strong_Downtrend_LowVol,0.9473724365234376
All_Regimes,2025-10-07,2025-10-08,2025-10-23,3027.199951171875,3073.199951171875,0.01519556049880122,0.012152258007315897,0.75,10,Strong_Downtrend_HighVol,0.9003349542617798
All_Regimes,2025-10-24,2025-10-27,2025-11-11,3084.89990234375,3047.0,-0.012285618186494651,-0.015246538974575952,0.75,10,Strong_Downtrend_HighVol,0.9039702415466307
All_Regimes,2025-11-13,2025-11-14,2025-11-28,3106.0,3137.5,0.010141661300708371,0.007113509135544316,0.75,10,Strong_Downtrend_LowVol,0.754712700843811
All_Regimes,2025-12-01,2025-12-02,2025-12-16,3135.699951171875,3205.10009765625,0.022132266340865625,0.01906816933944233,0.75,10,Strong_Downtrend_LowVol,0.7758002877235413
All_Regimes,2025-12-17,2025-12-18,2026-01-02,3280.800048828125,3250.699951171875,-0.009174621192474586,-0.012144867971794704,0.75,10,Strong_Downtrend_LowVol,0.8147631287574768
All_Regimes,2026-01-15,2026-01-19,2026-02-03,3163.60009765625,3225.300048828125,0.019503081700365854,0.016446866337198607,0.75,10,Weak_Downtrend,0.7502520680427551
All_Regimes,2026-02-04,2026-02-05,2026-02-19,2991.5,2677.89990234375,-0.10483038531046296,-0.10751388002289841,0.75,10,Weak_Downtrend,0.829857349395752
All_Regimes,2026-02-20,2026-02-23,2026-03-10,2676.300048828125,2513.10009765625,-0.06097969143756343,-0.06379463956755638,0.75,10,Strong_Downtrend_HighVol,0.9061835408210754
All_Regimes,2026-03-11,2026-03-12,2026-03-27,2442.39990234375,2389.800048828125,-0.021536134793139206,-0.024469324845063034,0.75,10,Strong_Downtrend_HighVol,0.9290411472320556
All_Regimes,2026-03-30,2026-04-01,2026-04-17,2408.199951171875,2581.5,0.07196248332444077,0.06874900779005522,0.75,10,Strong_Downtrend_LowVol,0.96190083026886
All_Regimes,2026-04-20,2026-04-21,2026-05-06,2610.5,2435.39990234375,-0.06707531034524039,-0.0698719853336528,0.75,10,Strong_Downtrend_HighVol,0.9378635287284852
All_Regimes,2026-05-07,2026-05-08,2026-05-22,2394.39990234375,2317.300048828125,-0.032200073780556115,-0.03510129600938039,0.75,10,Strong_Downtrend_HighVol,0.8146358132362366
All_Regimes,2026-05-25,2026-05-26,2026-06-10,2276.199951171875,2153.89990234375,-0.053729923315902095,-0.056566604438281765,0.75,10,Strong_Downtrend_HighVol,0.8584686517715454
All_Regimes,2026-06-11,2026-06-12,2026-06-26,2161.39990234375,2094.699951171875,-0.030859606822202457,-0.033764847435851064,0.75,10,Strong_Downtrend_HighVol,0.8125454783439636
All_Regimes,2026-07-02,2026-07-03,2026-07-17,2093.5,2269.0,0.08383090518270842,0.08058185108669713,0.75,10,Strong_Downtrend_HighVol,0.7523013949394226
All_Regimes,2025-03-24,2025-03-25,2025-04-21,3657.75,3321.60009765625,-0.09190073196466408,-0.09462298654541701,0.75,15,Strong_Downtrend_HighVol,0.7658523917198181
All_Regimes,2025-07-28,2025-07-29,2025-08-20,3056.0,3098.60009765625,0.013939822531495505,0.010900284428501772,0.75,15,Strong_Downtrend_LowVol,0.8290425539016724
All_Regimes,2025-08-21,2025-08-22,2025-09-15,3054.0,3111.89990234375,0.01895871065610666,0.01590412718123746,0.75,15,Strong_Downtrend_LowVol,0.9486553072929382
All_Regimes,2025-09-16,2025-09-17,2025-10-09,3172.800048828125,3061.699951171875,-0.035016419549440236,-0.03790919907773582,0.75,15,Strong_Downtrend_LowVol,0.939006507396698
All_Regimes,2025-10-10,2025-10-13,2025-11-04,3007.199951171875,2990.199951171875,-0.005653099320307997,-0.00863390274182052,0.75,15,Strong_Downtrend_HighVol,0.9537609815597534
All_Regimes,2025-11-06,2025-11-07,2025-11-28,2991.800048828125,3137.5,0.04869976228155526,0.04555602256917579,0.75,15,Strong_Downtrend_LowVol,0.9081805944442748
All_Regimes,2025-12-01,2025-12-02,2025-12-23,3135.699951171875,3310.0,0.05558569108724365,0.05242130908178688,0.75,15,Strong_Downtrend_LowVol,0.7758002877235413
All_Regimes,2026-01-15,2026-01-19,2026-02-10,3163.60009765625,2984.60009765625,-0.05658110838111685,-0.05940924236346723,0.75,15,Weak_Downtrend,0.7502520680427551
All_Regimes,2026-02-11,2026-02-12,2026-03-06,2750.10009765625,2557.60009765625,-0.06999745215239861,-0.07278536729020868,0.75,15,Weak_Downtrend,0.9206467270851136
All_Regimes,2026-03-09,2026-03-10,2026-04-02,2513.10009765625,2450.699951171875,-0.024829948692680515,-0.02775326471398687,0.75,15,Strong_Downtrend_HighVol,0.9360578656196594
All_Regimes,2026-04-06,2026-04-07,2026-04-29,2539.800048828125,2474.699951171875,-0.025631977480387702,-0.02855288921989585,0.75,15,Strong_Downtrend_HighVol,0.9608452916145324
All_Regimes,2026-04-30,2026-05-01,2026-05-25,2473.89990234375,2308.199951171875,-0.0669792464177279,-0.06977620938177909,0.75,15,Strong_Downtrend_HighVol,0.8231854438781738
All_Regimes,2026-05-26,2026-05-27,2026-06-18,2284.199951171875,2203.300048828125,-0.03541717190837235,-0.03830875008128398,0.75,15,Strong_Downtrend_LowVol,0.906764030456543
All_Regimes,2026-07-02,2026-07-03,2026-07-24,2093.5,2254.300048828125,0.07680919456800805,0.07358118980499206,0.75,15,Strong_Downtrend_HighVol,0.7523013949394226
All_Regimes,2025-03-24,2025-03-25,2025-04-28,3657.75,3443.5,-0.058574260132595146,-0.06139641914428251,0.75,20,Strong_Downtrend_HighVol,0.7658523917198181
All_Regimes,2025-07-28,2025-07-29,2025-08-28,3056.0,3093.699951171875,0.012336371456765471,0.009301640099231179,0.75,20,Strong_Downtrend_LowVol,0.8290425539016724
All_Regimes,2025-08-29,2025-09-01,2025-09-29,3112.60009765625,2896.10009765625,-0.06955599601857687,-0.07234523453151209,0.75,20,Strong_Downtrend_LowVol,0.9265365600585938
All_Regimes,2025-09-30,2025-10-01,2025-10-31,2914.199951171875,3058.0,0.04934460614835268,0.0461989333552717,0.75,20,Strong_Downtrend_LowVol,0.8965168595314026
All_Regimes,2025-11-03,2025-11-04,2025-12-03,2990.199951171875,3180.0,0.06347403248192185,0.060286003201049265,0.75,20,Strong_Downtrend_LowVol,0.924074113368988
All_Regimes,2025-12-08,2025-12-09,2026-01-07,3208.300048828125,3295.60009765625,0.027210687123859323,0.024131366286533895,0.75,20,Strong_Downtrend_LowVol,0.7933822870254517
All_Regimes,2026-01-15,2026-01-19,2026-02-17,3163.60009765625,2717.39990234375,-0.1410419084393969,-0.14361685005837255,0.75,20,Weak_Downtrend,0.7502520680427551
All_Regimes,2026-02-18,2026-02-19,2026-03-20,2677.89990234375,2390.60009765625,-0.10728549055774994,-0.10996162547843036,0.75,20,Weak_Downtrend,0.9061835408210754
All_Regimes,2026-03-23,2026-03-24,2026-04-27,2398.800048828125,2447.60009765625,0.020343525027008758,0.01728479022485918,0.75,20,Strong_Downtrend_HighVol,0.96190083026886
All_Regimes,2026-04-28,2026-04-29,2026-05-28,2474.699951171875,2284.199951171875,-0.07697902927980838,-0.07974601539478465,0.75,20,Strong_Downtrend_HighVol,0.951697826385498
All_Regimes,2026-06-01,2026-06-02,2026-07-01,2446.89990234375,1982.5999755859373,-0.18975027393359467,-0.19217920004991018,0.75,20,Strong_Downtrend_LowVol,0.8653554916381836
All_Regimes,2026-07-02,2026-07-03,2026-07-31,2093.5,2365.60009765625,0.12997377485371397,0.12658639597014631,0.75,20,Strong_Downtrend_HighVol,0.7523013949394226
All_Regimes,2025-03-25,2025-03-26,2025-04-03,3635.800048828125,3403.14990234375,-0.06398870767366915,-0.06679463552524034,0.8,5,Strong_Downtrend_HighVol,0.8238682150840759
All_Regimes,2025-07-28,2025-07-29,2025-08-05,3056.0,3063.89990234375,0.002585046578452266,-0.0004204527449283013,0.8,5,Strong_Downtrend_LowVol,0.8290425539016724
All_Regimes,2025-08-06,2025-08-07,2025-08-14,3047.0,3022.300048828125,-0.008106318074130314,-0.011079767359123527,0.8,5,Strong_Downtrend_LowVol,0.8445695638656616
All_Regimes,2025-08-18,2025-08-19,2025-08-26,3016.199951171875,3157.199951171875,0.046747563915720436,0.04360967640599234,0.8,5,Strong_Downtrend_LowVol,0.9680848121643066
All_Regimes,2025-08-28,2025-08-29,2025-09-05,3084.699951171875,3048.300048828125,-0.011800143586063072,-0.014762519705627919,0.8,5,Strong_Downtrend_LowVol,0.9416519999504088
All_Regimes,2025-09-08,2025-09-09,2025-09-16,3049.39990234375,3145.699951171875,0.031579999971177664,0.02848758102626414,0.8,5,Strong_Downtrend_LowVol,0.9642541408538818
All_Regimes,2025-09-17,2025-09-18,2025-09-25,3176.699951171875,2957.39990234375,-0.069033919538805,-0.07182472310650745,0.8,5,Strong_Downtrend_LowVol,0.9452230930328368
All_Regimes,2025-09-26,2025-09-29,2025-10-07,2896.10009765625,2973.699951171875,0.02679460339731521,0.023716529874981074,0.8,5,Strong_Downtrend_LowVol,0.9056479930877686
All_Regimes,2025-10-08,2025-10-09,2025-10-16,3061.699951171875,2970.699951171875,-0.029722050315599824,-0.03263070103926613,0.8,5,Strong_Downtrend_HighVol,0.9537609815597534
All_Regimes,2025-10-17,2025-10-20,2025-10-28,3015.199951171875,3057.89990234375,0.014161565356645589,0.011121362524097789,0.8,5,Strong_Downtrend_HighVol,0.899847149848938
All_Regimes,2025-10-29,2025-10-30,2025-11-07,3035.300048828125,2991.800048828125,-0.014331367344323831,-0.017286155487867272,0.8,5,Strong_Downtrend_LowVol,0.9057490229606628
All_Regimes,2025-11-10,2025-11-11,2025-11-18,3047.0,3087.10009765625,0.01316051777362981,0.010123315831474189,0.8,5,Strong_Downtrend_LowVol,0.9314300417900084
All_Regimes,2025-11-25,2025-11-26,2025-12-03,3162.89990234375,3180.0,0.005406461849639443,0.0023925046286297214,0.8,5,Strong_Downtrend_LowVol,0.8794887065887451
All_Regimes,2025-12-12,2025-12-15,2025-12-22,3230.199951171875,3324.89990234375,0.029317055477484866,0.026231420274427375,0.8,5,Strong_Downtrend_LowVol,0.8086299300193787
All_Regimes,2026-01-19,2026-01-20,2026-01-28,3102.300048828125,3200.10009765625,0.03152501282558684,0.028432758718389017,0.8,5,Weak_Downtrend,0.8143543601036072
All_Regimes,2026-01-29,2026-01-30,2026-02-06,3123.89990234375,2941.60009765625,-0.058356480804883315,-0.061179292664550355,0.8,5,Weak_Downtrend,0.8116010427474976
All_Regimes,2026-02-09,2026-02-10,2026-02-17,2984.60009765625,2717.39990234375,-0.08952629718210059,-0.09225566972472288,0.8,5,Weak_Downtrend,0.8861578702926636
All_Regimes,2026-02-18,2026-02-19,2026-02-26,2677.89990234375,2647.699951171875,-0.011277475735909093,-0.014241418683021645,0.8,5,Weak_Downtrend,0.9061835408210754
All_Regimes,2026-02-27,2026-03-02,2026-03-10,2613.5,2513.10009765625,-0.03841587998612972,-0.04129846878190113,0.8,5,Strong_Downtrend_HighVol,0.8926447033882141
All_Regimes,2026-03-11,2026-03-12,2026-03-19,2442.39990234375,2356.0,-0.03537500237403379,-0.03826670696066692,0.8,5,Strong_Downtrend_HighVol,0.9290411472320556
All_Regimes,2026-03-20,2026-03-23,2026-04-01,2383.800048828125,2408.199951171875,0.010235716857101673,0.007207282736893417,0.8,5,Strong_Downtrend_HighVol,0.96190083026886
All_Regimes,2026-04-02,2026-04-06,2026-04-13,2473.89990234375,2472.60009765625,-0.0005254071461292531,-0.0035215821068568243,0.8,5,Strong_Downtrend_HighVol,0.9625139236450196
All_Regimes,2026-04-15,2026-04-16,2026-04-23,2576.89990234375,2521.800048828125,-0.021382225000478483,-0.024315876435483164,0.8,5,Strong_Downtrend_HighVol,0.940226435661316
All_Regimes,2026-04-24,2026-04-27,2026-05-05,2447.60009765625,2427.300048828125,-0.00829385848103359,-0.011266745566771985,0.8,5,Strong_Downtrend_HighVol,0.954090416431427
All_Regimes,2026-05-06,2026-05-07,2026-05-14,2401.39990234375,2246.0,-0.06471221315203712,-0.06751597211506055,0.8,5,Strong_Downtrend_HighVol,0.8325524926185608
All_Regimes,2026-05-15,2026-05-18,2026-05-25,2283.199951171875,2308.199951171875,0.010949544733113825,0.007918970735390385,0.8,5,Strong_Downtrend_HighVol,0.9114082455635072
All_Regimes,2026-05-26,2026-05-27,2026-06-04,2284.199951171875,2241.0,-0.01891250857864346,-0.02185356360605173,0.8,5,Strong_Downtrend_LowVol,0.906764030456543
All_Regimes,2026-06-05,2026-06-08,2026-06-15,2151.39990234375,2162.0,0.004927069878873924,0.0019145497551447122,0.8,5,Strong_Downtrend_HighVol,0.850580632686615
All_Regimes,2025-03-25,2025-03-26,2025-04-11,3635.800048828125,3231.5,-0.11119974789549747,-0.11386414885124363,0.8,10,Strong_Downtrend_HighVol,0.8238682150840759
All_Regimes,2025-07-28,2025-07-29,2025-08-12,3056.0,3035.39990234375,-0.0067408696519142275,-0.009718412209915095,0.8,10,Strong_Downtrend_LowVol,0.8290425539016724
All_Regimes,2025-08-13,2025-08-14,2025-09-01,3022.300048828125,3112.60009765625,0.029877923227092706,0.026790606682738805,0.8,10,Strong_Downtrend_LowVol,0.961881697177887
All_Regimes,2025-09-02,2025-09-03,2025-09-17,3097.5,3172.800048828125,0.024309943124495526,0.021239317992494122,0.8,10,Strong_Downtrend_LowVol,0.9125065803527832
All_Regimes,2025-09-18,2025-09-19,2025-10-06,3169.199951171875,2988.39990234375,-0.05704911385009659,-0.0598758448690524,0.8,10,Strong_Downtrend_LowVol,0.9473724365234376
All_Regimes,2025-10-07,2025-10-08,2025-10-23,3027.199951171875,3073.199951171875,0.01519556049880122,0.012152258007315897,0.8,10,Strong_Downtrend_HighVol,0.9003349542617798
All_Regimes,2025-10-24,2025-10-27,2025-11-11,3084.89990234375,3047.0,-0.012285618186494651,-0.015246538974575952,0.8,10,Strong_Downtrend_HighVol,0.9039702415466307
All_Regimes,2025-11-18,2025-11-19,2025-12-03,3147.699951171875,3180.0,0.010261476420616145,0.007232965079676301,0.8,10,Strong_Downtrend_LowVol,0.8338319659233093
All_Regimes,2025-12-12,2025-12-15,2025-12-30,3230.199951171875,3246.800048828125,0.005139030991015758,0.002125875460862403,0.8,10,Strong_Downtrend_LowVol,0.8086299300193787
All_Regimes,2026-01-19,2026-01-20,2026-02-04,3102.300048828125,2999.10009765625,-0.03326562535782385,-0.0361636533294073,0.8,10,Weak_Downtrend,0.8143543601036072
All_Regimes,2026-02-05,2026-02-06,2026-02-20,2941.60009765625,2686.199951171875,-0.08682354433149075,-0.08956101905147096,0.8,10,Weak_Downtrend,0.8451917171478271
All_Regimes,2026-02-23,2026-02-24,2026-03-11,2573.699951171875,2464.89990234375,-0.042273789055552236,-0.04514481280441085,0.8,10,Strong_Downtrend_HighVol,0.904740273952484
All_Regimes,2026-03-12,2026-03-13,2026-03-30,2410.5,2358.89990234375,-0.021406387743725386,-0.024339966744866492,0.8,10,Strong_Downtrend_HighVol,0.9290411472320556
All_Regimes,2026-04-01,2026-04-02,2026-04-20,2450.699951171875,2579.60009765625,0.05259727794205804,0.04944185445210736,0.8,10,Strong_Downtrend_HighVol,0.96190083026886
All_Regimes,2026-04-21,2026-04-22,2026-05-07,2538.5,2401.39990234375,-0.05400831107199133,-0.05684415765747519,0.8,10,Strong_Downtrend_HighVol,0.9321734309196472
All_Regimes,2026-05-08,2026-05-11,2026-05-25,2392.89990234375,2308.199951171875,-0.03539636199947804,-0.038288002555294076,0.8,10,Strong_Downtrend_HighVol,0.8204987049102783
All_Regimes,2026-05-26,2026-05-27,2026-06-11,2284.199951171875,2135.60009765625,-0.06505553659581687,-0.06785826636098669,0.8,10,Strong_Downtrend_LowVol,0.906764030456543
All_Regimes,2025-03-25,2025-03-26,2025-04-22,3635.800048828125,3314.39990234375,-0.08839874090104793,-0.09113149357551176,0.8,15,Strong_Downtrend_HighVol,0.8238682150840759
All_Regimes,2025-07-28,2025-07-29,2025-08-20,3056.0,3098.60009765625,0.013939822531495505,0.010900284428501772,0.8,15,Strong_Downtrend_LowVol,0.8290425539016724
All_Regimes,2025-08-21,2025-08-22,2025-09-15,3054.0,3111.89990234375,0.01895871065610666,0.01590412718123746,0.8,15,Strong_Downtrend_LowVol,0.9486553072929382
All_Regimes,2025-09-16,2025-09-17,2025-10-09,3172.800048828125,3061.699951171875,-0.035016419549440236,-0.03790919907773582,0.8,15,Strong_Downtrend_LowVol,0.939006507396698
All_Regimes,2025-10-10,2025-10-13,2025-11-04,3007.199951171875,2990.199951171875,-0.005653099320307997,-0.00863390274182052,0.8,15,Strong_Downtrend_HighVol,0.9537609815597534
All_Regimes,2025-11-06,2025-11-07,2025-11-28,2991.800048828125,3137.5,0.04869976228155526,0.04555602256917579,0.8,15,Strong_Downtrend_LowVol,0.9081805944442748
All_Regimes,2025-12-12,2025-12-15,2026-01-06,3230.199951171875,3255.800048828125,0.007925236221665743,0.004903728344782365,0.8,15,Strong_Downtrend_LowVol,0.8086299300193787
All_Regimes,2026-01-19,2026-01-20,2026-02-11,3102.300048828125,2909.800048828125,-0.06205073557366436,-0.06486247298109826,0.8,15,Weak_Downtrend,0.8143543601036072
All_Regimes,2026-02-12,2026-02-13,2026-03-09,2692.199951171875,2527.39990234375,-0.061213896373629284,-0.06402814241577515,0.8,15,Weak_Downtrend,0.9065052270889282
All_Regimes,2026-03-10,2026-03-11,2026-04-06,2464.89990234375,2473.89990234375,0.0036512638876096126,0.0006425683112907254,0.8,15,Strong_Downtrend_HighVol,0.9360578656196594
All_Regimes,2026-04-07,2026-04-08,2026-04-30,2559.199951171875,2473.89990234375,-0.03333074806799119,-0.03622858081797031,0.8,15,Strong_Downtrend_HighVol,0.9489715695381165
All_Regimes,2026-05-01,2026-05-05,2026-05-26,2427.300048828125,2276.199951171875,-0.06225027586894316,-0.06506141510445695,0.8,15,Strong_Downtrend_HighVol,0.8313239216804504
All_Regimes,2026-05-27,2026-05-28,2026-06-19,2284.199951171875,2125.0,-0.06969615382847716,-0.07248497218333771,0.8,15,Strong_Downtrend_LowVol,0.869499146938324
All_Regimes,2025-03-25,2025-03-26,2025-04-29,3635.800048828125,3472.5,-0.044914474568192864,-0.04777758220205586,0.8,20,Strong_Downtrend_HighVol,0.8238682150840759
All_Regimes,2025-07-28,2025-07-29,2025-08-28,3056.0,3093.699951171875,0.012336371456765471,0.009301640099231179,0.8,20,Strong_Downtrend_LowVol,0.8290425539016724
All_Regimes,2025-08-29,2025-09-01,2025-09-29,3112.60009765625,2896.10009765625,-0.06955599601857687,-0.07234523453151209,0.8,20,Strong_Downtrend_LowVol,0.9265365600585938
All_Regimes,2025-09-30,2025-10-01,2025-10-31,2914.199951171875,3058.0,0.04934460614835268,0.0461989333552717,0.8,20,Strong_Downtrend_LowVol,0.8965168595314026
All_Regimes,2025-11-03,2025-11-04,2025-12-03,2990.199951171875,3180.0,0.06347403248192185,0.060286003201049265,0.8,20,Strong_Downtrend_LowVol,0.924074113368988
All_Regimes,2025-12-12,2025-12-15,2026-01-13,3230.199951171875,3268.0,0.011702077084860152,0.008669247183278994,0.8,20,Strong_Downtrend_LowVol,0.8086299300193787
All_Regimes,2026-01-19,2026-01-20,2026-02-18,3102.300048828125,2694.89990234375,-0.13132196759570947,-0.13392604716734935,0.8,20,Weak_Downtrend,0.8143543601036072
All_Regimes,2026-02-19,2026-02-20,2026-03-23,2686.199951171875,2383.800048828125,-0.11257535099419003,-0.11523562823574707,0.8,20,Weak_Downtrend,0.904740273952484
All_Regimes,2026-03-24,2026-03-25,2026-04-28,2377.39990234375,2444.699951171875,0.0283082575892164,0.025225646510028454,0.8,20,Strong_Downtrend_HighVol,0.96190083026886
All_Regimes,2026-04-29,2026-04-30,2026-06-01,2473.89990234375,2297.39990234375,-0.0713448429472775,-0.07412871894433226,0.8,20,Strong_Downtrend_HighVol,0.9518266320228576
All_Regimes,2026-06-02,2026-06-03,2026-07-02,2241.699951171875,2068.10009765625,-0.07744116398132306,-0.08020676473199795,0.8,20,Strong_Downtrend_HighVol,0.8069612979888916
Only_Best_Regime,2025-03-20,2025-03-21,2025-03-28,3578.10009765625,3606.14990234375,0.007839301283346867,0.004818051017924985,0.6,5,Strong_Downtrend_HighVol,0.7291584610939026
Only_Best_Regime,2025-04-03,2025-04-04,2025-04-15,3299.39990234375,3248.199951171875,-0.015517958624992612,-0.018469189664524488,0.6,5,Strong_Downtrend_HighVol,0.7419236898422241
Only_Best_Regime,2025-04-16,2025-04-17,2025-04-25,3298.89990234375,3448.0,0.045196914750374795,0.0420636756991819,0.6,5,Strong_Downtrend_HighVol,0.7580151557922363
Only_Best_Regime,2025-09-22,2025-09-23,2025-09-30,3062.39990234375,2888.39990234375,-0.056818183630045316,-0.05964560692006826,0.6,5,Strong_Downtrend_HighVol,0.931107461452484
Only_Best_Regime,2025-10-06,2025-10-07,2025-10-14,2973.699951171875,2960.300048828125,-0.004506137997705273,-0.007490379722522533,0.6,5,Strong_Downtrend_HighVol,0.9090251922607422
Only_Best_Regime,2025-10-15,2025-10-16,2025-10-24,2970.699951171875,3063.199951171875,0.03113744286544695,0.02804635059609706,0.6,5,Strong_Downtrend_HighVol,0.8992742300033569
Only_Best_Regime,2026-02-20,2026-02-23,2026-03-02,2676.300048828125,2613.5,-0.023465249666465238,-0.026392656714277485,0.6,5,Strong_Downtrend_HighVol,0.9061835408210754
Only_Best_Regime,2026-03-04,2026-03-05,2026-03-12,2578.800048828125,2442.39990234375,-0.05289287416694399,-0.055732064553409955,0.6,5,Strong_Downtrend_HighVol,0.9367881417274476
Only_Best_Regime,2026-03-19,2026-03-20,2026-03-30,2390.60009765625,2358.89990234375,-0.013260350546952182,-0.0162183493311,0.6,5,Strong_Downtrend_HighVol,0.96190083026886
Only_Best_Regime,2026-04-01,2026-04-02,2026-04-10,2450.699951171875,2524.300048828125,0.03003227613443893,0.026944496878656965,0.6,5,Strong_Downtrend_HighVol,0.96190083026886
Only_Best_Regime,2026-04-13,2026-04-15,2026-04-22,2554.89990234375,2538.5,-0.006418999949354354,-0.009397507392256088,0.6,5,Strong_Downtrend_HighVol,0.9608955979347228
Only_Best_Regime,2026-04-23,2026-04-24,2026-05-01,2396.89990234375,2473.89990234375,0.03212482921156101,0.029030777004792174,0.6,5,Strong_Downtrend_HighVol,0.9550465941429138
Only_Best_Regime,2026-05-05,2026-05-06,2026-05-13,2435.39990234375,2272.800048828125,-0.06676515563589547,-0.06956276039058795,0.6,5,Strong_Downtrend_HighVol,0.8545153737068176
Only_Best_Regime,2026-05-14,2026-05-15,2026-05-22,2264.0,2317.300048828125,0.023542424394048078,0.02047410009132089,0.6,5,Strong_Downtrend_HighVol,0.913777470588684
Only_Best_Regime,2026-05-25,2026-05-26,2026-06-03,2276.199951171875,2241.699951171875,-0.015156840673086758,-0.01810915425395898,0.6,5,Strong_Downtrend_HighVol,0.8584686517715454
Only_Best_Regime,2026-06-04,2026-06-05,2026-06-12,2198.89990234375,2161.39990234375,-0.0170539822936141,-0.020000608718193313,0.6,5,Strong_Downtrend_HighVol,0.8592196702957153
Only_Best_Regime,2026-06-15,2026-06-16,2026-06-23,2199.0,2059.60009765625,-0.06339240670475221,-0.06620012211755288,0.6,5,Strong_Downtrend_HighVol,0.612230658531189
Only_Best_Regime,2026-06-24,2026-06-25,2026-07-03,2094.699951171875,2093.5,-0.000572851100322791,-0.003568883835936676,0.6,5,Strong_Downtrend_HighVol,0.605434775352478
Only_Best_Regime,2026-07-06,2026-07-07,2026-07-14,2096.10009765625,2200.60009765625,0.04985448935231984,0.046707288056864193,0.6,5,Strong_Downtrend_HighVol,0.7293938994407654
Only_Best_Regime,2025-03-20,2025-03-21,2025-04-07,3578.10009765625,3274.050048828125,-0.08497527752990641,-0.08771829289169109,0.6,10,Strong_Downtrend_HighVol,0.7291584610939026
Only_Best_Regime,2025-04-08,2025-04-09,2025-04-28,3246.60009765625,3443.5,0.060648030684744336,0.057468473050759306,0.6,10,Strong_Downtrend_HighVol,0.6423513889312744
Only_Best_Regime,2025-09-22,2025-09-23,2025-10-08,3062.39990234375,3027.199951171875,-0.011494237295702425,-0.014457530445849187,0.6,10,Strong_Downtrend_HighVol,0.931107461452484
Only_Best_Regime,2025-10-09,2025-10-10,2025-10-27,3028.300048828125,3084.89990234375,0.01869030565102947,0.015636526787264016,0.6,10,Strong_Downtrend_HighVol,0.9453299045562744
Only_Best_Regime,2026-02-20,2026-02-23,2026-03-10,2676.300048828125,2513.10009765625,-0.06097969143756343,-0.06379463956755638,0.6,10,Strong_Downtrend_HighVol,0.9061835408210754
Only_Best_Regime,2026-03-11,2026-03-12,2026-03-27,2442.39990234375,2389.800048828125,-0.021536134793139206,-0.024469324845063034,0.6,10,Strong_Downtrend_HighVol,0.9290411472320556
Only_Best_Regime,2026-04-01,2026-04-02,2026-04-20,2450.699951171875,2579.60009765625,0.05259727794205804,0.04944185445210736,0.6,10,Strong_Downtrend_HighVol,0.96190083026886
Only_Best_Regime,2026-04-21,2026-04-22,2026-05-07,2538.5,2401.39990234375,-0.05400831107199133,-0.05684415765747519,0.6,10,Strong_Downtrend_HighVol,0.9321734309196472
Only_Best_Regime,2026-05-08,2026-05-11,2026-05-25,2392.89990234375,2308.199951171875,-0.03539636199947804,-0.038288002555294076,0.6,10,Strong_Downtrend_HighVol,0.8204987049102783
Only_Best_Regime,2026-06-02,2026-06-03,2026-06-17,2241.699951171875,2223.0,-0.008341861792029448,-0.011314604975842357,0.6,10,Strong_Downtrend_HighVol,0.8069612979888916
Only_Best_Regime,2026-06-18,2026-06-19,2026-07-06,2125.0,2057.60009765625,-0.031717601102941195,-0.034620269664234704,0.6,10,Strong_Downtrend_HighVol,0.6488529443740845
Only_Best_Regime,2026-07-07,2026-07-08,2026-07-22,2057.5,2208.300048828125,0.07329285483748471,0.07007539118189565,0.6,10,Strong_Downtrend_HighVol,0.7256317734718323
Only_Best_Regime,2025-03-20,2025-03-21,2025-04-16,3578.10009765625,3273.800048828125,-0.08504514701180366,-0.08778795292234898,0.6,15,Strong_Downtrend_HighVol,0.7291584610939026
Only_Best_Regime,2025-04-17,2025-04-21,2025-05-13,3321.60009765625,3515.0,0.05822492071824503,0.055052626962162066,0.6,15,Strong_Downtrend_HighVol,0.6399140357971191
Only_Best_Regime,2025-09-22,2025-09-23,2025-10-15,3062.39990234375,2969.800048828125,-0.030237675179115353,-0.03314478018834699,0.6,15,Strong_Downtrend_HighVol,0.931107461452484
Only_Best_Regime,2025-10-16,2025-10-17,2025-11-11,2962.199951171875,3047.0,0.028627388503796647,0.025543820749909463,0.6,15,Strong_Downtrend_HighVol,0.9064403772354126
Only_Best_Regime,2026-02-20,2026-02-23,2026-03-17,2676.300048828125,2391.699951171875,-0.10634087825125149,-0.10901984488347372,0.6,15,Strong_Downtrend_HighVol,0.9061835408210754
Only_Best_Regime,2026-03-19,2026-03-20,2026-04-16,2390.60009765625,2576.89990234375,0.07793014183767033,0.07469877675497649,0.6,15,Strong_Downtrend_HighVol,0.96190083026886
Only_Best_Regime,2026-04-17,2026-04-20,2026-05-12,2579.60009765625,2300.300048828125,-0.10827261523283738,-0.11094579100052304,0.6,15,Strong_Downtrend_HighVol,0.9371484518051147
Only_Best_Regime,2026-05-13,2026-05-14,2026-06-05,2246.0,2198.89990234375,-0.02097065790572128,-0.02390554311598425,0.6,15,Strong_Downtrend_HighVol,0.9127066135406494
Only_Best_Regime,2026-06-08,2026-06-09,2026-07-01,2151.0,1982.5999755859373,-0.07828917917901568,-0.08105223779213167,0.6,15,Strong_Downtrend_HighVol,0.8125454783439636
Only_Best_Regime,2026-07-02,2026-07-03,2026-07-24,2093.5,2254.300048828125,0.07680919456800805,0.07358118980499206,0.6,15,Strong_Downtrend_HighVol,0.7523013949394226
Only_Best_Regime,2025-03-20,2025-03-21,2025-04-24,3578.10009765625,3401.60009765625,-0.04932785421950947,-0.05217773164452277,0.6,20,Strong_Downtrend_HighVol,0.7291584610939026
Only_Best_Regime,2025-09-22,2025-09-23,2025-10-23,3062.39990234375,3073.199951171875,0.0035266618248843695,0.0005183397743988571,0.6,20,Strong_Downtrend_HighVol,0.931107461452484
Only_Best_Regime,2025-10-24,2025-10-27,2025-11-25,3084.89990234375,3119.199951171875,0.011118691015570947,0.008087609959579245,0.6,20,Strong_Downtrend_HighVol,0.9039702415466307
Only_Best_Regime,2026-02-20,2026-02-23,2026-03-24,2676.300048828125,2398.800048828125,-0.10368792547065464,-0.10637484499207495,0.6,20,Strong_Downtrend_HighVol,0.9061835408210754
Only_Best_Regime,2026-03-25,2026-03-27,2026-04-29,2389.800048828125,2474.699951171875,0.03552594384847474,0.0324216959503032,0.6,20,Strong_Downtrend_HighVol,0.96190083026886
Only_Best_Regime,2026-04-30,2026-05-01,2026-06-02,2473.89990234375,2446.89990234375,-0.010913941980603359,-0.013878974711030945,0.6,20,Strong_Downtrend_HighVol,0.8231854438781738
Only_Best_Regime,2026-06-03,2026-06-04,2026-07-03,2241.0,2093.5,-0.06581883087907181,-0.06861927247880395,0.6,20,Strong_Downtrend_HighVol,0.8592196702957153
Only_Best_Regime,2026-07-06,2026-07-07,2026-08-04,2096.10009765625,2460.0,0.17360807470532724,0.17008989109937933,0.6,20,Strong_Downtrend_HighVol,0.7293938994407654
Only_Best_Regime,2025-03-20,2025-03-21,2025-03-28,3578.10009765625,3606.14990234375,0.007839301283346867,0.004818051017924985,0.65,5,Strong_Downtrend_HighVol,0.7291584610939026
Only_Best_Regime,2025-04-03,2025-04-04,2025-04-15,3299.39990234375,3248.199951171875,-0.015517958624992612,-0.018469189664524488,0.65,5,Strong_Downtrend_HighVol,0.7419236898422241
Only_Best_Regime,2025-04-16,2025-04-17,2025-04-25,3298.89990234375,3448.0,0.045196914750374795,0.0420636756991819,0.65,5,Strong_Downtrend_HighVol,0.7580151557922363
Only_Best_Regime,2025-09-22,2025-09-23,2025-09-30,3062.39990234375,2888.39990234375,-0.056818183630045316,-0.05964560692006826,0.65,5,Strong_Downtrend_HighVol,0.931107461452484
Only_Best_Regime,2025-10-06,2025-10-07,2025-10-14,2973.699951171875,2960.300048828125,-0.004506137997705273,-0.007490379722522533,0.65,5,Strong_Downtrend_HighVol,0.9090251922607422
Only_Best_Regime,2025-10-15,2025-10-16,2025-10-24,2970.699951171875,3063.199951171875,0.03113744286544695,0.02804635059609706,0.65,5,Strong_Downtrend_HighVol,0.8992742300033569
Only_Best_Regime,2026-02-20,2026-02-23,2026-03-02,2676.300048828125,2613.5,-0.023465249666465238,-0.026392656714277485,0.65,5,Strong_Downtrend_HighVol,0.9061835408210754
Only_Best_Regime,2026-03-04,2026-03-05,2026-03-12,2578.800048828125,2442.39990234375,-0.05289287416694399,-0.055732064553409955,0.65,5,Strong_Downtrend_HighVol,0.9367881417274476
Only_Best_Regime,2026-03-19,2026-03-20,2026-03-30,2390.60009765625,2358.89990234375,-0.013260350546952182,-0.0162183493311,0.65,5,Strong_Downtrend_HighVol,0.96190083026886
Only_Best_Regime,2026-04-01,2026-04-02,2026-04-10,2450.699951171875,2524.300048828125,0.03003227613443893,0.026944496878656965,0.65,5,Strong_Downtrend_HighVol,0.96190083026886
Only_Best_Regime,2026-04-13,2026-04-15,2026-04-22,2554.89990234375,2538.5,-0.006418999949354354,-0.009397507392256088,0.65,5,Strong_Downtrend_HighVol,0.9608955979347228
Only_Best_Regime,2026-04-23,2026-04-24,2026-05-01,2396.89990234375,2473.89990234375,0.03212482921156101,0.029030777004792174,0.65,5,Strong_Downtrend_HighVol,0.9550465941429138
Only_Best_Regime,2026-05-05,2026-05-06,2026-05-13,2435.39990234375,2272.800048828125,-0.06676515563589547,-0.06956276039058795,0.65,5,Strong_Downtrend_HighVol,0.8545153737068176
Only_Best_Regime,2026-05-14,2026-05-15,2026-05-22,2264.0,2317.300048828125,0.023542424394048078,0.02047410009132089,0.65,5,Strong_Downtrend_HighVol,0.913777470588684
Only_Best_Regime,2026-05-25,2026-05-26,2026-06-03,2276.199951171875,2241.699951171875,-0.015156840673086758,-0.01810915425395898,0.65,5,Strong_Downtrend_HighVol,0.8584686517715454
Only_Best_Regime,2026-06-04,2026-06-05,2026-06-12,2198.89990234375,2161.39990234375,-0.0170539822936141,-0.020000608718193313,0.65,5,Strong_Downtrend_HighVol,0.8592196702957153
Only_Best_Regime,2026-06-25,2026-06-26,2026-07-06,2094.699951171875,2057.60009765625,-0.017711297264732195,-0.020655953223356782,0.65,5,Strong_Downtrend_HighVol,0.6594902873039246
Only_Best_Regime,2026-07-07,2026-07-08,2026-07-15,2057.5,2189.199951171875,0.0640096968028554,0.060820061734264685,0.65,5,Strong_Downtrend_HighVol,0.7256317734718323
Only_Best_Regime,2025-03-20,2025-03-21,2025-04-07,3578.10009765625,3274.050048828125,-0.08497527752990641,-0.08771829289169109,0.65,10,Strong_Downtrend_HighVol,0.7291584610939026
Only_Best_Regime,2025-04-09,2025-04-11,2025-04-29,3231.5,3472.5,0.0745783691784001,0.07135705187219576,0.65,10,Strong_Downtrend_HighVol,0.7965906858444214
Only_Best_Regime,2025-09-22,2025-09-23,2025-10-08,3062.39990234375,3027.199951171875,-0.011494237295702425,-0.014457530445849187,0.65,10,Strong_Downtrend_HighVol,0.931107461452484
Only_Best_Regime,2025-10-09,2025-10-10,2025-10-27,3028.300048828125,3084.89990234375,0.01869030565102947,0.015636526787264016,0.65,10,Strong_Downtrend_HighVol,0.9453299045562744
Only_Best_Regime,2026-02-20,2026-02-23,2026-03-10,2676.300048828125,2513.10009765625,-0.06097969143756343,-0.06379463956755638,0.65,10,Strong_Downtrend_HighVol,0.9061835408210754
Only_Best_Regime,2026-03-11,2026-03-12,2026-03-27,2442.39990234375,2389.800048828125,-0.021536134793139206,-0.024469324845063034,0.65,10,Strong_Downtrend_HighVol,0.9290411472320556
Only_Best_Regime,2026-04-01,2026-04-02,2026-04-20,2450.699951171875,2579.60009765625,0.05259727794205804,0.04944185445210736,0.65,10,Strong_Downtrend_HighVol,0.96190083026886
Only_Best_Regime,2026-04-21,2026-04-22,2026-05-07,2538.5,2401.39990234375,-0.05400831107199133,-0.05684415765747519,0.65,10,Strong_Downtrend_HighVol,0.9321734309196472
Only_Best_Regime,2026-05-08,2026-05-11,2026-05-25,2392.89990234375,2308.199951171875,-0.03539636199947804,-0.038288002555294076,0.65,10,Strong_Downtrend_HighVol,0.8204987049102783
Only_Best_Regime,2026-06-02,2026-06-03,2026-06-17,2241.699951171875,2223.0,-0.008341861792029448,-0.011314604975842357,0.65,10,Strong_Downtrend_HighVol,0.8069612979888916
Only_Best_Regime,2026-06-25,2026-06-26,2026-07-13,2094.699951171875,2181.5,0.04143793901344428,0.03831596843176688,0.65,10,Strong_Downtrend_HighVol,0.6594902873039246
Only_Best_Regime,2025-03-20,2025-03-21,2025-04-16,3578.10009765625,3273.800048828125,-0.08504514701180366,-0.08778795292234898,0.65,15,Strong_Downtrend_HighVol,0.7291584610939026
Only_Best_Regime,2025-09-22,2025-09-23,2025-10-15,3062.39990234375,2969.800048828125,-0.030237675179115353,-0.03314478018834699,0.65,15,Strong_Downtrend_HighVol,0.931107461452484
Only_Best_Regime,2025-10-16,2025-10-17,2025-11-11,2962.199951171875,3047.0,0.028627388503796647,0.025543820749909463,0.65,15,Strong_Downtrend_HighVol,0.9064403772354126
Only_Best_Regime,2026-02-20,2026-02-23,2026-03-17,2676.300048828125,2391.699951171875,-0.10634087825125149,-0.10901984488347372,0.65,15,Strong_Downtrend_HighVol,0.9061835408210754
Only_Best_Regime,2026-03-19,2026-03-20,2026-04-16,2390.60009765625,2576.89990234375,0.07793014183767033,0.07469877675497649,0.65,15,Strong_Downtrend_HighVol,0.96190083026886
Only_Best_Regime,2026-04-17,2026-04-20,2026-05-12,2579.60009765625,2300.300048828125,-0.10827261523283738,-0.11094579100052304,0.65,15,Strong_Downtrend_HighVol,0.9371484518051147
Only_Best_Regime,2026-05-13,2026-05-14,2026-06-05,2246.0,2198.89990234375,-0.02097065790572128,-0.02390554311598425,0.65,15,Strong_Downtrend_HighVol,0.9127066135406494
Only_Best_Regime,2026-06-08,2026-06-09,2026-07-01,2151.0,1982.5999755859373,-0.07828917917901568,-0.08105223779213167,0.65,15,Strong_Downtrend_HighVol,0.8125454783439636
Only_Best_Regime,2026-07-02,2026-07-03,2026-07-24,2093.5,2254.300048828125,0.07680919456800805,0.07358118980499206,0.65,15,Strong_Downtrend_HighVol,0.7523013949394226
Only_Best_Regime,2025-03-20,2025-03-21,2025-04-24,3578.10009765625,3401.60009765625,-0.04932785421950947,-0.05217773164452277,0.65,20,Strong_Downtrend_HighVol,0.7291584610939026
Only_Best_Regime,2025-09-22,2025-09-23,2025-10-23,3062.39990234375,3073.199951171875,0.0035266618248843695,0.0005183397743988571,0.65,20,Strong_Downtrend_HighVol,0.931107461452484
Only_Best_Regime,2025-10-24,2025-10-27,2025-11-25,3084.89990234375,3119.199951171875,0.011118691015570947,0.008087609959579245,0.65,20,Strong_Downtrend_HighVol,0.9039702415466307
Only_Best_Regime,2026-02-20,2026-02-23,2026-03-24,2676.300048828125,2398.800048828125,-0.10368792547065464,-0.10637484499207495,0.65,20,Strong_Downtrend_HighVol,0.9061835408210754
Only_Best_Regime,2026-03-25,2026-03-27,2026-04-29,2389.800048828125,2474.699951171875,0.03552594384847474,0.0324216959503032,0.65,20,Strong_Downtrend_HighVol,0.96190083026886
Only_Best_Regime,2026-04-30,2026-05-01,2026-06-02,2473.89990234375,2446.89990234375,-0.010913941980603359,-0.013878974711030945,0.65,20,Strong_Downtrend_HighVol,0.8231854438781738
Only_Best_Regime,2026-06-03,2026-06-04,2026-07-03,2241.0,2093.5,-0.06581883087907181,-0.06861927247880395,0.65,20,Strong_Downtrend_HighVol,0.8592196702957153
Only_Best_Regime,2026-07-06,2026-07-07,2026-08-04,2096.10009765625,2460.0,0.17360807470532724,0.17008989109937933,0.65,20,Strong_Downtrend_HighVol,0.7293938994407654
Only_Best_Regime,2025-03-20,2025-03-21,2025-03-28,3578.10009765625,3606.14990234375,0.007839301283346867,0.004818051017924985,0.7,5,Strong_Downtrend_HighVol,0.7291584610939026
Only_Best_Regime,2025-04-03,2025-04-04,2025-04-15,3299.39990234375,3248.199951171875,-0.015517958624992612,-0.018469189664524488,0.7,5,Strong_Downtrend_HighVol,0.7419236898422241
Only_Best_Regime,2025-04-16,2025-04-17,2025-04-25,3298.89990234375,3448.0,0.045196914750374795,0.0420636756991819,0.7,5,Strong_Downtrend_HighVol,0.7580151557922363
Only_Best_Regime,2025-09-22,2025-09-23,2025-09-30,3062.39990234375,2888.39990234375,-0.056818183630045316,-0.05964560692006826,0.7,5,Strong_Downtrend_HighVol,0.931107461452484
Only_Best_Regime,2025-10-06,2025-10-07,2025-10-14,2973.699951171875,2960.300048828125,-0.004506137997705273,-0.007490379722522533,0.7,5,Strong_Downtrend_HighVol,0.9090251922607422
Only_Best_Regime,2025-10-15,2025-10-16,2025-10-24,2970.699951171875,3063.199951171875,0.03113744286544695,0.02804635059609706,0.7,5,Strong_Downtrend_HighVol,0.8992742300033569
Only_Best_Regime,2026-02-20,2026-02-23,2026-03-02,2676.300048828125,2613.5,-0.023465249666465238,-0.026392656714277485,0.7,5,Strong_Downtrend_HighVol,0.9061835408210754
Only_Best_Regime,2026-03-04,2026-03-05,2026-03-12,2578.800048828125,2442.39990234375,-0.05289287416694399,-0.055732064553409955,0.7,5,Strong_Downtrend_HighVol,0.9367881417274476
Only_Best_Regime,2026-03-19,2026-03-20,2026-03-30,2390.60009765625,2358.89990234375,-0.013260350546952182,-0.0162183493311,0.7,5,Strong_Downtrend_HighVol,0.96190083026886
Only_Best_Regime,2026-04-01,2026-04-02,2026-04-10,2450.699951171875,2524.300048828125,0.03003227613443893,0.026944496878656965,0.7,5,Strong_Downtrend_HighVol,0.96190083026886
Only_Best_Regime,2026-04-13,2026-04-15,2026-04-22,2554.89990234375,2538.5,-0.006418999949354354,-0.009397507392256088,0.7,5,Strong_Downtrend_HighVol,0.9608955979347228
Only_Best_Regime,2026-04-23,2026-04-24,2026-05-01,2396.89990234375,2473.89990234375,0.03212482921156101,0.029030777004792174,0.7,5,Strong_Downtrend_HighVol,0.9550465941429138
Only_Best_Regime,2026-05-05,2026-05-06,2026-05-13,2435.39990234375,2272.800048828125,-0.06676515563589547,-0.06956276039058795,0.7,5,Strong_Downtrend_HighVol,0.8545153737068176
Only_Best_Regime,2026-05-14,2026-05-15,2026-05-22,2264.0,2317.300048828125,0.023542424394048078,0.02047410009132089,0.7,5,Strong_Downtrend_HighVol,0.913777470588684
Only_Best_Regime,2026-05-25,2026-05-26,2026-06-03,2276.199951171875,2241.699951171875,-0.015156840673086758,-0.01810915425395898,0.7,5,Strong_Downtrend_HighVol,0.8584686517715454
Only_Best_Regime,2026-06-04,2026-06-05,2026-06-12,2198.89990234375,2161.39990234375,-0.0170539822936141,-0.020000608718193313,0.7,5,Strong_Downtrend_HighVol,0.8592196702957153
Only_Best_Regime,2026-07-02,2026-07-03,2026-07-10,2093.5,2069.0,-0.011702889897301172,-0.014665557559111475,0.7,5,Strong_Downtrend_HighVol,0.7523013949394226
Only_Best_Regime,2025-03-20,2025-03-21,2025-04-07,3578.10009765625,3274.050048828125,-0.08497527752990641,-0.08771829289169109,0.7,10,Strong_Downtrend_HighVol,0.7291584610939026
Only_Best_Regime,2025-04-09,2025-04-11,2025-04-29,3231.5,3472.5,0.0745783691784001,0.07135705187219576,0.7,10,Strong_Downtrend_HighVol,0.7965906858444214
Only_Best_Regime,2025-09-22,2025-09-23,2025-10-08,3062.39990234375,3027.199951171875,-0.011494237295702425,-0.014457530445849187,0.7,10,Strong_Downtrend_HighVol,0.931107461452484
Only_Best_Regime,2025-10-09,2025-10-10,2025-10-27,3028.300048828125,3084.89990234375,0.01869030565102947,0.015636526787264016,0.7,10,Strong_Downtrend_HighVol,0.9453299045562744
Only_Best_Regime,2026-02-20,2026-02-23,2026-03-10,2676.300048828125,2513.10009765625,-0.06097969143756343,-0.06379463956755638,0.7,10,Strong_Downtrend_HighVol,0.9061835408210754
Only_Best_Regime,2026-03-11,2026-03-12,2026-03-27,2442.39990234375,2389.800048828125,-0.021536134793139206,-0.024469324845063034,0.7,10,Strong_Downtrend_HighVol,0.9290411472320556
Only_Best_Regime,2026-04-01,2026-04-02,2026-04-20,2450.699951171875,2579.60009765625,0.05259727794205804,0.04944185445210736,0.7,10,Strong_Downtrend_HighVol,0.96190083026886
Only_Best_Regime,2026-04-21,2026-04-22,2026-05-07,2538.5,2401.39990234375,-0.05400831107199133,-0.05684415765747519,0.7,10,Strong_Downtrend_HighVol,0.9321734309196472
Only_Best_Regime,2026-05-08,2026-05-11,2026-05-25,2392.89990234375,2308.199951171875,-0.03539636199947804,-0.038288002555294076,0.7,10,Strong_Downtrend_HighVol,0.8204987049102783
Only_Best_Regime,2026-06-02,2026-06-03,2026-06-17,2241.699951171875,2223.0,-0.008341861792029448,-0.011314604975842357,0.7,10,Strong_Downtrend_HighVol,0.8069612979888916
Only_Best_Regime,2026-07-02,2026-07-03,2026-07-17,2093.5,2269.0,0.08383090518270842,0.08058185108669713,0.7,10,Strong_Downtrend_HighVol,0.7523013949394226
Only_Best_Regime,2025-03-20,2025-03-21,2025-04-16,3578.10009765625,3273.800048828125,-0.08504514701180366,-0.08778795292234898,0.7,15,Strong_Downtrend_HighVol,0.7291584610939026
Only_Best_Regime,2025-09-22,2025-09-23,2025-10-15,3062.39990234375,2969.800048828125,-0.030237675179115353,-0.03314478018834699,0.7,15,Strong_Downtrend_HighVol,0.931107461452484
Only_Best_Regime,2025-10-16,2025-10-17,2025-11-11,2962.199951171875,3047.0,0.028627388503796647,0.025543820749909463,0.7,15,Strong_Downtrend_HighVol,0.9064403772354126
Only_Best_Regime,2026-02-20,2026-02-23,2026-03-17,2676.300048828125,2391.699951171875,-0.10634087825125149,-0.10901984488347372,0.7,15,Strong_Downtrend_HighVol,0.9061835408210754
Only_Best_Regime,2026-03-19,2026-03-20,2026-04-16,2390.60009765625,2576.89990234375,0.07793014183767033,0.07469877675497649,0.7,15,Strong_Downtrend_HighVol,0.96190083026886
Only_Best_Regime,2026-04-17,2026-04-20,2026-05-12,2579.60009765625,2300.300048828125,-0.10827261523283738,-0.11094579100052304,0.7,15,Strong_Downtrend_HighVol,0.9371484518051147
Only_Best_Regime,2026-05-13,2026-05-14,2026-06-05,2246.0,2198.89990234375,-0.02097065790572128,-0.02390554311598425,0.7,15,Strong_Downtrend_HighVol,0.9127066135406494
Only_Best_Regime,2026-06-08,2026-06-09,2026-07-01,2151.0,1982.5999755859373,-0.07828917917901568,-0.08105223779213167,0.7,15,Strong_Downtrend_HighVol,0.8125454783439636
Only_Best_Regime,2026-07-02,2026-07-03,2026-07-24,2093.5,2254.300048828125,0.07680919456800805,0.07358118980499206,0.7,15,Strong_Downtrend_HighVol,0.7523013949394226
Only_Best_Regime,2025-03-20,2025-03-21,2025-04-24,3578.10009765625,3401.60009765625,-0.04932785421950947,-0.05217773164452277,0.7,20,Strong_Downtrend_HighVol,0.7291584610939026
Only_Best_Regime,2025-09-22,2025-09-23,2025-10-23,3062.39990234375,3073.199951171875,0.0035266618248843695,0.0005183397743988571,0.7,20,Strong_Downtrend_HighVol,0.931107461452484
Only_Best_Regime,2025-10-24,2025-10-27,2025-11-25,3084.89990234375,3119.199951171875,0.011118691015570947,0.008087609959579245,0.7,20,Strong_Downtrend_HighVol,0.9039702415466307
Only_Best_Regime,2026-02-20,2026-02-23,2026-03-24,2676.300048828125,2398.800048828125,-0.10368792547065464,-0.10637484499207495,0.7,20,Strong_Downtrend_HighVol,0.9061835408210754
Only_Best_Regime,2026-03-25,2026-03-27,2026-04-29,2389.800048828125,2474.699951171875,0.03552594384847474,0.0324216959503032,0.7,20,Strong_Downtrend_HighVol,0.96190083026886
Only_Best_Regime,2026-04-30,2026-05-01,2026-06-02,2473.89990234375,2446.89990234375,-0.010913941980603359,-0.013878974711030945,0.7,20,Strong_Downtrend_HighVol,0.8231854438781738
Only_Best_Regime,2026-06-03,2026-06-04,2026-07-03,2241.0,2093.5,-0.06581883087907181,-0.06861927247880395,0.7,20,Strong_Downtrend_HighVol,0.8592196702957153
Only_Best_Regime,2026-07-06,2026-07-07,2026-08-04,2096.10009765625,2460.0,0.17360807470532724,0.17008989109937933,0.7,20,Strong_Downtrend_HighVol,0.7293938994407654
Only_Best_Regime,2025-03-24,2025-03-25,2025-04-02,3657.75,3543.949951171875,-0.031112035767377533,-0.0340165196621558,0.75,5,Strong_Downtrend_HighVol,0.7658523917198181
Only_Best_Regime,2025-04-04,2025-04-07,2025-04-16,3274.050048828125,3273.800048828125,-7.63580263806185e-05,-0.0030738791241069485,0.75,5,Strong_Downtrend_HighVol,0.7715306282043457
Only_Best_Regime,2025-09-22,2025-09-23,2025-09-30,3062.39990234375,2888.39990234375,-0.056818183630045316,-0.05964560692006826,0.75,5,Strong_Downtrend_HighVol,0.931107461452484
Only_Best_Regime,2025-10-06,2025-10-07,2025-10-14,2973.699951171875,2960.300048828125,-0.004506137997705273,-0.007490379722522533,0.75,5,Strong_Downtrend_HighVol,0.9090251922607422
Only_Best_Regime,2025-10-15,2025-10-16,2025-10-24,2970.699951171875,3063.199951171875,0.03113744286544695,0.02804635059609706,0.75,5,Strong_Downtrend_HighVol,0.8992742300033569
Only_Best_Regime,2026-02-20,2026-02-23,2026-03-02,2676.300048828125,2613.5,-0.023465249666465238,-0.026392656714277485,0.75,5,Strong_Downtrend_HighVol,0.9061835408210754
Only_Best_Regime,2026-03-04,2026-03-05,2026-03-12,2578.800048828125,2442.39990234375,-0.05289287416694399,-0.055732064553409955,0.75,5,Strong_Downtrend_HighVol,0.9367881417274476
Only_Best_Regime,2026-03-19,2026-03-20,2026-03-30,2390.60009765625,2358.89990234375,-0.013260350546952182,-0.0162183493311,0.75,5,Strong_Downtrend_HighVol,0.96190083026886
Only_Best_Regime,2026-04-01,2026-04-02,2026-04-10,2450.699951171875,2524.300048828125,0.03003227613443893,0.026944496878656965,0.75,5,Strong_Downtrend_HighVol,0.96190083026886
Only_Best_Regime,2026-04-13,2026-04-15,2026-04-22,2554.89990234375,2538.5,-0.006418999949354354,-0.009397507392256088,0.75,5,Strong_Downtrend_HighVol,0.9608955979347228
Only_Best_Regime,2026-04-23,2026-04-24,2026-05-01,2396.89990234375,2473.89990234375,0.03212482921156101,0.029030777004792174,0.75,5,Strong_Downtrend_HighVol,0.9550465941429138
Only_Best_Regime,2026-05-05,2026-05-06,2026-05-13,2435.39990234375,2272.800048828125,-0.06676515563589547,-0.06956276039058795,0.75,5,Strong_Downtrend_HighVol,0.8545153737068176
Only_Best_Regime,2026-05-14,2026-05-15,2026-05-22,2264.0,2317.300048828125,0.023542424394048078,0.02047410009132089,0.75,5,Strong_Downtrend_HighVol,0.913777470588684
Only_Best_Regime,2026-05-25,2026-05-26,2026-06-03,2276.199951171875,2241.699951171875,-0.015156840673086758,-0.01810915425395898,0.75,5,Strong_Downtrend_HighVol,0.8584686517715454
Only_Best_Regime,2026-06-04,2026-06-05,2026-06-12,2198.89990234375,2161.39990234375,-0.0170539822936141,-0.020000608718193313,0.75,5,Strong_Downtrend_HighVol,0.8592196702957153
Only_Best_Regime,2026-07-02,2026-07-03,2026-07-10,2093.5,2069.0,-0.011702889897301172,-0.014665557559111475,0.75,5,Strong_Downtrend_HighVol,0.7523013949394226
Only_Best_Regime,2025-03-24,2025-03-25,2025-04-09,3657.75,3246.60009765625,-0.1124051404124804,-0.1150659279028089,0.75,10,Strong_Downtrend_HighVol,0.7658523917198181
Only_Best_Regime,2025-04-11,2025-04-15,2025-04-30,3248.199951171875,3453.699951171875,0.06326580970665319,0.0600784046256051,0.75,10,Strong_Downtrend_HighVol,0.7830226421356201
Only_Best_Regime,2025-09-22,2025-09-23,2025-10-08,3062.39990234375,3027.199951171875,-0.011494237295702425,-0.014457530445849187,0.75,10,Strong_Downtrend_HighVol,0.931107461452484
Only_Best_Regime,2025-10-09,2025-10-10,2025-10-27,3028.300048828125,3084.89990234375,0.01869030565102947,0.015636526787264016,0.75,10,Strong_Downtrend_HighVol,0.9453299045562744
Only_Best_Regime,2026-02-20,2026-02-23,2026-03-10,2676.300048828125,2513.10009765625,-0.06097969143756343,-0.06379463956755638,0.75,10,Strong_Downtrend_HighVol,0.9061835408210754
Only_Best_Regime,2026-03-11,2026-03-12,2026-03-27,2442.39990234375,2389.800048828125,-0.021536134793139206,-0.024469324845063034,0.75,10,Strong_Downtrend_HighVol,0.9290411472320556
Only_Best_Regime,2026-04-01,2026-04-02,2026-04-20,2450.699951171875,2579.60009765625,0.05259727794205804,0.04944185445210736,0.75,10,Strong_Downtrend_HighVol,0.96190083026886
Only_Best_Regime,2026-04-21,2026-04-22,2026-05-07,2538.5,2401.39990234375,-0.05400831107199133,-0.05684415765747519,0.75,10,Strong_Downtrend_HighVol,0.9321734309196472
Only_Best_Regime,2026-05-08,2026-05-11,2026-05-25,2392.89990234375,2308.199951171875,-0.03539636199947804,-0.038288002555294076,0.75,10,Strong_Downtrend_HighVol,0.8204987049102783
Only_Best_Regime,2026-06-02,2026-06-03,2026-06-17,2241.699951171875,2223.0,-0.008341861792029448,-0.011314604975842357,0.75,10,Strong_Downtrend_HighVol,0.8069612979888916
Only_Best_Regime,2026-07-02,2026-07-03,2026-07-17,2093.5,2269.0,0.08383090518270842,0.08058185108669713,0.75,10,Strong_Downtrend_HighVol,0.7523013949394226
Only_Best_Regime,2025-03-24,2025-03-25,2025-04-21,3657.75,3321.60009765625,-0.09190073196466408,-0.09462298654541701,0.75,15,Strong_Downtrend_HighVol,0.7658523917198181
Only_Best_Regime,2025-09-22,2025-09-23,2025-10-15,3062.39990234375,2969.800048828125,-0.030237675179115353,-0.03314478018834699,0.75,15,Strong_Downtrend_HighVol,0.931107461452484
Only_Best_Regime,2025-10-16,2025-10-17,2025-11-11,2962.199951171875,3047.0,0.028627388503796647,0.025543820749909463,0.75,15,Strong_Downtrend_HighVol,0.9064403772354126
Only_Best_Regime,2026-02-20,2026-02-23,2026-03-17,2676.300048828125,2391.699951171875,-0.10634087825125149,-0.10901984488347372,0.75,15,Strong_Downtrend_HighVol,0.9061835408210754
Only_Best_Regime,2026-03-19,2026-03-20,2026-04-16,2390.60009765625,2576.89990234375,0.07793014183767033,0.07469877675497649,0.75,15,Strong_Downtrend_HighVol,0.96190083026886
Only_Best_Regime,2026-04-17,2026-04-20,2026-05-12,2579.60009765625,2300.300048828125,-0.10827261523283738,-0.11094579100052304,0.75,15,Strong_Downtrend_HighVol,0.9371484518051147
Only_Best_Regime,2026-05-13,2026-05-14,2026-06-05,2246.0,2198.89990234375,-0.02097065790572128,-0.02390554311598425,0.75,15,Strong_Downtrend_HighVol,0.9127066135406494
Only_Best_Regime,2026-06-08,2026-06-09,2026-07-01,2151.0,1982.5999755859373,-0.07828917917901568,-0.08105223779213167,0.75,15,Strong_Downtrend_HighVol,0.8125454783439636
Only_Best_Regime,2026-07-02,2026-07-03,2026-07-24,2093.5,2254.300048828125,0.07680919456800805,0.07358118980499206,0.75,15,Strong_Downtrend_HighVol,0.7523013949394226
Only_Best_Regime,2025-03-24,2025-03-25,2025-04-28,3657.75,3443.5,-0.058574260132595146,-0.06139641914428251,0.75,20,Strong_Downtrend_HighVol,0.7658523917198181
Only_Best_Regime,2025-09-22,2025-09-23,2025-10-23,3062.39990234375,3073.199951171875,0.0035266618248843695,0.0005183397743988571,0.75,20,Strong_Downtrend_HighVol,0.931107461452484
Only_Best_Regime,2025-10-24,2025-10-27,2025-11-25,3084.89990234375,3119.199951171875,0.011118691015570947,0.008087609959579245,0.75,20,Strong_Downtrend_HighVol,0.9039702415466307
Only_Best_Regime,2026-02-20,2026-02-23,2026-03-24,2676.300048828125,2398.800048828125,-0.10368792547065464,-0.10637484499207495,0.75,20,Strong_Downtrend_HighVol,0.9061835408210754
Only_Best_Regime,2026-03-25,2026-03-27,2026-04-29,2389.800048828125,2474.699951171875,0.03552594384847474,0.0324216959503032,0.75,20,Strong_Downtrend_HighVol,0.96190083026886
Only_Best_Regime,2026-04-30,2026-05-01,2026-06-02,2473.89990234375,2446.89990234375,-0.010913941980603359,-0.013878974711030945,0.75,20,Strong_Downtrend_HighVol,0.8231854438781738
Only_Best_Regime,2026-06-03,2026-06-04,2026-07-03,2241.0,2093.5,-0.06581883087907181,-0.06861927247880395,0.75,20,Strong_Downtrend_HighVol,0.8592196702957153
Only_Best_Regime,2026-07-08,2026-07-09,2026-08-06,2049.5,2373.0,0.1578433764332765,0.15437245145157386,0.75,20,Strong_Downtrend_HighVol,0.7963859438896179
Only_Best_Regime,2025-03-25,2025-03-26,2025-04-03,3635.800048828125,3403.14990234375,-0.06398870767366915,-0.06679463552524034,0.8,5,Strong_Downtrend_HighVol,0.8238682150840759
Only_Best_Regime,2025-09-22,2025-09-23,2025-09-30,3062.39990234375,2888.39990234375,-0.056818183630045316,-0.05964560692006826,0.8,5,Strong_Downtrend_HighVol,0.931107461452484
Only_Best_Regime,2025-10-06,2025-10-07,2025-10-14,2973.699951171875,2960.300048828125,-0.004506137997705273,-0.007490379722522533,0.8,5,Strong_Downtrend_HighVol,0.9090251922607422
Only_Best_Regime,2025-10-15,2025-10-16,2025-10-24,2970.699951171875,3063.199951171875,0.03113744286544695,0.02804635059609706,0.8,5,Strong_Downtrend_HighVol,0.8992742300033569
Only_Best_Regime,2026-02-20,2026-02-23,2026-03-02,2676.300048828125,2613.5,-0.023465249666465238,-0.026392656714277485,0.8,5,Strong_Downtrend_HighVol,0.9061835408210754
Only_Best_Regime,2026-03-04,2026-03-05,2026-03-12,2578.800048828125,2442.39990234375,-0.05289287416694399,-0.055732064553409955,0.8,5,Strong_Downtrend_HighVol,0.9367881417274476
Only_Best_Regime,2026-03-19,2026-03-20,2026-03-30,2390.60009765625,2358.89990234375,-0.013260350546952182,-0.0162183493311,0.8,5,Strong_Downtrend_HighVol,0.96190083026886
Only_Best_Regime,2026-04-01,2026-04-02,2026-04-10,2450.699951171875,2524.300048828125,0.03003227613443893,0.026944496878656965,0.8,5,Strong_Downtrend_HighVol,0.96190083026886
Only_Best_Regime,2026-04-13,2026-04-15,2026-04-22,2554.89990234375,2538.5,-0.006418999949354354,-0.009397507392256088,0.8,5,Strong_Downtrend_HighVol,0.9608955979347228
Only_Best_Regime,2026-04-23,2026-04-24,2026-05-01,2396.89990234375,2473.89990234375,0.03212482921156101,0.029030777004792174,0.8,5,Strong_Downtrend_HighVol,0.9550465941429138
Only_Best_Regime,2026-05-05,2026-05-06,2026-05-13,2435.39990234375,2272.800048828125,-0.06676515563589547,-0.06956276039058795,0.8,5,Strong_Downtrend_HighVol,0.8545153737068176
Only_Best_Regime,2026-05-14,2026-05-15,2026-05-22,2264.0,2317.300048828125,0.023542424394048078,0.02047410009132089,0.8,5,Strong_Downtrend_HighVol,0.913777470588684
Only_Best_Regime,2026-05-25,2026-05-26,2026-06-03,2276.199951171875,2241.699951171875,-0.015156840673086758,-0.01810915425395898,0.8,5,Strong_Downtrend_HighVol,0.8584686517715454
Only_Best_Regime,2026-06-04,2026-06-05,2026-06-12,2198.89990234375,2161.39990234375,-0.0170539822936141,-0.020000608718193313,0.8,5,Strong_Downtrend_HighVol,0.8592196702957153
Only_Best_Regime,2025-03-25,2025-03-26,2025-04-11,3635.800048828125,3231.5,-0.11119974789549747,-0.11386414885124363,0.8,10,Strong_Downtrend_HighVol,0.8238682150840759
Only_Best_Regime,2025-09-22,2025-09-23,2025-10-08,3062.39990234375,3027.199951171875,-0.011494237295702425,-0.014457530445849187,0.8,10,Strong_Downtrend_HighVol,0.931107461452484
Only_Best_Regime,2025-10-09,2025-10-10,2025-10-27,3028.300048828125,3084.89990234375,0.01869030565102947,0.015636526787264016,0.8,10,Strong_Downtrend_HighVol,0.9453299045562744
Only_Best_Regime,2026-02-20,2026-02-23,2026-03-10,2676.300048828125,2513.10009765625,-0.06097969143756343,-0.06379463956755638,0.8,10,Strong_Downtrend_HighVol,0.9061835408210754
Only_Best_Regime,2026-03-11,2026-03-12,2026-03-27,2442.39990234375,2389.800048828125,-0.021536134793139206,-0.024469324845063034,0.8,10,Strong_Downtrend_HighVol,0.9290411472320556
Only_Best_Regime,2026-04-01,2026-04-02,2026-04-20,2450.699951171875,2579.60009765625,0.05259727794205804,0.04944185445210736,0.8,10,Strong_Downtrend_HighVol,0.96190083026886
Only_Best_Regime,2026-04-21,2026-04-22,2026-05-07,2538.5,2401.39990234375,-0.05400831107199133,-0.05684415765747519,0.8,10,Strong_Downtrend_HighVol,0.9321734309196472
Only_Best_Regime,2026-05-08,2026-05-11,2026-05-25,2392.89990234375,2308.199951171875,-0.03539636199947804,-0.038288002555294076,0.8,10,Strong_Downtrend_HighVol,0.8204987049102783
Only_Best_Regime,2026-06-02,2026-06-03,2026-06-17,2241.699951171875,2223.0,-0.008341861792029448,-0.011314604975842357,0.8,10,Strong_Downtrend_HighVol,0.8069612979888916
Only_Best_Regime,2025-03-25,2025-03-26,2025-04-22,3635.800048828125,3314.39990234375,-0.08839874090104793,-0.09113149357551176,0.8,15,Strong_Downtrend_HighVol,0.8238682150840759
Only_Best_Regime,2025-09-22,2025-09-23,2025-10-15,3062.39990234375,2969.800048828125,-0.030237675179115353,-0.03314478018834699,0.8,15,Strong_Downtrend_HighVol,0.931107461452484
Only_Best_Regime,2025-10-16,2025-10-17,2025-11-11,2962.199951171875,3047.0,0.028627388503796647,0.025543820749909463,0.8,15,Strong_Downtrend_HighVol,0.9064403772354126
Only_Best_Regime,2026-02-20,2026-02-23,2026-03-17,2676.300048828125,2391.699951171875,-0.10634087825125149,-0.10901984488347372,0.8,15,Strong_Downtrend_HighVol,0.9061835408210754
Only_Best_Regime,2026-03-19,2026-03-20,2026-04-16,2390.60009765625,2576.89990234375,0.07793014183767033,0.07469877675497649,0.8,15,Strong_Downtrend_HighVol,0.96190083026886
Only_Best_Regime,2026-04-17,2026-04-20,2026-05-12,2579.60009765625,2300.300048828125,-0.10827261523283738,-0.11094579100052304,0.8,15,Strong_Downtrend_HighVol,0.9371484518051147
Only_Best_Regime,2026-05-13,2026-05-14,2026-06-05,2246.0,2198.89990234375,-0.02097065790572128,-0.02390554311598425,0.8,15,Strong_Downtrend_HighVol,0.9127066135406494
Only_Best_Regime,2026-06-08,2026-06-09,2026-07-01,2151.0,1982.5999755859373,-0.07828917917901568,-0.08105223779213167,0.8,15,Strong_Downtrend_HighVol,0.8125454783439636
Only_Best_Regime,2025-03-25,2025-03-26,2025-04-29,3635.800048828125,3472.5,-0.044914474568192864,-0.04777758220205586,0.8,20,Strong_Downtrend_HighVol,0.8238682150840759
Only_Best_Regime,2025-09-22,2025-09-23,2025-10-23,3062.39990234375,3073.199951171875,0.0035266618248843695,0.0005183397743988571,0.8,20,Strong_Downtrend_HighVol,0.931107461452484
Only_Best_Regime,2025-10-24,2025-10-27,2025-11-25,3084.89990234375,3119.199951171875,0.011118691015570947,0.008087609959579245,0.8,20,Strong_Downtrend_HighVol,0.9039702415466307
Only_Best_Regime,2026-02-20,2026-02-23,2026-03-24,2676.300048828125,2398.800048828125,-0.10368792547065464,-0.10637484499207495,0.8,20,Strong_Downtrend_HighVol,0.9061835408210754
Only_Best_Regime,2026-03-25,2026-03-27,2026-04-29,2389.800048828125,2474.699951171875,0.03552594384847474,0.0324216959503032,0.8,20,Strong_Downtrend_HighVol,0.96190083026886
Only_Best_Regime,2026-04-30,2026-05-01,2026-06-02,2473.89990234375,2446.89990234375,-0.010913941980603359,-0.013878974711030945,0.8,20,Strong_Downtrend_HighVol,0.8231854438781738
Only_Best_Regime,2026-06-03,2026-06-04,2026-07-03,2241.0,2093.5,-0.06581883087907181,-0.06861927247880395,0.8,20,Strong_Downtrend_HighVol,0.8592196702957153
Exclude_Best_Regime,2025-02-13,2025-02-14,2025-02-21,3934.85009765625,3786.0,-0.03782865775367428,-0.0407130068948931,0.6,5,Weak_Uptrend,0.6079674363136292
Exclude_Best_Regime,2025-02-24,2025-02-25,2025-03-05,3629.550048828125,3547.050048828125,-0.022730090201301123,-0.0256597010734001,0.6,5,Weak_Downtrend,0.6087058782577515
Exclude_Best_Regime,2025-03-06,2025-03-07,2025-03-17,3611.199951171875,3497.699951171875,-0.031429995994314286,-0.03433352672382217,0.6,5,Strong_Downtrend_LowVol,0.6301945447921753
Exclude_Best_Regime,2025-03-18,2025-03-20,2025-03-27,3563.14990234375,3651.199951171875,0.024711295129685062,0.021639466844710187,0.6,5,Strong_Downtrend_LowVol,0.7011474370956421
Exclude_Best_Regime,2025-03-28,2025-04-01,2025-04-08,3550.800048828125,3292.949951171875,-0.07261746482777831,-0.07539752582259074,0.6,5,Strong_Downtrend_LowVol,0.8297224044799805
Exclude_Best_Regime,2025-07-21,2025-07-22,2025-07-29,3159.60009765625,3056.0,-0.03278899052228135,-0.03568844732594312,0.6,5,Strong_Downtrend_LowVol,0.6745085120201111
Exclude_Best_Regime,2025-07-30,2025-07-31,2025-08-07,3036.800048828125,3047.0,0.0033587826026975076,0.0003509638121503844,0.6,5,Strong_Downtrend_LowVol,0.8165466785430908
Exclude_Best_Regime,2025-08-08,2025-08-11,2025-08-19,3040.800048828125,3016.199951171875,-0.008090008307429009,-0.011063506485025298,0.6,5,Strong_Downtrend_LowVol,0.951858401298523
Exclude_Best_Regime,2025-08-20,2025-08-21,2025-08-29,3102.60009765625,3084.699951171875,-0.005769401766568927,-0.008749856542423107,0.6,5,Strong_Downtrend_LowVol,0.947827696800232
Exclude_Best_Regime,2025-09-01,2025-09-02,2025-09-09,3111.5,3049.39990234375,-0.019958250893861496,-0.022896171047244285,0.6,5,Strong_Downtrend_LowVol,0.910266935825348
Exclude_Best_Regime,2025-09-10,2025-09-11,2025-09-18,3124.199951171875,3176.699951171875,0.01680430216392126,0.01375617706710952,0.6,5,Strong_Downtrend_LowVol,0.9297804832458496
Exclude_Best_Regime,2025-09-19,2025-09-22,2025-09-29,3073.800048828125,2896.10009765625,-0.057811161542411504,-0.06063560813289759,0.6,5,Strong_Downtrend_LowVol,0.9566258192062378
Exclude_Best_Regime,2025-09-30,2025-10-01,2025-10-09,2914.199951171875,3061.699951171875,0.0506142346000269,0.04746475577825482,0.6,5,Strong_Downtrend_LowVol,0.8965168595314026
Exclude_Best_Regime,2025-10-27,2025-10-28,2025-11-04,3057.89990234375,2990.199951171875,-0.022139361435600247,-0.02507074316485658,0.6,5,Strong_Downtrend_LowVol,0.8857366442680359
Exclude_Best_Regime,2025-11-06,2025-11-07,2025-11-14,2991.800048828125,3106.0,0.03817098379171657,0.035058806725055014,0.6,5,Strong_Downtrend_LowVol,0.9081805944442748
Exclude_Best_Regime,2025-11-17,2025-11-18,2025-11-25,3087.10009765625,3119.199951171875,0.010398060477532223,0.007369139691735915,0.6,5,Strong_Downtrend_LowVol,0.7908048629760742
Exclude_Best_Regime,2025-11-26,2025-11-27,2025-12-04,3136.60009765625,3229.199951171875,0.029522365182867327,0.026436114512640607,0.6,5,Strong_Downtrend_LowVol,0.7340700030326843
Exclude_Best_Regime,2025-12-05,2025-12-08,2025-12-15,3236.5,3230.199951171875,-0.001946562282751474,-0.004938476975668182,0.6,5,Strong_Downtrend_LowVol,0.6126739978790283
Exclude_Best_Regime,2025-12-16,2025-12-17,2025-12-24,3217.800048828125,3319.0,0.031450043394936955,0.02835801402734983,0.6,5,Strong_Downtrend_LowVol,0.7949854731559753
Exclude_Best_Regime,2026-01-09,2026-01-12,2026-01-20,3239.60009765625,3102.300048828125,-0.042381789322533114,-0.04525248931359138,0.6,5,Weak_Downtrend,0.622557520866394
Exclude_Best_Regime,2026-01-21,2026-01-22,2026-01-30,3150.39990234375,3123.89990234375,-0.008411630529916336,-0.011384164564495203,0.6,5,Weak_Downtrend,0.7445148229598999
Exclude_Best_Regime,2026-02-02,2026-02-03,2026-02-10,3225.300048828125,2984.60009765625,-0.07462870043961667,-0.07740273225287375,0.6,5,Weak_Downtrend,0.8409143090248108
Exclude_Best_Regime,2026-02-11,2026-02-12,2026-02-19,2750.10009765625,2677.89990234375,-0.02625366086639247,-0.02917270895453017,0.6,5,Weak_Downtrend,0.9206467270851136
Exclude_Best_Regime,2026-03-13,2026-03-16,2026-03-23,2409.199951171875,2383.800048828125,-0.010542878490178875,-0.013509023576184886,0.6,5,Strong_Downtrend_LowVol,0.9290411472320556
Exclude_Best_Regime,2026-03-27,2026-03-30,2026-04-08,2358.89990234375,2559.199951171875,0.08491248341191215,0.08166018701476419,0.6,5,Strong_Downtrend_LowVol,0.96190083026886
Exclude_Best_Regime,2026-05-26,2026-05-27,2026-06-04,2284.199951171875,2241.0,-0.01891250857864346,-0.02185356360605173,0.6,5,Strong_Downtrend_LowVol,0.906764030456543
Exclude_Best_Regime,2025-02-13,2025-02-14,2025-03-03,3934.85009765625,3493.050048828125,-0.1122787495999602,-0.11493991597834685,0.6,10,Weak_Uptrend,0.6079674363136292
Exclude_Best_Regime,2025-03-04,2025-03-05,2025-03-21,3547.050048828125,3578.10009765625,0.008753766764126425,0.005729775159809325,0.6,10,Strong_Downtrend_LowVol,0.6433997750282288
Exclude_Best_Regime,2025-03-27,2025-03-28,2025-04-16,3606.14990234375,3273.800048828125,-0.09216196290110412,-0.09488343437681723,0.6,10,Strong_Downtrend_LowVol,0.8266884088516235
Exclude_Best_Regime,2025-07-21,2025-07-22,2025-08-05,3159.60009765625,3063.89990234375,-0.030288705011589645,-0.033195657046141025,0.6,10,Strong_Downtrend_LowVol,0.6745085120201111
Exclude_Best_Regime,2025-08-06,2025-08-07,2025-08-22,3047.0,3054.0,0.0022973416475220443,-0.000707295208401737,0.6,10,Strong_Downtrend_LowVol,0.8445695638656616
Exclude_Best_Regime,2025-08-25,2025-08-26,2025-09-10,3157.199951171875,3110.0,-0.014949940422479546,-0.017902874238577948,0.6,10,Strong_Downtrend_LowVol,0.9323235154151917
Exclude_Best_Regime,2025-09-11,2025-09-12,2025-09-26,3133.39990234375,2899.10009765625,-0.07477494478513458,-0.07754853819440488,0.6,10,Strong_Downtrend_LowVol,0.9385801553726196
Exclude_Best_Regime,2025-09-29,2025-09-30,2025-10-15,2888.39990234375,2969.800048828125,0.02818174395391848,0.025099512130980717,0.6,10,Strong_Downtrend_LowVol,0.8976588845252991
Exclude_Best_Regime,2025-10-27,2025-10-28,2025-11-12,3057.89990234375,3131.800048828125,0.024166960608401178,0.021096764102237264,0.6,10,Strong_Downtrend_LowVol,0.8857366442680359
Exclude_Best_Regime,2025-11-13,2025-11-14,2025-11-28,3106.0,3137.5,0.010141661300708371,0.007113509135544316,0.6,10,Strong_Downtrend_LowVol,0.754712700843811
Exclude_Best_Regime,2025-12-01,2025-12-02,2025-12-16,3135.699951171875,3205.10009765625,0.022132266340865625,0.01906816933944233,0.6,10,Strong_Downtrend_LowVol,0.7758002877235413
Exclude_Best_Regime,2025-12-17,2025-12-18,2026-01-02,3280.800048828125,3250.699951171875,-0.009174621192474586,-0.012144867971794704,0.6,10,Strong_Downtrend_LowVol,0.8147631287574768
Exclude_Best_Regime,2026-01-09,2026-01-12,2026-01-28,3239.60009765625,3200.10009765625,-0.012192862948910532,-0.015154061794005358,0.6,10,Weak_Downtrend,0.622557520866394
Exclude_Best_Regime,2026-01-29,2026-01-30,2026-02-13,3123.89990234375,2692.199951171875,-0.13819263250015978,-0.14077611553608238,0.6,10,Weak_Downtrend,0.8116010427474976
Exclude_Best_Regime,2026-02-16,2026-02-17,2026-03-04,2717.39990234375,2587.800048828125,-0.04769259519139801,-0.05054737471416293,0.6,10,Weak_Downtrend,0.9061835408210754
Exclude_Best_Regime,2026-03-13,2026-03-16,2026-04-01,2409.199951171875,2408.199951171875,-0.0004150755521614702,-0.0034115812594248673,0.6,10,Strong_Downtrend_LowVol,0.9290411472320556
Exclude_Best_Regime,2026-05-26,2026-05-27,2026-06-11,2284.199951171875,2135.60009765625,-0.06505553659581687,-0.06785826636098669,0.6,10,Strong_Downtrend_LowVol,0.906764030456543
Exclude_Best_Regime,2025-02-13,2025-02-14,2025-03-10,3934.85009765625,3589.64990234375,-0.08772893166072948,-0.09046369225584339,0.6,15,Weak_Uptrend,0.6079674363136292
Exclude_Best_Regime,2025-03-11,2025-03-12,2025-04-07,3506.199951171875,3274.050048828125,-0.06621125593996957,-0.06901052114747541,0.6,15,Strong_Downtrend_LowVol,0.6396346092224121
Exclude_Best_Regime,2025-07-21,2025-07-22,2025-08-12,3159.60009765625,3035.39990234375,-0.03930883386306705,-0.04218874580635401,0.6,15,Strong_Downtrend_LowVol,0.6745085120201111
Exclude_Best_Regime,2025-08-13,2025-08-14,2025-09-08,3022.300048828125,3019.0,-0.001091899803067009,-0.004086376560432203,0.6,15,Strong_Downtrend_LowVol,0.961881697177887
Exclude_Best_Regime,2025-09-09,2025-09-10,2025-10-01,3110.0,2914.199951171875,-0.06295821505727495,-0.06576723206808688,0.6,15,Strong_Downtrend_LowVol,0.9405473470687866
Exclude_Best_Regime,2025-10-03,2025-10-06,2025-10-28,2988.39990234375,3057.89990234375,0.02325659291632709,0.02018912546491225,0.6,15,Strong_Downtrend_LowVol,0.8976588845252991
Exclude_Best_Regime,2025-10-29,2025-10-30,2025-11-21,3035.300048828125,3150.60009765625,0.037986375967226094,0.03487475230867054,0.6,15,Strong_Downtrend_LowVol,0.9057490229606628
Exclude_Best_Regime,2025-11-24,2025-11-25,2025-12-16,3119.199951171875,3205.10009765625,0.027539159986233797,0.024458854469385116,0.6,15,Strong_Downtrend_LowVol,0.7637892365455627
Exclude_Best_Regime,2025-12-17,2025-12-18,2026-01-09,3280.800048828125,3207.800048828125,-0.02225067023699756,-0.025181718290294475,0.6,15,Strong_Downtrend_LowVol,0.8147631287574768
Exclude_Best_Regime,2026-01-14,2026-01-15,2026-02-09,3192.5,2948.199951171875,-0.07652311631264685,-0.0792914691407205,0.6,15,Weak_Downtrend,0.6084823608398438
Exclude_Best_Regime,2026-02-10,2026-02-11,2026-03-05,2909.800048828125,2578.800048828125,-0.11375352067002165,-0.11641026605343296,0.6,15,Weak_Downtrend,0.8523344397544861
Exclude_Best_Regime,2026-03-13,2026-03-16,2026-04-09,2409.199951171875,2589.0,0.07463060454598924,0.07140913065121168,0.6,15,Strong_Downtrend_LowVol,0.9290411472320556
Exclude_Best_Regime,2026-05-26,2026-05-27,2026-06-18,2284.199951171875,2203.300048828125,-0.03541717190837235,-0.03830875008128398,0.6,15,Strong_Downtrend_LowVol,0.906764030456543
Exclude_Best_Regime,2025-02-13,2025-02-14,2025-03-18,3934.85009765625,3497.699951171875,-0.11109702673165589,-0.11376173561977099,0.6,20,Weak_Uptrend,0.6079674363136292
Exclude_Best_Regime,2025-03-27,2025-03-28,2025-05-02,3606.14990234375,3431.0,-0.048569778596811664,-0.051421928543022966,0.6,20,Strong_Downtrend_LowVol,0.8266884088516235
Exclude_Best_Regime,2025-07-21,2025-07-22,2025-08-20,3159.60009765625,3098.60009765625,-0.019306240699653365,-0.022246115416595824,0.6,20,Strong_Downtrend_LowVol,0.6745085120201111
Exclude_Best_Regime,2025-08-21,2025-08-22,2025-09-22,3054.0,3073.800048828125,0.006483316577644116,0.0034661312153736468,0.6,20,Strong_Downtrend_LowVol,0.9486553072929382
Exclude_Best_Regime,2025-09-23,2025-09-24,2025-10-24,3035.39990234375,3063.199951171875,0.009158611623680812,0.006133406395685936,0.6,20,Strong_Downtrend_LowVol,0.9309267401695251
Exclude_Best_Regime,2025-10-27,2025-10-28,2025-11-26,3057.89990234375,3162.89990234375,0.03433729139384911,0.031236606778573206,0.6,20,Strong_Downtrend_LowVol,0.8857366442680359
Exclude_Best_Regime,2025-11-27,2025-11-28,2025-12-29,3137.5,3251.5,0.03633466135458163,0.03322798912350611,0.6,20,Strong_Downtrend_LowVol,0.767988383769989
Exclude_Best_Regime,2026-01-09,2026-01-12,2026-02-11,3239.60009765625,2909.800048828125,-0.10180270369380628,-0.10449527463880814,0.6,20,Weak_Downtrend,0.622557520866394
Exclude_Best_Regime,2026-02-12,2026-02-13,2026-03-16,2692.199951171875,2409.199951171875,-0.10511849236042603,-0.10780112339995251,0.6,20,Weak_Downtrend,0.9065052270889282
Exclude_Best_Regime,2026-03-17,2026-03-18,2026-04-21,2440.800048828125,2610.5,0.06952636339603124,0.06632019074016093,0.6,20,Strong_Downtrend_LowVol,0.9290411472320556
Exclude_Best_Regime,2026-05-26,2026-05-27,2026-06-25,2284.199951171875,2094.699951171875,-0.08296121357623698,-0.08571026659823877,0.6,20,Strong_Downtrend_LowVol,0.906764030456543
Exclude_Best_Regime,2025-03-10,2025-03-11,2025-03-20,3575.300048828125,3563.14990234375,-0.0033983571500124654,-0.006385919724865907,0.65,5,Strong_Downtrend_LowVol,0.6500667333602905
Exclude_Best_Regime,2025-03-27,2025-03-28,2025-04-07,3606.14990234375,3274.050048828125,-0.09209263688672031,-0.09481431618449299,0.65,5,Strong_Downtrend_LowVol,0.8266884088516235
Exclude_Best_Regime,2025-07-21,2025-07-22,2025-07-29,3159.60009765625,3056.0,-0.03278899052228135,-0.03568844732594312,0.65,5,Strong_Downtrend_LowVol,0.6745085120201111
Exclude_Best_Regime,2025-07-30,2025-07-31,2025-08-07,3036.800048828125,3047.0,0.0033587826026975076,0.0003509638121503844,0.65,5,Strong_Downtrend_LowVol,0.8165466785430908
Exclude_Best_Regime,2025-08-08,2025-08-11,2025-08-19,3040.800048828125,3016.199951171875,-0.008090008307429009,-0.011063506485025298,0.65,5,Strong_Downtrend_LowVol,0.951858401298523
Exclude_Best_Regime,2025-08-20,2025-08-21,2025-08-29,3102.60009765625,3084.699951171875,-0.005769401766568927,-0.008749856542423107,0.65,5,Strong_Downtrend_LowVol,0.947827696800232
Exclude_Best_Regime,2025-09-01,2025-09-02,2025-09-09,3111.5,3049.39990234375,-0.019958250893861496,-0.022896171047244285,0.65,5,Strong_Downtrend_LowVol,0.910266935825348
Exclude_Best_Regime,2025-09-10,2025-09-11,2025-09-18,3124.199951171875,3176.699951171875,0.01680430216392126,0.01375617706710952,0.65,5,Strong_Downtrend_LowVol,0.9297804832458496
Exclude_Best_Regime,2025-09-19,2025-09-22,2025-09-29,3073.800048828125,2896.10009765625,-0.057811161542411504,-0.06063560813289759,0.65,5,Strong_Downtrend_LowVol,0.9566258192062378
Exclude_Best_Regime,2025-09-30,2025-10-01,2025-10-09,2914.199951171875,3061.699951171875,0.0506142346000269,0.04746475577825482,0.65,5,Strong_Downtrend_LowVol,0.8965168595314026
Exclude_Best_Regime,2025-10-27,2025-10-28,2025-11-04,3057.89990234375,2990.199951171875,-0.022139361435600247,-0.02507074316485658,0.65,5,Strong_Downtrend_LowVol,0.8857366442680359
Exclude_Best_Regime,2025-11-06,2025-11-07,2025-11-14,2991.800048828125,3106.0,0.03817098379171657,0.035058806725055014,0.65,5,Strong_Downtrend_LowVol,0.9081805944442748
Exclude_Best_Regime,2025-11-17,2025-11-18,2025-11-25,3087.10009765625,3119.199951171875,0.010398060477532223,0.007369139691735915,0.65,5,Strong_Downtrend_LowVol,0.7908048629760742
Exclude_Best_Regime,2025-11-26,2025-11-27,2025-12-04,3136.60009765625,3229.199951171875,0.029522365182867327,0.026436114512640607,0.65,5,Strong_Downtrend_LowVol,0.7340700030326843
Exclude_Best_Regime,2025-12-08,2025-12-09,2025-12-16,3208.300048828125,3205.10009765625,-0.0009973977256410027,-0.0039921577766087735,0.65,5,Strong_Downtrend_LowVol,0.7933822870254517
Exclude_Best_Regime,2025-12-17,2025-12-18,2025-12-26,3280.800048828125,3280.0,-0.00024385784449454384,-0.0032408768196410254,0.65,5,Strong_Downtrend_LowVol,0.8147631287574768
Exclude_Best_Regime,2026-01-15,2026-01-19,2026-01-27,3163.60009765625,3158.0,-0.00177016610297831,-0.004762609587543043,0.65,5,Weak_Downtrend,0.7502520680427551
Exclude_Best_Regime,2026-01-28,2026-01-29,2026-02-05,3144.39990234375,2991.5,-0.04862609944421592,-0.05147808055460701,0.65,5,Weak_Downtrend,0.8634419441223145
Exclude_Best_Regime,2026-02-06,2026-02-09,2026-02-16,2948.199951171875,2706.60009765625,-0.08194825911301973,-0.08470034871926357,0.65,5,Weak_Downtrend,0.8884923458099365
Exclude_Best_Regime,2026-02-17,2026-02-18,2026-02-25,2694.89990234375,2629.300048828125,-0.024342222677203318,-0.027267000779172657,0.65,5,Weak_Downtrend,0.9037685394287108
Exclude_Best_Regime,2026-03-13,2026-03-16,2026-03-23,2409.199951171875,2383.800048828125,-0.010542878490178875,-0.013509023576184886,0.65,5,Strong_Downtrend_LowVol,0.9290411472320556
Exclude_Best_Regime,2026-03-27,2026-03-30,2026-04-08,2358.89990234375,2559.199951171875,0.08491248341191215,0.08166018701476419,0.65,5,Strong_Downtrend_LowVol,0.96190083026886
Exclude_Best_Regime,2026-05-26,2026-05-27,2026-06-04,2284.199951171875,2241.0,-0.01891250857864346,-0.02185356360605173,0.65,5,Strong_Downtrend_LowVol,0.906764030456543
Exclude_Best_Regime,2025-03-10,2025-03-11,2025-03-27,3575.300048828125,3651.199951171875,0.021228960173182543,0.018167571057823517,0.65,10,Strong_Downtrend_LowVol,0.6500667333602905
Exclude_Best_Regime,2025-03-28,2025-04-01,2025-04-17,3550.800048828125,3298.89990234375,-0.07094179988183502,-0.07372688410123918,0.65,10,Strong_Downtrend_LowVol,0.8297224044799805
Exclude_Best_Regime,2025-07-21,2025-07-22,2025-08-05,3159.60009765625,3063.89990234375,-0.030288705011589645,-0.033195657046141025,0.65,10,Strong_Downtrend_LowVol,0.6745085120201111
Exclude_Best_Regime,2025-08-06,2025-08-07,2025-08-22,3047.0,3054.0,0.0022973416475220443,-0.000707295208401737,0.65,10,Strong_Downtrend_LowVol,0.8445695638656616
Exclude_Best_Regime,2025-08-25,2025-08-26,2025-09-10,3157.199951171875,3110.0,-0.014949940422479546,-0.017902874238577948,0.65,10,Strong_Downtrend_LowVol,0.9323235154151917
Exclude_Best_Regime,2025-09-11,2025-09-12,2025-09-26,3133.39990234375,2899.10009765625,-0.07477494478513458,-0.07754853819440488,0.65,10,Strong_Downtrend_LowVol,0.9385801553726196
Exclude_Best_Regime,2025-09-29,2025-09-30,2025-10-15,2888.39990234375,2969.800048828125,0.02818174395391848,0.025099512130980717,0.65,10,Strong_Downtrend_LowVol,0.8976588845252991
Exclude_Best_Regime,2025-10-27,2025-10-28,2025-11-12,3057.89990234375,3131.800048828125,0.024166960608401178,0.021096764102237264,0.65,10,Strong_Downtrend_LowVol,0.8857366442680359
Exclude_Best_Regime,2025-11-13,2025-11-14,2025-11-28,3106.0,3137.5,0.010141661300708371,0.007113509135544316,0.65,10,Strong_Downtrend_LowVol,0.754712700843811
Exclude_Best_Regime,2025-12-01,2025-12-02,2025-12-16,3135.699951171875,3205.10009765625,0.022132266340865625,0.01906816933944233,0.65,10,Strong_Downtrend_LowVol,0.7758002877235413
Exclude_Best_Regime,2025-12-17,2025-12-18,2026-01-02,3280.800048828125,3250.699951171875,-0.009174621192474586,-0.012144867971794704,0.65,10,Strong_Downtrend_LowVol,0.8147631287574768
Exclude_Best_Regime,2026-01-15,2026-01-19,2026-02-03,3163.60009765625,3225.300048828125,0.019503081700365854,0.016446866337198607,0.65,10,Weak_Downtrend,0.7502520680427551
Exclude_Best_Regime,2026-02-04,2026-02-05,2026-02-19,2991.5,2677.89990234375,-0.10483038531046296,-0.10751388002289841,0.65,10,Weak_Downtrend,0.829857349395752
Exclude_Best_Regime,2026-03-13,2026-03-16,2026-04-01,2409.199951171875,2408.199951171875,-0.0004150755521614702,-0.0034115812594248673,0.65,10,Strong_Downtrend_LowVol,0.9290411472320556
Exclude_Best_Regime,2026-05-26,2026-05-27,2026-06-11,2284.199951171875,2135.60009765625,-0.06505553659581687,-0.06785826636098669,0.65,10,Strong_Downtrend_LowVol,0.906764030456543
Exclude_Best_Regime,2025-03-10,2025-03-11,2025-04-04,3575.300048828125,3299.39990234375,-0.0771683894264501,-0.07993480788704688,0.65,15,Strong_Downtrend_LowVol,0.6500667333602905
Exclude_Best_Regime,2025-07-21,2025-07-22,2025-08-12,3159.60009765625,3035.39990234375,-0.03930883386306705,-0.04218874580635401,0.65,15,Strong_Downtrend_LowVol,0.6745085120201111
Exclude_Best_Regime,2025-08-13,2025-08-14,2025-09-08,3022.300048828125,3019.0,-0.001091899803067009,-0.004086376560432203,0.65,15,Strong_Downtrend_LowVol,0.961881697177887
Exclude_Best_Regime,2025-09-09,2025-09-10,2025-10-01,3110.0,2914.199951171875,-0.06295821505727495,-0.06576723206808688,0.65,15,Strong_Downtrend_LowVol,0.9405473470687866
Exclude_Best_Regime,2025-10-03,2025-10-06,2025-10-28,2988.39990234375,3057.89990234375,0.02325659291632709,0.02018912546491225,0.65,15,Strong_Downtrend_LowVol,0.8976588845252991
Exclude_Best_Regime,2025-10-29,2025-10-30,2025-11-21,3035.300048828125,3150.60009765625,0.037986375967226094,0.03487475230867054,0.65,15,Strong_Downtrend_LowVol,0.9057490229606628
Exclude_Best_Regime,2025-11-24,2025-11-25,2025-12-16,3119.199951171875,3205.10009765625,0.027539159986233797,0.024458854469385116,0.65,15,Strong_Downtrend_LowVol,0.7637892365455627
Exclude_Best_Regime,2025-12-17,2025-12-18,2026-01-09,3280.800048828125,3207.800048828125,-0.02225067023699756,-0.025181718290294475,0.65,15,Strong_Downtrend_LowVol,0.8147631287574768
Exclude_Best_Regime,2026-01-15,2026-01-19,2026-02-10,3163.60009765625,2984.60009765625,-0.05658110838111685,-0.05940924236346723,0.65,15,Weak_Downtrend,0.7502520680427551
Exclude_Best_Regime,2026-02-11,2026-02-12,2026-03-06,2750.10009765625,2557.60009765625,-0.06999745215239861,-0.07278536729020868,0.65,15,Weak_Downtrend,0.9206467270851136
Exclude_Best_Regime,2026-03-13,2026-03-16,2026-04-09,2409.199951171875,2589.0,0.07463060454598924,0.07140913065121168,0.65,15,Strong_Downtrend_LowVol,0.9290411472320556
Exclude_Best_Regime,2026-05-26,2026-05-27,2026-06-18,2284.199951171875,2203.300048828125,-0.03541717190837235,-0.03830875008128398,0.65,15,Strong_Downtrend_LowVol,0.906764030456543
Exclude_Best_Regime,2025-03-10,2025-03-11,2025-04-15,3575.300048828125,3248.199951171875,-0.09148885217716585,-0.09421234147055169,0.65,20,Strong_Downtrend_LowVol,0.6500667333602905
Exclude_Best_Regime,2025-07-21,2025-07-22,2025-08-20,3159.60009765625,3098.60009765625,-0.019306240699653365,-0.022246115416595824,0.65,20,Strong_Downtrend_LowVol,0.6745085120201111
Exclude_Best_Regime,2025-08-21,2025-08-22,2025-09-22,3054.0,3073.800048828125,0.006483316577644116,0.0034661312153736468,0.65,20,Strong_Downtrend_LowVol,0.9486553072929382
Exclude_Best_Regime,2025-09-23,2025-09-24,2025-10-24,3035.39990234375,3063.199951171875,0.009158611623680812,0.006133406395685936,0.65,20,Strong_Downtrend_LowVol,0.9309267401695251
Exclude_Best_Regime,2025-10-27,2025-10-28,2025-11-26,3057.89990234375,3162.89990234375,0.03433729139384911,0.031236606778573206,0.65,20,Strong_Downtrend_LowVol,0.8857366442680359
Exclude_Best_Regime,2025-11-27,2025-11-28,2025-12-29,3137.5,3251.5,0.03633466135458163,0.03322798912350611,0.65,20,Strong_Downtrend_LowVol,0.767988383769989
Exclude_Best_Regime,2026-01-15,2026-01-19,2026-02-17,3163.60009765625,2717.39990234375,-0.1410419084393969,-0.14361685005837255,0.65,20,Weak_Downtrend,0.7502520680427551
Exclude_Best_Regime,2026-02-18,2026-02-19,2026-03-20,2677.89990234375,2390.60009765625,-0.10728549055774994,-0.10996162547843036,0.65,20,Weak_Downtrend,0.9061835408210754
Exclude_Best_Regime,2026-03-27,2026-03-30,2026-04-30,2358.89990234375,2473.89990234375,0.048751538751491186,0.045607643826198974,0.65,20,Strong_Downtrend_LowVol,0.96190083026886
Exclude_Best_Regime,2026-05-26,2026-05-27,2026-06-25,2284.199951171875,2094.699951171875,-0.08296121357623698,-0.08571026659823877,0.65,20,Strong_Downtrend_LowVol,0.906764030456543
Exclude_Best_Regime,2025-03-17,2025-03-18,2025-03-26,3497.699951171875,3635.800048828125,0.03948311735830301,0.03636700684324223,0.7,5,Strong_Downtrend_LowVol,0.7138921022415161
Exclude_Best_Regime,2025-03-27,2025-03-28,2025-04-07,3606.14990234375,3274.050048828125,-0.09209263688672031,-0.09481431618449299,0.7,5,Strong_Downtrend_LowVol,0.8266884088516235
Exclude_Best_Regime,2025-07-28,2025-07-29,2025-08-05,3056.0,3063.89990234375,0.002585046578452266,-0.0004204527449283013,0.7,5,Strong_Downtrend_LowVol,0.8290425539016724
Exclude_Best_Regime,2025-08-06,2025-08-07,2025-08-14,3047.0,3022.300048828125,-0.008106318074130314,-0.011079767359123527,0.7,5,Strong_Downtrend_LowVol,0.8445695638656616
Exclude_Best_Regime,2025-08-18,2025-08-19,2025-08-26,3016.199951171875,3157.199951171875,0.046747563915720436,0.04360967640599234,0.7,5,Strong_Downtrend_LowVol,0.9680848121643066
Exclude_Best_Regime,2025-08-28,2025-08-29,2025-09-05,3084.699951171875,3048.300048828125,-0.011800143586063072,-0.014762519705627919,0.7,5,Strong_Downtrend_LowVol,0.9416519999504088
Exclude_Best_Regime,2025-09-08,2025-09-09,2025-09-16,3049.39990234375,3145.699951171875,0.031579999971177664,0.02848758102626414,0.7,5,Strong_Downtrend_LowVol,0.9642541408538818
Exclude_Best_Regime,2025-09-17,2025-09-18,2025-09-25,3176.699951171875,2957.39990234375,-0.069033919538805,-0.07182472310650745,0.7,5,Strong_Downtrend_LowVol,0.9452230930328368
Exclude_Best_Regime,2025-09-26,2025-09-29,2025-10-07,2896.10009765625,2973.699951171875,0.02679460339731521,0.023716529874981074,0.7,5,Strong_Downtrend_LowVol,0.9056479930877686
Exclude_Best_Regime,2025-10-27,2025-10-28,2025-11-04,3057.89990234375,2990.199951171875,-0.022139361435600247,-0.02507074316485658,0.7,5,Strong_Downtrend_LowVol,0.8857366442680359
Exclude_Best_Regime,2025-11-06,2025-11-07,2025-11-14,2991.800048828125,3106.0,0.03817098379171657,0.035058806725055014,0.7,5,Strong_Downtrend_LowVol,0.9081805944442748
Exclude_Best_Regime,2025-11-17,2025-11-18,2025-11-25,3087.10009765625,3119.199951171875,0.010398060477532223,0.007369139691735915,0.7,5,Strong_Downtrend_LowVol,0.7908048629760742
Exclude_Best_Regime,2025-11-26,2025-11-27,2025-12-04,3136.60009765625,3229.199951171875,0.029522365182867327,0.026436114512640607,0.7,5,Strong_Downtrend_LowVol,0.7340700030326843
Exclude_Best_Regime,2025-12-08,2025-12-09,2025-12-16,3208.300048828125,3205.10009765625,-0.0009973977256410027,-0.0039921577766087735,0.7,5,Strong_Downtrend_LowVol,0.7933822870254517
Exclude_Best_Regime,2025-12-17,2025-12-18,2025-12-26,3280.800048828125,3280.0,-0.00024385784449454384,-0.0032408768196410254,0.7,5,Strong_Downtrend_LowVol,0.8147631287574768
Exclude_Best_Regime,2026-01-15,2026-01-19,2026-01-27,3163.60009765625,3158.0,-0.00177016610297831,-0.004762609587543043,0.7,5,Weak_Downtrend,0.7502520680427551
Exclude_Best_Regime,2026-01-28,2026-01-29,2026-02-05,3144.39990234375,2991.5,-0.04862609944421592,-0.05147808055460701,0.7,5,Weak_Downtrend,0.8634419441223145
Exclude_Best_Regime,2026-02-06,2026-02-09,2026-02-16,2948.199951171875,2706.60009765625,-0.08194825911301973,-0.08470034871926357,0.7,5,Weak_Downtrend,0.8884923458099365
Exclude_Best_Regime,2026-02-17,2026-02-18,2026-02-25,2694.89990234375,2629.300048828125,-0.024342222677203318,-0.027267000779172657,0.7,5,Weak_Downtrend,0.9037685394287108
Exclude_Best_Regime,2026-03-13,2026-03-16,2026-03-23,2409.199951171875,2383.800048828125,-0.010542878490178875,-0.013509023576184886,0.7,5,Strong_Downtrend_LowVol,0.9290411472320556
Exclude_Best_Regime,2026-03-27,2026-03-30,2026-04-08,2358.89990234375,2559.199951171875,0.08491248341191215,0.08166018701476419,0.7,5,Strong_Downtrend_LowVol,0.96190083026886
Exclude_Best_Regime,2026-05-26,2026-05-27,2026-06-04,2284.199951171875,2241.0,-0.01891250857864346,-0.02185356360605173,0.7,5,Strong_Downtrend_LowVol,0.906764030456543
Exclude_Best_Regime,2025-03-17,2025-03-18,2025-04-03,3497.699951171875,3403.14990234375,-0.027032063970051756,-0.02994877860028544,0.7,10,Strong_Downtrend_LowVol,0.7138921022415161
Exclude_Best_Regime,2025-07-28,2025-07-29,2025-08-12,3056.0,3035.39990234375,-0.0067408696519142275,-0.009718412209915095,0.7,10,Strong_Downtrend_LowVol,0.8290425539016724
Exclude_Best_Regime,2025-08-13,2025-08-14,2025-09-01,3022.300048828125,3112.60009765625,0.029877923227092706,0.026790606682738805,0.7,10,Strong_Downtrend_LowVol,0.961881697177887
Exclude_Best_Regime,2025-09-02,2025-09-03,2025-09-17,3097.5,3172.800048828125,0.024309943124495526,0.021239317992494122,0.7,10,Strong_Downtrend_LowVol,0.9125065803527832
Exclude_Best_Regime,2025-09-18,2025-09-19,2025-10-06,3169.199951171875,2988.39990234375,-0.05704911385009659,-0.0598758448690524,0.7,10,Strong_Downtrend_LowVol,0.9473724365234376
Exclude_Best_Regime,2025-10-27,2025-10-28,2025-11-12,3057.89990234375,3131.800048828125,0.024166960608401178,0.021096764102237264,0.7,10,Strong_Downtrend_LowVol,0.8857366442680359
Exclude_Best_Regime,2025-11-13,2025-11-14,2025-11-28,3106.0,3137.5,0.010141661300708371,0.007113509135544316,0.7,10,Strong_Downtrend_LowVol,0.754712700843811
Exclude_Best_Regime,2025-12-01,2025-12-02,2025-12-16,3135.699951171875,3205.10009765625,0.022132266340865625,0.01906816933944233,0.7,10,Strong_Downtrend_LowVol,0.7758002877235413
Exclude_Best_Regime,2025-12-17,2025-12-18,2026-01-02,3280.800048828125,3250.699951171875,-0.009174621192474586,-0.012144867971794704,0.7,10,Strong_Downtrend_LowVol,0.8147631287574768
Exclude_Best_Regime,2026-01-15,2026-01-19,2026-02-03,3163.60009765625,3225.300048828125,0.019503081700365854,0.016446866337198607,0.7,10,Weak_Downtrend,0.7502520680427551
Exclude_Best_Regime,2026-02-04,2026-02-05,2026-02-19,2991.5,2677.89990234375,-0.10483038531046296,-0.10751388002289841,0.7,10,Weak_Downtrend,0.829857349395752
Exclude_Best_Regime,2026-03-13,2026-03-16,2026-04-01,2409.199951171875,2408.199951171875,-0.0004150755521614702,-0.0034115812594248673,0.7,10,Strong_Downtrend_LowVol,0.9290411472320556
Exclude_Best_Regime,2026-05-26,2026-05-27,2026-06-11,2284.199951171875,2135.60009765625,-0.06505553659581687,-0.06785826636098669,0.7,10,Strong_Downtrend_LowVol,0.906764030456543
Exclude_Best_Regime,2025-03-17,2025-03-18,2025-04-11,3497.699951171875,3231.5,-0.07610714323356604,-0.07887674304493753,0.7,15,Strong_Downtrend_LowVol,0.7138921022415161
Exclude_Best_Regime,2025-07-28,2025-07-29,2025-08-20,3056.0,3098.60009765625,0.013939822531495505,0.010900284428501772,0.7,15,Strong_Downtrend_LowVol,0.8290425539016724
Exclude_Best_Regime,2025-08-21,2025-08-22,2025-09-15,3054.0,3111.89990234375,0.01895871065610666,0.01590412718123746,0.7,15,Strong_Downtrend_LowVol,0.9486553072929382
Exclude_Best_Regime,2025-09-16,2025-09-17,2025-10-09,3172.800048828125,3061.699951171875,-0.035016419549440236,-0.03790919907773582,0.7,15,Strong_Downtrend_LowVol,0.939006507396698
Exclude_Best_Regime,2025-10-27,2025-10-28,2025-11-19,3057.89990234375,3147.699951171875,0.02936657565517331,0.02628079200300326,0.7,15,Strong_Downtrend_LowVol,0.8857366442680359
Exclude_Best_Regime,2025-11-24,2025-11-25,2025-12-16,3119.199951171875,3205.10009765625,0.027539159986233797,0.024458854469385116,0.7,15,Strong_Downtrend_LowVol,0.7637892365455627
Exclude_Best_Regime,2025-12-17,2025-12-18,2026-01-09,3280.800048828125,3207.800048828125,-0.02225067023699756,-0.025181718290294475,0.7,15,Strong_Downtrend_LowVol,0.8147631287574768
Exclude_Best_Regime,2026-01-15,2026-01-19,2026-02-10,3163.60009765625,2984.60009765625,-0.05658110838111685,-0.05940924236346723,0.7,15,Weak_Downtrend,0.7502520680427551
Exclude_Best_Regime,2026-02-11,2026-02-12,2026-03-06,2750.10009765625,2557.60009765625,-0.06999745215239861,-0.07278536729020868,0.7,15,Weak_Downtrend,0.9206467270851136
Exclude_Best_Regime,2026-03-13,2026-03-16,2026-04-09,2409.199951171875,2589.0,0.07463060454598924,0.07140913065121168,0.7,15,Strong_Downtrend_LowVol,0.9290411472320556
Exclude_Best_Regime,2026-05-26,2026-05-27,2026-06-18,2284.199951171875,2203.300048828125,-0.03541717190837235,-0.03830875008128398,0.7,15,Strong_Downtrend_LowVol,0.906764030456543
Exclude_Best_Regime,2025-03-17,2025-03-18,2025-04-22,3497.699951171875,3314.39990234375,-0.05240588140406721,-0.05524653167308813,0.7,20,Strong_Downtrend_LowVol,0.7138921022415161
Exclude_Best_Regime,2025-07-28,2025-07-29,2025-08-28,3056.0,3093.699951171875,0.012336371456765471,0.009301640099231179,0.7,20,Strong_Downtrend_LowVol,0.8290425539016724
Exclude_Best_Regime,2025-08-29,2025-09-01,2025-09-29,3112.60009765625,2896.10009765625,-0.06955599601857687,-0.07234523453151209,0.7,20,Strong_Downtrend_LowVol,0.9265365600585938
Exclude_Best_Regime,2025-09-30,2025-10-01,2025-10-31,2914.199951171875,3058.0,0.04934460614835268,0.0461989333552717,0.7,20,Strong_Downtrend_LowVol,0.8965168595314026
Exclude_Best_Regime,2025-11-03,2025-11-04,2025-12-03,2990.199951171875,3180.0,0.06347403248192185,0.060286003201049265,0.7,20,Strong_Downtrend_LowVol,0.924074113368988
Exclude_Best_Regime,2025-12-08,2025-12-09,2026-01-07,3208.300048828125,3295.60009765625,0.027210687123859323,0.024131366286533895,0.7,20,Strong_Downtrend_LowVol,0.7933822870254517
Exclude_Best_Regime,2026-01-15,2026-01-19,2026-02-17,3163.60009765625,2717.39990234375,-0.1410419084393969,-0.14361685005837255,0.7,20,Weak_Downtrend,0.7502520680427551
Exclude_Best_Regime,2026-02-18,2026-02-19,2026-03-20,2677.89990234375,2390.60009765625,-0.10728549055774994,-0.10996162547843036,0.7,20,Weak_Downtrend,0.9061835408210754
Exclude_Best_Regime,2026-03-27,2026-03-30,2026-04-30,2358.89990234375,2473.89990234375,0.048751538751491186,0.045607643826198974,0.7,20,Strong_Downtrend_LowVol,0.96190083026886
Exclude_Best_Regime,2026-05-26,2026-05-27,2026-06-25,2284.199951171875,2094.699951171875,-0.08296121357623698,-0.08571026659823877,0.7,20,Strong_Downtrend_LowVol,0.906764030456543
Exclude_Best_Regime,2025-03-27,2025-03-28,2025-04-07,3606.14990234375,3274.050048828125,-0.09209263688672031,-0.09481431618449299,0.75,5,Strong_Downtrend_LowVol,0.8266884088516235
Exclude_Best_Regime,2025-07-28,2025-07-29,2025-08-05,3056.0,3063.89990234375,0.002585046578452266,-0.0004204527449283013,0.75,5,Strong_Downtrend_LowVol,0.8290425539016724
Exclude_Best_Regime,2025-08-06,2025-08-07,2025-08-14,3047.0,3022.300048828125,-0.008106318074130314,-0.011079767359123527,0.75,5,Strong_Downtrend_LowVol,0.8445695638656616
Exclude_Best_Regime,2025-08-18,2025-08-19,2025-08-26,3016.199951171875,3157.199951171875,0.046747563915720436,0.04360967640599234,0.75,5,Strong_Downtrend_LowVol,0.9680848121643066
Exclude_Best_Regime,2025-08-28,2025-08-29,2025-09-05,3084.699951171875,3048.300048828125,-0.011800143586063072,-0.014762519705627919,0.75,5,Strong_Downtrend_LowVol,0.9416519999504088
Exclude_Best_Regime,2025-09-08,2025-09-09,2025-09-16,3049.39990234375,3145.699951171875,0.031579999971177664,0.02848758102626414,0.75,5,Strong_Downtrend_LowVol,0.9642541408538818
Exclude_Best_Regime,2025-09-17,2025-09-18,2025-09-25,3176.699951171875,2957.39990234375,-0.069033919538805,-0.07182472310650745,0.75,5,Strong_Downtrend_LowVol,0.9452230930328368
Exclude_Best_Regime,2025-09-26,2025-09-29,2025-10-07,2896.10009765625,2973.699951171875,0.02679460339731521,0.023716529874981074,0.75,5,Strong_Downtrend_LowVol,0.9056479930877686
Exclude_Best_Regime,2025-10-27,2025-10-28,2025-11-04,3057.89990234375,2990.199951171875,-0.022139361435600247,-0.02507074316485658,0.75,5,Strong_Downtrend_LowVol,0.8857366442680359
Exclude_Best_Regime,2025-11-06,2025-11-07,2025-11-14,2991.800048828125,3106.0,0.03817098379171657,0.035058806725055014,0.75,5,Strong_Downtrend_LowVol,0.9081805944442748
Exclude_Best_Regime,2025-11-17,2025-11-18,2025-11-25,3087.10009765625,3119.199951171875,0.010398060477532223,0.007369139691735915,0.75,5,Strong_Downtrend_LowVol,0.7908048629760742
Exclude_Best_Regime,2025-11-27,2025-11-28,2025-12-05,3137.5,3238.199951171875,0.03209560196713146,0.029001637376334433,0.75,5,Strong_Downtrend_LowVol,0.767988383769989
Exclude_Best_Regime,2025-12-08,2025-12-09,2025-12-16,3208.300048828125,3205.10009765625,-0.0009973977256410027,-0.0039921577766087735,0.75,5,Strong_Downtrend_LowVol,0.7933822870254517
Exclude_Best_Regime,2025-12-17,2025-12-18,2025-12-26,3280.800048828125,3280.0,-0.00024385784449454384,-0.0032408768196410254,0.75,5,Strong_Downtrend_LowVol,0.8147631287574768
Exclude_Best_Regime,2026-01-15,2026-01-19,2026-01-27,3163.60009765625,3158.0,-0.00177016610297831,-0.004762609587543043,0.75,5,Weak_Downtrend,0.7502520680427551
Exclude_Best_Regime,2026-01-28,2026-01-29,2026-02-05,3144.39990234375,2991.5,-0.04862609944421592,-0.05147808055460701,0.75,5,Weak_Downtrend,0.8634419441223145
Exclude_Best_Regime,2026-02-06,2026-02-09,2026-02-16,2948.199951171875,2706.60009765625,-0.08194825911301973,-0.08470034871926357,0.75,5,Weak_Downtrend,0.8884923458099365
Exclude_Best_Regime,2026-02-17,2026-02-18,2026-02-25,2694.89990234375,2629.300048828125,-0.024342222677203318,-0.027267000779172657,0.75,5,Weak_Downtrend,0.9037685394287108
Exclude_Best_Regime,2026-03-13,2026-03-16,2026-03-23,2409.199951171875,2383.800048828125,-0.010542878490178875,-0.013509023576184886,0.75,5,Strong_Downtrend_LowVol,0.9290411472320556
Exclude_Best_Regime,2026-03-27,2026-03-30,2026-04-08,2358.89990234375,2559.199951171875,0.08491248341191215,0.08166018701476419,0.75,5,Strong_Downtrend_LowVol,0.96190083026886
Exclude_Best_Regime,2026-05-26,2026-05-27,2026-06-04,2284.199951171875,2241.0,-0.01891250857864346,-0.02185356360605173,0.75,5,Strong_Downtrend_LowVol,0.906764030456543
Exclude_Best_Regime,2025-03-27,2025-03-28,2025-04-16,3606.14990234375,3273.800048828125,-0.09216196290110412,-0.09488343437681723,0.75,10,Strong_Downtrend_LowVol,0.8266884088516235
Exclude_Best_Regime,2025-07-28,2025-07-29,2025-08-12,3056.0,3035.39990234375,-0.0067408696519142275,-0.009718412209915095,0.75,10,Strong_Downtrend_LowVol,0.8290425539016724
Exclude_Best_Regime,2025-08-13,2025-08-14,2025-09-01,3022.300048828125,3112.60009765625,0.029877923227092706,0.026790606682738805,0.75,10,Strong_Downtrend_LowVol,0.961881697177887
Exclude_Best_Regime,2025-09-02,2025-09-03,2025-09-17,3097.5,3172.800048828125,0.024309943124495526,0.021239317992494122,0.75,10,Strong_Downtrend_LowVol,0.9125065803527832
Exclude_Best_Regime,2025-09-18,2025-09-19,2025-10-06,3169.199951171875,2988.39990234375,-0.05704911385009659,-0.0598758448690524,0.75,10,Strong_Downtrend_LowVol,0.9473724365234376
Exclude_Best_Regime,2025-10-27,2025-10-28,2025-11-12,3057.89990234375,3131.800048828125,0.024166960608401178,0.021096764102237264,0.75,10,Strong_Downtrend_LowVol,0.8857366442680359
Exclude_Best_Regime,2025-11-13,2025-11-14,2025-11-28,3106.0,3137.5,0.010141661300708371,0.007113509135544316,0.75,10,Strong_Downtrend_LowVol,0.754712700843811
Exclude_Best_Regime,2025-12-01,2025-12-02,2025-12-16,3135.699951171875,3205.10009765625,0.022132266340865625,0.01906816933944233,0.75,10,Strong_Downtrend_LowVol,0.7758002877235413
Exclude_Best_Regime,2025-12-17,2025-12-18,2026-01-02,3280.800048828125,3250.699951171875,-0.009174621192474586,-0.012144867971794704,0.75,10,Strong_Downtrend_LowVol,0.8147631287574768
Exclude_Best_Regime,2026-01-15,2026-01-19,2026-02-03,3163.60009765625,3225.300048828125,0.019503081700365854,0.016446866337198607,0.75,10,Weak_Downtrend,0.7502520680427551
Exclude_Best_Regime,2026-02-04,2026-02-05,2026-02-19,2991.5,2677.89990234375,-0.10483038531046296,-0.10751388002289841,0.75,10,Weak_Downtrend,0.829857349395752
Exclude_Best_Regime,2026-03-13,2026-03-16,2026-04-01,2409.199951171875,2408.199951171875,-0.0004150755521614702,-0.0034115812594248673,0.75,10,Strong_Downtrend_LowVol,0.9290411472320556
Exclude_Best_Regime,2026-05-26,2026-05-27,2026-06-11,2284.199951171875,2135.60009765625,-0.06505553659581687,-0.06785826636098669,0.75,10,Strong_Downtrend_LowVol,0.906764030456543
Exclude_Best_Regime,2025-03-27,2025-03-28,2025-04-24,3606.14990234375,3401.60009765625,-0.056722490807871506,-0.05955020096105201,0.75,15,Strong_Downtrend_LowVol,0.8266884088516235
Exclude_Best_Regime,2025-07-28,2025-07-29,2025-08-20,3056.0,3098.60009765625,0.013939822531495505,0.010900284428501772,0.75,15,Strong_Downtrend_LowVol,0.8290425539016724
Exclude_Best_Regime,2025-08-21,2025-08-22,2025-09-15,3054.0,3111.89990234375,0.01895871065610666,0.01590412718123746,0.75,15,Strong_Downtrend_LowVol,0.9486553072929382
Exclude_Best_Regime,2025-09-16,2025-09-17,2025-10-09,3172.800048828125,3061.699951171875,-0.035016419549440236,-0.03790919907773582,0.75,15,Strong_Downtrend_LowVol,0.939006507396698
Exclude_Best_Regime,2025-10-27,2025-10-28,2025-11-19,3057.89990234375,3147.699951171875,0.02936657565517331,0.02628079200300326,0.75,15,Strong_Downtrend_LowVol,0.8857366442680359
Exclude_Best_Regime,2025-11-24,2025-11-25,2025-12-16,3119.199951171875,3205.10009765625,0.027539159986233797,0.024458854469385116,0.75,15,Strong_Downtrend_LowVol,0.7637892365455627
Exclude_Best_Regime,2025-12-17,2025-12-18,2026-01-09,3280.800048828125,3207.800048828125,-0.02225067023699756,-0.025181718290294475,0.75,15,Strong_Downtrend_LowVol,0.8147631287574768
Exclude_Best_Regime,2026-01-15,2026-01-19,2026-02-10,3163.60009765625,2984.60009765625,-0.05658110838111685,-0.05940924236346723,0.75,15,Weak_Downtrend,0.7502520680427551
Exclude_Best_Regime,2026-02-11,2026-02-12,2026-03-06,2750.10009765625,2557.60009765625,-0.06999745215239861,-0.07278536729020868,0.75,15,Weak_Downtrend,0.9206467270851136
Exclude_Best_Regime,2026-03-13,2026-03-16,2026-04-09,2409.199951171875,2589.0,0.07463060454598924,0.07140913065121168,0.75,15,Strong_Downtrend_LowVol,0.9290411472320556
Exclude_Best_Regime,2026-05-26,2026-05-27,2026-06-18,2284.199951171875,2203.300048828125,-0.03541717190837235,-0.03830875008128398,0.75,15,Strong_Downtrend_LowVol,0.906764030456543
Exclude_Best_Regime,2025-03-27,2025-03-28,2025-05-02,3606.14990234375,3431.0,-0.048569778596811664,-0.051421928543022966,0.75,20,Strong_Downtrend_LowVol,0.8266884088516235
Exclude_Best_Regime,2025-07-28,2025-07-29,2025-08-28,3056.0,3093.699951171875,0.012336371456765471,0.009301640099231179,0.75,20,Strong_Downtrend_LowVol,0.8290425539016724
Exclude_Best_Regime,2025-08-29,2025-09-01,2025-09-29,3112.60009765625,2896.10009765625,-0.06955599601857687,-0.07234523453151209,0.75,20,Strong_Downtrend_LowVol,0.9265365600585938
Exclude_Best_Regime,2025-09-30,2025-10-01,2025-10-31,2914.199951171875,3058.0,0.04934460614835268,0.0461989333552717,0.75,20,Strong_Downtrend_LowVol,0.8965168595314026
Exclude_Best_Regime,2025-11-03,2025-11-04,2025-12-03,2990.199951171875,3180.0,0.06347403248192185,0.060286003201049265,0.75,20,Strong_Downtrend_LowVol,0.924074113368988
Exclude_Best_Regime,2025-12-08,2025-12-09,2026-01-07,3208.300048828125,3295.60009765625,0.027210687123859323,0.024131366286533895,0.75,20,Strong_Downtrend_LowVol,0.7933822870254517
Exclude_Best_Regime,2026-01-15,2026-01-19,2026-02-17,3163.60009765625,2717.39990234375,-0.1410419084393969,-0.14361685005837255,0.75,20,Weak_Downtrend,0.7502520680427551
Exclude_Best_Regime,2026-02-18,2026-02-19,2026-03-20,2677.89990234375,2390.60009765625,-0.10728549055774994,-0.10996162547843036,0.75,20,Weak_Downtrend,0.9061835408210754
Exclude_Best_Regime,2026-03-27,2026-03-30,2026-04-30,2358.89990234375,2473.89990234375,0.048751538751491186,0.045607643826198974,0.75,20,Strong_Downtrend_LowVol,0.96190083026886
Exclude_Best_Regime,2026-05-26,2026-05-27,2026-06-25,2284.199951171875,2094.699951171875,-0.08296121357623698,-0.08571026659823877,0.75,20,Strong_Downtrend_LowVol,0.906764030456543
Exclude_Best_Regime,2025-03-27,2025-03-28,2025-04-07,3606.14990234375,3274.050048828125,-0.09209263688672031,-0.09481431618449299,0.8,5,Strong_Downtrend_LowVol,0.8266884088516235
Exclude_Best_Regime,2025-07-28,2025-07-29,2025-08-05,3056.0,3063.89990234375,0.002585046578452266,-0.0004204527449283013,0.8,5,Strong_Downtrend_LowVol,0.8290425539016724
Exclude_Best_Regime,2025-08-06,2025-08-07,2025-08-14,3047.0,3022.300048828125,-0.008106318074130314,-0.011079767359123527,0.8,5,Strong_Downtrend_LowVol,0.8445695638656616
Exclude_Best_Regime,2025-08-18,2025-08-19,2025-08-26,3016.199951171875,3157.199951171875,0.046747563915720436,0.04360967640599234,0.8,5,Strong_Downtrend_LowVol,0.9680848121643066
Exclude_Best_Regime,2025-08-28,2025-08-29,2025-09-05,3084.699951171875,3048.300048828125,-0.011800143586063072,-0.014762519705627919,0.8,5,Strong_Downtrend_LowVol,0.9416519999504088
Exclude_Best_Regime,2025-09-08,2025-09-09,2025-09-16,3049.39990234375,3145.699951171875,0.031579999971177664,0.02848758102626414,0.8,5,Strong_Downtrend_LowVol,0.9642541408538818
Exclude_Best_Regime,2025-09-17,2025-09-18,2025-09-25,3176.699951171875,2957.39990234375,-0.069033919538805,-0.07182472310650745,0.8,5,Strong_Downtrend_LowVol,0.9452230930328368
Exclude_Best_Regime,2025-09-26,2025-09-29,2025-10-07,2896.10009765625,2973.699951171875,0.02679460339731521,0.023716529874981074,0.8,5,Strong_Downtrend_LowVol,0.9056479930877686
Exclude_Best_Regime,2025-10-27,2025-10-28,2025-11-04,3057.89990234375,2990.199951171875,-0.022139361435600247,-0.02507074316485658,0.8,5,Strong_Downtrend_LowVol,0.8857366442680359
Exclude_Best_Regime,2025-11-06,2025-11-07,2025-11-14,2991.800048828125,3106.0,0.03817098379171657,0.035058806725055014,0.8,5,Strong_Downtrend_LowVol,0.9081805944442748
Exclude_Best_Regime,2025-11-18,2025-11-19,2025-11-26,3147.699951171875,3162.89990234375,0.004828907268056515,0.0018166814112938745,0.8,5,Strong_Downtrend_LowVol,0.8338319659233093
Exclude_Best_Regime,2025-12-12,2025-12-15,2025-12-22,3230.199951171875,3324.89990234375,0.029317055477484866,0.026231420274427375,0.8,5,Strong_Downtrend_LowVol,0.8086299300193787
Exclude_Best_Regime,2026-01-19,2026-01-20,2026-01-28,3102.300048828125,3200.10009765625,0.03152501282558684,0.028432758718389017,0.8,5,Weak_Downtrend,0.8143543601036072
Exclude_Best_Regime,2026-01-29,2026-01-30,2026-02-06,3123.89990234375,2941.60009765625,-0.058356480804883315,-0.061179292664550355,0.8,5,Weak_Downtrend,0.8116010427474976
Exclude_Best_Regime,2026-02-09,2026-02-10,2026-02-17,2984.60009765625,2717.39990234375,-0.08952629718210059,-0.09225566972472288,0.8,5,Weak_Downtrend,0.8861578702926636
Exclude_Best_Regime,2026-02-18,2026-02-19,2026-02-26,2677.89990234375,2647.699951171875,-0.011277475735909093,-0.014241418683021645,0.8,5,Weak_Downtrend,0.9061835408210754
Exclude_Best_Regime,2026-03-13,2026-03-16,2026-03-23,2409.199951171875,2383.800048828125,-0.010542878490178875,-0.013509023576184886,0.8,5,Strong_Downtrend_LowVol,0.9290411472320556
Exclude_Best_Regime,2026-03-27,2026-03-30,2026-04-08,2358.89990234375,2559.199951171875,0.08491248341191215,0.08166018701476419,0.8,5,Strong_Downtrend_LowVol,0.96190083026886
Exclude_Best_Regime,2026-05-26,2026-05-27,2026-06-04,2284.199951171875,2241.0,-0.01891250857864346,-0.02185356360605173,0.8,5,Strong_Downtrend_LowVol,0.906764030456543
Exclude_Best_Regime,2025-03-27,2025-03-28,2025-04-16,3606.14990234375,3273.800048828125,-0.09216196290110412,-0.09488343437681723,0.8,10,Strong_Downtrend_LowVol,0.8266884088516235
Exclude_Best_Regime,2025-07-28,2025-07-29,2025-08-12,3056.0,3035.39990234375,-0.0067408696519142275,-0.009718412209915095,0.8,10,Strong_Downtrend_LowVol,0.8290425539016724
Exclude_Best_Regime,2025-08-13,2025-08-14,2025-09-01,3022.300048828125,3112.60009765625,0.029877923227092706,0.026790606682738805,0.8,10,Strong_Downtrend_LowVol,0.961881697177887
Exclude_Best_Regime,2025-09-02,2025-09-03,2025-09-17,3097.5,3172.800048828125,0.024309943124495526,0.021239317992494122,0.8,10,Strong_Downtrend_LowVol,0.9125065803527832
Exclude_Best_Regime,2025-09-18,2025-09-19,2025-10-06,3169.199951171875,2988.39990234375,-0.05704911385009659,-0.0598758448690524,0.8,10,Strong_Downtrend_LowVol,0.9473724365234376
Exclude_Best_Regime,2025-10-27,2025-10-28,2025-11-12,3057.89990234375,3131.800048828125,0.024166960608401178,0.021096764102237264,0.8,10,Strong_Downtrend_LowVol,0.8857366442680359
Exclude_Best_Regime,2025-11-18,2025-11-19,2025-12-03,3147.699951171875,3180.0,0.010261476420616145,0.007232965079676301,0.8,10,Strong_Downtrend_LowVol,0.8338319659233093
Exclude_Best_Regime,2025-12-12,2025-12-15,2025-12-30,3230.199951171875,3246.800048828125,0.005139030991015758,0.002125875460862403,0.8,10,Strong_Downtrend_LowVol,0.8086299300193787
Exclude_Best_Regime,2026-01-19,2026-01-20,2026-02-04,3102.300048828125,2999.10009765625,-0.03326562535782385,-0.0361636533294073,0.8,10,Weak_Downtrend,0.8143543601036072
Exclude_Best_Regime,2026-02-05,2026-02-06,2026-02-20,2941.60009765625,2686.199951171875,-0.08682354433149075,-0.08956101905147096,0.8,10,Weak_Downtrend,0.8451917171478271
Exclude_Best_Regime,2026-03-13,2026-03-16,2026-04-01,2409.199951171875,2408.199951171875,-0.0004150755521614702,-0.0034115812594248673,0.8,10,Strong_Downtrend_LowVol,0.9290411472320556
Exclude_Best_Regime,2026-05-26,2026-05-27,2026-06-11,2284.199951171875,2135.60009765625,-0.06505553659581687,-0.06785826636098669,0.8,10,Strong_Downtrend_LowVol,0.906764030456543
Exclude_Best_Regime,2025-03-27,2025-03-28,2025-04-24,3606.14990234375,3401.60009765625,-0.056722490807871506,-0.05955020096105201,0.8,15,Strong_Downtrend_LowVol,0.8266884088516235
Exclude_Best_Regime,2025-07-28,2025-07-29,2025-08-20,3056.0,3098.60009765625,0.013939822531495505,0.010900284428501772,0.8,15,Strong_Downtrend_LowVol,0.8290425539016724
Exclude_Best_Regime,2025-08-21,2025-08-22,2025-09-15,3054.0,3111.89990234375,0.01895871065610666,0.01590412718123746,0.8,15,Strong_Downtrend_LowVol,0.9486553072929382
Exclude_Best_Regime,2025-09-16,2025-09-17,2025-10-09,3172.800048828125,3061.699951171875,-0.035016419549440236,-0.03790919907773582,0.8,15,Strong_Downtrend_LowVol,0.939006507396698
Exclude_Best_Regime,2025-10-27,2025-10-28,2025-11-19,3057.89990234375,3147.699951171875,0.02936657565517331,0.02628079200300326,0.8,15,Strong_Downtrend_LowVol,0.8857366442680359
Exclude_Best_Regime,2025-11-25,2025-11-26,2025-12-17,3162.89990234375,3217.800048828125,0.0173575352301516,0.014307751678915626,0.8,15,Strong_Downtrend_LowVol,0.8794887065887451
Exclude_Best_Regime,2026-01-19,2026-01-20,2026-02-11,3102.300048828125,2909.800048828125,-0.06205073557366436,-0.06486247298109826,0.8,15,Weak_Downtrend,0.8143543601036072
Exclude_Best_Regime,2026-02-12,2026-02-13,2026-03-09,2692.199951171875,2527.39990234375,-0.061213896373629284,-0.06402814241577515,0.8,15,Weak_Downtrend,0.9065052270889282
Exclude_Best_Regime,2026-03-13,2026-03-16,2026-04-09,2409.199951171875,2589.0,0.07463060454598924,0.07140913065121168,0.8,15,Strong_Downtrend_LowVol,0.9290411472320556
Exclude_Best_Regime,2026-05-26,2026-05-27,2026-06-18,2284.199951171875,2203.300048828125,-0.03541717190837235,-0.03830875008128398,0.8,15,Strong_Downtrend_LowVol,0.906764030456543
Exclude_Best_Regime,2025-03-27,2025-03-28,2025-05-02,3606.14990234375,3431.0,-0.048569778596811664,-0.051421928543022966,0.8,20,Strong_Downtrend_LowVol,0.8266884088516235
Exclude_Best_Regime,2025-07-28,2025-07-29,2025-08-28,3056.0,3093.699951171875,0.012336371456765471,0.009301640099231179,0.8,20,Strong_Downtrend_LowVol,0.8290425539016724
Exclude_Best_Regime,2025-08-29,2025-09-01,2025-09-29,3112.60009765625,2896.10009765625,-0.06955599601857687,-0.07234523453151209,0.8,20,Strong_Downtrend_LowVol,0.9265365600585938
Exclude_Best_Regime,2025-09-30,2025-10-01,2025-10-31,2914.199951171875,3058.0,0.04934460614835268,0.0461989333552717,0.8,20,Strong_Downtrend_LowVol,0.8965168595314026
Exclude_Best_Regime,2025-11-03,2025-11-04,2025-12-03,2990.199951171875,3180.0,0.06347403248192185,0.060286003201049265,0.8,20,Strong_Downtrend_LowVol,0.924074113368988
Exclude_Best_Regime,2025-12-12,2025-12-15,2026-01-13,3230.199951171875,3268.0,0.011702077084860152,0.008669247183278994,0.8,20,Strong_Downtrend_LowVol,0.8086299300193787
Exclude_Best_Regime,2026-01-19,2026-01-20,2026-02-18,3102.300048828125,2694.89990234375,-0.13132196759570947,-0.13392604716734935,0.8,20,Weak_Downtrend,0.8143543601036072
Exclude_Best_Regime,2026-02-19,2026-02-20,2026-03-23,2686.199951171875,2383.800048828125,-0.11257535099419003,-0.11523562823574707,0.8,20,Weak_Downtrend,0.904740273952484
Exclude_Best_Regime,2026-03-27,2026-03-30,2026-04-30,2358.89990234375,2473.89990234375,0.048751538751491186,0.045607643826198974,0.8,20,Strong_Downtrend_LowVol,0.96190083026886
Exclude_Best_Regime,2026-05-26,2026-05-27,2026-06-25,2284.199951171875,2094.699951171875,-0.08296121357623698,-0.08571026659823877,0.8,20,Strong_Downtrend_LowVol,0.906764030456543
Only_Downtrend,2025-02-24,2025-02-25,2025-03-05,3629.550048828125,3547.050048828125,-0.022730090201301123,-0.0256597010734001,0.6,5,Weak_Downtrend,0.6087058782577515
Only_Downtrend,2025-03-06,2025-03-07,2025-03-17,3611.199951171875,3497.699951171875,-0.031429995994314286,-0.03433352672382217,0.6,5,Strong_Downtrend_LowVol,0.6301945447921753
Only_Downtrend,2025-03-18,2025-03-20,2025-03-27,3563.14990234375,3651.199951171875,0.024711295129685062,0.021639466844710187,0.6,5,Strong_Downtrend_LowVol,0.7011474370956421
Only_Downtrend,2025-03-28,2025-04-01,2025-04-08,3550.800048828125,3292.949951171875,-0.07261746482777831,-0.07539752582259074,0.6,5,Strong_Downtrend_LowVol,0.8297224044799805
Only_Downtrend,2025-04-09,2025-04-11,2025-04-22,3231.5,3314.39990234375,0.02565369096201464,0.022579037609933517,0.6,5,Strong_Downtrend_HighVol,0.7965906858444214
Only_Downtrend,2025-07-21,2025-07-22,2025-07-29,3159.60009765625,3056.0,-0.03278899052228135,-0.03568844732594312,0.6,5,Strong_Downtrend_LowVol,0.6745085120201111
Only_Downtrend,2025-07-30,2025-07-31,2025-08-07,3036.800048828125,3047.0,0.0033587826026975076,0.0003509638121503844,0.6,5,Strong_Downtrend_LowVol,0.8165466785430908
Only_Downtrend,2025-08-08,2025-08-11,2025-08-19,3040.800048828125,3016.199951171875,-0.008090008307429009,-0.011063506485025298,0.6,5,Strong_Downtrend_LowVol,0.951858401298523
Only_Downtrend,2025-08-20,2025-08-21,2025-08-29,3102.60009765625,3084.699951171875,-0.005769401766568927,-0.008749856542423107,0.6,5,Strong_Downtrend_LowVol,0.947827696800232
Only_Downtrend,2025-09-01,2025-09-02,2025-09-09,3111.5,3049.39990234375,-0.019958250893861496,-0.022896171047244285,0.6,5,Strong_Downtrend_LowVol,0.910266935825348
Only_Downtrend,2025-09-10,2025-09-11,2025-09-18,3124.199951171875,3176.699951171875,0.01680430216392126,0.01375617706710952,0.6,5,Strong_Downtrend_LowVol,0.9297804832458496
Only_Downtrend,2025-09-19,2025-09-22,2025-09-29,3073.800048828125,2896.10009765625,-0.057811161542411504,-0.06063560813289759,0.6,5,Strong_Downtrend_LowVol,0.9566258192062378
Only_Downtrend,2025-09-30,2025-10-01,2025-10-09,2914.199951171875,3061.699951171875,0.0506142346000269,0.04746475577825482,0.6,5,Strong_Downtrend_LowVol,0.8965168595314026
Only_Downtrend,2025-10-10,2025-10-13,2025-10-20,3007.199951171875,3015.199951171875,0.0026602820330861032,-0.00034544282737847265,0.6,5,Strong_Downtrend_HighVol,0.9537609815597534
Only_Downtrend,2025-10-21,2025-10-23,2025-10-30,3073.199951171875,3035.300048828125,-0.012332390650109826,-0.015293171226038349,0.6,5,Strong_Downtrend_HighVol,0.927722692489624
Only_Downtrend,2025-10-31,2025-11-03,2025-11-11,3016.800048828125,3047.0,0.01001059091854839,0.006982831669622547,0.6,5,Strong_Downtrend_LowVol,0.9360097050666808
Only_Downtrend,2025-11-12,2025-11-13,2025-11-20,3105.699951171875,3144.800048828125,0.012589785964834288,0.00955429493395843,0.6,5,Strong_Downtrend_LowVol,0.6542328000068665
Only_Downtrend,2025-11-21,2025-11-24,2025-12-01,3141.199951171875,3133.39990234375,-0.002483143050226788,-0.005473449208147851,0.6,5,Strong_Downtrend_LowVol,0.6930298805236816
Only_Downtrend,2025-12-02,2025-12-03,2025-12-10,3180.0,3189.199951171875,0.002893066406250089,-0.00011335628356912153,0.6,5,Strong_Downtrend_LowVol,0.7758002877235413
Only_Downtrend,2025-12-11,2025-12-12,2025-12-19,3220.5,3282.0,0.01909641360037262,0.016041417326502216,0.6,5,Strong_Downtrend_LowVol,0.7787663340568542
Only_Downtrend,2026-01-09,2026-01-12,2026-01-20,3239.60009765625,3102.300048828125,-0.042381789322533114,-0.04525248931359138,0.6,5,Weak_Downtrend,0.622557520866394
Only_Downtrend,2026-01-21,2026-01-22,2026-01-30,3150.39990234375,3123.89990234375,-0.008411630529916336,-0.011384164564495203,0.6,5,Weak_Downtrend,0.7445148229598999
Only_Downtrend,2026-02-02,2026-02-03,2026-02-10,3225.300048828125,2984.60009765625,-0.07462870043961667,-0.07740273225287375,0.6,5,Weak_Downtrend,0.8409143090248108
Only_Downtrend,2026-02-11,2026-02-12,2026-02-19,2750.10009765625,2677.89990234375,-0.02625366086639247,-0.02917270895453017,0.6,5,Weak_Downtrend,0.9206467270851136
Only_Downtrend,2026-02-20,2026-02-23,2026-03-02,2676.300048828125,2613.5,-0.023465249666465238,-0.026392656714277485,0.6,5,Strong_Downtrend_HighVol,0.9061835408210754
Only_Downtrend,2026-03-04,2026-03-05,2026-03-12,2578.800048828125,2442.39990234375,-0.05289287416694399,-0.055732064553409955,0.6,5,Strong_Downtrend_HighVol,0.9367881417274476
Only_Downtrend,2026-03-13,2026-03-16,2026-03-23,2409.199951171875,2383.800048828125,-0.010542878490178875,-0.013509023576184886,0.6,5,Strong_Downtrend_LowVol,0.9290411472320556
Only_Downtrend,2026-03-24,2026-03-25,2026-04-06,2377.39990234375,2473.89990234375,0.04059056278452178,0.037471132424934606,0.6,5,Strong_Downtrend_HighVol,0.96190083026886
Only_Downtrend,2026-04-07,2026-04-08,2026-04-16,2559.199951171875,2576.89990234375,0.0069162048724524805,0.0038977218192961516,0.6,5,Strong_Downtrend_HighVol,0.9489715695381165
Only_Downtrend,2026-04-17,2026-04-20,2026-04-27,2579.60009765625,2447.60009765625,-0.051170722206101416,-0.05401507517360793,0.6,5,Strong_Downtrend_HighVol,0.9371484518051147
Only_Downtrend,2026-04-28,2026-04-29,2026-05-07,2474.699951171875,2401.39990234375,-0.02961977220447043,-0.032528729532344314,0.6,5,Strong_Downtrend_HighVol,0.951697826385498
Only_Downtrend,2026-05-08,2026-05-11,2026-05-18,2392.89990234375,2283.199951171875,-0.045843936499152416,-0.048704257838512066,0.6,5,Strong_Downtrend_HighVol,0.8204987049102783
Only_Downtrend,2026-05-19,2026-05-20,2026-05-27,2327.39990234375,2284.199951171875,-0.018561464717933296,-0.021503572087075096,0.6,5,Strong_Downtrend_HighVol,0.8093663454055786
Only_Downtrend,2026-05-28,2026-06-01,2026-06-08,2297.39990234375,2151.39990234375,-0.06355010281451412,-0.0663573454938019,0.6,5,Strong_Downtrend_LowVol,0.8708387613296509
Only_Downtrend,2026-06-09,2026-06-10,2026-06-17,2153.89990234375,2223.0,0.032081387617437285,0.028987465637707155,0.6,5,Strong_Downtrend_HighVol,0.8125454783439636
Only_Downtrend,2026-06-18,2026-06-19,2026-06-26,2125.0,2094.699951171875,-0.014258846507352985,-0.0172138520502354,0.6,5,Strong_Downtrend_HighVol,0.6488529443740845
Only_Downtrend,2026-06-30,2026-07-01,2026-07-08,1982.5999755859373,2057.5,0.03777868724724809,0.03466768618755278,0.6,5,Strong_Downtrend_HighVol,0.6709054708480835
Only_Downtrend,2026-07-09,2026-07-10,2026-07-17,2069.0,2269.0,0.0966650555824069,0.09337752791203502,0.6,5,Strong_Downtrend_HighVol,0.7733571529388428
Only_Downtrend,2025-02-24,2025-02-25,2025-03-12,3629.550048828125,3506.199951171875,-0.03398495570988924,-0.036880827308909736,0.6,10,Weak_Downtrend,0.6087058782577515
Only_Downtrend,2025-03-13,2025-03-17,2025-04-02,3497.699951171875,3543.949951171875,0.013222975282515037,0.010185586108361955,0.6,10,Strong_Downtrend_LowVol,0.6880667209625244
Only_Downtrend,2025-04-03,2025-04-04,2025-04-23,3299.39990234375,3413.0,0.0344305331328747,0.03132956900217554,0.6,10,Strong_Downtrend_HighVol,0.7419236898422241
Only_Downtrend,2025-07-21,2025-07-22,2025-08-05,3159.60009765625,3063.89990234375,-0.030288705011589645,-0.033195657046141025,0.6,10,Strong_Downtrend_LowVol,0.6745085120201111
Only_Downtrend,2025-08-06,2025-08-07,2025-08-22,3047.0,3054.0,0.0022973416475220443,-0.000707295208401737,0.6,10,Strong_Downtrend_LowVol,0.8445695638656616
Only_Downtrend,2025-08-25,2025-08-26,2025-09-10,3157.199951171875,3110.0,-0.014949940422479546,-0.017902874238577948,0.6,10,Strong_Downtrend_LowVol,0.9323235154151917
Only_Downtrend,2025-09-11,2025-09-12,2025-09-26,3133.39990234375,2899.10009765625,-0.07477494478513458,-0.07754853819440488,0.6,10,Strong_Downtrend_LowVol,0.9385801553726196
Only_Downtrend,2025-09-29,2025-09-30,2025-10-15,2888.39990234375,2969.800048828125,0.02818174395391848,0.025099512130980717,0.6,10,Strong_Downtrend_LowVol,0.8976588845252991
Only_Downtrend,2025-10-16,2025-10-17,2025-11-03,2962.199951171875,3016.800048828125,0.01843227957472937,0.015379274208634275,0.6,10,Strong_Downtrend_HighVol,0.9064403772354126
Only_Downtrend,2025-11-04,2025-11-06,2025-11-20,3010.89990234375,3144.800048828125,0.04447180272587081,0.04134073737924937,0.6,10,Strong_Downtrend_LowVol,0.9166331887245178
Only_Downtrend,2025-11-21,2025-11-24,2025-12-08,3141.199951171875,3236.5,0.03033874007051729,0.027250042112471062,0.6,10,Strong_Downtrend_LowVol,0.6930298805236816
Only_Downtrend,2025-12-09,2025-12-10,2025-12-24,3189.199951171875,3319.0,0.040699877967961706,0.037580119908783516,0.6,10,Strong_Downtrend_LowVol,0.7751571536064148
Only_Downtrend,2026-01-09,2026-01-12,2026-01-28,3239.60009765625,3200.10009765625,-0.012192862948910532,-0.015154061794005358,0.6,10,Weak_Downtrend,0.622557520866394
Only_Downtrend,2026-01-29,2026-01-30,2026-02-13,3123.89990234375,2692.199951171875,-0.13819263250015978,-0.14077611553608238,0.6,10,Weak_Downtrend,0.8116010427474976
Only_Downtrend,2026-02-16,2026-02-17,2026-03-04,2717.39990234375,2587.800048828125,-0.04769259519139801,-0.05054737471416293,0.6,10,Weak_Downtrend,0.9061835408210754
Only_Downtrend,2026-03-05,2026-03-06,2026-03-20,2557.60009765625,2390.60009765625,-0.06529558712209804,-0.06809759727580267,0.6,10,Strong_Downtrend_HighVol,0.9367881417274476
Only_Downtrend,2026-03-23,2026-03-24,2026-04-10,2398.800048828125,2524.300048828125,0.052317824514515054,0.049163238756076755,0.6,10,Strong_Downtrend_HighVol,0.96190083026886
Only_Downtrend,2026-04-13,2026-04-15,2026-04-29,2554.89990234375,2474.699951171875,-0.03139064317091378,-0.03429429187034816,0.6,10,Strong_Downtrend_HighVol,0.9608955979347228
Only_Downtrend,2026-04-30,2026-05-01,2026-05-18,2473.89990234375,2283.199951171875,-0.07708474825161993,-0.07985141744754853,0.6,10,Strong_Downtrend_HighVol,0.8231854438781738
Only_Downtrend,2026-05-19,2026-05-20,2026-06-04,2327.39990234375,2241.0,-0.0371229294358667,-0.04000939417415017,0.6,10,Strong_Downtrend_HighVol,0.8093663454055786
Only_Downtrend,2026-06-05,2026-06-08,2026-06-22,2151.39990234375,2127.800048828125,-0.010969533599920256,-0.013934399680570975,0.6,10,Strong_Downtrend_HighVol,0.850580632686615
Only_Downtrend,2026-06-24,2026-06-25,2026-07-10,2094.699951171875,2069.0,-0.0122690369842694,-0.015230007478649665,0.6,10,Strong_Downtrend_HighVol,0.605434775352478
Only_Downtrend,2025-02-24,2025-02-25,2025-03-21,3629.550048828125,3578.10009765625,-0.0141752973453243,-0.01713055334770719,0.6,15,Weak_Downtrend,0.6087058782577515
Only_Downtrend,2025-03-24,2025-03-25,2025-04-21,3657.75,3321.60009765625,-0.09190073196466408,-0.09462298654541701,0.6,15,Strong_Downtrend_HighVol,0.7658523917198181
Only_Downtrend,2025-07-21,2025-07-22,2025-08-12,3159.60009765625,3035.39990234375,-0.03930883386306705,-0.04218874580635401,0.6,15,Strong_Downtrend_LowVol,0.6745085120201111
Only_Downtrend,2025-08-13,2025-08-14,2025-09-08,3022.300048828125,3019.0,-0.001091899803067009,-0.004086376560432203,0.6,15,Strong_Downtrend_LowVol,0.961881697177887
Only_Downtrend,2025-09-09,2025-09-10,2025-10-01,3110.0,2914.199951171875,-0.06295821505727495,-0.06576723206808688,0.6,15,Strong_Downtrend_LowVol,0.9405473470687866
Only_Downtrend,2025-10-03,2025-10-06,2025-10-28,2988.39990234375,3057.89990234375,0.02325659291632709,0.02018912546491225,0.6,15,Strong_Downtrend_LowVol,0.8976588845252991
Only_Downtrend,2025-10-29,2025-10-30,2025-11-21,3035.300048828125,3150.60009765625,0.037986375967226094,0.03487475230867054,0.6,15,Strong_Downtrend_LowVol,0.9057490229606628
Only_Downtrend,2025-11-24,2025-11-25,2025-12-16,3119.199951171875,3205.10009765625,0.027539159986233797,0.024458854469385116,0.6,15,Strong_Downtrend_LowVol,0.7637892365455627
Only_Downtrend,2025-12-17,2025-12-18,2026-01-09,3280.800048828125,3207.800048828125,-0.02225067023699756,-0.025181718290294475,0.6,15,Strong_Downtrend_LowVol,0.8147631287574768
Only_Downtrend,2026-01-14,2026-01-15,2026-02-09,3192.5,2948.199951171875,-0.07652311631264685,-0.0792914691407205,0.6,15,Weak_Downtrend,0.6084823608398438
Only_Downtrend,2026-02-10,2026-02-11,2026-03-05,2909.800048828125,2578.800048828125,-0.11375352067002165,-0.11641026605343296,0.6,15,Weak_Downtrend,0.8523344397544861
Only_Downtrend,2026-03-06,2026-03-09,2026-04-01,2527.39990234375,2408.199951171875,-0.04716307500895944,-0.05001944190085128,0.6,15,Strong_Downtrend_HighVol,0.9367881417274476
Only_Downtrend,2026-04-02,2026-04-06,2026-04-28,2473.89990234375,2444.699951171875,-0.01180320640467758,-0.014765573342677807,0.6,15,Strong_Downtrend_HighVol,0.9625139236450196
Only_Downtrend,2026-04-29,2026-04-30,2026-05-22,2473.89990234375,2317.300048828125,-0.06330080427557472,-0.06610879428955752,0.6,15,Strong_Downtrend_HighVol,0.9518266320228576
Only_Downtrend,2026-05-25,2026-05-26,2026-06-17,2276.199951171875,2223.0,-0.023372266195017533,-0.026299951984031344,0.6,15,Strong_Downtrend_HighVol,0.8584686517715454
Only_Downtrend,2026-06-18,2026-06-19,2026-07-13,2125.0,2181.5,0.02658823529411758,0.023510780411764687,0.6,15,Strong_Downtrend_HighVol,0.6488529443740845
Only_Downtrend,2025-02-24,2025-02-25,2025-03-28,3629.550048828125,3606.14990234375,-0.006447120488648483,-0.00942554363320347,0.6,20,Weak_Downtrend,0.6087058782577515
Only_Downtrend,2025-04-01,2025-04-02,2025-05-06,3543.949951171875,3460.0,-0.023688244001333958,-0.026614982567878864,0.6,20,Strong_Downtrend_LowVol,0.794563889503479
Only_Downtrend,2025-07-21,2025-07-22,2025-08-20,3159.60009765625,3098.60009765625,-0.019306240699653365,-0.022246115416595824,0.6,20,Strong_Downtrend_LowVol,0.6745085120201111
Only_Downtrend,2025-08-21,2025-08-22,2025-09-22,3054.0,3073.800048828125,0.006483316577644116,0.0034661312153736468,0.6,20,Strong_Downtrend_LowVol,0.9486553072929382
Only_Downtrend,2025-09-23,2025-09-24,2025-10-24,3035.39990234375,3063.199951171875,0.009158611623680812,0.006133406395685936,0.6,20,Strong_Downtrend_LowVol,0.9309267401695251
Only_Downtrend,2025-10-27,2025-10-28,2025-11-26,3057.89990234375,3162.89990234375,0.03433729139384911,0.031236606778573206,0.6,20,Strong_Downtrend_LowVol,0.8857366442680359
Only_Downtrend,2025-11-27,2025-11-28,2025-12-29,3137.5,3251.5,0.03633466135458163,0.03322798912350611,0.6,20,Strong_Downtrend_LowVol,0.767988383769989
Only_Downtrend,2026-01-09,2026-01-12,2026-02-11,3239.60009765625,2909.800048828125,-0.10180270369380628,-0.10449527463880814,0.6,20,Weak_Downtrend,0.622557520866394
Only_Downtrend,2026-02-12,2026-02-13,2026-03-16,2692.199951171875,2409.199951171875,-0.10511849236042603,-0.10780112339995251,0.6,20,Weak_Downtrend,0.9065052270889282
Only_Downtrend,2026-03-17,2026-03-18,2026-04-21,2440.800048828125,2610.5,0.06952636339603124,0.06632019074016093,0.6,20,Strong_Downtrend_LowVol,0.9290411472320556
Only_Downtrend,2026-04-22,2026-04-23,2026-05-22,2521.800048828125,2317.300048828125,-0.08109286860194598,-0.08384752245509441,0.6,20,Strong_Downtrend_HighVol,0.9519779682159424
Only_Downtrend,2026-05-25,2026-05-26,2026-06-24,2276.199951171875,2109.0,-0.07345573972347819,-0.07623328777972194,0.6,20,Strong_Downtrend_HighVol,0.8584686517715454
Only_Downtrend,2026-06-25,2026-06-26,2026-07-27,2094.699951171875,2295.60009765625,0.09590879417931997,0.09262353359156905,0.6,20,Strong_Downtrend_HighVol,0.6594902873039246
Only_Downtrend,2025-03-10,2025-03-11,2025-03-20,3575.300048828125,3563.14990234375,-0.0033983571500124654,-0.006385919724865907,0.65,5,Strong_Downtrend_LowVol,0.6500667333602905
Only_Downtrend,2025-03-21,2025-03-24,2025-04-01,3628.949951171875,3550.800048828125,-0.02153512817626857,-0.024468321245778024,0.65,5,Strong_Downtrend_HighVol,0.7466320395469666
Only_Downtrend,2025-04-02,2025-04-03,2025-04-11,3403.14990234375,3231.5,-0.05043853702287249,-0.053285084898512025,0.65,5,Strong_Downtrend_LowVol,0.7559744715690613
Only_Downtrend,2025-04-15,2025-04-16,2025-04-24,3273.800048828125,3401.60009765625,0.03903721880445077,0.03592244498177988,0.65,5,Strong_Downtrend_HighVol,0.7840416431427002
Only_Downtrend,2025-07-21,2025-07-22,2025-07-29,3159.60009765625,3056.0,-0.03278899052228135,-0.03568844732594312,0.65,5,Strong_Downtrend_LowVol,0.6745085120201111
Only_Downtrend,2025-07-30,2025-07-31,2025-08-07,3036.800048828125,3047.0,0.0033587826026975076,0.0003509638121503844,0.65,5,Strong_Downtrend_LowVol,0.8165466785430908
Only_Downtrend,2025-08-08,2025-08-11,2025-08-19,3040.800048828125,3016.199951171875,-0.008090008307429009,-0.011063506485025298,0.65,5,Strong_Downtrend_LowVol,0.951858401298523
Only_Downtrend,2025-08-20,2025-08-21,2025-08-29,3102.60009765625,3084.699951171875,-0.005769401766568927,-0.008749856542423107,0.65,5,Strong_Downtrend_LowVol,0.947827696800232
Only_Downtrend,2025-09-01,2025-09-02,2025-09-09,3111.5,3049.39990234375,-0.019958250893861496,-0.022896171047244285,0.65,5,Strong_Downtrend_LowVol,0.910266935825348
Only_Downtrend,2025-09-10,2025-09-11,2025-09-18,3124.199951171875,3176.699951171875,0.01680430216392126,0.01375617706710952,0.65,5,Strong_Downtrend_LowVol,0.9297804832458496
Only_Downtrend,2025-09-19,2025-09-22,2025-09-29,3073.800048828125,2896.10009765625,-0.057811161542411504,-0.06063560813289759,0.65,5,Strong_Downtrend_LowVol,0.9566258192062378
Only_Downtrend,2025-09-30,2025-10-01,2025-10-09,2914.199951171875,3061.699951171875,0.0506142346000269,0.04746475577825482,0.65,5,Strong_Downtrend_LowVol,0.8965168595314026
Only_Downtrend,2025-10-10,2025-10-13,2025-10-20,3007.199951171875,3015.199951171875,0.0026602820330861032,-0.00034544282737847265,0.65,5,Strong_Downtrend_HighVol,0.9537609815597534
Only_Downtrend,2025-10-21,2025-10-23,2025-10-30,3073.199951171875,3035.300048828125,-0.012332390650109826,-0.015293171226038349,0.65,5,Strong_Downtrend_HighVol,0.927722692489624
Only_Downtrend,2025-10-31,2025-11-03,2025-11-11,3016.800048828125,3047.0,0.01001059091854839,0.006982831669622547,0.65,5,Strong_Downtrend_LowVol,0.9360097050666808
Only_Downtrend,2025-11-12,2025-11-13,2025-11-20,3105.699951171875,3144.800048828125,0.012589785964834288,0.00955429493395843,0.65,5,Strong_Downtrend_LowVol,0.6542328000068665
Only_Downtrend,2025-11-21,2025-11-24,2025-12-01,3141.199951171875,3133.39990234375,-0.002483143050226788,-0.005473449208147851,0.65,5,Strong_Downtrend_LowVol,0.6930298805236816
Only_Downtrend,2025-12-02,2025-12-03,2025-12-10,3180.0,3189.199951171875,0.002893066406250089,-0.00011335628356912153,0.65,5,Strong_Downtrend_LowVol,0.7758002877235413
Only_Downtrend,2025-12-11,2025-12-12,2025-12-19,3220.5,3282.0,0.01909641360037262,0.016041417326502216,0.65,5,Strong_Downtrend_LowVol,0.7787663340568542
Only_Downtrend,2026-01-15,2026-01-19,2026-01-27,3163.60009765625,3158.0,-0.00177016610297831,-0.004762609587543043,0.65,5,Weak_Downtrend,0.7502520680427551
Only_Downtrend,2026-01-28,2026-01-29,2026-02-05,3144.39990234375,2991.5,-0.04862609944421592,-0.05147808055460701,0.65,5,Weak_Downtrend,0.8634419441223145
Only_Downtrend,2026-02-06,2026-02-09,2026-02-16,2948.199951171875,2706.60009765625,-0.08194825911301973,-0.08470034871926357,0.65,5,Weak_Downtrend,0.8884923458099365
Only_Downtrend,2026-02-17,2026-02-18,2026-02-25,2694.89990234375,2629.300048828125,-0.024342222677203318,-0.027267000779172657,0.65,5,Weak_Downtrend,0.9037685394287108
Only_Downtrend,2026-02-26,2026-02-27,2026-03-09,2637.39990234375,2527.39990234375,-0.0417077440179805,-0.044580464628350414,0.65,5,Strong_Downtrend_HighVol,0.8926447033882141
Only_Downtrend,2026-03-10,2026-03-11,2026-03-18,2464.89990234375,2440.800048828125,-0.00977721387092012,-0.012745654228038528,0.65,5,Strong_Downtrend_HighVol,0.9360578656196594
Only_Downtrend,2026-03-19,2026-03-20,2026-03-30,2390.60009765625,2358.89990234375,-0.013260350546952182,-0.0162183493311,0.65,5,Strong_Downtrend_HighVol,0.96190083026886
Only_Downtrend,2026-04-01,2026-04-02,2026-04-10,2450.699951171875,2524.300048828125,0.03003227613443893,0.026944496878656965,0.65,5,Strong_Downtrend_HighVol,0.96190083026886
Only_Downtrend,2026-04-13,2026-04-15,2026-04-22,2554.89990234375,2538.5,-0.006418999949354354,-0.009397507392256088,0.65,5,Strong_Downtrend_HighVol,0.9608955979347228
Only_Downtrend,2026-04-23,2026-04-24,2026-05-01,2396.89990234375,2473.89990234375,0.03212482921156101,0.029030777004792174,0.65,5,Strong_Downtrend_HighVol,0.9550465941429138
Only_Downtrend,2026-05-05,2026-05-06,2026-05-13,2435.39990234375,2272.800048828125,-0.06676515563589547,-0.06956276039058795,0.65,5,Strong_Downtrend_HighVol,0.8545153737068176
Only_Downtrend,2026-05-14,2026-05-15,2026-05-22,2264.0,2317.300048828125,0.023542424394048078,0.02047410009132089,0.65,5,Strong_Downtrend_HighVol,0.913777470588684
Only_Downtrend,2026-05-25,2026-05-26,2026-06-03,2276.199951171875,2241.699951171875,-0.015156840673086758,-0.01810915425395898,0.65,5,Strong_Downtrend_HighVol,0.8584686517715454
Only_Downtrend,2026-06-04,2026-06-05,2026-06-12,2198.89990234375,2161.39990234375,-0.0170539822936141,-0.020000608718193313,0.65,5,Strong_Downtrend_HighVol,0.8592196702957153
Only_Downtrend,2026-06-25,2026-06-26,2026-07-06,2094.699951171875,2057.60009765625,-0.017711297264732195,-0.020655953223356782,0.65,5,Strong_Downtrend_HighVol,0.6594902873039246
Only_Downtrend,2026-07-07,2026-07-08,2026-07-15,2057.5,2189.199951171875,0.0640096968028554,0.060820061734264685,0.65,5,Strong_Downtrend_HighVol,0.7256317734718323
Only_Downtrend,2025-03-10,2025-03-11,2025-03-27,3575.300048828125,3651.199951171875,0.021228960173182543,0.018167571057823517,0.65,10,Strong_Downtrend_LowVol,0.6500667333602905
Only_Downtrend,2025-03-28,2025-04-01,2025-04-17,3550.800048828125,3298.89990234375,-0.07094179988183502,-0.07372688410123918,0.65,10,Strong_Downtrend_LowVol,0.8297224044799805
Only_Downtrend,2025-07-21,2025-07-22,2025-08-05,3159.60009765625,3063.89990234375,-0.030288705011589645,-0.033195657046141025,0.65,10,Strong_Downtrend_LowVol,0.6745085120201111
Only_Downtrend,2025-08-06,2025-08-07,2025-08-22,3047.0,3054.0,0.0022973416475220443,-0.000707295208401737,0.65,10,Strong_Downtrend_LowVol,0.8445695638656616
Only_Downtrend,2025-08-25,2025-08-26,2025-09-10,3157.199951171875,3110.0,-0.014949940422479546,-0.017902874238577948,0.65,10,Strong_Downtrend_LowVol,0.9323235154151917
Only_Downtrend,2025-09-11,2025-09-12,2025-09-26,3133.39990234375,2899.10009765625,-0.07477494478513458,-0.07754853819440488,0.65,10,Strong_Downtrend_LowVol,0.9385801553726196
Only_Downtrend,2025-09-29,2025-09-30,2025-10-15,2888.39990234375,2969.800048828125,0.02818174395391848,0.025099512130980717,0.65,10,Strong_Downtrend_LowVol,0.8976588845252991
Only_Downtrend,2025-10-16,2025-10-17,2025-11-03,2962.199951171875,3016.800048828125,0.01843227957472937,0.015379274208634275,0.65,10,Strong_Downtrend_HighVol,0.9064403772354126
Only_Downtrend,2025-11-04,2025-11-06,2025-11-20,3010.89990234375,3144.800048828125,0.04447180272587081,0.04134073737924937,0.65,10,Strong_Downtrend_LowVol,0.9166331887245178
Only_Downtrend,2025-11-21,2025-11-24,2025-12-08,3141.199951171875,3236.5,0.03033874007051729,0.027250042112471062,0.65,10,Strong_Downtrend_LowVol,0.6930298805236816
Only_Downtrend,2025-12-09,2025-12-10,2025-12-24,3189.199951171875,3319.0,0.040699877967961706,0.037580119908783516,0.65,10,Strong_Downtrend_LowVol,0.7751571536064148
Only_Downtrend,2026-01-15,2026-01-19,2026-02-03,3163.60009765625,3225.300048828125,0.019503081700365854,0.016446866337198607,0.65,10,Weak_Downtrend,0.7502520680427551
Only_Downtrend,2026-02-04,2026-02-05,2026-02-19,2991.5,2677.89990234375,-0.10483038531046296,-0.10751388002289841,0.65,10,Weak_Downtrend,0.829857349395752
Only_Downtrend,2026-02-20,2026-02-23,2026-03-10,2676.300048828125,2513.10009765625,-0.06097969143756343,-0.06379463956755638,0.65,10,Strong_Downtrend_HighVol,0.9061835408210754
Only_Downtrend,2026-03-11,2026-03-12,2026-03-27,2442.39990234375,2389.800048828125,-0.021536134793139206,-0.024469324845063034,0.65,10,Strong_Downtrend_HighVol,0.9290411472320556
Only_Downtrend,2026-03-30,2026-04-01,2026-04-17,2408.199951171875,2581.5,0.07196248332444077,0.06874900779005522,0.65,10,Strong_Downtrend_LowVol,0.96190083026886
Only_Downtrend,2026-04-20,2026-04-21,2026-05-06,2610.5,2435.39990234375,-0.06707531034524039,-0.0698719853336528,0.65,10,Strong_Downtrend_HighVol,0.9378635287284852
Only_Downtrend,2026-05-07,2026-05-08,2026-05-22,2394.39990234375,2317.300048828125,-0.032200073780556115,-0.03510129600938039,0.65,10,Strong_Downtrend_HighVol,0.8146358132362366
Only_Downtrend,2026-05-25,2026-05-26,2026-06-10,2276.199951171875,2153.89990234375,-0.053729923315902095,-0.056566604438281765,0.65,10,Strong_Downtrend_HighVol,0.8584686517715454
Only_Downtrend,2026-06-11,2026-06-12,2026-06-26,2161.39990234375,2094.699951171875,-0.030859606822202457,-0.033764847435851064,0.65,10,Strong_Downtrend_HighVol,0.8125454783439636
Only_Downtrend,2026-06-30,2026-07-01,2026-07-15,1982.5999755859373,2189.199951171875,0.10420658636640967,0.10089645107212997,0.65,10,Strong_Downtrend_HighVol,0.6709054708480835
Only_Downtrend,2025-03-10,2025-03-11,2025-04-04,3575.300048828125,3299.39990234375,-0.0771683894264501,-0.07993480788704688,0.65,15,Strong_Downtrend_LowVol,0.6500667333602905
Only_Downtrend,2025-04-07,2025-04-08,2025-05-05,3292.949951171875,3454.300048828125,0.0489986486429379,0.04585401294396885,0.65,15,Strong_Downtrend_HighVol,0.7494020462036133
Only_Downtrend,2025-07-21,2025-07-22,2025-08-12,3159.60009765625,3035.39990234375,-0.03930883386306705,-0.04218874580635401,0.65,15,Strong_Downtrend_LowVol,0.6745085120201111
Only_Downtrend,2025-08-13,2025-08-14,2025-09-08,3022.300048828125,3019.0,-0.001091899803067009,-0.004086376560432203,0.65,15,Strong_Downtrend_LowVol,0.961881697177887
Only_Downtrend,2025-09-09,2025-09-10,2025-10-01,3110.0,2914.199951171875,-0.06295821505727495,-0.06576723206808688,0.65,15,Strong_Downtrend_LowVol,0.9405473470687866
Only_Downtrend,2025-10-03,2025-10-06,2025-10-28,2988.39990234375,3057.89990234375,0.02325659291632709,0.02018912546491225,0.65,15,Strong_Downtrend_LowVol,0.8976588845252991
Only_Downtrend,2025-10-29,2025-10-30,2025-11-21,3035.300048828125,3150.60009765625,0.037986375967226094,0.03487475230867054,0.65,15,Strong_Downtrend_LowVol,0.9057490229606628
Only_Downtrend,2025-11-24,2025-11-25,2025-12-16,3119.199951171875,3205.10009765625,0.027539159986233797,0.024458854469385116,0.65,15,Strong_Downtrend_LowVol,0.7637892365455627
Only_Downtrend,2025-12-17,2025-12-18,2026-01-09,3280.800048828125,3207.800048828125,-0.02225067023699756,-0.025181718290294475,0.65,15,Strong_Downtrend_LowVol,0.8147631287574768
Only_Downtrend,2026-01-15,2026-01-19,2026-02-10,3163.60009765625,2984.60009765625,-0.05658110838111685,-0.05940924236346723,0.65,15,Weak_Downtrend,0.7502520680427551
Only_Downtrend,2026-02-11,2026-02-12,2026-03-06,2750.10009765625,2557.60009765625,-0.06999745215239861,-0.07278536729020868,0.65,15,Weak_Downtrend,0.9206467270851136
Only_Downtrend,2026-03-09,2026-03-10,2026-04-02,2513.10009765625,2450.699951171875,-0.024829948692680515,-0.02775326471398687,0.65,15,Strong_Downtrend_HighVol,0.9360578656196594
Only_Downtrend,2026-04-06,2026-04-07,2026-04-29,2539.800048828125,2474.699951171875,-0.025631977480387702,-0.02855288921989585,0.65,15,Strong_Downtrend_HighVol,0.9608452916145324
Only_Downtrend,2026-04-30,2026-05-01,2026-05-25,2473.89990234375,2308.199951171875,-0.0669792464177279,-0.06977620938177909,0.65,15,Strong_Downtrend_HighVol,0.8231854438781738
Only_Downtrend,2026-05-26,2026-05-27,2026-06-18,2284.199951171875,2203.300048828125,-0.03541717190837235,-0.03830875008128398,0.65,15,Strong_Downtrend_LowVol,0.906764030456543
Only_Downtrend,2026-06-25,2026-06-26,2026-07-20,2094.699951171875,2251.10009765625,0.07466470145133552,0.07144312534256003,0.65,15,Strong_Downtrend_HighVol,0.6594902873039246
Only_Downtrend,2025-03-10,2025-03-11,2025-04-15,3575.300048828125,3248.199951171875,-0.09148885217716585,-0.09421234147055169,0.65,20,Strong_Downtrend_LowVol,0.6500667333602905
Only_Downtrend,2025-04-16,2025-04-17,2025-05-19,3298.89990234375,3518.800048828125,0.06665862954136426,0.0634610536346567,0.65,20,Strong_Downtrend_HighVol,0.7580151557922363
Only_Downtrend,2025-07-21,2025-07-22,2025-08-20,3159.60009765625,3098.60009765625,-0.019306240699653365,-0.022246115416595824,0.65,20,Strong_Downtrend_LowVol,0.6745085120201111
Only_Downtrend,2025-08-21,2025-08-22,2025-09-22,3054.0,3073.800048828125,0.006483316577644116,0.0034661312153736468,0.65,20,Strong_Downtrend_LowVol,0.9486553072929382
Only_Downtrend,2025-09-23,2025-09-24,2025-10-24,3035.39990234375,3063.199951171875,0.009158611623680812,0.006133406395685936,0.65,20,Strong_Downtrend_LowVol,0.9309267401695251
Only_Downtrend,2025-10-27,2025-10-28,2025-11-26,3057.89990234375,3162.89990234375,0.03433729139384911,0.031236606778573206,0.65,20,Strong_Downtrend_LowVol,0.8857366442680359
Only_Downtrend,2025-11-27,2025-11-28,2025-12-29,3137.5,3251.5,0.03633466135458163,0.03322798912350611,0.65,20,Strong_Downtrend_LowVol,0.767988383769989
Only_Downtrend,2026-01-15,2026-01-19,2026-02-17,3163.60009765625,2717.39990234375,-0.1410419084393969,-0.14361685005837255,0.65,20,Weak_Downtrend,0.7502520680427551
Only_Downtrend,2026-02-18,2026-02-19,2026-03-20,2677.89990234375,2390.60009765625,-0.10728549055774994,-0.10996162547843036,0.65,20,Weak_Downtrend,0.9061835408210754
Only_Downtrend,2026-03-23,2026-03-24,2026-04-27,2398.800048828125,2447.60009765625,0.020343525027008758,0.01728479022485918,0.65,20,Strong_Downtrend_HighVol,0.96190083026886
Only_Downtrend,2026-04-28,2026-04-29,2026-05-28,2474.699951171875,2284.199951171875,-0.07697902927980838,-0.07974601539478465,0.65,20,Strong_Downtrend_HighVol,0.951697826385498
Only_Downtrend,2026-06-01,2026-06-02,2026-07-01,2446.89990234375,1982.5999755859373,-0.18975027393359467,-0.19217920004991018,0.65,20,Strong_Downtrend_LowVol,0.8653554916381836
Only_Downtrend,2026-07-02,2026-07-03,2026-07-31,2093.5,2365.60009765625,0.12997377485371397,0.12658639597014631,0.65,20,Strong_Downtrend_HighVol,0.7523013949394226
Only_Downtrend,2025-03-17,2025-03-18,2025-03-26,3497.699951171875,3635.800048828125,0.03948311735830301,0.03636700684324223,0.7,5,Strong_Downtrend_LowVol,0.7138921022415161
Only_Downtrend,2025-03-27,2025-03-28,2025-04-07,3606.14990234375,3274.050048828125,-0.09209263688672031,-0.09481431618449299,0.7,5,Strong_Downtrend_LowVol,0.8266884088516235
Only_Downtrend,2025-04-09,2025-04-11,2025-04-22,3231.5,3314.39990234375,0.02565369096201464,0.022579037609933517,0.7,5,Strong_Downtrend_HighVol,0.7965906858444214
Only_Downtrend,2025-07-28,2025-07-29,2025-08-05,3056.0,3063.89990234375,0.002585046578452266,-0.0004204527449283013,0.7,5,Strong_Downtrend_LowVol,0.8290425539016724
Only_Downtrend,2025-08-06,2025-08-07,2025-08-14,3047.0,3022.300048828125,-0.008106318074130314,-0.011079767359123527,0.7,5,Strong_Downtrend_LowVol,0.8445695638656616
Only_Downtrend,2025-08-18,2025-08-19,2025-08-26,3016.199951171875,3157.199951171875,0.046747563915720436,0.04360967640599234,0.7,5,Strong_Downtrend_LowVol,0.9680848121643066
Only_Downtrend,2025-08-28,2025-08-29,2025-09-05,3084.699951171875,3048.300048828125,-0.011800143586063072,-0.014762519705627919,0.7,5,Strong_Downtrend_LowVol,0.9416519999504088
Only_Downtrend,2025-09-08,2025-09-09,2025-09-16,3049.39990234375,3145.699951171875,0.031579999971177664,0.02848758102626414,0.7,5,Strong_Downtrend_LowVol,0.9642541408538818
Only_Downtrend,2025-09-17,2025-09-18,2025-09-25,3176.699951171875,2957.39990234375,-0.069033919538805,-0.07182472310650745,0.7,5,Strong_Downtrend_LowVol,0.9452230930328368
Only_Downtrend,2025-09-26,2025-09-29,2025-10-07,2896.10009765625,2973.699951171875,0.02679460339731521,0.023716529874981074,0.7,5,Strong_Downtrend_LowVol,0.9056479930877686
Only_Downtrend,2025-10-08,2025-10-09,2025-10-16,3061.699951171875,2970.699951171875,-0.029722050315599824,-0.03263070103926613,0.7,5,Strong_Downtrend_HighVol,0.9537609815597534
Only_Downtrend,2025-10-17,2025-10-20,2025-10-28,3015.199951171875,3057.89990234375,0.014161565356645589,0.011121362524097789,0.7,5,Strong_Downtrend_HighVol,0.899847149848938
Only_Downtrend,2025-10-29,2025-10-30,2025-11-07,3035.300048828125,2991.800048828125,-0.014331367344323831,-0.017286155487867272,0.7,5,Strong_Downtrend_LowVol,0.9057490229606628
Only_Downtrend,2025-11-10,2025-11-11,2025-11-18,3047.0,3087.10009765625,0.01316051777362981,0.010123315831474189,0.7,5,Strong_Downtrend_LowVol,0.9314300417900084
Only_Downtrend,2025-11-24,2025-11-25,2025-12-02,3119.199951171875,3135.699951171875,0.0052898179848333005,0.0022762104329692168,0.7,5,Strong_Downtrend_LowVol,0.7637892365455627
Only_Downtrend,2025-12-03,2025-12-04,2025-12-11,3229.199951171875,3191.89990234375,-0.011550863802840317,-0.014513987200875267,0.7,5,Strong_Downtrend_LowVol,0.7387662529945374
Only_Downtrend,2025-12-12,2025-12-15,2025-12-22,3230.199951171875,3324.89990234375,0.029317055477484866,0.026231420274427375,0.7,5,Strong_Downtrend_LowVol,0.8086299300193787
Only_Downtrend,2026-01-15,2026-01-19,2026-01-27,3163.60009765625,3158.0,-0.00177016610297831,-0.004762609587543043,0.7,5,Weak_Downtrend,0.7502520680427551
Only_Downtrend,2026-01-28,2026-01-29,2026-02-05,3144.39990234375,2991.5,-0.04862609944421592,-0.05147808055460701,0.7,5,Weak_Downtrend,0.8634419441223145
Only_Downtrend,2026-02-06,2026-02-09,2026-02-16,2948.199951171875,2706.60009765625,-0.08194825911301973,-0.08470034871926357,0.7,5,Weak_Downtrend,0.8884923458099365
Only_Downtrend,2026-02-17,2026-02-18,2026-02-25,2694.89990234375,2629.300048828125,-0.024342222677203318,-0.027267000779172657,0.7,5,Weak_Downtrend,0.9037685394287108
Only_Downtrend,2026-02-26,2026-02-27,2026-03-09,2637.39990234375,2527.39990234375,-0.0417077440179805,-0.044580464628350414,0.7,5,Strong_Downtrend_HighVol,0.8926447033882141
Only_Downtrend,2026-03-10,2026-03-11,2026-03-18,2464.89990234375,2440.800048828125,-0.00977721387092012,-0.012745654228038528,0.7,5,Strong_Downtrend_HighVol,0.9360578656196594
Only_Downtrend,2026-03-19,2026-03-20,2026-03-30,2390.60009765625,2358.89990234375,-0.013260350546952182,-0.0162183493311,0.7,5,Strong_Downtrend_HighVol,0.96190083026886
Only_Downtrend,2026-04-01,2026-04-02,2026-04-10,2450.699951171875,2524.300048828125,0.03003227613443893,0.026944496878656965,0.7,5,Strong_Downtrend_HighVol,0.96190083026886
Only_Downtrend,2026-04-13,2026-04-15,2026-04-22,2554.89990234375,2538.5,-0.006418999949354354,-0.009397507392256088,0.7,5,Strong_Downtrend_HighVol,0.9608955979347228
Only_Downtrend,2026-04-23,2026-04-24,2026-05-01,2396.89990234375,2473.89990234375,0.03212482921156101,0.029030777004792174,0.7,5,Strong_Downtrend_HighVol,0.9550465941429138
Only_Downtrend,2026-05-05,2026-05-06,2026-05-13,2435.39990234375,2272.800048828125,-0.06676515563589547,-0.06956276039058795,0.7,5,Strong_Downtrend_HighVol,0.8545153737068176
Only_Downtrend,2026-05-14,2026-05-15,2026-05-22,2264.0,2317.300048828125,0.023542424394048078,0.02047410009132089,0.7,5,Strong_Downtrend_HighVol,0.913777470588684
Only_Downtrend,2026-05-25,2026-05-26,2026-06-03,2276.199951171875,2241.699951171875,-0.015156840673086758,-0.01810915425395898,0.7,5,Strong_Downtrend_HighVol,0.8584686517715454
Only_Downtrend,2026-06-04,2026-06-05,2026-06-12,2198.89990234375,2161.39990234375,-0.0170539822936141,-0.020000608718193313,0.7,5,Strong_Downtrend_HighVol,0.8592196702957153
Only_Downtrend,2026-07-02,2026-07-03,2026-07-10,2093.5,2069.0,-0.011702889897301172,-0.014665557559111475,0.7,5,Strong_Downtrend_HighVol,0.7523013949394226
Only_Downtrend,2025-03-17,2025-03-18,2025-04-03,3497.699951171875,3403.14990234375,-0.027032063970051756,-0.02994877860028544,0.7,10,Strong_Downtrend_LowVol,0.7138921022415161
Only_Downtrend,2025-04-04,2025-04-07,2025-04-24,3274.050048828125,3401.60009765625,0.03895787997308675,0.035843343988397613,0.7,10,Strong_Downtrend_HighVol,0.7715306282043457
Only_Downtrend,2025-07-28,2025-07-29,2025-08-12,3056.0,3035.39990234375,-0.0067408696519142275,-0.009718412209915095,0.7,10,Strong_Downtrend_LowVol,0.8290425539016724
Only_Downtrend,2025-08-13,2025-08-14,2025-09-01,3022.300048828125,3112.60009765625,0.029877923227092706,0.026790606682738805,0.7,10,Strong_Downtrend_LowVol,0.961881697177887
Only_Downtrend,2025-09-02,2025-09-03,2025-09-17,3097.5,3172.800048828125,0.024309943124495526,0.021239317992494122,0.7,10,Strong_Downtrend_LowVol,0.9125065803527832
Only_Downtrend,2025-09-18,2025-09-19,2025-10-06,3169.199951171875,2988.39990234375,-0.05704911385009659,-0.0598758448690524,0.7,10,Strong_Downtrend_LowVol,0.9473724365234376
Only_Downtrend,2025-10-07,2025-10-08,2025-10-23,3027.199951171875,3073.199951171875,0.01519556049880122,0.012152258007315897,0.7,10,Strong_Downtrend_HighVol,0.9003349542617798
Only_Downtrend,2025-10-24,2025-10-27,2025-11-11,3084.89990234375,3047.0,-0.012285618186494651,-0.015246538974575952,0.7,10,Strong_Downtrend_HighVol,0.9039702415466307
Only_Downtrend,2025-11-13,2025-11-14,2025-11-28,3106.0,3137.5,0.010141661300708371,0.007113509135544316,0.7,10,Strong_Downtrend_LowVol,0.754712700843811
Only_Downtrend,2025-12-01,2025-12-02,2025-12-16,3135.699951171875,3205.10009765625,0.022132266340865625,0.01906816933944233,0.7,10,Strong_Downtrend_LowVol,0.7758002877235413
Only_Downtrend,2025-12-17,2025-12-18,2026-01-02,3280.800048828125,3250.699951171875,-0.009174621192474586,-0.012144867971794704,0.7,10,Strong_Downtrend_LowVol,0.8147631287574768
Only_Downtrend,2026-01-15,2026-01-19,2026-02-03,3163.60009765625,3225.300048828125,0.019503081700365854,0.016446866337198607,0.7,10,Weak_Downtrend,0.7502520680427551
Only_Downtrend,2026-02-04,2026-02-05,2026-02-19,2991.5,2677.89990234375,-0.10483038531046296,-0.10751388002289841,0.7,10,Weak_Downtrend,0.829857349395752
Only_Downtrend,2026-02-20,2026-02-23,2026-03-10,2676.300048828125,2513.10009765625,-0.06097969143756343,-0.06379463956755638,0.7,10,Strong_Downtrend_HighVol,0.9061835408210754
Only_Downtrend,2026-03-11,2026-03-12,2026-03-27,2442.39990234375,2389.800048828125,-0.021536134793139206,-0.024469324845063034,0.7,10,Strong_Downtrend_HighVol,0.9290411472320556
Only_Downtrend,2026-03-30,2026-04-01,2026-04-17,2408.199951171875,2581.5,0.07196248332444077,0.06874900779005522,0.7,10,Strong_Downtrend_LowVol,0.96190083026886
Only_Downtrend,2026-04-20,2026-04-21,2026-05-06,2610.5,2435.39990234375,-0.06707531034524039,-0.0698719853336528,0.7,10,Strong_Downtrend_HighVol,0.9378635287284852
Only_Downtrend,2026-05-07,2026-05-08,2026-05-22,2394.39990234375,2317.300048828125,-0.032200073780556115,-0.03510129600938039,0.7,10,Strong_Downtrend_HighVol,0.8146358132362366
Only_Downtrend,2026-05-25,2026-05-26,2026-06-10,2276.199951171875,2153.89990234375,-0.053729923315902095,-0.056566604438281765,0.7,10,Strong_Downtrend_HighVol,0.8584686517715454
Only_Downtrend,2026-06-11,2026-06-12,2026-06-26,2161.39990234375,2094.699951171875,-0.030859606822202457,-0.033764847435851064,0.7,10,Strong_Downtrend_HighVol,0.8125454783439636
Only_Downtrend,2026-07-02,2026-07-03,2026-07-17,2093.5,2269.0,0.08383090518270842,0.08058185108669713,0.7,10,Strong_Downtrend_HighVol,0.7523013949394226
Only_Downtrend,2025-03-17,2025-03-18,2025-04-11,3497.699951171875,3231.5,-0.07610714323356604,-0.07887674304493753,0.7,15,Strong_Downtrend_LowVol,0.7138921022415161
Only_Downtrend,2025-04-15,2025-04-16,2025-05-09,3273.800048828125,3440.300048828125,0.050858329011143955,0.047708118455350945,0.7,15,Strong_Downtrend_HighVol,0.7840416431427002
Only_Downtrend,2025-07-28,2025-07-29,2025-08-20,3056.0,3098.60009765625,0.013939822531495505,0.010900284428501772,0.7,15,Strong_Downtrend_LowVol,0.8290425539016724
Only_Downtrend,2025-08-21,2025-08-22,2025-09-15,3054.0,3111.89990234375,0.01895871065610666,0.01590412718123746,0.7,15,Strong_Downtrend_LowVol,0.9486553072929382
Only_Downtrend,2025-09-16,2025-09-17,2025-10-09,3172.800048828125,3061.699951171875,-0.035016419549440236,-0.03790919907773582,0.7,15,Strong_Downtrend_LowVol,0.939006507396698
Only_Downtrend,2025-10-10,2025-10-13,2025-11-04,3007.199951171875,2990.199951171875,-0.005653099320307997,-0.00863390274182052,0.7,15,Strong_Downtrend_HighVol,0.9537609815597534
Only_Downtrend,2025-11-06,2025-11-07,2025-11-28,2991.800048828125,3137.5,0.04869976228155526,0.04555602256917579,0.7,15,Strong_Downtrend_LowVol,0.9081805944442748
Only_Downtrend,2025-12-01,2025-12-02,2025-12-23,3135.699951171875,3310.0,0.05558569108724365,0.05242130908178688,0.7,15,Strong_Downtrend_LowVol,0.7758002877235413
Only_Downtrend,2026-01-15,2026-01-19,2026-02-10,3163.60009765625,2984.60009765625,-0.05658110838111685,-0.05940924236346723,0.7,15,Weak_Downtrend,0.7502520680427551
Only_Downtrend,2026-02-11,2026-02-12,2026-03-06,2750.10009765625,2557.60009765625,-0.06999745215239861,-0.07278536729020868,0.7,15,Weak_Downtrend,0.9206467270851136
Only_Downtrend,2026-03-09,2026-03-10,2026-04-02,2513.10009765625,2450.699951171875,-0.024829948692680515,-0.02775326471398687,0.7,15,Strong_Downtrend_HighVol,0.9360578656196594
Only_Downtrend,2026-04-06,2026-04-07,2026-04-29,2539.800048828125,2474.699951171875,-0.025631977480387702,-0.02855288921989585,0.7,15,Strong_Downtrend_HighVol,0.9608452916145324
Only_Downtrend,2026-04-30,2026-05-01,2026-05-25,2473.89990234375,2308.199951171875,-0.0669792464177279,-0.06977620938177909,0.7,15,Strong_Downtrend_HighVol,0.8231854438781738
Only_Downtrend,2026-05-26,2026-05-27,2026-06-18,2284.199951171875,2203.300048828125,-0.03541717190837235,-0.03830875008128398,0.7,15,Strong_Downtrend_LowVol,0.906764030456543
Only_Downtrend,2026-07-02,2026-07-03,2026-07-24,2093.5,2254.300048828125,0.07680919456800805,0.07358118980499206,0.7,15,Strong_Downtrend_HighVol,0.7523013949394226
Only_Downtrend,2025-03-17,2025-03-18,2025-04-22,3497.699951171875,3314.39990234375,-0.05240588140406721,-0.05524653167308813,0.7,20,Strong_Downtrend_LowVol,0.7138921022415161
Only_Downtrend,2025-07-28,2025-07-29,2025-08-28,3056.0,3093.699951171875,0.012336371456765471,0.009301640099231179,0.7,20,Strong_Downtrend_LowVol,0.8290425539016724
Only_Downtrend,2025-08-29,2025-09-01,2025-09-29,3112.60009765625,2896.10009765625,-0.06955599601857687,-0.07234523453151209,0.7,20,Strong_Downtrend_LowVol,0.9265365600585938
Only_Downtrend,2025-09-30,2025-10-01,2025-10-31,2914.199951171875,3058.0,0.04934460614835268,0.0461989333552717,0.7,20,Strong_Downtrend_LowVol,0.8965168595314026
Only_Downtrend,2025-11-03,2025-11-04,2025-12-03,2990.199951171875,3180.0,0.06347403248192185,0.060286003201049265,0.7,20,Strong_Downtrend_LowVol,0.924074113368988
Only_Downtrend,2025-12-08,2025-12-09,2026-01-07,3208.300048828125,3295.60009765625,0.027210687123859323,0.024131366286533895,0.7,20,Strong_Downtrend_LowVol,0.7933822870254517
Only_Downtrend,2026-01-15,2026-01-19,2026-02-17,3163.60009765625,2717.39990234375,-0.1410419084393969,-0.14361685005837255,0.7,20,Weak_Downtrend,0.7502520680427551
Only_Downtrend,2026-02-18,2026-02-19,2026-03-20,2677.89990234375,2390.60009765625,-0.10728549055774994,-0.10996162547843036,0.7,20,Weak_Downtrend,0.9061835408210754
Only_Downtrend,2026-03-23,2026-03-24,2026-04-27,2398.800048828125,2447.60009765625,0.020343525027008758,0.01728479022485918,0.7,20,Strong_Downtrend_HighVol,0.96190083026886
Only_Downtrend,2026-04-28,2026-04-29,2026-05-28,2474.699951171875,2284.199951171875,-0.07697902927980838,-0.07974601539478465,0.7,20,Strong_Downtrend_HighVol,0.951697826385498
Only_Downtrend,2026-06-01,2026-06-02,2026-07-01,2446.89990234375,1982.5999755859373,-0.18975027393359467,-0.19217920004991018,0.7,20,Strong_Downtrend_LowVol,0.8653554916381836
Only_Downtrend,2026-07-02,2026-07-03,2026-07-31,2093.5,2365.60009765625,0.12997377485371397,0.12658639597014631,0.7,20,Strong_Downtrend_HighVol,0.7523013949394226
Only_Downtrend,2025-03-24,2025-03-25,2025-04-02,3657.75,3543.949951171875,-0.031112035767377533,-0.0340165196621558,0.75,5,Strong_Downtrend_HighVol,0.7658523917198181
Only_Downtrend,2025-04-04,2025-04-07,2025-04-16,3274.050048828125,3273.800048828125,-7.63580263806185e-05,-0.0030738791241069485,0.75,5,Strong_Downtrend_HighVol,0.7715306282043457
Only_Downtrend,2025-07-28,2025-07-29,2025-08-05,3056.0,3063.89990234375,0.002585046578452266,-0.0004204527449283013,0.75,5,Strong_Downtrend_LowVol,0.8290425539016724
Only_Downtrend,2025-08-06,2025-08-07,2025-08-14,3047.0,3022.300048828125,-0.008106318074130314,-0.011079767359123527,0.75,5,Strong_Downtrend_LowVol,0.8445695638656616
Only_Downtrend,2025-08-18,2025-08-19,2025-08-26,3016.199951171875,3157.199951171875,0.046747563915720436,0.04360967640599234,0.75,5,Strong_Downtrend_LowVol,0.9680848121643066
Only_Downtrend,2025-08-28,2025-08-29,2025-09-05,3084.699951171875,3048.300048828125,-0.011800143586063072,-0.014762519705627919,0.75,5,Strong_Downtrend_LowVol,0.9416519999504088
Only_Downtrend,2025-09-08,2025-09-09,2025-09-16,3049.39990234375,3145.699951171875,0.031579999971177664,0.02848758102626414,0.75,5,Strong_Downtrend_LowVol,0.9642541408538818
Only_Downtrend,2025-09-17,2025-09-18,2025-09-25,3176.699951171875,2957.39990234375,-0.069033919538805,-0.07182472310650745,0.75,5,Strong_Downtrend_LowVol,0.9452230930328368
Only_Downtrend,2025-09-26,2025-09-29,2025-10-07,2896.10009765625,2973.699951171875,0.02679460339731521,0.023716529874981074,0.75,5,Strong_Downtrend_LowVol,0.9056479930877686
Only_Downtrend,2025-10-08,2025-10-09,2025-10-16,3061.699951171875,2970.699951171875,-0.029722050315599824,-0.03263070103926613,0.75,5,Strong_Downtrend_HighVol,0.9537609815597534
Only_Downtrend,2025-10-17,2025-10-20,2025-10-28,3015.199951171875,3057.89990234375,0.014161565356645589,0.011121362524097789,0.75,5,Strong_Downtrend_HighVol,0.899847149848938
Only_Downtrend,2025-10-29,2025-10-30,2025-11-07,3035.300048828125,2991.800048828125,-0.014331367344323831,-0.017286155487867272,0.75,5,Strong_Downtrend_LowVol,0.9057490229606628
Only_Downtrend,2025-11-10,2025-11-11,2025-11-18,3047.0,3087.10009765625,0.01316051777362981,0.010123315831474189,0.75,5,Strong_Downtrend_LowVol,0.9314300417900084
Only_Downtrend,2025-11-24,2025-11-25,2025-12-02,3119.199951171875,3135.699951171875,0.0052898179848333005,0.0022762104329692168,0.75,5,Strong_Downtrend_LowVol,0.7637892365455627
Only_Downtrend,2025-12-08,2025-12-09,2025-12-16,3208.300048828125,3205.10009765625,-0.0009973977256410027,-0.0039921577766087735,0.75,5,Strong_Downtrend_LowVol,0.7933822870254517
Only_Downtrend,2025-12-17,2025-12-18,2025-12-26,3280.800048828125,3280.0,-0.00024385784449454384,-0.0032408768196410254,0.75,5,Strong_Downtrend_LowVol,0.8147631287574768
Only_Downtrend,2026-01-15,2026-01-19,2026-01-27,3163.60009765625,3158.0,-0.00177016610297831,-0.004762609587543043,0.75,5,Weak_Downtrend,0.7502520680427551
Only_Downtrend,2026-01-28,2026-01-29,2026-02-05,3144.39990234375,2991.5,-0.04862609944421592,-0.05147808055460701,0.75,5,Weak_Downtrend,0.8634419441223145
Only_Downtrend,2026-02-06,2026-02-09,2026-02-16,2948.199951171875,2706.60009765625,-0.08194825911301973,-0.08470034871926357,0.75,5,Weak_Downtrend,0.8884923458099365
Only_Downtrend,2026-02-17,2026-02-18,2026-02-25,2694.89990234375,2629.300048828125,-0.024342222677203318,-0.027267000779172657,0.75,5,Weak_Downtrend,0.9037685394287108
Only_Downtrend,2026-02-26,2026-02-27,2026-03-09,2637.39990234375,2527.39990234375,-0.0417077440179805,-0.044580464628350414,0.75,5,Strong_Downtrend_HighVol,0.8926447033882141
Only_Downtrend,2026-03-10,2026-03-11,2026-03-18,2464.89990234375,2440.800048828125,-0.00977721387092012,-0.012745654228038528,0.75,5,Strong_Downtrend_HighVol,0.9360578656196594
Only_Downtrend,2026-03-19,2026-03-20,2026-03-30,2390.60009765625,2358.89990234375,-0.013260350546952182,-0.0162183493311,0.75,5,Strong_Downtrend_HighVol,0.96190083026886
Only_Downtrend,2026-04-01,2026-04-02,2026-04-10,2450.699951171875,2524.300048828125,0.03003227613443893,0.026944496878656965,0.75,5,Strong_Downtrend_HighVol,0.96190083026886
Only_Downtrend,2026-04-13,2026-04-15,2026-04-22,2554.89990234375,2538.5,-0.006418999949354354,-0.009397507392256088,0.75,5,Strong_Downtrend_HighVol,0.9608955979347228
Only_Downtrend,2026-04-23,2026-04-24,2026-05-01,2396.89990234375,2473.89990234375,0.03212482921156101,0.029030777004792174,0.75,5,Strong_Downtrend_HighVol,0.9550465941429138
Only_Downtrend,2026-05-05,2026-05-06,2026-05-13,2435.39990234375,2272.800048828125,-0.06676515563589547,-0.06956276039058795,0.75,5,Strong_Downtrend_HighVol,0.8545153737068176
Only_Downtrend,2026-05-14,2026-05-15,2026-05-22,2264.0,2317.300048828125,0.023542424394048078,0.02047410009132089,0.75,5,Strong_Downtrend_HighVol,0.913777470588684
Only_Downtrend,2026-05-25,2026-05-26,2026-06-03,2276.199951171875,2241.699951171875,-0.015156840673086758,-0.01810915425395898,0.75,5,Strong_Downtrend_HighVol,0.8584686517715454
Only_Downtrend,2026-06-04,2026-06-05,2026-06-12,2198.89990234375,2161.39990234375,-0.0170539822936141,-0.020000608718193313,0.75,5,Strong_Downtrend_HighVol,0.8592196702957153
Only_Downtrend,2026-07-02,2026-07-03,2026-07-10,2093.5,2069.0,-0.011702889897301172,-0.014665557559111475,0.75,5,Strong_Downtrend_HighVol,0.7523013949394226
Only_Downtrend,2025-03-24,2025-03-25,2025-04-09,3657.75,3246.60009765625,-0.1124051404124804,-0.1150659279028089,0.75,10,Strong_Downtrend_HighVol,0.7658523917198181
Only_Downtrend,2025-04-11,2025-04-15,2025-04-30,3248.199951171875,3453.699951171875,0.06326580970665319,0.0600784046256051,0.75,10,Strong_Downtrend_HighVol,0.7830226421356201
Only_Downtrend,2025-07-28,2025-07-29,2025-08-12,3056.0,3035.39990234375,-0.0067408696519142275,-0.009718412209915095,0.75,10,Strong_Downtrend_LowVol,0.8290425539016724
Only_Downtrend,2025-08-13,2025-08-14,2025-09-01,3022.300048828125,3112.60009765625,0.029877923227092706,0.026790606682738805,0.75,10,Strong_Downtrend_LowVol,0.961881697177887
Only_Downtrend,2025-09-02,2025-09-03,2025-09-17,3097.5,3172.800048828125,0.024309943124495526,0.021239317992494122,0.75,10,Strong_Downtrend_LowVol,0.9125065803527832
Only_Downtrend,2025-09-18,2025-09-19,2025-10-06,3169.199951171875,2988.39990234375,-0.05704911385009659,-0.0598758448690524,0.75,10,Strong_Downtrend_LowVol,0.9473724365234376
Only_Downtrend,2025-10-07,2025-10-08,2025-10-23,3027.199951171875,3073.199951171875,0.01519556049880122,0.012152258007315897,0.75,10,Strong_Downtrend_HighVol,0.9003349542617798
Only_Downtrend,2025-10-24,2025-10-27,2025-11-11,3084.89990234375,3047.0,-0.012285618186494651,-0.015246538974575952,0.75,10,Strong_Downtrend_HighVol,0.9039702415466307
Only_Downtrend,2025-11-13,2025-11-14,2025-11-28,3106.0,3137.5,0.010141661300708371,0.007113509135544316,0.75,10,Strong_Downtrend_LowVol,0.754712700843811
Only_Downtrend,2025-12-01,2025-12-02,2025-12-16,3135.699951171875,3205.10009765625,0.022132266340865625,0.01906816933944233,0.75,10,Strong_Downtrend_LowVol,0.7758002877235413
Only_Downtrend,2025-12-17,2025-12-18,2026-01-02,3280.800048828125,3250.699951171875,-0.009174621192474586,-0.012144867971794704,0.75,10,Strong_Downtrend_LowVol,0.8147631287574768
Only_Downtrend,2026-01-15,2026-01-19,2026-02-03,3163.60009765625,3225.300048828125,0.019503081700365854,0.016446866337198607,0.75,10,Weak_Downtrend,0.7502520680427551
Only_Downtrend,2026-02-04,2026-02-05,2026-02-19,2991.5,2677.89990234375,-0.10483038531046296,-0.10751388002289841,0.75,10,Weak_Downtrend,0.829857349395752
Only_Downtrend,2026-02-20,2026-02-23,2026-03-10,2676.300048828125,2513.10009765625,-0.06097969143756343,-0.06379463956755638,0.75,10,Strong_Downtrend_HighVol,0.9061835408210754
Only_Downtrend,2026-03-11,2026-03-12,2026-03-27,2442.39990234375,2389.800048828125,-0.021536134793139206,-0.024469324845063034,0.75,10,Strong_Downtrend_HighVol,0.9290411472320556
Only_Downtrend,2026-03-30,2026-04-01,2026-04-17,2408.199951171875,2581.5,0.07196248332444077,0.06874900779005522,0.75,10,Strong_Downtrend_LowVol,0.96190083026886
Only_Downtrend,2026-04-20,2026-04-21,2026-05-06,2610.5,2435.39990234375,-0.06707531034524039,-0.0698719853336528,0.75,10,Strong_Downtrend_HighVol,0.9378635287284852
Only_Downtrend,2026-05-07,2026-05-08,2026-05-22,2394.39990234375,2317.300048828125,-0.032200073780556115,-0.03510129600938039,0.75,10,Strong_Downtrend_HighVol,0.8146358132362366
Only_Downtrend,2026-05-25,2026-05-26,2026-06-10,2276.199951171875,2153.89990234375,-0.053729923315902095,-0.056566604438281765,0.75,10,Strong_Downtrend_HighVol,0.8584686517715454
Only_Downtrend,2026-06-11,2026-06-12,2026-06-26,2161.39990234375,2094.699951171875,-0.030859606822202457,-0.033764847435851064,0.75,10,Strong_Downtrend_HighVol,0.8125454783439636
Only_Downtrend,2026-07-02,2026-07-03,2026-07-17,2093.5,2269.0,0.08383090518270842,0.08058185108669713,0.75,10,Strong_Downtrend_HighVol,0.7523013949394226
Only_Downtrend,2025-03-24,2025-03-25,2025-04-21,3657.75,3321.60009765625,-0.09190073196466408,-0.09462298654541701,0.75,15,Strong_Downtrend_HighVol,0.7658523917198181
Only_Downtrend,2025-07-28,2025-07-29,2025-08-20,3056.0,3098.60009765625,0.013939822531495505,0.010900284428501772,0.75,15,Strong_Downtrend_LowVol,0.8290425539016724
Only_Downtrend,2025-08-21,2025-08-22,2025-09-15,3054.0,3111.89990234375,0.01895871065610666,0.01590412718123746,0.75,15,Strong_Downtrend_LowVol,0.9486553072929382
Only_Downtrend,2025-09-16,2025-09-17,2025-10-09,3172.800048828125,3061.699951171875,-0.035016419549440236,-0.03790919907773582,0.75,15,Strong_Downtrend_LowVol,0.939006507396698
Only_Downtrend,2025-10-10,2025-10-13,2025-11-04,3007.199951171875,2990.199951171875,-0.005653099320307997,-0.00863390274182052,0.75,15,Strong_Downtrend_HighVol,0.9537609815597534
Only_Downtrend,2025-11-06,2025-11-07,2025-11-28,2991.800048828125,3137.5,0.04869976228155526,0.04555602256917579,0.75,15,Strong_Downtrend_LowVol,0.9081805944442748
Only_Downtrend,2025-12-01,2025-12-02,2025-12-23,3135.699951171875,3310.0,0.05558569108724365,0.05242130908178688,0.75,15,Strong_Downtrend_LowVol,0.7758002877235413
Only_Downtrend,2026-01-15,2026-01-19,2026-02-10,3163.60009765625,2984.60009765625,-0.05658110838111685,-0.05940924236346723,0.75,15,Weak_Downtrend,0.7502520680427551
Only_Downtrend,2026-02-11,2026-02-12,2026-03-06,2750.10009765625,2557.60009765625,-0.06999745215239861,-0.07278536729020868,0.75,15,Weak_Downtrend,0.9206467270851136
Only_Downtrend,2026-03-09,2026-03-10,2026-04-02,2513.10009765625,2450.699951171875,-0.024829948692680515,-0.02775326471398687,0.75,15,Strong_Downtrend_HighVol,0.9360578656196594
Only_Downtrend,2026-04-06,2026-04-07,2026-04-29,2539.800048828125,2474.699951171875,-0.025631977480387702,-0.02855288921989585,0.75,15,Strong_Downtrend_HighVol,0.9608452916145324
Only_Downtrend,2026-04-30,2026-05-01,2026-05-25,2473.89990234375,2308.199951171875,-0.0669792464177279,-0.06977620938177909,0.75,15,Strong_Downtrend_HighVol,0.8231854438781738
Only_Downtrend,2026-05-26,2026-05-27,2026-06-18,2284.199951171875,2203.300048828125,-0.03541717190837235,-0.03830875008128398,0.75,15,Strong_Downtrend_LowVol,0.906764030456543
Only_Downtrend,2026-07-02,2026-07-03,2026-07-24,2093.5,2254.300048828125,0.07680919456800805,0.07358118980499206,0.75,15,Strong_Downtrend_HighVol,0.7523013949394226
Only_Downtrend,2025-03-24,2025-03-25,2025-04-28,3657.75,3443.5,-0.058574260132595146,-0.06139641914428251,0.75,20,Strong_Downtrend_HighVol,0.7658523917198181
Only_Downtrend,2025-07-28,2025-07-29,2025-08-28,3056.0,3093.699951171875,0.012336371456765471,0.009301640099231179,0.75,20,Strong_Downtrend_LowVol,0.8290425539016724
Only_Downtrend,2025-08-29,2025-09-01,2025-09-29,3112.60009765625,2896.10009765625,-0.06955599601857687,-0.07234523453151209,0.75,20,Strong_Downtrend_LowVol,0.9265365600585938
Only_Downtrend,2025-09-30,2025-10-01,2025-10-31,2914.199951171875,3058.0,0.04934460614835268,0.0461989333552717,0.75,20,Strong_Downtrend_LowVol,0.8965168595314026
Only_Downtrend,2025-11-03,2025-11-04,2025-12-03,2990.199951171875,3180.0,0.06347403248192185,0.060286003201049265,0.75,20,Strong_Downtrend_LowVol,0.924074113368988
Only_Downtrend,2025-12-08,2025-12-09,2026-01-07,3208.300048828125,3295.60009765625,0.027210687123859323,0.024131366286533895,0.75,20,Strong_Downtrend_LowVol,0.7933822870254517
Only_Downtrend,2026-01-15,2026-01-19,2026-02-17,3163.60009765625,2717.39990234375,-0.1410419084393969,-0.14361685005837255,0.75,20,Weak_Downtrend,0.7502520680427551
Only_Downtrend,2026-02-18,2026-02-19,2026-03-20,2677.89990234375,2390.60009765625,-0.10728549055774994,-0.10996162547843036,0.75,20,Weak_Downtrend,0.9061835408210754
Only_Downtrend,2026-03-23,2026-03-24,2026-04-27,2398.800048828125,2447.60009765625,0.020343525027008758,0.01728479022485918,0.75,20,Strong_Downtrend_HighVol,0.96190083026886
Only_Downtrend,2026-04-28,2026-04-29,2026-05-28,2474.699951171875,2284.199951171875,-0.07697902927980838,-0.07974601539478465,0.75,20,Strong_Downtrend_HighVol,0.951697826385498
Only_Downtrend,2026-06-01,2026-06-02,2026-07-01,2446.89990234375,1982.5999755859373,-0.18975027393359467,-0.19217920004991018,0.75,20,Strong_Downtrend_LowVol,0.8653554916381836
Only_Downtrend,2026-07-02,2026-07-03,2026-07-31,2093.5,2365.60009765625,0.12997377485371397,0.12658639597014631,0.75,20,Strong_Downtrend_HighVol,0.7523013949394226
Only_Downtrend,2025-03-25,2025-03-26,2025-04-03,3635.800048828125,3403.14990234375,-0.06398870767366915,-0.06679463552524034,0.8,5,Strong_Downtrend_HighVol,0.8238682150840759
Only_Downtrend,2025-07-28,2025-07-29,2025-08-05,3056.0,3063.89990234375,0.002585046578452266,-0.0004204527449283013,0.8,5,Strong_Downtrend_LowVol,0.8290425539016724
Only_Downtrend,2025-08-06,2025-08-07,2025-08-14,3047.0,3022.300048828125,-0.008106318074130314,-0.011079767359123527,0.8,5,Strong_Downtrend_LowVol,0.8445695638656616
Only_Downtrend,2025-08-18,2025-08-19,2025-08-26,3016.199951171875,3157.199951171875,0.046747563915720436,0.04360967640599234,0.8,5,Strong_Downtrend_LowVol,0.9680848121643066
Only_Downtrend,2025-08-28,2025-08-29,2025-09-05,3084.699951171875,3048.300048828125,-0.011800143586063072,-0.014762519705627919,0.8,5,Strong_Downtrend_LowVol,0.9416519999504088
Only_Downtrend,2025-09-08,2025-09-09,2025-09-16,3049.39990234375,3145.699951171875,0.031579999971177664,0.02848758102626414,0.8,5,Strong_Downtrend_LowVol,0.9642541408538818
Only_Downtrend,2025-09-17,2025-09-18,2025-09-25,3176.699951171875,2957.39990234375,-0.069033919538805,-0.07182472310650745,0.8,5,Strong_Downtrend_LowVol,0.9452230930328368
Only_Downtrend,2025-09-26,2025-09-29,2025-10-07,2896.10009765625,2973.699951171875,0.02679460339731521,0.023716529874981074,0.8,5,Strong_Downtrend_LowVol,0.9056479930877686
Only_Downtrend,2025-10-08,2025-10-09,2025-10-16,3061.699951171875,2970.699951171875,-0.029722050315599824,-0.03263070103926613,0.8,5,Strong_Downtrend_HighVol,0.9537609815597534
Only_Downtrend,2025-10-17,2025-10-20,2025-10-28,3015.199951171875,3057.89990234375,0.014161565356645589,0.011121362524097789,0.8,5,Strong_Downtrend_HighVol,0.899847149848938
Only_Downtrend,2025-10-29,2025-10-30,2025-11-07,3035.300048828125,2991.800048828125,-0.014331367344323831,-0.017286155487867272,0.8,5,Strong_Downtrend_LowVol,0.9057490229606628
Only_Downtrend,2025-11-10,2025-11-11,2025-11-18,3047.0,3087.10009765625,0.01316051777362981,0.010123315831474189,0.8,5,Strong_Downtrend_LowVol,0.9314300417900084
Only_Downtrend,2025-11-25,2025-11-26,2025-12-03,3162.89990234375,3180.0,0.005406461849639443,0.0023925046286297214,0.8,5,Strong_Downtrend_LowVol,0.8794887065887451
Only_Downtrend,2025-12-12,2025-12-15,2025-12-22,3230.199951171875,3324.89990234375,0.029317055477484866,0.026231420274427375,0.8,5,Strong_Downtrend_LowVol,0.8086299300193787
Only_Downtrend,2026-01-19,2026-01-20,2026-01-28,3102.300048828125,3200.10009765625,0.03152501282558684,0.028432758718389017,0.8,5,Weak_Downtrend,0.8143543601036072
Only_Downtrend,2026-01-29,2026-01-30,2026-02-06,3123.89990234375,2941.60009765625,-0.058356480804883315,-0.061179292664550355,0.8,5,Weak_Downtrend,0.8116010427474976
Only_Downtrend,2026-02-09,2026-02-10,2026-02-17,2984.60009765625,2717.39990234375,-0.08952629718210059,-0.09225566972472288,0.8,5,Weak_Downtrend,0.8861578702926636
Only_Downtrend,2026-02-18,2026-02-19,2026-02-26,2677.89990234375,2647.699951171875,-0.011277475735909093,-0.014241418683021645,0.8,5,Weak_Downtrend,0.9061835408210754
Only_Downtrend,2026-02-27,2026-03-02,2026-03-10,2613.5,2513.10009765625,-0.03841587998612972,-0.04129846878190113,0.8,5,Strong_Downtrend_HighVol,0.8926447033882141
Only_Downtrend,2026-03-11,2026-03-12,2026-03-19,2442.39990234375,2356.0,-0.03537500237403379,-0.03826670696066692,0.8,5,Strong_Downtrend_HighVol,0.9290411472320556
Only_Downtrend,2026-03-20,2026-03-23,2026-04-01,2383.800048828125,2408.199951171875,0.010235716857101673,0.007207282736893417,0.8,5,Strong_Downtrend_HighVol,0.96190083026886
Only_Downtrend,2026-04-02,2026-04-06,2026-04-13,2473.89990234375,2472.60009765625,-0.0005254071461292531,-0.0035215821068568243,0.8,5,Strong_Downtrend_HighVol,0.9625139236450196
Only_Downtrend,2026-04-15,2026-04-16,2026-04-23,2576.89990234375,2521.800048828125,-0.021382225000478483,-0.024315876435483164,0.8,5,Strong_Downtrend_HighVol,0.940226435661316
Only_Downtrend,2026-04-24,2026-04-27,2026-05-05,2447.60009765625,2427.300048828125,-0.00829385848103359,-0.011266745566771985,0.8,5,Strong_Downtrend_HighVol,0.954090416431427
Only_Downtrend,2026-05-06,2026-05-07,2026-05-14,2401.39990234375,2246.0,-0.06471221315203712,-0.06751597211506055,0.8,5,Strong_Downtrend_HighVol,0.8325524926185608
Only_Downtrend,2026-05-15,2026-05-18,2026-05-25,2283.199951171875,2308.199951171875,0.010949544733113825,0.007918970735390385,0.8,5,Strong_Downtrend_HighVol,0.9114082455635072
Only_Downtrend,2026-05-26,2026-05-27,2026-06-04,2284.199951171875,2241.0,-0.01891250857864346,-0.02185356360605173,0.8,5,Strong_Downtrend_LowVol,0.906764030456543
Only_Downtrend,2026-06-05,2026-06-08,2026-06-15,2151.39990234375,2162.0,0.004927069878873924,0.0019145497551447122,0.8,5,Strong_Downtrend_HighVol,0.850580632686615
Only_Downtrend,2025-03-25,2025-03-26,2025-04-11,3635.800048828125,3231.5,-0.11119974789549747,-0.11386414885124363,0.8,10,Strong_Downtrend_HighVol,0.8238682150840759
Only_Downtrend,2025-07-28,2025-07-29,2025-08-12,3056.0,3035.39990234375,-0.0067408696519142275,-0.009718412209915095,0.8,10,Strong_Downtrend_LowVol,0.8290425539016724
Only_Downtrend,2025-08-13,2025-08-14,2025-09-01,3022.300048828125,3112.60009765625,0.029877923227092706,0.026790606682738805,0.8,10,Strong_Downtrend_LowVol,0.961881697177887
Only_Downtrend,2025-09-02,2025-09-03,2025-09-17,3097.5,3172.800048828125,0.024309943124495526,0.021239317992494122,0.8,10,Strong_Downtrend_LowVol,0.9125065803527832
Only_Downtrend,2025-09-18,2025-09-19,2025-10-06,3169.199951171875,2988.39990234375,-0.05704911385009659,-0.0598758448690524,0.8,10,Strong_Downtrend_LowVol,0.9473724365234376
Only_Downtrend,2025-10-07,2025-10-08,2025-10-23,3027.199951171875,3073.199951171875,0.01519556049880122,0.012152258007315897,0.8,10,Strong_Downtrend_HighVol,0.9003349542617798
Only_Downtrend,2025-10-24,2025-10-27,2025-11-11,3084.89990234375,3047.0,-0.012285618186494651,-0.015246538974575952,0.8,10,Strong_Downtrend_HighVol,0.9039702415466307
Only_Downtrend,2025-11-18,2025-11-19,2025-12-03,3147.699951171875,3180.0,0.010261476420616145,0.007232965079676301,0.8,10,Strong_Downtrend_LowVol,0.8338319659233093
Only_Downtrend,2025-12-12,2025-12-15,2025-12-30,3230.199951171875,3246.800048828125,0.005139030991015758,0.002125875460862403,0.8,10,Strong_Downtrend_LowVol,0.8086299300193787
Only_Downtrend,2026-01-19,2026-01-20,2026-02-04,3102.300048828125,2999.10009765625,-0.03326562535782385,-0.0361636533294073,0.8,10,Weak_Downtrend,0.8143543601036072
Only_Downtrend,2026-02-05,2026-02-06,2026-02-20,2941.60009765625,2686.199951171875,-0.08682354433149075,-0.08956101905147096,0.8,10,Weak_Downtrend,0.8451917171478271
Only_Downtrend,2026-02-23,2026-02-24,2026-03-11,2573.699951171875,2464.89990234375,-0.042273789055552236,-0.04514481280441085,0.8,10,Strong_Downtrend_HighVol,0.904740273952484
Only_Downtrend,2026-03-12,2026-03-13,2026-03-30,2410.5,2358.89990234375,-0.021406387743725386,-0.024339966744866492,0.8,10,Strong_Downtrend_HighVol,0.9290411472320556
Only_Downtrend,2026-04-01,2026-04-02,2026-04-20,2450.699951171875,2579.60009765625,0.05259727794205804,0.04944185445210736,0.8,10,Strong_Downtrend_HighVol,0.96190083026886
Only_Downtrend,2026-04-21,2026-04-22,2026-05-07,2538.5,2401.39990234375,-0.05400831107199133,-0.05684415765747519,0.8,10,Strong_Downtrend_HighVol,0.9321734309196472
Only_Downtrend,2026-05-08,2026-05-11,2026-05-25,2392.89990234375,2308.199951171875,-0.03539636199947804,-0.038288002555294076,0.8,10,Strong_Downtrend_HighVol,0.8204987049102783
Only_Downtrend,2026-05-26,2026-05-27,2026-06-11,2284.199951171875,2135.60009765625,-0.06505553659581687,-0.06785826636098669,0.8,10,Strong_Downtrend_LowVol,0.906764030456543
Only_Downtrend,2025-03-25,2025-03-26,2025-04-22,3635.800048828125,3314.39990234375,-0.08839874090104793,-0.09113149357551176,0.8,15,Strong_Downtrend_HighVol,0.8238682150840759
Only_Downtrend,2025-07-28,2025-07-29,2025-08-20,3056.0,3098.60009765625,0.013939822531495505,0.010900284428501772,0.8,15,Strong_Downtrend_LowVol,0.8290425539016724
Only_Downtrend,2025-08-21,2025-08-22,2025-09-15,3054.0,3111.89990234375,0.01895871065610666,0.01590412718123746,0.8,15,Strong_Downtrend_LowVol,0.9486553072929382
Only_Downtrend,2025-09-16,2025-09-17,2025-10-09,3172.800048828125,3061.699951171875,-0.035016419549440236,-0.03790919907773582,0.8,15,Strong_Downtrend_LowVol,0.939006507396698
Only_Downtrend,2025-10-10,2025-10-13,2025-11-04,3007.199951171875,2990.199951171875,-0.005653099320307997,-0.00863390274182052,0.8,15,Strong_Downtrend_HighVol,0.9537609815597534
Only_Downtrend,2025-11-06,2025-11-07,2025-11-28,2991.800048828125,3137.5,0.04869976228155526,0.04555602256917579,0.8,15,Strong_Downtrend_LowVol,0.9081805944442748
Only_Downtrend,2025-12-12,2025-12-15,2026-01-06,3230.199951171875,3255.800048828125,0.007925236221665743,0.004903728344782365,0.8,15,Strong_Downtrend_LowVol,0.8086299300193787
Only_Downtrend,2026-01-19,2026-01-20,2026-02-11,3102.300048828125,2909.800048828125,-0.06205073557366436,-0.06486247298109826,0.8,15,Weak_Downtrend,0.8143543601036072
Only_Downtrend,2026-02-12,2026-02-13,2026-03-09,2692.199951171875,2527.39990234375,-0.061213896373629284,-0.06402814241577515,0.8,15,Weak_Downtrend,0.9065052270889282
Only_Downtrend,2026-03-10,2026-03-11,2026-04-06,2464.89990234375,2473.89990234375,0.0036512638876096126,0.0006425683112907254,0.8,15,Strong_Downtrend_HighVol,0.9360578656196594
Only_Downtrend,2026-04-07,2026-04-08,2026-04-30,2559.199951171875,2473.89990234375,-0.03333074806799119,-0.03622858081797031,0.8,15,Strong_Downtrend_HighVol,0.9489715695381165
Only_Downtrend,2026-05-01,2026-05-05,2026-05-26,2427.300048828125,2276.199951171875,-0.06225027586894316,-0.06506141510445695,0.8,15,Strong_Downtrend_HighVol,0.8313239216804504
Only_Downtrend,2026-05-27,2026-05-28,2026-06-19,2284.199951171875,2125.0,-0.06969615382847716,-0.07248497218333771,0.8,15,Strong_Downtrend_LowVol,0.869499146938324
Only_Downtrend,2025-03-25,2025-03-26,2025-04-29,3635.800048828125,3472.5,-0.044914474568192864,-0.04777758220205586,0.8,20,Strong_Downtrend_HighVol,0.8238682150840759
Only_Downtrend,2025-07-28,2025-07-29,2025-08-28,3056.0,3093.699951171875,0.012336371456765471,0.009301640099231179,0.8,20,Strong_Downtrend_LowVol,0.8290425539016724
Only_Downtrend,2025-08-29,2025-09-01,2025-09-29,3112.60009765625,2896.10009765625,-0.06955599601857687,-0.07234523453151209,0.8,20,Strong_Downtrend_LowVol,0.9265365600585938
Only_Downtrend,2025-09-30,2025-10-01,2025-10-31,2914.199951171875,3058.0,0.04934460614835268,0.0461989333552717,0.8,20,Strong_Downtrend_LowVol,0.8965168595314026
Only_Downtrend,2025-11-03,2025-11-04,2025-12-03,2990.199951171875,3180.0,0.06347403248192185,0.060286003201049265,0.8,20,Strong_Downtrend_LowVol,0.924074113368988
Only_Downtrend,2025-12-12,2025-12-15,2026-01-13,3230.199951171875,3268.0,0.011702077084860152,0.008669247183278994,0.8,20,Strong_Downtrend_LowVol,0.8086299300193787
Only_Downtrend,2026-01-19,2026-01-20,2026-02-18,3102.300048828125,2694.89990234375,-0.13132196759570947,-0.13392604716734935,0.8,20,Weak_Downtrend,0.8143543601036072
Only_Downtrend,2026-02-19,2026-02-20,2026-03-23,2686.199951171875,2383.800048828125,-0.11257535099419003,-0.11523562823574707,0.8,20,Weak_Downtrend,0.904740273952484
Only_Downtrend,2026-03-24,2026-03-25,2026-04-28,2377.39990234375,2444.699951171875,0.0283082575892164,0.025225646510028454,0.8,20,Strong_Downtrend_HighVol,0.96190083026886
Only_Downtrend,2026-04-29,2026-04-30,2026-06-01,2473.89990234375,2297.39990234375,-0.0713448429472775,-0.07412871894433226,0.8,20,Strong_Downtrend_HighVol,0.9518266320228576
Only_Downtrend,2026-06-02,2026-06-03,2026-07-02,2241.699951171875,2068.10009765625,-0.07744116398132306,-0.08020676473199795,0.8,20,Strong_Downtrend_HighVol,0.8069612979888916
Only_Uptrend,2025-02-13,2025-02-14,2025-02-21,3934.85009765625,3786.0,-0.03782865775367428,-0.0407130068948931,0.6,5,Weak_Uptrend,0.6079674363136292
Only_Uptrend,2025-02-13,2025-02-14,2025-03-03,3934.85009765625,3493.050048828125,-0.1122787495999602,-0.11493991597834685,0.6,10,Weak_Uptrend,0.6079674363136292
Only_Uptrend,2025-02-13,2025-02-14,2025-03-10,3934.85009765625,3589.64990234375,-0.08772893166072948,-0.09046369225584339,0.6,15,Weak_Uptrend,0.6079674363136292
Only_Uptrend,2025-02-13,2025-02-14,2025-03-18,3934.85009765625,3497.699951171875,-0.11109702673165589,-0.11376173561977099,0.6,20,Weak_Uptrend,0.6079674363136292
Exclude_Bad_Downtrend,2025-02-13,2025-02-14,2025-02-21,3934.85009765625,3786.0,-0.03782865775367428,-0.0407130068948931,0.6,5,Weak_Uptrend,0.6079674363136292
Exclude_Bad_Downtrend,2025-02-24,2025-02-25,2025-03-05,3629.550048828125,3547.050048828125,-0.022730090201301123,-0.0256597010734001,0.6,5,Weak_Downtrend,0.6087058782577515
Exclude_Bad_Downtrend,2025-03-20,2025-03-21,2025-03-28,3578.10009765625,3606.14990234375,0.007839301283346867,0.004818051017924985,0.6,5,Strong_Downtrend_HighVol,0.7291584610939026
Exclude_Bad_Downtrend,2025-04-03,2025-04-04,2025-04-15,3299.39990234375,3248.199951171875,-0.015517958624992612,-0.018469189664524488,0.6,5,Strong_Downtrend_HighVol,0.7419236898422241
Exclude_Bad_Downtrend,2025-04-16,2025-04-17,2025-04-25,3298.89990234375,3448.0,0.045196914750374795,0.0420636756991819,0.6,5,Strong_Downtrend_HighVol,0.7580151557922363
Exclude_Bad_Downtrend,2025-09-22,2025-09-23,2025-09-30,3062.39990234375,2888.39990234375,-0.056818183630045316,-0.05964560692006826,0.6,5,Strong_Downtrend_HighVol,0.931107461452484
Exclude_Bad_Downtrend,2025-10-06,2025-10-07,2025-10-14,2973.699951171875,2960.300048828125,-0.004506137997705273,-0.007490379722522533,0.6,5,Strong_Downtrend_HighVol,0.9090251922607422
Exclude_Bad_Downtrend,2025-10-15,2025-10-16,2025-10-24,2970.699951171875,3063.199951171875,0.03113744286544695,0.02804635059609706,0.6,5,Strong_Downtrend_HighVol,0.8992742300033569
Exclude_Bad_Downtrend,2026-01-09,2026-01-12,2026-01-20,3239.60009765625,3102.300048828125,-0.042381789322533114,-0.04525248931359138,0.6,5,Weak_Downtrend,0.622557520866394
Exclude_Bad_Downtrend,2026-01-21,2026-01-22,2026-01-30,3150.39990234375,3123.89990234375,-0.008411630529916336,-0.011384164564495203,0.6,5,Weak_Downtrend,0.7445148229598999
Exclude_Bad_Downtrend,2026-02-02,2026-02-03,2026-02-10,3225.300048828125,2984.60009765625,-0.07462870043961667,-0.07740273225287375,0.6,5,Weak_Downtrend,0.8409143090248108
Exclude_Bad_Downtrend,2026-02-11,2026-02-12,2026-02-19,2750.10009765625,2677.89990234375,-0.02625366086639247,-0.02917270895453017,0.6,5,Weak_Downtrend,0.9206467270851136
Exclude_Bad_Downtrend,2026-02-20,2026-02-23,2026-03-02,2676.300048828125,2613.5,-0.023465249666465238,-0.026392656714277485,0.6,5,Strong_Downtrend_HighVol,0.9061835408210754
Exclude_Bad_Downtrend,2026-03-04,2026-03-05,2026-03-12,2578.800048828125,2442.39990234375,-0.05289287416694399,-0.055732064553409955,0.6,5,Strong_Downtrend_HighVol,0.9367881417274476
Exclude_Bad_Downtrend,2026-03-19,2026-03-20,2026-03-30,2390.60009765625,2358.89990234375,-0.013260350546952182,-0.0162183493311,0.6,5,Strong_Downtrend_HighVol,0.96190083026886
Exclude_Bad_Downtrend,2026-04-01,2026-04-02,2026-04-10,2450.699951171875,2524.300048828125,0.03003227613443893,0.026944496878656965,0.6,5,Strong_Downtrend_HighVol,0.96190083026886
Exclude_Bad_Downtrend,2026-04-13,2026-04-15,2026-04-22,2554.89990234375,2538.5,-0.006418999949354354,-0.009397507392256088,0.6,5,Strong_Downtrend_HighVol,0.9608955979347228
Exclude_Bad_Downtrend,2026-04-23,2026-04-24,2026-05-01,2396.89990234375,2473.89990234375,0.03212482921156101,0.029030777004792174,0.6,5,Strong_Downtrend_HighVol,0.9550465941429138
Exclude_Bad_Downtrend,2026-05-05,2026-05-06,2026-05-13,2435.39990234375,2272.800048828125,-0.06676515563589547,-0.06956276039058795,0.6,5,Strong_Downtrend_HighVol,0.8545153737068176
Exclude_Bad_Downtrend,2026-05-14,2026-05-15,2026-05-22,2264.0,2317.300048828125,0.023542424394048078,0.02047410009132089,0.6,5,Strong_Downtrend_HighVol,0.913777470588684
Exclude_Bad_Downtrend,2026-05-25,2026-05-26,2026-06-03,2276.199951171875,2241.699951171875,-0.015156840673086758,-0.01810915425395898,0.6,5,Strong_Downtrend_HighVol,0.8584686517715454
Exclude_Bad_Downtrend,2026-06-04,2026-06-05,2026-06-12,2198.89990234375,2161.39990234375,-0.0170539822936141,-0.020000608718193313,0.6,5,Strong_Downtrend_HighVol,0.8592196702957153
Exclude_Bad_Downtrend,2026-06-15,2026-06-16,2026-06-23,2199.0,2059.60009765625,-0.06339240670475221,-0.06620012211755288,0.6,5,Strong_Downtrend_HighVol,0.612230658531189
Exclude_Bad_Downtrend,2026-06-24,2026-06-25,2026-07-03,2094.699951171875,2093.5,-0.000572851100322791,-0.003568883835936676,0.6,5,Strong_Downtrend_HighVol,0.605434775352478
Exclude_Bad_Downtrend,2026-07-06,2026-07-07,2026-07-14,2096.10009765625,2200.60009765625,0.04985448935231984,0.046707288056864193,0.6,5,Strong_Downtrend_HighVol,0.7293938994407654
Exclude_Bad_Downtrend,2025-02-13,2025-02-14,2025-03-03,3934.85009765625,3493.050048828125,-0.1122787495999602,-0.11493991597834685,0.6,10,Weak_Uptrend,0.6079674363136292
Exclude_Bad_Downtrend,2025-03-20,2025-03-21,2025-04-07,3578.10009765625,3274.050048828125,-0.08497527752990641,-0.08771829289169109,0.6,10,Strong_Downtrend_HighVol,0.7291584610939026
Exclude_Bad_Downtrend,2025-04-08,2025-04-09,2025-04-28,3246.60009765625,3443.5,0.060648030684744336,0.057468473050759306,0.6,10,Strong_Downtrend_HighVol,0.6423513889312744
Exclude_Bad_Downtrend,2025-09-22,2025-09-23,2025-10-08,3062.39990234375,3027.199951171875,-0.011494237295702425,-0.014457530445849187,0.6,10,Strong_Downtrend_HighVol,0.931107461452484
Exclude_Bad_Downtrend,2025-10-09,2025-10-10,2025-10-27,3028.300048828125,3084.89990234375,0.01869030565102947,0.015636526787264016,0.6,10,Strong_Downtrend_HighVol,0.9453299045562744
Exclude_Bad_Downtrend,2026-01-09,2026-01-12,2026-01-28,3239.60009765625,3200.10009765625,-0.012192862948910532,-0.015154061794005358,0.6,10,Weak_Downtrend,0.622557520866394
Exclude_Bad_Downtrend,2026-01-29,2026-01-30,2026-02-13,3123.89990234375,2692.199951171875,-0.13819263250015978,-0.14077611553608238,0.6,10,Weak_Downtrend,0.8116010427474976
Exclude_Bad_Downtrend,2026-02-16,2026-02-17,2026-03-04,2717.39990234375,2587.800048828125,-0.04769259519139801,-0.05054737471416293,0.6,10,Weak_Downtrend,0.9061835408210754
Exclude_Bad_Downtrend,2026-03-05,2026-03-06,2026-03-20,2557.60009765625,2390.60009765625,-0.06529558712209804,-0.06809759727580267,0.6,10,Strong_Downtrend_HighVol,0.9367881417274476
Exclude_Bad_Downtrend,2026-03-23,2026-03-24,2026-04-10,2398.800048828125,2524.300048828125,0.052317824514515054,0.049163238756076755,0.6,10,Strong_Downtrend_HighVol,0.96190083026886
Exclude_Bad_Downtrend,2026-04-13,2026-04-15,2026-04-29,2554.89990234375,2474.699951171875,-0.03139064317091378,-0.03429429187034816,0.6,10,Strong_Downtrend_HighVol,0.9608955979347228
Exclude_Bad_Downtrend,2026-04-30,2026-05-01,2026-05-18,2473.89990234375,2283.199951171875,-0.07708474825161993,-0.07985141744754853,0.6,10,Strong_Downtrend_HighVol,0.8231854438781738
Exclude_Bad_Downtrend,2026-05-19,2026-05-20,2026-06-04,2327.39990234375,2241.0,-0.0371229294358667,-0.04000939417415017,0.6,10,Strong_Downtrend_HighVol,0.8093663454055786
Exclude_Bad_Downtrend,2026-06-05,2026-06-08,2026-06-22,2151.39990234375,2127.800048828125,-0.010969533599920256,-0.013934399680570975,0.6,10,Strong_Downtrend_HighVol,0.850580632686615
Exclude_Bad_Downtrend,2026-06-24,2026-06-25,2026-07-10,2094.699951171875,2069.0,-0.0122690369842694,-0.015230007478649665,0.6,10,Strong_Downtrend_HighVol,0.605434775352478
Exclude_Bad_Downtrend,2025-02-13,2025-02-14,2025-03-10,3934.85009765625,3589.64990234375,-0.08772893166072948,-0.09046369225584339,0.6,15,Weak_Uptrend,0.6079674363136292
Exclude_Bad_Downtrend,2025-03-20,2025-03-21,2025-04-16,3578.10009765625,3273.800048828125,-0.08504514701180366,-0.08778795292234898,0.6,15,Strong_Downtrend_HighVol,0.7291584610939026
Exclude_Bad_Downtrend,2025-04-17,2025-04-21,2025-05-13,3321.60009765625,3515.0,0.05822492071824503,0.055052626962162066,0.6,15,Strong_Downtrend_HighVol,0.6399140357971191
Exclude_Bad_Downtrend,2025-09-22,2025-09-23,2025-10-15,3062.39990234375,2969.800048828125,-0.030237675179115353,-0.03314478018834699,0.6,15,Strong_Downtrend_HighVol,0.931107461452484
Exclude_Bad_Downtrend,2025-10-16,2025-10-17,2025-11-11,2962.199951171875,3047.0,0.028627388503796647,0.025543820749909463,0.6,15,Strong_Downtrend_HighVol,0.9064403772354126
Exclude_Bad_Downtrend,2026-01-09,2026-01-12,2026-02-04,3239.60009765625,2999.10009765625,-0.07423755795475939,-0.07701276231540044,0.6,15,Weak_Downtrend,0.622557520866394
Exclude_Bad_Downtrend,2026-02-05,2026-02-06,2026-02-27,2941.60009765625,2637.39990234375,-0.103413171475917,-0.10610091464112503,0.6,15,Weak_Downtrend,0.8451917171478271
Exclude_Bad_Downtrend,2026-03-02,2026-03-04,2026-03-25,2587.800048828125,2377.39990234375,-0.0813046381151642,-0.08405865713625438,0.6,15,Strong_Downtrend_HighVol,0.8926447033882141
Exclude_Bad_Downtrend,2026-04-01,2026-04-02,2026-04-27,2450.699951171875,2447.60009765625,-0.001264884962413615,-0.004258843153517433,0.6,15,Strong_Downtrend_HighVol,0.96190083026886
Exclude_Bad_Downtrend,2026-04-28,2026-04-29,2026-05-21,2474.699951171875,2327.199951171875,-0.05960318540037657,-0.06242225995134243,0.6,15,Strong_Downtrend_HighVol,0.951697826385498
Exclude_Bad_Downtrend,2026-05-22,2026-05-25,2026-06-16,2308.199951171875,2199.0,-0.047309571736380174,-0.05016549946770732,0.6,15,Strong_Downtrend_HighVol,0.8180279731750488
Exclude_Bad_Downtrend,2026-06-17,2026-06-18,2026-07-10,2203.300048828125,2069.0,-0.06095404432072493,-0.06376906933436233,0.6,15,Strong_Downtrend_HighVol,0.6384183764457703
Exclude_Bad_Downtrend,2025-02-13,2025-02-14,2025-03-18,3934.85009765625,3497.699951171875,-0.11109702673165589,-0.11376173561977099,0.6,20,Weak_Uptrend,0.6079674363136292
Exclude_Bad_Downtrend,2025-03-20,2025-03-21,2025-04-24,3578.10009765625,3401.60009765625,-0.04932785421950947,-0.05217773164452277,0.6,20,Strong_Downtrend_HighVol,0.7291584610939026
Exclude_Bad_Downtrend,2025-09-22,2025-09-23,2025-10-23,3062.39990234375,3073.199951171875,0.0035266618248843695,0.0005183397743988571,0.6,20,Strong_Downtrend_HighVol,0.931107461452484
Exclude_Bad_Downtrend,2025-10-24,2025-10-27,2025-11-25,3084.89990234375,3119.199951171875,0.011118691015570947,0.008087609959579245,0.6,20,Strong_Downtrend_HighVol,0.9039702415466307
Exclude_Bad_Downtrend,2026-01-09,2026-01-12,2026-02-11,3239.60009765625,2909.800048828125,-0.10180270369380628,-0.10449527463880814,0.6,20,Weak_Downtrend,0.622557520866394
Exclude_Bad_Downtrend,2026-02-12,2026-02-13,2026-03-16,2692.199951171875,2409.199951171875,-0.10511849236042603,-0.10780112339995251,0.6,20,Weak_Downtrend,0.9065052270889282
Exclude_Bad_Downtrend,2026-03-19,2026-03-20,2026-04-23,2390.60009765625,2521.800048828125,0.054881597010099537,0.051719325702662466,0.6,20,Strong_Downtrend_HighVol,0.96190083026886
Exclude_Bad_Downtrend,2026-04-24,2026-04-27,2026-05-26,2447.60009765625,2276.199951171875,-0.07002783937151447,-0.0728156634160384,0.6,20,Strong_Downtrend_HighVol,0.954090416431427
Exclude_Bad_Downtrend,2026-06-02,2026-06-03,2026-07-02,2241.699951171875,2068.10009765625,-0.07744116398132306,-0.08020676473199795,0.6,20,Strong_Downtrend_HighVol,0.8069612979888916
Exclude_Bad_Downtrend,2026-07-03,2026-07-06,2026-08-03,2057.60009765625,2473.699951171875,0.20222581345597312,0.19862184102368552,0.6,20,Strong_Downtrend_HighVol,0.7317826747894287
Exclude_Bad_Downtrend,2025-03-20,2025-03-21,2025-03-28,3578.10009765625,3606.14990234375,0.007839301283346867,0.004818051017924985,0.65,5,Strong_Downtrend_HighVol,0.7291584610939026
Exclude_Bad_Downtrend,2025-04-03,2025-04-04,2025-04-15,3299.39990234375,3248.199951171875,-0.015517958624992612,-0.018469189664524488,0.65,5,Strong_Downtrend_HighVol,0.7419236898422241
Exclude_Bad_Downtrend,2025-04-16,2025-04-17,2025-04-25,3298.89990234375,3448.0,0.045196914750374795,0.0420636756991819,0.65,5,Strong_Downtrend_HighVol,0.7580151557922363
Exclude_Bad_Downtrend,2025-09-22,2025-09-23,2025-09-30,3062.39990234375,2888.39990234375,-0.056818183630045316,-0.05964560692006826,0.65,5,Strong_Downtrend_HighVol,0.931107461452484
Exclude_Bad_Downtrend,2025-10-06,2025-10-07,2025-10-14,2973.699951171875,2960.300048828125,-0.004506137997705273,-0.007490379722522533,0.65,5,Strong_Downtrend_HighVol,0.9090251922607422
Exclude_Bad_Downtrend,2025-10-15,2025-10-16,2025-10-24,2970.699951171875,3063.199951171875,0.03113744286544695,0.02804635059609706,0.65,5,Strong_Downtrend_HighVol,0.8992742300033569
Exclude_Bad_Downtrend,2026-01-15,2026-01-19,2026-01-27,3163.60009765625,3158.0,-0.00177016610297831,-0.004762609587543043,0.65,5,Weak_Downtrend,0.7502520680427551
Exclude_Bad_Downtrend,2026-01-28,2026-01-29,2026-02-05,3144.39990234375,2991.5,-0.04862609944421592,-0.05147808055460701,0.65,5,Weak_Downtrend,0.8634419441223145
Exclude_Bad_Downtrend,2026-02-06,2026-02-09,2026-02-16,2948.199951171875,2706.60009765625,-0.08194825911301973,-0.08470034871926357,0.65,5,Weak_Downtrend,0.8884923458099365
Exclude_Bad_Downtrend,2026-02-17,2026-02-18,2026-02-25,2694.89990234375,2629.300048828125,-0.024342222677203318,-0.027267000779172657,0.65,5,Weak_Downtrend,0.9037685394287108
Exclude_Bad_Downtrend,2026-02-26,2026-02-27,2026-03-09,2637.39990234375,2527.39990234375,-0.0417077440179805,-0.044580464628350414,0.65,5,Strong_Downtrend_HighVol,0.8926447033882141
Exclude_Bad_Downtrend,2026-03-10,2026-03-11,2026-03-18,2464.89990234375,2440.800048828125,-0.00977721387092012,-0.012745654228038528,0.65,5,Strong_Downtrend_HighVol,0.9360578656196594
Exclude_Bad_Downtrend,2026-03-19,2026-03-20,2026-03-30,2390.60009765625,2358.89990234375,-0.013260350546952182,-0.0162183493311,0.65,5,Strong_Downtrend_HighVol,0.96190083026886
Exclude_Bad_Downtrend,2026-04-01,2026-04-02,2026-04-10,2450.699951171875,2524.300048828125,0.03003227613443893,0.026944496878656965,0.65,5,Strong_Downtrend_HighVol,0.96190083026886
Exclude_Bad_Downtrend,2026-04-13,2026-04-15,2026-04-22,2554.89990234375,2538.5,-0.006418999949354354,-0.009397507392256088,0.65,5,Strong_Downtrend_HighVol,0.9608955979347228
Exclude_Bad_Downtrend,2026-04-23,2026-04-24,2026-05-01,2396.89990234375,2473.89990234375,0.03212482921156101,0.029030777004792174,0.65,5,Strong_Downtrend_HighVol,0.9550465941429138
Exclude_Bad_Downtrend,2026-05-05,2026-05-06,2026-05-13,2435.39990234375,2272.800048828125,-0.06676515563589547,-0.06956276039058795,0.65,5,Strong_Downtrend_HighVol,0.8545153737068176
Exclude_Bad_Downtrend,2026-05-14,2026-05-15,2026-05-22,2264.0,2317.300048828125,0.023542424394048078,0.02047410009132089,0.65,5,Strong_Downtrend_HighVol,0.913777470588684
Exclude_Bad_Downtrend,2026-05-25,2026-05-26,2026-06-03,2276.199951171875,2241.699951171875,-0.015156840673086758,-0.01810915425395898,0.65,5,Strong_Downtrend_HighVol,0.8584686517715454
Exclude_Bad_Downtrend,2026-06-04,2026-06-05,2026-06-12,2198.89990234375,2161.39990234375,-0.0170539822936141,-0.020000608718193313,0.65,5,Strong_Downtrend_HighVol,0.8592196702957153
Exclude_Bad_Downtrend,2026-06-25,2026-06-26,2026-07-06,2094.699951171875,2057.60009765625,-0.017711297264732195,-0.020655953223356782,0.65,5,Strong_Downtrend_HighVol,0.6594902873039246
Exclude_Bad_Downtrend,2026-07-07,2026-07-08,2026-07-15,2057.5,2189.199951171875,0.0640096968028554,0.060820061734264685,0.65,5,Strong_Downtrend_HighVol,0.7256317734718323
Exclude_Bad_Downtrend,2025-03-20,2025-03-21,2025-04-07,3578.10009765625,3274.050048828125,-0.08497527752990641,-0.08771829289169109,0.65,10,Strong_Downtrend_HighVol,0.7291584610939026
Exclude_Bad_Downtrend,2025-04-09,2025-04-11,2025-04-29,3231.5,3472.5,0.0745783691784001,0.07135705187219576,0.65,10,Strong_Downtrend_HighVol,0.7965906858444214
Exclude_Bad_Downtrend,2025-09-22,2025-09-23,2025-10-08,3062.39990234375,3027.199951171875,-0.011494237295702425,-0.014457530445849187,0.65,10,Strong_Downtrend_HighVol,0.931107461452484
Exclude_Bad_Downtrend,2025-10-09,2025-10-10,2025-10-27,3028.300048828125,3084.89990234375,0.01869030565102947,0.015636526787264016,0.65,10,Strong_Downtrend_HighVol,0.9453299045562744
Exclude_Bad_Downtrend,2026-01-15,2026-01-19,2026-02-03,3163.60009765625,3225.300048828125,0.019503081700365854,0.016446866337198607,0.65,10,Weak_Downtrend,0.7502520680427551
Exclude_Bad_Downtrend,2026-02-04,2026-02-05,2026-02-19,2991.5,2677.89990234375,-0.10483038531046296,-0.10751388002289841,0.65,10,Weak_Downtrend,0.829857349395752
Exclude_Bad_Downtrend,2026-02-20,2026-02-23,2026-03-10,2676.300048828125,2513.10009765625,-0.06097969143756343,-0.06379463956755638,0.65,10,Strong_Downtrend_HighVol,0.9061835408210754
Exclude_Bad_Downtrend,2026-03-11,2026-03-12,2026-03-27,2442.39990234375,2389.800048828125,-0.021536134793139206,-0.024469324845063034,0.65,10,Strong_Downtrend_HighVol,0.9290411472320556
Exclude_Bad_Downtrend,2026-04-01,2026-04-02,2026-04-20,2450.699951171875,2579.60009765625,0.05259727794205804,0.04944185445210736,0.65,10,Strong_Downtrend_HighVol,0.96190083026886
Exclude_Bad_Downtrend,2026-04-21,2026-04-22,2026-05-07,2538.5,2401.39990234375,-0.05400831107199133,-0.05684415765747519,0.65,10,Strong_Downtrend_HighVol,0.9321734309196472
Exclude_Bad_Downtrend,2026-05-08,2026-05-11,2026-05-25,2392.89990234375,2308.199951171875,-0.03539636199947804,-0.038288002555294076,0.65,10,Strong_Downtrend_HighVol,0.8204987049102783
Exclude_Bad_Downtrend,2026-06-02,2026-06-03,2026-06-17,2241.699951171875,2223.0,-0.008341861792029448,-0.011314604975842357,0.65,10,Strong_Downtrend_HighVol,0.8069612979888916
Exclude_Bad_Downtrend,2026-06-25,2026-06-26,2026-07-13,2094.699951171875,2181.5,0.04143793901344428,0.03831596843176688,0.65,10,Strong_Downtrend_HighVol,0.6594902873039246
Exclude_Bad_Downtrend,2025-03-20,2025-03-21,2025-04-16,3578.10009765625,3273.800048828125,-0.08504514701180366,-0.08778795292234898,0.65,15,Strong_Downtrend_HighVol,0.7291584610939026
Exclude_Bad_Downtrend,2025-09-22,2025-09-23,2025-10-15,3062.39990234375,2969.800048828125,-0.030237675179115353,-0.03314478018834699,0.65,15,Strong_Downtrend_HighVol,0.931107461452484
Exclude_Bad_Downtrend,2025-10-16,2025-10-17,2025-11-11,2962.199951171875,3047.0,0.028627388503796647,0.025543820749909463,0.65,15,Strong_Downtrend_HighVol,0.9064403772354126
Exclude_Bad_Downtrend,2026-01-15,2026-01-19,2026-02-10,3163.60009765625,2984.60009765625,-0.05658110838111685,-0.05940924236346723,0.65,15,Weak_Downtrend,0.7502520680427551
Exclude_Bad_Downtrend,2026-02-11,2026-02-12,2026-03-06,2750.10009765625,2557.60009765625,-0.06999745215239861,-0.07278536729020868,0.65,15,Weak_Downtrend,0.9206467270851136
Exclude_Bad_Downtrend,2026-03-09,2026-03-10,2026-04-02,2513.10009765625,2450.699951171875,-0.024829948692680515,-0.02775326471398687,0.65,15,Strong_Downtrend_HighVol,0.9360578656196594
Exclude_Bad_Downtrend,2026-04-06,2026-04-07,2026-04-29,2539.800048828125,2474.699951171875,-0.025631977480387702,-0.02855288921989585,0.65,15,Strong_Downtrend_HighVol,0.9608452916145324
Exclude_Bad_Downtrend,2026-04-30,2026-05-01,2026-05-25,2473.89990234375,2308.199951171875,-0.0669792464177279,-0.06977620938177909,0.65,15,Strong_Downtrend_HighVol,0.8231854438781738
Exclude_Bad_Downtrend,2026-06-02,2026-06-03,2026-06-24,2241.699951171875,2109.0,-0.05919612528987417,-0.062016420105286296,0.65,15,Strong_Downtrend_HighVol,0.8069612979888916
Exclude_Bad_Downtrend,2026-06-25,2026-06-26,2026-07-20,2094.699951171875,2251.10009765625,0.07466470145133552,0.07144312534256003,0.65,15,Strong_Downtrend_HighVol,0.6594902873039246
Exclude_Bad_Downtrend,2025-03-20,2025-03-21,2025-04-24,3578.10009765625,3401.60009765625,-0.04932785421950947,-0.05217773164452277,0.65,20,Strong_Downtrend_HighVol,0.7291584610939026
Exclude_Bad_Downtrend,2025-09-22,2025-09-23,2025-10-23,3062.39990234375,3073.199951171875,0.0035266618248843695,0.0005183397743988571,0.65,20,Strong_Downtrend_HighVol,0.931107461452484
Exclude_Bad_Downtrend,2025-10-24,2025-10-27,2025-11-25,3084.89990234375,3119.199951171875,0.011118691015570947,0.008087609959579245,0.65,20,Strong_Downtrend_HighVol,0.9039702415466307
Exclude_Bad_Downtrend,2026-01-15,2026-01-19,2026-02-17,3163.60009765625,2717.39990234375,-0.1410419084393969,-0.14361685005837255,0.65,20,Weak_Downtrend,0.7502520680427551
Exclude_Bad_Downtrend,2026-02-18,2026-02-19,2026-03-20,2677.89990234375,2390.60009765625,-0.10728549055774994,-0.10996162547843036,0.65,20,Weak_Downtrend,0.9061835408210754
Exclude_Bad_Downtrend,2026-03-23,2026-03-24,2026-04-27,2398.800048828125,2447.60009765625,0.020343525027008758,0.01728479022485918,0.65,20,Strong_Downtrend_HighVol,0.96190083026886
Exclude_Bad_Downtrend,2026-04-28,2026-04-29,2026-05-28,2474.699951171875,2284.199951171875,-0.07697902927980838,-0.07974601539478465,0.65,20,Strong_Downtrend_HighVol,0.951697826385498
Exclude_Bad_Downtrend,2026-06-02,2026-06-03,2026-07-02,2241.699951171875,2068.10009765625,-0.07744116398132306,-0.08020676473199795,0.65,20,Strong_Downtrend_HighVol,0.8069612979888916
Exclude_Bad_Downtrend,2026-07-03,2026-07-06,2026-08-03,2057.60009765625,2473.699951171875,0.20222581345597312,0.19862184102368552,0.65,20,Strong_Downtrend_HighVol,0.7317826747894287
Exclude_Bad_Downtrend,2025-03-20,2025-03-21,2025-03-28,3578.10009765625,3606.14990234375,0.007839301283346867,0.004818051017924985,0.7,5,Strong_Downtrend_HighVol,0.7291584610939026
Exclude_Bad_Downtrend,2025-04-03,2025-04-04,2025-04-15,3299.39990234375,3248.199951171875,-0.015517958624992612,-0.018469189664524488,0.7,5,Strong_Downtrend_HighVol,0.7419236898422241
Exclude_Bad_Downtrend,2025-04-16,2025-04-17,2025-04-25,3298.89990234375,3448.0,0.045196914750374795,0.0420636756991819,0.7,5,Strong_Downtrend_HighVol,0.7580151557922363
Exclude_Bad_Downtrend,2025-09-22,2025-09-23,2025-09-30,3062.39990234375,2888.39990234375,-0.056818183630045316,-0.05964560692006826,0.7,5,Strong_Downtrend_HighVol,0.931107461452484
Exclude_Bad_Downtrend,2025-10-06,2025-10-07,2025-10-14,2973.699951171875,2960.300048828125,-0.004506137997705273,-0.007490379722522533,0.7,5,Strong_Downtrend_HighVol,0.9090251922607422
Exclude_Bad_Downtrend,2025-10-15,2025-10-16,2025-10-24,2970.699951171875,3063.199951171875,0.03113744286544695,0.02804635059609706,0.7,5,Strong_Downtrend_HighVol,0.8992742300033569
Exclude_Bad_Downtrend,2026-01-15,2026-01-19,2026-01-27,3163.60009765625,3158.0,-0.00177016610297831,-0.004762609587543043,0.7,5,Weak_Downtrend,0.7502520680427551
Exclude_Bad_Downtrend,2026-01-28,2026-01-29,2026-02-05,3144.39990234375,2991.5,-0.04862609944421592,-0.05147808055460701,0.7,5,Weak_Downtrend,0.8634419441223145
Exclude_Bad_Downtrend,2026-02-06,2026-02-09,2026-02-16,2948.199951171875,2706.60009765625,-0.08194825911301973,-0.08470034871926357,0.7,5,Weak_Downtrend,0.8884923458099365
Exclude_Bad_Downtrend,2026-02-17,2026-02-18,2026-02-25,2694.89990234375,2629.300048828125,-0.024342222677203318,-0.027267000779172657,0.7,5,Weak_Downtrend,0.9037685394287108
Exclude_Bad_Downtrend,2026-02-26,2026-02-27,2026-03-09,2637.39990234375,2527.39990234375,-0.0417077440179805,-0.044580464628350414,0.7,5,Strong_Downtrend_HighVol,0.8926447033882141
Exclude_Bad_Downtrend,2026-03-10,2026-03-11,2026-03-18,2464.89990234375,2440.800048828125,-0.00977721387092012,-0.012745654228038528,0.7,5,Strong_Downtrend_HighVol,0.9360578656196594
Exclude_Bad_Downtrend,2026-03-19,2026-03-20,2026-03-30,2390.60009765625,2358.89990234375,-0.013260350546952182,-0.0162183493311,0.7,5,Strong_Downtrend_HighVol,0.96190083026886
Exclude_Bad_Downtrend,2026-04-01,2026-04-02,2026-04-10,2450.699951171875,2524.300048828125,0.03003227613443893,0.026944496878656965,0.7,5,Strong_Downtrend_HighVol,0.96190083026886
Exclude_Bad_Downtrend,2026-04-13,2026-04-15,2026-04-22,2554.89990234375,2538.5,-0.006418999949354354,-0.009397507392256088,0.7,5,Strong_Downtrend_HighVol,0.9608955979347228
Exclude_Bad_Downtrend,2026-04-23,2026-04-24,2026-05-01,2396.89990234375,2473.89990234375,0.03212482921156101,0.029030777004792174,0.7,5,Strong_Downtrend_HighVol,0.9550465941429138
Exclude_Bad_Downtrend,2026-05-05,2026-05-06,2026-05-13,2435.39990234375,2272.800048828125,-0.06676515563589547,-0.06956276039058795,0.7,5,Strong_Downtrend_HighVol,0.8545153737068176
Exclude_Bad_Downtrend,2026-05-14,2026-05-15,2026-05-22,2264.0,2317.300048828125,0.023542424394048078,0.02047410009132089,0.7,5,Strong_Downtrend_HighVol,0.913777470588684
Exclude_Bad_Downtrend,2026-05-25,2026-05-26,2026-06-03,2276.199951171875,2241.699951171875,-0.015156840673086758,-0.01810915425395898,0.7,5,Strong_Downtrend_HighVol,0.8584686517715454
Exclude_Bad_Downtrend,2026-06-04,2026-06-05,2026-06-12,2198.89990234375,2161.39990234375,-0.0170539822936141,-0.020000608718193313,0.7,5,Strong_Downtrend_HighVol,0.8592196702957153
Exclude_Bad_Downtrend,2026-07-02,2026-07-03,2026-07-10,2093.5,2069.0,-0.011702889897301172,-0.014665557559111475,0.7,5,Strong_Downtrend_HighVol,0.7523013949394226
Exclude_Bad_Downtrend,2025-03-20,2025-03-21,2025-04-07,3578.10009765625,3274.050048828125,-0.08497527752990641,-0.08771829289169109,0.7,10,Strong_Downtrend_HighVol,0.7291584610939026
Exclude_Bad_Downtrend,2025-04-09,2025-04-11,2025-04-29,3231.5,3472.5,0.0745783691784001,0.07135705187219576,0.7,10,Strong_Downtrend_HighVol,0.7965906858444214
Exclude_Bad_Downtrend,2025-09-22,2025-09-23,2025-10-08,3062.39990234375,3027.199951171875,-0.011494237295702425,-0.014457530445849187,0.7,10,Strong_Downtrend_HighVol,0.931107461452484
Exclude_Bad_Downtrend,2025-10-09,2025-10-10,2025-10-27,3028.300048828125,3084.89990234375,0.01869030565102947,0.015636526787264016,0.7,10,Strong_Downtrend_HighVol,0.9453299045562744
Exclude_Bad_Downtrend,2026-01-15,2026-01-19,2026-02-03,3163.60009765625,3225.300048828125,0.019503081700365854,0.016446866337198607,0.7,10,Weak_Downtrend,0.7502520680427551
Exclude_Bad_Downtrend,2026-02-04,2026-02-05,2026-02-19,2991.5,2677.89990234375,-0.10483038531046296,-0.10751388002289841,0.7,10,Weak_Downtrend,0.829857349395752
Exclude_Bad_Downtrend,2026-02-20,2026-02-23,2026-03-10,2676.300048828125,2513.10009765625,-0.06097969143756343,-0.06379463956755638,0.7,10,Strong_Downtrend_HighVol,0.9061835408210754
Exclude_Bad_Downtrend,2026-03-11,2026-03-12,2026-03-27,2442.39990234375,2389.800048828125,-0.021536134793139206,-0.024469324845063034,0.7,10,Strong_Downtrend_HighVol,0.9290411472320556
Exclude_Bad_Downtrend,2026-04-01,2026-04-02,2026-04-20,2450.699951171875,2579.60009765625,0.05259727794205804,0.04944185445210736,0.7,10,Strong_Downtrend_HighVol,0.96190083026886
Exclude_Bad_Downtrend,2026-04-21,2026-04-22,2026-05-07,2538.5,2401.39990234375,-0.05400831107199133,-0.05684415765747519,0.7,10,Strong_Downtrend_HighVol,0.9321734309196472
Exclude_Bad_Downtrend,2026-05-08,2026-05-11,2026-05-25,2392.89990234375,2308.199951171875,-0.03539636199947804,-0.038288002555294076,0.7,10,Strong_Downtrend_HighVol,0.8204987049102783
Exclude_Bad_Downtrend,2026-06-02,2026-06-03,2026-06-17,2241.699951171875,2223.0,-0.008341861792029448,-0.011314604975842357,0.7,10,Strong_Downtrend_HighVol,0.8069612979888916
Exclude_Bad_Downtrend,2026-07-02,2026-07-03,2026-07-17,2093.5,2269.0,0.08383090518270842,0.08058185108669713,0.7,10,Strong_Downtrend_HighVol,0.7523013949394226
Exclude_Bad_Downtrend,2025-03-20,2025-03-21,2025-04-16,3578.10009765625,3273.800048828125,-0.08504514701180366,-0.08778795292234898,0.7,15,Strong_Downtrend_HighVol,0.7291584610939026
Exclude_Bad_Downtrend,2025-09-22,2025-09-23,2025-10-15,3062.39990234375,2969.800048828125,-0.030237675179115353,-0.03314478018834699,0.7,15,Strong_Downtrend_HighVol,0.931107461452484
Exclude_Bad_Downtrend,2025-10-16,2025-10-17,2025-11-11,2962.199951171875,3047.0,0.028627388503796647,0.025543820749909463,0.7,15,Strong_Downtrend_HighVol,0.9064403772354126
Exclude_Bad_Downtrend,2026-01-15,2026-01-19,2026-02-10,3163.60009765625,2984.60009765625,-0.05658110838111685,-0.05940924236346723,0.7,15,Weak_Downtrend,0.7502520680427551
Exclude_Bad_Downtrend,2026-02-11,2026-02-12,2026-03-06,2750.10009765625,2557.60009765625,-0.06999745215239861,-0.07278536729020868,0.7,15,Weak_Downtrend,0.9206467270851136
Exclude_Bad_Downtrend,2026-03-09,2026-03-10,2026-04-02,2513.10009765625,2450.699951171875,-0.024829948692680515,-0.02775326471398687,0.7,15,Strong_Downtrend_HighVol,0.9360578656196594
Exclude_Bad_Downtrend,2026-04-06,2026-04-07,2026-04-29,2539.800048828125,2474.699951171875,-0.025631977480387702,-0.02855288921989585,0.7,15,Strong_Downtrend_HighVol,0.9608452916145324
Exclude_Bad_Downtrend,2026-04-30,2026-05-01,2026-05-25,2473.89990234375,2308.199951171875,-0.0669792464177279,-0.06977620938177909,0.7,15,Strong_Downtrend_HighVol,0.8231854438781738
Exclude_Bad_Downtrend,2026-06-02,2026-06-03,2026-06-24,2241.699951171875,2109.0,-0.05919612528987417,-0.062016420105286296,0.7,15,Strong_Downtrend_HighVol,0.8069612979888916
Exclude_Bad_Downtrend,2026-07-02,2026-07-03,2026-07-24,2093.5,2254.300048828125,0.07680919456800805,0.07358118980499206,0.7,15,Strong_Downtrend_HighVol,0.7523013949394226
Exclude_Bad_Downtrend,2025-03-20,2025-03-21,2025-04-24,3578.10009765625,3401.60009765625,-0.04932785421950947,-0.05217773164452277,0.7,20,Strong_Downtrend_HighVol,0.7291584610939026
Exclude_Bad_Downtrend,2025-09-22,2025-09-23,2025-10-23,3062.39990234375,3073.199951171875,0.0035266618248843695,0.0005183397743988571,0.7,20,Strong_Downtrend_HighVol,0.931107461452484
Exclude_Bad_Downtrend,2025-10-24,2025-10-27,2025-11-25,3084.89990234375,3119.199951171875,0.011118691015570947,0.008087609959579245,0.7,20,Strong_Downtrend_HighVol,0.9039702415466307
Exclude_Bad_Downtrend,2026-01-15,2026-01-19,2026-02-17,3163.60009765625,2717.39990234375,-0.1410419084393969,-0.14361685005837255,0.7,20,Weak_Downtrend,0.7502520680427551
Exclude_Bad_Downtrend,2026-02-18,2026-02-19,2026-03-20,2677.89990234375,2390.60009765625,-0.10728549055774994,-0.10996162547843036,0.7,20,Weak_Downtrend,0.9061835408210754
Exclude_Bad_Downtrend,2026-03-23,2026-03-24,2026-04-27,2398.800048828125,2447.60009765625,0.020343525027008758,0.01728479022485918,0.7,20,Strong_Downtrend_HighVol,0.96190083026886
Exclude_Bad_Downtrend,2026-04-28,2026-04-29,2026-05-28,2474.699951171875,2284.199951171875,-0.07697902927980838,-0.07974601539478465,0.7,20,Strong_Downtrend_HighVol,0.951697826385498
Exclude_Bad_Downtrend,2026-06-02,2026-06-03,2026-07-02,2241.699951171875,2068.10009765625,-0.07744116398132306,-0.08020676473199795,0.7,20,Strong_Downtrend_HighVol,0.8069612979888916
Exclude_Bad_Downtrend,2026-07-03,2026-07-06,2026-08-03,2057.60009765625,2473.699951171875,0.20222581345597312,0.19862184102368552,0.7,20,Strong_Downtrend_HighVol,0.7317826747894287
Exclude_Bad_Downtrend,2025-03-24,2025-03-25,2025-04-02,3657.75,3543.949951171875,-0.031112035767377533,-0.0340165196621558,0.75,5,Strong_Downtrend_HighVol,0.7658523917198181
Exclude_Bad_Downtrend,2025-04-04,2025-04-07,2025-04-16,3274.050048828125,3273.800048828125,-7.63580263806185e-05,-0.0030738791241069485,0.75,5,Strong_Downtrend_HighVol,0.7715306282043457
Exclude_Bad_Downtrend,2025-09-22,2025-09-23,2025-09-30,3062.39990234375,2888.39990234375,-0.056818183630045316,-0.05964560692006826,0.75,5,Strong_Downtrend_HighVol,0.931107461452484
Exclude_Bad_Downtrend,2025-10-06,2025-10-07,2025-10-14,2973.699951171875,2960.300048828125,-0.004506137997705273,-0.007490379722522533,0.75,5,Strong_Downtrend_HighVol,0.9090251922607422
Exclude_Bad_Downtrend,2025-10-15,2025-10-16,2025-10-24,2970.699951171875,3063.199951171875,0.03113744286544695,0.02804635059609706,0.75,5,Strong_Downtrend_HighVol,0.8992742300033569
Exclude_Bad_Downtrend,2026-01-15,2026-01-19,2026-01-27,3163.60009765625,3158.0,-0.00177016610297831,-0.004762609587543043,0.75,5,Weak_Downtrend,0.7502520680427551
Exclude_Bad_Downtrend,2026-01-28,2026-01-29,2026-02-05,3144.39990234375,2991.5,-0.04862609944421592,-0.05147808055460701,0.75,5,Weak_Downtrend,0.8634419441223145
Exclude_Bad_Downtrend,2026-02-06,2026-02-09,2026-02-16,2948.199951171875,2706.60009765625,-0.08194825911301973,-0.08470034871926357,0.75,5,Weak_Downtrend,0.8884923458099365
Exclude_Bad_Downtrend,2026-02-17,2026-02-18,2026-02-25,2694.89990234375,2629.300048828125,-0.024342222677203318,-0.027267000779172657,0.75,5,Weak_Downtrend,0.9037685394287108
Exclude_Bad_Downtrend,2026-02-26,2026-02-27,2026-03-09,2637.39990234375,2527.39990234375,-0.0417077440179805,-0.044580464628350414,0.75,5,Strong_Downtrend_HighVol,0.8926447033882141
Exclude_Bad_Downtrend,2026-03-10,2026-03-11,2026-03-18,2464.89990234375,2440.800048828125,-0.00977721387092012,-0.012745654228038528,0.75,5,Strong_Downtrend_HighVol,0.9360578656196594
Exclude_Bad_Downtrend,2026-03-19,2026-03-20,2026-03-30,2390.60009765625,2358.89990234375,-0.013260350546952182,-0.0162183493311,0.75,5,Strong_Downtrend_HighVol,0.96190083026886
Exclude_Bad_Downtrend,2026-04-01,2026-04-02,2026-04-10,2450.699951171875,2524.300048828125,0.03003227613443893,0.026944496878656965,0.75,5,Strong_Downtrend_HighVol,0.96190083026886
Exclude_Bad_Downtrend,2026-04-13,2026-04-15,2026-04-22,2554.89990234375,2538.5,-0.006418999949354354,-0.009397507392256088,0.75,5,Strong_Downtrend_HighVol,0.9608955979347228
Exclude_Bad_Downtrend,2026-04-23,2026-04-24,2026-05-01,2396.89990234375,2473.89990234375,0.03212482921156101,0.029030777004792174,0.75,5,Strong_Downtrend_HighVol,0.9550465941429138
Exclude_Bad_Downtrend,2026-05-05,2026-05-06,2026-05-13,2435.39990234375,2272.800048828125,-0.06676515563589547,-0.06956276039058795,0.75,5,Strong_Downtrend_HighVol,0.8545153737068176
Exclude_Bad_Downtrend,2026-05-14,2026-05-15,2026-05-22,2264.0,2317.300048828125,0.023542424394048078,0.02047410009132089,0.75,5,Strong_Downtrend_HighVol,0.913777470588684
Exclude_Bad_Downtrend,2026-05-25,2026-05-26,2026-06-03,2276.199951171875,2241.699951171875,-0.015156840673086758,-0.01810915425395898,0.75,5,Strong_Downtrend_HighVol,0.8584686517715454
Exclude_Bad_Downtrend,2026-06-04,2026-06-05,2026-06-12,2198.89990234375,2161.39990234375,-0.0170539822936141,-0.020000608718193313,0.75,5,Strong_Downtrend_HighVol,0.8592196702957153
Exclude_Bad_Downtrend,2026-07-02,2026-07-03,2026-07-10,2093.5,2069.0,-0.011702889897301172,-0.014665557559111475,0.75,5,Strong_Downtrend_HighVol,0.7523013949394226
Exclude_Bad_Downtrend,2025-03-24,2025-03-25,2025-04-09,3657.75,3246.60009765625,-0.1124051404124804,-0.1150659279028089,0.75,10,Strong_Downtrend_HighVol,0.7658523917198181
Exclude_Bad_Downtrend,2025-04-11,2025-04-15,2025-04-30,3248.199951171875,3453.699951171875,0.06326580970665319,0.0600784046256051,0.75,10,Strong_Downtrend_HighVol,0.7830226421356201
Exclude_Bad_Downtrend,2025-09-22,2025-09-23,2025-10-08,3062.39990234375,3027.199951171875,-0.011494237295702425,-0.014457530445849187,0.75,10,Strong_Downtrend_HighVol,0.931107461452484
Exclude_Bad_Downtrend,2025-10-09,2025-10-10,2025-10-27,3028.300048828125,3084.89990234375,0.01869030565102947,0.015636526787264016,0.75,10,Strong_Downtrend_HighVol,0.9453299045562744
Exclude_Bad_Downtrend,2026-01-15,2026-01-19,2026-02-03,3163.60009765625,3225.300048828125,0.019503081700365854,0.016446866337198607,0.75,10,Weak_Downtrend,0.7502520680427551
Exclude_Bad_Downtrend,2026-02-04,2026-02-05,2026-02-19,2991.5,2677.89990234375,-0.10483038531046296,-0.10751388002289841,0.75,10,Weak_Downtrend,0.829857349395752
Exclude_Bad_Downtrend,2026-02-20,2026-02-23,2026-03-10,2676.300048828125,2513.10009765625,-0.06097969143756343,-0.06379463956755638,0.75,10,Strong_Downtrend_HighVol,0.9061835408210754
Exclude_Bad_Downtrend,2026-03-11,2026-03-12,2026-03-27,2442.39990234375,2389.800048828125,-0.021536134793139206,-0.024469324845063034,0.75,10,Strong_Downtrend_HighVol,0.9290411472320556
Exclude_Bad_Downtrend,2026-04-01,2026-04-02,2026-04-20,2450.699951171875,2579.60009765625,0.05259727794205804,0.04944185445210736,0.75,10,Strong_Downtrend_HighVol,0.96190083026886
Exclude_Bad_Downtrend,2026-04-21,2026-04-22,2026-05-07,2538.5,2401.39990234375,-0.05400831107199133,-0.05684415765747519,0.75,10,Strong_Downtrend_HighVol,0.9321734309196472
Exclude_Bad_Downtrend,2026-05-08,2026-05-11,2026-05-25,2392.89990234375,2308.199951171875,-0.03539636199947804,-0.038288002555294076,0.75,10,Strong_Downtrend_HighVol,0.8204987049102783
Exclude_Bad_Downtrend,2026-06-02,2026-06-03,2026-06-17,2241.699951171875,2223.0,-0.008341861792029448,-0.011314604975842357,0.75,10,Strong_Downtrend_HighVol,0.8069612979888916
Exclude_Bad_Downtrend,2026-07-02,2026-07-03,2026-07-17,2093.5,2269.0,0.08383090518270842,0.08058185108669713,0.75,10,Strong_Downtrend_HighVol,0.7523013949394226
Exclude_Bad_Downtrend,2025-03-24,2025-03-25,2025-04-21,3657.75,3321.60009765625,-0.09190073196466408,-0.09462298654541701,0.75,15,Strong_Downtrend_HighVol,0.7658523917198181
Exclude_Bad_Downtrend,2025-09-22,2025-09-23,2025-10-15,3062.39990234375,2969.800048828125,-0.030237675179115353,-0.03314478018834699,0.75,15,Strong_Downtrend_HighVol,0.931107461452484
Exclude_Bad_Downtrend,2025-10-16,2025-10-17,2025-11-11,2962.199951171875,3047.0,0.028627388503796647,0.025543820749909463,0.75,15,Strong_Downtrend_HighVol,0.9064403772354126
Exclude_Bad_Downtrend,2026-01-15,2026-01-19,2026-02-10,3163.60009765625,2984.60009765625,-0.05658110838111685,-0.05940924236346723,0.75,15,Weak_Downtrend,0.7502520680427551
Exclude_Bad_Downtrend,2026-02-11,2026-02-12,2026-03-06,2750.10009765625,2557.60009765625,-0.06999745215239861,-0.07278536729020868,0.75,15,Weak_Downtrend,0.9206467270851136
Exclude_Bad_Downtrend,2026-03-09,2026-03-10,2026-04-02,2513.10009765625,2450.699951171875,-0.024829948692680515,-0.02775326471398687,0.75,15,Strong_Downtrend_HighVol,0.9360578656196594
Exclude_Bad_Downtrend,2026-04-06,2026-04-07,2026-04-29,2539.800048828125,2474.699951171875,-0.025631977480387702,-0.02855288921989585,0.75,15,Strong_Downtrend_HighVol,0.9608452916145324
Exclude_Bad_Downtrend,2026-04-30,2026-05-01,2026-05-25,2473.89990234375,2308.199951171875,-0.0669792464177279,-0.06977620938177909,0.75,15,Strong_Downtrend_HighVol,0.8231854438781738
Exclude_Bad_Downtrend,2026-06-02,2026-06-03,2026-06-24,2241.699951171875,2109.0,-0.05919612528987417,-0.062016420105286296,0.75,15,Strong_Downtrend_HighVol,0.8069612979888916
Exclude_Bad_Downtrend,2026-07-02,2026-07-03,2026-07-24,2093.5,2254.300048828125,0.07680919456800805,0.07358118980499206,0.75,15,Strong_Downtrend_HighVol,0.7523013949394226
Exclude_Bad_Downtrend,2025-03-24,2025-03-25,2025-04-28,3657.75,3443.5,-0.058574260132595146,-0.06139641914428251,0.75,20,Strong_Downtrend_HighVol,0.7658523917198181
Exclude_Bad_Downtrend,2025-09-22,2025-09-23,2025-10-23,3062.39990234375,3073.199951171875,0.0035266618248843695,0.0005183397743988571,0.75,20,Strong_Downtrend_HighVol,0.931107461452484
Exclude_Bad_Downtrend,2025-10-24,2025-10-27,2025-11-25,3084.89990234375,3119.199951171875,0.011118691015570947,0.008087609959579245,0.75,20,Strong_Downtrend_HighVol,0.9039702415466307
Exclude_Bad_Downtrend,2026-01-15,2026-01-19,2026-02-17,3163.60009765625,2717.39990234375,-0.1410419084393969,-0.14361685005837255,0.75,20,Weak_Downtrend,0.7502520680427551
Exclude_Bad_Downtrend,2026-02-18,2026-02-19,2026-03-20,2677.89990234375,2390.60009765625,-0.10728549055774994,-0.10996162547843036,0.75,20,Weak_Downtrend,0.9061835408210754
Exclude_Bad_Downtrend,2026-03-23,2026-03-24,2026-04-27,2398.800048828125,2447.60009765625,0.020343525027008758,0.01728479022485918,0.75,20,Strong_Downtrend_HighVol,0.96190083026886
Exclude_Bad_Downtrend,2026-04-28,2026-04-29,2026-05-28,2474.699951171875,2284.199951171875,-0.07697902927980838,-0.07974601539478465,0.75,20,Strong_Downtrend_HighVol,0.951697826385498
Exclude_Bad_Downtrend,2026-06-02,2026-06-03,2026-07-02,2241.699951171875,2068.10009765625,-0.07744116398132306,-0.08020676473199795,0.75,20,Strong_Downtrend_HighVol,0.8069612979888916
Exclude_Bad_Downtrend,2026-07-08,2026-07-09,2026-08-06,2049.5,2373.0,0.1578433764332765,0.15437245145157386,0.75,20,Strong_Downtrend_HighVol,0.7963859438896179
Exclude_Bad_Downtrend,2025-03-25,2025-03-26,2025-04-03,3635.800048828125,3403.14990234375,-0.06398870767366915,-0.06679463552524034,0.8,5,Strong_Downtrend_HighVol,0.8238682150840759
Exclude_Bad_Downtrend,2025-09-22,2025-09-23,2025-09-30,3062.39990234375,2888.39990234375,-0.056818183630045316,-0.05964560692006826,0.8,5,Strong_Downtrend_HighVol,0.931107461452484
Exclude_Bad_Downtrend,2025-10-06,2025-10-07,2025-10-14,2973.699951171875,2960.300048828125,-0.004506137997705273,-0.007490379722522533,0.8,5,Strong_Downtrend_HighVol,0.9090251922607422
Exclude_Bad_Downtrend,2025-10-15,2025-10-16,2025-10-24,2970.699951171875,3063.199951171875,0.03113744286544695,0.02804635059609706,0.8,5,Strong_Downtrend_HighVol,0.8992742300033569
Exclude_Bad_Downtrend,2026-01-19,2026-01-20,2026-01-28,3102.300048828125,3200.10009765625,0.03152501282558684,0.028432758718389017,0.8,5,Weak_Downtrend,0.8143543601036072
Exclude_Bad_Downtrend,2026-01-29,2026-01-30,2026-02-06,3123.89990234375,2941.60009765625,-0.058356480804883315,-0.061179292664550355,0.8,5,Weak_Downtrend,0.8116010427474976
Exclude_Bad_Downtrend,2026-02-09,2026-02-10,2026-02-17,2984.60009765625,2717.39990234375,-0.08952629718210059,-0.09225566972472288,0.8,5,Weak_Downtrend,0.8861578702926636
Exclude_Bad_Downtrend,2026-02-18,2026-02-19,2026-02-26,2677.89990234375,2647.699951171875,-0.011277475735909093,-0.014241418683021645,0.8,5,Weak_Downtrend,0.9061835408210754
Exclude_Bad_Downtrend,2026-02-27,2026-03-02,2026-03-10,2613.5,2513.10009765625,-0.03841587998612972,-0.04129846878190113,0.8,5,Strong_Downtrend_HighVol,0.8926447033882141
Exclude_Bad_Downtrend,2026-03-11,2026-03-12,2026-03-19,2442.39990234375,2356.0,-0.03537500237403379,-0.03826670696066692,0.8,5,Strong_Downtrend_HighVol,0.9290411472320556
Exclude_Bad_Downtrend,2026-03-20,2026-03-23,2026-04-01,2383.800048828125,2408.199951171875,0.010235716857101673,0.007207282736893417,0.8,5,Strong_Downtrend_HighVol,0.96190083026886
Exclude_Bad_Downtrend,2026-04-02,2026-04-06,2026-04-13,2473.89990234375,2472.60009765625,-0.0005254071461292531,-0.0035215821068568243,0.8,5,Strong_Downtrend_HighVol,0.9625139236450196
Exclude_Bad_Downtrend,2026-04-15,2026-04-16,2026-04-23,2576.89990234375,2521.800048828125,-0.021382225000478483,-0.024315876435483164,0.8,5,Strong_Downtrend_HighVol,0.940226435661316
Exclude_Bad_Downtrend,2026-04-24,2026-04-27,2026-05-05,2447.60009765625,2427.300048828125,-0.00829385848103359,-0.011266745566771985,0.8,5,Strong_Downtrend_HighVol,0.954090416431427
Exclude_Bad_Downtrend,2026-05-06,2026-05-07,2026-05-14,2401.39990234375,2246.0,-0.06471221315203712,-0.06751597211506055,0.8,5,Strong_Downtrend_HighVol,0.8325524926185608
Exclude_Bad_Downtrend,2026-05-15,2026-05-18,2026-05-25,2283.199951171875,2308.199951171875,0.010949544733113825,0.007918970735390385,0.8,5,Strong_Downtrend_HighVol,0.9114082455635072
Exclude_Bad_Downtrend,2026-06-02,2026-06-03,2026-06-10,2241.699951171875,2153.89990234375,-0.03916672647569386,-0.04204706442140127,0.8,5,Strong_Downtrend_HighVol,0.8069612979888916
Exclude_Bad_Downtrend,2026-06-11,2026-06-12,2026-06-19,2161.39990234375,2125.0,-0.016840892009053587,-0.019788157225033354,0.8,5,Strong_Downtrend_HighVol,0.8125454783439636
Exclude_Bad_Downtrend,2025-03-25,2025-03-26,2025-04-11,3635.800048828125,3231.5,-0.11119974789549747,-0.11386414885124363,0.8,10,Strong_Downtrend_HighVol,0.8238682150840759
Exclude_Bad_Downtrend,2025-09-22,2025-09-23,2025-10-08,3062.39990234375,3027.199951171875,-0.011494237295702425,-0.014457530445849187,0.8,10,Strong_Downtrend_HighVol,0.931107461452484
Exclude_Bad_Downtrend,2025-10-09,2025-10-10,2025-10-27,3028.300048828125,3084.89990234375,0.01869030565102947,0.015636526787264016,0.8,10,Strong_Downtrend_HighVol,0.9453299045562744
Exclude_Bad_Downtrend,2026-01-19,2026-01-20,2026-02-04,3102.300048828125,2999.10009765625,-0.03326562535782385,-0.0361636533294073,0.8,10,Weak_Downtrend,0.8143543601036072
Exclude_Bad_Downtrend,2026-02-05,2026-02-06,2026-02-20,2941.60009765625,2686.199951171875,-0.08682354433149075,-0.08956101905147096,0.8,10,Weak_Downtrend,0.8451917171478271
Exclude_Bad_Downtrend,2026-02-23,2026-02-24,2026-03-11,2573.699951171875,2464.89990234375,-0.042273789055552236,-0.04514481280441085,0.8,10,Strong_Downtrend_HighVol,0.904740273952484
Exclude_Bad_Downtrend,2026-03-12,2026-03-13,2026-03-30,2410.5,2358.89990234375,-0.021406387743725386,-0.024339966744866492,0.8,10,Strong_Downtrend_HighVol,0.9290411472320556
Exclude_Bad_Downtrend,2026-04-01,2026-04-02,2026-04-20,2450.699951171875,2579.60009765625,0.05259727794205804,0.04944185445210736,0.8,10,Strong_Downtrend_HighVol,0.96190083026886
Exclude_Bad_Downtrend,2026-04-21,2026-04-22,2026-05-07,2538.5,2401.39990234375,-0.05400831107199133,-0.05684415765747519,0.8,10,Strong_Downtrend_HighVol,0.9321734309196472
Exclude_Bad_Downtrend,2026-05-08,2026-05-11,2026-05-25,2392.89990234375,2308.199951171875,-0.03539636199947804,-0.038288002555294076,0.8,10,Strong_Downtrend_HighVol,0.8204987049102783
Exclude_Bad_Downtrend,2026-06-02,2026-06-03,2026-06-17,2241.699951171875,2223.0,-0.008341861792029448,-0.011314604975842357,0.8,10,Strong_Downtrend_HighVol,0.8069612979888916
Exclude_Bad_Downtrend,2025-03-25,2025-03-26,2025-04-22,3635.800048828125,3314.39990234375,-0.08839874090104793,-0.09113149357551176,0.8,15,Strong_Downtrend_HighVol,0.8238682150840759
Exclude_Bad_Downtrend,2025-09-22,2025-09-23,2025-10-15,3062.39990234375,2969.800048828125,-0.030237675179115353,-0.03314478018834699,0.8,15,Strong_Downtrend_HighVol,0.931107461452484
Exclude_Bad_Downtrend,2025-10-16,2025-10-17,2025-11-11,2962.199951171875,3047.0,0.028627388503796647,0.025543820749909463,0.8,15,Strong_Downtrend_HighVol,0.9064403772354126
Exclude_Bad_Downtrend,2026-01-19,2026-01-20,2026-02-11,3102.300048828125,2909.800048828125,-0.06205073557366436,-0.06486247298109826,0.8,15,Weak_Downtrend,0.8143543601036072
Exclude_Bad_Downtrend,2026-02-12,2026-02-13,2026-03-09,2692.199951171875,2527.39990234375,-0.061213896373629284,-0.06402814241577515,0.8,15,Weak_Downtrend,0.9065052270889282
Exclude_Bad_Downtrend,2026-03-10,2026-03-11,2026-04-06,2464.89990234375,2473.89990234375,0.0036512638876096126,0.0006425683112907254,0.8,15,Strong_Downtrend_HighVol,0.9360578656196594
Exclude_Bad_Downtrend,2026-04-07,2026-04-08,2026-04-30,2559.199951171875,2473.89990234375,-0.03333074806799119,-0.03622858081797031,0.8,15,Strong_Downtrend_HighVol,0.9489715695381165
Exclude_Bad_Downtrend,2026-05-01,2026-05-05,2026-05-26,2427.300048828125,2276.199951171875,-0.06225027586894316,-0.06506141510445695,0.8,15,Strong_Downtrend_HighVol,0.8313239216804504
Exclude_Bad_Downtrend,2026-06-02,2026-06-03,2026-06-24,2241.699951171875,2109.0,-0.05919612528987417,-0.062016420105286296,0.8,15,Strong_Downtrend_HighVol,0.8069612979888916
Exclude_Bad_Downtrend,2025-03-25,2025-03-26,2025-04-29,3635.800048828125,3472.5,-0.044914474568192864,-0.04777758220205586,0.8,20,Strong_Downtrend_HighVol,0.8238682150840759
Exclude_Bad_Downtrend,2025-09-22,2025-09-23,2025-10-23,3062.39990234375,3073.199951171875,0.0035266618248843695,0.0005183397743988571,0.8,20,Strong_Downtrend_HighVol,0.931107461452484
Exclude_Bad_Downtrend,2025-10-24,2025-10-27,2025-11-25,3084.89990234375,3119.199951171875,0.011118691015570947,0.008087609959579245,0.8,20,Strong_Downtrend_HighVol,0.9039702415466307
Exclude_Bad_Downtrend,2026-01-19,2026-01-20,2026-02-18,3102.300048828125,2694.89990234375,-0.13132196759570947,-0.13392604716734935,0.8,20,Weak_Downtrend,0.8143543601036072
Exclude_Bad_Downtrend,2026-02-19,2026-02-20,2026-03-23,2686.199951171875,2383.800048828125,-0.11257535099419003,-0.11523562823574707,0.8,20,Weak_Downtrend,0.904740273952484
Exclude_Bad_Downtrend,2026-03-24,2026-03-25,2026-04-28,2377.39990234375,2444.699951171875,0.0283082575892164,0.025225646510028454,0.8,20,Strong_Downtrend_HighVol,0.96190083026886
Exclude_Bad_Downtrend,2026-04-29,2026-04-30,2026-06-01,2473.89990234375,2297.39990234375,-0.0713448429472775,-0.07412871894433226,0.8,20,Strong_Downtrend_HighVol,0.9518266320228576
Exclude_Bad_Downtrend,2026-06-02,2026-06-03,2026-07-02,2241.699951171875,2068.10009765625,-0.07744116398132306,-0.08020676473199795,0.8,20,Strong_Downtrend_HighVol,0.8069612979888916
