Strategy,Date,Equity,Position,Probability,Market_Return,Trading_Cost,Running_Max,Drawdown
Fixed_100pct,2023-02-03,100000.0,0.0,0.4088793396949768,-0.0064181998514950545,0.0,100000.0,0.0
Fixed_100pct,2023-02-06,100000.0,0.0,0.3988363146781921,0.003641699398565734,0.0,100000.0,0.0
Fixed_100pct,2023-02-07,100000.0,0.0,0.4039197564125061,0.013693121239295447,0.0,100000.0,0.0
Fixed_100pct,2023-02-08,100000.0,0.0,0.2952230274677276,0.005894718736497273,0.0,100000.0,0.0
Fixed_100pct,2023-02-09,100000.0,0.0,0.2863130271434784,-0.0009319933736560149,0.0,100000.0,0.0
Fixed_100pct,2023-02-10,100000.0,0.0,0.2909234464168548,-0.01558992684856697,0.0,100000.0,0.0
Fixed_100pct,2023-02-13,100000.0,0.0,0.2294507175683975,0.005082757813250405,0.0,100000.0,0.0
Fixed_100pct,2023-02-14,100000.0,0.0,0.3302276730537414,0.005871204855329992,0.0,100000.0,0.0
Fixed_100pct,2023-02-15,100000.0,0.0,0.3378582596778869,0.010623080261254358,0.0,100000.0,0.0
Fixed_100pct,2023-02-16,100000.0,0.0,0.3549425303936004,-0.015991946629057563,0.0,100000.0,0.0
Fixed_100pct,2023-02-17,100000.0,0.0,0.2489628791809082,-0.003955801351536947,0.0,100000.0,0.0
Fixed_100pct,2023-02-20,100000.0,0.0,0.2929953932762146,-0.010409212949807234,0.0,100000.0,0.0
Fixed_100pct,2023-02-21,100000.0,0.0,0.1825983077287674,-0.014329165798862675,0.0,100000.0,0.0
Fixed_100pct,2023-02-22,100000.0,0.0,0.4928011000156402,0.0036012993559275674,0.0,100000.0,0.0
Fixed_100pct,2023-02-23,100000.0,0.0,0.4355315566062927,-0.003910626710791898,0.0,100000.0,0.0
Fixed_100pct,2023-02-24,100000.0,0.0,0.4860202372074127,-0.020173757738144005,0.0,100000.0,0.0
Fixed_100pct,2023-02-27,100000.0,0.0,0.3203698992729187,-0.00570253746210414,0.0,100000.0,0.0
Fixed_100pct,2023-02-28,100000.0,0.0,0.4484154284000397,0.021990084479573735,0.0,100000.0,0.0
Fixed_100pct,2023-03-01,100000.0,0.0,0.5300629138946533,-0.018976873593822607,0.0,100000.0,0.0
Fixed_100pct,2023-03-02,100000.0,0.0,0.440104991197586,0.006232203247431567,0.0,100000.0,0.0
Fixed_100pct,2023-03-03,100000.0,0.0,0.3472266495227813,0.008886553918982631,0.0,100000.0,0.0
Fixed_100pct,2023-03-06,100000.0,0.0,0.5566051006317139,0.005501372881431932,0.0,100000.0,0.0
Fixed_100pct,2023-03-08,100000.0,0.0,0.5375850796699524,-0.01579453935521924,0.0,100000.0,0.0
Fixed_100pct,2023-03-09,100000.0,0.0,0.3203698992729187,-0.0017531796409910871,0.0,100000.0,0.0
Fixed_100pct,2023-03-10,100000.0,0.0,0.4161155521869659,-0.014725322374099403,0.0,100000.0,0.0
Fixed_100pct,2023-03-13,100000.0,0.0,0.452767014503479,-0.020414692788376154,0.0,100000.0,0.0
Fixed_100pct,2023-03-14,100000.0,0.0,0.4399172663688659,-0.004992316854660395,0.0,100000.0,0.0
Fixed_100pct,2023-03-15,100000.0,0.0,0.4191609621047973,-0.00434521328209303,0.0,100000.0,0.0
Fixed_100pct,2023-03-16,100000.0,0.0,0.4191609621047973,-0.0017896236018445366,0.0,100000.0,0.0
Fixed_100pct,2023-03-17,100000.0,0.0,0.4160205423831939,-0.01132324708178123,0.0,100000.0,0.0
Fixed_100pct,2023-03-20,100000.0,0.0,0.4828085303306579,-0.011834680302233225,0.0,100000.0,0.0
Fixed_100pct,2023-03-21,100645.2078296032,1.0,0.8460187315940857,0.007952078296032061,0.0015,100645.2078296032,0.0
Fixed_100pct,2023-03-22,100494.2400178588,0.0,0.5559381246566772,-0.001964400916205755,0.0015,100645.2078296032,-0.0014999999999999458
Fixed_100pct,2023-03-23,100494.2400178588,0.0,0.583052933216095,-0.0013281175406681944,0.0,100645.2078296032,-0.0014999999999999458
Fixed_100pct,2023-03-24,100401.46838671439,1.0,0.7248117923736572,0.0005768462836484023,0.0015,100645.2078296032,-0.002421768985776951
Fixed_100pct,2023-03-27,100250.86618413433,0.0,0.5973241925239563,-0.0020498178856247495,0.0015,100645.2078296032,-0.0039181363322982055
Fixed_100pct,2023-03-28,100840.49116683149,1.0,0.7373450398445129,0.007381495144532568,0.0015,100840.49116683149,0.0
Fixed_100pct,2023-03-29,100689.23043008125,0.0,0.5428194999694824,0.021345057849717408,0.0015,100840.49116683149,-0.0014999999999998348
Fixed_100pct,2023-03-31,100689.23043008125,0.0,0.5741578936576843,-0.0018403264367164995,0.0,100840.49116683149,-0.0014999999999998348
Fixed_100pct,2023-04-03,100689.23043008125,0.0,0.5788522958755493,0.012437515258789,0.0,100840.49116683149,-0.0014999999999998348
Fixed_100pct,2023-04-05,100689.23043008125,0.0,0.5852863192558289,-0.005895455697384366,0.0,100840.49116683149,-0.0014999999999998348
Fixed_100pct,2023-04-06,100689.23043008125,0.0,0.5703712105751038,0.013257972434326915,0.0,100840.49116683149,-0.0014999999999998348
Fixed_100pct,2023-04-10,100689.23043008125,0.0,0.3481518030166626,-0.015198827909507107,0.0,100840.49116683149,-0.0014999999999998348
Fixed_100pct,2023-04-11,100689.23043008125,0.0,0.5909472107887268,0.008665708224685709,0.0,100840.49116683149,-0.0014999999999998348
Fixed_100pct,2023-04-12,100689.23043008125,0.0,0.5936771035194397,-0.016287941720457,0.0,100840.49116683149,-0.0014999999999998348
Fixed_100pct,2023-04-13,98979.94730884011,1.0,0.7052000761032104,-0.015475828635695854,0.0015,100840.49116683149,-0.0184503648927421
Fixed_100pct,2023-04-17,98704.08346461259,1.0,0.7567696571350098,-0.00278706800445927,0.0,100840.49116683149,-0.021186010475538142
Fixed_100pct,2023-04-18,97406.73829316863,1.0,0.7596873044967651,-0.01314378418709572,0.0,100840.49116683149,-0.03405133031315788
Fixed_100pct,2023-04-19,97885.95166029368,1.0,0.8683376312255859,0.004919714749946236,0.0,100840.49116683149,-0.02929913839520859
Fixed_100pct,2023-04-20,99653.05816759284,1.0,0.8610784411430359,0.018052708047747057,0.0,100840.49116683149,-0.011775359138960884
Fixed_100pct,2023-04-21,100092.86241411396,1.0,0.7217678427696228,0.0044133542372726264,0.0,100840.49116683149,-0.007413973732839585
Fixed_100pct,2023-04-24,100130.69363047495,1.0,0.7096953988075256,0.0003779611797340987,0.0,100840.49116683149,-0.007038814747364119
Fixed_100pct,2023-04-25,100829.02016873912,1.0,0.7394176125526428,0.006974150612012009,0.0,100840.49116683149,-0.00011375388953027699
Fixed_100pct,2023-04-26,100507.4432840298,1.0,0.7610393762588501,-0.003189328669178426,0.0,100840.49116683149,-0.003302719760167494
Fixed_100pct,2023-04-27,101494.24920337107,1.0,0.7646691799163818,0.009818237208090164,0.0,101494.24920337107,0.0
Fixed_100pct,2023-04-28,101498.97521900601,1.0,0.7348763346672058,4.656436864181046e-05,0.0,101498.97521900601,0.0
Fixed_100pct,2023-05-02,100253.6470079217,1.0,0.7429382801055908,-0.0122693673349632,0.0,101498.97521900601,-0.0122693673349632
Fixed_100pct,2023-05-03,101539.96224385286,1.0,0.7616283297538757,0.012830607906259228,0.0,101539.96224385286,0.0
Fixed_100pct,2023-05-04,101855.23520868432,1.0,0.8064464330673218,0.0031049151276452136,0.0,101855.23520868432,0.0
Fixed_100pct,2023-05-05,102482.63302695526,1.0,0.7854087352752686,0.006159701236617909,0.0,102482.63302695526,0.0
Fixed_100pct,2023-05-08,103511.99617829247,1.0,0.7746586203575134,0.010044269169650066,0.0,103511.99617829247,0.0
Fixed_100pct,2023-05-09,103623.91962022641,1.0,0.7382107377052307,0.0010812605887839943,0.0,103623.91962022641,0.0
Fixed_100pct,2023-05-10,103477.31307332346,1.0,0.7305935621261597,-0.0014147944551823333,0.0,103623.91962022641,-0.0014147944551823333
Fixed_100pct,2023-05-11,103229.82841418707,1.0,0.7268916964530945,-0.0023916803769442607,0.0,103623.91962022641,-0.0038030910959907516
Fixed_100pct,2023-05-12,102622.92795688649,1.0,0.7337984442710876,-0.005879119113378017,0.0,103623.91962022641,-0.00965985138381642
Fixed_100pct,2023-05-15,102720.65795772793,1.0,0.7231079936027527,0.0009523213066235936,0.0,103623.91962022641,-0.00871672935948442
Fixed_100pct,2023-05-16,101161.63468605508,1.0,0.7292661666870117,-0.015177310023796964,0.0,103623.91962022641,-0.023761742879399028
Fixed_100pct,2023-05-17,100882.62273043556,1.0,0.7508922815322876,-0.0027580807337229674,0.0,103623.91962022641,-0.02645428680788664
Fixed_100pct,2023-05-18,101607.75054954794,1.0,0.7508922815322876,0.007187836710490503,0.0,103623.91962022641,-0.019456599191263746
Fixed_100pct,2023-05-19,103999.09136953834,1.0,0.7432464361190796,0.02353502372660321,0.0,103999.09136953834,0.0
Fixed_100pct,2023-05-22,103947.07440917869,1.0,0.7257418632507324,-0.0005001674502598252,0.0,103999.09136953834,-0.0005001674502598252
Fixed_100pct,2023-05-23,103791.15379756493,0.0,0.6939955353736877,0.0019108138289753995,0.0015,103999.09136953834,-0.0019994171990844745
Fixed_100pct,2023-05-24,103325.97731539287,1.0,0.7207121849060059,-0.0029818509588913633,0.0015,103999.09136953834,-0.0064723070680848815
Fixed_100pct,2023-05-25,104436.56772272168,1.0,0.8104223608970642,0.010748414253453742,0.0,104436.56772272168,0.0
Fixed_100pct,2023-05-26,104279.9128711376,0.0,0.6894106864929199,-0.002568357396832588,0.0015,104436.56772272168,-0.0015000000000000568
Fixed_100pct,2023-05-29,104279.9128711376,0.0,0.6050480008125305,-0.0012499123171693105,0.0,104436.56772272168,-0.0015000000000000568
Fixed_100pct,2023-05-30,104279.9128711376,0.0,0.6654424667358398,-0.008051369508777606,0.0,104436.56772272168,-0.0015000000000000568
Fixed_100pct,2023-05-31,105217.17197859158,1.0,0.7413299679756165,0.010487916096671324,0.0015,105217.17197859158,0.0
Fixed_100pct,2023-06-01,105059.3462206237,0.0,0.6331649422645569,-0.0055354700191786455,0.0015,105217.17197859158,-0.0014999999999998348
Fixed_100pct,2023-06-02,104370.98773449249,1.0,0.7249521017074585,-0.00505209184993094,0.0015,105217.17197859158,-0.008042263712155884
Fixed_100pct,2023-06-05,102574.83011569611,1.0,0.7335050702095032,-0.017209357291564475,0.0,105217.17197859158,-0.02511321881406492
Fixed_100pct,2023-06-06,103926.70731499974,1.0,0.7835277318954468,0.013179424209416979,0.0,105217.17197859158,-0.012264772368662413
Fixed_100pct,2023-06-07,103770.81725402725,0.0,0.6960992217063904,-0.011740801953781133,0.0015,105217.17197859158,-0.013746375210109352
Fixed_100pct,2023-06-08,102744.64932641023,1.0,0.7407364249229431,-0.008388791037513,0.0015,105217.17197859158,-0.023499231215646343
Fixed_100pct,2023-06-09,103948.3958460284,1.0,0.7269986271858215,0.011715904696837143,0.0,105217.17197859158,-0.012058641272180592
Fixed_100pct,2023-06-12,103792.47325225937,0.0,0.6989220380783081,-0.000985540444152666,0.0015,105217.17197859158,-0.013540553310272263
Fixed_100pct,2023-06-13,103871.97424114218,1.0,0.721635639667511,0.002265961021947982,0.0015,105217.17197859158,-0.012784963824375661
Fixed_100pct,2023-06-14,102761.70185201646,1.0,0.721635639667511,-0.01068885420958865,0.0,105217.17197859158,-0.02333716141957065
Fixed_100pct,2023-06-15,102607.55929923843,0.0,0.6866448521614075,-0.012871978937244788,0.0015,105217.17197859158,-0.024802155677441262
Fixed_100pct,2023-06-16,102607.55929923843,0.0,0.5717784762382507,0.011181454877929653,0.0,105217.17197859158,-0.024802155677441262
Fixed_100pct,2023-06-19,102607.55929923843,0.0,0.6193033456802368,0.005388751979307882,0.0,105217.17197859158,-0.024802155677441262
Fixed_100pct,2023-06-20,102607.55929923843,0.0,0.6308046579360962,0.009449453313938427,0.0,105217.17197859158,-0.024802155677441262
Fixed_100pct,2023-06-21,102607.55929923843,0.0,0.6052206158638,-0.0060462683282496155,0.0,105217.17197859158,-0.024802155677441262
Fixed_100pct,2023-06-22,102607.55929923843,0.0,0.6160092353820801,-0.006839556073413577,0.0,105217.17197859158,-0.024802155677441262
Fixed_100pct,2023-06-23,102607.55929923843,0.0,0.6131813526153564,-0.008301395837460701,0.0,105217.17197859158,-0.024802155677441262
Fixed_100pct,2023-06-26,102607.55929923843,0.0,0.5295272469520569,0.0024141192758622143,0.0,105217.17197859158,-0.024802155677441262
Fixed_100pct,2023-06-27,102607.55929923843,0.0,0.5450921058654785,0.005660891977044669,0.0,105217.17197859158,-0.024802155677441262
Fixed_100pct,2023-06-28,102607.55929923843,0.0,0.6483217477798462,0.026994681971800105,0.0,105217.17197859158,-0.024802155677441262
Fixed_100pct,2023-06-30,101523.04264849385,1.0,0.8203039765357971,-0.009069558989136195,0.0015,105217.17197859158,-0.035109566819086946
Fixed_100pct,2023-07-03,102657.00717210505,1.0,0.8496456742286682,0.011169528552619878,0.0,105217.17197859158,-0.02433219557552302
Fixed_100pct,2023-07-04,103001.3799023082,1.0,0.7350045442581177,0.0033545954600624484,0.0,105217.17197859158,-0.02105922478827149
Fixed_100pct,2023-07-05,102846.87783245475,0.0,0.5363301634788513,0.0008885529044899698,0.0015,105217.17197859158,-0.022527635951088976
Fixed_100pct,2023-07-06,102846.87783245475,0.0,0.5208811163902283,0.0019110108167179618,0.0,105217.17197859158,-0.022527635951088976
Fixed_100pct,2023-07-07,102846.87783245475,0.0,0.4155243933200836,-0.017211098243786083,0.0,105217.17197859158,-0.022527635951088976
Fixed_100pct,2023-07-10,102846.87783245475,0.0,0.4698426425457001,0.00013751774281067775,0.0,105217.17197859158,-0.022527635951088976
Fixed_100pct,2023-07-11,102846.87783245475,0.0,0.5134650468826294,-0.0038198265410799292,0.0,105217.17197859158,-0.022527635951088976
Fixed_100pct,2023-07-12,102846.87783245475,0.0,0.5396228432655334,0.024740068376452484,0.0,105217.17197859158,-0.022527635951088976
Fixed_100pct,2023-07-13,102846.87783245475,0.0,0.4305994212627411,0.052117121722723425,0.0,105217.17197859158,-0.022527635951088976
Fixed_100pct,2023-07-14,102846.87783245475,0.0,0.3264264166355133,-0.0065297972229242385,0.0,105217.17197859158,-0.022527635951088976
Fixed_100pct,2023-07-17,102846.87783245475,0.0,0.3227588534355163,0.0014749682264785235,0.0,105217.17197859158,-0.022527635951088976
Fixed_100pct,2023-07-18,102846.87783245475,0.0,0.459536999464035,-0.0076640542430136405,0.0,105217.17197859158,-0.022527635951088976
Fixed_100pct,2023-07-19,102846.87783245475,0.0,0.4854580461978912,-0.0019452169003382203,0.0,105217.17197859158,-0.022527635951088976
Fixed_100pct,2023-07-20,102846.87783245475,0.0,0.4788102507591247,-0.027430484988485215,0.0,105217.17197859158,-0.022527635951088976
Fixed_100pct,2023-07-21,102846.87783245475,0.0,0.5669122338294983,0.007852611343540206,0.0,105217.17197859158,-0.022527635951088976
Fixed_100pct,2023-07-24,102846.87783245475,0.0,0.5311371684074402,0.0012960902404448582,0.0,105217.17197859158,-0.022527635951088976
Fixed_100pct,2023-07-25,102846.87783245475,0.0,0.5257877707481384,-0.00319193146149388,0.0,105217.17197859158,-0.022527635951088976
Fixed_100pct,2023-07-26,102846.87783245475,0.0,0.571221649646759,0.0025381027039206305,0.0,105217.17197859158,-0.022527635951088976
Fixed_100pct,2023-07-27,102846.87783245475,0.0,0.649142324924469,-0.012217021753089141,0.0,105217.17197859158,-0.022527635951088976
Fixed_100pct,2023-07-28,102846.87783245475,0.0,0.6937771439552307,0.019684702494623396,0.0,105217.17197859158,-0.022527635951088976
Fixed_100pct,2023-07-31,102846.87783245475,0.0,0.4597566127777099,0.008943605223793893,0.0,105217.17197859158,-0.022527635951088976
Fixed_100pct,2023-08-01,102846.87783245475,0.0,0.3317126631736755,-0.003302427926340501,0.0,105217.17197859158,-0.022527635951088976
Fixed_100pct,2023-08-02,102846.87783245475,0.0,0.3082521259784698,-0.01182914633196197,0.0,105217.17197859158,-0.022527635951088976
Fixed_100pct,2023-08-03,102846.87783245475,0.0,0.51353520154953,0.012823746902868915,0.0,105217.17197859158,-0.022527635951088976
Fixed_100pct,2023-08-04,102846.87783245475,0.0,0.3082521259784698,0.011761118446291352,0.0,105217.17197859158,-0.022527635951088976
Fixed_100pct,2023-08-07,102846.87783245475,0.0,0.4486343562602997,-0.003860435695061004,0.0,105217.17197859158,-0.022527635951088976
Fixed_100pct,2023-08-08,102846.87783245475,0.0,0.2928005158901214,-0.0023339184660658985,0.0,105217.17197859158,-0.022527635951088976
Fixed_100pct,2023-08-09,102846.87783245475,0.0,0.2873178124427795,-0.005891668546931461,0.0,105217.17197859158,-0.022527635951088976
Fixed_100pct,2023-08-10,102846.87783245475,0.0,0.173357218503952,0.0019464719159205668,0.0,105217.17197859158,-0.022527635951088976
Fixed_100pct,2023-08-11,102846.87783245475,0.0,0.1808901131153106,0.0003044678767276654,0.0,105217.17197859158,-0.022527635951088976
Fixed_100pct,2023-08-14,102846.87783245475,0.0,0.1680677235126495,0.0024783119397879805,0.0,105217.17197859158,-0.022527635951088976
Fixed_100pct,2023-08-16,102846.87783245475,0.0,0.2765290141105652,-0.006549243286873896,0.0,105217.17197859158,-0.022527635951088976
Fixed_100pct,2023-08-17,102846.87783245475,0.0,0.2497005462646484,-0.01998105285418028,0.0,105217.17197859158,-0.022527635951088976
Fixed_100pct,2023-08-18,102846.87783245475,0.0,0.2667853236198425,0.010260997203958677,0.0,105217.17197859158,-0.022527635951088976
Fixed_100pct,2023-08-21,102846.87783245475,0.0,0.2553599774837494,-0.00573251232778671,0.0,105217.17197859158,-0.022527635951088976
Fixed_100pct,2023-08-22,102846.87783245475,0.0,0.3005282282829284,0.004760314628601492,0.0,105217.17197859158,-0.022527635951088976
Fixed_100pct,2023-08-23,102846.87783245475,0.0,0.240195170044899,-0.003089825645552824,0.0,105217.17197859158,-0.022527635951088976
Fixed_100pct,2023-08-24,102846.87783245475,0.0,0.2657912969589233,-0.0019039041168548154,0.0,105217.17197859158,-0.022527635951088976
Fixed_100pct,2023-08-25,102846.87783245475,0.0,0.2910590767860412,-0.00170052935763354,0.0,105217.17197859158,-0.022527635951088976
Fixed_100pct,2023-08-28,102846.87783245475,0.0,0.2636049687862396,0.00017770541302830622,0.0,105217.17197859158,-0.022527635951088976
Fixed_100pct,2023-08-29,102846.87783245475,0.0,0.2636049687862396,0.004383706072366822,0.0,105217.17197859158,-0.022527635951088976
Fixed_100pct,2023-08-30,102846.87783245475,0.0,0.2883889973163605,-0.010070895423256898,0.0,105217.17197859158,-0.022527635951088976
Fixed_100pct,2023-08-31,102846.87783245475,0.0,0.4076296985149383,0.0066729927365110075,0.0,105217.17197859158,-0.022527635951088976
Fixed_100pct,2023-09-01,102846.87783245475,0.0,0.4257852733135223,0.011629986208568699,0.0,105217.17197859158,-0.022527635951088976
Fixed_100pct,2023-09-04,102846.87783245475,0.0,0.3860072791576385,0.003173935251206572,0.0,105217.17197859158,-0.022527635951088976
Fixed_100pct,2023-09-05,102846.87783245475,0.0,0.3655707836151123,0.0001603232892073425,0.0,105217.17197859158,-0.022527635951088976
Fixed_100pct,2023-09-06,102846.87783245475,0.0,0.4305379390716553,0.007390914714137109,0.0,105217.17197859158,-0.022527635951088976
Fixed_100pct,2023-09-07,102846.87783245475,0.0,0.4332383871078491,-0.0038637139588307834,0.0,105217.17197859158,-0.022527635951088976
Fixed_100pct,2023-09-08,102846.87783245475,0.0,0.4987915158271789,0.011258316946873848,0.0,105217.17197859158,-0.022527635951088976
Fixed_100pct,2023-09-11,102846.87783245475,0.0,0.5365306735038757,0.02877340419010177,0.0,105217.17197859158,-0.022527635951088976
Fixed_100pct,2023-09-12,102846.87783245475,0.0,0.3215006291866302,-0.0036164965916243297,0.0,105217.17197859158,-0.022527635951088976
Fixed_100pct,2023-09-13,102846.87783245475,0.0,0.3685366511344909,-0.002186204188693086,0.0,105217.17197859158,-0.022527635951088976
Fixed_100pct,2023-09-14,102846.87783245475,0.0,0.4242246150970459,0.010744230972986157,0.0,105217.17197859158,-0.022527635951088976
Fixed_100pct,2023-09-15,102846.87783245475,0.0,0.4291741251945495,0.0021815450098947586,0.0,105217.17197859158,-0.022527635951088976
Fixed_100pct,2023-09-18,102846.87783245475,0.0,0.5405968427658081,-2.768978504197328e-05,0.0,105217.17197859158,-0.022527635951088976
Fixed_100pct,2023-09-20,102846.87783245475,0.0,0.6211013197898865,-0.005754218526929034,0.0,105217.17197859158,-0.022527635951088976
Fixed_100pct,2023-09-21,102846.87783245475,0.0,0.6440389156341553,0.005118080290552829,0.0,105217.17197859158,-0.022527635951088976
Fixed_100pct,2023-09-22,102846.87783245475,0.0,0.6585507392883301,-0.00735365552096634,0.0,105217.17197859158,-0.022527635951088976
Fixed_100pct,2023-09-25,102938.43054557449,1.0,0.7486041188240051,0.00239018466140406,0.0015,105217.17197859158,-0.021657505045666325
Fixed_100pct,2023-09-26,103041.78230606522,1.0,0.8491537570953369,0.0010040153122887752,0.0,105217.17197859158,-0.020675234200069448
Fixed_100pct,2023-09-27,101533.17321296678,1.0,0.8724450469017029,-0.014640751152939169,0.0,105217.17197859158,-0.03501328439405671
Fixed_100pct,2023-09-28,101299.20546112208,1.0,0.7186175584793091,-0.002304347874107604,0.0,105217.17197859158,-0.03723694948070533
Fixed_100pct,2023-09-29,101147.2566529304,0.0,0.6654758453369141,-0.004180127980441095,0.0015,105217.17197859158,-0.03868109405648423
Fixed_100pct,2023-10-03,101147.2566529304,0.0,0.6149218082427979,0.006801628322076425,0.0,105217.17197859158,-0.03868109405648423
Fixed_100pct,2023-10-04,101147.2566529304,0.0,0.6295762658119202,0.014585569261889697,0.0,105217.17197859158,-0.03868109405648423
Fixed_100pct,2023-10-05,101898.69364673235,1.0,0.7161991596221924,0.008929138650595192,0.0015,105217.17197859158,-0.031539322616791376
Fixed_100pct,2023-10-06,101745.84560626226,0.0,0.6712090373039246,0.004680564358973349,0.0015,105217.17197859158,-0.03299201363286619
Fixed_100pct,2023-10-09,101745.84560626226,0.0,0.6954295039176941,-0.002597384819725712,0.0,105217.17197859158,-0.03299201363286619
Fixed_100pct,2023-10-10,101060.51138178023,1.0,0.823987603187561,-0.005235746510320882,0.0015,105217.17197859158,-0.03950553430249104
Fixed_100pct,2023-10-11,99175.02679165131,1.0,0.8176374435424805,-0.018656986436631606,0.0,105217.17197859158,-0.05742546652146907
Fixed_100pct,2023-10-12,99967.29734874981,1.0,0.8124175071716309,0.007988609458739138,0.0,105217.17197859158,-0.049895606687755834
Fixed_100pct,2023-10-13,98657.11230339942,1.0,0.7947026491165161,-0.013106136507618271,0.0,105217.17197859158,-0.062347804562993936
Fixed_100pct,2023-10-16,98509.12663494433,0.0,0.6732787489891052,-0.0048239950524122666,0.0015,105217.17197859158,-0.06375428285614937
Fixed_100pct,2023-10-17,98509.12663494433,0.0,0.5504212975502014,-0.005645784506195239,0.0,105217.17197859158,-0.06375428285614937
Fixed_100pct,2023-10-18,98509.12663494433,0.0,0.5228396654129028,-0.009061609479174115,0.0,105217.17197859158,-0.06375428285614937
Fixed_100pct,2023-10-19,98509.12663494433,0.0,0.3770579397678375,0.011256969769417813,0.0,105217.17197859158,-0.06375428285614937
Fixed_100pct,2023-10-20,98509.12663494433,0.0,0.4367595314979553,-0.02415193524347381,0.0,105217.17197859158,-0.06375428285614937
Fixed_100pct,2023-10-23,98509.12663494433,0.0,0.2586957812309265,-0.005879449661060354,0.0,105217.17197859158,-0.06375428285614937
Fixed_100pct,2023-10-25,98509.12663494433,0.0,0.2178797721862793,-0.015737027261564784,0.0,105217.17197859158,-0.06375428285614937
Fixed_100pct,2023-10-26,98509.12663494433,0.0,0.2005378305912017,0.004255623337641401,0.0,105217.17197859158,-0.06375428285614937
Fixed_100pct,2023-10-27,98509.12663494433,0.0,0.2372064292430877,0.008236499517576545,0.0,105217.17197859158,-0.06375428285614937
Fixed_100pct,2023-10-30,98509.12663494433,0.0,0.2145546972751617,-0.002900667057314732,0.0,105217.17197859158,-0.06375428285614937
Fixed_100pct,2023-10-31,98509.12663494433,0.0,0.2151027917861938,-0.011309862012987004,0.0,105217.17197859158,-0.06375428285614937
Fixed_100pct,2023-11-01,98509.12663494433,0.0,0.2245258241891861,0.008842176805126334,0.0,105217.17197859158,-0.06375428285614937
Fixed_100pct,2023-11-02,98509.12663494433,0.0,0.2077296823263168,-0.0027380717970031387,0.0,105217.17197859158,-0.06375428285614937
Fixed_100pct,2023-11-03,98509.12663494433,0.0,0.2210359573364257,0.008758870306964761,0.0,105217.17197859158,-0.06375428285614937
Fixed_100pct,2023-11-06,98509.12663494433,0.0,0.2036211788654327,-0.0028992082917314033,0.0,105217.17197859158,-0.06375428285614937
Fixed_100pct,2023-11-07,98509.12663494433,0.0,0.2096471041440963,0.003293357805948416,0.0,105217.17197859158,-0.06375428285614937
Fixed_100pct,2023-11-08,98509.12663494433,0.0,0.2173814177513122,-0.010084161749451925,0.0,105217.17197859158,-0.06375428285614937
Fixed_100pct,2023-11-09,98509.12663494433,0.0,0.2299340069293975,-0.00418228807128207,0.0,105217.17197859158,-0.06375428285614937
Fixed_100pct,2023-11-10,98509.12663494433,0.0,0.2407434731721878,-0.0005699507631972134,0.0,105217.17197859158,-0.06375428285614937
Fixed_100pct,2023-11-13,98509.12663494433,0.0,0.2310312539339065,0.021836682305159894,0.0,105217.17197859158,-0.06375428285614937
Fixed_100pct,2023-11-15,98509.12663494433,0.0,0.2373900860548019,0.02747996577455858,0.0,105217.17197859158,-0.06375428285614937
Fixed_100pct,2023-11-16,98509.12663494433,0.0,0.4724089801311493,0.0013150516423523495,0.0,105217.17197859158,-0.06375428285614937
Fixed_100pct,2023-11-17,98509.12663494433,0.0,0.4598599970340729,0.004896614290986978,0.0,105217.17197859158,-0.06375428285614937
Fixed_100pct,2023-11-20,98509.12663494433,0.0,0.4566028118133545,-0.002670799586190098,0.0,105217.17197859158,-0.06375428285614937
Fixed_100pct,2023-11-21,98509.12663494433,0.0,0.4598599970340729,0.0056834230099098715,0.0,105217.17197859158,-0.06375428285614937
Fixed_100pct,2023-11-22,98509.12663494433,0.0,0.4584375321865082,-0.006203674900380318,0.0,105217.17197859158,-0.06375428285614937
Fixed_100pct,2023-11-23,98509.12663494433,0.0,0.4655188024044037,-0.014579890926744055,0.0,105217.17197859158,-0.06375428285614937
Fixed_100pct,2023-11-24,98509.12663494433,0.0,0.3427473902702331,0.0037747835812873554,0.0,105217.17197859158,-0.06375428285614937
Fixed_100pct,2023-11-28,98509.12663494433,0.0,0.4109815955162048,0.012564326868646836,0.0,105217.17197859158,-0.06375428285614937
Fixed_100pct,2023-11-29,97628.24190864275,1.0,0.7758294939994812,-0.0074421635983635825,0.0015,105217.17197859158,-0.07212634522711692
Fixed_100pct,2023-11-30,97481.7995457798,0.0,0.6690741181373596,0.006895803421860691,0.0015,105217.17197859158,-0.07351815570927611
Fixed_100pct,2023-12-01,97481.7995457798,0.0,0.6609100699424744,0.00022782704722112967,0.0,105217.17197859158,-0.07351815570927611
Fixed_100pct,2023-12-04,97867.05509293103,1.0,0.720117449760437,0.005452076684533402,0.0015,105217.17197859158,-0.06985662841381135
Fixed_100pct,2023-12-05,97720.25451029163,0.0,0.6749309301376343,0.02052893815698864,0.0015,105217.17197859158,-0.07125184347119051
Fixed_100pct,2023-12-06,97720.25451029163,0.0,0.1137611120939254,0.0029965329471628444,0.0,105217.17197859158,-0.07125184347119051
Fixed_100pct,2023-12-07,97720.25451029163,0.0,0.1169709861278534,0.003264280933608754,0.0,105217.17197859158,-0.07125184347119051
Fixed_100pct,2023-12-08,97720.25451029163,0.0,0.1403062790632248,0.004466857305534866,0.0,105217.17197859158,-0.07125184347119051
Fixed_100pct,2023-12-11,97720.25451029163,0.0,0.4163255393505096,0.008015645802870841,0.0,105217.17197859158,-0.07125184347119051
Fixed_100pct,2023-12-12,97720.25451029163,0.0,0.3552113175392151,-0.021391042384236836,0.0,105217.17197859158,-0.07125184347119051
Fixed_100pct,2023-12-13,97720.25451029163,0.0,0.1479827016592025,0.020508953589197576,0.0,105217.17197859158,-0.07125184347119051
Fixed_100pct,2023-12-14,97720.25451029163,0.0,0.2794911861419678,0.052832503919830964,0.0,105217.17197859158,-0.07125184347119051
Fixed_100pct,2023-12-15,97528.11566449737,1.0,0.7482826113700867,-0.0004662131126974556,0.0015,105217.17197859158,-0.07307796027495106
Fixed_100pct,2023-12-18,97381.82349100063,0.0,0.5569281578063965,-0.01114220577944991,0.0015,105217.17197859158,-0.07446834333453856
Fixed_100pct,2023-12-19,97381.82349100063,0.0,0.4205552041530609,-0.009472748494912864,0.0,105217.17197859158,-0.07446834333453856
Fixed_100pct,2023-12-20,97381.82349100063,0.0,0.3764108419418335,0.0019708604583648093,0.0,105217.17197859158,-0.07446834333453856
Fixed_100pct,2023-12-21,97381.82349100063,0.0,0.3764108419418335,0.009636963696369572,0.0,105217.17197859158,-0.07446834333453856
Fixed_100pct,2023-12-22,97381.82349100063,0.0,0.440430611371994,-0.0074398407876241635,0.0,105217.17197859158,-0.07446834333453856
Fixed_100pct,2023-12-26,97381.82349100063,0.0,0.3623464107513428,0.004123223812733556,0.0,105217.17197859158,-0.07446834333453856
Fixed_100pct,2023-12-27,97381.82349100063,0.0,0.3616976737976074,-0.0029649582737453217,0.0,105217.17197859158,-0.07446834333453856
Fixed_100pct,2023-12-28,97381.82349100063,0.0,0.2222419083118438,-0.0017105713747856965,0.0,105217.17197859158,-0.07446834333453856
Fixed_100pct,2023-12-29,97381.82349100063,0.0,0.2222419083118438,0.004666050447664105,0.0,105217.17197859158,-0.07446834333453856
Fixed_100pct,2024-01-01,97381.82349100063,0.0,0.2194124460220337,-0.007320759300321944,0.0,105217.17197859158,-0.07446834333453856
Fixed_100pct,2024-01-02,97381.82349100063,0.0,0.2222419083118438,-0.02417264547266329,0.0,105217.17197859158,-0.07446834333453856
Fixed_100pct,2024-01-03,97381.82349100063,0.0,0.2260116785764694,-0.006758299227161868,0.0,105217.17197859158,-0.07446834333453856
Fixed_100pct,2024-01-04,97381.82349100063,0.0,0.2298665940761566,0.01939016378554581,0.0,105217.17197859158,-0.07446834333453856
Fixed_100pct,2024-01-05,97381.82349100063,0.0,0.2483001500368118,-0.01594474305699156,0.0,105217.17197859158,-0.07446834333453856
Fixed_100pct,2024-01-08,97381.82349100063,0.0,0.25412318110466,0.003153590887540636,0.0,105217.17197859158,-0.07446834333453856
Fixed_100pct,2024-01-09,97381.82349100063,0.0,0.2573987543582916,0.0062739226258334835,0.0,105217.17197859158,-0.07446834333453856
Fixed_100pct,2024-01-10,97381.82349100063,0.0,0.2590965628623962,0.006059708246351603,0.0,105217.17197859158,-0.07446834333453856
Fixed_100pct,2024-01-11,97381.82349100063,0.0,0.2498334795236587,0.03941855900075386,0.0,105217.17197859158,-0.07446834333453856
Fixed_100pct,2024-01-12,97381.82349100063,0.0,0.4356746077537536,0.005408468047778614,0.0,105217.17197859158,-0.07446834333453856
Fixed_100pct,2024-01-15,97381.82349100063,0.0,0.4284645020961761,-0.010886828082487976,0.0,105217.17197859158,-0.07446834333453856
Fixed_100pct,2024-01-16,97381.82349100063,0.0,0.3039643764495849,0.0060342497432170905,0.0,105217.17197859158,-0.07446834333453856
Fixed_100pct,2024-01-17,97381.82349100063,0.0,0.3212807774543762,0.004633681601063699,0.0,105217.17197859158,-0.07446834333453856
Fixed_100pct,2024-01-18,97381.82349100063,0.0,0.3212807774543762,0.010364872177440754,0.0,105217.17197859158,-0.07446834333453856
Fixed_100pct,2024-01-19,97381.82349100063,0.0,0.4407603442668915,-0.021506206560408136,0.0,105217.17197859158,-0.07446834333453856
Fixed_100pct,2024-01-23,97381.82349100063,0.0,0.2206538915634155,-0.004263578350774289,0.0,105217.17197859158,-0.07446834333453856
Fixed_100pct,2024-01-24,97381.82349100063,0.0,0.2051985710859298,-0.008199281482545784,0.0,105217.17197859158,-0.07446834333453856
Fixed_100pct,2024-01-25,97381.82349100063,0.0,0.2035199105739593,-0.0024407654801320566,0.0,105217.17197859158,-0.07446834333453856
Fixed_100pct,2024-01-29,97381.82349100063,0.0,0.2092953324317932,-0.00011837705126938047,0.0,105217.17197859158,-0.07446834333453856
Fixed_100pct,2024-01-30,97381.82349100063,0.0,0.1914024800062179,0.004052019351382663,0.0,105217.17197859158,-0.07446834333453856
Fixed_100pct,2024-01-31,97381.82349100063,0.0,0.1914024800062179,0.01001060067890669,0.0,105217.17197859158,-0.07446834333453856
Fixed_100pct,2024-02-01,97381.82349100063,0.0,0.2071347534656524,0.0290985429539663,0.0,105217.17197859158,-0.07446834333453856
Fixed_100pct,2024-02-02,97381.82349100063,0.0,0.4180828034877777,0.0017648689997793454,0.0,105217.17197859158,-0.07446834333453856
Fixed_100pct,2024-02-05,97381.82349100063,0.0,0.3742114305496216,0.04094831731116333,0.0,105217.17197859158,-0.07446834333453856
Fixed_100pct,2024-02-06,97381.82349100063,0.0,0.4546887874603271,-0.012717625158667811,0.0,105217.17197859158,-0.07446834333453856
Fixed_100pct,2024-02-07,97381.82349100063,0.0,0.3383278548717499,0.01241617194617639,0.0,105217.17197859158,-0.07446834333453856
Fixed_100pct,2024-02-08,97381.82349100063,0.0,0.4314286112785339,-9.673262240961211e-05,0.0,105217.17197859158,-0.07446834333453856
Fixed_100pct,2024-02-09,97381.82349100063,0.0,0.3872627913951874,-0.0031448821602354515,0.0,105217.17197859158,-0.07446834333453856
Fixed_100pct,2024-02-12,97381.82349100063,0.0,0.3427011668682098,0.00698905606388478,0.0,105217.17197859158,-0.07446834333453856
Fixed_100pct,2024-02-13,97381.82349100063,0.0,0.4546887874603271,-0.011905025266598424,0.0,105217.17197859158,-0.07446834333453856
Fixed_100pct,2024-02-14,97381.82349100063,0.0,0.3212807774543762,0.0007561029200291447,0.0,105217.17197859158,-0.07446834333453856
Fixed_100pct,2024-02-15,97381.82349100063,0.0,0.3212807774543762,0.006117081346329156,0.0,105217.17197859158,-0.07446834333453856
Fixed_100pct,2024-02-16,97381.82349100063,0.0,0.3624115288257599,-0.005934646503187868,0.0,105217.17197859158,-0.07446834333453856
Fixed_100pct,2024-02-19,97381.82349100063,0.0,0.3212807774543762,-0.01782491978780143,0.0,105217.17197859158,-0.07446834333453856
Fixed_100pct,2024-02-20,97381.82349100063,0.0,0.2139943093061447,-0.00971304958066066,0.0,105217.17197859158,-0.07446834333453856
Fixed_100pct,2024-02-21,97381.82349100063,0.0,0.2166910022497177,0.023950920119315988,0.0,105217.17197859158,-0.07446834333453856
Fixed_100pct,2024-02-22,97381.82349100063,0.0,0.2659252882003784,-0.008563528948084875,0.0,105217.17197859158,-0.07446834333453856
Fixed_100pct,2024-02-23,97381.82349100063,0.0,0.2139943093061447,-0.012598417511367144,0.0,105217.17197859158,-0.07446834333453856
Fixed_100pct,2024-02-26,97381.82349100063,0.0,0.2252772599458694,0.025830682509431657,0.0,105217.17197859158,-0.07446834333453856
Fixed_100pct,2024-02-27,97381.82349100063,0.0,0.2479310482740402,0.003545047586723138,0.0,105217.17197859158,-0.07446834333453856
Fixed_100pct,2024-02-28,97381.82349100063,0.0,0.3037738800048828,-0.00579033407186913,0.0,105217.17197859158,-0.07446834333453856
Fixed_100pct,2024-02-29,97381.82349100063,0.0,0.2111648470163345,-0.00018314570635991068,0.0,105217.17197859158,-0.07446834333453856
Fixed_100pct,2024-03-01,97381.82349100063,0.0,0.2136535197496414,-0.0033338982155406427,0.0,105217.17197859158,-0.07446834333453856
Fixed_100pct,2024-03-04,97381.82349100063,0.0,0.2299204766750335,-0.01681080558150938,0.0,105217.17197859158,-0.07446834333453856
Fixed_100pct,2024-03-05,97381.82349100063,0.0,0.2008787244558334,0.013010630318612604,0.0,105217.17197859158,-0.07446834333453856
Fixed_100pct,2024-03-06,97381.82349100063,0.0,0.2037343084812164,0.010899797823956892,0.0,105217.17197859158,-0.07446834333453856
Fixed_100pct,2024-03-07,97381.82349100063,0.0,0.2551262378692627,0.003346638678182412,0.0,105217.17197859158,-0.07446834333453856
Fixed_100pct,2024-03-11,97381.82349100063,0.0,0.3069292902946472,0.01695632362314181,0.0,105217.17197859158,-0.07446834333453856
Fixed_100pct,2024-03-12,97381.82349100063,0.0,0.4226202666759491,-0.010316655733794478,0.0,105217.17197859158,-0.07446834333453856
Fixed_100pct,2024-03-13,97381.82349100063,0.0,0.2479310482740402,0.01412390881085801,0.0,105217.17197859158,-0.07446834333453856
Fixed_100pct,2024-03-14,97381.82349100063,0.0,0.4301608502864837,0.0027687760417725027,0.0,105217.17197859158,-0.07446834333453856
Fixed_100pct,2024-03-15,97381.82349100063,0.0,0.4183034896850586,-0.015820347218107433,0.0,105217.17197859158,-0.07446834333453856
Fixed_100pct,2024-03-18,97381.82349100063,0.0,0.2263822257518768,-0.042191439174443124,0.0,105217.17197859158,-0.07446834333453856
Fixed_100pct,2024-03-19,97381.82349100063,0.0,0.3924726247787475,-0.0016091686334454014,0.0,105217.17197859158,-0.07446834333453856
Fixed_100pct,2024-03-20,97381.82349100063,0.0,0.3924726247787475,0.0005162680698436173,0.0,105217.17197859158,-0.07446834333453856
Fixed_100pct,2024-03-21,97381.82349100063,0.0,0.4181064367294311,-0.015618130001819552,0.0,105217.17197859158,-0.07446834333453856
Fixed_100pct,2024-03-22,97381.82349100063,0.0,0.4326481819152832,-0.00854020894877261,0.0,105217.17197859158,-0.07446834333453856
Fixed_100pct,2024-03-26,97381.82349100063,0.0,0.6045350432395935,-0.009439096752095422,0.0,105217.17197859158,-0.07446834333453856
Fixed_100pct,2024-03-27,98133.28281964149,1.0,0.711513876914978,0.009216628234121282,0.0015,105217.17197859158,-0.06732635962114086
Fixed_100pct,2024-03-28,97986.08289541204,0.0,0.64478600025177,0.010435196105137434,0.0015,105217.17197859158,-0.06872537008170909
Fixed_100pct,2024-04-01,97986.08289541204,0.0,0.4683361053466797,-0.00841257449974464,0.0,105217.17197859158,-0.06872537008170909
Fixed_100pct,2024-04-02,97986.08289541204,0.0,0.6368498802185059,0.01634996632207164,0.0,105217.17197859158,-0.06872537008170909
Fixed_100pct,2024-04-03,97986.08289541204,0.0,0.4386820495128631,0.014186912397659013,0.0,105217.17197859158,-0.06872537008170909
Fixed_100pct,2024-04-04,97986.08289541204,0.0,0.4909493625164032,-0.006007555900079287,0.0,105217.17197859158,-0.06872537008170909
Fixed_100pct,2024-04-05,97986.08289541204,0.0,0.4595701694488525,-0.001683722101369578,0.0,105217.17197859158,-0.06872537008170909
Fixed_100pct,2024-04-08,97986.08289541204,0.0,0.423918068408966,-0.006544914395142709,0.0,105217.17197859158,-0.06872537008170909
Fixed_100pct,2024-04-09,97986.08289541204,0.0,0.4303626120090484,0.009653964359818135,0.0,105217.17197859158,-0.06872537008170909
Fixed_100pct,2024-04-10,97986.08289541204,0.0,0.4211709201335907,0.004203631538657326,0.0,105217.17197859158,-0.06872537008170909
Fixed_100pct,2024-04-12,97986.08289541204,0.0,0.4717677533626556,-0.01504472250739397,0.0,105217.17197859158,-0.06872537008170909
Fixed_100pct,2024-04-15,97986.08289541204,0.0,0.4466467201709747,-0.017355095704650103,0.0,105217.17197859158,-0.06872537008170909
Fixed_100pct,2024-04-16,97986.08289541204,0.0,0.6795939207077026,-0.0027886925975930676,0.0,105217.17197859158,-0.06872537008170909
Fixed_100pct,2024-04-18,96930.79031893727,1.0,0.7219113707542419,-0.009269821032657943,0.0015,105217.17197859158,-0.07875503117818372
Fixed_100pct,2024-04-19,97903.59795957127,1.0,0.7219113707542419,0.010036105528832495,0.0,105217.17197859158,-0.06950931945318195
Fixed_100pct,2024-04-22,98159.46194887355,1.0,0.711513876914978,0.0026134278477480954,0.0,105217.17197859158,-0.06707754919657083
Fixed_100pct,2024-04-23,98012.22275595025,0.0,0.6721768379211426,-0.01126536322652505,0.0015,105217.17197859158,-0.0684769328727759
Fixed_100pct,2024-04-24,98406.29600594123,1.0,0.7219113707542419,0.005520654148128301,0.0015,105217.17197859158,-0.06473160078885365
Fixed_100pct,2024-04-25,97618.22169638339,1.0,0.7219113707542419,-0.00800837285360545,0.0,105217.17197859158,-0.07222157884793112
Fixed_100pct,2024-04-26,98866.1146421904,1.0,0.7219113707542419,0.012783401747352707,0.0,105217.17197859158,-0.06036141455781974
Fixed_100pct,2024-04-29,97600.33487117775,1.0,0.7436636090278625,-0.012802968697553041,0.0,105217.17197859158,-0.07239157795424889
Fixed_100pct,2024-04-30,98689.853326304,1.0,0.7923908233642578,0.011163060624374888,0.0,105217.17197859158,-0.06203662890327144
Fixed_100pct,2024-05-02,98181.49453643712,1.0,0.7316038608551025,-0.005151074530286959,0.0,105217.17197859158,-0.06686814813446984
Fixed_100pct,2024-05-03,100165.10478427006,1.0,0.7769486904144287,0.020203504308001552,0.0,105217.17197859158,-0.04801561474537119
Fixed_100pct,2024-05-06,100014.85712709367,0.0,0.3915858268737793,0.014766427773869939,0.0015,105217.17197859158,-0.049443591323253044
Fixed_100pct,2024-05-07,100014.85712709367,0.0,0.3697722554206848,-0.0005026451763764372,0.0,105217.17197859158,-0.049443591323253044
Fixed_100pct,2024-05-08,100014.85712709367,0.0,0.301511138677597,-0.0042117703782177385,0.0,105217.17197859158,-0.049443591323253044
Fixed_100pct,2024-05-09,100014.85712709367,0.0,0.3406410813331604,-0.016741591244276988,0.0,105217.17197859158,-0.049443591323253044
Fixed_100pct,2024-05-10,100014.85712709367,0.0,0.3453083634376526,0.013842201349842709,0.0,105217.17197859158,-0.049443591323253044
Fixed_100pct,2024-05-13,100014.85712709367,0.0,0.339055985212326,-0.011804067348872627,0.0,105217.17197859158,-0.049443591323253044
Fixed_100pct,2024-05-14,100014.85712709367,0.0,0.2392671853303909,-0.005331705395381414,0.0,105217.17197859158,-0.049443591323253044
Fixed_100pct,2024-05-15,100014.85712709367,0.0,0.4329863488674164,0.005295858505643514,0.0,105217.17197859158,-0.049443591323253044
Fixed_100pct,2024-05-16,100014.85712709367,0.0,0.3674110770225525,-0.017136813943368523,0.0,105217.17197859158,-0.049443591323253044
Fixed_100pct,2024-05-17,100014.85712709367,0.0,0.5577951073646545,-0.0036253999974784623,0.0,105217.17197859158,-0.049443591323253044
Fixed_100pct,2024-05-21,100014.85712709367,0.0,0.65833580493927,0.0030888563370892186,0.0,105217.17197859158,-0.049443591323253044
Fixed_100pct,2024-05-22,100014.85712709367,0.0,0.6579462289810181,0.01603599978389214,0.0,105217.17197859158,-0.049443591323253044
Fixed_100pct,2024-05-23,100014.85712709367,0.0,0.3188414573669433,-0.011288176738639355,0.0,105217.17197859158,-0.049443591323253044
Fixed_100pct,2024-05-24,100014.85712709367,0.0,0.6009922027587891,-0.0006364336074490273,0.0,105217.17197859158,-0.049443591323253044
Fixed_100pct,2024-05-27,100014.85712709367,0.0,0.6740281581878662,-0.0018586050073752247,0.0,105217.17197859158,-0.049443591323253044
Fixed_100pct,2024-05-28,98920.6595599994,1.0,0.7135289907455444,-0.009440350249201646,0.0015,105217.17197859158,-0.059843011365799836
Fixed_100pct,2024-05-29,97163.90712368311,1.0,0.7335686087608337,-0.01775920666249453,0.0,105217.17197859158,-0.0765394536221431
Fixed_100pct,2024-05-30,95469.56205351936,1.0,0.7196359634399414,-0.017438008827773466,0.0,105217.17197859158,-0.09264276678198069
Fixed_100pct,2024-05-31,96299.18192162302,1.0,0.8457560539245605,0.008689888696028492,0.0,105217.17197859158,-0.08475793341777982
Fixed_100pct,2024-06-03,96615.16167377969,1.0,0.8628421425819397,0.003281229869780633,0.0,105217.17197859158,-0.0817548138108305
Fixed_100pct,2024-06-04,96470.23893126902,0.0,0.2884446680545807,0.008465666533479244,0.0015,105217.17197859158,-0.08313218159011426
Fixed_100pct,2024-06-05,96470.23893126902,0.0,0.2209851294755935,0.02240786671809558,0.0,105217.17197859158,-0.08313218159011426
Fixed_100pct,2024-06-06,96470.23893126902,0.0,0.3052290380001068,0.016590969728575766,0.0,105217.17197859158,-0.08313218159011426
Fixed_100pct,2024-06-07,96470.23893126902,0.0,0.2829272449016571,-0.009052504639766035,0.0,105217.17197859158,-0.08313218159011426
Fixed_100pct,2024-06-10,96470.23893126902,0.0,0.3222821354866028,-0.001710382667514887,0.0,105217.17197859158,-0.08313218159011426
Fixed_100pct,2024-06-11,96470.23893126902,0.0,0.3758260905742645,-0.005308843174906763,0.0,105217.17197859158,-0.08313218159011426
Fixed_100pct,2024-06-12,96470.23893126902,0.0,0.4066451489925384,0.012135764275216454,0.0,105217.17197859158,-0.08313218159011426
Fixed_100pct,2024-06-13,96470.23893126902,0.0,0.4400219321250915,-0.011887073650186819,0.0,105217.17197859158,-0.08313218159011426
Fixed_100pct,2024-06-14,96470.23893126902,0.0,0.4116044342517853,-0.004423207149149455,0.0,105217.17197859158,-0.08313218159011426
Fixed_100pct,2024-06-18,96470.23893126902,0.0,0.3943470120429992,-0.0035123970908672586,0.0,105217.17197859158,-0.08313218159011426
Fixed_100pct,2024-06-19,96470.23893126902,0.0,0.4451701939105987,-0.0038009183674321267,0.0,105217.17197859158,-0.08313218159011426
Fixed_100pct,2024-06-20,96470.23893126902,0.0,0.1704689264297485,0.006205030034985848,0.0,105217.17197859158,-0.08313218159011426
Fixed_100pct,2024-06-21,96470.23893126902,0.0,0.1675410717725753,0.0015876268000065696,0.0,105217.17197859158,-0.08313218159011426
Fixed_100pct,2024-06-24,96470.23893126902,0.0,0.1702487021684646,0.0056722652658729444,0.0,105217.17197859158,-0.08313218159011426
Fixed_100pct,2024-06-25,96470.23893126902,0.0,0.2115805596113205,0.004533117978798407,0.0,105217.17197859158,-0.08313218159011426
Fixed_100pct,2024-06-26,96470.23893126902,0.0,0.1747529655694961,0.020306755372853758,0.0,105217.17197859158,-0.08313218159011426
Fixed_100pct,2024-06-27,96470.23893126902,0.0,0.1585526466369629,-0.007625535565416008,0.0,105217.17197859158,-0.08313218159011426
Fixed_100pct,2024-06-28,96470.23893126902,0.0,0.120798535645008,0.01896700963855702,0.0,105217.17197859158,-0.08313218159011426
Fixed_100pct,2024-07-01,96470.23893126902,0.0,0.1676857769489288,0.009853690526623105,0.0,105217.17197859158,-0.08313218159011426
Fixed_100pct,2024-07-02,96470.23893126902,0.0,0.09813142567873,-0.012981008515812853,0.0,105217.17197859158,-0.08313218159011426
Fixed_100pct,2024-07-03,96470.23893126902,0.0,0.1081952154636383,0.01404702129042934,0.0,105217.17197859158,-0.08313218159011426
Fixed_100pct,2024-07-04,96470.23893126902,0.0,0.0982093587517738,-0.0022755573819274177,0.0,105217.17197859158,-0.08313218159011426
Fixed_100pct,2024-07-05,96470.23893126902,0.0,0.1049072816967964,-0.004636347133422869,0.0,105217.17197859158,-0.08313218159011426
Fixed_100pct,2024-07-08,96470.23893126902,0.0,0.1101596057415008,-0.001928265868483603,0.0,105217.17197859158,-0.08313218159011426
Fixed_100pct,2024-07-09,96470.23893126902,0.0,0.1074301674962043,-0.019156968424601684,0.0,105217.17197859158,-0.08313218159011426
Fixed_100pct,2024-07-10,96470.23893126902,0.0,0.067156933248043,0.0037220493436185276,0.0,105217.17197859158,-0.08313218159011426
Fixed_100pct,2024-07-11,96470.23893126902,0.0,0.0651871934533119,0.06632776394201523,0.0,105217.17197859158,-0.08313218159011426
Fixed_100pct,2024-07-12,96470.23893126902,0.0,0.2866563498973846,-0.003525376572724337,0.0,105217.17197859158,-0.08313218159011426
Fixed_100pct,2024-07-15,96470.23893126902,0.0,0.2609844505786896,0.0022186509562194257,0.0,105217.17197859158,-0.08313218159011426
Fixed_100pct,2024-07-16,96470.23893126902,0.0,0.2654161155223846,0.03281111487910082,0.0,105217.17197859158,-0.08313218159011426
Fixed_100pct,2024-07-18,96470.23893126902,0.0,0.2534982562065124,-0.003047097806510468,0.0,105217.17197859158,-0.08313218159011426
Fixed_100pct,2024-07-19,96470.23893126902,0.0,0.2295404523611068,-0.0034980022845625403,0.0,105217.17197859158,-0.08313218159011426
Fixed_100pct,2024-07-22,96470.23893126902,0.0,0.2242989689111709,0.003498664596623513,0.0,105217.17197859158,-0.08313218159011426
Fixed_100pct,2024-07-23,96470.23893126902,0.0,0.2242989689111709,0.0009064586226663618,0.0,105217.17197859158,-0.08313218159011426
Fixed_100pct,2024-07-24,96470.23893126902,0.0,0.2841377854347229,0.0037735849056603765,0.0,105217.17197859158,-0.08313218159011426
Fixed_100pct,2024-07-25,96470.23893126902,0.0,0.2812440991401672,0.015118588237420516,0.0,105217.17197859158,-0.08313218159011426
Fixed_100pct,2024-07-26,96470.23893126902,0.0,0.2386145740747451,-0.0015383387877369037,0.0,105217.17197859158,-0.08313218159011426
Fixed_100pct,2024-07-29,96470.23893126902,0.0,0.286546915769577,-0.003594987480068257,0.0,105217.17197859158,-0.08313218159011426
Fixed_100pct,2024-07-30,96470.23893126902,0.0,0.2715286314487457,0.00458153402420991,0.0,105217.17197859158,-0.08313218159011426
Fixed_100pct,2024-07-31,96470.23893126902,0.0,0.2840441465377807,0.002679375588799493,0.0,105217.17197859158,-0.08313218159011426
Fixed_100pct,2024-08-01,96470.23893126902,0.0,0.296279102563858,-0.0259376158003638,0.0,105217.17197859158,-0.08313218159011426
Fixed_100pct,2024-08-02,96470.23893126902,0.0,0.294759064912796,-0.029885246690317002,0.0,105217.17197859158,-0.08313218159011426
Fixed_100pct,2024-08-05,96470.23893126902,0.0,0.2707370817661285,0.003886930694977364,0.0,105217.17197859158,-0.08313218159011426
Fixed_100pct,2024-08-06,96470.23893126902,0.0,0.2707370817661285,0.007012370212504004,0.0,105217.17197859158,-0.08313218159011426
Fixed_100pct,2024-08-07,96470.23893126902,0.0,0.3227385282516479,-0.0066422381715501855,0.0,105217.17197859158,-0.08313218159011426
Fixed_100pct,2024-08-08,96470.23893126902,0.0,0.3355268836021423,0.013469029237078045,0.0,105217.17197859158,-0.08313218159011426
Fixed_100pct,2024-08-09,96470.23893126902,0.0,0.3270950615406036,-0.00782739524830034,0.0,105217.17197859158,-0.08313218159011426
Fixed_100pct,2024-08-12,96470.23893126902,0.0,0.3264108598232269,0.0003099145541252124,0.0,105217.17197859158,-0.08313218159011426
Fixed_100pct,2024-08-13,96470.23893126902,0.0,0.3388810753822326,0.023421722944744428,0.0,105217.17197859158,-0.08313218159011426
Fixed_100pct,2024-08-14,96470.23893126902,0.0,0.242540031671524,0.02812404509341704,0.0,105217.17197859158,-0.08313218159011426
Fixed_100pct,2024-08-16,96470.23893126902,0.0,0.2669140696525574,0.01674577927857701,0.0,105217.17197859158,-0.08313218159011426
Fixed_100pct,2024-08-19,96470.23893126902,0.0,0.2460161000490188,0.007416437569599088,0.0,105217.17197859158,-0.08313218159011426
Fixed_100pct,2024-08-20,96470.23893126902,0.0,0.2275067567825317,0.006234429847713496,0.0,105217.17197859158,-0.08313218159011426
Fixed_100pct,2024-08-21,96470.23893126902,0.0,0.2480917125940323,-0.010875535537734793,0.0,105217.17197859158,-0.08313218159011426
Fixed_100pct,2024-08-22,96470.23893126902,0.0,0.2242989689111709,-0.008462927067136805,0.0,105217.17197859158,-0.08313218159011426
Fixed_100pct,2024-08-23,96470.23893126902,0.0,0.2429498732089996,0.00863601196534658,0.0,105217.17197859158,-0.08313218159011426
Fixed_100pct,2024-08-26,96470.23893126902,0.0,0.2439489513635635,-0.0011772019098108544,0.0,105217.17197859158,-0.08313218159011426
Fixed_100pct,2024-08-27,96470.23893126902,0.0,0.244068294763565,0.0019790094920144607,0.0,105217.17197859158,-0.08313218159011426
Fixed_100pct,2024-08-28,96470.23893126902,0.0,0.2533520460128784,0.0012760622383751752,0.0,105217.17197859158,-0.08313218159011426
Fixed_100pct,2024-08-29,96470.23893126902,0.0,0.2592674493789673,0.009297884908128218,0.0,105217.17197859158,-0.08313218159011426
Fixed_100pct,2024-08-30,96470.23893126902,0.0,0.2506621479988098,-0.0071809377573428534,0.0,105217.17197859158,-0.08313218159011426
Fixed_100pct,2024-09-02,96470.23893126902,0.0,0.2566772103309631,-0.0019242670191843558,0.0,105217.17197859158,-0.08313218159011426
Fixed_100pct,2024-09-03,96470.23893126902,0.0,0.3106915652751922,-0.007335445375446947,0.0,105217.17197859158,-0.08313218159011426
Fixed_100pct,2024-09-04,96470.23893126902,0.0,0.327718049287796,-0.0007366868755930289,0.0,105217.17197859158,-0.08313218159011426
Fixed_100pct,2024-09-05,96470.23893126902,0.0,0.327718049287796,-0.004289635602426456,0.0,105217.17197859158,-0.08313218159011426
Fixed_100pct,2024-09-06,96470.23893126902,0.0,0.3231621384620666,-0.0016155708335671148,0.0,105217.17197859158,-0.08313218159011426
Fixed_100pct,2024-09-09,96470.23893126902,0.0,0.357803463935852,0.013102514979679958,0.0,105217.17197859158,-0.08313218159011426
Fixed_100pct,2024-09-10,96470.23893126902,0.0,0.3259206712245941,-0.006322304287540104,0.0,105217.17197859158,-0.08313218159011426
Fixed_100pct,2024-09-11,96470.23893126902,0.0,0.3258581459522247,0.008561531655298937,0.0,105217.17197859158,-0.08313218159011426
Fixed_100pct,2024-09-12,96470.23893126902,0.0,0.3316980302333832,0.0010846010429894637,0.0,105217.17197859158,-0.08313218159011426
Fixed_100pct,2024-09-13,96470.23893126902,0.0,0.3316980302333832,-0.002067416409665679,0.0,105217.17197859158,-0.08313218159011426
Fixed_100pct,2024-09-16,96470.23893126902,0.0,0.3296115696430206,-0.0016839522863235645,0.0,105217.17197859158,-0.08313218159011426
Fixed_100pct,2024-09-17,96470.23893126902,0.0,0.3421419560909271,-0.03539999854783016,0.0,105217.17197859158,-0.08313218159011426
Fixed_100pct,2024-09-18,96470.23893126902,0.0,0.236836165189743,-0.011504435218177012,0.0,105217.17197859158,-0.08313218159011426
Fixed_100pct,2024-09-19,96470.23893126902,0.0,0.1933979839086532,-0.0026186237109330213,0.0,105217.17197859158,-0.08313218159011426
Fixed_100pct,2024-09-20,96470.23893126902,0.0,0.1933979839086532,-0.003827371167942517,0.0,105217.17197859158,-0.08313218159011426
Fixed_100pct,2024-09-23,96470.23893126902,0.0,0.2365657389163971,0.0006559223819841975,0.0,105217.17197859158,-0.08313218159011426
Fixed_100pct,2024-09-24,96470.23893126902,0.0,0.2511974573135376,0.0008077623838798065,0.0,105217.17197859158,-0.08313218159011426
Fixed_100pct,2024-09-25,96470.23893126902,0.0,0.2854065299034118,0.004152289607579407,0.0,105217.17197859158,-0.08313218159011426
Fixed_100pct,2024-09-26,96470.23893126902,0.0,0.3754554092884063,0.003774069962143356,0.0,105217.17197859158,-0.08313218159011426
Fixed_100pct,2024-09-27,96470.23893126902,0.0,0.3710492253303528,-0.009330005219725934,0.0,105217.17197859158,-0.08313218159011426
Fixed_100pct,2024-09-30,96470.23893126902,0.0,0.3588312566280365,0.004544899225430443,0.0,105217.17197859158,-0.08313218159011426
Fixed_100pct,2024-10-01,96470.23893126902,0.0,0.384001225233078,-0.01286175134676193,0.0,105217.17197859158,-0.08313218159011426
Fixed_100pct,2024-10-03,96470.23893126902,0.0,0.6041865348815918,0.004606934026342158,0.0,105217.17197859158,-0.08313218159011426
Fixed_100pct,2024-10-04,96470.23893126902,0.0,0.58246910572052,0.00484451705714628,0.0,105217.17197859158,-0.08313218159011426
Fixed_100pct,2024-10-07,96470.23893126902,0.0,0.3540689051151275,-0.004587125035582451,0.0,105217.17197859158,-0.08313218159011426
Fixed_100pct,2024-10-08,96470.23893126902,0.0,0.58246910572052,-7.048837653556017e-05,0.0,105217.17197859158,-0.08313218159011426
Fixed_100pct,2024-10-09,96470.23893126902,0.0,0.2640060484409332,-0.006007663338477576,0.0,105217.17197859158,-0.08313218159011426
Fixed_100pct,2024-10-10,96470.23893126902,0.0,0.4729017913341522,-0.01849829891605348,0.0,105217.17197859158,-0.08313218159011426
Fixed_100pct,2024-10-11,96033.73522515186,1.0,0.7608885765075684,-0.003024749922389547,0.0015,105217.17197859158,-0.08728077918030586
Fixed_100pct,2024-10-14,95572.9084528805,1.0,0.7580382823944092,-0.004798592611137686,0.0,105217.17197859158,-0.09166054688937453
Fixed_100pct,2024-10-15,95065.65666779735,1.0,0.7607991695404053,-0.0053074850739028845,0.0,105217.17197859158,-0.09648154497879635
Fixed_100pct,2024-10-16,95391.8333327107,1.0,0.7894052863121033,0.0034310672891384453,0.0,105217.17197859158,-0.09338151236264014
Fixed_100pct,2024-10-17,95718.00432981635,1.0,0.7607991695404053,0.0034192759035045484,0.0,105217.17197859158,-0.09028153361419
Fixed_100pct,2024-10-18,94715.10842980492,1.0,0.7467433214187622,-0.010477609798003495,0.0,105217.17197859158,-0.09981320873101873
Fixed_100pct,2024-10-21,93221.19901375024,1.0,0.7944980263710022,-0.015772662258649484,0.0,105217.17197859158,-0.11401155095940174
Fixed_100pct,2024-10-22,94399.37753446941,1.0,0.8129313588142395,0.012638525712862725,0.0,105217.17197859158,-0.10281396316490288
Fixed_100pct,2024-10-23,93973.37377266266,1.0,0.7620764970779419,-0.0045127814709499114,0.0,105217.17197859158,-0.10686276768792724
Fixed_100pct,2024-10-24,94197.40520733625,1.0,0.7775447964668274,0.0023839884179912563,0.0,105217.17197859158,-0.10473353887041847
Fixed_100pct,2024-10-25,94970.47717321204,1.0,0.7742302417755127,0.008206934831954227,0.0,105217.17197859158,-0.09738614536669377
Fixed_100pct,2024-10-28,94608.31559725707,1.0,0.7284544706344604,-0.003813412196449706,0.0,105217.17197859158,-0.10082818404863692
Fixed_100pct,2024-10-29,94826.53752904551,1.0,0.7427082061767578,0.0023065829933746063,0.0,105217.17197859158,-0.09875416962984174
Fixed_100pct,2024-10-30,92128.91611861557,1.0,0.7393041253089905,-0.028447958564380316,0.0,105217.17197859158,-0.12439277366853252
Fixed_100pct,2024-10-31,92494.55772849392,1.0,0.9053999185562134,0.003968803989917724,0.0,105217.17197859158,-0.12091766021506745
Fixed_100pct,2024-11-01,92029.08902172215,1.0,0.9119563698768616,-0.005032390209790516,0.0,105217.17197859158,-0.1253415455754009
Fixed_100pct,2024-11-04,92196.24400619841,1.0,0.8962885141372681,0.001816327709565968,0.0,105217.17197859158,-0.12375287918822342
Fixed_100pct,2024-11-05,96103.38124608104,1.0,0.8987098336219788,0.04237848604353078,0.0,105217.17197859158,-0.08661885280821757
Fixed_100pct,2024-11-06,95959.22617421193,0.0,0.6782045960426331,0.002717621119030067,0.0015,105217.17197859158,-0.08798892452900509
Fixed_100pct,2024-11-07,95725.1305930716,1.0,0.7009809613227844,-0.0009395317727483032,0.0015,105217.17197859158,-0.09021380452471495
Fixed_100pct,2024-11-08,96918.52532371458,1.0,0.7009809613227844,0.012466890598625602,0.0,105217.17197859158,-0.07887159955758472
Fixed_100pct,2024-11-11,96773.14753572902,0.0,0.5726436972618103,-0.0003096894058313149,0.0015,105217.17197859158,-0.08025329215824828
Fixed_100pct,2024-11-12,96773.14753572902,0.0,0.5741950869560242,-0.01120927378428449,0.0,105217.17197859158,-0.08025329215824828
Fixed_100pct,2024-11-13,96773.14753572902,0.0,0.593315601348877,-0.0010722457642822203,0.0,105217.17197859158,-0.08025329215824828
Fixed_100pct,2024-11-14,96773.14753572902,0.0,0.6569667458534241,-0.030487929115773804,0.0,105217.17197859158,-0.08025329215824828
Fixed_100pct,2024-11-18,97110.71112163844,1.0,0.7046766877174377,0.004988194757588049,0.0015,105217.17197859158,-0.0770450365136458
Fixed_100pct,2024-11-19,96965.04505495599,0.0,0.6871570348739624,0.008243504456092898,0.0015,105217.17197859158,-0.07842946895887526
Fixed_100pct,2024-11-21,96965.04505495599,0.0,0.6869116425514221,0.0421694871851126,0.0,105217.17197859158,-0.07842946895887526
Fixed_100pct,2024-11-22,96965.04505495599,0.0,0.5649750232696533,0.01660933854261759,0.0,105217.17197859158,-0.07842946895887526
Fixed_100pct,2024-11-25,96965.04505495599,0.0,0.4009934365749359,0.008713609604716455,0.0,105217.17197859158,-0.07842946895887526
Fixed_100pct,2024-11-26,96965.04505495599,0.0,0.3805783689022064,-0.004629400078300927,0.0,105217.17197859158,-0.07842946895887526
Fixed_100pct,2024-11-27,96965.04505495599,0.0,0.3841496407985687,-0.02023055851520028,0.0,105217.17197859158,-0.07842946895887526
Fixed_100pct,2024-11-28,96965.04505495599,0.0,0.2898951768875122,0.006113264366533588,0.0,105217.17197859158,-0.07842946895887526
Fixed_100pct,2024-11-29,96965.04505495599,0.0,0.4073731303215027,0.0013579977182254233,0.0,105217.17197859158,-0.07842946895887526
Fixed_100pct,2024-12-02,96965.04505495599,0.0,0.3055686056613922,0.006102930623791858,0.0,105217.17197859158,-0.07842946895887526
Fixed_100pct,2024-12-03,96965.04505495599,0.0,0.3819903135299682,0.012003928265353458,0.0,105217.17197859158,-0.07842946895887526
Fixed_100pct,2024-12-04,96965.04505495599,0.0,0.4721872210502624,0.02518140382208145,0.0,105217.17197859158,-0.07842946895887526
Fixed_100pct,2024-12-05,96965.04505495599,0.0,0.436297208070755,-0.00415537583564185,0.0,105217.17197859158,-0.07842946895887526
Fixed_100pct,2024-12-06,96965.04505495599,0.0,0.3573099076747894,0.0014958727575637987,0.0,105217.17197859158,-0.07842946895887526
Fixed_100pct,2024-12-09,96965.04505495599,0.0,0.4462079703807831,-0.004402389426719888,0.0,105217.17197859158,-0.07842946895887526
Fixed_100pct,2024-12-10,96965.04505495599,0.0,0.3232079446315765,-0.0011504911619057978,0.0,105217.17197859158,-0.07842946895887526
Fixed_100pct,2024-12-11,96965.04505495599,0.0,0.3232079446315765,0.006211249994209966,0.0,105217.17197859158,-0.07842946895887526
Fixed_100pct,2024-12-12,96965.04505495599,0.0,0.4023072421550751,0.004253629378660362,0.0,105217.17197859158,-0.07842946895887526
Fixed_100pct,2024-12-13,96965.04505495599,0.0,0.4300086498260498,-0.013120478399728852,0.0,105217.17197859158,-0.07842946895887526
Fixed_100pct,2024-12-16,96965.04505495599,0.0,0.3563823699951172,-0.019636752916560196,0.0,105217.17197859158,-0.07842946895887526
Fixed_100pct,2024-12-17,96965.04505495599,0.0,0.415903240442276,0.004470393359420122,0.0,105217.17197859158,-0.07842946895887526
Fixed_100pct,2024-12-18,96965.04505495599,0.0,0.3719558715820312,-0.017468448453050733,0.0,105217.17197859158,-0.07842946895887526
Fixed_100pct,2024-12-19,96965.04505495599,0.0,0.3065764605998993,-0.023783351665264352,0.0,105217.17197859158,-0.07842946895887526
Fixed_100pct,2024-12-20,96965.04505495599,0.0,0.568117082118988,-0.0028774909627629075,0.0,105217.17197859158,-0.07842946895887526
Fixed_100pct,2024-12-23,96965.04505495599,0.0,0.5576220750808716,0.005098284469196246,0.0,105217.17197859158,-0.07842946895887526
Fixed_100pct,2024-12-24,96965.04505495599,0.0,0.5937625169754028,-0.002488312559815742,0.0,105217.17197859158,-0.07842946895887526
Fixed_100pct,2024-12-26,96965.04505495599,0.0,0.5832534432411194,-0.001019404643795685,0.0,105217.17197859158,-0.07842946895887526
Fixed_100pct,2024-12-27,96965.04505495599,0.0,0.5656948685646057,-0.0014527036572468122,0.0,105217.17197859158,-0.07842946895887526
Fixed_100pct,2024-12-30,96965.04505495599,0.0,0.5315733551979065,-0.015388996553101442,0.0,105217.17197859158,-0.07842946895887526
Fixed_100pct,2024-12-31,96965.04505495599,0.0,0.6027769446372986,0.004310380549454651,0.0,105217.17197859158,-0.07842946895887526
Fixed_100pct,2025-01-01,96965.04505495599,0.0,0.3396520018577575,0.015392236180671759,0.0,105217.17197859158,-0.07842946895887526
Fixed_100pct,2025-01-02,96965.04505495599,0.0,0.4462629556655884,-0.018164424991019557,0.0,105217.17197859158,-0.07842946895887526
Fixed_100pct,2025-01-03,96965.04505495599,0.0,0.3802525699138641,-0.0011951273105348381,0.0,105217.17197859158,-0.07842946895887526
Fixed_100pct,2025-01-06,96965.04505495599,0.0,0.6027769446372986,-0.016288144364316248,0.0,105217.17197859158,-0.07842946895887526
Fixed_100pct,2025-01-07,96965.04505495599,0.0,0.589745819568634,0.01988428184214497,0.0,105217.17197859158,-0.07842946895887526
Fixed_100pct,2025-01-08,96965.04505495599,0.0,0.4721475541591644,-0.016928684242209058,0.0,105217.17197859158,-0.07842946895887526
Fixed_100pct,2025-01-09,96965.04505495599,0.0,0.5819497108459473,0.056154548746216726,0.0,105217.17197859158,-0.07842946895887526
Fixed_100pct,2025-01-10,96965.04505495599,0.0,0.5834248661994934,0.005966311323045259,0.0,105217.17197859158,-0.07842946895887526
Fixed_100pct,2025-01-13,96965.04505495599,0.0,0.5351479053497314,-0.013528067779275621,0.0,105217.17197859158,-0.07842946895887526
Fixed_100pct,2025-01-14,96965.04505495599,0.0,0.6169790029525757,0.003909779882680153,0.0,105217.17197859158,-0.07842946895887526
Fixed_100pct,2025-01-15,96965.04505495599,0.0,0.6325839757919312,-0.010189262983270164,0.0,105217.17197859158,-0.07842946895887526
Fixed_100pct,2025-01-16,96965.04505495599,0.0,0.6367969512939453,-0.01949456857749876,0.0,105217.17197859158,-0.07842946895887526
Fixed_100pct,2025-01-17,96965.04505495599,0.0,0.5152623057365417,-0.011274581883335744,0.0,105217.17197859158,-0.07842946895887526
Fixed_100pct,2025-01-20,96965.04505495599,0.0,0.6982356905937195,-0.010287397780558316,0.0,105217.17197859158,-0.07842946895887526
Fixed_100pct,2025-01-21,96965.04505495599,0.0,0.6746646165847778,0.029919347120975548,0.0,105217.17197859158,-0.07842946895887526
Fixed_100pct,2025-01-22,96965.04505495599,0.0,0.4914069771766662,-0.0026824573165066257,0.0,105217.17197859158,-0.07842946895887526
Fixed_100pct,2025-01-23,96965.04505495599,0.0,0.4914069771766662,0.0016644518734183489,0.0,105217.17197859158,-0.07842946895887526
Fixed_100pct,2025-01-24,96965.04505495599,0.0,0.4914069771766662,-0.021000203080592694,0.0,105217.17197859158,-0.07842946895887526
Fixed_100pct,2025-01-27,96965.04505495599,0.0,0.5639668703079224,-0.006112899674695416,0.0,105217.17197859158,-0.07842946895887526
Fixed_100pct,2025-01-28,96965.04505495599,0.0,0.5229705572128296,0.014726568606366897,0.0,105217.17197859158,-0.07842946895887526
Fixed_100pct,2025-01-29,96965.04505495599,0.0,0.592658281326294,6.09785872260904e-05,0.0,105217.17197859158,-0.07842946895887526
Fixed_100pct,2025-01-30,96965.04505495599,0.0,0.592658281326294,0.0030121823501096934,0.0,105217.17197859158,-0.07842946895887526
Fixed_100pct,2025-01-31,96965.04505495599,0.0,0.5554901361465454,-0.009544305255340224,0.0,105217.17197859158,-0.07842946895887526
Fixed_100pct,2025-02-01,96712.4708867797,1.0,0.7181596755981445,-0.0011047960688632674,0.0015,105217.17197859158,-0.0808299722553113
Fixed_100pct,2025-02-03,97625.24282012688,1.0,0.7153918743133545,0.009437996206463906,0.0,105217.17197859158,-0.07215484902036162
Fixed_100pct,2025-02-04,97478.80495589669,0.0,0.5213248133659363,-0.0038834949147794617,0.0015,105217.17197859158,-0.07354661674683105
Fixed_100pct,2025-02-05,97478.80495589669,0.0,0.6626167893409729,-0.0020410396853974833,0.0,105217.17197859158,-0.07354661674683105
Fixed_100pct,2025-02-06,97478.80495589669,0.0,0.6966712474822998,-0.013067196780662593,0.0,105217.17197859158,-0.07354661674683105
Fixed_100pct,2025-02-07,97478.80495589669,0.0,0.6849414706230164,0.0018737402618522747,0.0,105217.17197859158,-0.07354661674683105
Fixed_100pct,2025-02-10,97478.80495589669,0.0,0.6849414706230164,-0.018182019403644833,0.0,105217.17197859158,-0.07354661674683105
Fixed_100pct,2025-02-11,97478.80495589669,0.0,0.5199754238128662,-0.003380844525562865,0.0,105217.17197859158,-0.07354661674683105
Fixed_100pct,2025-02-12,97478.80495589669,0.0,0.5351260304450989,-0.010126197989667851,0.0,105217.17197859158,-0.07354661674683105
Fixed_100pct,2025-02-13,97948.35483443737,1.0,0.8337576985359192,0.006316943321711177,0.0015,105217.17197859158,-0.06908394330949308
Fixed_100pct,2025-02-14,97801.43230218571,0.0,0.5098326802253723,-0.007713152192081685,0.0015,105217.17197859158,-0.07048031739452887
Fixed_100pct,2025-02-17,96870.71437539489,1.0,0.8371390700340271,-0.008016403848924325,0.0015,105217.17197859158,-0.0793260020797264
Fixed_100pct,2025-02-18,94642.28140792307,1.0,0.9005553126335144,-0.02300419669494913,0.0,105217.17197859158,-0.10050536781980957
Fixed_100pct,2025-02-19,94524.72711602859,1.0,0.9314850568771362,-0.0012420906400999465,0.0,105217.17197859158,-0.10162262168326064
Fixed_100pct,2025-02-20,94689.79893854445,1.0,0.9293535351753236,0.0017463348221384845,0.0,105217.17197859158,-0.10005375398408467
Fixed_100pct,2025-02-21,91928.64084140642,1.0,0.9348692297935486,-0.02916003759739827,0.0,105217.17197859158,-0.12629622035354604
Fixed_100pct,2025-02-24,90776.90553642879,1.0,0.9287832975387572,-0.012528579716136412,0.0,105217.17197859158,-0.13724248780513637
Fixed_100pct,2025-02-25,90351.7268301543,1.0,0.9299870729446412,-0.0046837761626923324,0.0,105217.17197859158,-0.14128345087493832
Fixed_100pct,2025-02-27,87117.8663900383,1.0,0.9354568123817444,-0.03579190518621844,0.0,105217.17197859158,-0.17201855218305928
Fixed_100pct,2025-02-28,87362.97063016589,1.0,0.9313012957572936,0.0028134784549271874,0.0,105217.17197859158,-0.16968904421854702
Fixed_100pct,2025-03-03,88338.38060338386,1.0,0.9012481570243835,0.011165027541785166,0.0,105217.17197859158,-0.16041859952900106
Fixed_100pct,2025-03-04,88713.53828539078,1.0,0.9005647897720337,0.004246825439230939,0.0,105217.17197859158,-0.15685304387917565
Fixed_100pct,2025-03-05,90077.86294350566,1.0,0.8894710540771484,0.015378990450430008,0.0,105217.17197859158,-0.14388629489268434
Fixed_100pct,2025-03-06,90317.96019634085,1.0,0.8298525214195251,0.0026654412636961666,0.0,105217.17197859158,-0.14160437409667548
Fixed_100pct,2025-03-07,89778.98243864118,1.0,0.8402940034866333,-0.005967559016257673,0.0,105217.17197859158,-0.14672690065355098
Fixed_100pct,2025-03-10,89420.08525317047,1.0,0.8483890295028687,-0.003997563524580916,0.0,105217.17197859158,-0.1501379140720045
Fixed_100pct,2025-03-11,87691.85642229248,1.0,0.8764618635177612,-0.019327076528555698,0.0,105217.17197859158,-0.16656326364545282
Fixed_100pct,2025-03-12,87813.1598485742,1.0,0.8382480144500732,0.0013832918041736253,0.0,105217.17197859158,-0.16541037743875642
Fixed_100pct,2025-03-13,87479.26706915522,1.0,0.8172340989112854,-0.0038023091299156375,0.0,105217.17197859158,-0.1685837451803539
Fixed_100pct,2025-03-17,87479.26706915522,1.0,0.8106125593185425,0.0,0.0,105217.17197859158,-0.1685837451803539
Fixed_100pct,2025-03-18,89116.20386709564,1.0,0.8179736733436584,0.018712282953243786,0.0,105217.17197859158,-0.15302604896824246
Fixed_100pct,2025-03-20,89490.1159083615,1.0,0.8013614416122437,0.004195780621709444,0.0,105217.17197859158,-0.14947233207741073
Fixed_100pct,2025-03-21,90761.89678671569,1.0,0.7974686622619629,0.014211411678765717,0.0,105217.17197859158,-0.13738513324438228
Fixed_100pct,2025-03-24,91482.20075738538,1.0,0.7744424939155579,0.007936193448693007,0.0,105217.17197859158,-0.1305392547900911
Fixed_100pct,2025-03-25,90933.22123726501,1.0,0.7823407053947449,-0.006000943523169933,0.0,105217.17197859158,-0.135756839617709
Fixed_100pct,2025-03-26,91318.38068169261,1.0,0.8817691206932068,0.004235629610245928,0.0,105217.17197859158,-0.1320962256971413
Fixed_100pct,2025-03-27,90191.65588884876,1.0,0.8777562975883484,-0.012338422828272133,0.0,105217.17197859158,-0.1428047894387433
Fixed_100pct,2025-03-28,88807.3277058925,1.0,0.88265460729599,-0.015348738963860464,0.0,105217.17197859158,-0.15596165496671943
Fixed_100pct,2025-04-01,88636.00325534318,1.0,0.9332331418991088,-0.0019291702044756942,0.0,105217.17197859158,-0.1575899485933926
Fixed_100pct,2025-04-02,85114.52192568856,1.0,0.9217604398727416,-0.039729694484417544,0.0,105217.17197859158,-0.1910586425663796
Fixed_100pct,2025-04-03,82519.68129180743,1.0,0.8700207471847534,-0.030486461947664245,0.0,105217.17197859158,-0.21572040247767144
Fixed_100pct,2025-04-04,81885.66847286499,1.0,0.84055495262146,-0.007683170960154806,0.0,105217.17197859158,-0.22174615670599684
Fixed_100pct,2025-04-07,82358.36470976088,1.0,0.8669483661651611,0.005772636967023459,0.0,105217.17197859158,-0.21725357980046978
Fixed_100pct,2025-04-08,81199.13113600876,1.0,0.7657562494277954,-0.014075480709668908,0.0,105217.17197859158,-0.22827111193855076
Fixed_100pct,2025-04-09,80821.46996035564,1.0,0.8892604112625122,-0.004651049467765067,0.0,105217.17197859158,-0.23186046117262782
Fixed_100pct,2025-04-11,81239.14429177358,1.0,0.921689748764038,0.005167863584055299,0.0,105217.17197859158,-0.22789082082244883
Fixed_100pct,2025-04-15,81879.41584483154,1.0,0.9234642386436462,0.007881318281226513,0.0,105217.17197859158,-0.22180558263349393
Fixed_100pct,2025-04-16,82507.17603574053,1.0,0.8622910380363464,0.007666886535910855,0.0,105217.17197859158,-0.2158392543326656
Fixed_100pct,2025-04-17,83074.9195460433,1.0,0.7736369371414185,0.006881140981686684,0.0,105217.17197859158,-0.21044333368942425
Fixed_100pct,2025-04-21,82950.30716672423,0.0,0.5356848835945129,-0.0021676887948012258,0.0015,105217.17197859158,-0.21162766868889005
Fixed_100pct,2025-04-22,85293.57076832034,1.0,0.7257519960403442,0.02974900451406781,0.0015,105217.17197859158,-0.1893569351429164
Fixed_100pct,2025-04-23,85165.63041216785,0.0,0.3339495956897735,-0.0033401413254467993,0.0015,105217.17197859158,-0.19057289974020197
Fixed_100pct,2025-04-24,85165.63041216785,0.0,0.3408219814300537,0.013640610598441683,0.0,105217.17197859158,-0.19057289974020197
Fixed_100pct,2025-04-25,85165.63041216785,0.0,0.3011215627193451,-0.0013051044083526309,0.0,105217.17197859158,-0.19057289974020197
Fixed_100pct,2025-04-28,85165.63041216785,0.0,0.3011215627193451,0.00842166400464639,0.0,105217.17197859158,-0.19057289974020197
Fixed_100pct,2025-04-29,85165.63041216785,0.0,0.3088956773281097,-0.005413980944024455,0.0,105217.17197859158,-0.19057289974020197
Fixed_100pct,2025-04-30,85165.63041216785,0.0,0.3119304180145263,-0.006572647158932465,0.0,105217.17197859158,-0.19057289974020197
Fixed_100pct,2025-05-02,85165.63041216785,0.0,0.3195918798446655,0.0067910372568129596,0.0,105217.17197859158,-0.19057289974020197
Fixed_100pct,2025-05-05,85165.63041216785,0.0,0.0899633169174194,0.0016501030863860233,0.0,105217.17197859158,-0.19057289974020197
Fixed_100pct,2025-05-06,85165.63041216785,0.0,0.0826934874057769,-0.004306330157153204,0.0,105217.17197859158,-0.19057289974020197
Fixed_100pct,2025-05-07,85165.63041216785,0.0,0.0829680934548378,0.0011029591535192118,0.0,105217.17197859158,-0.19057289974020197
Fixed_100pct,2025-05-08,85165.63041216785,0.0,0.081339031457901,-0.002493506265514034,0.0,105217.17197859158,-0.19057289974020197
Fixed_100pct,2025-05-09,85165.63041216785,0.0,0.0826145634055137,0.05235004242637875,0.0,105217.17197859158,-0.19057289974020197
Fixed_100pct,2025-05-12,85165.63041216785,0.0,0.2193900197744369,-0.029112779026294056,0.0,105217.17197859158,-0.19057289974020197
Fixed_100pct,2025-05-13,85165.63041216785,0.0,0.1284363120794296,0.00958746832770263,0.0,105217.17197859158,-0.19057289974020197
Fixed_100pct,2025-05-14,85165.63041216785,0.0,0.1629817634820938,0.008791938343948091,0.0,105217.17197859158,-0.19057289974020197
Fixed_100pct,2025-05-15,85165.63041216785,0.0,0.2577900290489197,-0.0051956350800332896,0.0,105217.17197859158,-0.19057289974020197
Fixed_100pct,2025-05-16,85165.63041216785,0.0,0.2359750717878341,-0.011933844219047196,0.0,105217.17197859158,-0.19057289974020197
Fixed_100pct,2025-05-19,85165.63041216785,0.0,0.1506282389163971,-0.005825849640654357,0.0,105217.17197859158,-0.19057289974020197
Fixed_100pct,2025-05-20,85165.63041216785,0.0,0.1483691036701202,0.007860960928497862,0.0,105217.17197859158,-0.19057289974020197
Fixed_100pct,2025-05-21,85165.63041216785,0.0,0.1527998149394989,-0.013840844106955186,0.0,105217.17197859158,-0.19057289974020197
Fixed_100pct,2025-05-22,85165.63041216785,0.0,0.1515970677137375,0.01081394813236991,0.0,105217.17197859158,-0.19057289974020197
Fixed_100pct,2025-05-23,85165.63041216785,0.0,0.1452295333147049,0.0064587579073398516,0.0,105217.17197859158,-0.19057289974020197
Fixed_100pct,2025-05-26,85165.63041216785,0.0,0.1492395401000976,-0.010912305182885995,0.0,105217.17197859158,-0.19057289974020197
Fixed_100pct,2025-05-27,85165.63041216785,0.0,0.1209469586610794,-0.00028582045158376257,0.0,105217.17197859158,-0.19057289974020197
Fixed_100pct,2025-05-28,85165.63041216785,0.0,0.1188810318708419,0.000114402747508624,0.0,105217.17197859158,-0.19057289974020197
Fixed_100pct,2025-05-29,85165.63041216785,0.0,0.1247487217187881,-0.009919726235321114,0.0,105217.17197859158,-0.19057289974020197
Fixed_100pct,2025-05-30,85165.63041216785,0.0,0.1277496218681335,-0.003926734971154144,0.0,105217.17197859158,-0.19057289974020197
Fixed_100pct,2025-06-02,85165.63041216785,0.0,0.1162265315651893,-0.012928313822536008,0.0,105217.17197859158,-0.19057289974020197
Fixed_100pct,2025-06-03,85165.63041216785,0.0,0.0950516462326049,-0.007136159161450162,0.0,105217.17197859158,-0.19057289974020197
Fixed_100pct,2025-06-04,85165.63041216785,0.0,0.0978474020957946,-0.0028985787720915424,0.0,105217.17197859158,-0.19057289974020197
Fixed_100pct,2025-06-05,85165.63041216785,0.0,0.1197066605091095,0.0038859283723828852,0.0,105217.17197859158,-0.19057289974020197
Fixed_100pct,2025-06-06,85165.63041216785,0.0,0.1163363680243492,0.011139989278358131,0.0,105217.17197859158,-0.19057289974020197
Fixed_100pct,2025-06-09,85165.63041216785,0.0,0.1302157342433929,0.011981647964605324,0.0,105217.17197859158,-0.19057289974020197
Fixed_100pct,2025-06-10,85165.63041216785,0.0,0.1550361812114715,0.0025989778087169846,0.0,105217.17197859158,-0.19057289974020197
Fixed_100pct,2025-06-11,85165.63041216785,0.0,0.1032899543642997,-0.010858593920413773,0.0,105217.17197859158,-0.19057289974020197
Fixed_100pct,2025-06-12,85165.63041216785,0.0,0.1089804843068122,0.003348669315563768,0.0,105217.17197859158,-0.19057289974020197
Fixed_100pct,2025-06-13,85165.63041216785,0.0,0.0992893651127815,0.014684998221926149,0.0,105217.17197859158,-0.19057289974020197
Fixed_100pct,2025-06-16,85165.63041216785,0.0,0.0993753224611282,0.005434316201313516,0.0,105217.17197859158,-0.19057289974020197
Fixed_100pct,2025-06-17,85165.63041216785,0.0,0.1051598191261291,-0.01817772184359545,0.0,105217.17197859158,-0.19057289974020197
Fixed_100pct,2025-06-18,85165.63041216785,0.0,0.0958040654659271,-0.007938779370406657,0.0,105217.17197859158,-0.19057289974020197
Fixed_100pct,2025-06-19,85165.63041216785,0.0,0.1013682037591934,0.003417041814215871,0.0,105217.17197859158,-0.19057289974020197
Fixed_100pct,2025-06-20,85165.63041216785,0.0,0.3934091031551361,-0.012253646742715452,0.0,105217.17197859158,-0.19057289974020197
Fixed_100pct,2025-06-23,85165.63041216785,0.0,0.3587758839130401,-0.0009430089640527495,0.0,105217.17197859158,-0.19057289974020197
Fixed_100pct,2025-06-24,85165.63041216785,0.0,0.3609920144081116,0.016045348056660913,0.0,105217.17197859158,-0.19057289974020197
Fixed_100pct,2025-06-25,85165.63041216785,0.0,0.4100512862205505,-0.0008708778325233757,0.0,105217.17197859158,-0.19057289974020197
Fixed_100pct,2025-06-26,85165.63041216785,0.0,0.4143960773944855,-0.0002033677616203322,0.0,105217.17197859158,-0.19057289974020197
Fixed_100pct,2025-06-27,85165.63041216785,0.0,0.4194229245185852,0.006073610691530007,0.0,105217.17197859158,-0.19057289974020197
Fixed_100pct,2025-06-30,85165.63041216785,0.0,0.428266316652298,-0.009329881232849502,0.0,105217.17197859158,-0.19057289974020197
Fixed_100pct,2025-07-01,85165.63041216785,0.0,0.4627661406993866,-0.0018660239772763099,0.0,105217.17197859158,-0.19057289974020197
Fixed_100pct,2025-07-02,85165.63041216785,0.0,0.4256802499294281,-0.0065726052870248575,0.0,105217.17197859158,-0.19057289974020197
Fixed_100pct,2025-07-03,85165.63041216785,0.0,0.4410309493541717,0.005586920644319315,0.0,105217.17197859158,-0.19057289974020197
Fixed_100pct,2025-07-04,85165.63041216785,0.0,0.4267217218875885,-0.0023685880871969767,0.0,105217.17197859158,-0.19057289974020197
Fixed_100pct,2025-07-07,85165.63041216785,0.0,0.4858576357364654,-0.0016120995628912116,0.0,105217.17197859158,-0.19057289974020197
Fixed_100pct,2025-07-08,85165.63041216785,0.0,0.4988323450088501,-0.0065762147451278175,0.0,105217.17197859158,-0.19057289974020197
Fixed_100pct,2025-07-09,85165.63041216785,0.0,0.5903850197792053,-0.0005319607548172067,0.0,105217.17197859158,-0.19057289974020197
Fixed_100pct,2025-07-10,85165.63041216785,0.0,0.5856637954711914,-0.0342992312241277,0.0,105217.17197859158,-0.19057289974020197
Fixed_100pct,2025-07-11,85165.63041216785,0.0,0.6179961562156677,-0.013257822666296715,0.0,105217.17197859158,-0.19057289974020197
Fixed_100pct,2025-07-14,85820.11767429508,1.0,0.7899230122566223,0.009184875447522334,0.0015,105217.17197859158,-0.1843525532908563
Fixed_100pct,2025-07-15,85691.38749778364,0.0,0.6237364411354065,-0.005903499333892337,0.0015,105217.17197859158,-0.18557602446092003
Fixed_100pct,2025-07-16,85691.38749778364,0.0,0.6595312356948853,-0.007392331125689822,0.0,105217.17197859158,-0.18557602446092003
Fixed_100pct,2025-07-17,85047.50453967658,1.0,0.8487604260444641,-0.006013975171935693,0.0015,105217.17197859158,-0.19169558599254977
Fixed_100pct,2025-07-18,84202.33640784376,1.0,0.855604350566864,-0.009937600596364726,0.0,105217.17197859158,-0.19972819241923445
Fixed_100pct,2025-07-21,84239.6664081985,1.0,0.9633575081825256,0.00044333687100950314,0.0,105217.17197859158,-0.19937340242010437
Fixed_100pct,2025-07-22,84759.56558663516,1.0,0.9082272052764891,0.0061716671089055986,0.0,105217.17197859158,-0.19443220158130559
Fixed_100pct,2025-07-23,83930.39044710777,1.0,0.9015192985534668,-0.009782673304051692,0.0,105217.17197859158,-0.20231280817749986
Fixed_100pct,2025-07-24,83605.12149371162,1.0,0.8990585207939148,-0.003875460982171175,0.0,105217.17197859158,-0.20540421376538553
Fixed_100pct,2025-07-25,82098.74695106181,1.0,0.8785457611083984,-0.018017730442065227,0.0,105217.17197859158,-0.21972102645216174
Fixed_100pct,2025-07-28,81477.53278473996,1.0,0.9403479695320128,-0.007566670496105821,0.0,105217.17197859158,-0.22562514034003778
Fixed_100pct,2025-07-29,81413.54779720951,1.0,0.9349173903465272,-0.0007853083585569465,0.0,105217.17197859158,-0.22623326338998506
Fixed_100pct,2025-07-30,80965.6333570332,1.0,0.9206264019012452,-0.005501718722441651,0.0,105217.17197859158,-0.23049031033159495
Fixed_100pct,2025-07-31,80064.47347924545,1.0,0.9206264019012452,-0.011130152886150046,0.0,105217.17197859158,-0.23905507082497823
Fixed_100pct,2025-08-01,81968.10171355179,1.0,0.9125279784202576,0.023776191256660084,0.0,105217.17197859158,-0.22096269865312712
Fixed_100pct,2025-08-04,81688.1560020859,1.0,0.9366900324821472,-0.0034153006549327847,0.0,105217.17197859158,-0.22362334525863414
Fixed_100pct,2025-08-05,80845.65662354784,1.0,0.941231369972229,-0.010313605053302366,0.0,105217.17197859158,-0.23163058744824072
Fixed_100pct,2025-08-06,81237.57931776921,1.0,0.941231369972229,0.004847789115577816,0.0,105217.17197859158,-0.22790569457332943
Fixed_100pct,2025-08-07,80954.96485300855,1.0,0.987498104572296,-0.0034788636876436074,0.0,105217.17197859158,-0.23059170541591467
Fixed_100pct,2025-08-08,81072.27934235355,1.0,0.9880080223083496,0.0014491327314885005,0.0,105217.17197859158,-0.2294767306723542
Fixed_100pct,2025-08-11,80928.30335667846,1.0,0.9852622151374816,-0.0017758966053871283,0.0,105217.17197859158,-0.23084510033072503
Fixed_100pct,2025-08-12,80949.6338555734,1.0,0.9842133522033693,0.00026357279233857334,0.0,105217.17197859158,-0.2306423720260783
Fixed_100pct,2025-08-13,80579.04166024696,1.0,0.9842133522033693,-0.0045780589444990305,0.0,105217.17197859158,-0.23416453659634295
Fixed_100pct,2025-08-14,80283.09644732127,1.0,0.9842133522033693,-0.003672731852204403,0.0,105217.17197859158,-0.23697724489633332
Fixed_100pct,2025-08-18,80416.40392897169,1.0,0.9858249425888062,0.001660467614597927,0.0,105217.17197859158,-0.2357102703222823
Fixed_100pct,2025-08-19,82613.31513206333,1.0,0.986070454120636,0.02731919230101454,0.0,105217.17197859158,-0.21483049222352624
Fixed_100pct,2025-08-20,82719.96111738367,1.0,0.9712477922439576,0.0012909055295731164,0.0,105217.17197859158,-0.21381691256428548
Fixed_100pct,2025-08-21,81424.2097920798,1.0,0.9708141684532166,-0.015664312552869153,0.0,105217.17197859158,-0.22613193016965816
Fixed_100pct,2025-08-22,83733.09797792691,1.0,0.9770167469978333,0.028356286069499026,0.0,105217.17197859158,-0.20418790580149793
Fixed_100pct,2025-08-25,84175.67491151369,1.0,0.9736238718032836,0.005285567407328662,0.0,105217.17197859158,-0.19998158733404447
Fixed_100pct,2025-08-26,82482.66989455328,1.0,0.971051812171936,-0.02011275845118088,0.0,105217.17197859158,-0.21607216442449206
Fixed_100pct,2025-08-28,82242.71642758252,1.0,0.9713123440742492,-0.0029091379713765964,0.0,105217.17197859158,-0.21835271865778383
Fixed_100pct,2025-08-29,82986.57608068452,1.0,0.9690134525299072,0.009044687303793042,0.0,105217.17197859158,-0.21128296341618358
Fixed_100pct,2025-09-01,82957.24583105968,1.0,0.9727265238761902,-0.00035343366373286056,0.0,105217.17197859158,-0.21156172256807182
Fixed_100pct,2025-09-02,82583.9848824385,1.0,0.9643352627754213,-0.004499437570303688,0.0,105217.17197859158,-0.2151092513754146
Fixed_100pct,2025-09-03,82535.99288721346,1.0,0.9579710960388184,-0.0005811295651735326,0.0,105217.17197859158,-0.21556537459487157
Fixed_100pct,2025-09-04,81272.24056482918,1.0,0.9535793662071228,-0.015311529893524356,0.0,105217.17197859158,-0.2275762688112778
Fixed_100pct,2025-09-05,80491.0574205268,1.0,0.9670253992080688,-0.009611930701962534,0.0,105217.17197859158,-0.2350007521880152
Fixed_100pct,2025-09-08,81301.56430529963,1.0,0.9691795706748962,0.010069527109556109,0.0,105217.17197859158,-0.22729757152338237
Fixed_100pct,2025-09-09,82917.25358656455,1.0,0.9670253992080688,0.019872794515954917,0.0,105217.17197859158,-0.2119418149402872
Fixed_100pct,2025-09-10,83295.84553262088,1.0,0.9643352627754213,0.0045659006983520545,0.0,105217.17197859158,-0.20834361952278102
Fixed_100pct,2025-09-11,83541.12999702679,1.0,0.9641016721725464,0.0029447382740097616,0.0,105217.17197859158,-0.20601239867932575
Fixed_100pct,2025-09-12,82967.90782592996,1.0,0.9628449082374572,-0.006861556350952314,0.0,105217.17197859158,-0.21146038934774503
Fixed_100pct,2025-09-15,83869.06770371771,1.0,0.9638316035270692,0.010861547571844543,0.0,105217.17197859158,-0.20289562885436174
Fixed_100pct,2025-09-16,84591.59685792476,1.0,0.956531822681427,0.008614965850813006,0.0,105217.17197859158,-0.19602860191740834
Fixed_100pct,2025-09-17,84695.57408995033,1.0,0.937637746334076,0.0012291673864510688,0.0,105217.17197859158,-0.1950403864952458
Fixed_100pct,2025-09-18,84495.61286747469,1.0,0.9417906999588012,-0.0023609406350239004,0.0,105217.17197859158,-0.1969408483563223
Fixed_100pct,2025-09-19,81952.10872124632,1.0,0.942858338356018,-0.030102203651894532,0.0,105217.17197859158,-0.22111469848361798
Fixed_100pct,2025-09-22,81648.16375759072,1.0,0.9547319412231444,-0.0037088119927388696,0.0,105217.17197859158,-0.22400343763084996
Fixed_100pct,2025-09-23,80928.30335667843,1.0,0.9566178917884828,-0.008816614701213976,0.0,105217.17197859158,-0.23084510033072525
Fixed_100pct,2025-09-24,78848.7066429318,1.0,0.9583116769790648,-0.025696778846099666,0.0,105217.17197859158,-0.2506099036859206
Fixed_100pct,2025-09-25,77294.34661421133,1.0,0.9579023718833924,-0.019713196257732046,0.0,105217.17197859158,-0.2653827777281609
Fixed_100pct,2025-09-26,77214.36212522107,1.0,0.9653401374816896,-0.0010348038698027029,0.0,105217.17197859158,-0.2661429624725915
Fixed_100pct,2025-09-29,77009.06339615592,1.0,0.962936282157898,-0.0026588153215876265,0.0,105217.17197859158,-0.2680941528078242
Fixed_100pct,2025-09-30,77696.931303303,1.0,0.962936282157898,0.00893229805443152,0.0,105217.17197859158,-0.26155655163292246
Fixed_100pct,2025-10-01,77368.99359661208,1.0,0.962936282157898,-0.004220729199854278,0.0,105217.17197859158,-0.26467332145788647
Fixed_100pct,2025-10-03,79675.21302916444,1.0,0.962936282157898,0.029808057793494935,0.0,105217.17197859158,-0.24275466132680446
Fixed_100pct,2025-10-06,79283.29033494307,1.0,0.968123733997345,-0.004919004033009822,0.0,105217.17197859158,-0.24647955420171574
Fixed_100pct,2025-10-07,80709.68038860262,1.0,0.9727320671081544,0.01799105521016564,0.0,105217.17197859158,-0.23292292625937017
Fixed_100pct,2025-10-08,81629.50201199055,1.0,0.9827795028686525,0.011396670374100859,0.0,105217.17197859158,-0.22418080169841836
Fixed_100pct,2025-10-09,80739.01063822747,1.0,0.9763903617858888,-0.010908940417550084,0.0,105217.17197859158,-0.23264416710748181
Fixed_100pct,2025-10-10,80176.45046200092,1.0,0.977544903755188,-0.006967637722825826,0.0,105217.17197859158,-0.23799082455557408
Fixed_100pct,2025-10-13,78926.02888778168,1.0,0.9746813774108888,-0.01559587094482151,0.0,105217.17197859158,-0.24987502131457529
Fixed_100pct,2025-10-14,79179.31310291748,1.0,0.9604268074035645,0.003209134156438198,0.0,105217.17197859158,-0.2474677696238784
Fixed_100pct,2025-10-15,79203.30584595281,1.0,0.9647738337516784,0.00030301782239683384,0.0,105217.17197859158,-0.24723973894614637
Fixed_100pct,2025-10-16,78976.68312714709,1.0,0.9654051661491394,-0.002861278533581646,0.0,105217.17197859158,-0.249393595722033
Fixed_100pct,2025-10-17,80389.7424326416,1.0,0.9611329436302184,0.017892107512537336,0.0,105217.17197859158,-0.23596366523709267
Fixed_100pct,2025-10-20,80163.11971383587,1.0,0.9703359007835388,-0.00281905019157902,0.0,105217.17197859158,-0.2381175220129793
Fixed_100pct,2025-10-21,81936.10921978654,1.0,0.9728695750236512,0.02211727178632561,0.0,105217.17197859158,-0.2212667601781011
Fixed_100pct,2025-10-23,81669.49425648569,1.0,0.9475018382072448,-0.003253937315789268,0.0,105217.17197859158,-0.223800709326203
Fixed_100pct,2025-10-24,82248.04742501765,1.0,0.9506400227546692,0.007084079236673091,0.0,105217.17197859158,-0.21830205204762043
Fixed_100pct,2025-10-27,81528.18702410535,1.0,0.9327623844146729,-0.008752309914330403,0.0,105217.17197859158,-0.22514371474749573
Fixed_100pct,2025-10-28,81520.19378252982,1.0,0.9506400227546692,-9.804267538982003e-05,0.0,105217.17197859158,-0.22521968373074452
Fixed_100pct,2025-10-29,80925.64111253805,1.0,0.9506400227546692,-0.007293317672647515,0.0,105217.17197859158,-0.23087040270381054
Fixed_100pct,2025-10-30,81530.85577740011,1.0,0.9624971151351928,0.0074786514699392015,0.0,105217.17197859158,-0.22511835051041762
Fixed_100pct,2025-10-31,80432.40343043147,1.0,0.9663246273994446,-0.013472842109834904,0.0,105217.17197859158,-0.2355582086277992
Fixed_100pct,2025-11-03,79723.20502438945,1.0,0.9699298739433287,-0.008817322071637768,0.0,105217.17197859158,-0.2422985381073477
Fixed_100pct,2025-11-04,80275.09669659134,1.0,0.966317057609558,0.006922597655639295,0.0,105217.17197859158,-0.23705327574357515
Fixed_100pct,2025-11-06,79765.86602217934,1.0,0.963252067565918,-0.006343569741643407,0.0,105217.17197859158,-0.24189308149805422
Fixed_100pct,2025-11-07,80656.35739594244,1.0,0.9678396582603456,0.011163815027288582,0.0,105217.17197859158,-0.23342971608899066
Fixed_100pct,2025-11-10,81237.57931776917,1.0,0.9661006927490234,0.0072061513883339146,0.0,105217.17197859158,-0.22790569457332988
Fixed_100pct,2025-11-11,83498.47550839125,1.0,0.9406864643096924,0.027830669126394758,0.0,105217.17197859158,-0.20641779342462663
Fixed_100pct,2025-11-12,82802.60785051427,1.0,0.8606312274932861,-0.008333896560866472,0.0,105217.17197859158,-0.21303142544677
Fixed_100pct,2025-11-13,82810.60760124418,1.0,0.8599051833152771,9.661230409974131e-05,0.0,105217.17197859158,-0.21295539459952828
Fixed_100pct,2025-11-14,82709.29261335898,1.0,0.8599051833152771,-0.0012234542266983395,0.0,105217.17197859158,-0.21391830764860564
Fixed_100pct,2025-11-17,82306.70792426732,1.0,0.8599051833152771,-0.004867466234702578,0.0,105217.17197859158,-0.21774453374384384
Fixed_100pct,2025-11-18,83922.39069637784,1.0,0.9306931495666504,0.019630025460344758,0.0,105217.17197859158,-0.2023888390247417
Fixed_100pct,2025-11-19,83845.07496068235,1.0,0.8328841328620911,-0.0009212766110919812,0.0,105217.17197859158,-0.2031236595320941
Fixed_100pct,2025-11-20,83999.71294122773,1.0,0.9005966186523438,0.0018443299217978382,0.0,105217.17197859158,-0.20165395665339625
Fixed_100pct,2025-11-21,83749.0909702323,1.0,0.9034711718559264,-0.002983605088874297,0.0,105217.17197859158,-0.20403590597100796
Fixed_100pct,2025-11-24,83162.53805097043,1.0,0.91062593460083,-0.0070036929651016155,0.0,105217.17197859158,-0.20961059409683225
Fixed_100pct,2025-11-25,84327.64413876427,1.0,0.9159547090530396,0.014009987130019441,0.0,105217.17197859158,-0.19853724869242517
Fixed_100pct,2025-11-26,83626.45199260653,1.0,0.9081119894981384,-0.008315092320187456,0.0,105217.17197859158,-0.20520148546073913
Fixed_100pct,2025-11-27,83650.44473564185,1.0,0.9089021682739258,0.0002869037542982955,0.0,105217.17197859158,-0.2049734547830071
Fixed_100pct,2025-11-28,83541.12999702676,1.0,0.91062593460083,-0.001306804033864517,0.0,105217.17197859158,-0.20601239867932608
Fixed_100pct,2025-12-01,83602.45274041683,1.0,0.9055212140083312,0.0007340425415871543,0.0,105217.17197859158,-0.20542957800246398
Fixed_100pct,2025-12-02,84783.55832967049,1.0,0.9086408615112304,0.014127642796808226,0.0,105217.17197859158,-0.19420417090357356
Fixed_100pct,2025-12-03,86095.30264727981,1.0,0.9030855298042296,0.015471682758451344,0.0,105217.17197859158,-0.18173715346771036
Fixed_100pct,2025-12-04,86335.25611425057,1.0,0.8852713108062744,0.0027870680466020037,0.0,105217.17197859158,-0.1794565992344186
Fixed_100pct,2025-12-05,86289.9328723203,1.0,0.8541183471679688,-0.0005249679443851685,0.0,105217.17197859158,-0.17988735821679736
Fixed_100pct,2025-12-08,85538.07997764279,1.0,0.9100547432899476,-0.008713100933686047,0.0,105217.17197859158,-0.1870330824416463
Fixed_100pct,2025-12-09,85028.84279407641,1.0,0.9096060395240784,-0.005953338953825882,0.0,105217.17197859158,-0.19187295006011817
Fixed_100pct,2025-12-10,85100.82753233676,1.0,0.9117956757545472,0.000846592002136104,0.0,105217.17197859158,-0.19118879616292928
Fixed_100pct,2025-12-11,85863.34893103894,1.0,0.911511480808258,0.008960211325940826,0.0,105217.17197859158,-0.1839416768537605
Fixed_100pct,2025-12-12,86121.96414360989,1.0,0.9147669672966005,0.003011939503764882,0.0,105217.17197859158,-0.18148375855290022
Fixed_100pct,2025-12-15,85452.76449121739,1.0,0.9173659682273864,-0.007770371461531034,0.0,105217.17197859158,-0.18784393379624031
Fixed_100pct,2025-12-16,85791.3641927786,1.0,0.915477454662323,0.0039624195141867435,0.0,105217.17197859158,-0.1846258307509494
Fixed_100pct,2025-12-17,87471.03846157395,1.0,0.912119209766388,0.019578593773389885,0.0,105217.17197859158,-0.16866195111790705
Fixed_100pct,2025-12-18,87503.03095533919,1.0,0.8625403046607971,0.00036574955925883224,0.0,105217.17197859158,-0.1683578895929333
Fixed_100pct,2025-12-19,88646.80654423809,1.0,0.8110222816467285,0.013071268233927569,0.0,105217.17197859158,-0.15748727249317285
Fixed_100pct,2025-12-22,88249.55285258158,1.0,0.7777234315872192,-0.004481308545032259,0.0,105217.17197859158,-0.16126283197824764
Fixed_100pct,2025-12-23,88117.1785233027,0.0,0.6881771087646484,0.002719033232628343,0.0015,105217.17197859158,-0.1625209377302803
Fixed_100pct,2025-12-24,88117.1785233027,0.0,0.6359147429466248,-0.011750527267249122,0.0,105217.17197859158,-0.1625209377302803
Fixed_100pct,2025-12-26,88117.1785233027,0.0,0.5904250741004944,-0.008689024390243882,0.0,105217.17197859158,-0.1625209377302803
Fixed_100pct,2025-12-29,88117.1785233027,0.0,0.6342337727546692,-0.0014454716813393498,0.0,105217.17197859158,-0.1625209377302803
Fixed_100pct,2025-12-30,88117.1785233027,0.0,0.6397947669029236,-0.012504649823109282,0.0,105217.17197859158,-0.1625209377302803
Fixed_100pct,2025-12-31,88117.1785233027,0.0,0.6781485676765442,0.006612173755453421,0.0,105217.17197859158,-0.1625209377302803
Fixed_100pct,2026-01-01,88117.1785233027,0.0,0.6353537440299988,0.007219448947496154,0.0,105217.17197859158,-0.1625209377302803
Fixed_100pct,2026-01-02,88117.1785233027,0.0,0.6343141794204712,-0.010643816419645846,0.0,105217.17197859158,-0.1625209377302803
Fixed_100pct,2026-01-05,89072.73248362163,1.0,0.7173580527305603,0.012344127970645768,0.0015,105217.17197859158,-0.15343920760629115
Fixed_100pct,2026-01-06,90161.58900089414,1.0,0.7044039964675903,0.012224352918248194,0.0,105217.17197859158,-0.14309054971331847
Fixed_100pct,2026-01-07,90026.3466173928,0.0,0.6318003535270691,-0.02782503719966356,0.0015,105217.17197859158,-0.14437591388874849
Fixed_100pct,2026-01-08,90000.89726880888,1.0,0.8231950402259827,0.0012173122142555837,0.0015,105217.17197859158,-0.14461778836708072
Fixed_100pct,2026-01-09,90893.10778198247,1.0,0.8598480820655823,0.009913351313696195,0.0,105217.17197859158,-0.13613808399567717
Fixed_100pct,2026-01-12,91689.92075485397,1.0,0.8318573236465454,0.008766483975690909,0.0,105217.17197859158,-0.1285650523518156
Fixed_100pct,2026-01-13,89571.62546201692,1.0,0.8175870180130005,-0.023102815177478586,0.0,105217.17197859158,-0.14869765288652725
Fixed_100pct,2026-01-14,89571.62546201692,1.0,0.827639102935791,0.0,0.0,105217.17197859158,-0.14869765288652725
Fixed_100pct,2026-01-15,88760.78404349751,1.0,0.8406797647476196,-0.009052436129600605,0.0,105217.17197859158,-0.15640401301075102
Fixed_100pct,2026-01-19,87040.8952370962,1.0,0.869513213634491,-0.019376674338055233,0.0,105217.17197859158,-0.172750097723532
Fixed_100pct,2026-01-20,87610.45150036746,1.0,0.8401575088500977,0.006543547854371168,0.0,105217.17197859158,-0.16733694840046198
Fixed_100pct,2026-01-21,88390.42759853064,1.0,0.8438032865524292,0.008902774552644654,0.0,105217.17197859158,-0.15992393697375418
Fixed_100pct,2026-01-22,88729.91872314127,1.0,0.8300250172615051,0.00384081324001051,0.0,105217.17197859158,-0.1566973617082671
Fixed_100pct,2026-01-23,88603.66271230992,1.0,0.8224173784255981,-0.0014229249011857847,0.0,105217.17197859158,-0.15789731803152807
Fixed_100pct,2026-01-27,89784.86057579619,1.0,0.8477258086204529,0.013331253216038563,0.0,105217.17197859158,-0.14667103394430125
Fixed_100pct,2026-01-28,88222.08625075548,1.0,0.9137017726898192,-0.01740576657376902,0.0,105217.17197859158,-0.16152387873810237
Fixed_100pct,2026-01-29,87646.91997919047,1.0,0.8514362573623657,-0.00651952698024183,0.0,105217.17197859158,-0.16699034643295785
Fixed_100pct,2026-01-30,88929.12539127261,1.0,0.8841233253479004,0.014629212439941641,0.0,105217.17197859158,-0.15480407124640339
Fixed_100pct,2026-02-02,90491.89286648635,1.0,0.8755874633789062,0.01757317940930858,0.0,105217.17197859158,-0.13995129155439923
Fixed_100pct,2026-02-03,84145.42542532936,1.0,0.8813784718513489,-0.07013299468186285,0.0,105217.17197859158,-0.2002690830499575
Fixed_100pct,2026-02-04,84019.20728719137,0.0,0.5002995729446411,-0.002534126040737772,0.0015,105217.17197859158,-0.2014686794253825
Fixed_100pct,2026-02-05,84019.20728719137,0.0,0.4957831799983978,-0.01668056237464488,0.0,105217.17197859158,-0.2014686794253825
Fixed_100pct,2026-02-06,84019.20728719137,0.0,0.5736830234527588,0.0022436270385235435,0.0,105217.17197859158,-0.2014686794253825
Fixed_100pct,2026-02-09,84019.20728719137,0.0,0.5795756578445435,0.012346566409074944,0.0,105217.17197859158,-0.2014686794253825
Fixed_100pct,2026-02-10,84019.20728719137,0.0,0.6162283420562744,-0.02506200039558537,0.0,105217.17197859158,-0.2014686794253825
Fixed_100pct,2026-02-11,84019.20728719137,0.0,0.6090642809867859,-0.054883479446016126,0.0,105217.17197859158,-0.2014686794253825
Fixed_100pct,2026-02-12,84019.20728719137,0.0,0.575156569480896,-0.021053832380035886,0.0,105217.17197859158,-0.2014686794253825
Fixed_100pct,2026-02-13,84019.20728719137,0.0,0.6834486126899719,0.0053488398876564425,0.0,105217.17197859158,-0.2014686794253825
Fixed_100pct,2026-02-16,84019.20728719137,0.0,0.6886090040206909,0.003990173759637505,0.0,105217.17197859158,-0.2014686794253825
Fixed_100pct,2026-02-17,84019.20728719137,0.0,0.6886090040206909,-0.008279973801645357,0.0,105217.17197859158,-0.2014686794253825
Fixed_100pct,2026-02-18,84019.20728719137,0.0,0.6886090040206909,-0.006308212036081562,0.0,105217.17197859158,-0.2014686794253825
Fixed_100pct,2026-02-19,84019.20728719137,0.0,0.6999552249908447,0.0030994619406277124,0.0,105217.17197859158,-0.2014686794253825
Fixed_100pct,2026-02-20,84019.20728719137,0.0,0.6886090040206909,-0.0036854673977010366,0.0,105217.17197859158,-0.2014686794253825
Fixed_100pct,2026-02-23,80672.17234264669,1.0,0.7108128666877747,-0.038336545149777024,0.0015,105217.17197859158,-0.2332794084309644
Fixed_100pct,2026-02-24,80551.16408413273,0.0,0.5692920088768005,0.02160317780281029,0.0015,105217.17197859158,-0.23442948931831786
Fixed_100pct,2026-02-25,80994.03624087005,1.0,0.7124689221382141,0.006998023048738977,0.0015,105217.17197859158,-0.23022036500515508
Fixed_100pct,2026-02-26,80678.95426653279,1.0,0.7124689221382141,-0.0038901873392286346,0.0,105217.17197859158,-0.23321495199520803
Fixed_100pct,2026-02-27,79947.84817736805,1.0,0.7124689221382141,-0.009061918263707835,0.0,105217.17197859158,-0.24016349542606075
Fixed_100pct,2026-03-02,79161.67798626232,1.0,0.7124689221382141,-0.009833537850344354,0.0,105217.17197859158,-0.2476353764538619
Fixed_100pct,2026-03-04,79042.93546928294,0.0,0.612808108329773,-0.0034778575740717077,0.0015,105217.17197859158,-0.24876392338918107
Fixed_100pct,2026-03-05,79042.93546928294,0.0,0.6381790041923523,-0.008220858837624467,0.0,105217.17197859158,-0.24876392338918107
Fixed_100pct,2026-03-06,79042.93546928294,0.0,0.551450788974762,-0.011808020863064206,0.0,105217.17197859158,-0.24876392338918107
Fixed_100pct,2026-03-09,79042.93546928294,0.0,0.5580520033836365,-0.005657911387208392,0.0,105217.17197859158,-0.24876392338918107
Fixed_100pct,2026-03-10,79042.93546928294,0.0,0.5968901515007019,-0.019179576395485398,0.0,105217.17197859158,-0.24876392338918107
Fixed_100pct,2026-03-11,79042.93546928294,0.0,0.566049337387085,-0.00912815971902381,0.0,105217.17197859158,-0.24876392338918107
Fixed_100pct,2026-03-12,79042.93546928294,0.0,0.566049337387085,-0.013060884220122415,0.0,105217.17197859158,-0.24876392338918107
Fixed_100pct,2026-03-13,79042.93546928294,0.0,0.5712043642997742,-0.0005393274541070081,0.0,105217.17197859158,-0.24876392338918107
Fixed_100pct,2026-03-16,79042.93546928294,0.0,0.6871795058250427,-0.007263822162825395,0.0,105217.17197859158,-0.24876392338918107
Fixed_100pct,2026-03-17,79042.93546928294,0.0,0.6576871871948242,0.020529371852097134,0.0,105217.17197859158,-0.24876392338918107
Fixed_100pct,2026-03-18,76178.20396790492,1.0,0.7019193172454834,-0.03474272661901945,0.0015,105217.17197859158,-0.2759907671401317
Fixed_100pct,2026-03-19,76063.93666195306,0.0,0.5775954127311707,0.01468594976920623,0.0015,105217.17197859158,-0.27707678098942146
Fixed_100pct,2026-03-20,76063.93666195306,0.0,0.6877574324607849,-0.0028444944994320265,0.0,105217.17197859158,-0.27707678098942146
Fixed_100pct,2026-03-23,76428.47110621705,1.0,0.7112821340560913,0.006292474071964982,0.0015,105217.17197859158,-0.2736121902062919
Fixed_100pct,2026-03-24,76313.82839955774,0.0,0.6829464435577393,-0.008921188114378031,0.0015,105217.17197859158,-0.27470177192098233
Fixed_100pct,2026-03-25,76313.82839955774,0.0,0.653741180896759,0.005215843776282814,0.0,105217.17197859158,-0.27470177192098233
Fixed_100pct,2026-03-27,75212.61883858482,1.0,0.7112821340560913,-0.012930013328741552,0.0015,105217.17197859158,-0.2851678350194753
Fixed_100pct,2026-03-30,75099.79991032695,0.0,0.6110193729400635,0.02089959339908476,0.0015,105217.17197859158,-0.28624008326694594
Fixed_100pct,2026-04-01,76312.51420053867,1.0,0.7300910949707031,0.017648036235246467,0.0015,105217.17197859158,-0.2747142622682741
Fixed_100pct,2026-04-02,77034.93907446455,1.0,0.7165637016296387,0.009466663252994723,0.0,105217.17197859158,-0.26784822642696793
Fixed_100pct,2026-04-06,79087.0082647388,1.0,0.7161281704902649,0.026638162046064062,0.0,105217.17197859158,-0.24834504884021635
Fixed_100pct,2026-04-07,78968.3777523417,0.0,0.6689889430999756,0.007638358126932587,0.0015,105217.17197859158,-0.24947253126695612
Fixed_100pct,2026-04-08,78968.3777523417,0.0,0.6941644549369812,0.01164428313406285,0.0,105217.17197859158,-0.24947253126695612
Fixed_100pct,2026-04-09,78968.3777523417,0.0,0.6637793183326721,-0.024990324902230632,0.0,105217.17197859158,-0.24947253126695612
Fixed_100pct,2026-04-10,78968.3777523417,0.0,0.6532869338989258,-0.020480905665662075,0.0,105217.17197859158,-0.24947253126695612
Fixed_100pct,2026-04-13,78968.3777523417,0.0,0.6508364081382751,0.033284721118271854,0.0,105217.17197859158,-0.24947253126695612
Fixed_100pct,2026-04-15,78968.3777523417,0.0,0.6926448345184326,0.008610904865516744,0.0,105217.17197859158,-0.24947253126695612
Fixed_100pct,2026-04-16,78968.3777523417,0.0,0.6949173808097839,0.001785128577197037,0.0,105217.17197859158,-0.24947253126695612
Fixed_100pct,2026-04-17,78968.3777523417,0.0,0.6459495425224304,-0.0007359683686809504,0.0,105217.17197859158,-0.24947253126695612
Fixed_100pct,2026-04-20,78968.3777523417,0.0,0.6459495425224304,0.011978563022936983,0.0,105217.17197859158,-0.24947253126695612
Fixed_100pct,2026-04-21,78968.3777523417,0.0,0.6525094509124756,-0.02758092319479022,0.0,105217.17197859158,-0.24947253126695612
Fixed_100pct,2026-04-22,78968.3777523417,0.0,0.6565937995910645,-0.00657866896666337,0.0,105217.17197859158,-0.24947253126695612
Fixed_100pct,2026-04-23,78968.3777523417,0.0,0.6608477234840393,-0.049528171966852,0.0,105217.17197859158,-0.24947253126695612
Fixed_100pct,2026-04-24,80520.29622275151,1.0,0.7503103017807007,0.02115240409619279,0.0015,105217.17197859158,-0.2347228621661217
Fixed_100pct,2026-04-27,80424.88821298927,1.0,0.8387162685394287,-0.0011848939241144718,0.0,105217.17197859158,-0.23562963439700468
Fixed_100pct,2026-04-28,81411.8177726815,1.0,0.8352342247962952,0.012271444594098124,0.0,105217.17197859158,-0.226249705806137
Fixed_100pct,2026-04-29,81385.49804475905,1.0,0.8270660042762756,-0.0003232912449633307,0.0,105217.17197859158,-0.22649985250203775
Fixed_100pct,2026-04-30,81263.41979769191,0.0,0.4491945803165436,0.0,0.0015,105217.17197859158,-0.22766010272328463
Fixed_100pct,2026-05-01,81263.41979769191,0.0,0.4491945803165436,-0.01883659620644984,0.0,105217.17197859158,-0.22766010272328463
Fixed_100pct,2026-05-05,81263.41979769191,0.0,0.5745407938957214,0.0033369807410235097,0.0,105217.17197859158,-0.22766010272328463
Fixed_100pct,2026-05-06,81263.41979769191,0.0,0.5760684609413147,-0.013960746227869802,0.0,105217.17197859158,-0.22766010272328463
Fixed_100pct,2026-05-07,80904.64453069352,1.0,0.935778558254242,-0.0029149663882171994,0.0015,105217.17197859158,-0.23106995741004044
Fixed_75pct,2023-02-03,100000.0,0.0,0.4088793396949768,-0.0064181998514950545,0.0,100000.0,0.0
Fixed_75pct,2023-02-06,100000.0,0.0,0.3988363146781921,0.003641699398565734,0.0,100000.0,0.0
Fixed_75pct,2023-02-07,100000.0,0.0,0.4039197564125061,0.013693121239295447,0.0,100000.0,0.0
Fixed_75pct,2023-02-08,100000.0,0.0,0.2952230274677276,0.005894718736497273,0.0,100000.0,0.0
Fixed_75pct,2023-02-09,100000.0,0.0,0.2863130271434784,-0.0009319933736560149,0.0,100000.0,0.0
Fixed_75pct,2023-02-10,100000.0,0.0,0.2909234464168548,-0.01558992684856697,0.0,100000.0,0.0
Fixed_75pct,2023-02-13,100000.0,0.0,0.2294507175683975,0.005082757813250405,0.0,100000.0,0.0
Fixed_75pct,2023-02-14,100000.0,0.0,0.3302276730537414,0.005871204855329992,0.0,100000.0,0.0
Fixed_75pct,2023-02-15,100000.0,0.0,0.3378582596778869,0.010623080261254358,0.0,100000.0,0.0
Fixed_75pct,2023-02-16,100000.0,0.0,0.3549425303936004,-0.015991946629057563,0.0,100000.0,0.0
Fixed_75pct,2023-02-17,100000.0,0.0,0.2489628791809082,-0.003955801351536947,0.0,100000.0,0.0
Fixed_75pct,2023-02-20,100000.0,0.0,0.2929953932762146,-0.010409212949807234,0.0,100000.0,0.0
Fixed_75pct,2023-02-21,100000.0,0.0,0.1825983077287674,-0.014329165798862675,0.0,100000.0,0.0
Fixed_75pct,2023-02-22,100000.0,0.0,0.4928011000156402,0.0036012993559275674,0.0,100000.0,0.0
Fixed_75pct,2023-02-23,100000.0,0.0,0.4355315566062927,-0.003910626710791898,0.0,100000.0,0.0
Fixed_75pct,2023-02-24,100000.0,0.0,0.4860202372074127,-0.020173757738144005,0.0,100000.0,0.0
Fixed_75pct,2023-02-27,100000.0,0.0,0.3203698992729187,-0.00570253746210414,0.0,100000.0,0.0
Fixed_75pct,2023-02-28,100000.0,0.0,0.4484154284000397,0.021990084479573735,0.0,100000.0,0.0
Fixed_75pct,2023-03-01,100000.0,0.0,0.5300629138946533,-0.018976873593822607,0.0,100000.0,0.0
Fixed_75pct,2023-03-02,100000.0,0.0,0.440104991197586,0.006232203247431567,0.0,100000.0,0.0
Fixed_75pct,2023-03-03,100000.0,0.0,0.3472266495227813,0.008886553918982631,0.0,100000.0,0.0
Fixed_75pct,2023-03-06,100000.0,0.0,0.5566051006317139,0.005501372881431932,0.0,100000.0,0.0
Fixed_75pct,2023-03-08,100000.0,0.0,0.5375850796699524,-0.01579453935521924,0.0,100000.0,0.0
Fixed_75pct,2023-03-09,100000.0,0.0,0.3203698992729187,-0.0017531796409910871,0.0,100000.0,0.0
Fixed_75pct,2023-03-10,100000.0,0.0,0.4161155521869659,-0.014725322374099403,0.0,100000.0,0.0
Fixed_75pct,2023-03-13,100000.0,0.0,0.452767014503479,-0.020414692788376154,0.0,100000.0,0.0
Fixed_75pct,2023-03-14,100000.0,0.0,0.4399172663688659,-0.004992316854660395,0.0,100000.0,0.0
Fixed_75pct,2023-03-15,100000.0,0.0,0.4191609621047973,-0.00434521328209303,0.0,100000.0,0.0
Fixed_75pct,2023-03-16,100000.0,0.0,0.4191609621047973,-0.0017896236018445366,0.0,100000.0,0.0
Fixed_75pct,2023-03-17,100000.0,0.0,0.4160205423831939,-0.01132324708178123,0.0,100000.0,0.0
Fixed_75pct,2023-03-20,100000.0,0.0,0.4828085303306579,-0.011834680302233225,0.0,100000.0,0.0
Fixed_75pct,2023-03-21,100483.90587220239,0.75,0.8460187315940857,0.007952078296032061,0.0011250000000000001,100483.90587220239,0.0
Fixed_75pct,2023-03-22,100370.86147809617,0.0,0.5559381246566772,-0.001964400916205755,0.0011250000000000001,100483.90587220239,-0.0011249999999999316
Fixed_75pct,2023-03-23,100370.86147809617,0.0,0.583052933216095,-0.0013281175406681944,0.0,100483.90587220239,-0.0011249999999999316
Fixed_75pct,2023-03-24,100301.36817775598,0.75,0.7248117923736572,0.0005768462836484023,0.0011250000000000001,100483.90587220239,-0.0018165863763154322
Fixed_75pct,2023-03-27,100188.529138556,0.0,0.5973241925239563,-0.0020498178856247495,0.0011250000000000001,100483.90587220239,-0.0029395427166422072
Fixed_75pct,2023-03-28,100630.4728993057,0.75,0.7373450398445129,0.007381495144532568,0.0011250000000000001,100630.4728993057,0.0
Fixed_75pct,2023-03-29,100517.26361729398,0.0,0.5428194999694824,0.021345057849717408,0.0011250000000000001,100630.4728993057,-0.0011250000000000426
Fixed_75pct,2023-03-31,100517.26361729398,0.0,0.5741578936576843,-0.0018403264367164995,0.0,100630.4728993057,-0.0011250000000000426
Fixed_75pct,2023-04-03,100517.26361729398,0.0,0.5788522958755493,0.012437515258789,0.0,100630.4728993057,-0.0011250000000000426
Fixed_75pct,2023-04-05,100517.26361729398,0.0,0.5852863192558289,-0.005895455697384366,0.0,100630.4728993057,-0.0011250000000000426
Fixed_75pct,2023-04-06,100517.26361729398,0.0,0.5703712105751038,0.013257972434326915,0.0,100630.4728993057,-0.0011250000000000426
Fixed_75pct,2023-04-10,100517.26361729398,0.0,0.3481518030166626,-0.015198827909507107,0.0,100630.4728993057,-0.0011250000000000426
Fixed_75pct,2023-04-11,100517.26361729398,0.0,0.5909472107887268,0.008665708224685709,0.0,100630.4728993057,-0.0011250000000000426
Fixed_75pct,2023-04-12,100517.26361729398,0.0,0.5936771035194397,-0.016287941720457,0.0,100630.4728993057,-0.0011250000000000426
Fixed_75pct,2023-04-13,99237.49073572179,0.75,0.7052000761032104,-0.015475828635695854,0.0011250000000000001,100630.4728993057,-0.013842548121360654
Fixed_75pct,2023-04-17,99030.05450926753,0.75,0.7567696571350098,-0.00278706800445927,0.0,100630.4728993057,-0.01590391403247815
Fixed_75pct,2023-04-18,98053.83226088792,0.75,0.7596873044967651,-0.01314378418709572,0.0,100630.4728993057,-0.02560497396247019
Fixed_75pct,2023-04-19,98415.62992453491,0.75,0.8683376312255859,0.004919714749946236,0.0,100630.4728993057,-0.022009664776066806
Fixed_75pct,2023-04-20,99748.13140030696,0.75,0.8610784411430359,0.018052708047747057,0.0,100630.4728993057,-0.008768134279580009
Fixed_75pct,2023-04-21,100078.29927908863,0.75,0.7217678427696228,0.0044133542372726264,0.0,100630.4728993057,-0.005487141263557427
Fixed_75pct,2023-04-24,100106.6685631346,0.75,0.7096953988075256,0.0003779611797340987,0.0,100630.4728993057,-0.005205225823545878
Fixed_75pct,2023-04-25,100630.28780100415,0.75,0.7394176125526428,0.006974150612012009,0.0,100630.4728993057,-1.839386184254721e-06
Fixed_75pct,2023-04-26,100389.58050460058,0.75,0.7610393762588501,-0.003189328669178426,0.0,100630.4728993057,-0.0023938314882626655
Fixed_75pct,2023-04-27,101128.8170405617,0.75,0.7646691799163818,0.009818237208090164,0.0,101128.8170405617,0.0
Fixed_75pct,2023-04-28,101132.34879019944,0.75,0.7348763346672058,4.656436864181046e-05,0.0,101132.34879019944,0.0
Fixed_75pct,2023-05-02,100201.7263376335,0.75,0.7429382801055908,-0.0122693673349632,0.0,101132.34879019944,-0.0092020255012224
Fixed_75pct,2023-05-03,101165.96313425984,0.75,0.7616283297538757,0.012830607906259228,0.0,101165.96313425984,0.0
Fixed_75pct,2023-05-04,101401.54693126361,0.75,0.8064464330673218,0.0031049151276452136,0.0,101401.54693126361,0.0
Fixed_75pct,2023-05-05,101869.99935678423,0.75,0.7854087352752686,0.006159701236617909,0.0,101869.99935678423,0.0
Fixed_75pct,2023-05-08,102637.40662717295,0.75,0.7746586203575134,0.010044269169650066,0.0,102637.40662717295,0.0
Fixed_75pct,2023-05-09,102720.63996421368,0.75,0.7382107377052307,0.0010812605887839943,0.0,102720.63996421368,0.0
Fixed_75pct,2023-05-10,102611.64352032306,0.75,0.7305935621261597,-0.0014147944551823333,0.0,102720.63996421368,-0.0010610958413868055
Fixed_75pct,2023-05-11,102427.5828296329,0.75,0.7268916964530945,-0.0023916803769442607,0.0,102720.63996421368,-0.0028529527725185133
Fixed_75pct,2023-05-12,101975.94485966979,0.75,0.7337984442710876,-0.005879119113378017,0.0,102720.63996421368,-0.007249712470671299
Fixed_75pct,2023-05-15,102048.78025845949,0.75,0.7231079936027527,0.0009523213066235936,0.0,102720.63996421368,-0.006540649532443155
Fixed_75pct,2023-05-16,100887.16077680976,0.75,0.7292661666870117,-0.015177310023796964,0.0,102720.63996421368,-0.017849179951007654
Fixed_75pct,2023-05-17,100678.46957599586,0.75,0.7508922815322876,-0.0027580807337229674,0.0,102720.63996421368,-0.019880818391798227
Fixed_75pct,2023-05-18,101221.21487567663,0.75,0.7508922815322876,0.007187836710490503,0.0,102720.63996421368,-0.014597115916133663
Fixed_75pct,2023-05-19,103007.8976459776,0.75,0.7432464361190796,0.02353502372660321,0.0,103007.8976459776,0.0
Fixed_75pct,2023-05-22,102969.25674783594,0.75,0.7257418632507324,-0.0005001674502598252,0.0,103007.8976459776,-0.00037512558769492443
Fixed_75pct,2023-05-23,102853.41633399462,0.0,0.6939955353736877,0.0019108138289753995,0.0011250000000000001,103007.8976459776,-0.001499703571408717
Fixed_75pct,2023-05-24,102507.6860720283,0.75,0.7207121849060059,-0.0029818509588913633,0.0011250000000000001,103007.8976459776,-0.004856050704660109
Fixed_75pct,2023-05-25,103334.03237757715,0.75,0.8104223608970642,0.010748414253453742,0.0,103334.03237757715,0.0
Fixed_75pct,2023-05-26,103217.78159115238,0.0,0.6894106864929199,-0.002568357396832588,0.0011250000000000001,103334.03237757715,-0.0011250000000000426
Fixed_75pct,2023-05-29,103217.78159115238,0.0,0.6050480008125305,-0.0012499123171693105,0.0,103334.03237757715,-0.0011250000000000426
Fixed_75pct,2023-05-30,103217.78159115238,0.0,0.6654424667358398,-0.008051369508777606,0.0,103334.03237757715,-0.0011250000000000426
Fixed_75pct,2023-05-31,103913.56616162175,0.75,0.7413299679756165,0.010487916096671324,0.0011250000000000001,103913.56616162175,0.0
Fixed_75pct,2023-06-01,103796.66339968993,0.0,0.6331649422645569,-0.0055354700191786455,0.0011250000000000001,103913.56616162175,-0.0011249999999999316
Fixed_75pct,2023-06-02,103286.59944545658,0.75,0.7249521017074585,-0.00505209184993094,0.0011250000000000001,103913.56616162175,-0.006033540559949868
Fixed_75pct,2023-06-05,101953.47745049091,0.75,0.7335050702095032,-0.017209357291564475,0.0,103913.56616162175,-0.018862683512201106
Fixed_75pct,2023-06-06,102961.24354719985,0.75,0.7835277318954468,0.013179424209416979,0.0,103913.56616162175,-0.009164564835939859
Fixed_75pct,2023-06-07,102845.41214820925,0.0,0.6960992217063904,-0.011740801953781133,0.0011250000000000001,103913.56616162175,-0.010279254700499396
Fixed_75pct,2023-06-08,102082.64955578385,0.75,0.7407364249229431,-0.008388791037513,0.0011250000000000001,103913.56616162175,-0.01761961092731812
Fixed_75pct,2023-06-09,102979.64250083099,0.75,0.7269986271858215,0.011715904696837143,0.0,103913.56616162175,-0.008987504666505108
Fixed_75pct,2023-06-12,102863.79040301756,0.0,0.6989220380783081,-0.000985540444152666,0.0011250000000000001,103913.56616162175,-0.01010239372375532
Fixed_75pct,2023-06-13,102922.88264353145,0.75,0.721635639667511,0.002265961021947982,0.0011250000000000001,103913.56616162175,-0.009533726487159888
Fixed_75pct,2023-06-14,102097.78687797597,0.75,0.721635639667511,-0.01068885420958865,0.0,103913.56616162175,-0.01747393868497993
Fixed_75pct,2023-06-15,101982.92686773825,0.0,0.6866448521614075,-0.012871978937244788,0.0011250000000000001,103913.56616162175,-0.018579280503959295
Fixed_75pct,2023-06-16,101982.92686773825,0.0,0.5717784762382507,0.011181454877929653,0.0,103913.56616162175,-0.018579280503959295
Fixed_75pct,2023-06-19,101982.92686773825,0.0,0.6193033456802368,0.005388751979307882,0.0,103913.56616162175,-0.018579280503959295
Fixed_75pct,2023-06-20,101982.92686773825,0.0,0.6308046579360962,0.009449453313938427,0.0,103913.56616162175,-0.018579280503959295
Fixed_75pct,2023-06-21,101982.92686773825,0.0,0.6052206158638,-0.0060462683282496155,0.0,103913.56616162175,-0.018579280503959295
Fixed_75pct,2023-06-22,101982.92686773825,0.0,0.6160092353820801,-0.006839556073413577,0.0,103913.56616162175,-0.018579280503959295
Fixed_75pct,2023-06-23,101982.92686773825,0.0,0.6131813526153564,-0.008301395837460701,0.0,103913.56616162175,-0.018579280503959295
Fixed_75pct,2023-06-26,101982.92686773825,0.0,0.5295272469520569,0.0024141192758622143,0.0,103913.56616162175,-0.018579280503959295
Fixed_75pct,2023-06-27,101982.92686773825,0.0,0.5450921058654785,0.005660891977044669,0.0,103913.56616162175,-0.018579280503959295
Fixed_75pct,2023-06-28,101982.92686773825,0.0,0.6483217477798462,0.026994681971800105,0.0,103913.56616162175,-0.018579280503959295
Fixed_75pct,2023-06-30,101174.49094667826,0.75,0.8203039765357971,-0.009069558989136195,0.0011250000000000001,103913.56616162175,-0.02635916864486476
Fixed_75pct,2023-07-03,102022.04447074753,0.75,0.8496456742286682,0.011169528552619878,0.0,103913.56616162175,-0.018202836845501502
Fixed_75pct,2023-07-04,102278.72648615342,0.75,0.7350045442581177,0.0033545954600624484,0.0,103913.56616162175,-0.01573268761583635
Fixed_75pct,2023-07-05,102163.6629188565,0.0,0.5363301634788513,0.0008885529044899698,0.0011250000000000001,103913.56616162175,-0.01683998834226852
Fixed_75pct,2023-07-06,102163.6629188565,0.0,0.5208811163902283,0.0019110108167179618,0.0,103913.56616162175,-0.01683998834226852
Fixed_75pct,2023-07-07,102163.6629188565,0.0,0.4155243933200836,-0.017211098243786083,0.0,103913.56616162175,-0.01683998834226852
Fixed_75pct,2023-07-10,102163.6629188565,0.0,0.4698426425457001,0.00013751774281067775,0.0,103913.56616162175,-0.01683998834226852
Fixed_75pct,2023-07-11,102163.6629188565,0.0,0.5134650468826294,-0.0038198265410799292,0.0,103913.56616162175,-0.01683998834226852
Fixed_75pct,2023-07-12,102163.6629188565,0.0,0.5396228432655334,0.024740068376452484,0.0,103913.56616162175,-0.01683998834226852
Fixed_75pct,2023-07-13,102163.6629188565,0.0,0.4305994212627411,0.052117121722723425,0.0,103913.56616162175,-0.01683998834226852
Fixed_75pct,2023-07-14,102163.6629188565,0.0,0.3264264166355133,-0.0065297972229242385,0.0,103913.56616162175,-0.01683998834226852
Fixed_75pct,2023-07-17,102163.6629188565,0.0,0.3227588534355163,0.0014749682264785235,0.0,103913.56616162175,-0.01683998834226852
Fixed_75pct,2023-07-18,102163.6629188565,0.0,0.459536999464035,-0.0076640542430136405,0.0,103913.56616162175,-0.01683998834226852
Fixed_75pct,2023-07-19,102163.6629188565,0.0,0.4854580461978912,-0.0019452169003382203,0.0,103913.56616162175,-0.01683998834226852
Fixed_75pct,2023-07-20,102163.6629188565,0.0,0.4788102507591247,-0.027430484988485215,0.0,103913.56616162175,-0.01683998834226852
Fixed_75pct,2023-07-21,102163.6629188565,0.0,0.5669122338294983,0.007852611343540206,0.0,103913.56616162175,-0.01683998834226852
Fixed_75pct,2023-07-24,102163.6629188565,0.0,0.5311371684074402,0.0012960902404448582,0.0,103913.56616162175,-0.01683998834226852
Fixed_75pct,2023-07-25,102163.6629188565,0.0,0.5257877707481384,-0.00319193146149388,0.0,103913.56616162175,-0.01683998834226852
Fixed_75pct,2023-07-26,102163.6629188565,0.0,0.571221649646759,0.0025381027039206305,0.0,103913.56616162175,-0.01683998834226852
Fixed_75pct,2023-07-27,102163.6629188565,0.0,0.649142324924469,-0.012217021753089141,0.0,103913.56616162175,-0.01683998834226852
Fixed_75pct,2023-07-28,102163.6629188565,0.0,0.6937771439552307,0.019684702494623396,0.0,103913.56616162175,-0.01683998834226852
Fixed_75pct,2023-07-31,102163.6629188565,0.0,0.4597566127777099,0.008943605223793893,0.0,103913.56616162175,-0.01683998834226852
Fixed_75pct,2023-08-01,102163.6629188565,0.0,0.3317126631736755,-0.003302427926340501,0.0,103913.56616162175,-0.01683998834226852
Fixed_75pct,2023-08-02,102163.6629188565,0.0,0.3082521259784698,-0.01182914633196197,0.0,103913.56616162175,-0.01683998834226852
Fixed_75pct,2023-08-03,102163.6629188565,0.0,0.51353520154953,0.012823746902868915,0.0,103913.56616162175,-0.01683998834226852
Fixed_75pct,2023-08-04,102163.6629188565,0.0,0.3082521259784698,0.011761118446291352,0.0,103913.56616162175,-0.01683998834226852
Fixed_75pct,2023-08-07,102163.6629188565,0.0,0.4486343562602997,-0.003860435695061004,0.0,103913.56616162175,-0.01683998834226852
Fixed_75pct,2023-08-08,102163.6629188565,0.0,0.2928005158901214,-0.0023339184660658985,0.0,103913.56616162175,-0.01683998834226852
Fixed_75pct,2023-08-09,102163.6629188565,0.0,0.2873178124427795,-0.005891668546931461,0.0,103913.56616162175,-0.01683998834226852
Fixed_75pct,2023-08-10,102163.6629188565,0.0,0.173357218503952,0.0019464719159205668,0.0,103913.56616162175,-0.01683998834226852
Fixed_75pct,2023-08-11,102163.6629188565,0.0,0.1808901131153106,0.0003044678767276654,0.0,103913.56616162175,-0.01683998834226852
Fixed_75pct,2023-08-14,102163.6629188565,0.0,0.1680677235126495,0.0024783119397879805,0.0,103913.56616162175,-0.01683998834226852
Fixed_75pct,2023-08-16,102163.6629188565,0.0,0.2765290141105652,-0.006549243286873896,0.0,103913.56616162175,-0.01683998834226852
Fixed_75pct,2023-08-17,102163.6629188565,0.0,0.2497005462646484,-0.01998105285418028,0.0,103913.56616162175,-0.01683998834226852
Fixed_75pct,2023-08-18,102163.6629188565,0.0,0.2667853236198425,0.010260997203958677,0.0,103913.56616162175,-0.01683998834226852
Fixed_75pct,2023-08-21,102163.6629188565,0.0,0.2553599774837494,-0.00573251232778671,0.0,103913.56616162175,-0.01683998834226852
Fixed_75pct,2023-08-22,102163.6629188565,0.0,0.3005282282829284,0.004760314628601492,0.0,103913.56616162175,-0.01683998834226852
Fixed_75pct,2023-08-23,102163.6629188565,0.0,0.240195170044899,-0.003089825645552824,0.0,103913.56616162175,-0.01683998834226852
Fixed_75pct,2023-08-24,102163.6629188565,0.0,0.2657912969589233,-0.0019039041168548154,0.0,103913.56616162175,-0.01683998834226852
Fixed_75pct,2023-08-25,102163.6629188565,0.0,0.2910590767860412,-0.00170052935763354,0.0,103913.56616162175,-0.01683998834226852
Fixed_75pct,2023-08-28,102163.6629188565,0.0,0.2636049687862396,0.00017770541302830622,0.0,103913.56616162175,-0.01683998834226852
Fixed_75pct,2023-08-29,102163.6629188565,0.0,0.2636049687862396,0.004383706072366822,0.0,103913.56616162175,-0.01683998834226852
Fixed_75pct,2023-08-30,102163.6629188565,0.0,0.2883889973163605,-0.010070895423256898,0.0,103913.56616162175,-0.01683998834226852
Fixed_75pct,2023-08-31,102163.6629188565,0.0,0.4076296985149383,0.0066729927365110075,0.0,103913.56616162175,-0.01683998834226852
Fixed_75pct,2023-09-01,102163.6629188565,0.0,0.4257852733135223,0.011629986208568699,0.0,103913.56616162175,-0.01683998834226852
Fixed_75pct,2023-09-04,102163.6629188565,0.0,0.3860072791576385,0.003173935251206572,0.0,103913.56616162175,-0.01683998834226852
Fixed_75pct,2023-09-05,102163.6629188565,0.0,0.3655707836151123,0.0001603232892073425,0.0,103913.56616162175,-0.01683998834226852
Fixed_75pct,2023-09-06,102163.6629188565,0.0,0.4305379390716553,0.007390914714137109,0.0,103913.56616162175,-0.01683998834226852
Fixed_75pct,2023-09-07,102163.6629188565,0.0,0.4332383871078491,-0.0038637139588307834,0.0,103913.56616162175,-0.01683998834226852
Fixed_75pct,2023-09-08,102163.6629188565,0.0,0.4987915158271789,0.011258316946873848,0.0,103913.56616162175,-0.01683998834226852
Fixed_75pct,2023-09-11,102163.6629188565,0.0,0.5365306735038757,0.02877340419010177,0.0,103913.56616162175,-0.01683998834226852
Fixed_75pct,2023-09-12,102163.6629188565,0.0,0.3215006291866302,-0.0036164965916243297,0.0,103913.56616162175,-0.01683998834226852
Fixed_75pct,2023-09-13,102163.6629188565,0.0,0.3685366511344909,-0.002186204188693086,0.0,103913.56616162175,-0.01683998834226852
Fixed_75pct,2023-09-14,102163.6629188565,0.0,0.4242246150970459,0.010744230972986157,0.0,103913.56616162175,-0.01683998834226852
Fixed_75pct,2023-09-15,102163.6629188565,0.0,0.4291741251945495,0.0021815450098947586,0.0,103913.56616162175,-0.01683998834226852
Fixed_75pct,2023-09-18,102163.6629188565,0.0,0.5405968427658081,-2.768978504197328e-05,0.0,103913.56616162175,-0.01683998834226852
Fixed_75pct,2023-09-20,102163.6629188565,0.0,0.6211013197898865,-0.005754218526929034,0.0,103913.56616162175,-0.01683998834226852
Fixed_75pct,2023-09-21,102163.6629188565,0.0,0.6440389156341553,0.005118080290552829,0.0,103913.56616162175,-0.01683998834226852
Fixed_75pct,2023-09-22,102163.6629188565,0.0,0.6585507392883301,-0.00735365552096634,0.0,103913.56616162175,-0.01683998834226852
Fixed_75pct,2023-09-25,102231.87131311891,0.75,0.7486041188240051,0.00239018466140406,0.0011250000000000001,103913.56616162175,-0.01618359287070581
Fixed_75pct,2023-09-26,102308.85308627065,0.75,0.8491537570953369,0.0010040153122887752,0.0,103913.56616162175,-0.015442767817776648
Fixed_75pct,2023-09-27,101185.44424218663,0.75,0.8724450469017029,-0.014640751152939169,0.0,103913.56616162175,-0.026253760891931543
Fixed_75pct,2023-09-28,101010.56939468904,0.75,0.7186175584793091,-0.002304347874107604,0.0,103913.56616162175,-0.027936648448938284
Fixed_75pct,2023-09-29,100896.93250412,0.0,0.6654758453369141,-0.004180127980441095,0.0011250000000000001,103913.56616162175,-0.029030219719433314
Fixed_75pct,2023-10-03,100896.93250412,0.0,0.6149218082427979,0.006801628322076425,0.0,103913.56616162175,-0.029030219719433314
Fixed_75pct,2023-10-04,100896.93250412,0.0,0.6295762658119202,0.014585569261889697,0.0,103913.56616162175,-0.029030219719433314
Fixed_75pct,2023-10-05,101459.11547986465,0.75,0.7161991596221924,0.008929138650595192,0.0011250000000000001,103913.56616162175,-0.02362011787700158
Fixed_75pct,2023-10-06,101344.9739749498,0.0,0.6712090373039246,0.004680564358973349,0.0011250000000000001,103913.56616162175,-0.02471854524438999
Fixed_75pct,2023-10-09,101344.9739749498,0.0,0.6954295039176941,-0.002597384819725712,0.0,103913.56616162175,-0.02471854524438999
Fixed_75pct,2023-10-10,100832.99843385705,0.75,0.823987603187561,-0.005235746510320882,0.0011250000000000001,103913.56616162175,-0.02964548173597803
Fixed_75pct,2023-10-11,99422.06852074803,0.75,0.8176374435424805,-0.018656986436631606,0.0,103913.56616162175,-0.043223400050460103
Fixed_75pct,2023-10-12,100017.75157849223,0.75,0.8124175071716309,0.007988609458739138,0.0,103913.56616162175,-0.0374909141032671
Fixed_75pct,2023-10-13,99034.61684946265,0.75,0.7947026491165161,-0.013106136507618271,0.0,103913.56616162175,-0.04695199570545627
Fixed_75pct,2023-10-16,98923.202905507,0.0,0.6732787489891052,-0.0048239950524122666,0.0011250000000000001,103913.56616162175,-0.04802417471028764
Fixed_75pct,2023-10-17,98923.202905507,0.0,0.5504212975502014,-0.005645784506195239,0.0,103913.56616162175,-0.04802417471028764
Fixed_75pct,2023-10-18,98923.202905507,0.0,0.5228396654129028,-0.009061609479174115,0.0,103913.56616162175,-0.04802417471028764
Fixed_75pct,2023-10-19,98923.202905507,0.0,0.3770579397678375,0.011256969769417813,0.0,103913.56616162175,-0.04802417471028764
Fixed_75pct,2023-10-20,98923.202905507,0.0,0.4367595314979553,-0.02415193524347381,0.0,103913.56616162175,-0.04802417471028764
Fixed_75pct,2023-10-23,98923.202905507,0.0,0.2586957812309265,-0.005879449661060354,0.0,103913.56616162175,-0.04802417471028764
Fixed_75pct,2023-10-25,98923.202905507,0.0,0.2178797721862793,-0.015737027261564784,0.0,103913.56616162175,-0.04802417471028764
Fixed_75pct,2023-10-26,98923.202905507,0.0,0.2005378305912017,0.004255623337641401,0.0,103913.56616162175,-0.04802417471028764
Fixed_75pct,2023-10-27,98923.202905507,0.0,0.2372064292430877,0.008236499517576545,0.0,103913.56616162175,-0.04802417471028764
Fixed_75pct,2023-10-30,98923.202905507,0.0,0.2145546972751617,-0.002900667057314732,0.0,103913.56616162175,-0.04802417471028764
Fixed_75pct,2023-10-31,98923.202905507,0.0,0.2151027917861938,-0.011309862012987004,0.0,103913.56616162175,-0.04802417471028764
Fixed_75pct,2023-11-01,98923.202905507,0.0,0.2245258241891861,0.008842176805126334,0.0,103913.56616162175,-0.04802417471028764
Fixed_75pct,2023-11-02,98923.202905507,0.0,0.2077296823263168,-0.0027380717970031387,0.0,103913.56616162175,-0.04802417471028764
Fixed_75pct,2023-11-03,98923.202905507,0.0,0.2210359573364257,0.008758870306964761,0.0,103913.56616162175,-0.04802417471028764
Fixed_75pct,2023-11-06,98923.202905507,0.0,0.2036211788654327,-0.0028992082917314033,0.0,103913.56616162175,-0.04802417471028764
Fixed_75pct,2023-11-07,98923.202905507,0.0,0.2096471041440963,0.003293357805948416,0.0,103913.56616162175,-0.04802417471028764
Fixed_75pct,2023-11-08,98923.202905507,0.0,0.2173814177513122,-0.010084161749451925,0.0,103913.56616162175,-0.04802417471028764
Fixed_75pct,2023-11-09,98923.202905507,0.0,0.2299340069293975,-0.00418228807128207,0.0,103913.56616162175,-0.04802417471028764
Fixed_75pct,2023-11-10,98923.202905507,0.0,0.2407434731721878,-0.0005699507631972134,0.0,103913.56616162175,-0.04802417471028764
Fixed_75pct,2023-11-13,98923.202905507,0.0,0.2310312539339065,0.021836682305159894,0.0,103913.56616162175,-0.04802417471028764
Fixed_75pct,2023-11-15,98923.202905507,0.0,0.2373900860548019,0.02747996577455858,0.0,103913.56616162175,-0.04802417471028764
Fixed_75pct,2023-11-16,98923.202905507,0.0,0.4724089801311493,0.0013150516423523495,0.0,103913.56616162175,-0.04802417471028764
Fixed_75pct,2023-11-17,98923.202905507,0.0,0.4598599970340729,0.004896614290986978,0.0,103913.56616162175,-0.04802417471028764
Fixed_75pct,2023-11-20,98923.202905507,0.0,0.4566028118133545,-0.002670799586190098,0.0,103913.56616162175,-0.04802417471028764
Fixed_75pct,2023-11-21,98923.202905507,0.0,0.4598599970340729,0.0056834230099098715,0.0,103913.56616162175,-0.04802417471028764
Fixed_75pct,2023-11-22,98923.202905507,0.0,0.4584375321865082,-0.006203674900380318,0.0,103913.56616162175,-0.04802417471028764
Fixed_75pct,2023-11-23,98923.202905507,0.0,0.4655188024044037,-0.014579890926744055,0.0,103913.56616162175,-0.04802417471028764
Fixed_75pct,2023-11-24,98923.202905507,0.0,0.3427473902702331,0.0037747835812873554,0.0,103913.56616162175,-0.04802417471028764
Fixed_75pct,2023-11-28,98923.202905507,0.0,0.4109815955162048,0.012564326868646836,0.0,103913.56616162175,-0.04802417471028764
Fixed_75pct,2023-11-29,98259.76230746563,0.75,0.7758294939994812,-0.0074421635983635825,0.0011250000000000001,103913.56616162175,-0.05440871738885844
Fixed_75pct,2023-11-30,98149.22007486972,0.0,0.6690741181373596,0.006895803421860691,0.0011250000000000001,103913.56616162175,-0.055472507581796116
Fixed_75pct,2023-12-01,98149.22007486972,0.0,0.6609100699424744,0.00022782704722112967,0.0,103913.56616162175,-0.055472507581796116
Fixed_75pct,2023-12-04,98440.14000806698,0.75,0.720117449760437,0.005452076684533402,0.0011250000000000001,103913.56616162175,-0.05267287377128116
Fixed_75pct,2023-12-05,98329.3948505579,0.0,0.6749309301376343,0.02052893815698864,0.0011250000000000001,103913.56616162175,-0.05373861678828851
Fixed_75pct,2023-12-06,98329.3948505579,0.0,0.1137611120939254,0.0029965329471628444,0.0,103913.56616162175,-0.05373861678828851
Fixed_75pct,2023-12-07,98329.3948505579,0.0,0.1169709861278534,0.003264280933608754,0.0,103913.56616162175,-0.05373861678828851
Fixed_75pct,2023-12-08,98329.3948505579,0.0,0.1403062790632248,0.004466857305534866,0.0,103913.56616162175,-0.05373861678828851
Fixed_75pct,2023-12-11,98329.3948505579,0.0,0.4163255393505096,0.008015645802870841,0.0,103913.56616162175,-0.05373861678828851
Fixed_75pct,2023-12-12,98329.3948505579,0.0,0.3552113175392151,-0.021391042384236836,0.0,103913.56616162175,-0.05373861678828851
Fixed_75pct,2023-12-13,98329.3948505579,0.0,0.1479827016592025,0.020508953589197576,0.0,103913.56616162175,-0.05373861678828851
Fixed_75pct,2023-12-14,98329.3948505579,0.0,0.2794911861419678,0.052832503919830964,0.0,103913.56616162175,-0.05373861678828851
Fixed_75pct,2023-12-15,98184.39244141882,0.75,0.7482826113700867,-0.0004662131126974556,0.0011250000000000001,103913.56616162175,-0.05513403044307108
Fixed_75pct,2023-12-18,98073.93499992222,0.0,0.5569281578063965,-0.01114220577944991,0.0011250000000000001,103913.56616162175,-0.05619700465882271
Fixed_75pct,2023-12-19,98073.93499992222,0.0,0.4205552041530609,-0.009472748494912864,0.0,103913.56616162175,-0.05619700465882271
Fixed_75pct,2023-12-20,98073.93499992222,0.0,0.3764108419418335,0.0019708604583648093,0.0,103913.56616162175,-0.05619700465882271
Fixed_75pct,2023-12-21,98073.93499992222,0.0,0.3764108419418335,0.009636963696369572,0.0,103913.56616162175,-0.05619700465882271
Fixed_75pct,2023-12-22,98073.93499992222,0.0,0.440430611371994,-0.0074398407876241635,0.0,103913.56616162175,-0.05619700465882271
Fixed_75pct,2023-12-26,98073.93499992222,0.0,0.3623464107513428,0.004123223812733556,0.0,103913.56616162175,-0.05619700465882271
Fixed_75pct,2023-12-27,98073.93499992222,0.0,0.3616976737976074,-0.0029649582737453217,0.0,103913.56616162175,-0.05619700465882271
Fixed_75pct,2023-12-28,98073.93499992222,0.0,0.2222419083118438,-0.0017105713747856965,0.0,103913.56616162175,-0.05619700465882271
Fixed_75pct,2023-12-29,98073.93499992222,0.0,0.2222419083118438,0.004666050447664105,0.0,103913.56616162175,-0.05619700465882271
Fixed_75pct,2024-01-01,98073.93499992222,0.0,0.2194124460220337,-0.007320759300321944,0.0,103913.56616162175,-0.05619700465882271
Fixed_75pct,2024-01-02,98073.93499992222,0.0,0.2222419083118438,-0.02417264547266329,0.0,103913.56616162175,-0.05619700465882271
Fixed_75pct,2024-01-03,98073.93499992222,0.0,0.2260116785764694,-0.006758299227161868,0.0,103913.56616162175,-0.05619700465882271
Fixed_75pct,2024-01-04,98073.93499992222,0.0,0.2298665940761566,0.01939016378554581,0.0,103913.56616162175,-0.05619700465882271
Fixed_75pct,2024-01-05,98073.93499992222,0.0,0.2483001500368118,-0.01594474305699156,0.0,103913.56616162175,-0.05619700465882271
Fixed_75pct,2024-01-08,98073.93499992222,0.0,0.25412318110466,0.003153590887540636,0.0,103913.56616162175,-0.05619700465882271
Fixed_75pct,2024-01-09,98073.93499992222,0.0,0.2573987543582916,0.0062739226258334835,0.0,103913.56616162175,-0.05619700465882271
Fixed_75pct,2024-01-10,98073.93499992222,0.0,0.2590965628623962,0.006059708246351603,0.0,103913.56616162175,-0.05619700465882271
Fixed_75pct,2024-01-11,98073.93499992222,0.0,0.2498334795236587,0.03941855900075386,0.0,103913.56616162175,-0.05619700465882271
Fixed_75pct,2024-01-12,98073.93499992222,0.0,0.4356746077537536,0.005408468047778614,0.0,103913.56616162175,-0.05619700465882271
Fixed_75pct,2024-01-15,98073.93499992222,0.0,0.4284645020961761,-0.010886828082487976,0.0,103913.56616162175,-0.05619700465882271
Fixed_75pct,2024-01-16,98073.93499992222,0.0,0.3039643764495849,0.0060342497432170905,0.0,103913.56616162175,-0.05619700465882271
Fixed_75pct,2024-01-17,98073.93499992222,0.0,0.3212807774543762,0.004633681601063699,0.0,103913.56616162175,-0.05619700465882271
Fixed_75pct,2024-01-18,98073.93499992222,0.0,0.3212807774543762,0.010364872177440754,0.0,103913.56616162175,-0.05619700465882271
Fixed_75pct,2024-01-19,98073.93499992222,0.0,0.4407603442668915,-0.021506206560408136,0.0,103913.56616162175,-0.05619700465882271
Fixed_75pct,2024-01-23,98073.93499992222,0.0,0.2206538915634155,-0.004263578350774289,0.0,103913.56616162175,-0.05619700465882271
Fixed_75pct,2024-01-24,98073.93499992222,0.0,0.2051985710859298,-0.008199281482545784,0.0,103913.56616162175,-0.05619700465882271
Fixed_75pct,2024-01-25,98073.93499992222,0.0,0.2035199105739593,-0.0024407654801320566,0.0,103913.56616162175,-0.05619700465882271
Fixed_75pct,2024-01-29,98073.93499992222,0.0,0.2092953324317932,-0.00011837705126938047,0.0,103913.56616162175,-0.05619700465882271
Fixed_75pct,2024-01-30,98073.93499992222,0.0,0.1914024800062179,0.004052019351382663,0.0,103913.56616162175,-0.05619700465882271
Fixed_75pct,2024-01-31,98073.93499992222,0.0,0.1914024800062179,0.01001060067890669,0.0,103913.56616162175,-0.05619700465882271
Fixed_75pct,2024-02-01,98073.93499992222,0.0,0.2071347534656524,0.0290985429539663,0.0,103913.56616162175,-0.05619700465882271
Fixed_75pct,2024-02-02,98073.93499992222,0.0,0.4180828034877777,0.0017648689997793454,0.0,103913.56616162175,-0.05619700465882271
Fixed_75pct,2024-02-05,98073.93499992222,0.0,0.3742114305496216,0.04094831731116333,0.0,103913.56616162175,-0.05619700465882271
Fixed_75pct,2024-02-06,98073.93499992222,0.0,0.4546887874603271,-0.012717625158667811,0.0,103913.56616162175,-0.05619700465882271
Fixed_75pct,2024-02-07,98073.93499992222,0.0,0.3383278548717499,0.01241617194617639,0.0,103913.56616162175,-0.05619700465882271
Fixed_75pct,2024-02-08,98073.93499992222,0.0,0.4314286112785339,-9.673262240961211e-05,0.0,103913.56616162175,-0.05619700465882271
Fixed_75pct,2024-02-09,98073.93499992222,0.0,0.3872627913951874,-0.0031448821602354515,0.0,103913.56616162175,-0.05619700465882271
Fixed_75pct,2024-02-12,98073.93499992222,0.0,0.3427011668682098,0.00698905606388478,0.0,103913.56616162175,-0.05619700465882271
Fixed_75pct,2024-02-13,98073.93499992222,0.0,0.4546887874603271,-0.011905025266598424,0.0,103913.56616162175,-0.05619700465882271
Fixed_75pct,2024-02-14,98073.93499992222,0.0,0.3212807774543762,0.0007561029200291447,0.0,103913.56616162175,-0.05619700465882271
Fixed_75pct,2024-02-15,98073.93499992222,0.0,0.3212807774543762,0.006117081346329156,0.0,103913.56616162175,-0.05619700465882271
Fixed_75pct,2024-02-16,98073.93499992222,0.0,0.3624115288257599,-0.005934646503187868,0.0,103913.56616162175,-0.05619700465882271
Fixed_75pct,2024-02-19,98073.93499992222,0.0,0.3212807774543762,-0.01782491978780143,0.0,103913.56616162175,-0.05619700465882271
Fixed_75pct,2024-02-20,98073.93499992222,0.0,0.2139943093061447,-0.00971304958066066,0.0,103913.56616162175,-0.05619700465882271
Fixed_75pct,2024-02-21,98073.93499992222,0.0,0.2166910022497177,0.023950920119315988,0.0,103913.56616162175,-0.05619700465882271
Fixed_75pct,2024-02-22,98073.93499992222,0.0,0.2659252882003784,-0.008563528948084875,0.0,103913.56616162175,-0.05619700465882271
Fixed_75pct,2024-02-23,98073.93499992222,0.0,0.2139943093061447,-0.012598417511367144,0.0,103913.56616162175,-0.05619700465882271
Fixed_75pct,2024-02-26,98073.93499992222,0.0,0.2252772599458694,0.025830682509431657,0.0,103913.56616162175,-0.05619700465882271
Fixed_75pct,2024-02-27,98073.93499992222,0.0,0.2479310482740402,0.003545047586723138,0.0,103913.56616162175,-0.05619700465882271
Fixed_75pct,2024-02-28,98073.93499992222,0.0,0.3037738800048828,-0.00579033407186913,0.0,103913.56616162175,-0.05619700465882271
Fixed_75pct,2024-02-29,98073.93499992222,0.0,0.2111648470163345,-0.00018314570635991068,0.0,103913.56616162175,-0.05619700465882271
Fixed_75pct,2024-03-01,98073.93499992222,0.0,0.2136535197496414,-0.0033338982155406427,0.0,103913.56616162175,-0.05619700465882271
Fixed_75pct,2024-03-04,98073.93499992222,0.0,0.2299204766750335,-0.01681080558150938,0.0,103913.56616162175,-0.05619700465882271
Fixed_75pct,2024-03-05,98073.93499992222,0.0,0.2008787244558334,0.013010630318612604,0.0,103913.56616162175,-0.05619700465882271
Fixed_75pct,2024-03-06,98073.93499992222,0.0,0.2037343084812164,0.010899797823956892,0.0,103913.56616162175,-0.05619700465882271
Fixed_75pct,2024-03-07,98073.93499992222,0.0,0.2551262378692627,0.003346638678182412,0.0,103913.56616162175,-0.05619700465882271
Fixed_75pct,2024-03-11,98073.93499992222,0.0,0.3069292902946472,0.01695632362314181,0.0,103913.56616162175,-0.05619700465882271
Fixed_75pct,2024-03-12,98073.93499992222,0.0,0.4226202666759491,-0.010316655733794478,0.0,103913.56616162175,-0.05619700465882271
Fixed_75pct,2024-03-13,98073.93499992222,0.0,0.2479310482740402,0.01412390881085801,0.0,103913.56616162175,-0.05619700465882271
Fixed_75pct,2024-03-14,98073.93499992222,0.0,0.4301608502864837,0.0027687760417725027,0.0,103913.56616162175,-0.05619700465882271
Fixed_75pct,2024-03-15,98073.93499992222,0.0,0.4183034896850586,-0.015820347218107433,0.0,103913.56616162175,-0.05619700465882271
Fixed_75pct,2024-03-18,98073.93499992222,0.0,0.2263822257518768,-0.042191439174443124,0.0,103913.56616162175,-0.05619700465882271
Fixed_75pct,2024-03-19,98073.93499992222,0.0,0.3924726247787475,-0.0016091686334454014,0.0,103913.56616162175,-0.05619700465882271
Fixed_75pct,2024-03-20,98073.93499992222,0.0,0.3924726247787475,0.0005162680698436173,0.0,103913.56616162175,-0.05619700465882271
Fixed_75pct,2024-03-21,98073.93499992222,0.0,0.4181064367294311,-0.015618130001819552,0.0,103913.56616162175,-0.05619700465882271
Fixed_75pct,2024-03-22,98073.93499992222,0.0,0.4326481819152832,-0.00854020894877261,0.0,103913.56616162175,-0.05619700465882271
Fixed_75pct,2024-03-26,98073.93499992222,0.0,0.6045350432395935,-0.009439096752095422,0.0,103913.56616162175,-0.05619700465882271
Fixed_75pct,2024-03-27,98641.53507181106,0.75,0.711513876914978,0.009216628234121282,0.0011250000000000001,103913.56616162175,-0.05073477202784915
Fixed_75pct,2024-03-28,98530.56334485527,0.0,0.64478600025177,0.010435196105137434,0.0011250000000000001,103913.56616162175,-0.05180269540931781
Fixed_75pct,2024-04-01,98530.56334485527,0.0,0.4683361053466797,-0.00841257449974464,0.0,103913.56616162175,-0.05180269540931781
Fixed_75pct,2024-04-02,98530.56334485527,0.0,0.6368498802185059,0.01634996632207164,0.0,103913.56616162175,-0.05180269540931781
Fixed_75pct,2024-04-03,98530.56334485527,0.0,0.4386820495128631,0.014186912397659013,0.0,103913.56616162175,-0.05180269540931781
Fixed_75pct,2024-04-04,98530.56334485527,0.0,0.4909493625164032,-0.006007555900079287,0.0,103913.56616162175,-0.05180269540931781
Fixed_75pct,2024-04-05,98530.56334485527,0.0,0.4595701694488525,-0.001683722101369578,0.0,103913.56616162175,-0.05180269540931781
Fixed_75pct,2024-04-08,98530.56334485527,0.0,0.423918068408966,-0.006544914395142709,0.0,103913.56616162175,-0.05180269540931781
Fixed_75pct,2024-04-09,98530.56334485527,0.0,0.4303626120090484,0.009653964359818135,0.0,103913.56616162175,-0.05180269540931781
Fixed_75pct,2024-04-10,98530.56334485527,0.0,0.4211709201335907,0.004203631538657326,0.0,103913.56616162175,-0.05180269540931781
Fixed_75pct,2024-04-12,98530.56334485527,0.0,0.4717677533626556,-0.01504472250739397,0.0,103913.56616162175,-0.05180269540931781
Fixed_75pct,2024-04-15,98530.56334485527,0.0,0.4466467201709747,-0.017355095704650103,0.0,103913.56616162175,-0.05180269540931781
Fixed_75pct,2024-04-16,98530.56334485527,0.0,0.6795939207077026,-0.0027886925975930676,0.0,103913.56616162175,-0.05180269540931781
Fixed_75pct,2024-04-18,97734.69594475198,0.75,0.7219113707542419,-0.009269821032657943,0.0011250000000000001,103913.56616162175,-0.05946163186488551
Fixed_75pct,2024-04-19,98470.3527364994,0.75,0.7219113707542419,0.010036105528832495,0.0,103913.56616162175,-0.05238212512749563
Fixed_75pct,2024-04-22,98663.36160801374,0.75,0.711513876914978,0.0026134278477480954,0.0,103913.56616162175,-0.05052472692008392
Fixed_75pct,2024-04-23,98552.36532620473,0.0,0.6721768379211426,-0.01126536322652505,0.0011250000000000001,103913.56616162175,-0.05159288660229877
Fixed_75pct,2024-04-24,98849.54905854721,0.75,0.7219113707542419,0.005520654148128301,0.0011250000000000001,103913.56616162175,-0.048732973856351225
Fixed_75pct,2024-04-25,98255.83102459351,0.75,0.7219113707542419,-0.00800837285360545,0.0,103913.56616162175,-0.05444654962787532
Fixed_75pct,2024-04-26,99197.86384609905,0.75,0.7219113707542419,0.012783401747352707,0.0,103913.56616162175,-0.04538100740559847
Fixed_75pct,2024-04-29,98245.34348683475,0.75,0.7436636090278625,-0.012802968697553041,0.0,103913.56616162175,-0.054547475215805274
Fixed_75pct,2024-04-30,99067.88253088931,0.75,0.7923908233642578,0.011163060624374888,0.0,103913.56616162175,-0.04663186732707947
Fixed_75pct,2024-05-02,98685.15299603358,0.75,0.7316038608551025,-0.005151074530286959,0.0,103913.56616162175,-0.0503150200567285
Fixed_75pct,2024-05-03,100180.49243130193,0.75,0.7769486904144287,0.020203504308001552,0.0,103913.56616162175,-0.03592479661908243
Fixed_75pct,2024-05-06,100067.78937731672,0.0,0.3915858268737793,0.014766427773869939,0.0011250000000000001,103913.56616162175,-0.037009381222885884
Fixed_75pct,2024-05-07,100067.78937731672,0.0,0.3697722554206848,-0.0005026451763764372,0.0,103913.56616162175,-0.037009381222885884
Fixed_75pct,2024-05-08,100067.78937731672,0.0,0.301511138677597,-0.0042117703782177385,0.0,103913.56616162175,-0.037009381222885884
Fixed_75pct,2024-05-09,100067.78937731672,0.0,0.3406410813331604,-0.016741591244276988,0.0,103913.56616162175,-0.037009381222885884
Fixed_75pct,2024-05-10,100067.78937731672,0.0,0.3453083634376526,0.013842201349842709,0.0,103913.56616162175,-0.037009381222885884
Fixed_75pct,2024-05-13,100067.78937731672,0.0,0.339055985212326,-0.011804067348872627,0.0,103913.56616162175,-0.037009381222885884
Fixed_75pct,2024-05-14,100067.78937731672,0.0,0.2392671853303909,-0.005331705395381414,0.0,103913.56616162175,-0.037009381222885884
Fixed_75pct,2024-05-15,100067.78937731672,0.0,0.4329863488674164,0.005295858505643514,0.0,103913.56616162175,-0.037009381222885884
Fixed_75pct,2024-05-16,100067.78937731672,0.0,0.3674110770225525,-0.017136813943368523,0.0,103913.56616162175,-0.037009381222885884
Fixed_75pct,2024-05-17,100067.78937731672,0.0,0.5577951073646545,-0.0036253999974784623,0.0,103913.56616162175,-0.037009381222885884
Fixed_75pct,2024-05-21,100067.78937731672,0.0,0.65833580493927,0.0030888563370892186,0.0,103913.56616162175,-0.037009381222885884
Fixed_75pct,2024-05-22,100067.78937731672,0.0,0.6579462289810181,0.01603599978389214,0.0,103913.56616162175,-0.037009381222885884
Fixed_75pct,2024-05-23,100067.78937731672,0.0,0.3188414573669433,-0.011288176738639355,0.0,103913.56616162175,-0.037009381222885884
Fixed_75pct,2024-05-24,100067.78937731672,0.0,0.6009922027587891,-0.0006364336074490273,0.0,103913.56616162175,-0.037009381222885884
Fixed_75pct,2024-05-27,100067.78937731672,0.0,0.6740281581878662,-0.0018586050073752247,0.0,103913.56616162175,-0.037009381222885884
Fixed_75pct,2024-05-28,99246.70687897832,0.75,0.7135289907455444,-0.009440350249201646,0.0011250000000000001,103913.56616162175,-0.044910972214973754
Fixed_75pct,2024-05-29,97924.79979545147,0.75,0.7335686087608337,-0.01775920666249453,0.0,103913.56616162175,-0.05763218978411022
Fixed_75pct,2024-05-30,96644.0896529832,0.75,0.7196359634399414,-0.017438008827773466,0.0,103913.56616162175,-0.06995695342927599
Fixed_75pct,2024-05-31,97273.95943964327,0.75,0.8457560539245605,0.008689888696028492,0.0,103913.56616162175,-0.06389547551136476
Fixed_75pct,2024-06-03,97513.34310559217,0.75,0.8628421425819397,0.003281229869780633,0.0,103913.56616162175,-0.06159179491612299
Fixed_75pct,2024-06-04,97403.64059459837,0.0,0.2884446680545807,0.008465666533479244,0.0011250000000000001,103913.56616162175,-0.06264750414684239
Fixed_75pct,2024-06-05,97403.64059459837,0.0,0.2209851294755935,0.02240786671809558,0.0,103913.56616162175,-0.06264750414684239
Fixed_75pct,2024-06-06,97403.64059459837,0.0,0.3052290380001068,0.016590969728575766,0.0,103913.56616162175,-0.06264750414684239
Fixed_75pct,2024-06-07,97403.64059459837,0.0,0.2829272449016571,-0.009052504639766035,0.0,103913.56616162175,-0.06264750414684239
Fixed_75pct,2024-06-10,97403.64059459837,0.0,0.3222821354866028,-0.001710382667514887,0.0,103913.56616162175,-0.06264750414684239
Fixed_75pct,2024-06-11,97403.64059459837,0.0,0.3758260905742645,-0.005308843174906763,0.0,103913.56616162175,-0.06264750414684239
Fixed_75pct,2024-06-12,97403.64059459837,0.0,0.4066451489925384,0.012135764275216454,0.0,103913.56616162175,-0.06264750414684239
Fixed_75pct,2024-06-13,97403.64059459837,0.0,0.4400219321250915,-0.011887073650186819,0.0,103913.56616162175,-0.06264750414684239
Fixed_75pct,2024-06-14,97403.64059459837,0.0,0.4116044342517853,-0.004423207149149455,0.0,103913.56616162175,-0.06264750414684239
Fixed_75pct,2024-06-18,97403.64059459837,0.0,0.3943470120429992,-0.0035123970908672586,0.0,103913.56616162175,-0.06264750414684239
Fixed_75pct,2024-06-19,97403.64059459837,0.0,0.4451701939105987,-0.0038009183674321267,0.0,103913.56616162175,-0.06264750414684239
Fixed_75pct,2024-06-20,97403.64059459837,0.0,0.1704689264297485,0.006205030034985848,0.0,103913.56616162175,-0.06264750414684239
Fixed_75pct,2024-06-21,97403.64059459837,0.0,0.1675410717725753,0.0015876268000065696,0.0,103913.56616162175,-0.06264750414684239
Fixed_75pct,2024-06-24,97403.64059459837,0.0,0.1702487021684646,0.0056722652658729444,0.0,103913.56616162175,-0.06264750414684239
Fixed_75pct,2024-06-25,97403.64059459837,0.0,0.2115805596113205,0.004533117978798407,0.0,103913.56616162175,-0.06264750414684239
Fixed_75pct,2024-06-26,97403.64059459837,0.0,0.1747529655694961,0.020306755372853758,0.0,103913.56616162175,-0.06264750414684239
Fixed_75pct,2024-06-27,97403.64059459837,0.0,0.1585526466369629,-0.007625535565416008,0.0,103913.56616162175,-0.06264750414684239
Fixed_75pct,2024-06-28,97403.64059459837,0.0,0.120798535645008,0.01896700963855702,0.0,103913.56616162175,-0.06264750414684239
Fixed_75pct,2024-07-01,97403.64059459837,0.0,0.1676857769489288,0.009853690526623105,0.0,103913.56616162175,-0.06264750414684239
Fixed_75pct,2024-07-02,97403.64059459837,0.0,0.09813142567873,-0.012981008515812853,0.0,103913.56616162175,-0.06264750414684239
Fixed_75pct,2024-07-03,97403.64059459837,0.0,0.1081952154636383,0.01404702129042934,0.0,103913.56616162175,-0.06264750414684239
Fixed_75pct,2024-07-04,97403.64059459837,0.0,0.0982093587517738,-0.0022755573819274177,0.0,103913.56616162175,-0.06264750414684239
Fixed_75pct,2024-07-05,97403.64059459837,0.0,0.1049072816967964,-0.004636347133422869,0.0,103913.56616162175,-0.06264750414684239
Fixed_75pct,2024-07-08,97403.64059459837,0.0,0.1101596057415008,-0.001928265868483603,0.0,103913.56616162175,-0.06264750414684239
Fixed_75pct,2024-07-09,97403.64059459837,0.0,0.1074301674962043,-0.019156968424601684,0.0,103913.56616162175,-0.06264750414684239
Fixed_75pct,2024-07-10,97403.64059459837,0.0,0.067156933248043,0.0037220493436185276,0.0,103913.56616162175,-0.06264750414684239
Fixed_75pct,2024-07-11,97403.64059459837,0.0,0.0651871934533119,0.06632776394201523,0.0,103913.56616162175,-0.06264750414684239
Fixed_75pct,2024-07-12,97403.64059459837,0.0,0.2866563498973846,-0.003525376572724337,0.0,103913.56616162175,-0.06264750414684239
Fixed_75pct,2024-07-15,97403.64059459837,0.0,0.2609844505786896,0.0022186509562194257,0.0,103913.56616162175,-0.06264750414684239
Fixed_75pct,2024-07-16,97403.64059459837,0.0,0.2654161155223846,0.03281111487910082,0.0,103913.56616162175,-0.06264750414684239
Fixed_75pct,2024-07-18,97403.64059459837,0.0,0.2534982562065124,-0.003047097806510468,0.0,103913.56616162175,-0.06264750414684239
Fixed_75pct,2024-07-19,97403.64059459837,0.0,0.2295404523611068,-0.0034980022845625403,0.0,103913.56616162175,-0.06264750414684239
Fixed_75pct,2024-07-22,97403.64059459837,0.0,0.2242989689111709,0.003498664596623513,0.0,103913.56616162175,-0.06264750414684239
Fixed_75pct,2024-07-23,97403.64059459837,0.0,0.2242989689111709,0.0009064586226663618,0.0,103913.56616162175,-0.06264750414684239
Fixed_75pct,2024-07-24,97403.64059459837,0.0,0.2841377854347229,0.0037735849056603765,0.0,103913.56616162175,-0.06264750414684239
Fixed_75pct,2024-07-25,97403.64059459837,0.0,0.2812440991401672,0.015118588237420516,0.0,103913.56616162175,-0.06264750414684239
Fixed_75pct,2024-07-26,97403.64059459837,0.0,0.2386145740747451,-0.0015383387877369037,0.0,103913.56616162175,-0.06264750414684239
Fixed_75pct,2024-07-29,97403.64059459837,0.0,0.286546915769577,-0.003594987480068257,0.0,103913.56616162175,-0.06264750414684239
Fixed_75pct,2024-07-30,97403.64059459837,0.0,0.2715286314487457,0.00458153402420991,0.0,103913.56616162175,-0.06264750414684239
Fixed_75pct,2024-07-31,97403.64059459837,0.0,0.2840441465377807,0.002679375588799493,0.0,103913.56616162175,-0.06264750414684239
Fixed_75pct,2024-08-01,97403.64059459837,0.0,0.296279102563858,-0.0259376158003638,0.0,103913.56616162175,-0.06264750414684239
Fixed_75pct,2024-08-02,97403.64059459837,0.0,0.294759064912796,-0.029885246690317002,0.0,103913.56616162175,-0.06264750414684239
Fixed_75pct,2024-08-05,97403.64059459837,0.0,0.2707370817661285,0.003886930694977364,0.0,103913.56616162175,-0.06264750414684239
Fixed_75pct,2024-08-06,97403.64059459837,0.0,0.2707370817661285,0.007012370212504004,0.0,103913.56616162175,-0.06264750414684239
Fixed_75pct,2024-08-07,97403.64059459837,0.0,0.3227385282516479,-0.0066422381715501855,0.0,103913.56616162175,-0.06264750414684239
Fixed_75pct,2024-08-08,97403.64059459837,0.0,0.3355268836021423,0.013469029237078045,0.0,103913.56616162175,-0.06264750414684239
Fixed_75pct,2024-08-09,97403.64059459837,0.0,0.3270950615406036,-0.00782739524830034,0.0,103913.56616162175,-0.06264750414684239
Fixed_75pct,2024-08-12,97403.64059459837,0.0,0.3264108598232269,0.0003099145541252124,0.0,103913.56616162175,-0.06264750414684239
Fixed_75pct,2024-08-13,97403.64059459837,0.0,0.3388810753822326,0.023421722944744428,0.0,103913.56616162175,-0.06264750414684239
Fixed_75pct,2024-08-14,97403.64059459837,0.0,0.242540031671524,0.02812404509341704,0.0,103913.56616162175,-0.06264750414684239
Fixed_75pct,2024-08-16,97403.64059459837,0.0,0.2669140696525574,0.01674577927857701,0.0,103913.56616162175,-0.06264750414684239
Fixed_75pct,2024-08-19,97403.64059459837,0.0,0.2460161000490188,0.007416437569599088,0.0,103913.56616162175,-0.06264750414684239
Fixed_75pct,2024-08-20,97403.64059459837,0.0,0.2275067567825317,0.006234429847713496,0.0,103913.56616162175,-0.06264750414684239
Fixed_75pct,2024-08-21,97403.64059459837,0.0,0.2480917125940323,-0.010875535537734793,0.0,103913.56616162175,-0.06264750414684239
Fixed_75pct,2024-08-22,97403.64059459837,0.0,0.2242989689111709,-0.008462927067136805,0.0,103913.56616162175,-0.06264750414684239
Fixed_75pct,2024-08-23,97403.64059459837,0.0,0.2429498732089996,0.00863601196534658,0.0,103913.56616162175,-0.06264750414684239
Fixed_75pct,2024-08-26,97403.64059459837,0.0,0.2439489513635635,-0.0011772019098108544,0.0,103913.56616162175,-0.06264750414684239
Fixed_75pct,2024-08-27,97403.64059459837,0.0,0.244068294763565,0.0019790094920144607,0.0,103913.56616162175,-0.06264750414684239
Fixed_75pct,2024-08-28,97403.64059459837,0.0,0.2533520460128784,0.0012760622383751752,0.0,103913.56616162175,-0.06264750414684239
Fixed_75pct,2024-08-29,97403.64059459837,0.0,0.2592674493789673,0.009297884908128218,0.0,103913.56616162175,-0.06264750414684239
Fixed_75pct,2024-08-30,97403.64059459837,0.0,0.2506621479988098,-0.0071809377573428534,0.0,103913.56616162175,-0.06264750414684239
Fixed_75pct,2024-09-02,97403.64059459837,0.0,0.2566772103309631,-0.0019242670191843558,0.0,103913.56616162175,-0.06264750414684239
Fixed_75pct,2024-09-03,97403.64059459837,0.0,0.3106915652751922,-0.007335445375446947,0.0,103913.56616162175,-0.06264750414684239
Fixed_75pct,2024-09-04,97403.64059459837,0.0,0.327718049287796,-0.0007366868755930289,0.0,103913.56616162175,-0.06264750414684239
Fixed_75pct,2024-09-05,97403.64059459837,0.0,0.327718049287796,-0.004289635602426456,0.0,103913.56616162175,-0.06264750414684239
Fixed_75pct,2024-09-06,97403.64059459837,0.0,0.3231621384620666,-0.0016155708335671148,0.0,103913.56616162175,-0.06264750414684239
Fixed_75pct,2024-09-09,97403.64059459837,0.0,0.357803463935852,0.013102514979679958,0.0,103913.56616162175,-0.06264750414684239
Fixed_75pct,2024-09-10,97403.64059459837,0.0,0.3259206712245941,-0.006322304287540104,0.0,103913.56616162175,-0.06264750414684239
Fixed_75pct,2024-09-11,97403.64059459837,0.0,0.3258581459522247,0.008561531655298937,0.0,103913.56616162175,-0.06264750414684239
Fixed_75pct,2024-09-12,97403.64059459837,0.0,0.3316980302333832,0.0010846010429894637,0.0,103913.56616162175,-0.06264750414684239
Fixed_75pct,2024-09-13,97403.64059459837,0.0,0.3316980302333832,-0.002067416409665679,0.0,103913.56616162175,-0.06264750414684239
Fixed_75pct,2024-09-16,97403.64059459837,0.0,0.3296115696430206,-0.0016839522863235645,0.0,103913.56616162175,-0.06264750414684239
Fixed_75pct,2024-09-17,97403.64059459837,0.0,0.3421419560909271,-0.03539999854783016,0.0,103913.56616162175,-0.06264750414684239
Fixed_75pct,2024-09-18,97403.64059459837,0.0,0.236836165189743,-0.011504435218177012,0.0,103913.56616162175,-0.06264750414684239
Fixed_75pct,2024-09-19,97403.64059459837,0.0,0.1933979839086532,-0.0026186237109330213,0.0,103913.56616162175,-0.06264750414684239
Fixed_75pct,2024-09-20,97403.64059459837,0.0,0.1933979839086532,-0.003827371167942517,0.0,103913.56616162175,-0.06264750414684239
Fixed_75pct,2024-09-23,97403.64059459837,0.0,0.2365657389163971,0.0006559223819841975,0.0,103913.56616162175,-0.06264750414684239
Fixed_75pct,2024-09-24,97403.64059459837,0.0,0.2511974573135376,0.0008077623838798065,0.0,103913.56616162175,-0.06264750414684239
Fixed_75pct,2024-09-25,97403.64059459837,0.0,0.2854065299034118,0.004152289607579407,0.0,103913.56616162175,-0.06264750414684239
Fixed_75pct,2024-09-26,97403.64059459837,0.0,0.3754554092884063,0.003774069962143356,0.0,103913.56616162175,-0.06264750414684239
Fixed_75pct,2024-09-27,97403.64059459837,0.0,0.3710492253303528,-0.009330005219725934,0.0,103913.56616162175,-0.06264750414684239
Fixed_75pct,2024-09-30,97403.64059459837,0.0,0.3588312566280365,0.004544899225430443,0.0,103913.56616162175,-0.06264750414684239
Fixed_75pct,2024-10-01,97403.64059459837,0.0,0.384001225233078,-0.01286175134676193,0.0,103913.56616162175,-0.06264750414684239
Fixed_75pct,2024-10-03,97403.64059459837,0.0,0.6041865348815918,0.004606934026342158,0.0,103913.56616162175,-0.06264750414684239
Fixed_75pct,2024-10-04,97403.64059459837,0.0,0.58246910572052,0.00484451705714628,0.0,103913.56616162175,-0.06264750414684239
Fixed_75pct,2024-10-07,97403.64059459837,0.0,0.3540689051151275,-0.004587125035582451,0.0,103913.56616162175,-0.06264750414684239
Fixed_75pct,2024-10-08,97403.64059459837,0.0,0.58246910572052,-7.048837653556017e-05,0.0,103913.56616162175,-0.06264750414684239
Fixed_75pct,2024-10-09,97403.64059459837,0.0,0.2640060484409332,-0.006007663338477576,0.0,103913.56616162175,-0.06264750414684239
Fixed_75pct,2024-10-10,97403.64059459837,0.0,0.4729017913341522,-0.01849829891605348,0.0,103913.56616162175,-0.06264750414684239
Fixed_75pct,2024-10-11,97073.09525818273,0.75,0.7608885765075684,-0.003024749922389547,0.0011250000000000001,103913.56616162175,-0.0658284683714897
Fixed_75pct,2024-10-14,96723.7345799481,0.75,0.7580382823944092,-0.004798592611137686,0.0,103913.56616162175,-0.06919049982839554
Fixed_75pct,2024-10-15,96338.71474676668,0.75,0.7607991695404053,-0.0053074850739028845,0.0,103913.56616162175,-0.07289569297500142
Fixed_75pct,2024-10-16,96586.62320640063,0.75,0.7894052863121033,0.0034310672891384453,0.0,103913.56616162175,-0.07050997502891176
Fixed_75pct,2024-10-17,96834.31544139852,0.75,0.7607991695404053,0.0034192759035045484,0.0,103913.56616162175,-0.06812633789521316
Fixed_75pct,2024-10-18,96073.3713122097,0.75,0.7467433214187622,-0.010477609798003495,0.0,103913.56616162175,-0.07544919435464115
Fixed_75pct,2024-10-21,94936.87168389172,0.75,0.7944980263710022,-0.015772662258649484,0.0,103913.56616162175,-0.08638616505344598
Fixed_75pct,2024-10-22,95836.76825429844,0.75,0.8129313588142395,0.012638525712862725,0.0,103913.56616162175,-0.07772611609499647
Fixed_75pct,2024-10-23,95512.40046028815,0.75,0.7620764970779419,-0.0045127814709499114,0.0,103913.56616162175,-0.0808476314658172
Fixed_75pct,2024-10-24,95683.17580264206,0.75,0.7775447964668274,0.0023839884179912563,0.0,103913.56616162175,-0.07920419501510112
Fixed_75pct,2024-10-25,96272.12499388708,0.75,0.7742302417755127,0.008206934831954227,0.0,103913.56616162175,-0.07353651164131525
Fixed_75pct,2024-10-28,95996.78102216471,0.75,0.7284544706344604,-0.003813412196449706,0.0,103913.56616162175,-0.07618625201586948
Fixed_75pct,2024-10-29,96162.84942905804,0.75,0.7427082061767578,0.0023065829933746063,0.0,103913.56616162175,-0.07458811220576
Fixed_75pct,2024-10-30,94111.1218620651,0.75,0.7393041253089905,-0.028447958564380316,0.0,103913.56616162175,-0.0943326714849766
Fixed_75pct,2024-10-31,94391.25330902146,0.75,0.9053999185562134,0.003968803989917724,0.0,103913.56616162175,-0.09163685940476518
Fixed_75pct,2024-11-01,94034.99309473982,0.75,0.9119563698768616,-0.005032390209790516,0.0,103913.56616162175,-0.09506528773651468
Fixed_75pct,2024-11-04,94163.09186745994,0.75,0.8962885141372681,0.001816327709565968,0.0,103913.56616162175,-0.09383254424159049
Fixed_75pct,2024-11-05,97155.95882335058,0.75,0.8987098336219788,0.04237848604353078,0.0,103913.56616162175,-0.06503104058387088
Fixed_75pct,2024-11-06,97046.6583696743,0.0,0.6782045960426331,0.002717621119030067,0.0011250000000000001,103913.56616162175,-0.0660828806632141
Fixed_75pct,2024-11-07,96869.0970647754,0.75,0.7009809613227844,-0.0009395317727483032,0.0011250000000000001,103913.56616162175,-0.06779162102751579
Fixed_75pct,2024-11-08,97774.83939139605,0.75,0.7009809613227844,0.012466890598625602,0.0,103913.56616162175,-0.05907531612068684
Fixed_75pct,2024-11-11,97664.84269708072,0.0,0.5726436972618103,-0.0003096894058313149,0.0011250000000000001,103913.56616162175,-0.06013385639005109
Fixed_75pct,2024-11-12,97664.84269708072,0.0,0.5741950869560242,-0.01120927378428449,0.0,103913.56616162175,-0.06013385639005109
Fixed_75pct,2024-11-13,97664.84269708072,0.0,0.593315601348877,-0.0010722457642822203,0.0,103913.56616162175,-0.06013385639005109
Fixed_75pct,2024-11-14,97664.84269708072,0.0,0.6569667458534241,-0.030487929115773804,0.0,103913.56616162175,-0.06013385639005109
Fixed_75pct,2024-11-18,97920.34819130319,0.75,0.7046766877174377,0.004988194757588049,0.0011250000000000001,103913.56616162175,-0.057675029273820066
Fixed_75pct,2024-11-19,97810.18779958796,0.0,0.6871570348739624,0.008243504456092898,0.0011250000000000001,103913.56616162175,-0.058735144865887046
Fixed_75pct,2024-11-21,97810.18779958796,0.0,0.6869116425514221,0.0421694871851126,0.0,103913.56616162175,-0.058735144865887046
Fixed_75pct,2024-11-22,97810.18779958796,0.0,0.5649750232696533,0.01660933854261759,0.0,103913.56616162175,-0.058735144865887046
Fixed_75pct,2024-11-25,97810.18779958796,0.0,0.4009934365749359,0.008713609604716455,0.0,103913.56616162175,-0.058735144865887046
Fixed_75pct,2024-11-26,97810.18779958796,0.0,0.3805783689022064,-0.004629400078300927,0.0,103913.56616162175,-0.058735144865887046
Fixed_75pct,2024-11-27,97810.18779958796,0.0,0.3841496407985687,-0.02023055851520028,0.0,103913.56616162175,-0.058735144865887046
Fixed_75pct,2024-11-28,97810.18779958796,0.0,0.2898951768875122,0.006113264366533588,0.0,103913.56616162175,-0.058735144865887046
Fixed_75pct,2024-11-29,97810.18779958796,0.0,0.4073731303215027,0.0013579977182254233,0.0,103913.56616162175,-0.058735144865887046
Fixed_75pct,2024-12-02,97810.18779958796,0.0,0.3055686056613922,0.006102930623791858,0.0,103913.56616162175,-0.058735144865887046
Fixed_75pct,2024-12-03,97810.18779958796,0.0,0.3819903135299682,0.012003928265353458,0.0,103913.56616162175,-0.058735144865887046
Fixed_75pct,2024-12-04,97810.18779958796,0.0,0.4721872210502624,0.02518140382208145,0.0,103913.56616162175,-0.058735144865887046
Fixed_75pct,2024-12-05,97810.18779958796,0.0,0.436297208070755,-0.00415537583564185,0.0,103913.56616162175,-0.058735144865887046
Fixed_75pct,2024-12-06,97810.18779958796,0.0,0.3573099076747894,0.0014958727575637987,0.0,103913.56616162175,-0.058735144865887046
Fixed_75pct,2024-12-09,97810.18779958796,0.0,0.4462079703807831,-0.004402389426719888,0.0,103913.56616162175,-0.058735144865887046
Fixed_75pct,2024-12-10,97810.18779958796,0.0,0.3232079446315765,-0.0011504911619057978,0.0,103913.56616162175,-0.058735144865887046
Fixed_75pct,2024-12-11,97810.18779958796,0.0,0.3232079446315765,0.006211249994209966,0.0,103913.56616162175,-0.058735144865887046
Fixed_75pct,2024-12-12,97810.18779958796,0.0,0.4023072421550751,0.004253629378660362,0.0,103913.56616162175,-0.058735144865887046
Fixed_75pct,2024-12-13,97810.18779958796,0.0,0.4300086498260498,-0.013120478399728852,0.0,103913.56616162175,-0.058735144865887046
Fixed_75pct,2024-12-16,97810.18779958796,0.0,0.3563823699951172,-0.019636752916560196,0.0,103913.56616162175,-0.058735144865887046
Fixed_75pct,2024-12-17,97810.18779958796,0.0,0.415903240442276,0.004470393359420122,0.0,103913.56616162175,-0.058735144865887046
Fixed_75pct,2024-12-18,97810.18779958796,0.0,0.3719558715820312,-0.017468448453050733,0.0,103913.56616162175,-0.058735144865887046
Fixed_75pct,2024-12-19,97810.18779958796,0.0,0.3065764605998993,-0.023783351665264352,0.0,103913.56616162175,-0.058735144865887046
Fixed_75pct,2024-12-20,97810.18779958796,0.0,0.568117082118988,-0.0028774909627629075,0.0,103913.56616162175,-0.058735144865887046
Fixed_75pct,2024-12-23,97810.18779958796,0.0,0.5576220750808716,0.005098284469196246,0.0,103913.56616162175,-0.058735144865887046
Fixed_75pct,2024-12-24,97810.18779958796,0.0,0.5937625169754028,-0.002488312559815742,0.0,103913.56616162175,-0.058735144865887046
Fixed_75pct,2024-12-26,97810.18779958796,0.0,0.5832534432411194,-0.001019404643795685,0.0,103913.56616162175,-0.058735144865887046
Fixed_75pct,2024-12-27,97810.18779958796,0.0,0.5656948685646057,-0.0014527036572468122,0.0,103913.56616162175,-0.058735144865887046
Fixed_75pct,2024-12-30,97810.18779958796,0.0,0.5315733551979065,-0.015388996553101442,0.0,103913.56616162175,-0.058735144865887046
Fixed_75pct,2024-12-31,97810.18779958796,0.0,0.6027769446372986,0.004310380549454651,0.0,103913.56616162175,-0.058735144865887046
Fixed_75pct,2025-01-01,97810.18779958796,0.0,0.3396520018577575,0.015392236180671759,0.0,103913.56616162175,-0.058735144865887046
Fixed_75pct,2025-01-02,97810.18779958796,0.0,0.4462629556655884,-0.018164424991019557,0.0,103913.56616162175,-0.058735144865887046
Fixed_75pct,2025-01-03,97810.18779958796,0.0,0.3802525699138641,-0.0011951273105348381,0.0,103913.56616162175,-0.058735144865887046
Fixed_75pct,2025-01-06,97810.18779958796,0.0,0.6027769446372986,-0.016288144364316248,0.0,103913.56616162175,-0.058735144865887046
Fixed_75pct,2025-01-07,97810.18779958796,0.0,0.589745819568634,0.01988428184214497,0.0,103913.56616162175,-0.058735144865887046
Fixed_75pct,2025-01-08,97810.18779958796,0.0,0.4721475541591644,-0.016928684242209058,0.0,103913.56616162175,-0.058735144865887046
Fixed_75pct,2025-01-09,97810.18779958796,0.0,0.5819497108459473,0.056154548746216726,0.0,103913.56616162175,-0.058735144865887046
Fixed_75pct,2025-01-10,97810.18779958796,0.0,0.5834248661994934,0.005966311323045259,0.0,103913.56616162175,-0.058735144865887046
Fixed_75pct,2025-01-13,97810.18779958796,0.0,0.5351479053497314,-0.013528067779275621,0.0,103913.56616162175,-0.058735144865887046
Fixed_75pct,2025-01-14,97810.18779958796,0.0,0.6169790029525757,0.003909779882680153,0.0,103913.56616162175,-0.058735144865887046
Fixed_75pct,2025-01-15,97810.18779958796,0.0,0.6325839757919312,-0.010189262983270164,0.0,103913.56616162175,-0.058735144865887046
Fixed_75pct,2025-01-16,97810.18779958796,0.0,0.6367969512939453,-0.01949456857749876,0.0,103913.56616162175,-0.058735144865887046
Fixed_75pct,2025-01-17,97810.18779958796,0.0,0.5152623057365417,-0.011274581883335744,0.0,103913.56616162175,-0.058735144865887046
Fixed_75pct,2025-01-20,97810.18779958796,0.0,0.6982356905937195,-0.010287397780558316,0.0,103913.56616162175,-0.058735144865887046
Fixed_75pct,2025-01-21,97810.18779958796,0.0,0.6746646165847778,0.029919347120975548,0.0,103913.56616162175,-0.058735144865887046
Fixed_75pct,2025-01-22,97810.18779958796,0.0,0.4914069771766662,-0.0026824573165066257,0.0,103913.56616162175,-0.058735144865887046
Fixed_75pct,2025-01-23,97810.18779958796,0.0,0.4914069771766662,0.0016644518734183489,0.0,103913.56616162175,-0.058735144865887046
Fixed_75pct,2025-01-24,97810.18779958796,0.0,0.4914069771766662,-0.021000203080592694,0.0,103913.56616162175,-0.058735144865887046
Fixed_75pct,2025-01-27,97810.18779958796,0.0,0.5639668703079224,-0.006112899674695416,0.0,103913.56616162175,-0.058735144865887046
Fixed_75pct,2025-01-28,97810.18779958796,0.0,0.5229705572128296,0.014726568606366897,0.0,103913.56616162175,-0.058735144865887046
Fixed_75pct,2025-01-29,97810.18779958796,0.0,0.592658281326294,6.09785872260904e-05,0.0,103913.56616162175,-0.058735144865887046
Fixed_75pct,2025-01-30,97810.18779958796,0.0,0.592658281326294,0.0030121823501096934,0.0,103913.56616162175,-0.058735144865887046
Fixed_75pct,2025-01-31,97810.18779958796,0.0,0.5554901361465454,-0.009544305255340224,0.0,103913.56616162175,-0.058735144865887046
Fixed_75pct,2025-02-01,97619.1061050816,0.75,0.7181596755981445,-0.0011047960688632674,0.0011250000000000001,103913.56616162175,-0.06057399711169642
Fixed_75pct,2025-02-03,98310.10266990522,0.75,0.7153918743133545,0.009437996206463906,0.0,103913.56616162175,-0.05392427282306145
Fixed_75pct,2025-02-04,98199.50380440157,0.0,0.5213248133659363,-0.0038834949147794617,0.0011250000000000001,103913.56616162175,-0.05498860801613559
Fixed_75pct,2025-02-05,98199.50380440157,0.0,0.6626167893409729,-0.0020410396853974833,0.0,103913.56616162175,-0.05498860801613559
Fixed_75pct,2025-02-06,98199.50380440157,0.0,0.6966712474822998,-0.013067196780662593,0.0,103913.56616162175,-0.05498860801613559
Fixed_75pct,2025-02-07,98199.50380440157,0.0,0.6849414706230164,0.0018737402618522747,0.0,103913.56616162175,-0.05498860801613559
Fixed_75pct,2025-02-10,98199.50380440157,0.0,0.6849414706230164,-0.018182019403644833,0.0,103913.56616162175,-0.05498860801613559
Fixed_75pct,2025-02-11,98199.50380440157,0.0,0.5199754238128662,-0.003380844525562865,0.0,103913.56616162175,-0.05498860801613559
Fixed_75pct,2025-02-12,98199.50380440157,0.0,0.5351260304450989,-0.010126197989667851,0.0,103913.56616162175,-0.05498860801613559
Fixed_75pct,2025-02-13,98554.26988743604,0.75,0.8337576985359192,0.006316943321711177,0.0011250000000000001,103913.56616162175,-0.05157455828096735
Fixed_75pct,2025-02-14,98443.39633381266,0.0,0.5098326802253723,-0.007713152192081685,0.0011250000000000001,103913.56616162175,-0.0526415369029013
Fixed_75pct,2025-02-17,97740.77599698346,0.75,0.8371390700340271,-0.008016403848924325,0.0011250000000000001,103913.56616162175,-0.05940312119629754
Fixed_75pct,2025-02-18,96054.43996986978,0.75,0.9005553126335144,-0.02300419669494913,0.0,103913.56616162175,-0.0756313779042892
Fixed_75pct,2025-02-19,95964.95872924982,0.75,0.9314850568771362,-0.0012420906400999465,0.0,103913.56616162175,-0.07649249011441961
Fixed_75pct,2025-02-20,96090.6489411003,0.75,0.9293535351753236,0.0017463348221384845,0.0,103913.56616162175,-0.07528292512215484
Fixed_75pct,2025-02-21,93989.14373918963,0.75,0.9348692297935486,-0.02916003759739827,0.0,103913.56616162175,-0.09550651362495044
Fixed_75pct,2025-02-24,93105.98087934876,0.75,0.9287832975387572,-0.012528579716136412,0.0,103913.56616162175,-0.10400552768503235
Fixed_75pct,2025-02-25,92778.91519896367,0.75,0.9299870729446412,-0.0046837761626923324,0.0,103913.56616162175,-0.10715300584853205
Fixed_75pct,2025-02-27,90288.36459690254,0.75,0.9354568123817444,-0.03579190518621844,0.0,103913.56616162175,-0.13112052706888422
Fixed_75pct,2025-02-28,90478.88287329554,0.75,0.9313012957572936,0.0028134784549271874,0.0,103913.56616162175,-0.12928709681111894
Fixed_75pct,2025-03-03,91236.53228771828,0.75,0.9012481570243835,0.011165027541785166,0.0,103913.56616162175,-0.12199594665230018
Fixed_75pct,2025-03-04,91527.1315074483,0.75,0.9005647897720337,0.004246825439230939,0.0,103913.56616162175,-0.11919939919017153
Fixed_75pct,2025-03-05,92582.82766850451,0.75,0.8894710540771484,0.015378990450430008,0.0,103913.56616162175,-0.10904003116873118
Fixed_75pct,2025-03-06,92767.90823538748,0.75,0.8298525214195251,0.0026654412636961666,0.0,103913.56616162175,-0.10725893006981302
Fixed_75pct,2025-03-07,92352.7097599804,0.75,0.8402940034866333,-0.005967559016257673,0.0,103913.56616162175,-0.11125454383559696
Fixed_75pct,2025-03-10,92075.82039203086,0.75,0.8483890295028687,-0.003997563524580916,0.0,103913.56616162175,-0.11391915614924697
Fixed_75pct,2025-03-11,90741.15307167111,0.75,0.8764618635177612,-0.019327076528555698,0.0,103913.56616162175,-0.12676317035894002
Fixed_75pct,2025-03-12,90835.29419168009,0.75,0.8382480144500732,0.0013832918041736253,0.0,103913.56616162175,-0.1258572143467812
Fixed_75pct,2025-03-13,90576.25629036239,0.75,0.8172340989112854,-0.0038023091299156375,0.0,103913.56616162175,-0.1283500351678356
Fixed_75pct,2025-03-17,90576.25629036239,0.75,0.8106125593185425,0.0,0.0,103913.56616162175,-0.1283500351678356
Fixed_75pct,2025-03-18,91847.42269277548,0.75,0.8179736733436584,0.018712282953243786,0.0,103913.56616162175,-0.11611711458424234
Fixed_75pct,2025-03-20,92136.4514199917,0.75,0.8013614416122437,0.004195780621709444,0.0,103913.56616162175,-0.11333568057237631
Fixed_75pct,2025-03-21,93118.49320130429,0.75,0.7974686622619629,0.014211411678765717,0.0,103913.56616162175,-0.10388511682418222
Fixed_75pct,2025-03-24,93672.74798307657,0.75,0.7744424939155579,0.007936193448693007,0.0,103913.56616162175,-0.09855131102532999
Fixed_75pct,2025-03-25,93251.15433034665,0.75,0.7823407053947449,-0.006000943523169933,0.0,103913.56616162175,-0.10260846802900936
Fixed_75pct,2025-03-26,93547.38734320007,0.75,0.8817691206932068,0.004235629610245928,0.0,103913.56616162175,-0.0997577044204091
Fixed_75pct,2025-03-27,92681.71692855965,0.75,0.8777562975883484,-0.012338422828272133,0.0,103913.56616162175,-0.10808838198847559
Fixed_75pct,2025-03-28,91614.80631866549,0.75,0.88265460729599,-0.015348738963860464,0.0,103913.56616162175,-0.11835567094124566
Fixed_75pct,2025-04-01,91482.25090268641,0.75,0.9332331418991088,-0.0019291702044756942,0.0,103913.56616162175,-0.11963130241916942
Fixed_75pct,2025-04-02,88756.32949335349,0.75,0.9217604398727416,-0.039729694484417544,0.0,103913.56616162175,-0.14586388696056762
Fixed_75pct,2025-04-03,86726.92964706839,0.75,0.8700207471847534,-0.030486461947664245,0.0,103913.56616162175,-0.16539357804179455
Fixed_75pct,2025-04-04,86227.17627657257,0.75,0.84055495262146,-0.007683170960154806,0.0,103913.56616162175,-0.17020289591005555
Fixed_75pct,2025-04-07,86600.49491557472,0.75,0.8669483661651611,0.005772636967023459,0.0,103913.56616162175,-0.16661030783140662
Fixed_75pct,2025-04-08,85686.28721885076,0.75,0.7657562494277954,-0.014075480709668908,0.0,103913.56616162175,-0.17540807823322346
Fixed_75pct,2025-04-09,85387.38884842776,0.75,0.8892604112625122,-0.004651049467765067,0.0,103913.56616162175,-0.17828449159736603
Fixed_75pct,2025-04-11,85718.34163145328,0.75,0.921689748764038,0.005167863584055299,0.0,103913.56616162175,-0.1750996063581205
Fixed_75pct,2025-04-15,86225.02178115558,0.75,0.9234642386436462,0.007881318281226513,0.0,103913.56616162175,-0.17022362944366987
Fixed_75pct,2025-04-16,86720.82987507,0.75,0.8622910380363464,0.007666886535910855,0.0,103913.56616162175,-0.16545227848124333
Fixed_75pct,2025-04-17,87168.38356738443,0.75,0.7736369371414185,0.006881140981686684,0.0,103913.56616162175,-0.1611452980854563
Fixed_75pct,2025-04-21,87070.31913587112,0.0,0.5356848835945129,-0.0021676887948012258,0.0011250000000000001,103913.56616162175,-0.1620890096251102
Fixed_75pct,2025-04-22,88915.05651460402,0.75,0.7257519960403442,0.02974900451406781,0.0011250000000000001,103913.56616162175,-0.14433639611299487
Fixed_75pct,2025-04-23,88815.02707602509,0.0,0.3339495956897735,-0.0033401413254467993,0.0011250000000000001,103913.56616162175,-0.14529901766736775
Fixed_75pct,2025-04-24,88815.02707602509,0.0,0.3408219814300537,0.013640610598441683,0.0,103913.56616162175,-0.14529901766736775
Fixed_75pct,2025-04-25,88815.02707602509,0.0,0.3011215627193451,-0.0013051044083526309,0.0,103913.56616162175,-0.14529901766736775
Fixed_75pct,2025-04-28,88815.02707602509,0.0,0.3011215627193451,0.00842166400464639,0.0,103913.56616162175,-0.14529901766736775
Fixed_75pct,2025-04-29,88815.02707602509,0.0,0.3088956773281097,-0.005413980944024455,0.0,103913.56616162175,-0.14529901766736775
Fixed_75pct,2025-04-30,88815.02707602509,0.0,0.3119304180145263,-0.006572647158932465,0.0,103913.56616162175,-0.14529901766736775
Fixed_75pct,2025-05-02,88815.02707602509,0.0,0.3195918798446655,0.0067910372568129596,0.0,103913.56616162175,-0.14529901766736775
Fixed_75pct,2025-05-05,88815.02707602509,0.0,0.0899633169174194,0.0016501030863860233,0.0,103913.56616162175,-0.14529901766736775
Fixed_75pct,2025-05-06,88815.02707602509,0.0,0.0826934874057769,-0.004306330157153204,0.0,103913.56616162175,-0.14529901766736775
Fixed_75pct,2025-05-07,88815.02707602509,0.0,0.0829680934548378,0.0011029591535192118,0.0,103913.56616162175,-0.14529901766736775
Fixed_75pct,2025-05-08,88815.02707602509,0.0,0.081339031457901,-0.002493506265514034,0.0,103913.56616162175,-0.14529901766736775
Fixed_75pct,2025-05-09,88815.02707602509,0.0,0.0826145634055137,0.05235004242637875,0.0,103913.56616162175,-0.14529901766736775
Fixed_75pct,2025-05-12,88815.02707602509,0.0,0.2193900197744369,-0.029112779026294056,0.0,103913.56616162175,-0.14529901766736775
Fixed_75pct,2025-05-13,88815.02707602509,0.0,0.1284363120794296,0.00958746832770263,0.0,103913.56616162175,-0.14529901766736775
Fixed_75pct,2025-05-14,88815.02707602509,0.0,0.1629817634820938,0.008791938343948091,0.0,103913.56616162175,-0.14529901766736775
Fixed_75pct,2025-05-15,88815.02707602509,0.0,0.2577900290489197,-0.0051956350800332896,0.0,103913.56616162175,-0.14529901766736775
Fixed_75pct,2025-05-16,88815.02707602509,0.0,0.2359750717878341,-0.011933844219047196,0.0,103913.56616162175,-0.14529901766736775
Fixed_75pct,2025-05-19,88815.02707602509,0.0,0.1506282389163971,-0.005825849640654357,0.0,103913.56616162175,-0.14529901766736775
Fixed_75pct,2025-05-20,88815.02707602509,0.0,0.1483691036701202,0.007860960928497862,0.0,103913.56616162175,-0.14529901766736775
Fixed_75pct,2025-05-21,88815.02707602509,0.0,0.1527998149394989,-0.013840844106955186,0.0,103913.56616162175,-0.14529901766736775
Fixed_75pct,2025-05-22,88815.02707602509,0.0,0.1515970677137375,0.01081394813236991,0.0,103913.56616162175,-0.14529901766736775
Fixed_75pct,2025-05-23,88815.02707602509,0.0,0.1452295333147049,0.0064587579073398516,0.0,103913.56616162175,-0.14529901766736775
Fixed_75pct,2025-05-26,88815.02707602509,0.0,0.1492395401000976,-0.010912305182885995,0.0,103913.56616162175,-0.14529901766736775
Fixed_75pct,2025-05-27,88815.02707602509,0.0,0.1209469586610794,-0.00028582045158376257,0.0,103913.56616162175,-0.14529901766736775
Fixed_75pct,2025-05-28,88815.02707602509,0.0,0.1188810318708419,0.000114402747508624,0.0,103913.56616162175,-0.14529901766736775
Fixed_75pct,2025-05-29,88815.02707602509,0.0,0.1247487217187881,-0.009919726235321114,0.0,103913.56616162175,-0.14529901766736775
Fixed_75pct,2025-05-30,88815.02707602509,0.0,0.1277496218681335,-0.003926734971154144,0.0,103913.56616162175,-0.14529901766736775
Fixed_75pct,2025-06-02,88815.02707602509,0.0,0.1162265315651893,-0.012928313822536008,0.0,103913.56616162175,-0.14529901766736775
Fixed_75pct,2025-06-03,88815.02707602509,0.0,0.0950516462326049,-0.007136159161450162,0.0,103913.56616162175,-0.14529901766736775
Fixed_75pct,2025-06-04,88815.02707602509,0.0,0.0978474020957946,-0.0028985787720915424,0.0,103913.56616162175,-0.14529901766736775
Fixed_75pct,2025-06-05,88815.02707602509,0.0,0.1197066605091095,0.0038859283723828852,0.0,103913.56616162175,-0.14529901766736775
Fixed_75pct,2025-06-06,88815.02707602509,0.0,0.1163363680243492,0.011139989278358131,0.0,103913.56616162175,-0.14529901766736775
Fixed_75pct,2025-06-09,88815.02707602509,0.0,0.1302157342433929,0.011981647964605324,0.0,103913.56616162175,-0.14529901766736775
Fixed_75pct,2025-06-10,88815.02707602509,0.0,0.1550361812114715,0.0025989778087169846,0.0,103913.56616162175,-0.14529901766736775
Fixed_75pct,2025-06-11,88815.02707602509,0.0,0.1032899543642997,-0.010858593920413773,0.0,103913.56616162175,-0.14529901766736775
Fixed_75pct,2025-06-12,88815.02707602509,0.0,0.1089804843068122,0.003348669315563768,0.0,103913.56616162175,-0.14529901766736775
Fixed_75pct,2025-06-13,88815.02707602509,0.0,0.0992893651127815,0.014684998221926149,0.0,103913.56616162175,-0.14529901766736775
Fixed_75pct,2025-06-16,88815.02707602509,0.0,0.0993753224611282,0.005434316201313516,0.0,103913.56616162175,-0.14529901766736775
Fixed_75pct,2025-06-17,88815.02707602509,0.0,0.1051598191261291,-0.01817772184359545,0.0,103913.56616162175,-0.14529901766736775
Fixed_75pct,2025-06-18,88815.02707602509,0.0,0.0958040654659271,-0.007938779370406657,0.0,103913.56616162175,-0.14529901766736775
Fixed_75pct,2025-06-19,88815.02707602509,0.0,0.1013682037591934,0.003417041814215871,0.0,103913.56616162175,-0.14529901766736775
Fixed_75pct,2025-06-20,88815.02707602509,0.0,0.3934091031551361,-0.012253646742715452,0.0,103913.56616162175,-0.14529901766736775
Fixed_75pct,2025-06-23,88815.02707602509,0.0,0.3587758839130401,-0.0009430089640527495,0.0,103913.56616162175,-0.14529901766736775
Fixed_75pct,2025-06-24,88815.02707602509,0.0,0.3609920144081116,0.016045348056660913,0.0,103913.56616162175,-0.14529901766736775
Fixed_75pct,2025-06-25,88815.02707602509,0.0,0.4100512862205505,-0.0008708778325233757,0.0,103913.56616162175,-0.14529901766736775
Fixed_75pct,2025-06-26,88815.02707602509,0.0,0.4143960773944855,-0.0002033677616203322,0.0,103913.56616162175,-0.14529901766736775
Fixed_75pct,2025-06-27,88815.02707602509,0.0,0.4194229245185852,0.006073610691530007,0.0,103913.56616162175,-0.14529901766736775
Fixed_75pct,2025-06-30,88815.02707602509,0.0,0.428266316652298,-0.009329881232849502,0.0,103913.56616162175,-0.14529901766736775
Fixed_75pct,2025-07-01,88815.02707602509,0.0,0.4627661406993866,-0.0018660239772763099,0.0,103913.56616162175,-0.14529901766736775
Fixed_75pct,2025-07-02,88815.02707602509,0.0,0.4256802499294281,-0.0065726052870248575,0.0,103913.56616162175,-0.14529901766736775
Fixed_75pct,2025-07-03,88815.02707602509,0.0,0.4410309493541717,0.005586920644319315,0.0,103913.56616162175,-0.14529901766736775
Fixed_75pct,2025-07-04,88815.02707602509,0.0,0.4267217218875885,-0.0023685880871969767,0.0,103913.56616162175,-0.14529901766736775
Fixed_75pct,2025-07-07,88815.02707602509,0.0,0.4858576357364654,-0.0016120995628912116,0.0,103913.56616162175,-0.14529901766736775
Fixed_75pct,2025-07-08,88815.02707602509,0.0,0.4988323450088501,-0.0065762147451278175,0.0,103913.56616162175,-0.14529901766736775
Fixed_75pct,2025-07-09,88815.02707602509,0.0,0.5903850197792053,-0.0005319607548172067,0.0,103913.56616162175,-0.14529901766736775
Fixed_75pct,2025-07-10,88815.02707602509,0.0,0.5856637954711914,-0.0342992312241277,0.0,103913.56616162175,-0.14529901766736775
Fixed_75pct,2025-07-11,88815.02707602509,0.0,0.6179961562156677,-0.013257822666296715,0.0,103913.56616162175,-0.14529901766736775
Fixed_75pct,2025-07-14,89326.92639173577,0.75,0.7899230122566223,0.009184875447522334,0.0011250000000000001,103913.56616162175,-0.14037281472179175
Fixed_75pct,2025-07-15,89226.43359954507,0.0,0.6237364411354065,-0.005903499333892337,0.0011250000000000001,103913.56616162175,-0.14133989530522983
Fixed_75pct,2025-07-16,89226.43359954507,0.0,0.6595312356948853,-0.007392331125689822,0.0,103913.56616162175,-0.14133989530522983
Fixed_75pct,2025-07-17,88723.59969448455,0.75,0.8487604260444641,-0.006013975171935693,0.0011250000000000001,103913.56616162175,-0.1461788583360859
Fixed_75pct,2025-07-18,88062.3249215579,0.75,0.855604350566864,-0.009937600596364726,0.0,103913.56616162175,-0.15254255845102704
Fixed_75pct,2025-07-21,88091.6058782463,0.75,0.9633575081825256,0.00044333687100950314,0.0,103913.56616162175,-0.1522607766031897
Fixed_75pct,2025-07-22,88499.35992817339,0.75,0.9082272052764891,0.0061716671089055986,0.0,103913.56616162175,-0.14833680339171407
Fixed_75pct,2025-07-23,87850.03968382714,0.75,0.9015192985534668,-0.009782673304051692,0.0,103913.56616162175,-0.15458546050484145
Fixed_75pct,2025-07-24,87594.6951330195,0.75,0.8990585207939148,-0.003875460982171175,0.0,103913.56616162175,-0.1570427388010217
Fixed_75pct,2025-07-25,86411.00192922329,0.75,0.8785457611083984,-0.018017730442065227,0.0,103913.56616162175,-0.16843387133087018
Fixed_75pct,2025-07-28,85920.61924509569,0.75,0.9403479695320128,-0.007566670496105821,0.0,103913.56616162175,-0.17315301149939144
Fixed_75pct,2025-07-29,85870.01360974651,0.75,0.9349173903465272,-0.0007853083585569465,0.0,103913.56616162175,-0.17364000888787934
Fixed_75pct,2025-07-30,85515.68911356672,0.75,0.9206264019012452,-0.005501718722441651,0.0,103913.56616162175,-0.17704980906381296
Fixed_75pct,2025-07-31,84801.83709306786,0.75,0.9206264019012452,-0.011130152886150046,0.0,103913.56616162175,-0.18391948014591764
Fixed_75pct,2025-08-01,86314.03561629856,0.75,0.9125279784202576,0.023776191256660084,0.0,103913.56616162175,-0.16936701525525366
Fixed_75pct,2025-08-04,86092.94432952088,0.75,0.9366900324821472,-0.0034153006549327847,0.0,103913.56616162175,-0.17149466128785928
Fixed_75pct,2025-08-05,85426.99786025292,0.75,0.941231369972229,-0.010313605053302366,0.0,103913.56616162175,-0.17790331892388134
Fixed_75pct,2025-08-06,85737.59691305547,0.75,0.941231369972229,0.004847789115577816,0.0,103913.56616162175,-0.17491430541702635
Fixed_75pct,2025-08-07,85513.89485363048,0.75,0.987498104572296,-0.0034788636876436074,0.0,103913.56616162175,-0.1770670759135855
Fixed_75pct,2025-08-08,85606.83559165256,0.75,0.9880080223083496,0.0014491327314885005,0.0,103913.56616162175,-0.17617267163650085
Fixed_75pct,2025-08-11,85492.8139251087,0.75,0.9852622151374816,-0.0017758966053871283,0.0,103913.56616162175,-0.17726994575340027
Fixed_75pct,2025-08-12,85509.71410987705,0.75,0.9842133522033693,0.00026357279233857334,0.0,103913.56616162175,-0.17710730881009618
Fixed_75pct,2025-08-13,85216.11272623534,0.75,0.9842133522033693,-0.0045780589444990305,0.0,103913.56616162175,-0.17993274724404484
Fixed_75pct,2025-08-14,84981.38077758733,0.75,0.9842133522033693,-0.003672731852204403,0.0,103913.56616162175,-0.18219166258415476
Fixed_75pct,2025-08-18,85087.21240055608,0.75,0.9858249425888062,0.001660467614597927,0.0,103913.56616162175,-0.18117320438973428
Fixed_75pct,2025-08-19,86830.59783900212,0.75,0.986070454120636,0.02731919230101454,0.0,103913.56616162175,-0.16439593937185903
Fixed_75pct,2025-08-20,86914.665413167,0.75,0.9712477922439576,0.0012909055295731164,0.0,103913.56616162175,-0.16358692494506022
Fixed_75pct,2025-08-21,85893.57154982207,0.75,0.9708141684532166,-0.015664312552869153,0.0,103913.56616162175,-0.1734133018182854
Fixed_75pct,2025-08-22,87720.28856462036,0.75,0.9770167469978333,0.028356286069499026,0.0,103913.56616162175,-0.15583410516212304
Fixed_75pct,2025-08-25,88068.02718826933,0.75,0.9736238718032836,0.005285567407328662,0.0,103913.56616162175,-0.15248768335702279
Fixed_75pct,2025-08-26,86739.55896968707,0.75,0.971051812171936,-0.02011275845118088,0.0,103913.56616162175,-0.16527204123880346
Fixed_75pct,2025-08-28,86550.3059612227,0.75,0.9713123440742492,-0.0029091379713765964,0.0,103913.56616162175,-0.16709329533925488
Fixed_75pct,2025-08-29,87137.42130132286,0.75,0.9690134525299072,0.009044687303793042,0.0,103913.56616162175,-0.16144325981658791
Fixed_75pct,2025-09-01,87114.3233277788,0.75,0.9727265238761902,-0.00035343366373286056,0.0,103913.56616162175,-0.16166554045228598
Fixed_75pct,2025-09-02,86820.34923330935,0.75,0.9643352627754213,-0.004499437570303688,0.0,103913.56616162175,-0.164494565625113
Fixed_75pct,2025-09-03,86782.50882946073,0.75,0.9579710960388184,-0.0005811295651735326,0.0,103913.56616162175,-0.1648587183074467
Fixed_75pct,2025-09-04,85785.92909582773,0.75,0.9535793662071228,-0.015311529893524356,0.0,103913.56616162175,-0.17444918633241058
Fixed_75pct,2025-09-05,85167.50279157331,0.75,0.9670253992080688,-0.009611930701962534,0.0,103913.56616162175,-0.1804005392413518
Fixed_75pct,2025-09-08,85810.70015023302,0.75,0.9691795706748962,0.010069527109556109,0.0,103913.56616162175,-0.17421080499953656
Fixed_75pct,2025-09-09,87089.67395874987,0.75,0.9670253992080688,0.019872794515954917,0.0,103913.56616162175,-0.16190275076023153
Fixed_75pct,2025-09-10,87387.90606111051,0.75,0.9643352627754213,0.0045659006983520545,0.0,103913.56616162175,-0.1590327491485385
Fixed_75pct,2025-09-11,87580.90694485829,0.75,0.9641016721725464,0.0029447382740097616,0.0,103913.56616162175,-0.15717542781046023
Fixed_75pct,2025-09-12,87130.20094865604,0.75,0.9628449082374572,-0.006861556350952314,0.0,103913.56616162175,-0.1615127440324946
Fixed_75pct,2025-09-15,87839.9775655672,0.75,0.9638316035270692,0.010861547571844543,0.0,103913.56616162175,-0.1546822921181873
Fixed_75pct,2025-09-16,88407.53137086485,0.75,0.956531822681427,0.008614965850813006,0.0,103913.56616162175,-0.14922050472832038
Fixed_75pct,2025-09-17,88489.03211157313,0.75,0.937637746334076,0.0012291673864510688,0.0,103913.56616162175,-0.14843619192183344
Fixed_75pct,2025-09-18,88332.34409782353,0.75,0.9417906999588012,-0.0023609406350239004,0.0,103913.56616162175,-0.14994406062018895
Fixed_75pct,2025-09-19,86338.09543951211,0.75,0.942858338356018,-0.030102203651894532,0.0,103913.56616162175,-0.16913547837222398
Fixed_75pct,2025-09-22,86097.93661666488,0.75,0.9547319412231444,-0.0037088119927388696,0.0,103913.56616162175,-0.1714466185988398
Fixed_75pct,2025-09-23,85528.61736637587,0.75,0.9566178917884828,-0.008816614701213976,0.0,103913.56616162175,-0.17692539554124143
Fixed_75pct,2025-09-24,83880.25989226853,0.75,0.9583116769790648,-0.025696778846099666,0.0,103913.56616162175,-0.19278817010470473
Fixed_75pct,2025-09-25,82640.09887321414,0.75,0.9579023718833924,-0.019713196257732046,0.0,103913.56616162175,-0.20472271402292141
Fixed_75pct,2025-09-26,82575.96165262797,0.75,0.9653401374816896,-0.0010348038698027029,0.0,103913.56616162175,-0.20533993103274295
Fixed_75pct,2025-09-29,82411.29597860033,0.75,0.962936282157898,-0.0026588153215876265,0.0,103913.56616162175,-0.20692457180786106
Fixed_75pct,2025-09-30,82963.38767264996,0.75,0.962936282157898,0.00893229805443152,0.0,103913.56616162175,-0.20161158222966746
Fixed_75pct,2025-10-01,82700.76317799838,0.75,0.962936282157898,-0.004220729199854278,0.0,103913.56616162175,-0.20413891821044894
Fixed_75pct,2025-10-03,84549.6250242803,0.75,0.962936282157898,0.029808057793494935,0.0,103913.56616162175,-0.18634661336926672
Fixed_75pct,2025-10-06,84237.70006441738,0.75,0.968123733997345,-0.004919004033009822,0.0,103913.56616162175,-0.18934838658699826
Fixed_75pct,2025-10-07,85374.34389889461,0.75,0.9727320671081544,0.01799105521016564,0.0,103913.56616162175,-0.17841002813715579
Fixed_75pct,2025-10-08,86104.08134076024,0.75,0.9827795028686525,0.011396670374100859,0.0,103913.56616162175,-0.17138748556816508
Fixed_75pct,2025-10-09,85399.60312096956,0.75,0.9763903617858888,-0.010908940417550084,0.0,103913.56616162175,-0.17816694898004493
Fixed_75pct,2025-10-10,84953.32799880455,0.75,0.977544903755188,-0.006967637722825826,0.0,103913.56616162175,-0.18246162520615872
Fixed_75pct,2025-10-13,83959.63714395271,0.75,0.9746813774108888,-0.01559587094482151,0.0,103913.56616162175,-0.1920242924454516
Fixed_75pct,2025-10-14,84161.71544844333,0.75,0.9604268074035645,0.003209134156438198,0.0,103913.56616162175,-0.19007961561493736
Fixed_75pct,2025-10-15,84180.8423232516,0.75,0.9647738337516784,0.00030301782239683384,0.0,103913.56616162175,-0.18989555038154393
Fixed_75pct,2025-10-16,84000.19369544285,0.75,0.9654051661491394,-0.002861278533581646,0.0,103913.56616162175,-0.19163400123528318
Fixed_75pct,2025-10-17,85127.39906794747,0.75,0.9611329436302184,0.017892107512537336,0.0,103913.56616162175,-0.18078647271574977
Fixed_75pct,2025-10-20,84947.41525995913,0.75,0.9703359007835388,-0.00281905019157902,0.0,103913.56616162175,-0.18251852575402583
Fixed_75pct,2025-10-21,86356.51906309692,0.75,0.9728695750236512,0.02211727178632561,0.0,103913.56616162175,-0.1689581807943875
Fixed_75pct,2025-10-23,86145.77003821611,0.75,0.9475018382072448,-0.003253937315789268,0.0,103913.56616162175,-0.17098629928425835
Fixed_75pct,2025-10-24,86603.46763385732,0.75,0.9506400227546692,0.007084079236673091,0.0,103913.56616162175,-0.16658170022613994
Fixed_75pct,2025-10-27,86034.98234256692,0.75,0.9327623844146729,-0.008752309914330403,0.0,103913.56616162175,-0.1720524516620613
Fixed_75pct,2025-10-28,86028.65601768243,0.75,0.9506400227546692,-9.804267538982003e-05,0.0,103913.56616162175,-0.17211333230660242
Fixed_75pct,2025-10-29,85558.08027971652,0.75,0.9506400227546692,-0.007293317672647515,0.0,103913.56616162175,-0.17664186265493054
Fixed_75pct,2025-10-30,86037.97457685333,0.75,0.9624971151351928,0.0074786514699392015,0.0,103913.56616162175,-0.17202365624682403
Fixed_75pct,2025-10-31,85168.59254166039,0.75,0.9663246273994446,-0.013472842109834904,0.0,103913.56616162175,-0.18039005215937265
Fixed_75pct,2025-11-03,84605.37335853947,0.75,0.9699298739433287,-0.008817322071637768,0.0,103913.56616162175,-0.18581012582179435
Fixed_75pct,2025-11-04,85044.6400779892,0.75,0.966317057609558,0.006922597655639295,0.0,103913.56616162175,-0.18158289413612083
Fixed_75pct,2025-11-06,84640.02512387343,0.75,0.963252067565918,-0.006343569741643407,0.0,103913.56616162175,-0.185476658627722
Fixed_75pct,2025-11-07,85348.70431216442,0.75,0.9678396582603456,0.011163815027288582,0.0,103913.56616162175,-0.17865676768885508
Fixed_75pct,2025-11-10,85809.98107521812,0.75,0.9661006927490234,0.0072061513883339146,0.0,103913.56616162175,-0.17421772493349197
Fixed_75pct,2025-11-11,87601.09296850306,0.75,0.9406864643096924,0.027830669126394758,0.0,103913.56616162175,-0.1569811699826289
Fixed_75pct,2025-11-12,87053.5491329393,0.75,0.8606312274932861,-0.008333896560866472,0.0,103913.56616162175,-0.16225039377879946
Fixed_75pct,2025-11-13,87059.85696591064,0.75,0.8599051833152771,9.661230409974131e-05,0.0,103913.56616162175,-0.1621896910890127
Fixed_75pct,2025-11-14,86979.97165342512,0.75,0.8599051833152771,-0.0012234542266983395,0.0,103913.56616162175,-0.16295845801171915
Fixed_75pct,2025-11-17,86662.4425970863,0.75,0.8599051833152771,-0.004867466234702578,0.0,103913.56616162175,-0.16601416159372262
Fixed_75pct,2025-11-18,87938.33206306366,0.75,0.9306931495666504,0.019630025460344758,0.0,103913.56616162175,-0.15373578916261088
Fixed_75pct,2025-11-19,87877.57041665255,0.75,0.8328841328620911,-0.0009212766110919812,0.0,103913.56616162175,-0.15432052173079736
Fixed_75pct,2025-11-20,87999.1268410833,0.75,0.9005966186523438,0.0018443299217978382,0.0,103913.56616162175,-0.15315073775628063
Fixed_75pct,2025-11-21,87802.21085908863,0.75,0.9034711718559264,-0.002983605088874297,0.0,103913.56616162175,-0.15504573558253554
Fixed_75pct,2025-11-24,87341.006064203,0.75,0.91062593460083,-0.0070036929651016155,0.0,103913.56616162175,-0.1594840857606855
Fixed_75pct,2025-11-25,88258.74084236483,0.75,0.9159547090530396,0.014009987130019441,0.0,103913.56616162175,-0.15065237290488354
Fixed_75pct,2025-11-26,87708.331158739,0.75,0.9081119894981384,-0.008315092320187456,0.0,103913.56616162175,-0.1559491758533046
Fixed_75pct,2025-11-27,87727.20404585853,0.75,0.9089021682739258,0.0002869037542982955,0.0,103913.56616162175,-0.15576755484060478
Fixed_75pct,2025-11-28,87641.22234776344,0.75,0.91062593460083,-0.001306804033864517,0.0,103913.56616162175,-0.156594989614245
Fixed_75pct,2025-12-01,87689.4716369634,0.75,0.9055212140083312,0.0007340425415871543,0.0,103913.56616162175,-0.15613066824618693
Fixed_75pct,2025-12-02,88618.6057862093,0.75,0.9086408615112304,0.014127642796808226,0.0,103913.56616162175,-0.14718925488153745
Fixed_75pct,2025-12-03,89646.91500262466,0.75,0.9030855298042296,0.015471682758451344,0.0,103913.56616162175,-0.13729344190543402
Fixed_75pct,2025-12-04,89834.30404183487,0.75,0.8852713108062744,0.0027870680466020037,0.0,103913.56616162175,-0.13549012549418937
Fixed_75pct,2025-12-05,89798.93394438877,0.75,0.8541183471679688,-0.0005249679443851685,0.0,103913.56616162175,-0.13583050547297948
Fixed_75pct,2025-12-08,89212.11356299263,0.75,0.9100547432899476,-0.008713100933686047,0.0,103913.56616162175,-0.1414777024951992
Fixed_75pct,2025-12-09,88813.78109987185,0.75,0.9096060395240784,-0.005953338953825882,0.0,103913.56616162175,-0.14531100817254683
Fixed_75pct,2025-12-10,88870.17287744081,0.75,0.9117956757545472,0.000846592002136104,0.0,103913.56616162175,-0.14476832852395072
Fixed_75pct,2025-12-11,89467.39452460689,0.75,0.911511480808258,0.008960211325940826,0.0,103913.56616162175,-0.13902103614215333
Fixed_75pct,2025-12-12,89669.49730950758,0.75,0.9147669672966005,0.003011939503764882,0.0,103913.56616162175,-0.13707612372728784
Fixed_75pct,2025-12-15,89146.92333235986,0.75,0.9173659682273864,-0.007770371461531034,0.0,103913.56616162175,-0.14210505302353527
Fixed_75pct,2025-12-16,89411.85146384126,0.75,0.915477454662323,0.0039624195141867435,0.0,103913.56616162175,-0.13955554826426886
Fixed_75pct,2025-12-17,90724.77020259418,0.75,0.912119209766388,0.019578593773389885,0.0,103913.56616162175,-0.126920828975443
Fixed_75pct,2025-12-18,90749.65711113079,0.75,0.8625403046607971,0.00036574955925883224,0.0,103913.56616162175,-0.12668133273394266
Fixed_75pct,2025-12-19,91639.3169438082,0.75,0.8110222816467285,0.013071268233927569,0.0,103913.56616162175,-0.1181197958187945
Fixed_75pct,2025-12-22,91331.31890324729,0.75,0.7777234315872192,-0.004481308545032259,0.0,103913.56616162175,-0.12108377878981358
Fixed_75pct,2025-12-23,91228.57116948113,0.0,0.6881771087646484,0.002719033232628343,0.0011250000000000001,103913.56616162175,-0.12207255953867502
Fixed_75pct,2025-12-24,91228.57116948113,0.0,0.6359147429466248,-0.011750527267249122,0.0,103913.56616162175,-0.12207255953867502
Fixed_75pct,2025-12-26,91228.57116948113,0.0,0.5904250741004944,-0.008689024390243882,0.0,103913.56616162175,-0.12207255953867502
Fixed_75pct,2025-12-29,91228.57116948113,0.0,0.6342337727546692,-0.0014454716813393498,0.0,103913.56616162175,-0.12207255953867502
Fixed_75pct,2025-12-30,91228.57116948113,0.0,0.6397947669029236,-0.012504649823109282,0.0,103913.56616162175,-0.12207255953867502
Fixed_75pct,2025-12-31,91228.57116948113,0.0,0.6781485676765442,0.006612173755453421,0.0,103913.56616162175,-0.12207255953867502
Fixed_75pct,2026-01-01,91228.57116948113,0.0,0.6353537440299988,0.007219448947496154,0.0,103913.56616162175,-0.12207255953867502
Fixed_75pct,2026-01-02,91228.57116948113,0.0,0.6343141794204712,-0.010643816419645846,0.0,103913.56616162175,-0.12207255953867502
Fixed_75pct,2026-01-05,91970.5418947369,0.75,0.7173580527305603,0.012344127970645768,0.0011250000000000001,103913.56616162175,-0.11493229140369687
Fixed_75pct,2026-01-06,92813.75216638975,0.75,0.7044039964675903,0.012224352918248194,0.0,103913.56616162175,-0.10681775638387703
Fixed_75pct,2026-01-07,92709.33669520255,0.0,0.6318003535270691,-0.02782503719966356,0.0011250000000000001,103913.56616162175,-0.10782258640794529
Fixed_75pct,2026-01-08,92689.6808473714,0.75,0.8231950402259827,0.0012173122142555837,0.0011250000000000001,103913.56616162175,-0.10801174215109988
Fixed_75pct,2026-01-09,93378.82987441718,0.75,0.8598480820655823,0.009913351313696195,0.0,103913.56616162175,-0.10137979742528902
Fixed_75pct,2026-01-12,93992.7828862393,0.75,0.8318573236465454,0.008766483975690909,0.0,103913.56616162175,-0.09547149272071154
Fixed_75pct,2026-01-13,92364.15946796106,0.75,0.8175870180130005,-0.023102815177478586,0.0,103913.56616162175,-0.11114435891553709
Fixed_75pct,2026-01-14,92364.15946796106,0.75,0.827639102935791,0.0,0.0,103913.56616162175,-0.11114435891553709
Fixed_75pct,2026-01-15,91737.06897727508,0.75,0.8406797647476196,-0.009052436129600605,0.0,103913.56616162175,-0.11717909060505138
Fixed_75pct,2026-01-19,90403.8994945498,0.75,0.869513213634491,-0.019376674338055233,0.0,103913.56616162175,-0.13000869055018016
Fixed_75pct,2026-01-20,90847.57117647305,0.75,0.8401575088500977,0.006543547854371168,0.0,103913.56616162175,-0.1257390682254763
Fixed_75pct,2026-01-21,91454.16776010265,0.75,0.8438032865524292,0.008902774552644654,0.0,103913.56616162175,-0.11990155724364626
Fixed_75pct,2026-01-22,91717.611543893,0.75,0.8300250172615051,0.00384081324001051,0.0,103913.56616162175,-0.11736633693005782
Fixed_75pct,2026-01-23,91619.73108888567,0.75,0.8224173784255981,-0.0014229249011857847,0.0,103913.56616162175,-0.11830827799341315
Fixed_75pct,2026-01-27,92535.78546493415,0.75,0.8477258086204529,0.013331253216038563,0.0,103913.56616162175,-0.109492736289997
Fixed_75pct,2026-01-28,91327.79325379188,0.75,0.9137017726898192,-0.01740576657376902,0.0,103913.56616162175,-0.12111770746328365
Fixed_75pct,2026-01-29,90881.23274466884,0.75,0.8514362573623657,-0.00651952698024183,0.0,103913.56616162175,-0.12541513007727112
Fixed_75pct,2026-01-30,91878.373390138,0.75,0.8841233253479004,0.014629212439941641,0.0,103913.56616162175,-0.11581926418312738
Fixed_75pct,2026-02-02,93089.31974470326,0.75,0.8755874633789062,0.01757317940930858,0.0,103913.56616162175,-0.10416586415755402
Fixed_75pct,2026-02-03,88192.84516975813,0.75,0.8813784718513489,-0.07013299468186285,0.0,103913.56616162175,-0.15128651217120614
Fixed_75pct,2026-02-04,88093.62821894215,0.0,0.5002995729446411,-0.002534126040737772,0.0011250000000000001,103913.56616162175,-0.15224131484501358
Fixed_75pct,2026-02-05,88093.62821894215,0.0,0.4957831799983978,-0.01668056237464488,0.0,103913.56616162175,-0.15224131484501358
Fixed_75pct,2026-02-06,88093.62821894215,0.0,0.5736830234527588,0.0022436270385235435,0.0,103913.56616162175,-0.15224131484501358
Fixed_75pct,2026-02-09,88093.62821894215,0.0,0.5795756578445435,0.012346566409074944,0.0,103913.56616162175,-0.15224131484501358
Fixed_75pct,2026-02-10,88093.62821894215,0.0,0.6162283420562744,-0.02506200039558537,0.0,103913.56616162175,-0.15224131484501358
Fixed_75pct,2026-02-11,88093.62821894215,0.0,0.6090642809867859,-0.054883479446016126,0.0,103913.56616162175,-0.15224131484501358
Fixed_75pct,2026-02-12,88093.62821894215,0.0,0.575156569480896,-0.021053832380035886,0.0,103913.56616162175,-0.15224131484501358
Fixed_75pct,2026-02-13,88093.62821894215,0.0,0.6834486126899719,0.0053488398876564425,0.0,103913.56616162175,-0.15224131484501358
Fixed_75pct,2026-02-16,88093.62821894215,0.0,0.6886090040206909,0.003990173759637505,0.0,103913.56616162175,-0.15224131484501358
Fixed_75pct,2026-02-17,88093.62821894215,0.0,0.6886090040206909,-0.008279973801645357,0.0,103913.56616162175,-0.15224131484501358
Fixed_75pct,2026-02-18,88093.62821894215,0.0,0.6886090040206909,-0.006308212036081562,0.0,103913.56616162175,-0.15224131484501358
Fixed_75pct,2026-02-19,88093.62821894215,0.0,0.6999552249908447,0.0030994619406277124,0.0,103913.56616162175,-0.15224131484501358
Fixed_75pct,2026-02-20,88093.62821894215,0.0,0.6886090040206909,-0.0036854673977010366,0.0,103913.56616162175,-0.15224131484501358
Fixed_75pct,2026-02-23,85461.61887047847,0.75,0.7108128666877747,-0.038336545149777024,0.0011250000000000001,103913.56616162175,-0.17757014769798285
Fixed_75pct,2026-02-24,85365.47454924918,0.0,0.5692920088768005,0.02160317780281029,0.0011250000000000001,103913.56616162175,-0.17849538128182263
Fixed_75pct,2026-02-25,85717.4805592279,0.75,0.7124689221382141,0.006998023048738977,0.0011250000000000001,103913.56616162175,-0.17510789278555416
Fixed_75pct,2026-02-26,85467.38776601134,0.75,0.7124689221382141,-0.0038901873392286346,0.0,103913.56616162175,-0.17751463140934065
Fixed_75pct,2026-02-27,84886.51390440017,0.75,0.7124689221382141,-0.009061918263707835,0.0,103913.56616162175,-0.18310460279678875
Fixed_75pct,2026-03-02,84260.46284380314,0.75,0.7124689221382141,-0.009833537850344354,0.0,103913.56616162175,-0.18912933165291623
Fixed_75pct,2026-03-04,84165.66982310386,0.0,0.612808108329773,-0.0034778575740717077,0.0011250000000000001,103913.56616162175,-0.19004156115480675
Fixed_75pct,2026-03-05,84165.66982310386,0.0,0.6381790041923523,-0.008220858837624467,0.0,103913.56616162175,-0.19004156115480675
Fixed_75pct,2026-03-06,84165.66982310386,0.0,0.551450788974762,-0.011808020863064206,0.0,103913.56616162175,-0.19004156115480675
Fixed_75pct,2026-03-09,84165.66982310386,0.0,0.5580520033836365,-0.005657911387208392,0.0,103913.56616162175,-0.19004156115480675
Fixed_75pct,2026-03-10,84165.66982310386,0.0,0.5968901515007019,-0.019179576395485398,0.0,103913.56616162175,-0.19004156115480675
Fixed_75pct,2026-03-11,84165.66982310386,0.0,0.566049337387085,-0.00912815971902381,0.0,103913.56616162175,-0.19004156115480675
Fixed_75pct,2026-03-12,84165.66982310386,0.0,0.566049337387085,-0.013060884220122415,0.0,103913.56616162175,-0.19004156115480675
Fixed_75pct,2026-03-13,84165.66982310386,0.0,0.5712043642997742,-0.0005393274541070081,0.0,103913.56616162175,-0.19004156115480675
Fixed_75pct,2026-03-16,84165.66982310386,0.0,0.6871795058250427,-0.007263822162825395,0.0,103913.56616162175,-0.19004156115480675
Fixed_75pct,2026-03-17,84165.66982310386,0.0,0.6576871871948242,0.020529371852097134,0.0,103913.56616162175,-0.19004156115480675
Fixed_75pct,2026-03-18,81877.87480152481,0.75,0.7019193172454834,-0.03474272661901945,0.0011250000000000001,103913.56616162175,-0.21205788785868218
Fixed_75pct,2026-03-19,81785.76219237309,0.0,0.5775954127311707,0.01468594976920623,0.0011250000000000001,103913.56616162175,-0.21294432273484132
Fixed_75pct,2026-03-20,81785.76219237309,0.0,0.6877574324607849,-0.0028444944994320265,0.0,103913.56616162175,-0.21294432273484132
Fixed_75pct,2026-03-23,82079.72930094523,0.75,0.7112821340560913,0.006292474071964982,0.0011250000000000001,103913.56616162175,-0.2101153647899766
Fixed_75pct,2026-03-24,81987.38960548166,0.0,0.6829464435577393,-0.008921188114378031,0.0011250000000000001,103913.56616162175,-0.21100398500458795
Fixed_75pct,2026-03-25,81987.38960548166,0.0,0.653741180896759,0.005215843776282814,0.0,103913.56616162175,-0.21100398500458795
Fixed_75pct,2026-03-27,81100.08026188478,0.75,0.7112821340560913,-0.012930013328741552,0.0011250000000000001,103913.56616162175,-0.21954290226411888
Fixed_75pct,2026-03-30,81008.84267159016,0.0,0.6110193729400635,0.02089959339908476,0.0011250000000000001,103913.56616162175,-0.2204209164990717
Fixed_75pct,2026-04-01,81989.94296671732,0.75,0.7300910949707031,0.017648036235246467,0.0011250000000000001,103913.56616162175,-0.2109794130326118
Fixed_75pct,2026-04-02,82572.07135186595,0.75,0.7165637016296387,0.009466663252994723,0.0,103913.56616162175,-0.2053773688852364
Fixed_75pct,2026-04-06,84221.74751472857,0.75,0.7161281704902649,0.026638162046064062,0.0,103913.56616162175,-0.1895019040754078
Fixed_75pct,2026-04-07,84126.9980487745,0.0,0.6689889430999756,0.007638358126932587,0.0011250000000000001,103913.56616162175,-0.1904137144333229
Fixed_75pct,2026-04-08,84126.9980487745,0.0,0.6941644549369812,0.01164428313406285,0.0,103913.56616162175,-0.1904137144333229
Fixed_75pct,2026-04-09,84126.9980487745,0.0,0.6637793183326721,-0.024990324902230632,0.0,103913.56616162175,-0.1904137144333229
Fixed_75pct,2026-04-10,84126.9980487745,0.0,0.6532869338989258,-0.020480905665662075,0.0,103913.56616162175,-0.1904137144333229
Fixed_75pct,2026-04-13,84126.9980487745,0.0,0.6508364081382751,0.033284721118271854,0.0,103913.56616162175,-0.1904137144333229
Fixed_75pct,2026-04-15,84126.9980487745,0.0,0.6926448345184326,0.008610904865516744,0.0,103913.56616162175,-0.1904137144333229
Fixed_75pct,2026-04-16,84126.9980487745,0.0,0.6949173808097839,0.001785128577197037,0.0,103913.56616162175,-0.1904137144333229
Fixed_75pct,2026-04-17,84126.9980487745,0.0,0.6459495425224304,-0.0007359683686809504,0.0,103913.56616162175,-0.1904137144333229
Fixed_75pct,2026-04-20,84126.9980487745,0.0,0.6459495425224304,0.011978563022936983,0.0,103913.56616162175,-0.1904137144333229
Fixed_75pct,2026-04-21,84126.9980487745,0.0,0.6525094509124756,-0.02758092319479022,0.0,103913.56616162175,-0.1904137144333229
Fixed_75pct,2026-04-22,84126.9980487745,0.0,0.6565937995910645,-0.00657866896666337,0.0,103913.56616162175,-0.1904137144333229
Fixed_75pct,2026-04-23,84126.9980487745,0.0,0.6608477234840393,-0.049528171966852,0.0,103913.56616162175,-0.1904137144333229
Fixed_75pct,2026-04-24,85366.9713695651,0.75,0.7503103017807007,0.02115240409619279,0.0011250000000000001,103913.56616162175,-0.1784809768073039
Fixed_75pct,2026-04-27,85291.10826529321,0.75,0.8387162685394287,-0.0011848939241144718,0.0,103913.56616162175,-0.17921103648164805
Fixed_75pct,2026-04-28,86076.09209737828,0.75,0.8352342247962952,0.012271444594098124,0.0,103913.56616162175,-0.17165683676470112
Fixed_75pct,2026-04-29,86055.22136214646,0.75,0.8270660042762756,-0.0003232912449633307,0.0,103913.56616162175,-0.17185768383407563
Fixed_75pct,2026-04-30,85958.40923811404,0.0,0.4491945803165436,0.0,0.0011250000000000001,103913.56616162175,-0.17278934393976242
Fixed_75pct,2026-05-01,85958.40923811404,0.0,0.4491945803165436,-0.01883659620644984,0.0,103913.56616162175,-0.17278934393976242
Fixed_75pct,2026-05-05,85958.40923811404,0.0,0.5745407938957214,0.0033369807410235097,0.0,103913.56616162175,-0.17278934393976242
Fixed_75pct,2026-05-06,85958.40923811404,0.0,0.5760684609413147,-0.013960746227869802,0.0,103913.56616162175,-0.17278934393976242
Fixed_75pct,2026-05-07,85673.78162243587,0.75,0.935778558254242,-0.0029149663882171994,0.0011250000000000001,103913.56616162175,-0.1755284243716232
Fixed_50pct,2023-02-03,100000.0,0.0,0.4088793396949768,-0.0064181998514950545,0.0,100000.0,0.0
Fixed_50pct,2023-02-06,100000.0,0.0,0.3988363146781921,0.003641699398565734,0.0,100000.0,0.0
Fixed_50pct,2023-02-07,100000.0,0.0,0.4039197564125061,0.013693121239295447,0.0,100000.0,0.0
Fixed_50pct,2023-02-08,100000.0,0.0,0.2952230274677276,0.005894718736497273,0.0,100000.0,0.0
Fixed_50pct,2023-02-09,100000.0,0.0,0.2863130271434784,-0.0009319933736560149,0.0,100000.0,0.0
Fixed_50pct,2023-02-10,100000.0,0.0,0.2909234464168548,-0.01558992684856697,0.0,100000.0,0.0
Fixed_50pct,2023-02-13,100000.0,0.0,0.2294507175683975,0.005082757813250405,0.0,100000.0,0.0
Fixed_50pct,2023-02-14,100000.0,0.0,0.3302276730537414,0.005871204855329992,0.0,100000.0,0.0
Fixed_50pct,2023-02-15,100000.0,0.0,0.3378582596778869,0.010623080261254358,0.0,100000.0,0.0
Fixed_50pct,2023-02-16,100000.0,0.0,0.3549425303936004,-0.015991946629057563,0.0,100000.0,0.0
Fixed_50pct,2023-02-17,100000.0,0.0,0.2489628791809082,-0.003955801351536947,0.0,100000.0,0.0
Fixed_50pct,2023-02-20,100000.0,0.0,0.2929953932762146,-0.010409212949807234,0.0,100000.0,0.0
Fixed_50pct,2023-02-21,100000.0,0.0,0.1825983077287674,-0.014329165798862675,0.0,100000.0,0.0
Fixed_50pct,2023-02-22,100000.0,0.0,0.4928011000156402,0.0036012993559275674,0.0,100000.0,0.0
Fixed_50pct,2023-02-23,100000.0,0.0,0.4355315566062927,-0.003910626710791898,0.0,100000.0,0.0
Fixed_50pct,2023-02-24,100000.0,0.0,0.4860202372074127,-0.020173757738144005,0.0,100000.0,0.0
Fixed_50pct,2023-02-27,100000.0,0.0,0.3203698992729187,-0.00570253746210414,0.0,100000.0,0.0
Fixed_50pct,2023-02-28,100000.0,0.0,0.4484154284000397,0.021990084479573735,0.0,100000.0,0.0
Fixed_50pct,2023-03-01,100000.0,0.0,0.5300629138946533,-0.018976873593822607,0.0,100000.0,0.0
Fixed_50pct,2023-03-02,100000.0,0.0,0.440104991197586,0.006232203247431567,0.0,100000.0,0.0
Fixed_50pct,2023-03-03,100000.0,0.0,0.3472266495227813,0.008886553918982631,0.0,100000.0,0.0
Fixed_50pct,2023-03-06,100000.0,0.0,0.5566051006317139,0.005501372881431932,0.0,100000.0,0.0
Fixed_50pct,2023-03-08,100000.0,0.0,0.5375850796699524,-0.01579453935521924,0.0,100000.0,0.0
Fixed_50pct,2023-03-09,100000.0,0.0,0.3203698992729187,-0.0017531796409910871,0.0,100000.0,0.0
Fixed_50pct,2023-03-10,100000.0,0.0,0.4161155521869659,-0.014725322374099403,0.0,100000.0,0.0
Fixed_50pct,2023-03-13,100000.0,0.0,0.452767014503479,-0.020414692788376154,0.0,100000.0,0.0
Fixed_50pct,2023-03-14,100000.0,0.0,0.4399172663688659,-0.004992316854660395,0.0,100000.0,0.0
Fixed_50pct,2023-03-15,100000.0,0.0,0.4191609621047973,-0.00434521328209303,0.0,100000.0,0.0
Fixed_50pct,2023-03-16,100000.0,0.0,0.4191609621047973,-0.0017896236018445366,0.0,100000.0,0.0
Fixed_50pct,2023-03-17,100000.0,0.0,0.4160205423831939,-0.01132324708178123,0.0,100000.0,0.0
Fixed_50pct,2023-03-20,100000.0,0.0,0.4828085303306579,-0.011834680302233225,0.0,100000.0,0.0
Fixed_50pct,2023-03-21,100322.60391480161,0.5,0.8460187315940857,0.007952078296032061,0.00075,100322.60391480161,0.0
Fixed_50pct,2023-03-22,100247.3619618655,0.0,0.5559381246566772,-0.001964400916205755,0.00075,100322.60391480161,-0.0007500000000000284
Fixed_50pct,2023-03-23,100247.3619618655,0.0,0.583052933216095,-0.0013281175406681944,0.0,100322.60391480161,-0.0007500000000000284
Fixed_50pct,2023-03-24,100201.09009949073,0.5,0.7248117923736572,0.0005768462836484023,0.00075,100322.60391480161,-0.0012112306755323043
Fixed_50pct,2023-03-27,100125.9392819161,0.0,0.5973241925239563,-0.0020498178856247495,0.00075,100322.60391480161,-0.001960322252525737
Fixed_50pct,2023-03-28,100420.38439478027,0.5,0.7373450398445129,0.007381495144532568,0.00075,100420.38439478027,0.0
Fixed_50pct,2023-03-29,100345.06910648418,0.0,0.5428194999694824,0.021345057849717408,0.00075,100420.38439478027,-0.0007500000000000284
Fixed_50pct,2023-03-31,100345.06910648418,0.0,0.5741578936576843,-0.0018403264367164995,0.0,100420.38439478027,-0.0007500000000000284
Fixed_50pct,2023-04-03,100345.06910648418,0.0,0.5788522958755493,0.012437515258789,0.0,100420.38439478027,-0.0007500000000000284
Fixed_50pct,2023-04-05,100345.06910648418,0.0,0.5852863192558289,-0.005895455697384366,0.0,100420.38439478027,-0.0007500000000000284
Fixed_50pct,2023-04-06,100345.06910648418,0.0,0.5703712105751038,0.013257972434326915,0.0,100420.38439478027,-0.0007500000000000284
Fixed_50pct,2023-04-10,100345.06910648418,0.0,0.3481518030166626,-0.015198827909507107,0.0,100420.38439478027,-0.0007500000000000284
Fixed_50pct,2023-04-11,100345.06910648418,0.0,0.5909472107887268,0.008665708224685709,0.0,100420.38439478027,-0.0007500000000000284
Fixed_50pct,2023-04-12,100345.06910648418,0.0,0.5936771035194397,-0.016287941720457,0.0,100420.38439478027,-0.0007500000000000284
Fixed_50pct,2023-04-13,99493.34875768982,0.5,0.7052000761032104,-0.015475828635695854,0.00075,100420.38439478027,-0.009231548382109489
Fixed_50pct,2023-04-17,99354.70139320029,0.5,0.7567696571350098,-0.00278706800445927,0.0,100420.38439478027,-0.010612217907775445
Fixed_50pct,2023-04-18,98701.75301665752,0.5,0.7596873044967651,-0.01314378418709572,0.0,100420.38439478027,-0.01711436765036012
Fixed_50pct,2023-04-19,98944.54525173832,0.5,0.8683376312255859,0.004919714749946236,0.0,100420.38439478027,-0.014696609178869613
Fixed_50pct,2023-04-20,99837.6537459117,0.5,0.8610784411430359,0.018052708047747057,0.0,100420.38439478027,-0.005802911952395018
Fixed_50pct,2023-04-21,100057.96321201115,0.5,0.7217678427696228,0.0044133542372726264,0.0,100420.38439478027,-0.0036090399867853007
Fixed_50pct,2023-04-24,100076.87222491986,0.5,0.7096953988075256,0.0003779611797340987,0.0,100420.38439478027,-0.003420741435423702
Fixed_50pct,2023-04-25,100425.84781475771,0.5,0.7394176125526428,0.006974150612012009,0.0,100425.84781475771,0.0
Fixed_50pct,2023-04-26,100265.70229697664,0.5,0.7610393762588501,-0.003189328669178426,0.0,100425.84781475771,-0.001594664334589102
Fixed_50pct,2023-04-27,100757.91852147038,0.5,0.7646691799163818,0.009818237208090164,0.0,100757.91852147038,0.0
Fixed_50pct,2023-04-28,100760.26438590119,0.5,0.7348763346672058,4.656436864181046e-05,0.0,100760.26438590119,0.0
Fixed_50pct,2023-05-02,100142.13203764187,0.5,0.7429382801055908,-0.0122693673349632,0.0,100760.26438590119,-0.0061346836674816
Fixed_50pct,2023-05-03,100784.57425317778,0.5,0.7616283297538757,0.012830607906259228,0.0,100784.57425317778,0.0
Fixed_50pct,2023-05-04,100941.03802779377,0.5,0.8064464330673218,0.0031049151276452136,0.0,100941.03802779377,0.0
Fixed_50pct,2023-05-05,101251.92134617642,0.5,0.7854087352752686,0.006159701236617909,0.0,101251.92134617642,0.0
Fixed_50pct,2023-05-08,101760.42212214902,0.5,0.7746586203575134,0.010044269169650066,0.0,101760.42212214902,0.0
Fixed_50pct,2023-05-09,101815.43688911837,0.5,0.7382107377052307,0.0010812605887839943,0.0,101815.43688911837,0.0
Fixed_50pct,2023-05-10,101743.41293133702,0.5,0.7305935621261597,-0.0014147944551823333,0.0,101815.43688911837,-0.0007073972275911666
Fixed_50pct,2023-05-11,101621.74406924141,0.5,0.7268916964530945,-0.0023916803769442607,0.0,101815.43688911837,-0.0019023914820294197
Fixed_50pct,2023-05-12,101323.02090029526,0.5,0.7337984442710876,-0.005879119113378017,0.0,101815.43688911837,-0.004836358845656918
Fixed_50pct,2023-05-15,101371.26693612269,0.5,0.7231079936027527,0.0009523213066235936,0.0,101815.43688911837,-0.004362501076132563
Fixed_50pct,2023-05-16,100601.99536322539,0.5,0.7292661666870117,-0.015177310023796964,0.0,101815.43688911837,-0.01191805057237516
Fixed_50pct,2023-05-17,100463.2611506327,0.5,0.7508922815322876,-0.0027580807337229674,0.0,101815.43688911837,-0.013280655466403002
Fixed_50pct,2023-05-18,100824.31790890974,0.5,0.7508922815322876,0.007187836710490503,0.0,101815.43688911837,-0.009734466702608247
Fixed_50pct,2023-05-19,102010.76926601212,0.5,0.7432464361190796,0.02353502372660321,0.0,102010.76926601212,0.0
Fixed_50pct,2023-05-22,101985.25803283071,0.5,0.7257418632507324,-0.0005001674502598252,0.0,102010.76926601212,-0.0002500837251299126
Fixed_50pct,2023-05-23,101908.76908930608,0.0,0.6939955353736877,0.0019108138289753995,0.00075,102010.76926601212,-0.0009998961623362002
Fixed_50pct,2023-05-24,101680.3991320749,0.5,0.7207121849060059,-0.0029818509588913633,0.00075,102010.76926601212,-0.0032385809489948736
Fixed_50pct,2023-05-25,102226.85065773893,0.5,0.8104223608970642,0.010748414253453742,0.0,102226.85065773893,0.0
Fixed_50pct,2023-05-26,102150.18051974563,0.0,0.6894106864929199,-0.002568357396832588,0.00075,102226.85065773893,-0.0007500000000000284
Fixed_50pct,2023-05-29,102150.18051974563,0.0,0.6050480008125305,-0.0012499123171693105,0.0,102226.85065773893,-0.0007500000000000284
Fixed_50pct,2023-05-30,102150.18051974563,0.0,0.6654424667358398,-0.008051369508777606,0.0,102226.85065773893,-0.0007500000000000284
Fixed_50pct,2023-05-31,102609.23914563128,0.5,0.7413299679756165,0.010487916096671324,0.00075,102609.23914563128,0.0
Fixed_50pct,2023-06-01,102532.28221627205,0.0,0.6331649422645569,-0.0055354700191786455,0.00075,102609.23914563128,-0.0007500000000000284
Fixed_50pct,2023-06-02,102196.38175094003,0.5,0.7249521017074585,-0.00505209184993094,0.00075,102609.23914563128,-0.00402358889052179
Fixed_50pct,2023-06-05,101317.0147272115,0.5,0.7335050702095032,-0.017209357291564475,0.0,102609.23914563128,-0.012593645846898371
Fixed_50pct,2023-06-06,101984.66468557234,0.5,0.7835277318954468,0.013179424209416979,0.0,102609.23914563128,-0.00608692224266949
Fixed_50pct,2023-06-07,101908.17618705815,0.0,0.6960992217063904,-0.011740801953781133,0.00075,102609.23914563128,-0.006832357050987503
Fixed_50pct,2023-06-08,101404.30185739422,0.5,0.7407364249229431,-0.008388791037513,0.00075,102609.23914563128,-0.011742970694158528
Fixed_50pct,2023-06-09,101998.32342559949,0.5,0.7269986271858215,0.011715904696837143,0.0,102609.23914563128,-0.005953808108495218
Fixed_50pct,2023-06-12,101921.82468303028,0.0,0.6989220380783081,-0.000985540444152666,0.00075,102609.23914563128,-0.006699342752413906
Fixed_50pct,2023-06-13,101960.8587555268,0.5,0.721635639667511,0.002265961021947982,0.00075,102609.23914563128,-0.0063189279591503444
Fixed_50pct,2023-06-14,101415.93637836566,0.5,0.721635639667511,-0.01068885420958865,0.0,102609.23914563128,-0.011629584014086536
Fixed_50pct,2023-06-15,101339.87442608188,0.0,0.6866448521614075,-0.012871978937244788,0.00075,102609.23914563128,-0.012370861826076052
Fixed_50pct,2023-06-16,101339.87442608188,0.0,0.5717784762382507,0.011181454877929653,0.0,102609.23914563128,-0.012370861826076052
Fixed_50pct,2023-06-19,101339.87442608188,0.0,0.6193033456802368,0.005388751979307882,0.0,102609.23914563128,-0.012370861826076052
Fixed_50pct,2023-06-20,101339.87442608188,0.0,0.6308046579360962,0.009449453313938427,0.0,102609.23914563128,-0.012370861826076052
Fixed_50pct,2023-06-21,101339.87442608188,0.0,0.6052206158638,-0.0060462683282496155,0.0,102609.23914563128,-0.012370861826076052
Fixed_50pct,2023-06-22,101339.87442608188,0.0,0.6160092353820801,-0.006839556073413577,0.0,102609.23914563128,-0.012370861826076052
Fixed_50pct,2023-06-23,101339.87442608188,0.0,0.6131813526153564,-0.008301395837460701,0.0,102609.23914563128,-0.012370861826076052
Fixed_50pct,2023-06-26,101339.87442608188,0.0,0.5295272469520569,0.0024141192758622143,0.0,102609.23914563128,-0.012370861826076052
Fixed_50pct,2023-06-27,101339.87442608188,0.0,0.5450921058654785,0.005660891977044669,0.0,102609.23914563128,-0.012370861826076052
Fixed_50pct,2023-06-28,101339.87442608188,0.0,0.6483217477798462,0.026994681971800105,0.0,102609.23914563128,-0.012370861826076052
Fixed_50pct,2023-06-30,100804.31553573282,0.5,0.8203039765357971,-0.009069558989136195,0.00075,102609.23914563128,-0.017590264043735537
Fixed_50pct,2023-07-03,101367.28387603466,0.5,0.8496456742286682,0.011169528552619878,0.0,102609.23914563128,-0.012103737245667823
Fixed_50pct,2023-07-04,101537.30699117937,0.5,0.7350045442581177,0.0033545954600624484,0.0,102609.23914563128,-0.010446741086643563
Fixed_50pct,2023-07-05,101461.15401093598,0.0,0.5363301634788513,0.0008885529044899698,0.00075,102609.23914563128,-0.011188906030828671
Fixed_50pct,2023-07-06,101461.15401093598,0.0,0.5208811163902283,0.0019110108167179618,0.0,102609.23914563128,-0.011188906030828671
Fixed_50pct,2023-07-07,101461.15401093598,0.0,0.4155243933200836,-0.017211098243786083,0.0,102609.23914563128,-0.011188906030828671
Fixed_50pct,2023-07-10,101461.15401093598,0.0,0.4698426425457001,0.00013751774281067775,0.0,102609.23914563128,-0.011188906030828671
Fixed_50pct,2023-07-11,101461.15401093598,0.0,0.5134650468826294,-0.0038198265410799292,0.0,102609.23914563128,-0.011188906030828671
Fixed_50pct,2023-07-12,101461.15401093598,0.0,0.5396228432655334,0.024740068376452484,0.0,102609.23914563128,-0.011188906030828671
Fixed_50pct,2023-07-13,101461.15401093598,0.0,0.4305994212627411,0.052117121722723425,0.0,102609.23914563128,-0.011188906030828671
Fixed_50pct,2023-07-14,101461.15401093598,0.0,0.3264264166355133,-0.0065297972229242385,0.0,102609.23914563128,-0.011188906030828671
Fixed_50pct,2023-07-17,101461.15401093598,0.0,0.3227588534355163,0.0014749682264785235,0.0,102609.23914563128,-0.011188906030828671
Fixed_50pct,2023-07-18,101461.15401093598,0.0,0.459536999464035,-0.0076640542430136405,0.0,102609.23914563128,-0.011188906030828671
Fixed_50pct,2023-07-19,101461.15401093598,0.0,0.4854580461978912,-0.0019452169003382203,0.0,102609.23914563128,-0.011188906030828671
Fixed_50pct,2023-07-20,101461.15401093598,0.0,0.4788102507591247,-0.027430484988485215,0.0,102609.23914563128,-0.011188906030828671
Fixed_50pct,2023-07-21,101461.15401093598,0.0,0.5669122338294983,0.007852611343540206,0.0,102609.23914563128,-0.011188906030828671
Fixed_50pct,2023-07-24,101461.15401093598,0.0,0.5311371684074402,0.0012960902404448582,0.0,102609.23914563128,-0.011188906030828671
Fixed_50pct,2023-07-25,101461.15401093598,0.0,0.5257877707481384,-0.00319193146149388,0.0,102609.23914563128,-0.011188906030828671
Fixed_50pct,2023-07-26,101461.15401093598,0.0,0.571221649646759,0.0025381027039206305,0.0,102609.23914563128,-0.011188906030828671
Fixed_50pct,2023-07-27,101461.15401093598,0.0,0.649142324924469,-0.012217021753089141,0.0,102609.23914563128,-0.011188906030828671
Fixed_50pct,2023-07-28,101461.15401093598,0.0,0.6937771439552307,0.019684702494623396,0.0,102609.23914563128,-0.011188906030828671
Fixed_50pct,2023-07-31,101461.15401093598,0.0,0.4597566127777099,0.008943605223793893,0.0,102609.23914563128,-0.011188906030828671
Fixed_50pct,2023-08-01,101461.15401093598,0.0,0.3317126631736755,-0.003302427926340501,0.0,102609.23914563128,-0.011188906030828671
Fixed_50pct,2023-08-02,101461.15401093598,0.0,0.3082521259784698,-0.01182914633196197,0.0,102609.23914563128,-0.011188906030828671
Fixed_50pct,2023-08-03,101461.15401093598,0.0,0.51353520154953,0.012823746902868915,0.0,102609.23914563128,-0.011188906030828671
Fixed_50pct,2023-08-04,101461.15401093598,0.0,0.3082521259784698,0.011761118446291352,0.0,102609.23914563128,-0.011188906030828671
Fixed_50pct,2023-08-07,101461.15401093598,0.0,0.4486343562602997,-0.003860435695061004,0.0,102609.23914563128,-0.011188906030828671
Fixed_50pct,2023-08-08,101461.15401093598,0.0,0.2928005158901214,-0.0023339184660658985,0.0,102609.23914563128,-0.011188906030828671
Fixed_50pct,2023-08-09,101461.15401093598,0.0,0.2873178124427795,-0.005891668546931461,0.0,102609.23914563128,-0.011188906030828671
Fixed_50pct,2023-08-10,101461.15401093598,0.0,0.173357218503952,0.0019464719159205668,0.0,102609.23914563128,-0.011188906030828671
Fixed_50pct,2023-08-11,101461.15401093598,0.0,0.1808901131153106,0.0003044678767276654,0.0,102609.23914563128,-0.011188906030828671
Fixed_50pct,2023-08-14,101461.15401093598,0.0,0.1680677235126495,0.0024783119397879805,0.0,102609.23914563128,-0.011188906030828671
Fixed_50pct,2023-08-16,101461.15401093598,0.0,0.2765290141105652,-0.006549243286873896,0.0,102609.23914563128,-0.011188906030828671
Fixed_50pct,2023-08-17,101461.15401093598,0.0,0.2497005462646484,-0.01998105285418028,0.0,102609.23914563128,-0.011188906030828671
Fixed_50pct,2023-08-18,101461.15401093598,0.0,0.2667853236198425,0.010260997203958677,0.0,102609.23914563128,-0.011188906030828671
Fixed_50pct,2023-08-21,101461.15401093598,0.0,0.2553599774837494,-0.00573251232778671,0.0,102609.23914563128,-0.011188906030828671
Fixed_50pct,2023-08-22,101461.15401093598,0.0,0.3005282282829284,0.004760314628601492,0.0,102609.23914563128,-0.011188906030828671
Fixed_50pct,2023-08-23,101461.15401093598,0.0,0.240195170044899,-0.003089825645552824,0.0,102609.23914563128,-0.011188906030828671
Fixed_50pct,2023-08-24,101461.15401093598,0.0,0.2657912969589233,-0.0019039041168548154,0.0,102609.23914563128,-0.011188906030828671
Fixed_50pct,2023-08-25,101461.15401093598,0.0,0.2910590767860412,-0.00170052935763354,0.0,102609.23914563128,-0.011188906030828671
Fixed_50pct,2023-08-28,101461.15401093598,0.0,0.2636049687862396,0.00017770541302830622,0.0,102609.23914563128,-0.011188906030828671
Fixed_50pct,2023-08-29,101461.15401093598,0.0,0.2636049687862396,0.004383706072366822,0.0,102609.23914563128,-0.011188906030828671
Fixed_50pct,2023-08-30,101461.15401093598,0.0,0.2883889973163605,-0.010070895423256898,0.0,102609.23914563128,-0.011188906030828671
Fixed_50pct,2023-08-31,101461.15401093598,0.0,0.4076296985149383,0.0066729927365110075,0.0,102609.23914563128,-0.011188906030828671
Fixed_50pct,2023-09-01,101461.15401093598,0.0,0.4257852733135223,0.011629986208568699,0.0,102609.23914563128,-0.011188906030828671
Fixed_50pct,2023-09-04,101461.15401093598,0.0,0.3860072791576385,0.003173935251206572,0.0,102609.23914563128,-0.011188906030828671
Fixed_50pct,2023-09-05,101461.15401093598,0.0,0.3655707836151123,0.0001603232892073425,0.0,102609.23914563128,-0.011188906030828671
Fixed_50pct,2023-09-06,101461.15401093598,0.0,0.4305379390716553,0.007390914714137109,0.0,102609.23914563128,-0.011188906030828671
Fixed_50pct,2023-09-07,101461.15401093598,0.0,0.4332383871078491,-0.0038637139588307834,0.0,102609.23914563128,-0.011188906030828671
Fixed_50pct,2023-09-08,101461.15401093598,0.0,0.4987915158271789,0.011258316946873848,0.0,102609.23914563128,-0.011188906030828671
Fixed_50pct,2023-09-11,101461.15401093598,0.0,0.5365306735038757,0.02877340419010177,0.0,102609.23914563128,-0.011188906030828671
Fixed_50pct,2023-09-12,101461.15401093598,0.0,0.3215006291866302,-0.0036164965916243297,0.0,102609.23914563128,-0.011188906030828671
Fixed_50pct,2023-09-13,101461.15401093598,0.0,0.3685366511344909,-0.002186204188693086,0.0,102609.23914563128,-0.011188906030828671
Fixed_50pct,2023-09-14,101461.15401093598,0.0,0.4242246150970459,0.010744230972986157,0.0,102609.23914563128,-0.011188906030828671
Fixed_50pct,2023-09-15,101461.15401093598,0.0,0.4291741251945495,0.0021815450098947586,0.0,102609.23914563128,-0.011188906030828671
Fixed_50pct,2023-09-18,101461.15401093598,0.0,0.5405968427658081,-2.768978504197328e-05,0.0,102609.23914563128,-0.011188906030828671
Fixed_50pct,2023-09-20,101461.15401093598,0.0,0.6211013197898865,-0.005754218526929034,0.0,102609.23914563128,-0.011188906030828671
Fixed_50pct,2023-09-21,101461.15401093598,0.0,0.6440389156341553,0.005118080290552829,0.0,102609.23914563128,-0.011188906030828671
Fixed_50pct,2023-09-22,101461.15401093598,0.0,0.6585507392883301,-0.00735365552096634,0.0,102609.23914563128,-0.011188906030828671
Fixed_50pct,2023-09-25,101506.31359245042,0.5,0.7486041188240051,0.00239018466140406,0.00075,102609.23914563128,-0.010748793796390044
Fixed_50pct,2023-09-26,101557.27053902081,0.5,0.8491537570953369,0.0010040153122887752,0.0,102609.23914563128,-0.010252182117025832
Fixed_50pct,2023-09-27,100813.83317615405,0.5,0.8724450469017029,-0.014640751152939169,0.0,102609.23914563128,-0.017497507869920437
Fixed_50pct,2023-09-28,100697.678105074,0.5,0.7186175584793091,-0.002304347874107604,0.0,102609.23914563128,-0.01862952163444309
Fixed_50pct,2023-09-29,100622.15484649519,0.0,0.6654758453369141,-0.004180127980441095,0.00075,102609.23914563128,-0.019365549493217227
Fixed_50pct,2023-10-03,100622.15484649519,0.0,0.6149218082427979,0.006801628322076425,0.0,102609.23914563128,-0.019365549493217227
Fixed_50pct,2023-10-04,100622.15484649519,0.0,0.6295762658119202,0.014585569261889697,0.0,102609.23914563128,-0.019365549493217227
Fixed_50pct,2023-10-05,100995.92281633333,0.5,0.7161991596221924,0.008929138650595192,0.00075,102609.23914563128,-0.015722914844034652
Fixed_50pct,2023-10-06,100920.17587422108,0.0,0.6712090373039246,0.004680564358973349,0.00075,102609.23914563128,-0.01646112265790156
Fixed_50pct,2023-10-09,100920.17587422108,0.0,0.6954295039176941,-0.002597384819725712,0.0,102609.23914563128,-0.01646112265790156
Fixed_50pct,2023-10-10,100580.28951298821,0.5,0.823987603187561,-0.005235746510320882,0.00075,102609.23914563128,-0.01977355693831251
Fixed_50pct,2023-10-11,99642.02696437006,0.5,0.8176374435424805,-0.018656986436631606,0.0,102609.23914563128,-0.028917592664827296
Fixed_50pct,2023-10-12,100040.0275839178,0.5,0.8124175071716309,0.007988609458739138,0.0,102609.23914563128,-0.025038793612600863
Fixed_50pct,2023-10-13,99384.45845504745,0.5,0.7947026491165161,-0.013106136507618271,0.0,102609.23914563128,-0.03142778094287357
Fixed_50pct,2023-10-16,99309.92011120617,0.0,0.6732787489891052,-0.0048239950524122666,0.00075,102609.23914563128,-0.03215421010716635
Fixed_50pct,2023-10-17,99309.92011120617,0.0,0.5504212975502014,-0.005645784506195239,0.0,102609.23914563128,-0.03215421010716635
Fixed_50pct,2023-10-18,99309.92011120617,0.0,0.5228396654129028,-0.009061609479174115,0.0,102609.23914563128,-0.03215421010716635
Fixed_50pct,2023-10-19,99309.92011120617,0.0,0.3770579397678375,0.011256969769417813,0.0,102609.23914563128,-0.03215421010716635
Fixed_50pct,2023-10-20,99309.92011120617,0.0,0.4367595314979553,-0.02415193524347381,0.0,102609.23914563128,-0.03215421010716635
Fixed_50pct,2023-10-23,99309.92011120617,0.0,0.2586957812309265,-0.005879449661060354,0.0,102609.23914563128,-0.03215421010716635
Fixed_50pct,2023-10-25,99309.92011120617,0.0,0.2178797721862793,-0.015737027261564784,0.0,102609.23914563128,-0.03215421010716635
Fixed_50pct,2023-10-26,99309.92011120617,0.0,0.2005378305912017,0.004255623337641401,0.0,102609.23914563128,-0.03215421010716635
Fixed_50pct,2023-10-27,99309.92011120617,0.0,0.2372064292430877,0.008236499517576545,0.0,102609.23914563128,-0.03215421010716635
Fixed_50pct,2023-10-30,99309.92011120617,0.0,0.2145546972751617,-0.002900667057314732,0.0,102609.23914563128,-0.03215421010716635
Fixed_50pct,2023-10-31,99309.92011120617,0.0,0.2151027917861938,-0.011309862012987004,0.0,102609.23914563128,-0.03215421010716635
Fixed_50pct,2023-11-01,99309.92011120617,0.0,0.2245258241891861,0.008842176805126334,0.0,102609.23914563128,-0.03215421010716635
Fixed_50pct,2023-11-02,99309.92011120617,0.0,0.2077296823263168,-0.0027380717970031387,0.0,102609.23914563128,-0.03215421010716635
Fixed_50pct,2023-11-03,99309.92011120617,0.0,0.2210359573364257,0.008758870306964761,0.0,102609.23914563128,-0.03215421010716635
Fixed_50pct,2023-11-06,99309.92011120617,0.0,0.2036211788654327,-0.0028992082917314033,0.0,102609.23914563128,-0.03215421010716635
Fixed_50pct,2023-11-07,99309.92011120617,0.0,0.2096471041440963,0.003293357805948416,0.0,102609.23914563128,-0.03215421010716635
Fixed_50pct,2023-11-08,99309.92011120617,0.0,0.2173814177513122,-0.010084161749451925,0.0,102609.23914563128,-0.03215421010716635
Fixed_50pct,2023-11-09,99309.92011120617,0.0,0.2299340069293975,-0.00418228807128207,0.0,102609.23914563128,-0.03215421010716635
Fixed_50pct,2023-11-10,99309.92011120617,0.0,0.2407434731721878,-0.0005699507631972134,0.0,102609.23914563128,-0.03215421010716635
Fixed_50pct,2023-11-13,99309.92011120617,0.0,0.2310312539339065,0.021836682305159894,0.0,102609.23914563128,-0.03215421010716635
Fixed_50pct,2023-11-15,99309.92011120617,0.0,0.2373900860548019,0.02747996577455858,0.0,102609.23914563128,-0.03215421010716635
Fixed_50pct,2023-11-16,99309.92011120617,0.0,0.4724089801311493,0.0013150516423523495,0.0,102609.23914563128,-0.03215421010716635
Fixed_50pct,2023-11-17,99309.92011120617,0.0,0.4598599970340729,0.004896614290986978,0.0,102609.23914563128,-0.03215421010716635
Fixed_50pct,2023-11-20,99309.92011120617,0.0,0.4566028118133545,-0.002670799586190098,0.0,102609.23914563128,-0.03215421010716635
Fixed_50pct,2023-11-21,99309.92011120617,0.0,0.4598599970340729,0.0056834230099098715,0.0,102609.23914563128,-0.03215421010716635
Fixed_50pct,2023-11-22,99309.92011120617,0.0,0.4584375321865082,-0.006203674900380318,0.0,102609.23914563128,-0.03215421010716635
Fixed_50pct,2023-11-23,99309.92011120617,0.0,0.4655188024044037,-0.014579890926744055,0.0,102609.23914563128,-0.03215421010716635
Fixed_50pct,2023-11-24,99309.92011120617,0.0,0.3427473902702331,0.0037747835812873554,0.0,102609.23914563128,-0.03215421010716635
Fixed_50pct,2023-11-28,99309.92011120617,0.0,0.4109815955162048,0.012564326868646836,0.0,102609.23914563128,-0.03215421010716635
Fixed_50pct,2023-11-29,98865.89733491876,0.5,0.7758294939994812,-0.0074421635983635825,0.00075,102609.23914563128,-0.03648152780277092
Fixed_50pct,2023-11-30,98791.74791191757,0.0,0.6690741181373596,0.006895803421860691,0.00075,102609.23914563128,-0.037204166656918836
Fixed_50pct,2023-12-01,98791.74791191757,0.0,0.6609100699424744,0.00022782704722112967,0.0,102609.23914563128,-0.037204166656918836
Fixed_50pct,2023-12-04,98986.96419369106,0.5,0.720117449760437,0.005452076684533402,0.00075,102609.23914563128,-0.03530164517445833
Fixed_50pct,2023-12-05,98912.72397054579,0.0,0.6749309301376343,0.02052893815698864,0.00075,102609.23914563128,-0.0360251689405775
Fixed_50pct,2023-12-06,98912.72397054579,0.0,0.1137611120939254,0.0029965329471628444,0.0,102609.23914563128,-0.0360251689405775
Fixed_50pct,2023-12-07,98912.72397054579,0.0,0.1169709861278534,0.003264280933608754,0.0,102609.23914563128,-0.0360251689405775
Fixed_50pct,2023-12-08,98912.72397054579,0.0,0.1403062790632248,0.004466857305534866,0.0,102609.23914563128,-0.0360251689405775
Fixed_50pct,2023-12-11,98912.72397054579,0.0,0.4163255393505096,0.008015645802870841,0.0,102609.23914563128,-0.0360251689405775
Fixed_50pct,2023-12-12,98912.72397054579,0.0,0.3552113175392151,-0.021391042384236836,0.0,102609.23914563128,-0.0360251689405775
Fixed_50pct,2023-12-13,98912.72397054579,0.0,0.1479827016592025,0.020508953589197576,0.0,102609.23914563128,-0.0360251689405775
Fixed_50pct,2023-12-14,98912.72397054579,0.0,0.2794911861419678,0.052832503919830964,0.0,102609.23914563128,-0.0360251689405775
Fixed_50pct,2023-12-15,98815.48222310403,0.5,0.7482826113700867,-0.0004662131126974556,0.00075,102609.23914563128,-0.03697285891714719
Fixed_50pct,2023-12-18,98741.3706114367,0.0,0.5569281578063965,-0.01114220577944991,0.00075,102609.23914563128,-0.03769512927295948
Fixed_50pct,2023-12-19,98741.3706114367,0.0,0.4205552041530609,-0.009472748494912864,0.0,102609.23914563128,-0.03769512927295948
Fixed_50pct,2023-12-20,98741.3706114367,0.0,0.3764108419418335,0.0019708604583648093,0.0,102609.23914563128,-0.03769512927295948
Fixed_50pct,2023-12-21,98741.3706114367,0.0,0.3764108419418335,0.009636963696369572,0.0,102609.23914563128,-0.03769512927295948
Fixed_50pct,2023-12-22,98741.3706114367,0.0,0.440430611371994,-0.0074398407876241635,0.0,102609.23914563128,-0.03769512927295948
Fixed_50pct,2023-12-26,98741.3706114367,0.0,0.3623464107513428,0.004123223812733556,0.0,102609.23914563128,-0.03769512927295948
Fixed_50pct,2023-12-27,98741.3706114367,0.0,0.3616976737976074,-0.0029649582737453217,0.0,102609.23914563128,-0.03769512927295948
Fixed_50pct,2023-12-28,98741.3706114367,0.0,0.2222419083118438,-0.0017105713747856965,0.0,102609.23914563128,-0.03769512927295948
Fixed_50pct,2023-12-29,98741.3706114367,0.0,0.2222419083118438,0.004666050447664105,0.0,102609.23914563128,-0.03769512927295948
Fixed_50pct,2024-01-01,98741.3706114367,0.0,0.2194124460220337,-0.007320759300321944,0.0,102609.23914563128,-0.03769512927295948
Fixed_50pct,2024-01-02,98741.3706114367,0.0,0.2222419083118438,-0.02417264547266329,0.0,102609.23914563128,-0.03769512927295948
Fixed_50pct,2024-01-03,98741.3706114367,0.0,0.2260116785764694,-0.006758299227161868,0.0,102609.23914563128,-0.03769512927295948
Fixed_50pct,2024-01-04,98741.3706114367,0.0,0.2298665940761566,0.01939016378554581,0.0,102609.23914563128,-0.03769512927295948
Fixed_50pct,2024-01-05,98741.3706114367,0.0,0.2483001500368118,-0.01594474305699156,0.0,102609.23914563128,-0.03769512927295948
Fixed_50pct,2024-01-08,98741.3706114367,0.0,0.25412318110466,0.003153590887540636,0.0,102609.23914563128,-0.03769512927295948
Fixed_50pct,2024-01-09,98741.3706114367,0.0,0.2573987543582916,0.0062739226258334835,0.0,102609.23914563128,-0.03769512927295948
Fixed_50pct,2024-01-10,98741.3706114367,0.0,0.2590965628623962,0.006059708246351603,0.0,102609.23914563128,-0.03769512927295948
Fixed_50pct,2024-01-11,98741.3706114367,0.0,0.2498334795236587,0.03941855900075386,0.0,102609.23914563128,-0.03769512927295948
Fixed_50pct,2024-01-12,98741.3706114367,0.0,0.4356746077537536,0.005408468047778614,0.0,102609.23914563128,-0.03769512927295948
Fixed_50pct,2024-01-15,98741.3706114367,0.0,0.4284645020961761,-0.010886828082487976,0.0,102609.23914563128,-0.03769512927295948
Fixed_50pct,2024-01-16,98741.3706114367,0.0,0.3039643764495849,0.0060342497432170905,0.0,102609.23914563128,-0.03769512927295948
Fixed_50pct,2024-01-17,98741.3706114367,0.0,0.3212807774543762,0.004633681601063699,0.0,102609.23914563128,-0.03769512927295948
Fixed_50pct,2024-01-18,98741.3706114367,0.0,0.3212807774543762,0.010364872177440754,0.0,102609.23914563128,-0.03769512927295948
Fixed_50pct,2024-01-19,98741.3706114367,0.0,0.4407603442668915,-0.021506206560408136,0.0,102609.23914563128,-0.03769512927295948
Fixed_50pct,2024-01-23,98741.3706114367,0.0,0.2206538915634155,-0.004263578350774289,0.0,102609.23914563128,-0.03769512927295948
Fixed_50pct,2024-01-24,98741.3706114367,0.0,0.2051985710859298,-0.008199281482545784,0.0,102609.23914563128,-0.03769512927295948
Fixed_50pct,2024-01-25,98741.3706114367,0.0,0.2035199105739593,-0.0024407654801320566,0.0,102609.23914563128,-0.03769512927295948
Fixed_50pct,2024-01-29,98741.3706114367,0.0,0.2092953324317932,-0.00011837705126938047,0.0,102609.23914563128,-0.03769512927295948
Fixed_50pct,2024-01-30,98741.3706114367,0.0,0.1914024800062179,0.004052019351382663,0.0,102609.23914563128,-0.03769512927295948
Fixed_50pct,2024-01-31,98741.3706114367,0.0,0.1914024800062179,0.01001060067890669,0.0,102609.23914563128,-0.03769512927295948
Fixed_50pct,2024-02-01,98741.3706114367,0.0,0.2071347534656524,0.0290985429539663,0.0,102609.23914563128,-0.03769512927295948
Fixed_50pct,2024-02-02,98741.3706114367,0.0,0.4180828034877777,0.0017648689997793454,0.0,102609.23914563128,-0.03769512927295948
Fixed_50pct,2024-02-05,98741.3706114367,0.0,0.3742114305496216,0.04094831731116333,0.0,102609.23914563128,-0.03769512927295948
Fixed_50pct,2024-02-06,98741.3706114367,0.0,0.4546887874603271,-0.012717625158667811,0.0,102609.23914563128,-0.03769512927295948
Fixed_50pct,2024-02-07,98741.3706114367,0.0,0.3383278548717499,0.01241617194617639,0.0,102609.23914563128,-0.03769512927295948
Fixed_50pct,2024-02-08,98741.3706114367,0.0,0.4314286112785339,-9.673262240961211e-05,0.0,102609.23914563128,-0.03769512927295948
Fixed_50pct,2024-02-09,98741.3706114367,0.0,0.3872627913951874,-0.0031448821602354515,0.0,102609.23914563128,-0.03769512927295948
Fixed_50pct,2024-02-12,98741.3706114367,0.0,0.3427011668682098,0.00698905606388478,0.0,102609.23914563128,-0.03769512927295948
Fixed_50pct,2024-02-13,98741.3706114367,0.0,0.4546887874603271,-0.011905025266598424,0.0,102609.23914563128,-0.03769512927295948
Fixed_50pct,2024-02-14,98741.3706114367,0.0,0.3212807774543762,0.0007561029200291447,0.0,102609.23914563128,-0.03769512927295948
Fixed_50pct,2024-02-15,98741.3706114367,0.0,0.3212807774543762,0.006117081346329156,0.0,102609.23914563128,-0.03769512927295948
Fixed_50pct,2024-02-16,98741.3706114367,0.0,0.3624115288257599,-0.005934646503187868,0.0,102609.23914563128,-0.03769512927295948
Fixed_50pct,2024-02-19,98741.3706114367,0.0,0.3212807774543762,-0.01782491978780143,0.0,102609.23914563128,-0.03769512927295948
Fixed_50pct,2024-02-20,98741.3706114367,0.0,0.2139943093061447,-0.00971304958066066,0.0,102609.23914563128,-0.03769512927295948
Fixed_50pct,2024-02-21,98741.3706114367,0.0,0.2166910022497177,0.023950920119315988,0.0,102609.23914563128,-0.03769512927295948
Fixed_50pct,2024-02-22,98741.3706114367,0.0,0.2659252882003784,-0.008563528948084875,0.0,102609.23914563128,-0.03769512927295948
Fixed_50pct,2024-02-23,98741.3706114367,0.0,0.2139943093061447,-0.012598417511367144,0.0,102609.23914563128,-0.03769512927295948
Fixed_50pct,2024-02-26,98741.3706114367,0.0,0.2252772599458694,0.025830682509431657,0.0,102609.23914563128,-0.03769512927295948
Fixed_50pct,2024-02-27,98741.3706114367,0.0,0.2479310482740402,0.003545047586723138,0.0,102609.23914563128,-0.03769512927295948
Fixed_50pct,2024-02-28,98741.3706114367,0.0,0.3037738800048828,-0.00579033407186913,0.0,102609.23914563128,-0.03769512927295948
Fixed_50pct,2024-02-29,98741.3706114367,0.0,0.2111648470163345,-0.00018314570635991068,0.0,102609.23914563128,-0.03769512927295948
Fixed_50pct,2024-03-01,98741.3706114367,0.0,0.2136535197496414,-0.0033338982155406427,0.0,102609.23914563128,-0.03769512927295948
Fixed_50pct,2024-03-04,98741.3706114367,0.0,0.2299204766750335,-0.01681080558150938,0.0,102609.23914563128,-0.03769512927295948
Fixed_50pct,2024-03-05,98741.3706114367,0.0,0.2008787244558334,0.013010630318612604,0.0,102609.23914563128,-0.03769512927295948
Fixed_50pct,2024-03-06,98741.3706114367,0.0,0.2037343084812164,0.010899797823956892,0.0,102609.23914563128,-0.03769512927295948
Fixed_50pct,2024-03-07,98741.3706114367,0.0,0.2551262378692627,0.003346638678182412,0.0,102609.23914563128,-0.03769512927295948
Fixed_50pct,2024-03-11,98741.3706114367,0.0,0.3069292902946472,0.01695632362314181,0.0,102609.23914563128,-0.03769512927295948
Fixed_50pct,2024-03-12,98741.3706114367,0.0,0.4226202666759491,-0.010316655733794478,0.0,102609.23914563128,-0.03769512927295948
Fixed_50pct,2024-03-13,98741.3706114367,0.0,0.2479310482740402,0.01412390881085801,0.0,102609.23914563128,-0.03769512927295948
Fixed_50pct,2024-03-14,98741.3706114367,0.0,0.4301608502864837,0.0027687760417725027,0.0,102609.23914563128,-0.03769512927295948
Fixed_50pct,2024-03-15,98741.3706114367,0.0,0.4183034896850586,-0.015820347218107433,0.0,102609.23914563128,-0.03769512927295948
Fixed_50pct,2024-03-18,98741.3706114367,0.0,0.2263822257518768,-0.042191439174443124,0.0,102609.23914563128,-0.03769512927295948
Fixed_50pct,2024-03-19,98741.3706114367,0.0,0.3924726247787475,-0.0016091686334454014,0.0,102609.23914563128,-0.03769512927295948
Fixed_50pct,2024-03-20,98741.3706114367,0.0,0.3924726247787475,0.0005162680698436173,0.0,102609.23914563128,-0.03769512927295948
Fixed_50pct,2024-03-21,98741.3706114367,0.0,0.4181064367294311,-0.015618130001819552,0.0,102609.23914563128,-0.03769512927295948
Fixed_50pct,2024-03-22,98741.3706114367,0.0,0.4326481819152832,-0.00854020894877261,0.0,102609.23914563128,-0.03769512927295948
Fixed_50pct,2024-03-26,98741.3706114367,0.0,0.6045350432395935,-0.009439096752095422,0.0,102609.23914563128,-0.03769512927295948
Fixed_50pct,2024-03-27,99122.34583560472,0.5,0.711513876914978,0.009216628234121282,0.00075,102609.23914563128,-0.033982254805317025
Fixed_50pct,2024-03-28,99048.00407622801,0.0,0.64478600025177,0.010435196105137434,0.00075,102609.23914563128,-0.03470676811421314
Fixed_50pct,2024-04-01,99048.00407622801,0.0,0.4683361053466797,-0.00841257449974464,0.0,102609.23914563128,-0.03470676811421314
Fixed_50pct,2024-04-02,99048.00407622801,0.0,0.6368498802185059,0.01634996632207164,0.0,102609.23914563128,-0.03470676811421314
Fixed_50pct,2024-04-03,99048.00407622801,0.0,0.4386820495128631,0.014186912397659013,0.0,102609.23914563128,-0.03470676811421314
Fixed_50pct,2024-04-04,99048.00407622801,0.0,0.4909493625164032,-0.006007555900079287,0.0,102609.23914563128,-0.03470676811421314
Fixed_50pct,2024-04-05,99048.00407622801,0.0,0.4595701694488525,-0.001683722101369578,0.0,102609.23914563128,-0.03470676811421314
Fixed_50pct,2024-04-08,99048.00407622801,0.0,0.423918068408966,-0.006544914395142709,0.0,102609.23914563128,-0.03470676811421314
Fixed_50pct,2024-04-09,99048.00407622801,0.0,0.4303626120090484,0.009653964359818135,0.0,102609.23914563128,-0.03470676811421314
Fixed_50pct,2024-04-10,99048.00407622801,0.0,0.4211709201335907,0.004203631538657326,0.0,102609.23914563128,-0.03470676811421314
Fixed_50pct,2024-04-12,99048.00407622801,0.0,0.4717677533626556,-0.01504472250739397,0.0,102609.23914563128,-0.03470676811421314
Fixed_50pct,2024-04-15,99048.00407622801,0.0,0.4466467201709747,-0.017355095704650103,0.0,102609.23914563128,-0.03470676811421314
Fixed_50pct,2024-04-16,99048.00407622801,0.0,0.6795939207077026,-0.0027886925975930676,0.0,102609.23914563128,-0.03470676811421314
Fixed_50pct,2024-04-18,98514.63943745654,0.5,0.7219113707542419,-0.009269821032657943,0.00075,102609.23914563128,-0.03990478578993606
Fixed_50pct,2024-04-19,99008.99109622113,0.5,0.7219113707542419,0.010036105528832495,0.0,102609.23914563128,-0.035086977346166504
Fixed_50pct,2024-04-22,99138.36752347529,0.5,0.711513876914978,0.0026134278477480954,0.0,102609.23914563128,-0.033826112064137326
Fixed_50pct,2024-04-23,99064.01374783268,0.0,0.6721768379211426,-0.01126536322652505,0.00075,102609.23914563128,-0.03455074248008927
Fixed_50pct,2024-04-24,99263.16481673541,0.5,0.7219113707542419,0.005520654148128301,0.00075,102609.23914563128,-0.032609873699061764
Fixed_50pct,2024-04-25,98865.69659949475,0.5,0.7219113707542419,-0.00800837285360545,0.0,102609.23914563128,-0.03648348411221902
Fixed_50pct,2024-04-26,99497.61655882635,0.5,0.7219113707542419,0.012783401747352707,0.0,102609.23914563128,-0.030324974755817635
Fixed_50pct,2024-04-29,98860.68412368446,0.5,0.7436636090278625,-0.012802968697553041,0.0,102609.23914563128,-0.0365323342533177
Fixed_50pct,2024-04-30,99412.47802880438,0.5,0.7923908233642578,0.011163060624374888,0.0,102609.23914563128,-0.03115471027214023
Fixed_50pct,2024-05-02,99156.43748702094,0.5,0.7316038608551025,-0.005151074530286959,0.0,102609.23914563128,-0.03365000741999302
Fixed_50pct,2024-05-03,100158.0912429885,0.5,0.7769486904144287,0.020203504308001552,0.0,102609.23914563128,-0.023888179300929235
Fixed_50pct,2024-05-06,100082.97267455627,0.0,0.3915858268737793,0.014766427773869939,0.00075,102609.23914563128,-0.024620263166453604
Fixed_50pct,2024-05-07,100082.97267455627,0.0,0.3697722554206848,-0.0005026451763764372,0.0,102609.23914563128,-0.024620263166453604
Fixed_50pct,2024-05-08,100082.97267455627,0.0,0.301511138677597,-0.0042117703782177385,0.0,102609.23914563128,-0.024620263166453604
Fixed_50pct,2024-05-09,100082.97267455627,0.0,0.3406410813331604,-0.016741591244276988,0.0,102609.23914563128,-0.024620263166453604
Fixed_50pct,2024-05-10,100082.97267455627,0.0,0.3453083634376526,0.013842201349842709,0.0,102609.23914563128,-0.024620263166453604
Fixed_50pct,2024-05-13,100082.97267455627,0.0,0.339055985212326,-0.011804067348872627,0.0,102609.23914563128,-0.024620263166453604
Fixed_50pct,2024-05-14,100082.97267455627,0.0,0.2392671853303909,-0.005331705395381414,0.0,102609.23914563128,-0.024620263166453604
Fixed_50pct,2024-05-15,100082.97267455627,0.0,0.4329863488674164,0.005295858505643514,0.0,102609.23914563128,-0.024620263166453604
Fixed_50pct,2024-05-16,100082.97267455627,0.0,0.3674110770225525,-0.017136813943368523,0.0,102609.23914563128,-0.024620263166453604
Fixed_50pct,2024-05-17,100082.97267455627,0.0,0.5577951073646545,-0.0036253999974784623,0.0,102609.23914563128,-0.024620263166453604
Fixed_50pct,2024-05-21,100082.97267455627,0.0,0.65833580493927,0.0030888563370892186,0.0,102609.23914563128,-0.024620263166453604
Fixed_50pct,2024-05-22,100082.97267455627,0.0,0.6579462289810181,0.01603599978389214,0.0,102609.23914563128,-0.024620263166453604
Fixed_50pct,2024-05-23,100082.97267455627,0.0,0.3188414573669433,-0.011288176738639355,0.0,102609.23914563128,-0.024620263166453604
Fixed_50pct,2024-05-24,100082.97267455627,0.0,0.6009922027587891,-0.0006364336074490273,0.0,102609.23914563128,-0.024620263166453604
Fixed_50pct,2024-05-27,100082.97267455627,0.0,0.6740281581878662,-0.0018586050073752247,0.0,102609.23914563128,-0.024620263166453604
Fixed_50pct,2024-05-28,99535.5012870358,0.5,0.7135289907455444,-0.009440350249201646,0.00075,102609.23914563128,-0.029955761139920156
Fixed_50pct,2024-05-29,98651.66551823007,0.5,0.7335686087608337,-0.01775920666249453,0.0,102609.23914563128,-0.038569369194759284
Fixed_50pct,2024-05-30,97791.52121113935,0.5,0.7196359634399414,-0.017438008827773466,0.0,102609.23914563128,-0.04695208710839616
Fixed_50pct,2024-05-31,98216.4199285094,0.5,0.8457560539245605,0.008689888696028492,0.0,102609.23914563128,-0.042811146965891056
Fixed_50pct,2024-06-03,98377.55525389555,0.5,0.8628421425819397,0.003281229869780633,0.0,102609.23914563128,-0.041240768638092895
Fixed_50pct,2024-06-04,98303.77208745513,0.0,0.2884446680545807,0.008465666533479244,0.00075,102609.23914563128,-0.041959838061614296
Fixed_50pct,2024-06-05,98303.77208745513,0.0,0.2209851294755935,0.02240786671809558,0.0,102609.23914563128,-0.041959838061614296
Fixed_50pct,2024-06-06,98303.77208745513,0.0,0.3052290380001068,0.016590969728575766,0.0,102609.23914563128,-0.041959838061614296
Fixed_50pct,2024-06-07,98303.77208745513,0.0,0.2829272449016571,-0.009052504639766035,0.0,102609.23914563128,-0.041959838061614296
Fixed_50pct,2024-06-10,98303.77208745513,0.0,0.3222821354866028,-0.001710382667514887,0.0,102609.23914563128,-0.041959838061614296
Fixed_50pct,2024-06-11,98303.77208745513,0.0,0.3758260905742645,-0.005308843174906763,0.0,102609.23914563128,-0.041959838061614296
Fixed_50pct,2024-06-12,98303.77208745513,0.0,0.4066451489925384,0.012135764275216454,0.0,102609.23914563128,-0.041959838061614296
Fixed_50pct,2024-06-13,98303.77208745513,0.0,0.4400219321250915,-0.011887073650186819,0.0,102609.23914563128,-0.041959838061614296
Fixed_50pct,2024-06-14,98303.77208745513,0.0,0.4116044342517853,-0.004423207149149455,0.0,102609.23914563128,-0.041959838061614296
Fixed_50pct,2024-06-18,98303.77208745513,0.0,0.3943470120429992,-0.0035123970908672586,0.0,102609.23914563128,-0.041959838061614296
Fixed_50pct,2024-06-19,98303.77208745513,0.0,0.4451701939105987,-0.0038009183674321267,0.0,102609.23914563128,-0.041959838061614296
Fixed_50pct,2024-06-20,98303.77208745513,0.0,0.1704689264297485,0.006205030034985848,0.0,102609.23914563128,-0.041959838061614296
Fixed_50pct,2024-06-21,98303.77208745513,0.0,0.1675410717725753,0.0015876268000065696,0.0,102609.23914563128,-0.041959838061614296
Fixed_50pct,2024-06-24,98303.77208745513,0.0,0.1702487021684646,0.0056722652658729444,0.0,102609.23914563128,-0.041959838061614296
Fixed_50pct,2024-06-25,98303.77208745513,0.0,0.2115805596113205,0.004533117978798407,0.0,102609.23914563128,-0.041959838061614296
Fixed_50pct,2024-06-26,98303.77208745513,0.0,0.1747529655694961,0.020306755372853758,0.0,102609.23914563128,-0.041959838061614296
Fixed_50pct,2024-06-27,98303.77208745513,0.0,0.1585526466369629,-0.007625535565416008,0.0,102609.23914563128,-0.041959838061614296
Fixed_50pct,2024-06-28,98303.77208745513,0.0,0.120798535645008,0.01896700963855702,0.0,102609.23914563128,-0.041959838061614296
Fixed_50pct,2024-07-01,98303.77208745513,0.0,0.1676857769489288,0.009853690526623105,0.0,102609.23914563128,-0.041959838061614296
Fixed_50pct,2024-07-02,98303.77208745513,0.0,0.09813142567873,-0.012981008515812853,0.0,102609.23914563128,-0.041959838061614296
Fixed_50pct,2024-07-03,98303.77208745513,0.0,0.1081952154636383,0.01404702129042934,0.0,102609.23914563128,-0.041959838061614296
Fixed_50pct,2024-07-04,98303.77208745513,0.0,0.0982093587517738,-0.0022755573819274177,0.0,102609.23914563128,-0.041959838061614296
Fixed_50pct,2024-07-05,98303.77208745513,0.0,0.1049072816967964,-0.004636347133422869,0.0,102609.23914563128,-0.041959838061614296
Fixed_50pct,2024-07-08,98303.77208745513,0.0,0.1101596057415008,-0.001928265868483603,0.0,102609.23914563128,-0.041959838061614296
Fixed_50pct,2024-07-09,98303.77208745513,0.0,0.1074301674962043,-0.019156968424601684,0.0,102609.23914563128,-0.041959838061614296
Fixed_50pct,2024-07-10,98303.77208745513,0.0,0.067156933248043,0.0037220493436185276,0.0,102609.23914563128,-0.041959838061614296
Fixed_50pct,2024-07-11,98303.77208745513,0.0,0.0651871934533119,0.06632776394201523,0.0,102609.23914563128,-0.041959838061614296
Fixed_50pct,2024-07-12,98303.77208745513,0.0,0.2866563498973846,-0.003525376572724337,0.0,102609.23914563128,-0.041959838061614296
Fixed_50pct,2024-07-15,98303.77208745513,0.0,0.2609844505786896,0.0022186509562194257,0.0,102609.23914563128,-0.041959838061614296
Fixed_50pct,2024-07-16,98303.77208745513,0.0,0.2654161155223846,0.03281111487910082,0.0,102609.23914563128,-0.041959838061614296
Fixed_50pct,2024-07-18,98303.77208745513,0.0,0.2534982562065124,-0.003047097806510468,0.0,102609.23914563128,-0.041959838061614296
Fixed_50pct,2024-07-19,98303.77208745513,0.0,0.2295404523611068,-0.0034980022845625403,0.0,102609.23914563128,-0.041959838061614296
Fixed_50pct,2024-07-22,98303.77208745513,0.0,0.2242989689111709,0.003498664596623513,0.0,102609.23914563128,-0.041959838061614296
Fixed_50pct,2024-07-23,98303.77208745513,0.0,0.2242989689111709,0.0009064586226663618,0.0,102609.23914563128,-0.041959838061614296
Fixed_50pct,2024-07-24,98303.77208745513,0.0,0.2841377854347229,0.0037735849056603765,0.0,102609.23914563128,-0.041959838061614296
Fixed_50pct,2024-07-25,98303.77208745513,0.0,0.2812440991401672,0.015118588237420516,0.0,102609.23914563128,-0.041959838061614296
Fixed_50pct,2024-07-26,98303.77208745513,0.0,0.2386145740747451,-0.0015383387877369037,0.0,102609.23914563128,-0.041959838061614296
Fixed_50pct,2024-07-29,98303.77208745513,0.0,0.286546915769577,-0.003594987480068257,0.0,102609.23914563128,-0.041959838061614296
Fixed_50pct,2024-07-30,98303.77208745513,0.0,0.2715286314487457,0.00458153402420991,0.0,102609.23914563128,-0.041959838061614296
Fixed_50pct,2024-07-31,98303.77208745513,0.0,0.2840441465377807,0.002679375588799493,0.0,102609.23914563128,-0.041959838061614296
Fixed_50pct,2024-08-01,98303.77208745513,0.0,0.296279102563858,-0.0259376158003638,0.0,102609.23914563128,-0.041959838061614296
Fixed_50pct,2024-08-02,98303.77208745513,0.0,0.294759064912796,-0.029885246690317002,0.0,102609.23914563128,-0.041959838061614296
Fixed_50pct,2024-08-05,98303.77208745513,0.0,0.2707370817661285,0.003886930694977364,0.0,102609.23914563128,-0.041959838061614296
Fixed_50pct,2024-08-06,98303.77208745513,0.0,0.2707370817661285,0.007012370212504004,0.0,102609.23914563128,-0.041959838061614296
Fixed_50pct,2024-08-07,98303.77208745513,0.0,0.3227385282516479,-0.0066422381715501855,0.0,102609.23914563128,-0.041959838061614296
Fixed_50pct,2024-08-08,98303.77208745513,0.0,0.3355268836021423,0.013469029237078045,0.0,102609.23914563128,-0.041959838061614296
Fixed_50pct,2024-08-09,98303.77208745513,0.0,0.3270950615406036,-0.00782739524830034,0.0,102609.23914563128,-0.041959838061614296
Fixed_50pct,2024-08-12,98303.77208745513,0.0,0.3264108598232269,0.0003099145541252124,0.0,102609.23914563128,-0.041959838061614296
Fixed_50pct,2024-08-13,98303.77208745513,0.0,0.3388810753822326,0.023421722944744428,0.0,102609.23914563128,-0.041959838061614296
Fixed_50pct,2024-08-14,98303.77208745513,0.0,0.242540031671524,0.02812404509341704,0.0,102609.23914563128,-0.041959838061614296
Fixed_50pct,2024-08-16,98303.77208745513,0.0,0.2669140696525574,0.01674577927857701,0.0,102609.23914563128,-0.041959838061614296
Fixed_50pct,2024-08-19,98303.77208745513,0.0,0.2460161000490188,0.007416437569599088,0.0,102609.23914563128,-0.041959838061614296
Fixed_50pct,2024-08-20,98303.77208745513,0.0,0.2275067567825317,0.006234429847713496,0.0,102609.23914563128,-0.041959838061614296
Fixed_50pct,2024-08-21,98303.77208745513,0.0,0.2480917125940323,-0.010875535537734793,0.0,102609.23914563128,-0.041959838061614296
Fixed_50pct,2024-08-22,98303.77208745513,0.0,0.2242989689111709,-0.008462927067136805,0.0,102609.23914563128,-0.041959838061614296
Fixed_50pct,2024-08-23,98303.77208745513,0.0,0.2429498732089996,0.00863601196534658,0.0,102609.23914563128,-0.041959838061614296
Fixed_50pct,2024-08-26,98303.77208745513,0.0,0.2439489513635635,-0.0011772019098108544,0.0,102609.23914563128,-0.041959838061614296
Fixed_50pct,2024-08-27,98303.77208745513,0.0,0.244068294763565,0.0019790094920144607,0.0,102609.23914563128,-0.041959838061614296
Fixed_50pct,2024-08-28,98303.77208745513,0.0,0.2533520460128784,0.0012760622383751752,0.0,102609.23914563128,-0.041959838061614296
Fixed_50pct,2024-08-29,98303.77208745513,0.0,0.2592674493789673,0.009297884908128218,0.0,102609.23914563128,-0.041959838061614296
Fixed_50pct,2024-08-30,98303.77208745513,0.0,0.2506621479988098,-0.0071809377573428534,0.0,102609.23914563128,-0.041959838061614296
Fixed_50pct,2024-09-02,98303.77208745513,0.0,0.2566772103309631,-0.0019242670191843558,0.0,102609.23914563128,-0.041959838061614296
Fixed_50pct,2024-09-03,98303.77208745513,0.0,0.3106915652751922,-0.007335445375446947,0.0,102609.23914563128,-0.041959838061614296
Fixed_50pct,2024-09-04,98303.77208745513,0.0,0.327718049287796,-0.0007366868755930289,0.0,102609.23914563128,-0.041959838061614296
Fixed_50pct,2024-09-05,98303.77208745513,0.0,0.327718049287796,-0.004289635602426456,0.0,102609.23914563128,-0.041959838061614296
Fixed_50pct,2024-09-06,98303.77208745513,0.0,0.3231621384620666,-0.0016155708335671148,0.0,102609.23914563128,-0.041959838061614296
Fixed_50pct,2024-09-09,98303.77208745513,0.0,0.357803463935852,0.013102514979679958,0.0,102609.23914563128,-0.041959838061614296
Fixed_50pct,2024-09-10,98303.77208745513,0.0,0.3259206712245941,-0.006322304287540104,0.0,102609.23914563128,-0.041959838061614296
Fixed_50pct,2024-09-11,98303.77208745513,0.0,0.3258581459522247,0.008561531655298937,0.0,102609.23914563128,-0.041959838061614296
Fixed_50pct,2024-09-12,98303.77208745513,0.0,0.3316980302333832,0.0010846010429894637,0.0,102609.23914563128,-0.041959838061614296
Fixed_50pct,2024-09-13,98303.77208745513,0.0,0.3316980302333832,-0.002067416409665679,0.0,102609.23914563128,-0.041959838061614296
Fixed_50pct,2024-09-16,98303.77208745513,0.0,0.3296115696430206,-0.0016839522863235645,0.0,102609.23914563128,-0.041959838061614296
Fixed_50pct,2024-09-17,98303.77208745513,0.0,0.3421419560909271,-0.03539999854783016,0.0,102609.23914563128,-0.041959838061614296
Fixed_50pct,2024-09-18,98303.77208745513,0.0,0.236836165189743,-0.011504435218177012,0.0,102609.23914563128,-0.041959838061614296
Fixed_50pct,2024-09-19,98303.77208745513,0.0,0.1933979839086532,-0.0026186237109330213,0.0,102609.23914563128,-0.041959838061614296
Fixed_50pct,2024-09-20,98303.77208745513,0.0,0.1933979839086532,-0.003827371167942517,0.0,102609.23914563128,-0.041959838061614296
Fixed_50pct,2024-09-23,98303.77208745513,0.0,0.2365657389163971,0.0006559223819841975,0.0,102609.23914563128,-0.041959838061614296
Fixed_50pct,2024-09-24,98303.77208745513,0.0,0.2511974573135376,0.0008077623838798065,0.0,102609.23914563128,-0.041959838061614296
Fixed_50pct,2024-09-25,98303.77208745513,0.0,0.2854065299034118,0.004152289607579407,0.0,102609.23914563128,-0.041959838061614296
Fixed_50pct,2024-09-26,98303.77208745513,0.0,0.3754554092884063,0.003774069962143356,0.0,102609.23914563128,-0.041959838061614296
Fixed_50pct,2024-09-27,98303.77208745513,0.0,0.3710492253303528,-0.009330005219725934,0.0,102609.23914563128,-0.041959838061614296
Fixed_50pct,2024-09-30,98303.77208745513,0.0,0.3588312566280365,0.004544899225430443,0.0,102609.23914563128,-0.041959838061614296
Fixed_50pct,2024-10-01,98303.77208745513,0.0,0.384001225233078,-0.01286175134676193,0.0,102609.23914563128,-0.041959838061614296
Fixed_50pct,2024-10-03,98303.77208745513,0.0,0.6041865348815918,0.004606934026342158,0.0,102609.23914563128,-0.041959838061614296
Fixed_50pct,2024-10-04,98303.77208745513,0.0,0.58246910572052,0.00484451705714628,0.0,102609.23914563128,-0.041959838061614296
Fixed_50pct,2024-10-07,98303.77208745513,0.0,0.3540689051151275,-0.004587125035582451,0.0,102609.23914563128,-0.041959838061614296
Fixed_50pct,2024-10-08,98303.77208745513,0.0,0.58246910572052,-7.048837653556017e-05,0.0,102609.23914563128,-0.041959838061614296
Fixed_50pct,2024-10-09,98303.77208745513,0.0,0.2640060484409332,-0.006007663338477576,0.0,102609.23914563128,-0.041959838061614296
Fixed_50pct,2024-10-10,98303.77208745513,0.0,0.4729017913341522,-0.01849829891605348,0.0,102609.23914563128,-0.041959838061614296
Fixed_50pct,2024-10-11,98081.37209489348,0.5,0.7608885765075684,-0.003024749922389547,0.00075,102609.23914563128,-0.04412728413580269
Fixed_50pct,2024-10-14,97846.04582118108,0.5,0.7580382823944092,-0.004798592611137686,0.0,102609.23914563128,-0.04642070601156967
Fixed_50pct,2024-10-15,97586.3876073129,0.5,0.7607991695404053,-0.0053074850739028845,0.0,102609.23914563128,-0.04895125994638294
Fixed_50pct,2024-10-16,97753.80033850523,0.5,0.7894052863121033,0.0034310672891384453,0.0,102609.23914563128,-0.04731970383519579
Fixed_50pct,2024-10-17,97920.92394549196,0.5,0.7607991695404053,0.0034192759035045484,0.0,102609.23914563128,-0.04569096544498574
Fixed_50pct,2024-10-18,97407.93532941154,0.5,0.7467433214187622,-0.010477609798003495,0.0,102609.23914563128,-0.05069040429037419
Fixed_50pct,2024-10-21,96639.74409677996,0.5,0.7944980263710022,-0.015772662258649484,0.0,102609.23914563128,-0.05817697410638556
Fixed_50pct,2024-10-22,97250.43604210576,0.5,0.8129313588142395,0.012638525712862725,0.0,102609.23914563128,-0.052225346841524356
Fixed_50pct,2024-10-23,97031.00105919947,0.5,0.7620764970779419,-0.0045127814709499114,0.0,102609.23914563128,-0.05436389678822906
Fixed_50pct,2024-10-24,97146.66145055507,0.5,0.7775447964668274,0.0023839884179912563,0.0,102609.23914563128,-0.05323670402938352
Fixed_50pct,2024-10-25,97545.29961038839,0.5,0.7742302417755127,0.008206934831954227,0.0,102609.23914563128,-0.049351691693724886
Fixed_50pct,2024-10-28,97359.30939276809,0.5,0.7284544706344604,-0.003813412196449706,0.0,102609.23914563128,-0.0511642986204397
Fixed_50pct,2024-10-29,97471.5930564141,0.5,0.7427082061767578,0.0023065829933746063,0.0,102609.23914563128,-0.050070014474285496
Fixed_50pct,2024-10-30,96085.15913617761,0.5,0.7393041253089905,-0.028447958564380316,0.0,102609.23914563128,-0.06358179890793425
Fixed_50pct,2024-10-31,96275.83071765339,0.5,0.9053999185562134,0.003968803989917724,0.0,102609.23914563128,-0.06172356876157137
Fixed_50pct,2024-11-01,96033.5819436819,0.5,0.9119563698768616,-0.005032390209790516,0.0,102609.23914563128,-0.06408445532489204
Fixed_50pct,2024-11-04,96120.79617164849,0.5,0.8962885141372681,0.001816327709565968,0.0,102609.23914563128,-0.06323449065608866
Fixed_50pct,2024-11-05,98157.52308117514,0.5,0.8987098336219788,0.04237848604353078,0.0,102609.23914563128,-0.043385138624192576
Fixed_50pct,2024-11-06,98083.90493886426,0.0,0.6782045960426331,0.002717621119030067,0.00075,102609.23914563128,-0.04410259977022435
Fixed_50pct,2024-11-07,97964.26553761747,0.5,0.7009809613227844,-0.0009395317727483032,0.00075,102609.23914563128,-0.045268570809898434
Fixed_50pct,2024-11-08,98574.92042813357,0.5,0.7009809613227844,0.012466890598625602,0.0,102609.23914563128,-0.03931730467050709
Fixed_50pct,2024-11-11,98500.98923781246,0.0,0.5726436972618103,-0.0003096894058313149,0.00075,102609.23914563128,-0.040037816692004236
Fixed_50pct,2024-11-12,98500.98923781246,0.0,0.5741950869560242,-0.01120927378428449,0.0,102609.23914563128,-0.040037816692004236
Fixed_50pct,2024-11-13,98500.98923781246,0.0,0.593315601348877,-0.0010722457642822203,0.0,102609.23914563128,-0.040037816692004236
Fixed_50pct,2024-11-14,98500.98923781246,0.0,0.6569667458534241,-0.030487929115773804,0.0,102609.23914563128,-0.040037816692004236
Fixed_50pct,2024-11-18,98672.78455495076,0.5,0.7046766877174377,0.004988194757588049,0.00075,102609.23914563128,-0.03836354916435525
Fixed_50pct,2024-11-19,98598.77996653455,0.0,0.6871570348739624,0.008243504456092898,0.00075,102609.23914563128,-0.03908477650248199
Fixed_50pct,2024-11-21,98598.77996653455,0.0,0.6869116425514221,0.0421694871851126,0.0,102609.23914563128,-0.03908477650248199
Fixed_50pct,2024-11-22,98598.77996653455,0.0,0.5649750232696533,0.01660933854261759,0.0,102609.23914563128,-0.03908477650248199
Fixed_50pct,2024-11-25,98598.77996653455,0.0,0.4009934365749359,0.008713609604716455,0.0,102609.23914563128,-0.03908477650248199
Fixed_50pct,2024-11-26,98598.77996653455,0.0,0.3805783689022064,-0.004629400078300927,0.0,102609.23914563128,-0.03908477650248199
Fixed_50pct,2024-11-27,98598.77996653455,0.0,0.3841496407985687,-0.02023055851520028,0.0,102609.23914563128,-0.03908477650248199
Fixed_50pct,2024-11-28,98598.77996653455,0.0,0.2898951768875122,0.006113264366533588,0.0,102609.23914563128,-0.03908477650248199
Fixed_50pct,2024-11-29,98598.77996653455,0.0,0.4073731303215027,0.0013579977182254233,0.0,102609.23914563128,-0.03908477650248199
Fixed_50pct,2024-12-02,98598.77996653455,0.0,0.3055686056613922,0.006102930623791858,0.0,102609.23914563128,-0.03908477650248199
Fixed_50pct,2024-12-03,98598.77996653455,0.0,0.3819903135299682,0.012003928265353458,0.0,102609.23914563128,-0.03908477650248199
Fixed_50pct,2024-12-04,98598.77996653455,0.0,0.4721872210502624,0.02518140382208145,0.0,102609.23914563128,-0.03908477650248199
Fixed_50pct,2024-12-05,98598.77996653455,0.0,0.436297208070755,-0.00415537583564185,0.0,102609.23914563128,-0.03908477650248199
Fixed_50pct,2024-12-06,98598.77996653455,0.0,0.3573099076747894,0.0014958727575637987,0.0,102609.23914563128,-0.03908477650248199
Fixed_50pct,2024-12-09,98598.77996653455,0.0,0.4462079703807831,-0.004402389426719888,0.0,102609.23914563128,-0.03908477650248199
Fixed_50pct,2024-12-10,98598.77996653455,0.0,0.3232079446315765,-0.0011504911619057978,0.0,102609.23914563128,-0.03908477650248199
Fixed_50pct,2024-12-11,98598.77996653455,0.0,0.3232079446315765,0.006211249994209966,0.0,102609.23914563128,-0.03908477650248199
Fixed_50pct,2024-12-12,98598.77996653455,0.0,0.4023072421550751,0.004253629378660362,0.0,102609.23914563128,-0.03908477650248199
Fixed_50pct,2024-12-13,98598.77996653455,0.0,0.4300086498260498,-0.013120478399728852,0.0,102609.23914563128,-0.03908477650248199
Fixed_50pct,2024-12-16,98598.77996653455,0.0,0.3563823699951172,-0.019636752916560196,0.0,102609.23914563128,-0.03908477650248199
Fixed_50pct,2024-12-17,98598.77996653455,0.0,0.415903240442276,0.004470393359420122,0.0,102609.23914563128,-0.03908477650248199
Fixed_50pct,2024-12-18,98598.77996653455,0.0,0.3719558715820312,-0.017468448453050733,0.0,102609.23914563128,-0.03908477650248199
Fixed_50pct,2024-12-19,98598.77996653455,0.0,0.3065764605998993,-0.023783351665264352,0.0,102609.23914563128,-0.03908477650248199
Fixed_50pct,2024-12-20,98598.77996653455,0.0,0.568117082118988,-0.0028774909627629075,0.0,102609.23914563128,-0.03908477650248199
Fixed_50pct,2024-12-23,98598.77996653455,0.0,0.5576220750808716,0.005098284469196246,0.0,102609.23914563128,-0.03908477650248199
Fixed_50pct,2024-12-24,98598.77996653455,0.0,0.5937625169754028,-0.002488312559815742,0.0,102609.23914563128,-0.03908477650248199
Fixed_50pct,2024-12-26,98598.77996653455,0.0,0.5832534432411194,-0.001019404643795685,0.0,102609.23914563128,-0.03908477650248199
Fixed_50pct,2024-12-27,98598.77996653455,0.0,0.5656948685646057,-0.0014527036572468122,0.0,102609.23914563128,-0.03908477650248199
Fixed_50pct,2024-12-30,98598.77996653455,0.0,0.5315733551979065,-0.015388996553101442,0.0,102609.23914563128,-0.03908477650248199
Fixed_50pct,2024-12-31,98598.77996653455,0.0,0.6027769446372986,0.004310380549454651,0.0,102609.23914563128,-0.03908477650248199
Fixed_50pct,2025-01-01,98598.77996653455,0.0,0.3396520018577575,0.015392236180671759,0.0,102609.23914563128,-0.03908477650248199
Fixed_50pct,2025-01-02,98598.77996653455,0.0,0.4462629556655884,-0.018164424991019557,0.0,102609.23914563128,-0.03908477650248199
Fixed_50pct,2025-01-03,98598.77996653455,0.0,0.3802525699138641,-0.0011951273105348381,0.0,102609.23914563128,-0.03908477650248199
Fixed_50pct,2025-01-06,98598.77996653455,0.0,0.6027769446372986,-0.016288144364316248,0.0,102609.23914563128,-0.03908477650248199
Fixed_50pct,2025-01-07,98598.77996653455,0.0,0.589745819568634,0.01988428184214497,0.0,102609.23914563128,-0.03908477650248199
Fixed_50pct,2025-01-08,98598.77996653455,0.0,0.4721475541591644,-0.016928684242209058,0.0,102609.23914563128,-0.03908477650248199
Fixed_50pct,2025-01-09,98598.77996653455,0.0,0.5819497108459473,0.056154548746216726,0.0,102609.23914563128,-0.03908477650248199
Fixed_50pct,2025-01-10,98598.77996653455,0.0,0.5834248661994934,0.005966311323045259,0.0,102609.23914563128,-0.03908477650248199
Fixed_50pct,2025-01-13,98598.77996653455,0.0,0.5351479053497314,-0.013528067779275621,0.0,102609.23914563128,-0.03908477650248199
Fixed_50pct,2025-01-14,98598.77996653455,0.0,0.6169790029525757,0.003909779882680153,0.0,102609.23914563128,-0.03908477650248199
Fixed_50pct,2025-01-15,98598.77996653455,0.0,0.6325839757919312,-0.010189262983270164,0.0,102609.23914563128,-0.03908477650248199
Fixed_50pct,2025-01-16,98598.77996653455,0.0,0.6367969512939453,-0.01949456857749876,0.0,102609.23914563128,-0.03908477650248199
Fixed_50pct,2025-01-17,98598.77996653455,0.0,0.5152623057365417,-0.011274581883335744,0.0,102609.23914563128,-0.03908477650248199
Fixed_50pct,2025-01-20,98598.77996653455,0.0,0.6982356905937195,-0.010287397780558316,0.0,102609.23914563128,-0.03908477650248199
Fixed_50pct,2025-01-21,98598.77996653455,0.0,0.6746646165847778,0.029919347120975548,0.0,102609.23914563128,-0.03908477650248199
Fixed_50pct,2025-01-22,98598.77996653455,0.0,0.4914069771766662,-0.0026824573165066257,0.0,102609.23914563128,-0.03908477650248199
Fixed_50pct,2025-01-23,98598.77996653455,0.0,0.4914069771766662,0.0016644518734183489,0.0,102609.23914563128,-0.03908477650248199
Fixed_50pct,2025-01-24,98598.77996653455,0.0,0.4914069771766662,-0.021000203080592694,0.0,102609.23914563128,-0.03908477650248199
Fixed_50pct,2025-01-27,98598.77996653455,0.0,0.5639668703079224,-0.006112899674695416,0.0,102609.23914563128,-0.03908477650248199
Fixed_50pct,2025-01-28,98598.77996653455,0.0,0.5229705572128296,0.014726568606366897,0.0,102609.23914563128,-0.03908477650248199
Fixed_50pct,2025-01-29,98598.77996653455,0.0,0.592658281326294,6.09785872260904e-05,0.0,102609.23914563128,-0.03908477650248199
Fixed_50pct,2025-01-30,98598.77996653455,0.0,0.592658281326294,0.0030121823501096934,0.0,102609.23914563128,-0.03908477650248199
Fixed_50pct,2025-01-31,98598.77996653455,0.0,0.5554901361465454,-0.009544305255340224,0.0,102609.23914563128,-0.03908477650248199
Fixed_50pct,2025-02-01,98470.36510930878,0.5,0.7181596755981445,-0.0011047960688632674,0.00075,102609.23914563128,-0.04033627060082057
Fixed_50pct,2025-02-03,98935.04657548419,0.5,0.7153918743133545,0.009437996206463906,0.0,102609.23914563128,-0.03580761928204512
Fixed_50pct,2025-02-04,98860.84529055258,0.0,0.5213248133659363,-0.0038834949147794617,0.00075,102609.23914563128,-0.03653076356758356
Fixed_50pct,2025-02-05,98860.84529055258,0.0,0.6626167893409729,-0.0020410396853974833,0.0,102609.23914563128,-0.03653076356758356
Fixed_50pct,2025-02-06,98860.84529055258,0.0,0.6966712474822998,-0.013067196780662593,0.0,102609.23914563128,-0.03653076356758356
Fixed_50pct,2025-02-07,98860.84529055258,0.0,0.6849414706230164,0.0018737402618522747,0.0,102609.23914563128,-0.03653076356758356
Fixed_50pct,2025-02-10,98860.84529055258,0.0,0.6849414706230164,-0.018182019403644833,0.0,102609.23914563128,-0.03653076356758356
Fixed_50pct,2025-02-11,98860.84529055258,0.0,0.5199754238128662,-0.003380844525562865,0.0,102609.23914563128,-0.03653076356758356
Fixed_50pct,2025-02-12,98860.84529055258,0.0,0.5351260304450989,-0.010126197989667851,0.0,102609.23914563128,-0.03653076356758356
Fixed_50pct,2025-02-13,99098.94883480312,0.5,0.8337576985359192,0.006316943321711177,0.00075,102609.23914563128,-0.03421027521552977
Fixed_50pct,2025-02-14,99024.624623177,0.0,0.5098326802253723,-0.007713152192081685,0.00075,102609.23914563128,-0.03493461750911819
Fixed_50pct,2025-02-17,98553.44546372586,0.5,0.8371390700340271,-0.008016403848924325,0.00075,102609.23914563128,-0.039526593469318194
Fixed_50pct,2025-02-18,97419.87404151962,0.5,0.9005553126335144,-0.02300419669494913,0.0,102609.23914563128,-0.05057405305136786
Fixed_50pct,2025-02-19,97359.37188466628,0.5,0.9314850568771362,-0.0012420906400999465,0.0,102609.23914563128,-0.05116368959245432
Fixed_50pct,2025-02-20,97444.38291535816,0.5,0.9293535351753236,0.0017463348221384845,0.0,102609.23914563128,-0.05033519664776709
Fixed_50pct,2025-02-21,96023.64198062461,0.5,0.9348692297935486,-0.02916003759739827,0.0,102609.23914563128,-0.06418132733310555
Fixed_50pct,2025-02-24,95422.12205403061,0.5,0.9287832975387572,-0.012528579716136412,0.0,102609.23914563128,-0.0700435667532836
Fixed_50pct,2025-02-25,95198.65412369551,0.5,0.9299870729446412,-0.0046837761626923324,0.0,102609.23914563128,-0.07222142064047532
Fixed_50pct,2025-02-27,93494.98352257005,0.5,0.9354568123817444,-0.03579190518621844,0.0,102609.23914563128,-0.08882490211359562
Fixed_50pct,2025-02-28,93626.50658346231,0.5,0.9313012957572936,0.0028134784549271874,0.0,102609.23914563128,-0.08754311636031087
Fixed_50pct,2025-03-03,94149.17784578505,0.5,0.9012481570243835,0.011165027541785166,0.0,102609.23914563128,-0.08244931324204663
Fixed_50pct,2025-03-04,94349.09540756412,0.5,0.9005647897720337,0.004246825439230939,0.0,102609.23914563128,-0.08050097444289295
Fixed_50pct,2025-03-05,95074.59232620394,0.5,0.8894710540771484,0.015378990450430008,0.0,102609.23914563128,-0.07343049107628175
Fixed_50pct,2025-03-06,95201.30019696162,0.5,0.8298525214195251,0.0026654412636961666,0.0,102609.23914563128,-0.07219563277489771
Fixed_50pct,2025-03-07,94917.24050828669,0.5,0.8402940034866333,-0.005967559016257673,0.0,102609.23914563128,-0.07496399643337659
Fixed_50pct,2025-03-10,94727.5216590318,0.5,0.8483890295028687,-0.003997563524580916,0.0,102609.23914563128,-0.07681294152676743
Fixed_50pct,2025-03-11,93812.11862879954,0.5,0.8764618635177612,-0.019327076528555698,0.0,102609.23914563128,-0.08573419499140966
Fixed_50pct,2025-03-12,93877.00339621522,0.5,0.8382480144500732,0.0013832918041736253,0.0,102609.23914563128,-0.08510184679395749
Fixed_50pct,2025-03-13,93698.52870266394,0.5,0.8172340989112854,-0.0038023091299156375,0.0,102609.23914563128,-0.08684120959439667
Fixed_50pct,2025-03-17,93698.52870266394,0.5,0.8106125593185425,0.0,0.0,102609.23914563128,-0.08684120959439667
Fixed_50pct,2025-03-18,94575.18539335739,0.5,0.8179736733436584,0.018712282953243786,0.0,102609.23914563128,-0.07829756676074084
Fixed_50pct,2025-03-20,94773.5937584414,0.5,0.8013614416122437,0.004195780621709444,0.0,102609.23914563128,-0.0763639361565569
Fixed_50pct,2025-03-21,95447.02703703006,0.5,0.7974686622619629,0.014211411678765717,0.0,102609.23914563128,-0.06980084998424008
Fixed_50pct,2025-03-24,95825.7700723643,0.5,0.7744424939155579,0.007936193448693007,0.0,102609.23914563128,-0.06610972978407259
Fixed_50pct,2025-03-25,95538.24755523003,0.5,0.7823407053947449,-0.006000943523169933,0.0,102609.23914563128,-0.06891184116827453
Fixed_50pct,2025-03-26,95740.57987035801,0.5,0.8817691206932068,0.004235629610245928,0.0,102609.23914563128,-0.06693996888062603
Fixed_50pct,2025-03-27,95149.93599222579,0.5,0.8777562975883484,-0.012338422828272133,0.0,102609.23914563128,-0.0726962134746818
Fixed_50pct,2025-03-28,94419.72022723944,0.5,0.88265460729599,-0.015348738963860464,0.0,102609.23914563128,-0.07981268535447006
Fixed_50pct,2025-04-01,94328.64437175078,0.5,0.9332331418991088,-0.0019291702044756942,0.0,102609.23914563128,-0.08070028432944532
Fixed_50pct,2025-04-02,92454.82026074133,0.5,0.9217604398727416,-0.039729694484417544,0.0,102609.23914563128,-0.09896203275104676
Fixed_50pct,2025-04-03,91045.5100808627,0.5,0.8700207471847534,-0.030486461947664245,0.0,102609.23914563128,-0.11269676260201478
Fixed_50pct,2025-04-04,90695.75097130983,0.5,0.84055495262146,-0.007683170960154806,0.0,102609.23914563128,-0.11610541383522854
Fixed_50pct,2025-04-07,90957.5277937143,0.5,0.8669483661651611,0.005772636967023459,0.0,102609.23914563128,-0.11355421255370513
Fixed_50pct,2025-04-08,90317.39232978449,0.5,0.7657562494277954,-0.014075480709668908,0.0,102609.23914563128,-0.11979278784438907
Fixed_50pct,2025-04-09,90107.3570000218,0.5,0.8892604112625122,-0.004651049467765067,0.0,102609.23914563128,-0.12183973148719873
Fixed_50pct,2025-04-11,90340.18826446973,0.5,0.921689748764038,0.005167863584055299,0.0,102609.23914563128,-0.11957062525089301
Fixed_50pct,2025-04-15,90696.18815311884,0.5,0.9234642386436462,0.007881318281226513,0.0,102609.23914563128,-0.1161011531876236
Fixed_50pct,2025-04-16,91043.86684502363,0.5,0.8622910380363464,0.007666886535910855,0.0,102609.23914563128,-0.11271277710375716
Fixed_50pct,2025-04-17,91357.1096866629,0.5,0.7736369371414185,0.006881140981686684,0.0,102609.23914563128,-0.1096600028677579
Fixed_50pct,2025-04-21,91288.59185439789,0.0,0.5356848835945129,-0.0021676887948012258,0.00075,102609.23914563128,-0.11032775786560711
Fixed_50pct,2025-04-22,92577.99777608679,0.5,0.7257519960403442,0.02974900451406781,0.00075,102609.23914563128,-0.09776158027355941
Fixed_50pct,2025-04-23,92508.56427775472,0.0,0.3339495956897735,-0.0033401413254467993,0.00075,102609.23914563128,-0.09843825908835435
Fixed_50pct,2025-04-24,92508.56427775472,0.0,0.3408219814300537,0.013640610598441683,0.0,102609.23914563128,-0.09843825908835435
Fixed_50pct,2025-04-25,92508.56427775472,0.0,0.3011215627193451,-0.0013051044083526309,0.0,102609.23914563128,-0.09843825908835435
Fixed_50pct,2025-04-28,92508.56427775472,0.0,0.3011215627193451,0.00842166400464639,0.0,102609.23914563128,-0.09843825908835435
Fixed_50pct,2025-04-29,92508.56427775472,0.0,0.3088956773281097,-0.005413980944024455,0.0,102609.23914563128,-0.09843825908835435
Fixed_50pct,2025-04-30,92508.56427775472,0.0,0.3119304180145263,-0.006572647158932465,0.0,102609.23914563128,-0.09843825908835435
Fixed_50pct,2025-05-02,92508.56427775472,0.0,0.3195918798446655,0.0067910372568129596,0.0,102609.23914563128,-0.09843825908835435
Fixed_50pct,2025-05-05,92508.56427775472,0.0,0.0899633169174194,0.0016501030863860233,0.0,102609.23914563128,-0.09843825908835435
Fixed_50pct,2025-05-06,92508.56427775472,0.0,0.0826934874057769,-0.004306330157153204,0.0,102609.23914563128,-0.09843825908835435
Fixed_50pct,2025-05-07,92508.56427775472,0.0,0.0829680934548378,0.0011029591535192118,0.0,102609.23914563128,-0.09843825908835435
Fixed_50pct,2025-05-08,92508.56427775472,0.0,0.081339031457901,-0.002493506265514034,0.0,102609.23914563128,-0.09843825908835435
Fixed_50pct,2025-05-09,92508.56427775472,0.0,0.0826145634055137,0.05235004242637875,0.0,102609.23914563128,-0.09843825908835435
Fixed_50pct,2025-05-12,92508.56427775472,0.0,0.2193900197744369,-0.029112779026294056,0.0,102609.23914563128,-0.09843825908835435
Fixed_50pct,2025-05-13,92508.56427775472,0.0,0.1284363120794296,0.00958746832770263,0.0,102609.23914563128,-0.09843825908835435
Fixed_50pct,2025-05-14,92508.56427775472,0.0,0.1629817634820938,0.008791938343948091,0.0,102609.23914563128,-0.09843825908835435
Fixed_50pct,2025-05-15,92508.56427775472,0.0,0.2577900290489197,-0.0051956350800332896,0.0,102609.23914563128,-0.09843825908835435
Fixed_50pct,2025-05-16,92508.56427775472,0.0,0.2359750717878341,-0.011933844219047196,0.0,102609.23914563128,-0.09843825908835435
Fixed_50pct,2025-05-19,92508.56427775472,0.0,0.1506282389163971,-0.005825849640654357,0.0,102609.23914563128,-0.09843825908835435
Fixed_50pct,2025-05-20,92508.56427775472,0.0,0.1483691036701202,0.007860960928497862,0.0,102609.23914563128,-0.09843825908835435
Fixed_50pct,2025-05-21,92508.56427775472,0.0,0.1527998149394989,-0.013840844106955186,0.0,102609.23914563128,-0.09843825908835435
Fixed_50pct,2025-05-22,92508.56427775472,0.0,0.1515970677137375,0.01081394813236991,0.0,102609.23914563128,-0.09843825908835435
Fixed_50pct,2025-05-23,92508.56427775472,0.0,0.1452295333147049,0.0064587579073398516,0.0,102609.23914563128,-0.09843825908835435
Fixed_50pct,2025-05-26,92508.56427775472,0.0,0.1492395401000976,-0.010912305182885995,0.0,102609.23914563128,-0.09843825908835435
Fixed_50pct,2025-05-27,92508.56427775472,0.0,0.1209469586610794,-0.00028582045158376257,0.0,102609.23914563128,-0.09843825908835435
Fixed_50pct,2025-05-28,92508.56427775472,0.0,0.1188810318708419,0.000114402747508624,0.0,102609.23914563128,-0.09843825908835435
Fixed_50pct,2025-05-29,92508.56427775472,0.0,0.1247487217187881,-0.009919726235321114,0.0,102609.23914563128,-0.09843825908835435
Fixed_50pct,2025-05-30,92508.56427775472,0.0,0.1277496218681335,-0.003926734971154144,0.0,102609.23914563128,-0.09843825908835435
Fixed_50pct,2025-06-02,92508.56427775472,0.0,0.1162265315651893,-0.012928313822536008,0.0,102609.23914563128,-0.09843825908835435
Fixed_50pct,2025-06-03,92508.56427775472,0.0,0.0950516462326049,-0.007136159161450162,0.0,102609.23914563128,-0.09843825908835435
Fixed_50pct,2025-06-04,92508.56427775472,0.0,0.0978474020957946,-0.0028985787720915424,0.0,102609.23914563128,-0.09843825908835435
Fixed_50pct,2025-06-05,92508.56427775472,0.0,0.1197066605091095,0.0038859283723828852,0.0,102609.23914563128,-0.09843825908835435
Fixed_50pct,2025-06-06,92508.56427775472,0.0,0.1163363680243492,0.011139989278358131,0.0,102609.23914563128,-0.09843825908835435
Fixed_50pct,2025-06-09,92508.56427775472,0.0,0.1302157342433929,0.011981647964605324,0.0,102609.23914563128,-0.09843825908835435
Fixed_50pct,2025-06-10,92508.56427775472,0.0,0.1550361812114715,0.0025989778087169846,0.0,102609.23914563128,-0.09843825908835435
Fixed_50pct,2025-06-11,92508.56427775472,0.0,0.1032899543642997,-0.010858593920413773,0.0,102609.23914563128,-0.09843825908835435
Fixed_50pct,2025-06-12,92508.56427775472,0.0,0.1089804843068122,0.003348669315563768,0.0,102609.23914563128,-0.09843825908835435
Fixed_50pct,2025-06-13,92508.56427775472,0.0,0.0992893651127815,0.014684998221926149,0.0,102609.23914563128,-0.09843825908835435
Fixed_50pct,2025-06-16,92508.56427775472,0.0,0.0993753224611282,0.005434316201313516,0.0,102609.23914563128,-0.09843825908835435
Fixed_50pct,2025-06-17,92508.56427775472,0.0,0.1051598191261291,-0.01817772184359545,0.0,102609.23914563128,-0.09843825908835435
Fixed_50pct,2025-06-18,92508.56427775472,0.0,0.0958040654659271,-0.007938779370406657,0.0,102609.23914563128,-0.09843825908835435
Fixed_50pct,2025-06-19,92508.56427775472,0.0,0.1013682037591934,0.003417041814215871,0.0,102609.23914563128,-0.09843825908835435
Fixed_50pct,2025-06-20,92508.56427775472,0.0,0.3934091031551361,-0.012253646742715452,0.0,102609.23914563128,-0.09843825908835435
Fixed_50pct,2025-06-23,92508.56427775472,0.0,0.3587758839130401,-0.0009430089640527495,0.0,102609.23914563128,-0.09843825908835435
Fixed_50pct,2025-06-24,92508.56427775472,0.0,0.3609920144081116,0.016045348056660913,0.0,102609.23914563128,-0.09843825908835435
Fixed_50pct,2025-06-25,92508.56427775472,0.0,0.4100512862205505,-0.0008708778325233757,0.0,102609.23914563128,-0.09843825908835435
Fixed_50pct,2025-06-26,92508.56427775472,0.0,0.4143960773944855,-0.0002033677616203322,0.0,102609.23914563128,-0.09843825908835435
Fixed_50pct,2025-06-27,92508.56427775472,0.0,0.4194229245185852,0.006073610691530007,0.0,102609.23914563128,-0.09843825908835435
Fixed_50pct,2025-06-30,92508.56427775472,0.0,0.428266316652298,-0.009329881232849502,0.0,102609.23914563128,-0.09843825908835435
Fixed_50pct,2025-07-01,92508.56427775472,0.0,0.4627661406993866,-0.0018660239772763099,0.0,102609.23914563128,-0.09843825908835435
Fixed_50pct,2025-07-02,92508.56427775472,0.0,0.4256802499294281,-0.0065726052870248575,0.0,102609.23914563128,-0.09843825908835435
Fixed_50pct,2025-07-03,92508.56427775472,0.0,0.4410309493541717,0.005586920644319315,0.0,102609.23914563128,-0.09843825908835435
Fixed_50pct,2025-07-04,92508.56427775472,0.0,0.4267217218875885,-0.0023685880871969767,0.0,102609.23914563128,-0.09843825908835435
Fixed_50pct,2025-07-07,92508.56427775472,0.0,0.4858576357364654,-0.0016120995628912116,0.0,102609.23914563128,-0.09843825908835435
Fixed_50pct,2025-07-08,92508.56427775472,0.0,0.4988323450088501,-0.0065762147451278175,0.0,102609.23914563128,-0.09843825908835435
Fixed_50pct,2025-07-09,92508.56427775472,0.0,0.5903850197792053,-0.0005319607548172067,0.0,102609.23914563128,-0.09843825908835435
Fixed_50pct,2025-07-10,92508.56427775472,0.0,0.5856637954711914,-0.0342992312241277,0.0,102609.23914563128,-0.09843825908835435
Fixed_50pct,2025-07-11,92508.56427775472,0.0,0.6179961562156677,-0.013257822666296715,0.0,102609.23914563128,-0.09843825908835435
Fixed_50pct,2025-07-14,92864.02267490655,0.5,0.7899230122566223,0.009184875447522334,0.00075,102609.23914563128,-0.09497406424477561
Fixed_50pct,2025-07-15,92794.37465790036,0.0,0.6237364411354065,-0.005903499333892337,0.00075,102609.23914563128,-0.09565283369659205
Fixed_50pct,2025-07-16,92794.37465790036,0.0,0.6595312356948853,-0.007392331125689822,0.0,102609.23914563128,-0.09565283369659205
Fixed_50pct,2025-07-17,92445.74734426299,0.5,0.8487604260444641,-0.006013975171935693,0.00075,102609.23914563128,-0.09905045477379915
Fixed_50pct,2025-07-18,91986.40288729312,0.5,0.855604350566864,-0.009937600596364726,0.0,102609.23914563128,-0.10352709314276631
Fixed_50pct,2025-07-21,92006.79336930886,0.5,0.9633575081825256,0.00044333687100950314,0.0,102609.23914563128,-0.10332837339603096
Fixed_50pct,2025-07-22,92290.71101952548,0.5,0.9082272052764891,0.0061716671089055986,0.0,102609.23914563128,-0.10056139400333053
Fixed_50pct,2025-07-23,91839.28608207415,0.5,0.9015192985534668,-0.009782673304051692,0.0,102609.23914563128,-0.10496085102308916
Fixed_50pct,2025-07-24,91661.32629715338,0.5,0.8990585207939148,-0.003875460982171175,0.0,102609.23914563128,-0.10669519567277697
Fixed_50pct,2025-07-25,90835.56176256124,0.5,0.8785457611083984,-0.018017730442065227,0.0,102609.23914563128,-0.11474285825626185
Fixed_50pct,2025-07-28,90491.90037996824,0.5,0.9403479695320128,-0.007566670496105821,0.0,102609.23914563128,-0.11809208280421157
Fixed_50pct,2025-07-29,90456.36835709319,0.5,0.9349173903465272,-0.0007853083585569465,0.0,102609.23914563128,-0.11843836763363735
Fixed_50pct,2025-07-30,90207.53560941604,0.5,0.9206264019012452,-0.005501718722441651,0.0,102609.23914563128,-0.12086341970252545
Fixed_50pct,2025-07-31,89705.52377800822,0.5,0.9206264019012452,-0.011130152886150046,0.0,102609.23914563128,-0.12575588197578447
Fixed_50pct,2025-08-01,90771.95162307062,0.5,0.9125279784202576,0.023776191256660084,0.0,102609.23914563128,-0.11536278429820757
Fixed_50pct,2025-08-04,90616.94487015672,0.5,0.9366900324821472,-0.0034153006549327847,0.0,102609.23914563128,-0.11687343532928973
Fixed_50pct,2025-08-05,90149.65117989288,0.5,0.941231369972229,-0.010313605053302366,0.0,102609.23914563128,-0.12142754462933636
Fixed_50pct,2025-08-06,90368.1644287744,0.5,0.941231369972229,0.004847789115577816,0.0,102609.23914563128,-0.11929797763614014
Fixed_50pct,2025-08-07,90210.97516589928,0.5,0.987498104572296,-0.0034788636876436074,0.0,102609.23914563128,-0.12082989877875805
Fixed_50pct,2025-08-08,90276.33900432548,0.5,0.9880080223083496,0.0014491327314885005,0.0,102609.23914563128,-0.12019288169364517
Fixed_50pct,2025-08-11,90196.1782823332,0.5,0.9852622151374816,-0.0017758966053871283,0.0,102609.23914563128,-0.12097410493104288
Fixed_50pct,2025-08-12,90208.06491161726,0.5,0.9842133522033693,0.00026357279233857334,0.0,102609.23914563128,-0.12085826127619248
Fixed_50pct,2025-08-13,90001.57599239997,0.5,0.9842133522033693,-0.0045780589444990305,0.0,102609.23914563128,-0.1228706426264159
Fixed_50pct,2025-08-14,89836.30016495203,0.5,0.9842133522033693,-0.003672731852204403,0.0,102609.23914563128,-0.12448137309108065
Fixed_50pct,2025-08-18,89910.88529847164,0.5,0.9858249425888062,0.001660467614597927,0.0,102609.23914563128,-0.12375448792810084
Fixed_50pct,2025-08-19,91139.03168118333,0.5,0.986070454120636,0.02731919230101454,0.0,102609.23914563128,-0.11178532810450437
Fixed_50pct,2025-08-20,91197.85762116192,0.5,0.9712477922439576,0.0012909055295731164,0.0,102609.23914563128,-0.11121202748880543
Fixed_50pct,2025-08-21,90483.58174819696,0.5,0.9708141684532166,-0.015664312552869153,0.0,102609.23914563128,-0.11817315378612847
Fixed_50pct,2025-08-22,91766.47091251935,0.5,0.9770167469978333,0.028356286069499026,0.0,102609.23914563128,-0.1056704866286261
Fixed_50pct,2025-08-25,92008.98984638976,0.5,0.9736238718032836,0.005285567407328662,0.0,102609.23914563128,-0.103306967164982
Fixed_50pct,2025-08-26,91083.71255233097,0.5,0.971051812171936,-0.02011275845118088,0.0,102609.23914563128,-0.11232445235211574
Fixed_50pct,2025-08-28,90951.22500895099,0.5,0.9713123440742492,-0.0029091379713765964,0.0,102609.23914563128,-0.11361563767307825
Fixed_50pct,2025-08-29,91362.53770400242,0.5,0.9690134525299072,0.009044687303793042,0.0,102609.23914563128,-0.10960710297896892
Fixed_50pct,2025-09-01,91346.39240578808,0.5,0.9727265238761902,-0.00035343366373286056,0.0,102609.23914563128,-0.10976445039084692
Fixed_50pct,2025-09-02,91140.88871083694,0.5,0.9643352627754213,-0.004499437570303688,0.0,102609.23914563128,-0.11176723003001254
Fixed_50pct,2025-09-03,91114.40637832391,0.5,0.9579710960388184,-0.0005811295651735326,0.0,102609.23914563128,-0.11202531919170533
Fixed_50pct,2025-09-04,90416.8558998277,0.5,0.9535793662071228,-0.015311529893524356,0.0,102609.23914563128,-0.11882344462664973
Fixed_50pct,2025-09-05,89982.31562322845,0.5,0.9670253992080688,-0.009611930701962534,0.0,102609.23914563128,-0.1230583486198712
Fixed_50pct,2025-09-08,90435.35530650282,0.5,0.9691795706748962,0.010069527109556109,0.0,102609.23914563128,-0.11864315475383558
Fixed_50pct,2025-09-09,91333.95692299456,0.5,0.9670253992080688,0.019872794515954917,0.0,102609.23914563128,-0.10988564301343207
Fixed_50pct,2025-09-10,91542.46781184353,0.5,0.9643352627754213,0.0045659006983520545,0.0,102609.23914563128,-0.10785355613134306
Fixed_50pct,2025-09-11,91677.25211617495,0.5,0.9641016721725464,0.0029447382740097616,0.0,102609.23914563128,-0.10653998724170222
Fixed_50pct,2025-09-12,91362.72780042715,0.5,0.9628449082374572,-0.006861556350952314,0.0,102609.23914563128,-0.10960525035413404
Fixed_50pct,2025-09-15,91858.89810757607,0.5,0.9638316035270692,0.010861547571844543,0.0,102609.23914563128,-0.10476971788863443
Fixed_50pct,2025-09-16,92254.57874272112,0.5,0.956531822681427,0.008614965850813006,0.0,102609.23914563128,-0.10091352873413273
Fixed_50pct,2025-09-17,92311.27690244178,0.5,0.937637746334076,0.0012291673864510688,0.0,102609.23914563128,-0.10036096485009305
Fixed_50pct,2025-09-18,92202.30618008682,0.5,0.9417906999588012,-0.0023609406350239004,0.0,102609.23914563128,-0.10142296202756274
Fixed_50pct,2025-09-19,90814.55988118316,0.5,0.942858338356018,-0.030102203651894532,0.0,102609.23914563128,-0.11494753652454393
Fixed_50pct,2025-09-22,90646.15281678185,0.5,0.9547319412231444,-0.0037088119927388696,0.0,102609.23914563128,-0.11658878311991439
Fixed_50pct,2025-09-23,90246.5567150154,0.5,0.9566178917884828,-0.008816614701213976,0.0,102609.23914563128,-0.12048313128089538
Fixed_50pct,2025-09-24,89087.03381025152,0.5,0.9583116769790648,-0.025696778846099666,0.0,102609.23914563128,-0.1317835065143398
Fixed_50pct,2025-09-25,88208.93871949117,0.5,0.9579023718833924,-0.019713196257732046,0.0,102609.23914563128,-0.14034116757948123
Fixed_50pct,2025-09-26,88163.29924392211,0.5,0.9653401374816896,-0.0010348038698027029,0.0,102609.23914563128,-0.14078595672273064
Fixed_50pct,2025-09-29,88046.09427850638,0.5,0.962936282157898,-0.0026588153215876265,0.0,102609.23914563128,-0.14192820245412507
Fixed_50pct,2025-09-30,88439.32125681848,0.5,0.962936282157898,0.00893229805443152,0.0,102609.23914563128,-0.13809592593023434
Fixed_50pct,2025-10-01,88252.68204399651,0.5,0.962936282157898,-0.004220729199854278,0.0,102609.23914563128,-0.1399148577766841
Fixed_50pct,2025-10-03,89568.0025673957,0.5,0.962936282157898,0.029808057793494935,0.0,102609.23914563128,-0.1270961239633247
Fixed_50pct,2025-10-06,89347.70988446687,0.5,0.968123733997345,-0.004919004033009822,0.0,102609.23914563128,-0.12924303280665184
Fixed_50pct,2025-10-07,90151.43967518352,0.5,0.9727320671081544,0.01799105521016564,0.0,102609.23914563128,-0.12141011447094596
Fixed_50pct,2025-10-08,90665.15279604786,0.5,0.9827795028686525,0.011396670374100859,0.0,102609.23914563128,-0.11640361481124928
Fixed_50pct,2025-10-09,90170.62242114777,0.5,0.9763903617858888,-0.010908940417550084,0.0,102609.23914563128,-0.12122316497084273
Fixed_50pct,2025-10-10,89856.48430601163,0.5,0.977544903755188,-0.006967637722825826,0.0,102609.23914563128,-0.12428466428369
Fixed_50pct,2025-10-13,89155.78923961567,0.5,0.9746813774108888,-0.01559587094482151,0.0,102609.23914563128,-0.1311134359638062
Fixed_50pct,2025-10-14,89298.84568386218,0.5,0.9604268074035645,0.003209134156438198,0.0,102609.23914563128,-0.12971924918844702
Fixed_50pct,2025-10-15,89312.375254743,0.5,0.9647738337516784,0.00030301782239683384,0.0,102609.23914563128,-0.12958739389945473
Fixed_50pct,2025-10-16,89184.60146369321,0.5,0.9654051661491394,-0.002861278533581646,0.0,102609.23914563128,-0.130832640352052
Fixed_50pct,2025-10-17,89982.45170261881,0.5,0.9611329436302184,0.017892107512537336,0.0,102609.23914563128,-0.12305702242944727
Fixed_50pct,2025-10-20,89855.6191787633,0.5,0.9703359007835388,-0.00281905019157902,0.0,102609.23914563128,-0.12429309556390933
Fixed_50pct,2025-10-21,90849.29975421594,0.5,0.9728695750236512,0.02211727178632561,0.0,102609.23914563128,-0.11460897175862184
Fixed_50pct,2025-10-23,90701.49079092416,0.5,0.9475018382072448,-0.003253937315789268,0.0,102609.23914563128,-0.11604947521155173
Fixed_50pct,2025-10-24,91022.7590647478,0.5,0.9506400227546692,0.007084079236673091,0.0,102609.23914563128,-0.11291848743210153
Fixed_50pct,2025-10-27,90624.42936645175,0.5,0.9327623844146729,-0.008752309914330403,0.0,102609.23914563128,-0.1168004935907353
Fixed_50pct,2025-10-28,90619.98683569637,0.5,0.9506400227546692,-9.804267538982003e-05,0.0,102609.23914563128,-0.1168437892119909
Fixed_50pct,2025-10-29,90289.52665995444,0.5,0.9506400227546692,-0.007293317672647515,0.0,102609.23914563128,-0.12006435861191511
Fixed_50pct,2025-10-30,90627.14861059224,0.5,0.9624971151351928,0.0074786514699392015,0.0,102609.23914563128,-0.11677399262295562
Fixed_50pct,2025-10-31,90016.64597854471,0.5,0.9663246273994446,-0.013472842109834904,0.0,102609.23914563128,-0.12272377489530106
Fixed_50pct,2025-11-03,89619.79309884399,0.5,0.9699298739433287,-0.008817322071637768,0.0,102609.23914563128,-0.12659138840657047
Fixed_50pct,2025-11-04,89929.99398364645,0.5,0.966317057609558,0.006922597655639295,0.0,102609.23914563128,-0.12356826020305467
Fixed_50pct,2025-11-06,89644.75538929603,0.5,0.963252067565918,-0.006343569741643407,0.0,102609.23914563128,-0.12634811313565064
Fixed_50pct,2025-11-07,90145.14412296235,0.5,0.9678396582603456,0.011163815027288582,0.0,102609.23914563128,-0.12147146910405293
Fixed_50pct,2025-11-10,90469.94390069897,0.5,0.9661006927490234,0.0072061513883339146,0.0,102609.23914563128,-0.11830606430774959
Fixed_50pct,2025-11-11,91728.8634379909,0.5,0.9406864643096924,0.027830669126394758,0.0,102609.23914563128,-0.10603699821024959
Fixed_50pct,2025-11-12,91346.63400822188,0.5,0.8606312274932861,-0.008333896560866472,0.0,102609.23914563128,-0.10976209580332819
Fixed_50pct,2025-11-13,91351.04661261354,0.5,0.8599051833152771,9.661230409974131e-05,0.0,102609.23914563128,-0.10971909183576734
Fixed_50pct,2025-11-14,91295.16470056778,0.5,0.8599051833152771,-0.0012234542266983395,0.0,102609.23914563128,-0.11026370080578862
Fixed_50pct,2025-11-17,91072.97663478197,0.5,0.8599051833152771,-0.004867466234702578,0.0,102609.23914563128,-0.11242908150284714
Fixed_50pct,2025-11-18,91966.85905982704,0.5,0.9306931495666504,0.019630025460344758,0.0,102609.23914563128,-0.1037175616388668
Fixed_50pct,2025-11-19,91924.49560170333,0.5,0.8328841328620911,-0.0009212766110919812,0.0,102609.23914563128,-0.1041304236625642
Fixed_50pct,2025-11-20,92009.26515059551,0.5,0.9005966186523438,0.0018443299217978382,0.0,102609.23914563128,-0.10330428412973058
Fixed_50pct,2025-11-21,91872.00549473206,0.5,0.9034711718559264,-0.002983605088874297,0.0,102609.23914563128,-0.10464197708025169
Fixed_50pct,2025-11-24,91550.28383544544,0.5,0.91062593460083,-0.0070036929651016155,0.0,102609.23914563128,-0.1077773834234369
Fixed_50pct,2025-11-25,92191.59298458754,0.5,0.9159547090530396,0.014009987130019441,0.0,102609.23914563128,-0.10152736973576204
Fixed_50pct,2025-11-26,91808.30218118154,0.5,0.9081119894981384,-0.008315092320187456,0.0,102609.23914563128,-0.10526281116966651
Fixed_50pct,2025-11-27,91821.4722544673,0.5,0.9089021682739258,0.0002869037542982955,0.0,102609.23914563128,-0.1051344594403737
Fixed_50pct,2025-11-28,91761.47591929855,0.5,0.91062593460083,-0.001306804033864517,0.0,102609.23914563128,-0.10571916638945844
Fixed_50pct,2025-12-01,91795.15433280035,0.5,0.9055212140083312,0.0007340425415871543,0.0,102609.23914563128,-0.1053909463014604
Fixed_50pct,2025-12-02,92443.57890824619,0.5,0.9086408615112304,0.014127642796808226,0.0,102609.23914563128,-0.09907158772473856
Fixed_50pct,2025-12-03,93158.70777120831,0.5,0.9030855298042296,0.015471682758451344,0.0,102609.23914563128,-0.09210214843333953
Fixed_50pct,2025-12-04,93288.52760005424,0.5,0.8852713108062744,0.0027870680466020037,0.0,102609.23914563128,-0.09083696188749957
Fixed_50pct,2025-12-05,93264.04085676979,0.5,0.8541183471679688,-0.0005249679443851685,0.0,102609.23914563128,-0.09107560261311387
Fixed_50pct,2025-12-08,92857.73135603555,0.5,0.9100547432899476,-0.008713100933686047,0.0,102609.23914563128,-0.09503537762087488
Fixed_50pct,2025-12-09,92581.32458141267,0.5,0.9096060395240784,-0.005953338953825882,0.0,102609.23914563128,-0.09772915818999672
Fixed_50pct,2025-12-10,92620.51388588158,0.5,0.9117956757545472,0.000846592002136104,0.0,102609.23914563128,-0.09734723055077821
Fixed_50pct,2025-12-11,93035.46357464895,0.5,0.911511480808258,0.008960211325940826,0.0,102609.23914563128,-0.09330325076667267
Fixed_50pct,2025-12-12,93175.57216864474,0.5,0.9147669672966005,0.003011939503764882,0.0,102609.23914563128,-0.09193779288819715
Fixed_50pct,2025-12-15,92813.5677651992,0.5,0.9173659682273864,-0.007770371461531034,0.0,102609.23914563128,-0.09546578321791543
Fixed_50pct,2025-12-16,92997.45091124625,0.5,0.915477454662323,0.0039624195141867435,0.0,102609.23914563128,-0.09367371120200196
Fixed_50pct,2025-12-17,93907.83056792227,0.5,0.912119209766388,0.019578593773389885,0.0,102609.23914563128,-0.08480141408474207
Fixed_50pct,2025-12-18,93925.00394174285,0.5,0.8625403046607971,0.00036574955925883224,0.0,102609.23914563128,-0.08463404734502578
Fixed_50pct,2025-12-19,94538.86340194046,0.5,0.8110222816467285,0.013071268233927569,0.0,102609.23914563128,-0.07865155039534688
Fixed_50pct,2025-12-22,94327.03449374008,0.5,0.7777234315872192,-0.004481308545032259,0.0,102609.23914563128,-0.08071597373542971
Fixed_50pct,2025-12-23,94256.28921786977,0.0,0.6881771087646484,0.002719033232628343,0.00075,102609.23914563128,-0.08140543675512824
Fixed_50pct,2025-12-24,94256.28921786977,0.0,0.6359147429466248,-0.011750527267249122,0.0,102609.23914563128,-0.08140543675512824
Fixed_50pct,2025-12-26,94256.28921786977,0.0,0.5904250741004944,-0.008689024390243882,0.0,102609.23914563128,-0.08140543675512824
Fixed_50pct,2025-12-29,94256.28921786977,0.0,0.6342337727546692,-0.0014454716813393498,0.0,102609.23914563128,-0.08140543675512824
Fixed_50pct,2025-12-30,94256.28921786977,0.0,0.6397947669029236,-0.012504649823109282,0.0,102609.23914563128,-0.08140543675512824
Fixed_50pct,2025-12-31,94256.28921786977,0.0,0.6781485676765442,0.006612173755453421,0.0,102609.23914563128,-0.08140543675512824
Fixed_50pct,2026-01-01,94256.28921786977,0.0,0.6353537440299988,0.007219448947496154,0.0,102609.23914563128,-0.08140543675512824
Fixed_50pct,2026-01-02,94256.28921786977,0.0,0.6343141794204712,-0.010643816419645846,0.0,102609.23914563128,-0.08140543675512824
Fixed_50pct,2026-01-05,94767.35284902815,0.5,0.7173580527305603,0.012344127970645768,0.00075,102609.23914563128,-0.07642475825664485
Fixed_50pct,2026-01-06,95346.58763220548,0.5,0.7044039964675903,0.012224352918248194,0.0,102609.23914563128,-0.07077970340583128
Fixed_50pct,2026-01-07,95275.07769148133,0.0,0.6318003535270691,-0.02782503719966356,0.00075,102609.23914563128,-0.07147661862827681
Fixed_50pct,2026-01-08,95261.61114110671,0.5,0.8231950402259827,0.0012173122142555837,0.00075,102609.23914563128,-0.07160785973762285
Fixed_50pct,2026-01-09,95733.79205008197,0.5,0.8598480820655823,0.009913351313696195,0.0,102609.23914563128,-0.06700612101597514
Fixed_50pct,2026-01-12,96153.41642705158,0.5,0.8318573236465454,0.008766483975690909,0.0,102609.23914563128,-0.0629165830712094
Fixed_50pct,2026-01-13,95042.70912285292,0.5,0.8175870180130005,-0.023102815177478586,0.0,102609.23914563128,-0.0737412155648024
Fixed_50pct,2026-01-14,95042.70912285292,0.5,0.827639102935791,0.0,0.0,102609.23914563128,-0.0737412155648024
Fixed_50pct,2026-01-15,94612.5250958935,0.5,0.8406797647476196,-0.009052436129600605,0.0,102609.23914563128,-0.0779336648075929
Fixed_50pct,2026-01-19,93695.8870523514,0.5,0.869513213634491,-0.019376674338055233,0.0,102609.23914563128,-0.08686695435514658
Fixed_50pct,2026-01-20,94002.43881269383,0.5,0.8401575088500977,0.006543547854371168,0.0,102609.23914563128,-0.08387938946435403
Fixed_50pct,2026-01-21,94420.88007276792,0.5,0.8438032865524292,0.008902774552644654,0.0,102609.23914563128,-0.07980138183503904
Fixed_50pct,2026-01-22,94602.2065559264,0.5,0.8300250172615051,0.00384081324001051,0.0,102609.23914563128,-0.07803422631699519
Fixed_50pct,2026-01-23,94534.90063821863,0.5,0.8224173784255981,-0.0014229249011857847,0.0,102609.23914563128,-0.07869017034570247
Fixed_50pct,2026-01-27,95165.0349872992,0.5,0.8477258086204529,0.013331253216038563,0.0,102609.23914563128,-0.07254906303092912
Fixed_50pct,2026-01-28,94336.82479481245,0.5,0.9137017726898192,-0.01740576657376902,0.0,102609.23914563128,-0.08062056028968256
Fixed_50pct,2026-01-29,94029.30905757239,0.5,0.8514362573623657,-0.00651952698024183,0.0,102609.23914563128,-0.08361751982081811
Fixed_50pct,2026-01-30,94717.09642646446,0.5,0.8841233253479004,0.014629212439941641,0.0,102609.23914563128,-0.07691454283142729
Fixed_50pct,2026-02-02,95549.33669077996,0.5,0.8755874633789062,0.01757317940930858,0.0,102609.23914563128,-0.0688037696569539
Fixed_50pct,2026-02-03,92198.75612978498,0.5,0.8813784718513489,-0.07013299468186285,0.0,102609.23914563128,-0.10145755979216364
Fixed_50pct,2026-02-04,92129.60706268763,0.0,0.5002995729446411,-0.002534126040737772,0.00075,102609.23914563128,-0.10213146662231953
Fixed_50pct,2026-02-05,92129.60706268763,0.0,0.4957831799983978,-0.01668056237464488,0.0,102609.23914563128,-0.10213146662231953
Fixed_50pct,2026-02-06,92129.60706268763,0.0,0.5736830234527588,0.0022436270385235435,0.0,102609.23914563128,-0.10213146662231953
Fixed_50pct,2026-02-09,92129.60706268763,0.0,0.5795756578445435,0.012346566409074944,0.0,102609.23914563128,-0.10213146662231953
Fixed_50pct,2026-02-10,92129.60706268763,0.0,0.6162283420562744,-0.02506200039558537,0.0,102609.23914563128,-0.10213146662231953
Fixed_50pct,2026-02-11,92129.60706268763,0.0,0.6090642809867859,-0.054883479446016126,0.0,102609.23914563128,-0.10213146662231953
Fixed_50pct,2026-02-12,92129.60706268763,0.0,0.575156569480896,-0.021053832380035886,0.0,102609.23914563128,-0.10213146662231953
Fixed_50pct,2026-02-13,92129.60706268763,0.0,0.6834486126899719,0.0053488398876564425,0.0,102609.23914563128,-0.10213146662231953
Fixed_50pct,2026-02-16,92129.60706268763,0.0,0.6886090040206909,0.003990173759637505,0.0,102609.23914563128,-0.10213146662231953
Fixed_50pct,2026-02-17,92129.60706268763,0.0,0.6886090040206909,-0.008279973801645357,0.0,102609.23914563128,-0.10213146662231953
Fixed_50pct,2026-02-18,92129.60706268763,0.0,0.6886090040206909,-0.006308212036081562,0.0,102609.23914563128,-0.10213146662231953
Fixed_50pct,2026-02-19,92129.60706268763,0.0,0.6999552249908447,0.0030994619406277124,0.0,102609.23914563128,-0.10213146662231953
Fixed_50pct,2026-02-20,92129.60706268763,0.0,0.6886090040206909,-0.0036854673977010366,0.0,102609.23914563128,-0.10213146662231953
Fixed_50pct,2026-02-23,90294.54443699564,0.5,0.7108128666877747,-0.038336545149777024,0.00075,102609.23914563128,-0.12001545680655168
Fixed_50pct,2026-02-24,90226.82352866788,0.0,0.5692920088768005,0.02160317780281029,0.00075,102609.23914563128,-0.1206754452139468
Fixed_50pct,2026-02-25,90474.85810635544,0.5,0.7124689221382141,0.006998023048738977,0.00075,102609.23914563128,-0.11825817187917886
Fixed_50pct,2026-02-26,90298.87603259351,0.5,0.7124689221382141,-0.0038901873392286346,0.0,102609.23914563128,-0.1199732423272909
Fixed_50pct,2026-02-27,89889.7355156375,0.5,0.7124689221382141,-0.009061918263707835,0.0,102609.23914563128,-0.12396060760124372
Fixed_50pct,2026-03-02,89447.76845736227,0.5,0.7124689221382141,-0.009833537850344354,0.0,102609.23914563128,-0.1282678908630166
Fixed_50pct,2026-03-04,89380.68263101924,0.0,0.612808108329773,-0.0034778575740717077,0.00075,102609.23914563128,-0.1289216899448694
Fixed_50pct,2026-03-05,89380.68263101924,0.0,0.6381790041923523,-0.008220858837624467,0.0,102609.23914563128,-0.1289216899448694
Fixed_50pct,2026-03-06,89380.68263101924,0.0,0.551450788974762,-0.011808020863064206,0.0,102609.23914563128,-0.1289216899448694
Fixed_50pct,2026-03-09,89380.68263101924,0.0,0.5580520033836365,-0.005657911387208392,0.0,102609.23914563128,-0.1289216899448694
Fixed_50pct,2026-03-10,89380.68263101924,0.0,0.5968901515007019,-0.019179576395485398,0.0,102609.23914563128,-0.1289216899448694
Fixed_50pct,2026-03-11,89380.68263101924,0.0,0.566049337387085,-0.00912815971902381,0.0,102609.23914563128,-0.1289216899448694
Fixed_50pct,2026-03-12,89380.68263101924,0.0,0.566049337387085,-0.013060884220122415,0.0,102609.23914563128,-0.1289216899448694
Fixed_50pct,2026-03-13,89380.68263101924,0.0,0.5712043642997742,-0.0005393274541070081,0.0,102609.23914563128,-0.1289216899448694
Fixed_50pct,2026-03-16,89380.68263101924,0.0,0.6871795058250427,-0.007263822162825395,0.0,102609.23914563128,-0.1289216899448694
Fixed_50pct,2026-03-17,89380.68263101924,0.0,0.6576871871948242,0.020529371852097134,0.0,102609.23914563128,-0.1289216899448694
Fixed_50pct,2026-03-18,87760.98280821055,0.5,0.7019193172454834,-0.03474272661901945,0.00075,102609.23914563128,-0.14470681647241224
Fixed_50pct,2026-03-19,87695.1620711044,0.0,0.5775954127311707,0.01468594976920623,0.00075,102609.23914563128,-0.14534828636005792
Fixed_50pct,2026-03-20,87695.1620711044,0.0,0.6877574324607849,-0.0028444944994320265,0.0,102609.23914563128,-0.14534828636005792
Fixed_50pct,2026-03-23,87905.30046633566,0.5,0.7112821340560913,0.006292474071964982,0.00075,102609.23914563128,-0.1433003382709681
Fixed_50pct,2026-03-24,87839.3714909859,0.0,0.6829464435577393,-0.008921188114378031,0.00075,102609.23914563128,-0.1439428630172649
Fixed_50pct,2026-03-25,87839.3714909859,0.0,0.653741180896759,0.005215843776282814,0.0,102609.23914563128,-0.1439428630172649
Fixed_50pct,2026-03-27,87205.60984028429,0.5,0.7112821340560913,-0.012930013328741552,0.00075,102609.23914563128,-0.15011932096567748
Fixed_50pct,2026-03-30,87140.20563290408,0.0,0.6110193729400635,0.02089959339908476,0.00075,102609.23914563128,-0.15075673147495328
Fixed_50pct,2026-04-01,87843.77723195757,0.5,0.7300910949707031,0.017648036235246467,0.00075,102609.23914563128,-0.14389992593861234
Fixed_50pct,2026-04-02,88259.57096092058,0.5,0.7165637016296387,0.009466663252994723,0.0,102609.23914563128,-0.13984772038261095
Fixed_50pct,2026-04-06,89435.10733760711,0.5,0.7161281704902649,0.026638162046064062,0.0,102609.23914563128,-0.12839128247824128
Fixed_50pct,2026-04-07,89368.03100710391,0.0,0.6689889430999756,0.007638358126932587,0.00075,102609.23914563128,-0.12904498901638262
Fixed_50pct,2026-04-08,89368.03100710391,0.0,0.6941644549369812,0.01164428313406285,0.0,102609.23914563128,-0.12904498901638262
Fixed_50pct,2026-04-09,89368.03100710391,0.0,0.6637793183326721,-0.024990324902230632,0.0,102609.23914563128,-0.12904498901638262
Fixed_50pct,2026-04-10,89368.03100710391,0.0,0.6532869338989258,-0.020480905665662075,0.0,102609.23914563128,-0.12904498901638262
Fixed_50pct,2026-04-13,89368.03100710391,0.0,0.6508364081382751,0.033284721118271854,0.0,102609.23914563128,-0.12904498901638262
Fixed_50pct,2026-04-15,89368.03100710391,0.0,0.6926448345184326,0.008610904865516744,0.0,102609.23914563128,-0.12904498901638262
Fixed_50pct,2026-04-16,89368.03100710391,0.0,0.6949173808097839,0.001785128577197037,0.0,102609.23914563128,-0.12904498901638262
Fixed_50pct,2026-04-17,89368.03100710391,0.0,0.6459495425224304,-0.0007359683686809504,0.0,102609.23914563128,-0.12904498901638262
Fixed_50pct,2026-04-20,89368.03100710391,0.0,0.6459495425224304,0.011978563022936983,0.0,102609.23914563128,-0.12904498901638262
Fixed_50pct,2026-04-21,89368.03100710391,0.0,0.6525094509124756,-0.02758092319479022,0.0,102609.23914563128,-0.12904498901638262
Fixed_50pct,2026-04-22,89368.03100710391,0.0,0.6565937995910645,-0.00657866896666337,0.0,102609.23914563128,-0.12904498901638262
Fixed_50pct,2026-04-23,89368.03100710391,0.0,0.6608477234840393,-0.049528171966852,0.0,102609.23914563128,-0.12904498901638262
Fixed_50pct,2026-04-24,90246.17933642026,0.5,0.7503103017807007,0.02115240409619279,0.00075,102609.23914563128,-0.1204868091036555
Fixed_50pct,2026-04-27,90192.71326163512,0.5,0.8387162685394287,-0.0011848939241144718,0.0,102609.23914563128,-0.12100787402169144
Fixed_50pct,2026-04-28,90746.11070342589,0.5,0.8352342247962952,0.012271444594098124,0.0,102609.23914563128,-0.11561462243539578
Fixed_50pct,2026-04-29,90731.44199187345,0.5,0.8270660042762756,-0.0003232912449633307,0.0,102609.23914563128,-0.11575757946026577
Fixed_50pct,2026-04-30,90663.39341037955,0.0,0.4491945803165436,0.0,0.00075,102609.23914563128,-0.11642076127567058
Fixed_50pct,2026-05-01,90663.39341037955,0.0,0.4491945803165436,-0.01883659620644984,0.0,102609.23914563128,-0.11642076127567058
Fixed_50pct,2026-05-05,90663.39341037955,0.0,0.5745407938957214,0.0033369807410235097,0.0,102609.23914563128,-0.11642076127567058
Fixed_50pct,2026-05-06,90663.39341037955,0.0,0.5760684609413147,-0.013960746227869802,0.0,102609.23914563128,-0.11642076127567058
Fixed_50pct,2026-05-07,90463.25549310529,0.5,0.935778558254242,-0.0029149663882171994,0.00075,102609.23914563128,-0.11837124759581774
Fixed_25pct,2023-02-03,100000.0,0.0,0.4088793396949768,-0.0064181998514950545,0.0,100000.0,0.0
Fixed_25pct,2023-02-06,100000.0,0.0,0.3988363146781921,0.003641699398565734,0.0,100000.0,0.0
Fixed_25pct,2023-02-07,100000.0,0.0,0.4039197564125061,0.013693121239295447,0.0,100000.0,0.0
Fixed_25pct,2023-02-08,100000.0,0.0,0.2952230274677276,0.005894718736497273,0.0,100000.0,0.0
Fixed_25pct,2023-02-09,100000.0,0.0,0.2863130271434784,-0.0009319933736560149,0.0,100000.0,0.0
Fixed_25pct,2023-02-10,100000.0,0.0,0.2909234464168548,-0.01558992684856697,0.0,100000.0,0.0
Fixed_25pct,2023-02-13,100000.0,0.0,0.2294507175683975,0.005082757813250405,0.0,100000.0,0.0
Fixed_25pct,2023-02-14,100000.0,0.0,0.3302276730537414,0.005871204855329992,0.0,100000.0,0.0
Fixed_25pct,2023-02-15,100000.0,0.0,0.3378582596778869,0.010623080261254358,0.0,100000.0,0.0
Fixed_25pct,2023-02-16,100000.0,0.0,0.3549425303936004,-0.015991946629057563,0.0,100000.0,0.0
Fixed_25pct,2023-02-17,100000.0,0.0,0.2489628791809082,-0.003955801351536947,0.0,100000.0,0.0
Fixed_25pct,2023-02-20,100000.0,0.0,0.2929953932762146,-0.010409212949807234,0.0,100000.0,0.0
Fixed_25pct,2023-02-21,100000.0,0.0,0.1825983077287674,-0.014329165798862675,0.0,100000.0,0.0
Fixed_25pct,2023-02-22,100000.0,0.0,0.4928011000156402,0.0036012993559275674,0.0,100000.0,0.0
Fixed_25pct,2023-02-23,100000.0,0.0,0.4355315566062927,-0.003910626710791898,0.0,100000.0,0.0
Fixed_25pct,2023-02-24,100000.0,0.0,0.4860202372074127,-0.020173757738144005,0.0,100000.0,0.0
Fixed_25pct,2023-02-27,100000.0,0.0,0.3203698992729187,-0.00570253746210414,0.0,100000.0,0.0
Fixed_25pct,2023-02-28,100000.0,0.0,0.4484154284000397,0.021990084479573735,0.0,100000.0,0.0
Fixed_25pct,2023-03-01,100000.0,0.0,0.5300629138946533,-0.018976873593822607,0.0,100000.0,0.0
Fixed_25pct,2023-03-02,100000.0,0.0,0.440104991197586,0.006232203247431567,0.0,100000.0,0.0
Fixed_25pct,2023-03-03,100000.0,0.0,0.3472266495227813,0.008886553918982631,0.0,100000.0,0.0
Fixed_25pct,2023-03-06,100000.0,0.0,0.5566051006317139,0.005501372881431932,0.0,100000.0,0.0
Fixed_25pct,2023-03-08,100000.0,0.0,0.5375850796699524,-0.01579453935521924,0.0,100000.0,0.0
Fixed_25pct,2023-03-09,100000.0,0.0,0.3203698992729187,-0.0017531796409910871,0.0,100000.0,0.0
Fixed_25pct,2023-03-10,100000.0,0.0,0.4161155521869659,-0.014725322374099403,0.0,100000.0,0.0
Fixed_25pct,2023-03-13,100000.0,0.0,0.452767014503479,-0.020414692788376154,0.0,100000.0,0.0
Fixed_25pct,2023-03-14,100000.0,0.0,0.4399172663688659,-0.004992316854660395,0.0,100000.0,0.0
Fixed_25pct,2023-03-15,100000.0,0.0,0.4191609621047973,-0.00434521328209303,0.0,100000.0,0.0
Fixed_25pct,2023-03-16,100000.0,0.0,0.4191609621047973,-0.0017896236018445366,0.0,100000.0,0.0
Fixed_25pct,2023-03-17,100000.0,0.0,0.4160205423831939,-0.01132324708178123,0.0,100000.0,0.0
Fixed_25pct,2023-03-20,100000.0,0.0,0.4828085303306579,-0.011834680302233225,0.0,100000.0,0.0
Fixed_25pct,2023-03-21,100161.3019574008,0.25,0.8460187315940857,0.007952078296032061,0.000375,100161.3019574008,0.0
Fixed_25pct,2023-03-22,100123.74146916678,0.0,0.5559381246566772,-0.001964400916205755,0.000375,100161.3019574008,-0.0003750000000000142
Fixed_25pct,2023-03-23,100123.74146916678,0.0,0.583052933216095,-0.0013281175406681944,0.0,100161.3019574008,-0.0003750000000000142
Fixed_25pct,2023-03-24,100100.63406815872,0.25,0.7248117923736572,0.0005768462836484023,0.000375,100161.3019574008,-0.0006057018834269012
Fixed_25pct,2023-03-27,100063.09633038315,0.0,0.5973241925239563,-0.0020498178856247495,0.000375,100161.3019574008,-0.000980474745220672
Fixed_25pct,2023-03-28,100210.22648418667,0.25,0.7373450398445129,0.007381495144532568,0.000375,100210.22648418667,0.0
Fixed_25pct,2023-03-29,100172.6476492551,0.0,0.5428194999694824,0.021345057849717408,0.000375,100210.22648418667,-0.0003750000000000142
Fixed_25pct,2023-03-31,100172.6476492551,0.0,0.5741578936576843,-0.0018403264367164995,0.0,100210.22648418667,-0.0003750000000000142
Fixed_25pct,2023-04-03,100172.6476492551,0.0,0.5788522958755493,0.012437515258789,0.0,100210.22648418667,-0.0003750000000000142
Fixed_25pct,2023-04-05,100172.6476492551,0.0,0.5852863192558289,-0.005895455697384366,0.0,100210.22648418667,-0.0003750000000000142
Fixed_25pct,2023-04-06,100172.6476492551,0.0,0.5703712105751038,0.013257972434326915,0.0,100210.22648418667,-0.0003750000000000142
Fixed_25pct,2023-04-10,100172.6476492551,0.0,0.3481518030166626,-0.015198827909507107,0.0,100210.22648418667,-0.0003750000000000142
Fixed_25pct,2023-04-11,100172.6476492551,0.0,0.5909472107887268,0.008665708224685709,0.0,100210.22648418667,-0.0003750000000000142
Fixed_25pct,2023-04-12,100172.6476492551,0.0,0.5936771035194397,-0.016287941720457,0.0,100210.22648418667,-0.0003750000000000142
Fixed_25pct,2023-04-13,99747.51922413567,0.25,0.7052000761032104,-0.015475828635695854,0.000375,100210.22648418667,-0.004617365674989382
Fixed_25pct,2023-04-17,99678.01844429722,0.25,0.7567696571350098,-0.00278706800445927,0.0,100210.22648418667,-0.005310915448069831
Fixed_25pct,2023-04-18,99350.48185363993,0.25,0.7596873044967651,-0.01314378418709572,0.0,100210.22648418667,-0.008579410113222496
Fixed_25pct,2023-04-19,99472.67586138734,0.25,0.8683376312255859,0.004919714749946236,0.0,100210.22648418667,-0.007360033488355788
Fixed_25pct,2023-04-20,99921.6136554008,0.25,0.8610784411430359,0.018052708047747057,0.0,100210.22648418667,-0.0028800736103656854
Fixed_25pct,2023-04-21,100031.8610246561,0.25,0.7217678427696228,0.0044133542372726264,0.0,100210.22648418667,-0.0017799127473154819
Fixed_25pct,2023-04-24,100041.31306470708,0.25,0.7096953988075256,0.0003779611797340987,0.0,100210.22648418667,-0.0016855906368622442
Fixed_25pct,2023-04-25,100215.73886089126,0.25,0.7394176125526428,0.006974150612012009,0.0,100215.73886089126,0.0
Fixed_25pct,2023-04-26,100135.83362862827,0.25,0.7610393762588501,-0.003189328669178426,0.0,100215.73886089126,-0.0007973321672946065
Fixed_25pct,2023-04-27,100381.62297052721,0.25,0.7646691799163818,0.009818237208090164,0.0,100381.62297052721,0.0
Fixed_25pct,2023-04-28,100382.79152225143,0.25,0.7348763346672058,4.656436864181046e-05,0.0,100382.79152225143,0.0
Fixed_25pct,2023-05-02,100074.88318642754,0.25,0.7429382801055908,-0.0122693673349632,0.0,100382.79152225143,-0.0030673418337408
Fixed_25pct,2023-05-03,100395.88858328499,0.25,0.7616283297538757,0.012830607906259228,0.0,100395.88858328499,0.0
Fixed_25pct,2023-05-04,100473.8187615889,0.25,0.8064464330673218,0.0031049151276452136,0.0,100473.8187615889,0.0
Fixed_25pct,2023-05-05,100628.54093800727,0.25,0.7854087352752686,0.006159701236617909,0.0,100628.54093800727,0.0
Fixed_25pct,2023-05-08,100881.22597583989,0.25,0.7746586203575134,0.010044269169650066,0.0,100881.22597583989,0.0
Fixed_25pct,2023-05-09,100908.49569928885,0.25,0.7382107377052307,0.0010812605887839943,0.0,100908.49569928885,0.0
Fixed_25pct,2023-05-10,100872.80450423982,0.25,0.7305935621261597,-0.0014147944551823333,0.0,100908.49569928885,-0.0003536986137955278
Fixed_25pct,2023-05-11,100812.49062746478,0.25,0.7268916964530945,-0.0023916803769442607,0.0,100908.49569928885,-0.0009514072245231375
Fixed_25pct,2023-05-12,100664.318467336,0.25,0.7337984442710876,-0.005879119113378017,0.0,100908.49569928885,-0.002419788643768017
Fixed_25pct,2023-05-15,100688.2846611593,0.25,0.7231079936027527,0.0009523213066235936,0.0,100908.49569928885,-0.002182284421182845
Fixed_25pct,2023-05-16,100306.24033314262,0.25,0.7292661666870117,-0.015177310023796964,0.0,100908.49569928885,-0.00596833162532695
Fixed_25pct,2023-05-17,100237.07715590886,0.25,0.7508922815322876,-0.0027580807337229674,0.0,100908.49569928885,-0.006653736523640541
Fixed_25pct,2023-05-18,100417.19909164224,0.25,0.7508922815322876,0.007187836710490503,0.0,100908.49569928885,-0.004868733838929606
Fixed_25pct,2023-05-19,101008.02938243745,0.25,0.7432464361190796,0.02353502372660321,0.0,101008.02938243745,0.0
Fixed_25pct,2023-05-22,100995.39915030946,0.25,0.7257418632507324,-0.0005001674502598252,0.0,101008.02938243745,-0.0001250418625649008
Fixed_25pct,2023-05-23,100957.5258756281,0.0,0.6939955353736877,0.0019108138289753995,0.000375,101008.02938243745,-0.0004999949718664798
Fixed_25pct,2023-05-24,100844.40672958984,0.25,0.7207121849060059,-0.0029818509588913633,0.000375,101008.02938243745,-0.0016198974858533388
Fixed_25pct,2023-05-25,101115.38609425821,0.25,0.8104223608970642,0.010748414253453742,0.0,101115.38609425821,0.0
Fixed_25pct,2023-05-26,101077.46782447286,0.0,0.6894106864929199,-0.002568357396832588,0.000375,101115.38609425821,-0.00037500000000012523
Fixed_25pct,2023-05-29,101077.46782447286,0.0,0.6050480008125305,-0.0012499123171693105,0.0,101115.38609425821,-0.00037500000000012523
Fixed_25pct,2023-05-30,101077.46782447286,0.0,0.6654424667358398,-0.008051369508777606,0.0,101115.38609425821,-0.00037500000000012523
Fixed_25pct,2023-05-31,101304.58677449045,0.25,0.7413299679756165,0.010487916096671324,0.000375,101304.58677449045,0.0
Fixed_25pct,2023-06-01,101266.59755445003,0.0,0.6331649422645569,-0.0055354700191786455,0.000375,101304.58677449045,-0.0003749999999999032
Fixed_25pct,2023-06-02,101100.72054232334,0.25,0.7249521017074585,-0.00505209184993094,0.000375,101304.58677449045,-0.0020124087038717597
Fixed_25pct,2023-06-05,100665.75093676147,0.25,0.7335050702095032,-0.017209357291564475,0.0,101304.58677449045,-0.006306089961662487
Fixed_25pct,2023-06-06,100997.43009550024,0.25,0.7835277318954468,0.013179424209416979,0.0,101304.58677449045,-0.00303201156798516
Fixed_25pct,2023-06-07,100959.55605921443,0.0,0.6960992217063904,-0.011740801953781133,0.000375,101304.58677449045,-0.00340587456364716
Fixed_25pct,2023-06-08,100709.96407093701,0.25,0.7407364249229431,-0.008388791037513,0.000375,101304.58677449045,-0.005869652327560426
Fixed_25pct,2023-06-09,101004.94115620626,0.25,0.7269986271858215,0.011715904696837143,0.0,101304.58677449045,-0.0029578682251695243
Fixed_25pct,2023-06-12,100967.06430327268,0.0,0.6989220380783081,-0.000985540444152666,0.000375,101304.58677449045,-0.003331759024585157
Fixed_25pct,2023-06-13,100986.39851221188,0.25,0.721635639667511,0.002265961021947982,0.000375,101304.58677449045,-0.0031409067684849967
Fixed_25pct,2023-06-14,100716.54128949977,0.25,0.721635639667511,-0.01068885420958865,0.0,101304.58677449045,-0.005804727147248556
Fixed_25pct,2023-06-15,100678.7725865162,0.0,0.6866448521614075,-0.012871978937244788,0.000375,101304.58677449045,-0.006177550374568352
Fixed_25pct,2023-06-16,100678.7725865162,0.0,0.5717784762382507,0.011181454877929653,0.0,101304.58677449045,-0.006177550374568352
Fixed_25pct,2023-06-19,100678.7725865162,0.0,0.6193033456802368,0.005388751979307882,0.0,101304.58677449045,-0.006177550374568352
Fixed_25pct,2023-06-20,100678.7725865162,0.0,0.6308046579360962,0.009449453313938427,0.0,101304.58677449045,-0.006177550374568352
Fixed_25pct,2023-06-21,100678.7725865162,0.0,0.6052206158638,-0.0060462683282496155,0.0,101304.58677449045,-0.006177550374568352
Fixed_25pct,2023-06-22,100678.7725865162,0.0,0.6160092353820801,-0.006839556073413577,0.0,101304.58677449045,-0.006177550374568352
Fixed_25pct,2023-06-23,100678.7725865162,0.0,0.6131813526153564,-0.008301395837460701,0.0,101304.58677449045,-0.006177550374568352
Fixed_25pct,2023-06-26,100678.7725865162,0.0,0.5295272469520569,0.0024141192758622143,0.0,101304.58677449045,-0.006177550374568352
Fixed_25pct,2023-06-27,100678.7725865162,0.0,0.5450921058654785,0.005660891977044669,0.0,101304.58677449045,-0.006177550374568352
Fixed_25pct,2023-06-28,100678.7725865162,0.0,0.6483217477798462,0.026994681971800105,0.0,101304.58677449045,-0.006177550374568352
Fixed_25pct,2023-06-30,100412.74003006445,0.25,0.8203039765357971,-0.009069558989136195,0.000375,101304.58677449045,-0.008803616626079314
Fixed_25pct,2023-07-03,100693.13077176761,0.25,0.8496456742286682,0.011169528552619878,0.0,101304.58677449045,-0.00603581754974214
Fixed_25pct,2023-07-04,100777.57695160422,0.25,0.7350045442581177,0.0033545954600624484,0.0,101304.58677449045,-0.005202230616264014
Fixed_25pct,2023-07-05,100739.78536024736,0.0,0.5363301634788513,0.0008885529044899698,0.000375,101304.58677449045,-0.0055752797797830045
Fixed_25pct,2023-07-06,100739.78536024736,0.0,0.5208811163902283,0.0019110108167179618,0.0,101304.58677449045,-0.0055752797797830045
Fixed_25pct,2023-07-07,100739.78536024736,0.0,0.4155243933200836,-0.017211098243786083,0.0,101304.58677449045,-0.0055752797797830045
Fixed_25pct,2023-07-10,100739.78536024736,0.0,0.4698426425457001,0.00013751774281067775,0.0,101304.58677449045,-0.0055752797797830045
Fixed_25pct,2023-07-11,100739.78536024736,0.0,0.5134650468826294,-0.0038198265410799292,0.0,101304.58677449045,-0.0055752797797830045
Fixed_25pct,2023-07-12,100739.78536024736,0.0,0.5396228432655334,0.024740068376452484,0.0,101304.58677449045,-0.0055752797797830045
Fixed_25pct,2023-07-13,100739.78536024736,0.0,0.4305994212627411,0.052117121722723425,0.0,101304.58677449045,-0.0055752797797830045
Fixed_25pct,2023-07-14,100739.78536024736,0.0,0.3264264166355133,-0.0065297972229242385,0.0,101304.58677449045,-0.0055752797797830045
Fixed_25pct,2023-07-17,100739.78536024736,0.0,0.3227588534355163,0.0014749682264785235,0.0,101304.58677449045,-0.0055752797797830045
Fixed_25pct,2023-07-18,100739.78536024736,0.0,0.459536999464035,-0.0076640542430136405,0.0,101304.58677449045,-0.0055752797797830045
Fixed_25pct,2023-07-19,100739.78536024736,0.0,0.4854580461978912,-0.0019452169003382203,0.0,101304.58677449045,-0.0055752797797830045
Fixed_25pct,2023-07-20,100739.78536024736,0.0,0.4788102507591247,-0.027430484988485215,0.0,101304.58677449045,-0.0055752797797830045
Fixed_25pct,2023-07-21,100739.78536024736,0.0,0.5669122338294983,0.007852611343540206,0.0,101304.58677449045,-0.0055752797797830045
Fixed_25pct,2023-07-24,100739.78536024736,0.0,0.5311371684074402,0.0012960902404448582,0.0,101304.58677449045,-0.0055752797797830045
Fixed_25pct,2023-07-25,100739.78536024736,0.0,0.5257877707481384,-0.00319193146149388,0.0,101304.58677449045,-0.0055752797797830045
Fixed_25pct,2023-07-26,100739.78536024736,0.0,0.571221649646759,0.0025381027039206305,0.0,101304.58677449045,-0.0055752797797830045
Fixed_25pct,2023-07-27,100739.78536024736,0.0,0.649142324924469,-0.012217021753089141,0.0,101304.58677449045,-0.0055752797797830045
Fixed_25pct,2023-07-28,100739.78536024736,0.0,0.6937771439552307,0.019684702494623396,0.0,101304.58677449045,-0.0055752797797830045
Fixed_25pct,2023-07-31,100739.78536024736,0.0,0.4597566127777099,0.008943605223793893,0.0,101304.58677449045,-0.0055752797797830045
Fixed_25pct,2023-08-01,100739.78536024736,0.0,0.3317126631736755,-0.003302427926340501,0.0,101304.58677449045,-0.0055752797797830045
Fixed_25pct,2023-08-02,100739.78536024736,0.0,0.3082521259784698,-0.01182914633196197,0.0,101304.58677449045,-0.0055752797797830045
Fixed_25pct,2023-08-03,100739.78536024736,0.0,0.51353520154953,0.012823746902868915,0.0,101304.58677449045,-0.0055752797797830045
Fixed_25pct,2023-08-04,100739.78536024736,0.0,0.3082521259784698,0.011761118446291352,0.0,101304.58677449045,-0.0055752797797830045
Fixed_25pct,2023-08-07,100739.78536024736,0.0,0.4486343562602997,-0.003860435695061004,0.0,101304.58677449045,-0.0055752797797830045
Fixed_25pct,2023-08-08,100739.78536024736,0.0,0.2928005158901214,-0.0023339184660658985,0.0,101304.58677449045,-0.0055752797797830045
Fixed_25pct,2023-08-09,100739.78536024736,0.0,0.2873178124427795,-0.005891668546931461,0.0,101304.58677449045,-0.0055752797797830045
Fixed_25pct,2023-08-10,100739.78536024736,0.0,0.173357218503952,0.0019464719159205668,0.0,101304.58677449045,-0.0055752797797830045
Fixed_25pct,2023-08-11,100739.78536024736,0.0,0.1808901131153106,0.0003044678767276654,0.0,101304.58677449045,-0.0055752797797830045
Fixed_25pct,2023-08-14,100739.78536024736,0.0,0.1680677235126495,0.0024783119397879805,0.0,101304.58677449045,-0.0055752797797830045
Fixed_25pct,2023-08-16,100739.78536024736,0.0,0.2765290141105652,-0.006549243286873896,0.0,101304.58677449045,-0.0055752797797830045
Fixed_25pct,2023-08-17,100739.78536024736,0.0,0.2497005462646484,-0.01998105285418028,0.0,101304.58677449045,-0.0055752797797830045
Fixed_25pct,2023-08-18,100739.78536024736,0.0,0.2667853236198425,0.010260997203958677,0.0,101304.58677449045,-0.0055752797797830045
Fixed_25pct,2023-08-21,100739.78536024736,0.0,0.2553599774837494,-0.00573251232778671,0.0,101304.58677449045,-0.0055752797797830045
Fixed_25pct,2023-08-22,100739.78536024736,0.0,0.3005282282829284,0.004760314628601492,0.0,101304.58677449045,-0.0055752797797830045
Fixed_25pct,2023-08-23,100739.78536024736,0.0,0.240195170044899,-0.003089825645552824,0.0,101304.58677449045,-0.0055752797797830045
Fixed_25pct,2023-08-24,100739.78536024736,0.0,0.2657912969589233,-0.0019039041168548154,0.0,101304.58677449045,-0.0055752797797830045
Fixed_25pct,2023-08-25,100739.78536024736,0.0,0.2910590767860412,-0.00170052935763354,0.0,101304.58677449045,-0.0055752797797830045
Fixed_25pct,2023-08-28,100739.78536024736,0.0,0.2636049687862396,0.00017770541302830622,0.0,101304.58677449045,-0.0055752797797830045
Fixed_25pct,2023-08-29,100739.78536024736,0.0,0.2636049687862396,0.004383706072366822,0.0,101304.58677449045,-0.0055752797797830045
Fixed_25pct,2023-08-30,100739.78536024736,0.0,0.2883889973163605,-0.010070895423256898,0.0,101304.58677449045,-0.0055752797797830045
Fixed_25pct,2023-08-31,100739.78536024736,0.0,0.4076296985149383,0.0066729927365110075,0.0,101304.58677449045,-0.0055752797797830045
Fixed_25pct,2023-09-01,100739.78536024736,0.0,0.4257852733135223,0.011629986208568699,0.0,101304.58677449045,-0.0055752797797830045
Fixed_25pct,2023-09-04,100739.78536024736,0.0,0.3860072791576385,0.003173935251206572,0.0,101304.58677449045,-0.0055752797797830045
Fixed_25pct,2023-09-05,100739.78536024736,0.0,0.3655707836151123,0.0001603232892073425,0.0,101304.58677449045,-0.0055752797797830045
Fixed_25pct,2023-09-06,100739.78536024736,0.0,0.4305379390716553,0.007390914714137109,0.0,101304.58677449045,-0.0055752797797830045
Fixed_25pct,2023-09-07,100739.78536024736,0.0,0.4332383871078491,-0.0038637139588307834,0.0,101304.58677449045,-0.0055752797797830045
Fixed_25pct,2023-09-08,100739.78536024736,0.0,0.4987915158271789,0.011258316946873848,0.0,101304.58677449045,-0.0055752797797830045
Fixed_25pct,2023-09-11,100739.78536024736,0.0,0.5365306735038757,0.02877340419010177,0.0,101304.58677449045,-0.0055752797797830045
Fixed_25pct,2023-09-12,100739.78536024736,0.0,0.3215006291866302,-0.0036164965916243297,0.0,101304.58677449045,-0.0055752797797830045
Fixed_25pct,2023-09-13,100739.78536024736,0.0,0.3685366511344909,-0.002186204188693086,0.0,101304.58677449045,-0.0055752797797830045
Fixed_25pct,2023-09-14,100739.78536024736,0.0,0.4242246150970459,0.010744230972986157,0.0,101304.58677449045,-0.0055752797797830045
Fixed_25pct,2023-09-15,100739.78536024736,0.0,0.4291741251945495,0.0021815450098947586,0.0,101304.58677449045,-0.0055752797797830045
Fixed_25pct,2023-09-18,100739.78536024736,0.0,0.5405968427658081,-2.768978504197328e-05,0.0,101304.58677449045,-0.0055752797797830045
Fixed_25pct,2023-09-20,100739.78536024736,0.0,0.6211013197898865,-0.005754218526929034,0.0,101304.58677449045,-0.0055752797797830045
Fixed_25pct,2023-09-21,100739.78536024736,0.0,0.6440389156341553,0.005118080290552829,0.0,101304.58677449045,-0.0055752797797830045
Fixed_25pct,2023-09-22,100739.78536024736,0.0,0.6585507392883301,-0.00735365552096634,0.0,101304.58677449045,-0.0055752797797830045
Fixed_25pct,2023-09-25,100762.20461317759,0.25,0.7486041188240051,0.00239018466140406,0.000375,101304.58677449045,-0.005353974371567594
Fixed_25pct,2023-09-26,100787.49631226048,0.25,0.8491537570953369,0.0010040153122887752,0.0,101304.58677449045,-0.00510431441155812
Fixed_25pct,2023-09-27,100418.59514905159,0.25,0.8724450469017029,-0.014640751152939169,0.0,101304.58677449045,-0.008745819450516445
Fixed_25pct,2023-09-28,100360.74530498844,0.25,0.7186175584793091,-0.002304347874107604,0.0,101304.58677449045,-0.00931686806642884
Fixed_25pct,2023-09-29,100323.11002549906,0.0,0.6654758453369141,-0.004180127980441095,0.000375,101304.58677449045,-0.009688374240903963
Fixed_25pct,2023-10-03,100323.11002549906,0.0,0.6149218082427979,0.006801628322076425,0.0,101304.58677449045,-0.009688374240903963
Fixed_25pct,2023-10-04,100323.11002549906,0.0,0.6295762658119202,0.014585569261889697,0.0,101304.58677449045,-0.009688374240903963
Fixed_25pct,2023-10-05,100509.43859905865,0.25,0.7161991596221924,0.008929138650595192,0.000375,101304.58677449045,-0.007849083647138766
Fixed_25pct,2023-10-06,100471.747559584,0.0,0.6712090373039246,0.004680564358973349,0.000375,101304.58677449045,-0.008221140240771141
Fixed_25pct,2023-10-09,100471.747559584,0.0,0.6954295039176941,-0.002597384819725712,0.0,101304.58677449045,-0.008221140240771141
Fixed_25pct,2023-10-10,100302.5595038314,0.25,0.823987603187561,-0.005235746510320882,0.000375,101304.58677449045,-0.0098912329891796
Fixed_25pct,2023-10-11,99834.7236307758,0.25,0.8176374435424805,-0.018656986436631606,0.0,101304.58677449045,-0.014509344448407346
Fixed_25pct,2023-10-12,100034.10878515264,0.25,0.8124175071716309,0.007988609458739138,0.0,101304.58677449045,-0.01254116945529793
Fixed_25pct,2023-10-13,99706.3436138636,0.25,0.7947026491165161,-0.013106136507618271,0.0,101304.58677449045,-0.01577661201249092
Fixed_25pct,2023-10-16,99668.9537350084,0.0,0.6732787489891052,-0.0048239950524122666,0.000375,101304.58677449045,-0.01614569578298619
Fixed_25pct,2023-10-17,99668.9537350084,0.0,0.5504212975502014,-0.005645784506195239,0.0,101304.58677449045,-0.01614569578298619
Fixed_25pct,2023-10-18,99668.9537350084,0.0,0.5228396654129028,-0.009061609479174115,0.0,101304.58677449045,-0.01614569578298619
Fixed_25pct,2023-10-19,99668.9537350084,0.0,0.3770579397678375,0.011256969769417813,0.0,101304.58677449045,-0.01614569578298619
Fixed_25pct,2023-10-20,99668.9537350084,0.0,0.4367595314979553,-0.02415193524347381,0.0,101304.58677449045,-0.01614569578298619
Fixed_25pct,2023-10-23,99668.9537350084,0.0,0.2586957812309265,-0.005879449661060354,0.0,101304.58677449045,-0.01614569578298619
Fixed_25pct,2023-10-25,99668.9537350084,0.0,0.2178797721862793,-0.015737027261564784,0.0,101304.58677449045,-0.01614569578298619
Fixed_25pct,2023-10-26,99668.9537350084,0.0,0.2005378305912017,0.004255623337641401,0.0,101304.58677449045,-0.01614569578298619
Fixed_25pct,2023-10-27,99668.9537350084,0.0,0.2372064292430877,0.008236499517576545,0.0,101304.58677449045,-0.01614569578298619
Fixed_25pct,2023-10-30,99668.9537350084,0.0,0.2145546972751617,-0.002900667057314732,0.0,101304.58677449045,-0.01614569578298619
Fixed_25pct,2023-10-31,99668.9537350084,0.0,0.2151027917861938,-0.011309862012987004,0.0,101304.58677449045,-0.01614569578298619
Fixed_25pct,2023-11-01,99668.9537350084,0.0,0.2245258241891861,0.008842176805126334,0.0,101304.58677449045,-0.01614569578298619
Fixed_25pct,2023-11-02,99668.9537350084,0.0,0.2077296823263168,-0.0027380717970031387,0.0,101304.58677449045,-0.01614569578298619
Fixed_25pct,2023-11-03,99668.9537350084,0.0,0.2210359573364257,0.008758870306964761,0.0,101304.58677449045,-0.01614569578298619
Fixed_25pct,2023-11-06,99668.9537350084,0.0,0.2036211788654327,-0.0028992082917314033,0.0,101304.58677449045,-0.01614569578298619
Fixed_25pct,2023-11-07,99668.9537350084,0.0,0.2096471041440963,0.003293357805948416,0.0,101304.58677449045,-0.01614569578298619
Fixed_25pct,2023-11-08,99668.9537350084,0.0,0.2173814177513122,-0.010084161749451925,0.0,101304.58677449045,-0.01614569578298619
Fixed_25pct,2023-11-09,99668.9537350084,0.0,0.2299340069293975,-0.00418228807128207,0.0,101304.58677449045,-0.01614569578298619
Fixed_25pct,2023-11-10,99668.9537350084,0.0,0.2407434731721878,-0.0005699507631972134,0.0,101304.58677449045,-0.01614569578298619
Fixed_25pct,2023-11-13,99668.9537350084,0.0,0.2310312539339065,0.021836682305159894,0.0,101304.58677449045,-0.01614569578298619
Fixed_25pct,2023-11-15,99668.9537350084,0.0,0.2373900860548019,0.02747996577455858,0.0,101304.58677449045,-0.01614569578298619
Fixed_25pct,2023-11-16,99668.9537350084,0.0,0.4724089801311493,0.0013150516423523495,0.0,101304.58677449045,-0.01614569578298619
Fixed_25pct,2023-11-17,99668.9537350084,0.0,0.4598599970340729,0.004896614290986978,0.0,101304.58677449045,-0.01614569578298619
Fixed_25pct,2023-11-20,99668.9537350084,0.0,0.4566028118133545,-0.002670799586190098,0.0,101304.58677449045,-0.01614569578298619
Fixed_25pct,2023-11-21,99668.9537350084,0.0,0.4598599970340729,0.0056834230099098715,0.0,101304.58677449045,-0.01614569578298619
Fixed_25pct,2023-11-22,99668.9537350084,0.0,0.4584375321865082,-0.006203674900380318,0.0,101304.58677449045,-0.01614569578298619
Fixed_25pct,2023-11-23,99668.9537350084,0.0,0.4655188024044037,-0.014579890926744055,0.0,101304.58677449045,-0.01614569578298619
Fixed_25pct,2023-11-24,99668.9537350084,0.0,0.3427473902702331,0.0037747835812873554,0.0,101304.58677449045,-0.01614569578298619
Fixed_25pct,2023-11-28,99668.9537350084,0.0,0.4109815955162048,0.012564326868646836,0.0,101304.58677449045,-0.01614569578298619
Fixed_25pct,2023-11-29,99446.13971251436,0.25,0.7758294939994812,-0.0074421635983635825,0.000375,101304.58677449045,-0.018345142319301955
Fixed_25pct,2023-11-30,99408.84741012217,0.0,0.6690741181373596,0.006895803421860691,0.000375,101304.58677449045,-0.018713262890932114
Fixed_25pct,2023-12-01,99408.84741012217,0.0,0.6609100699424744,0.00022782704722112967,0.0,101304.58677449045,-0.018713262890932114
Fixed_25pct,2023-12-04,99507.06525714364,0.25,0.720117449760437,0.005452076684533402,0.000375,101304.58677449045,-0.017743732782289467
Fixed_25pct,2023-12-05,99469.75010767221,0.0,0.6749309301376343,0.02052893815698864,0.000375,101304.58677449045,-0.018112078882496108
Fixed_25pct,2023-12-06,99469.75010767221,0.0,0.1137611120939254,0.0029965329471628444,0.0,101304.58677449045,-0.018112078882496108
Fixed_25pct,2023-12-07,99469.75010767221,0.0,0.1169709861278534,0.003264280933608754,0.0,101304.58677449045,-0.018112078882496108
Fixed_25pct,2023-12-08,99469.75010767221,0.0,0.1403062790632248,0.004466857305534866,0.0,101304.58677449045,-0.018112078882496108
Fixed_25pct,2023-12-11,99469.75010767221,0.0,0.4163255393505096,0.008015645802870841,0.0,101304.58677449045,-0.018112078882496108
Fixed_25pct,2023-12-12,99469.75010767221,0.0,0.3552113175392151,-0.021391042384236836,0.0,101304.58677449045,-0.018112078882496108
Fixed_25pct,2023-12-13,99469.75010767221,0.0,0.1479827016592025,0.020508953589197576,0.0,101304.58677449045,-0.018112078882496108
Fixed_25pct,2023-12-14,99469.75010767221,0.0,0.2794911861419678,0.052832503919830964,0.0,101304.58677449045,-0.018112078882496108
Fixed_25pct,2023-12-15,99420.8554259276,0.25,0.7482826113700867,-0.0004662131126974556,0.000375,101304.58677449045,-0.018594729108921237
Fixed_25pct,2023-12-18,99383.57260514288,0.0,0.5569281578063965,-0.01114220577944991,0.000375,101304.58677449045,-0.01896275608550535
Fixed_25pct,2023-12-19,99383.57260514288,0.0,0.4205552041530609,-0.009472748494912864,0.0,101304.58677449045,-0.01896275608550535
Fixed_25pct,2023-12-20,99383.57260514288,0.0,0.3764108419418335,0.0019708604583648093,0.0,101304.58677449045,-0.01896275608550535
Fixed_25pct,2023-12-21,99383.57260514288,0.0,0.3764108419418335,0.009636963696369572,0.0,101304.58677449045,-0.01896275608550535
Fixed_25pct,2023-12-22,99383.57260514288,0.0,0.440430611371994,-0.0074398407876241635,0.0,101304.58677449045,-0.01896275608550535
Fixed_25pct,2023-12-26,99383.57260514288,0.0,0.3623464107513428,0.004123223812733556,0.0,101304.58677449045,-0.01896275608550535
Fixed_25pct,2023-12-27,99383.57260514288,0.0,0.3616976737976074,-0.0029649582737453217,0.0,101304.58677449045,-0.01896275608550535
Fixed_25pct,2023-12-28,99383.57260514288,0.0,0.2222419083118438,-0.0017105713747856965,0.0,101304.58677449045,-0.01896275608550535
Fixed_25pct,2023-12-29,99383.57260514288,0.0,0.2222419083118438,0.004666050447664105,0.0,101304.58677449045,-0.01896275608550535
Fixed_25pct,2024-01-01,99383.57260514288,0.0,0.2194124460220337,-0.007320759300321944,0.0,101304.58677449045,-0.01896275608550535
Fixed_25pct,2024-01-02,99383.57260514288,0.0,0.2222419083118438,-0.02417264547266329,0.0,101304.58677449045,-0.01896275608550535
Fixed_25pct,2024-01-03,99383.57260514288,0.0,0.2260116785764694,-0.006758299227161868,0.0,101304.58677449045,-0.01896275608550535
Fixed_25pct,2024-01-04,99383.57260514288,0.0,0.2298665940761566,0.01939016378554581,0.0,101304.58677449045,-0.01896275608550535
Fixed_25pct,2024-01-05,99383.57260514288,0.0,0.2483001500368118,-0.01594474305699156,0.0,101304.58677449045,-0.01896275608550535
Fixed_25pct,2024-01-08,99383.57260514288,0.0,0.25412318110466,0.003153590887540636,0.0,101304.58677449045,-0.01896275608550535
Fixed_25pct,2024-01-09,99383.57260514288,0.0,0.2573987543582916,0.0062739226258334835,0.0,101304.58677449045,-0.01896275608550535
Fixed_25pct,2024-01-10,99383.57260514288,0.0,0.2590965628623962,0.006059708246351603,0.0,101304.58677449045,-0.01896275608550535
Fixed_25pct,2024-01-11,99383.57260514288,0.0,0.2498334795236587,0.03941855900075386,0.0,101304.58677449045,-0.01896275608550535
Fixed_25pct,2024-01-12,99383.57260514288,0.0,0.4356746077537536,0.005408468047778614,0.0,101304.58677449045,-0.01896275608550535
Fixed_25pct,2024-01-15,99383.57260514288,0.0,0.4284645020961761,-0.010886828082487976,0.0,101304.58677449045,-0.01896275608550535
Fixed_25pct,2024-01-16,99383.57260514288,0.0,0.3039643764495849,0.0060342497432170905,0.0,101304.58677449045,-0.01896275608550535
Fixed_25pct,2024-01-17,99383.57260514288,0.0,0.3212807774543762,0.004633681601063699,0.0,101304.58677449045,-0.01896275608550535
Fixed_25pct,2024-01-18,99383.57260514288,0.0,0.3212807774543762,0.010364872177440754,0.0,101304.58677449045,-0.01896275608550535
Fixed_25pct,2024-01-19,99383.57260514288,0.0,0.4407603442668915,-0.021506206560408136,0.0,101304.58677449045,-0.01896275608550535
Fixed_25pct,2024-01-23,99383.57260514288,0.0,0.2206538915634155,-0.004263578350774289,0.0,101304.58677449045,-0.01896275608550535
Fixed_25pct,2024-01-24,99383.57260514288,0.0,0.2051985710859298,-0.008199281482545784,0.0,101304.58677449045,-0.01896275608550535
Fixed_25pct,2024-01-25,99383.57260514288,0.0,0.2035199105739593,-0.0024407654801320566,0.0,101304.58677449045,-0.01896275608550535
Fixed_25pct,2024-01-29,99383.57260514288,0.0,0.2092953324317932,-0.00011837705126938047,0.0,101304.58677449045,-0.01896275608550535
Fixed_25pct,2024-01-30,99383.57260514288,0.0,0.1914024800062179,0.004052019351382663,0.0,101304.58677449045,-0.01896275608550535
Fixed_25pct,2024-01-31,99383.57260514288,0.0,0.1914024800062179,0.01001060067890669,0.0,101304.58677449045,-0.01896275608550535
Fixed_25pct,2024-02-01,99383.57260514288,0.0,0.2071347534656524,0.0290985429539663,0.0,101304.58677449045,-0.01896275608550535
Fixed_25pct,2024-02-02,99383.57260514288,0.0,0.4180828034877777,0.0017648689997793454,0.0,101304.58677449045,-0.01896275608550535
Fixed_25pct,2024-02-05,99383.57260514288,0.0,0.3742114305496216,0.04094831731116333,0.0,101304.58677449045,-0.01896275608550535
Fixed_25pct,2024-02-06,99383.57260514288,0.0,0.4546887874603271,-0.012717625158667811,0.0,101304.58677449045,-0.01896275608550535
Fixed_25pct,2024-02-07,99383.57260514288,0.0,0.3383278548717499,0.01241617194617639,0.0,101304.58677449045,-0.01896275608550535
Fixed_25pct,2024-02-08,99383.57260514288,0.0,0.4314286112785339,-9.673262240961211e-05,0.0,101304.58677449045,-0.01896275608550535
Fixed_25pct,2024-02-09,99383.57260514288,0.0,0.3872627913951874,-0.0031448821602354515,0.0,101304.58677449045,-0.01896275608550535
Fixed_25pct,2024-02-12,99383.57260514288,0.0,0.3427011668682098,0.00698905606388478,0.0,101304.58677449045,-0.01896275608550535
Fixed_25pct,2024-02-13,99383.57260514288,0.0,0.4546887874603271,-0.011905025266598424,0.0,101304.58677449045,-0.01896275608550535
Fixed_25pct,2024-02-14,99383.57260514288,0.0,0.3212807774543762,0.0007561029200291447,0.0,101304.58677449045,-0.01896275608550535
Fixed_25pct,2024-02-15,99383.57260514288,0.0,0.3212807774543762,0.006117081346329156,0.0,101304.58677449045,-0.01896275608550535
Fixed_25pct,2024-02-16,99383.57260514288,0.0,0.3624115288257599,-0.005934646503187868,0.0,101304.58677449045,-0.01896275608550535
Fixed_25pct,2024-02-19,99383.57260514288,0.0,0.3212807774543762,-0.01782491978780143,0.0,101304.58677449045,-0.01896275608550535
Fixed_25pct,2024-02-20,99383.57260514288,0.0,0.2139943093061447,-0.00971304958066066,0.0,101304.58677449045,-0.01896275608550535
Fixed_25pct,2024-02-21,99383.57260514288,0.0,0.2166910022497177,0.023950920119315988,0.0,101304.58677449045,-0.01896275608550535
Fixed_25pct,2024-02-22,99383.57260514288,0.0,0.2659252882003784,-0.008563528948084875,0.0,101304.58677449045,-0.01896275608550535
Fixed_25pct,2024-02-23,99383.57260514288,0.0,0.2139943093061447,-0.012598417511367144,0.0,101304.58677449045,-0.01896275608550535
Fixed_25pct,2024-02-26,99383.57260514288,0.0,0.2252772599458694,0.025830682509431657,0.0,101304.58677449045,-0.01896275608550535
Fixed_25pct,2024-02-27,99383.57260514288,0.0,0.2479310482740402,0.003545047586723138,0.0,101304.58677449045,-0.01896275608550535
Fixed_25pct,2024-02-28,99383.57260514288,0.0,0.3037738800048828,-0.00579033407186913,0.0,101304.58677449045,-0.01896275608550535
Fixed_25pct,2024-02-29,99383.57260514288,0.0,0.2111648470163345,-0.00018314570635991068,0.0,101304.58677449045,-0.01896275608550535
Fixed_25pct,2024-03-01,99383.57260514288,0.0,0.2136535197496414,-0.0033338982155406427,0.0,101304.58677449045,-0.01896275608550535
Fixed_25pct,2024-03-04,99383.57260514288,0.0,0.2299204766750335,-0.01681080558150938,0.0,101304.58677449045,-0.01896275608550535
Fixed_25pct,2024-03-05,99383.57260514288,0.0,0.2008787244558334,0.013010630318612604,0.0,101304.58677449045,-0.01896275608550535
Fixed_25pct,2024-03-06,99383.57260514288,0.0,0.2037343084812164,0.010899797823956892,0.0,101304.58677449045,-0.01896275608550535
Fixed_25pct,2024-03-07,99383.57260514288,0.0,0.2551262378692627,0.003346638678182412,0.0,101304.58677449045,-0.01896275608550535
Fixed_25pct,2024-03-11,99383.57260514288,0.0,0.3069292902946472,0.01695632362314181,0.0,101304.58677449045,-0.01896275608550535
Fixed_25pct,2024-03-12,99383.57260514288,0.0,0.4226202666759491,-0.010316655733794478,0.0,101304.58677449045,-0.01896275608550535
Fixed_25pct,2024-03-13,99383.57260514288,0.0,0.2479310482740402,0.01412390881085801,0.0,101304.58677449045,-0.01896275608550535
Fixed_25pct,2024-03-14,99383.57260514288,0.0,0.4301608502864837,0.0027687760417725027,0.0,101304.58677449045,-0.01896275608550535
Fixed_25pct,2024-03-15,99383.57260514288,0.0,0.4183034896850586,-0.015820347218107433,0.0,101304.58677449045,-0.01896275608550535
Fixed_25pct,2024-03-18,99383.57260514288,0.0,0.2263822257518768,-0.042191439174443124,0.0,101304.58677449045,-0.01896275608550535
Fixed_25pct,2024-03-19,99383.57260514288,0.0,0.3924726247787475,-0.0016091686334454014,0.0,101304.58677449045,-0.01896275608550535
Fixed_25pct,2024-03-20,99383.57260514288,0.0,0.3924726247787475,0.0005162680698436173,0.0,101304.58677449045,-0.01896275608550535
Fixed_25pct,2024-03-21,99383.57260514288,0.0,0.4181064367294311,-0.015618130001819552,0.0,101304.58677449045,-0.01896275608550535
Fixed_25pct,2024-03-22,99383.57260514288,0.0,0.4326481819152832,-0.00854020894877261,0.0,101304.58677449045,-0.01896275608550535
Fixed_25pct,2024-03-26,99383.57260514288,0.0,0.6045350432395935,-0.009439096752095422,0.0,101304.58677449045,-0.01896275608550535
Fixed_25pct,2024-03-27,99575.29912573604,0.25,0.711513876914978,0.009216628234121282,0.000375,101304.58677449045,-0.01707018116172665
Fixed_25pct,2024-03-28,99537.95838856389,0.0,0.64478600025177,0.010435196105137434,0.000375,101304.58677449045,-0.017438779843791052
Fixed_25pct,2024-04-01,99537.95838856389,0.0,0.4683361053466797,-0.00841257449974464,0.0,101304.58677449045,-0.017438779843791052
Fixed_25pct,2024-04-02,99537.95838856389,0.0,0.6368498802185059,0.01634996632207164,0.0,101304.58677449045,-0.017438779843791052
Fixed_25pct,2024-04-03,99537.95838856389,0.0,0.4386820495128631,0.014186912397659013,0.0,101304.58677449045,-0.017438779843791052
Fixed_25pct,2024-04-04,99537.95838856389,0.0,0.4909493625164032,-0.006007555900079287,0.0,101304.58677449045,-0.017438779843791052
Fixed_25pct,2024-04-05,99537.95838856389,0.0,0.4595701694488525,-0.001683722101369578,0.0,101304.58677449045,-0.017438779843791052
Fixed_25pct,2024-04-08,99537.95838856389,0.0,0.423918068408966,-0.006544914395142709,0.0,101304.58677449045,-0.017438779843791052
Fixed_25pct,2024-04-09,99537.95838856389,0.0,0.4303626120090484,0.009653964359818135,0.0,101304.58677449045,-0.017438779843791052
Fixed_25pct,2024-04-10,99537.95838856389,0.0,0.4211709201335907,0.004203631538657326,0.0,101304.58677449045,-0.017438779843791052
Fixed_25pct,2024-04-12,99537.95838856389,0.0,0.4717677533626556,-0.01504472250739397,0.0,101304.58677449045,-0.017438779843791052
Fixed_25pct,2024-04-15,99537.95838856389,0.0,0.4466467201709747,-0.017355095704650103,0.0,101304.58677449045,-0.017438779843791052
Fixed_25pct,2024-04-16,99537.95838856389,0.0,0.6795939207077026,-0.0027886925975930676,0.0,101304.58677449045,-0.017438779843791052
Fixed_25pct,2024-04-18,99269.95688911363,0.25,0.7219113707542419,-0.009269821032657943,0.000375,101304.58677449045,-0.020084281967469253
Fixed_25pct,2024-04-19,99519.02782990907,0.25,0.7219113707542419,0.010036105528832495,0.0,101304.58677449045,-0.017625647578585313
Fixed_25pct,2024-04-22,99584.04927958696,0.25,0.711513876914978,0.0026134278477480954,0.0,101304.58677449045,-0.016983806456202233
Fixed_25pct,2024-04-23,99546.70526110711,0.0,0.6721768379211426,-0.01126536322652505,0.000375,101304.58677449045,-0.01735243752878124
Fixed_25pct,2024-04-24,99646.76597946725,0.25,0.7219113707542419,0.005520654148128301,0.000375,101304.58677449045,-0.01636471602923173
Fixed_25pct,2024-04-25,99447.26386556236,0.25,0.7219113707542419,-0.00800837285360545,0.0,101304.58677449045,-0.018334045555731815
Fixed_25pct,2024-04-26,99765.08244722948,0.25,0.7219113707542419,0.012783401747352707,0.0,101304.58677449045,-0.015196787986391902
Fixed_25pct,2024-04-29,99445.76014030931,0.25,0.7436636090278625,-0.012802968697553041,0.0,101304.58677449045,-0.01834888916055688
Fixed_25pct,2024-04-30,99723.28990263013,0.25,0.7923908233642578,0.011163060624374888,0.0,101304.58677449045,-0.015609331444985552
Fixed_25pct,2024-05-02,99594.86937795667,0.25,0.7316038608551025,-0.005151074530286959,0.0,101304.58677449045,-0.016876998870147042
Fixed_25pct,2024-05-03,100097.91072108978,0.25,0.7769486904144287,0.020203504308001552,0.0,101304.58677449045,-0.011911366422991287
Fixed_25pct,2024-05-06,100060.37400456937,0.0,0.3915858268737793,0.014766427773869939,0.000375,101304.58677449045,-0.012281899660582685
Fixed_25pct,2024-05-07,100060.37400456937,0.0,0.3697722554206848,-0.0005026451763764372,0.0,101304.58677449045,-0.012281899660582685
Fixed_25pct,2024-05-08,100060.37400456937,0.0,0.301511138677597,-0.0042117703782177385,0.0,101304.58677449045,-0.012281899660582685
Fixed_25pct,2024-05-09,100060.37400456937,0.0,0.3406410813331604,-0.016741591244276988,0.0,101304.58677449045,-0.012281899660582685
Fixed_25pct,2024-05-10,100060.37400456937,0.0,0.3453083634376526,0.013842201349842709,0.0,101304.58677449045,-0.012281899660582685
Fixed_25pct,2024-05-13,100060.37400456937,0.0,0.339055985212326,-0.011804067348872627,0.0,101304.58677449045,-0.012281899660582685
Fixed_25pct,2024-05-14,100060.37400456937,0.0,0.2392671853303909,-0.005331705395381414,0.0,101304.58677449045,-0.012281899660582685
Fixed_25pct,2024-05-15,100060.37400456937,0.0,0.4329863488674164,0.005295858505643514,0.0,101304.58677449045,-0.012281899660582685
Fixed_25pct,2024-05-16,100060.37400456937,0.0,0.3674110770225525,-0.017136813943368523,0.0,101304.58677449045,-0.012281899660582685
Fixed_25pct,2024-05-17,100060.37400456937,0.0,0.5577951073646545,-0.0036253999974784623,0.0,101304.58677449045,-0.012281899660582685
Fixed_25pct,2024-05-21,100060.37400456937,0.0,0.65833580493927,0.0030888563370892186,0.0,101304.58677449045,-0.012281899660582685
Fixed_25pct,2024-05-22,100060.37400456937,0.0,0.6579462289810181,0.01603599978389214,0.0,101304.58677449045,-0.012281899660582685
Fixed_25pct,2024-05-23,100060.37400456937,0.0,0.3188414573669433,-0.011288176738639355,0.0,101304.58677449045,-0.012281899660582685
Fixed_25pct,2024-05-24,100060.37400456937,0.0,0.6009922027587891,-0.0006364336074490273,0.0,101304.58677449045,-0.012281899660582685
Fixed_25pct,2024-05-27,100060.37400456937,0.0,0.6740281581878662,-0.0018586050073752247,0.0,101304.58677449045,-0.012281899660582685
Fixed_25pct,2024-05-28,99786.70012015034,0.25,0.7135289907455444,-0.009440350249201646,0.000375,101304.58677449045,-0.014983395151880075
Fixed_25pct,2024-05-29,99343.66696274982,0.25,0.7335686087608337,-0.01775920666249453,0.0,101304.58677449045,-0.019356673514751566
Fixed_25pct,2024-05-30,98910.57802737986,0.25,0.7196359634399414,-0.017438008827773466,0.0,101304.58677449045,-0.02363179026078832
Fixed_25pct,2024-05-31,99125.4585058593,0.25,0.8457560539245605,0.008689888696028492,0.0,101304.58677449045,-0.02151065749354486
Fixed_25pct,2024-06-03,99206.77185968557,0.25,0.8628421425819397,0.003281229869780633,0.0,101304.58677449045,-0.02070799537907142
Fixed_25pct,2024-06-04,99169.56932023818,0.0,0.2884446680545807,0.008465666533479244,0.000375,101304.58677449045,-0.021075229880804347
Fixed_25pct,2024-06-05,99169.56932023818,0.0,0.2209851294755935,0.02240786671809558,0.0,101304.58677449045,-0.021075229880804347
Fixed_25pct,2024-06-06,99169.56932023818,0.0,0.3052290380001068,0.016590969728575766,0.0,101304.58677449045,-0.021075229880804347
Fixed_25pct,2024-06-07,99169.56932023818,0.0,0.2829272449016571,-0.009052504639766035,0.0,101304.58677449045,-0.021075229880804347
Fixed_25pct,2024-06-10,99169.56932023818,0.0,0.3222821354866028,-0.001710382667514887,0.0,101304.58677449045,-0.021075229880804347
Fixed_25pct,2024-06-11,99169.56932023818,0.0,0.3758260905742645,-0.005308843174906763,0.0,101304.58677449045,-0.021075229880804347
Fixed_25pct,2024-06-12,99169.56932023818,0.0,0.4066451489925384,0.012135764275216454,0.0,101304.58677449045,-0.021075229880804347
Fixed_25pct,2024-06-13,99169.56932023818,0.0,0.4400219321250915,-0.011887073650186819,0.0,101304.58677449045,-0.021075229880804347
Fixed_25pct,2024-06-14,99169.56932023818,0.0,0.4116044342517853,-0.004423207149149455,0.0,101304.58677449045,-0.021075229880804347
Fixed_25pct,2024-06-18,99169.56932023818,0.0,0.3943470120429992,-0.0035123970908672586,0.0,101304.58677449045,-0.021075229880804347
Fixed_25pct,2024-06-19,99169.56932023818,0.0,0.4451701939105987,-0.0038009183674321267,0.0,101304.58677449045,-0.021075229880804347
Fixed_25pct,2024-06-20,99169.56932023818,0.0,0.1704689264297485,0.006205030034985848,0.0,101304.58677449045,-0.021075229880804347
Fixed_25pct,2024-06-21,99169.56932023818,0.0,0.1675410717725753,0.0015876268000065696,0.0,101304.58677449045,-0.021075229880804347
Fixed_25pct,2024-06-24,99169.56932023818,0.0,0.1702487021684646,0.0056722652658729444,0.0,101304.58677449045,-0.021075229880804347
Fixed_25pct,2024-06-25,99169.56932023818,0.0,0.2115805596113205,0.004533117978798407,0.0,101304.58677449045,-0.021075229880804347
Fixed_25pct,2024-06-26,99169.56932023818,0.0,0.1747529655694961,0.020306755372853758,0.0,101304.58677449045,-0.021075229880804347
Fixed_25pct,2024-06-27,99169.56932023818,0.0,0.1585526466369629,-0.007625535565416008,0.0,101304.58677449045,-0.021075229880804347
Fixed_25pct,2024-06-28,99169.56932023818,0.0,0.120798535645008,0.01896700963855702,0.0,101304.58677449045,-0.021075229880804347
Fixed_25pct,2024-07-01,99169.56932023818,0.0,0.1676857769489288,0.009853690526623105,0.0,101304.58677449045,-0.021075229880804347
Fixed_25pct,2024-07-02,99169.56932023818,0.0,0.09813142567873,-0.012981008515812853,0.0,101304.58677449045,-0.021075229880804347
Fixed_25pct,2024-07-03,99169.56932023818,0.0,0.1081952154636383,0.01404702129042934,0.0,101304.58677449045,-0.021075229880804347
Fixed_25pct,2024-07-04,99169.56932023818,0.0,0.0982093587517738,-0.0022755573819274177,0.0,101304.58677449045,-0.021075229880804347
Fixed_25pct,2024-07-05,99169.56932023818,0.0,0.1049072816967964,-0.004636347133422869,0.0,101304.58677449045,-0.021075229880804347
Fixed_25pct,2024-07-08,99169.56932023818,0.0,0.1101596057415008,-0.001928265868483603,0.0,101304.58677449045,-0.021075229880804347
Fixed_25pct,2024-07-09,99169.56932023818,0.0,0.1074301674962043,-0.019156968424601684,0.0,101304.58677449045,-0.021075229880804347
Fixed_25pct,2024-07-10,99169.56932023818,0.0,0.067156933248043,0.0037220493436185276,0.0,101304.58677449045,-0.021075229880804347
Fixed_25pct,2024-07-11,99169.56932023818,0.0,0.0651871934533119,0.06632776394201523,0.0,101304.58677449045,-0.021075229880804347
Fixed_25pct,2024-07-12,99169.56932023818,0.0,0.2866563498973846,-0.003525376572724337,0.0,101304.58677449045,-0.021075229880804347
Fixed_25pct,2024-07-15,99169.56932023818,0.0,0.2609844505786896,0.0022186509562194257,0.0,101304.58677449045,-0.021075229880804347
Fixed_25pct,2024-07-16,99169.56932023818,0.0,0.2654161155223846,0.03281111487910082,0.0,101304.58677449045,-0.021075229880804347
Fixed_25pct,2024-07-18,99169.56932023818,0.0,0.2534982562065124,-0.003047097806510468,0.0,101304.58677449045,-0.021075229880804347
Fixed_25pct,2024-07-19,99169.56932023818,0.0,0.2295404523611068,-0.0034980022845625403,0.0,101304.58677449045,-0.021075229880804347
Fixed_25pct,2024-07-22,99169.56932023818,0.0,0.2242989689111709,0.003498664596623513,0.0,101304.58677449045,-0.021075229880804347
Fixed_25pct,2024-07-23,99169.56932023818,0.0,0.2242989689111709,0.0009064586226663618,0.0,101304.58677449045,-0.021075229880804347
Fixed_25pct,2024-07-24,99169.56932023818,0.0,0.2841377854347229,0.0037735849056603765,0.0,101304.58677449045,-0.021075229880804347
Fixed_25pct,2024-07-25,99169.56932023818,0.0,0.2812440991401672,0.015118588237420516,0.0,101304.58677449045,-0.021075229880804347
Fixed_25pct,2024-07-26,99169.56932023818,0.0,0.2386145740747451,-0.0015383387877369037,0.0,101304.58677449045,-0.021075229880804347
Fixed_25pct,2024-07-29,99169.56932023818,0.0,0.286546915769577,-0.003594987480068257,0.0,101304.58677449045,-0.021075229880804347
Fixed_25pct,2024-07-30,99169.56932023818,0.0,0.2715286314487457,0.00458153402420991,0.0,101304.58677449045,-0.021075229880804347
Fixed_25pct,2024-07-31,99169.56932023818,0.0,0.2840441465377807,0.002679375588799493,0.0,101304.58677449045,-0.021075229880804347
Fixed_25pct,2024-08-01,99169.56932023818,0.0,0.296279102563858,-0.0259376158003638,0.0,101304.58677449045,-0.021075229880804347
Fixed_25pct,2024-08-02,99169.56932023818,0.0,0.294759064912796,-0.029885246690317002,0.0,101304.58677449045,-0.021075229880804347
Fixed_25pct,2024-08-05,99169.56932023818,0.0,0.2707370817661285,0.003886930694977364,0.0,101304.58677449045,-0.021075229880804347
Fixed_25pct,2024-08-06,99169.56932023818,0.0,0.2707370817661285,0.007012370212504004,0.0,101304.58677449045,-0.021075229880804347
Fixed_25pct,2024-08-07,99169.56932023818,0.0,0.3227385282516479,-0.0066422381715501855,0.0,101304.58677449045,-0.021075229880804347
Fixed_25pct,2024-08-08,99169.56932023818,0.0,0.3355268836021423,0.013469029237078045,0.0,101304.58677449045,-0.021075229880804347
Fixed_25pct,2024-08-09,99169.56932023818,0.0,0.3270950615406036,-0.00782739524830034,0.0,101304.58677449045,-0.021075229880804347
Fixed_25pct,2024-08-12,99169.56932023818,0.0,0.3264108598232269,0.0003099145541252124,0.0,101304.58677449045,-0.021075229880804347
Fixed_25pct,2024-08-13,99169.56932023818,0.0,0.3388810753822326,0.023421722944744428,0.0,101304.58677449045,-0.021075229880804347
Fixed_25pct,2024-08-14,99169.56932023818,0.0,0.242540031671524,0.02812404509341704,0.0,101304.58677449045,-0.021075229880804347
Fixed_25pct,2024-08-16,99169.56932023818,0.0,0.2669140696525574,0.01674577927857701,0.0,101304.58677449045,-0.021075229880804347
Fixed_25pct,2024-08-19,99169.56932023818,0.0,0.2460161000490188,0.007416437569599088,0.0,101304.58677449045,-0.021075229880804347
Fixed_25pct,2024-08-20,99169.56932023818,0.0,0.2275067567825317,0.006234429847713496,0.0,101304.58677449045,-0.021075229880804347
Fixed_25pct,2024-08-21,99169.56932023818,0.0,0.2480917125940323,-0.010875535537734793,0.0,101304.58677449045,-0.021075229880804347
Fixed_25pct,2024-08-22,99169.56932023818,0.0,0.2242989689111709,-0.008462927067136805,0.0,101304.58677449045,-0.021075229880804347
Fixed_25pct,2024-08-23,99169.56932023818,0.0,0.2429498732089996,0.00863601196534658,0.0,101304.58677449045,-0.021075229880804347
Fixed_25pct,2024-08-26,99169.56932023818,0.0,0.2439489513635635,-0.0011772019098108544,0.0,101304.58677449045,-0.021075229880804347
Fixed_25pct,2024-08-27,99169.56932023818,0.0,0.244068294763565,0.0019790094920144607,0.0,101304.58677449045,-0.021075229880804347
Fixed_25pct,2024-08-28,99169.56932023818,0.0,0.2533520460128784,0.0012760622383751752,0.0,101304.58677449045,-0.021075229880804347
Fixed_25pct,2024-08-29,99169.56932023818,0.0,0.2592674493789673,0.009297884908128218,0.0,101304.58677449045,-0.021075229880804347
Fixed_25pct,2024-08-30,99169.56932023818,0.0,0.2506621479988098,-0.0071809377573428534,0.0,101304.58677449045,-0.021075229880804347
Fixed_25pct,2024-09-02,99169.56932023818,0.0,0.2566772103309631,-0.0019242670191843558,0.0,101304.58677449045,-0.021075229880804347
Fixed_25pct,2024-09-03,99169.56932023818,0.0,0.3106915652751922,-0.007335445375446947,0.0,101304.58677449045,-0.021075229880804347
Fixed_25pct,2024-09-04,99169.56932023818,0.0,0.327718049287796,-0.0007366868755930289,0.0,101304.58677449045,-0.021075229880804347
Fixed_25pct,2024-09-05,99169.56932023818,0.0,0.327718049287796,-0.004289635602426456,0.0,101304.58677449045,-0.021075229880804347
Fixed_25pct,2024-09-06,99169.56932023818,0.0,0.3231621384620666,-0.0016155708335671148,0.0,101304.58677449045,-0.021075229880804347
Fixed_25pct,2024-09-09,99169.56932023818,0.0,0.357803463935852,0.013102514979679958,0.0,101304.58677449045,-0.021075229880804347
Fixed_25pct,2024-09-10,99169.56932023818,0.0,0.3259206712245941,-0.006322304287540104,0.0,101304.58677449045,-0.021075229880804347
Fixed_25pct,2024-09-11,99169.56932023818,0.0,0.3258581459522247,0.008561531655298937,0.0,101304.58677449045,-0.021075229880804347
Fixed_25pct,2024-09-12,99169.56932023818,0.0,0.3316980302333832,0.0010846010429894637,0.0,101304.58677449045,-0.021075229880804347
Fixed_25pct,2024-09-13,99169.56932023818,0.0,0.3316980302333832,-0.002067416409665679,0.0,101304.58677449045,-0.021075229880804347
Fixed_25pct,2024-09-16,99169.56932023818,0.0,0.3296115696430206,-0.0016839522863235645,0.0,101304.58677449045,-0.021075229880804347
Fixed_25pct,2024-09-17,99169.56932023818,0.0,0.3421419560909271,-0.03539999854783016,0.0,101304.58677449045,-0.021075229880804347
Fixed_25pct,2024-09-18,99169.56932023818,0.0,0.236836165189743,-0.011504435218177012,0.0,101304.58677449045,-0.021075229880804347
Fixed_25pct,2024-09-19,99169.56932023818,0.0,0.1933979839086532,-0.0026186237109330213,0.0,101304.58677449045,-0.021075229880804347
Fixed_25pct,2024-09-20,99169.56932023818,0.0,0.1933979839086532,-0.003827371167942517,0.0,101304.58677449045,-0.021075229880804347
Fixed_25pct,2024-09-23,99169.56932023818,0.0,0.2365657389163971,0.0006559223819841975,0.0,101304.58677449045,-0.021075229880804347
Fixed_25pct,2024-09-24,99169.56932023818,0.0,0.2511974573135376,0.0008077623838798065,0.0,101304.58677449045,-0.021075229880804347
Fixed_25pct,2024-09-25,99169.56932023818,0.0,0.2854065299034118,0.004152289607579407,0.0,101304.58677449045,-0.021075229880804347
Fixed_25pct,2024-09-26,99169.56932023818,0.0,0.3754554092884063,0.003774069962143356,0.0,101304.58677449045,-0.021075229880804347
Fixed_25pct,2024-09-27,99169.56932023818,0.0,0.3710492253303528,-0.009330005219725934,0.0,101304.58677449045,-0.021075229880804347
Fixed_25pct,2024-09-30,99169.56932023818,0.0,0.3588312566280365,0.004544899225430443,0.0,101304.58677449045,-0.021075229880804347
Fixed_25pct,2024-10-01,99169.56932023818,0.0,0.384001225233078,-0.01286175134676193,0.0,101304.58677449045,-0.021075229880804347
Fixed_25pct,2024-10-03,99169.56932023818,0.0,0.6041865348815918,0.004606934026342158,0.0,101304.58677449045,-0.021075229880804347
Fixed_25pct,2024-10-04,99169.56932023818,0.0,0.58246910572052,0.00484451705714628,0.0,101304.58677449045,-0.021075229880804347
Fixed_25pct,2024-10-07,99169.56932023818,0.0,0.3540689051151275,-0.004587125035582451,0.0,101304.58677449045,-0.021075229880804347
Fixed_25pct,2024-10-08,99169.56932023818,0.0,0.58246910572052,-7.048837653556017e-05,0.0,101304.58677449045,-0.021075229880804347
Fixed_25pct,2024-10-09,99169.56932023818,0.0,0.2640060484409332,-0.006007663338477576,0.0,101304.58677449045,-0.021075229880804347
Fixed_25pct,2024-10-10,99169.56932023818,0.0,0.4729017913341522,-0.01849829891605348,0.0,101304.58677449045,-0.021075229880804347
Fixed_25pct,2024-10-11,99057.3899449669,0.25,0.7608885765075684,-0.003024749922389547,0.000375,101304.58677449045,-0.022182577325209785
Fixed_25pct,2024-10-14,98938.55593009977,0.25,0.7580382823944092,-0.004798592611137686,0.0,101304.58677449045,-0.02335561419008203
Fixed_25pct,2024-10-15,98807.27720289164,0.25,0.7607991695404053,-0.0053074850739028845,0.0,101304.58677449045,-0.024651495565131354
Fixed_25pct,2024-10-16,98892.03080707656,0.25,0.7894052863121033,0.0034310672891384453,0.0,101304.58677449045,-0.023814873977862194
Fixed_25pct,2024-10-17,98976.56559157338,0.25,0.7607991695404053,0.0034192759035045484,0.0,101304.58677449045,-0.022980412408170392
Fixed_25pct,2024-10-18,98717.30613321962,0.25,0.7467433214187622,-0.010477609798003495,0.0,101304.58677449045,-0.025539619909118794
Fixed_25pct,2024-10-21,98328.04745103887,0.25,0.7944980263710022,-0.015772662258649484,0.0,101304.58677449045,-0.02938207852402097
Fixed_25pct,2024-10-22,98638.72784004026,0.25,0.8129313588142395,0.012638525712862725,0.0,101304.58677449045,-0.02631528363453617
Fixed_25pct,2024-10-23,98527.4440842116,0.25,0.7620764970779419,-0.0045127814709499114,0.0,101304.58677449045,-0.027413790221176515
Fixed_25pct,2024-10-24,98586.16615559936,0.25,0.7775447964668274,0.0023839884179912563,0.0,101304.58677449045,-0.026834131656273796
Fixed_25pct,2024-10-25,98788.43871584217,0.25,0.7742302417755127,0.008206934831954227,0.0,101304.58677449045,-0.024837454440728934
Fixed_25pct,2024-10-28,98694.25845657538,0.25,0.7284544706344604,-0.003813412196449706,0.0,101304.58677449045,-0.02576712862691799
Fixed_25pct,2024-10-29,98751.17008110028,0.25,0.7427082061767578,0.0023065829933746063,0.0,101304.58677449045,-0.025205341383744195
Fixed_25pct,2024-10-30,98048.85278243748,0.25,0.7393041253089905,-0.028447958564380316,0.0,101304.58677449045,-0.0321380708980179
Fixed_25pct,2024-10-31,98146.13695196992,0.25,0.9053999185562134,0.003968803989917724,0.0,101304.58677449045,-0.03117775732654049
Fixed_25pct,2024-11-01,98022.65953728846,0.25,0.9119563698768616,-0.005032390209790516,0.0,101304.58677449045,-0.03239663021880479
Fixed_25pct,2024-11-04,98067.1698554592,0.25,0.8962885141372681,0.001816327709565968,0.0,101304.58677449045,-0.03195725901570401
Fixed_25pct,2024-11-05,99106.15440272124,0.25,0.8987098336219788,0.04237848604353078,0.0,101304.58677449045,-0.0217012125686179
Fixed_25pct,2024-11-06,99068.98959482022,0.0,0.6782045960426331,0.002717621119030067,0.000375,101304.58677449045,-0.022068074613904698
Fixed_25pct,2024-11-07,99008.56910786756,0.25,0.7009809613227844,-0.0009395317727483032,0.000375,101304.58677449045,-0.022664498614795803
Fixed_25pct,2024-11-08,99317.15135771612,0.25,0.7009809613227844,0.012466890598625602,0.0,101304.58677449045,-0.019618414921315108
Fixed_25pct,2024-11-11,99279.90742595698,0.0,0.5726436972618103,-0.0003096894058313149,0.000375,101304.58677449045,-0.019986058015719732
Fixed_25pct,2024-11-12,99279.90742595698,0.0,0.5741950869560242,-0.01120927378428449,0.0,101304.58677449045,-0.019986058015719732
Fixed_25pct,2024-11-13,99279.90742595698,0.0,0.593315601348877,-0.0010722457642822203,0.0,101304.58677449045,-0.019986058015719732
Fixed_25pct,2024-11-14,99279.90742595698,0.0,0.6569667458534241,-0.030487929115773804,0.0,101304.58677449045,-0.019986058015719732
Fixed_25pct,2024-11-18,99366.48433911124,0.25,0.7046766877174377,0.004988194757588049,0.000375,101304.58677449045,-0.019131438142021562
Fixed_25pct,2024-11-19,99329.22190748407,0.0,0.6871570348739624,0.008243504456092898,0.000375,101304.58677449045,-0.019499263852718274
Fixed_25pct,2024-11-21,99329.22190748407,0.0,0.6869116425514221,0.0421694871851126,0.0,101304.58677449045,-0.019499263852718274
Fixed_25pct,2024-11-22,99329.22190748407,0.0,0.5649750232696533,0.01660933854261759,0.0,101304.58677449045,-0.019499263852718274
Fixed_25pct,2024-11-25,99329.22190748407,0.0,0.4009934365749359,0.008713609604716455,0.0,101304.58677449045,-0.019499263852718274
Fixed_25pct,2024-11-26,99329.22190748407,0.0,0.3805783689022064,-0.004629400078300927,0.0,101304.58677449045,-0.019499263852718274
Fixed_25pct,2024-11-27,99329.22190748407,0.0,0.3841496407985687,-0.02023055851520028,0.0,101304.58677449045,-0.019499263852718274
Fixed_25pct,2024-11-28,99329.22190748407,0.0,0.2898951768875122,0.006113264366533588,0.0,101304.58677449045,-0.019499263852718274
Fixed_25pct,2024-11-29,99329.22190748407,0.0,0.4073731303215027,0.0013579977182254233,0.0,101304.58677449045,-0.019499263852718274
Fixed_25pct,2024-12-02,99329.22190748407,0.0,0.3055686056613922,0.006102930623791858,0.0,101304.58677449045,-0.019499263852718274
Fixed_25pct,2024-12-03,99329.22190748407,0.0,0.3819903135299682,0.012003928265353458,0.0,101304.58677449045,-0.019499263852718274
Fixed_25pct,2024-12-04,99329.22190748407,0.0,0.4721872210502624,0.02518140382208145,0.0,101304.58677449045,-0.019499263852718274
Fixed_25pct,2024-12-05,99329.22190748407,0.0,0.436297208070755,-0.00415537583564185,0.0,101304.58677449045,-0.019499263852718274
Fixed_25pct,2024-12-06,99329.22190748407,0.0,0.3573099076747894,0.0014958727575637987,0.0,101304.58677449045,-0.019499263852718274
Fixed_25pct,2024-12-09,99329.22190748407,0.0,0.4462079703807831,-0.004402389426719888,0.0,101304.58677449045,-0.019499263852718274
Fixed_25pct,2024-12-10,99329.22190748407,0.0,0.3232079446315765,-0.0011504911619057978,0.0,101304.58677449045,-0.019499263852718274
Fixed_25pct,2024-12-11,99329.22190748407,0.0,0.3232079446315765,0.006211249994209966,0.0,101304.58677449045,-0.019499263852718274
Fixed_25pct,2024-12-12,99329.22190748407,0.0,0.4023072421550751,0.004253629378660362,0.0,101304.58677449045,-0.019499263852718274
Fixed_25pct,2024-12-13,99329.22190748407,0.0,0.4300086498260498,-0.013120478399728852,0.0,101304.58677449045,-0.019499263852718274
Fixed_25pct,2024-12-16,99329.22190748407,0.0,0.3563823699951172,-0.019636752916560196,0.0,101304.58677449045,-0.019499263852718274
Fixed_25pct,2024-12-17,99329.22190748407,0.0,0.415903240442276,0.004470393359420122,0.0,101304.58677449045,-0.019499263852718274
Fixed_25pct,2024-12-18,99329.22190748407,0.0,0.3719558715820312,-0.017468448453050733,0.0,101304.58677449045,-0.019499263852718274
Fixed_25pct,2024-12-19,99329.22190748407,0.0,0.3065764605998993,-0.023783351665264352,0.0,101304.58677449045,-0.019499263852718274
Fixed_25pct,2024-12-20,99329.22190748407,0.0,0.568117082118988,-0.0028774909627629075,0.0,101304.58677449045,-0.019499263852718274
Fixed_25pct,2024-12-23,99329.22190748407,0.0,0.5576220750808716,0.005098284469196246,0.0,101304.58677449045,-0.019499263852718274
Fixed_25pct,2024-12-24,99329.22190748407,0.0,0.5937625169754028,-0.002488312559815742,0.0,101304.58677449045,-0.019499263852718274
Fixed_25pct,2024-12-26,99329.22190748407,0.0,0.5832534432411194,-0.001019404643795685,0.0,101304.58677449045,-0.019499263852718274
Fixed_25pct,2024-12-27,99329.22190748407,0.0,0.5656948685646057,-0.0014527036572468122,0.0,101304.58677449045,-0.019499263852718274
Fixed_25pct,2024-12-30,99329.22190748407,0.0,0.5315733551979065,-0.015388996553101442,0.0,101304.58677449045,-0.019499263852718274
Fixed_25pct,2024-12-31,99329.22190748407,0.0,0.6027769446372986,0.004310380549454651,0.0,101304.58677449045,-0.019499263852718274
Fixed_25pct,2025-01-01,99329.22190748407,0.0,0.3396520018577575,0.015392236180671759,0.0,101304.58677449045,-0.019499263852718274
Fixed_25pct,2025-01-02,99329.22190748407,0.0,0.4462629556655884,-0.018164424991019557,0.0,101304.58677449045,-0.019499263852718274
Fixed_25pct,2025-01-03,99329.22190748407,0.0,0.3802525699138641,-0.0011951273105348381,0.0,101304.58677449045,-0.019499263852718274
Fixed_25pct,2025-01-06,99329.22190748407,0.0,0.6027769446372986,-0.016288144364316248,0.0,101304.58677449045,-0.019499263852718274
Fixed_25pct,2025-01-07,99329.22190748407,0.0,0.589745819568634,0.01988428184214497,0.0,101304.58677449045,-0.019499263852718274
Fixed_25pct,2025-01-08,99329.22190748407,0.0,0.4721475541591644,-0.016928684242209058,0.0,101304.58677449045,-0.019499263852718274
Fixed_25pct,2025-01-09,99329.22190748407,0.0,0.5819497108459473,0.056154548746216726,0.0,101304.58677449045,-0.019499263852718274
Fixed_25pct,2025-01-10,99329.22190748407,0.0,0.5834248661994934,0.005966311323045259,0.0,101304.58677449045,-0.019499263852718274
Fixed_25pct,2025-01-13,99329.22190748407,0.0,0.5351479053497314,-0.013528067779275621,0.0,101304.58677449045,-0.019499263852718274
Fixed_25pct,2025-01-14,99329.22190748407,0.0,0.6169790029525757,0.003909779882680153,0.0,101304.58677449045,-0.019499263852718274
Fixed_25pct,2025-01-15,99329.22190748407,0.0,0.6325839757919312,-0.010189262983270164,0.0,101304.58677449045,-0.019499263852718274
Fixed_25pct,2025-01-16,99329.22190748407,0.0,0.6367969512939453,-0.01949456857749876,0.0,101304.58677449045,-0.019499263852718274
Fixed_25pct,2025-01-17,99329.22190748407,0.0,0.5152623057365417,-0.011274581883335744,0.0,101304.58677449045,-0.019499263852718274
Fixed_25pct,2025-01-20,99329.22190748407,0.0,0.6982356905937195,-0.010287397780558316,0.0,101304.58677449045,-0.019499263852718274
Fixed_25pct,2025-01-21,99329.22190748407,0.0,0.6746646165847778,0.029919347120975548,0.0,101304.58677449045,-0.019499263852718274
Fixed_25pct,2025-01-22,99329.22190748407,0.0,0.4914069771766662,-0.0026824573165066257,0.0,101304.58677449045,-0.019499263852718274
Fixed_25pct,2025-01-23,99329.22190748407,0.0,0.4914069771766662,0.0016644518734183489,0.0,101304.58677449045,-0.019499263852718274
Fixed_25pct,2025-01-24,99329.22190748407,0.0,0.4914069771766662,-0.021000203080592694,0.0,101304.58677449045,-0.019499263852718274
Fixed_25pct,2025-01-27,99329.22190748407,0.0,0.5639668703079224,-0.006112899674695416,0.0,101304.58677449045,-0.019499263852718274
Fixed_25pct,2025-01-28,99329.22190748407,0.0,0.5229705572128296,0.014726568606366897,0.0,101304.58677449045,-0.019499263852718274
Fixed_25pct,2025-01-29,99329.22190748407,0.0,0.592658281326294,6.09785872260904e-05,0.0,101304.58677449045,-0.019499263852718274
Fixed_25pct,2025-01-30,99329.22190748407,0.0,0.592658281326294,0.0030121823501096934,0.0,101304.58677449045,-0.019499263852718274
Fixed_25pct,2025-01-31,99329.22190748407,0.0,0.5554901361465454,-0.009544305255340224,0.0,101304.58677449045,-0.019499263852718274
Fixed_25pct,2025-02-01,99264.5388157971,0.25,0.7181596755981445,-0.0011047960688632674,0.000375,101304.58677449045,-0.020137764968476746
Fixed_25pct,2025-02-03,99498.75340099208,0.25,0.7153918743133545,0.009437996206463906,0.0,101304.58677449045,-0.017825780954205506
Fixed_25pct,2025-02-04,99461.44136846671,0.0,0.5213248133659363,-0.0038834949147794617,0.000375,101304.58677449045,-0.018194096286347716
Fixed_25pct,2025-02-05,99461.44136846671,0.0,0.6626167893409729,-0.0020410396853974833,0.0,101304.58677449045,-0.018194096286347716
Fixed_25pct,2025-02-06,99461.44136846671,0.0,0.6966712474822998,-0.013067196780662593,0.0,101304.58677449045,-0.018194096286347716
Fixed_25pct,2025-02-07,99461.44136846671,0.0,0.6849414706230164,0.0018737402618522747,0.0,101304.58677449045,-0.018194096286347716
Fixed_25pct,2025-02-10,99461.44136846671,0.0,0.6849414706230164,-0.018182019403644833,0.0,101304.58677449045,-0.018194096286347716
Fixed_25pct,2025-02-11,99461.44136846671,0.0,0.5199754238128662,-0.003380844525562865,0.0,101304.58677449045,-0.018194096286347716
Fixed_25pct,2025-02-12,99461.44136846671,0.0,0.5351260304450989,-0.010126197989667851,0.0,101304.58677449045,-0.018194096286347716
Fixed_25pct,2025-02-13,99581.21639990862,0.25,0.8337576985359192,0.006316943321711177,0.000375,101304.58677449045,-0.01701177043857005
Fixed_25pct,2025-02-14,99543.87344375865,0.0,0.5098326802253723,-0.007713152192081685,0.000375,101304.58677449045,-0.017380391024655606
Fixed_25pct,2025-02-17,99307.04851866441,0.25,0.8371390700340271,-0.008016403848924325,0.000375,101304.58677449045,-0.01971814228187585
Fixed_25pct,2025-02-18,98735.92879933486,0.25,0.9005553126335144,-0.02300419669494913,0.0,101304.58677449045,-0.02535579144973532
Fixed_25pct,2025-02-19,98705.26905608406,0.25,0.9314850568771362,-0.0012420906400999465,0.0,101304.58677449045,-0.02565844056195221
Fixed_25pct,2025-02-20,98748.36216820436,0.25,0.9293535351753236,0.0017463348221384845,0.0,101304.58677449045,-0.02523305891347638
Fixed_25pct,2025-02-21,98028.48567982778,0.25,0.9348692297935486,-0.02916003759739827,0.0,101304.58677449045,-0.03233911907617226
Fixed_25pct,2025-02-24,97721.44625550481,0.25,0.9287832975387572,-0.012528579716136412,0.0,101304.58677449045,-0.035369973197382554
Fixed_25pct,2025-02-25,97607.01991036597,0.25,0.9299870729446412,-0.0046837761626923324,0.0,101304.58677449045,-0.036499500978721455
Fixed_25pct,2025-02-27,96733.63460983068,0.25,0.9354568123817444,-0.03579190518621844,0.0,101304.58677449045,-0.04512088060568231
Fixed_25pct,2025-02-28,96801.67410904107,0.25,0.9313012957572936,0.0028134784549271874,0.0,101304.58677449045,-0.044449247648313484
Fixed_25pct,2025-03-03,97071.87244842065,0.25,0.9012481570243835,0.011165027541785166,0.0,101304.58677449045,-0.04178206003141849
Fixed_25pct,2025-03-04,97174.93427275759,0.25,0.9005647897720337,0.004246825439230939,0.0,101304.58677449045,-0.04076471395047199
Fixed_25pct,2025-03-05,97548.54736930807,0.25,0.8894710540771484,0.015378990450430008,0.0,101304.58677449045,-0.03707669637450406
Fixed_25pct,2025-03-06,97613.54985015102,0.25,0.8298525214195251,0.0026654412636961666,0.0,101304.58677449045,-0.036435042497689585
Fixed_25pct,2025-03-07,97467.92119527172,0.25,0.8402940034866333,-0.005967559016257673,0.0,101304.58677449045,-0.03787257518516274
Fixed_25pct,2025-03-10,97370.51264362498,0.25,0.8483890295028687,-0.003997563524580916,0.0,101304.58677449045,-0.03883411656002245
Fixed_25pct,2025-03-11,96900.04080625298,0.25,0.8764618635177612,-0.019327076528555698,0.0,101304.58677449045,-0.04347824820649271
Fixed_25pct,2025-03-12,96933.55106432081,0.25,0.8382480144500732,0.0013832918041736253,0.0,101304.58677449045,-0.04314746103155043
Fixed_25pct,2025-03-13,96841.40823276906,0.25,0.8172340989112854,-0.0038023091299156375,0.0,101304.58677449045,-0.044057023317776056
Fixed_25pct,2025-03-17,96841.40823276906,0.25,0.8106125593185425,0.0,0.0,101304.58677449045,-0.044057023317776056
Fixed_25pct,2025-03-18,97294.4391908796,0.25,0.8179736733436584,0.018712282953243786,0.0,101304.58677449045,-0.039585054451065194
Fixed_25pct,2025-03-20,97396.49572151889,0.25,0.8013614416122437,0.004195780621709444,0.0,101304.58677449045,-0.038577631846731575
Fixed_25pct,2025-03-21,97742.53114571079,0.25,0.7974686622619629,0.014211411678765717,0.0,101304.58677449045,-0.03516183957898167
Fixed_25pct,2025-03-24,97936.4570545451,0.25,0.7744424939155579,0.007936193448693007,0.0,101304.58677449045,-0.03324755400703616
Fixed_25pct,2025-03-25,97789.52926763418,0.25,0.7823407053947449,-0.006000943523169933,0.0,101304.58677449045,-0.03469791071435868
Fixed_25pct,2025-03-26,97893.07932406869,0.25,0.8817691206932068,0.004235629610245928,0.0,101304.58677449045,-0.033675745186306005
Fixed_25pct,2025-03-27,97591.1177729032,0.25,0.8777562975883484,-0.012338422828272133,0.0,101304.58677449045,-0.03665647449758258
Fixed_25pct,2025-03-28,97216.6426249313,0.25,0.88265460729599,-0.015348738963860464,0.0,101304.58677449045,-0.040353001573947944
Fixed_25pct,2025-04-01,97169.75576234849,0.25,0.9332331418991088,-0.0019291702044756942,0.0,101304.58677449045,-0.04081583217299256
Fixed_25pct,2025-04-02,96204.6245849576,0.25,0.9217604398727416,-0.039729694484417544,0.0,101304.58677449045,-0.050342855658506935
Fixed_25pct,2025-04-03,95471.38992830794,0.25,0.8700207471847534,-0.030486461947664245,0.0,101304.58677449045,-0.05758077725708044
Fixed_25pct,2025-04-04,95288.00917565225,0.25,0.84055495262146,-0.007683170960154806,0.0,101304.58677449045,-0.05939096925819798
Fixed_25pct,2025-04-07,95425.52494672261,0.25,0.8669483661651611,0.005772636967023459,0.0,101304.58677449045,-0.05803352064260381
Fixed_25pct,2025-04-08,95089.7349128232,0.25,0.7657562494277954,-0.014075480709668908,0.0,101304.58677449045,-0.06134817839494133
Fixed_25pct,2025-04-09,94979.16814758415,0.25,0.8892604112625122,-0.004651049467765067,0.0,101304.58677449045,-0.06243960740876453
Fixed_25pct,2025-04-11,95101.87799366258,0.25,0.921689748764038,0.005167863584055299,0.0,101304.58677449045,-0.06122831135608342
Fixed_25pct,2025-04-15,95289.26003606518,0.25,0.9234642386436462,0.007881318281226513,0.0,101304.58677449045,-0.05937862173818165
Fixed_25pct,2025-04-16,95471.90302226203,0.25,0.8622910380363464,0.007666886535910855,0.0,101304.58677449045,-0.05757571239308534
Fixed_25pct,2025-04-17,95636.14192838356,0.25,0.7736369371414185,0.006881140981686684,0.0,101304.58677449045,-0.05595447379618812
Fixed_25pct,2025-04-21,95600.27837516041,0.0,0.5356848835945129,-0.0021676887948012258,0.000375,101304.58677449045,-0.05630849086851453
Fixed_25pct,2025-04-22,96275.43154900194,0.25,0.7257519960403442,0.02974900451406781,0.000375,101304.58677449045,-0.04964390444317879
Fixed_25pct,2025-04-23,96239.32826217105,0.0,0.3339495956897735,-0.0033401413254467993,0.000375,101304.58677449045,-0.05000028797901268
Fixed_25pct,2025-04-24,96239.32826217105,0.0,0.3408219814300537,0.013640610598441683,0.0,101304.58677449045,-0.05000028797901268
Fixed_25pct,2025-04-25,96239.32826217105,0.0,0.3011215627193451,-0.0013051044083526309,0.0,101304.58677449045,-0.05000028797901268
Fixed_25pct,2025-04-28,96239.32826217105,0.0,0.3011215627193451,0.00842166400464639,0.0,101304.58677449045,-0.05000028797901268
Fixed_25pct,2025-04-29,96239.32826217105,0.0,0.3088956773281097,-0.005413980944024455,0.0,101304.58677449045,-0.05000028797901268
Fixed_25pct,2025-04-30,96239.32826217105,0.0,0.3119304180145263,-0.006572647158932465,0.0,101304.58677449045,-0.05000028797901268
Fixed_25pct,2025-05-02,96239.32826217105,0.0,0.3195918798446655,0.0067910372568129596,0.0,101304.58677449045,-0.05000028797901268
Fixed_25pct,2025-05-05,96239.32826217105,0.0,0.0899633169174194,0.0016501030863860233,0.0,101304.58677449045,-0.05000028797901268
Fixed_25pct,2025-05-06,96239.32826217105,0.0,0.0826934874057769,-0.004306330157153204,0.0,101304.58677449045,-0.05000028797901268
Fixed_25pct,2025-05-07,96239.32826217105,0.0,0.0829680934548378,0.0011029591535192118,0.0,101304.58677449045,-0.05000028797901268
Fixed_25pct,2025-05-08,96239.32826217105,0.0,0.081339031457901,-0.002493506265514034,0.0,101304.58677449045,-0.05000028797901268
Fixed_25pct,2025-05-09,96239.32826217105,0.0,0.0826145634055137,0.05235004242637875,0.0,101304.58677449045,-0.05000028797901268
Fixed_25pct,2025-05-12,96239.32826217105,0.0,0.2193900197744369,-0.029112779026294056,0.0,101304.58677449045,-0.05000028797901268
Fixed_25pct,2025-05-13,96239.32826217105,0.0,0.1284363120794296,0.00958746832770263,0.0,101304.58677449045,-0.05000028797901268
Fixed_25pct,2025-05-14,96239.32826217105,0.0,0.1629817634820938,0.008791938343948091,0.0,101304.58677449045,-0.05000028797901268
Fixed_25pct,2025-05-15,96239.32826217105,0.0,0.2577900290489197,-0.0051956350800332896,0.0,101304.58677449045,-0.05000028797901268
Fixed_25pct,2025-05-16,96239.32826217105,0.0,0.2359750717878341,-0.011933844219047196,0.0,101304.58677449045,-0.05000028797901268
Fixed_25pct,2025-05-19,96239.32826217105,0.0,0.1506282389163971,-0.005825849640654357,0.0,101304.58677449045,-0.05000028797901268
Fixed_25pct,2025-05-20,96239.32826217105,0.0,0.1483691036701202,0.007860960928497862,0.0,101304.58677449045,-0.05000028797901268
Fixed_25pct,2025-05-21,96239.32826217105,0.0,0.1527998149394989,-0.013840844106955186,0.0,101304.58677449045,-0.05000028797901268
Fixed_25pct,2025-05-22,96239.32826217105,0.0,0.1515970677137375,0.01081394813236991,0.0,101304.58677449045,-0.05000028797901268
Fixed_25pct,2025-05-23,96239.32826217105,0.0,0.1452295333147049,0.0064587579073398516,0.0,101304.58677449045,-0.05000028797901268
Fixed_25pct,2025-05-26,96239.32826217105,0.0,0.1492395401000976,-0.010912305182885995,0.0,101304.58677449045,-0.05000028797901268
Fixed_25pct,2025-05-27,96239.32826217105,0.0,0.1209469586610794,-0.00028582045158376257,0.0,101304.58677449045,-0.05000028797901268
Fixed_25pct,2025-05-28,96239.32826217105,0.0,0.1188810318708419,0.000114402747508624,0.0,101304.58677449045,-0.05000028797901268
Fixed_25pct,2025-05-29,96239.32826217105,0.0,0.1247487217187881,-0.009919726235321114,0.0,101304.58677449045,-0.05000028797901268
Fixed_25pct,2025-05-30,96239.32826217105,0.0,0.1277496218681335,-0.003926734971154144,0.0,101304.58677449045,-0.05000028797901268
Fixed_25pct,2025-06-02,96239.32826217105,0.0,0.1162265315651893,-0.012928313822536008,0.0,101304.58677449045,-0.05000028797901268
Fixed_25pct,2025-06-03,96239.32826217105,0.0,0.0950516462326049,-0.007136159161450162,0.0,101304.58677449045,-0.05000028797901268
Fixed_25pct,2025-06-04,96239.32826217105,0.0,0.0978474020957946,-0.0028985787720915424,0.0,101304.58677449045,-0.05000028797901268
Fixed_25pct,2025-06-05,96239.32826217105,0.0,0.1197066605091095,0.0038859283723828852,0.0,101304.58677449045,-0.05000028797901268
Fixed_25pct,2025-06-06,96239.32826217105,0.0,0.1163363680243492,0.011139989278358131,0.0,101304.58677449045,-0.05000028797901268
Fixed_25pct,2025-06-09,96239.32826217105,0.0,0.1302157342433929,0.011981647964605324,0.0,101304.58677449045,-0.05000028797901268
Fixed_25pct,2025-06-10,96239.32826217105,0.0,0.1550361812114715,0.0025989778087169846,0.0,101304.58677449045,-0.05000028797901268
Fixed_25pct,2025-06-11,96239.32826217105,0.0,0.1032899543642997,-0.010858593920413773,0.0,101304.58677449045,-0.05000028797901268
Fixed_25pct,2025-06-12,96239.32826217105,0.0,0.1089804843068122,0.003348669315563768,0.0,101304.58677449045,-0.05000028797901268
Fixed_25pct,2025-06-13,96239.32826217105,0.0,0.0992893651127815,0.014684998221926149,0.0,101304.58677449045,-0.05000028797901268
Fixed_25pct,2025-06-16,96239.32826217105,0.0,0.0993753224611282,0.005434316201313516,0.0,101304.58677449045,-0.05000028797901268
Fixed_25pct,2025-06-17,96239.32826217105,0.0,0.1051598191261291,-0.01817772184359545,0.0,101304.58677449045,-0.05000028797901268
Fixed_25pct,2025-06-18,96239.32826217105,0.0,0.0958040654659271,-0.007938779370406657,0.0,101304.58677449045,-0.05000028797901268
Fixed_25pct,2025-06-19,96239.32826217105,0.0,0.1013682037591934,0.003417041814215871,0.0,101304.58677449045,-0.05000028797901268
Fixed_25pct,2025-06-20,96239.32826217105,0.0,0.3934091031551361,-0.012253646742715452,0.0,101304.58677449045,-0.05000028797901268
Fixed_25pct,2025-06-23,96239.32826217105,0.0,0.3587758839130401,-0.0009430089640527495,0.0,101304.58677449045,-0.05000028797901268
Fixed_25pct,2025-06-24,96239.32826217105,0.0,0.3609920144081116,0.016045348056660913,0.0,101304.58677449045,-0.05000028797901268
Fixed_25pct,2025-06-25,96239.32826217105,0.0,0.4100512862205505,-0.0008708778325233757,0.0,101304.58677449045,-0.05000028797901268
Fixed_25pct,2025-06-26,96239.32826217105,0.0,0.4143960773944855,-0.0002033677616203322,0.0,101304.58677449045,-0.05000028797901268
Fixed_25pct,2025-06-27,96239.32826217105,0.0,0.4194229245185852,0.006073610691530007,0.0,101304.58677449045,-0.05000028797901268
Fixed_25pct,2025-06-30,96239.32826217105,0.0,0.428266316652298,-0.009329881232849502,0.0,101304.58677449045,-0.05000028797901268
Fixed_25pct,2025-07-01,96239.32826217105,0.0,0.4627661406993866,-0.0018660239772763099,0.0,101304.58677449045,-0.05000028797901268
Fixed_25pct,2025-07-02,96239.32826217105,0.0,0.4256802499294281,-0.0065726052870248575,0.0,101304.58677449045,-0.05000028797901268
Fixed_25pct,2025-07-03,96239.32826217105,0.0,0.4410309493541717,0.005586920644319315,0.0,101304.58677449045,-0.05000028797901268
Fixed_25pct,2025-07-04,96239.32826217105,0.0,0.4267217218875885,-0.0023685880871969767,0.0,101304.58677449045,-0.05000028797901268
Fixed_25pct,2025-07-07,96239.32826217105,0.0,0.4858576357364654,-0.0016120995628912116,0.0,101304.58677449045,-0.05000028797901268
Fixed_25pct,2025-07-08,96239.32826217105,0.0,0.4988323450088501,-0.0065762147451278175,0.0,101304.58677449045,-0.05000028797901268
Fixed_25pct,2025-07-09,96239.32826217105,0.0,0.5903850197792053,-0.0005319607548172067,0.0,101304.58677449045,-0.05000028797901268
Fixed_25pct,2025-07-10,96239.32826217105,0.0,0.5856637954711914,-0.0342992312241277,0.0,101304.58677449045,-0.05000028797901268
Fixed_25pct,2025-07-11,96239.32826217105,0.0,0.6179961562156677,-0.013257822666296715,0.0,101304.58677449045,-0.05000028797901268
Fixed_25pct,2025-07-14,96424.22507488306,0.25,0.7899230122566223,0.009184875447522334,0.000375,101304.58677449045,-0.048175130613496764
Fixed_25pct,2025-07-15,96388.06599047997,0.0,0.6237364411354065,-0.005903499333892337,0.000375,101304.58677449045,-0.048532064939516784
Fixed_25pct,2025-07-16,96388.06599047997,0.0,0.6595312356948853,-0.007392331125689822,0.0,101304.58677449045,-0.048532064939516784
Fixed_25pct,2025-07-17,96207.00160679914,0.25,0.8487604260444641,-0.006013975171935693,0.000375,101304.58677449045,-0.05031939154975107
Fixed_25pct,2025-07-18,95967.98491766359,0.25,0.855604350566864,-0.009937600596364726,0.0,101304.58677449045,-0.0526787781949738
Fixed_25pct,2025-07-21,95978.62145420122,0.25,0.9633575081825256,0.00044333687100950314,0.0,101304.58677449045,-0.052573782588394846
Fixed_25pct,2025-07-22,96126.70847949796,0.25,0.9082272052764891,0.0061716671089055986,0.0,101304.58677449045,-0.051111982782366394
Fixed_25pct,2025-07-23,95891.61443328578,0.25,0.9015192985534668,-0.009782673304051692,0.0,101304.58677449045,-0.05343264815100868
Fixed_25pct,2025-07-24,95798.70838072237,0.25,0.8990585207939148,-0.003875460982171175,0.0,101304.58677449045,-0.05434974436078077
Fixed_25pct,2025-07-25,95367.1895546469,0.25,0.8785457611083984,-0.018017730442065227,0.0,101304.58677449045,-0.05860936221042512
Fixed_25pct,2025-07-28,95186.78652977198,0.25,0.9403479695320128,-0.007566670496105821,0.0,101304.58677449045,-0.060390160401493254
Fixed_25pct,2025-07-29,95168.09878500049,0.25,0.9349173903465272,-0.0007853083585569465,0.0,101304.58677449045,-0.06057463126669793
Fixed_25pct,2025-07-30,95037.20175728433,0.25,0.9206264019012452,-0.005501718722441651,0.0,101304.58677449045,-0.06186674480157217
Fixed_25pct,2025-07-31,94772.75711092672,0.25,0.9206264019012452,-0.011130152886150046,0.0,101304.58677449045,-0.06447713644105724
Fixed_25pct,2025-08-01,95336.0909106743,0.25,0.9125279784202576,0.023776191256660084,0.0,101304.58677449045,-0.05891634380881827
Fixed_25pct,2025-08-04,95254.69055724281,0.25,0.9366900324821472,-0.0034153006549327847,0.0,101304.58677449045,-0.05971986471565249
Fixed_25pct,2025-08-05,95009.08574277232,0.25,0.941231369972229,-0.010313605053302366,0.0,101304.58677449045,-0.06214428420434959
Fixed_25pct,2025-08-06,95124.23174570853,0.25,0.941231369972229,0.004847789115577816,0.0,101304.58677449045,-0.06100765252159546
Fixed_25pct,2025-08-07,95041.50068679974,0.25,0.987498104572296,-0.0034788636876436074,0.0,101304.58677449045,-0.061824309116749854
Fixed_25pct,2025-08-08,95075.93262417351,0.25,0.9880080223083496,0.0014491327314885005,0.0,101304.58677449045,-0.06148442384136332
Fixed_25pct,2025-08-11,95033.72136767319,0.25,0.9852622151374816,-0.0017758966053871283,0.0,101304.58677449045,-0.061901100497814054
Fixed_25pct,2025-08-12,95039.9834435,0.25,0.9842133522033693,0.00026357279233857334,0.0,101304.58677449045,-0.06183928616120615
Fixed_25pct,2025-08-13,94931.20878192785,0.25,0.9842133522033693,-0.0045780589444990305,0.0,101304.58677449045,-0.06291302492304807
Fixed_25pct,2025-08-14,94844.04456336243,0.25,0.9842133522033693,-0.003672731852204403,0.0,101304.58677449045,-0.06377344221846082
Fixed_25pct,2025-08-18,94883.41592947117,0.25,0.9858249425888062,0.001660467614597927,0.0,101304.58677449045,-0.0633847987486802
Fixed_25pct,2025-08-19,95531.45050095976,0.25,0.986070454120636,0.02731919230101454,0.0,101304.58677449045,-0.056987906049920545
Fixed_25pct,2025-08-20,95562.28102038472,0.25,0.9712477922439576,0.0012909055295731164,0.0,101304.58677449045,-0.05668357116828704
Fixed_25pct,2025-08-21,95188.05166084261,0.25,0.9708141684532166,-0.015664312552869153,0.0,101304.58677449045,-0.06037767201265609
Fixed_25pct,2025-08-22,95862.84656666589,0.25,0.9770167469978333,0.028356286069499026,0.0,101304.58677449045,-0.05371662213023165
Fixed_25pct,2025-08-25,95989.51895101252,0.25,0.9736238718032836,0.005285567407328662,0.0,101304.58677449045,-0.05246621098519033
Fixed_25pct,2025-08-26,95506.86544888583,0.25,0.971051812171936,-0.02011275845118088,0.0,101304.58677449045,-0.05723059054088708
Fixed_25pct,2025-08-28,95437.40478668471,0.25,0.9713123440742492,-0.0029091379713765964,0.0,101304.58677449045,-0.05791625211271445
Fixed_25pct,2025-08-29,95653.20515752997,0.25,0.9690134525299072,0.009044687303793042,0.0,101304.58677449045,-0.055786038884308
Fixed_25pct,2025-09-01,95644.75339184332,0.25,0.9727265238761902,-0.00035343366373286056,0.0,101304.58677449045,-0.05586946813421423
Fixed_25pct,2025-09-02,95537.1664926399,0.25,0.9643352627754213,-0.004499437570303688,0.0,101304.58677449045,-0.056931482230801134
Fixed_25pct,2025-09-03,95523.28662463445,0.25,0.9579710960388184,-0.0005811295651735326,0.0,101304.58677449045,-0.05706849348021614
Fixed_25pct,2025-09-04,95157.63470996426,0.25,0.9535793662071228,-0.015311529893524356,0.0,101304.58677449045,-0.06067792446762199
Fixed_25pct,2025-09-05,94928.97256231554,0.25,0.9670253992080688,-0.009611930701962534,0.0,101304.58677449045,-0.06293509914183237
Fixed_25pct,2025-09-08,95167.94502799016,0.25,0.9691795706748962,0.010069527109556109,0.0,101304.58677449045,-0.06057614903618125
Fixed_25pct,2025-09-09,95640.7582820019,0.25,0.9670253992080688,0.019872794515954917,0.0,101304.58677449045,-0.05590890474778343
Fixed_25pct,2025-09-10,95749.92983325958,0.25,0.9643352627754213,0.0045659006983520545,0.0,101304.58677449045,-0.05483124820000351
Fixed_25pct,2025-09-11,95820.41945403803,0.25,0.9641016721725464,0.0029447382740097616,0.0,101304.58677449045,-0.05413542955029749
Fixed_25pct,2025-09-12,95656.05015212408,0.25,0.9628449082374572,-0.006861556350952314,0.0,101304.58677449045,-0.055757955312925045
Fixed_25pct,2025-09-15,95915.79333693958,0.25,0.9638316035270692,0.010861547571844543,0.0,101304.58677449045,-0.053193972840999026
Fixed_25pct,2025-09-16,96122.37115797742,0.25,0.956531822681427,0.008614965850813006,0.0,101304.58677449045,-0.05115479744316931
Fixed_25pct,2025-09-17,96151.90877891135,0.25,0.937637746334076,0.0012291673864510688,0.0,101304.58677449045,-0.05086322504872598
Fixed_25pct,2025-09-18,96095.15654176853,0.25,0.9417906999588012,-0.0023609406350239004,0.0,101304.58677449045,-0.05142343894377055
Fixed_25pct,2025-09-19,95371.98754872328,0.25,0.942858338356018,-0.030102203651894532,0.0,101304.58677449045,-0.05856200014885271
Fixed_25pct,2025-09-22,95283.55835592527,0.25,0.9547319412231444,-0.0037088119927388696,0.0,101304.58677449045,-0.05943490428491971
Fixed_25pct,2025-09-23,95073.53875057907,0.25,0.9566178917884828,-0.008816614701213976,0.0,101304.58677449045,-0.06150805429750217
Fixed_25pct,2025-09-24,94462.76782573164,0.25,0.9583116769790648,-0.025696778846099666,0.0,101304.58677449045,-0.06753710929189294
Fixed_25pct,2025-09-25,93997.22705543233,0.25,0.9579023718833924,-0.019713196257732046,0.0,101304.58677449045,-0.0721325652837882
Fixed_25pct,2025-09-26,93972.90988185542,0.25,0.9653401374816896,-0.0010348038698027029,0.0,101304.58677449045,-0.07237260548681523
Fixed_25pct,2025-09-29,93910.44572870342,0.25,0.962936282157898,-0.0026588153215876265,0.0,101304.58677449045,-0.07298920296912914
Fixed_25pct,2025-09-30,94120.15475162174,0.25,0.962936282157898,0.00893229805443152,0.0,101304.58677449045,-0.07091911878444013
Fixed_25pct,2025-10-01,94020.84083025799,0.25,0.962936282157898,-0.004220729199854278,0.0,101304.58677449045,-0.07189946848553341
Fixed_25pct,2025-10-03,94721.48549457334,0.25,0.962936282157898,0.029808057793494935,0.0,101304.58677449045,-0.06498324991514415
Fixed_25pct,2025-10-06,94605.00165228322,0.25,0.968123733997345,-0.004919004033009822,0.0,101304.58677449045,-0.06613308770629389
Fixed_25pct,2025-10-07,95030.51260425423,0.25,0.9727320671081544,0.01799105521016564,0.0,101304.58677449045,-0.06193277491178817
Fixed_25pct,2025-10-08,95301.27046116235,0.25,0.9827795028686525,0.011396670374100859,0.0,101304.58677449045,-0.05926006417351881
Fixed_25pct,2025-10-09,95041.36149086793,0.25,0.9763903617858888,-0.010908940417550084,0.0,101304.58677449045,-0.061825683150604105
Fixed_25pct,2025-10-10,94875.8080469798,0.25,0.977544903755188,-0.006967637722825826,0.0,101304.58677449045,-0.06345989784077066
Fixed_25pct,2025-10-13,94505.89033245822,0.25,0.9746813774108888,-0.01559587094482151,0.0,101304.58677449045,-0.06711143748275195
Fixed_25pct,2025-10-14,94581.71085262083,0.25,0.9604268074035645,0.003209134156438198,0.0,101304.58677449045,-0.06636299634522091
Fixed_25pct,2025-10-15,94588.87583863612,0.25,0.9647738337516784,0.00030301782239683384,0.0,101304.58677449045,-0.0662922691822817
Fixed_25pct,2025-10-16,94521.21455864793,0.25,0.9654051661491394,-0.002861278533581646,0.0,101304.58677449045,-0.0669601686539888
Fixed_25pct,2025-10-17,94944.01049192267,0.25,0.9611329436302184,0.017892107512537336,0.0,101304.58677449045,-0.06278665641000813
Fixed_25pct,2025-10-20,94877.09750918104,0.25,0.9703359007835388,-0.00281905019157902,0.0,101304.58677449045,-0.06344716927395755
Fixed_25pct,2025-10-21,95401.70314715811,0.25,0.9728695750236512,0.02211727178632561,0.0,101304.58677449045,-0.05826867089910237
Fixed_25pct,2025-10-23,95324.09535669301,0.25,0.9475018382072448,-0.003253937315789268,0.0,101304.58677449045,-0.0590347545774047
Fixed_25pct,2025-10-24,95492.91621786077,0.25,0.9506400227546692,0.007084079236673091,0.0,101304.58677449045,-0.05736828648802239
Fixed_25pct,2025-10-27,95283.97031852028,0.25,0.9327623844146729,-0.008752309914330403,0.0,101304.58677449045,-0.0594308377109557
Fixed_25pct,2025-10-28,95281.63484467733,0.25,0.9506400227546692,-9.804267538982003e-05,0.0,101304.58677449045,-0.05945389169022075
Fixed_25pct,2025-10-29,95107.90503685447,0.25,0.9506400227546692,-0.007293317672647515,0.0,101304.58677449045,-0.06116881707863964
Fixed_25pct,2025-10-30,95285.72475530615,0.25,0.9624971151351928,0.0074786514699392015,0.0,101304.58677449045,-0.059413519277094706
Fixed_25pct,2025-10-31,94964.78237406879,0.25,0.9663246273994446,-0.013472842109834904,0.0,101304.58677449045,-0.06258161256345096
Fixed_25pct,2025-11-03,94755.448606155,0.25,0.9699298739433287,-0.008817322071637768,0.0,101304.58677449045,-0.06464799252292686
Fixed_25pct,2025-11-04,94919.43706775,0.25,0.966317057609558,0.006922597655639295,0.0,101304.58677449045,-0.06302922611938733
Fixed_25pct,2025-11-06,94768.9050505308,0.25,0.963252067565918,-0.006343569741643407,0.0,101304.58677449045,-0.0645151609818857
Fixed_25pct,2025-11-07,95033.40068211149,0.25,0.9678396582603456,0.011163815027288582,0.0,101304.58677449045,-0.061904266055977986
Fixed_25pct,2025-11-10,95204.60695017736,0.25,0.9661006927490234,0.0072061513883339146,0.0,101304.58677449045,-0.06021425108709033
Fixed_25pct,2025-11-11,95867.00892901208,0.25,0.9406864643096924,0.027830669126394758,0.0,101304.58677449045,-0.05367553453016616
Fixed_25pct,2025-11-12,95667.27249500857,0.25,0.8606312274932861,-0.008333896560866472,0.0,101304.58677449045,-0.055647177082226884
Fixed_25pct,2025-11-13,95669.58315391424,0.25,0.8599051833152771,9.661230409974131e-05,0.0,101304.58677449045,-0.05562436805670057
Fixed_25pct,2025-11-14,95640.3213149452,0.25,0.8599051833152771,-0.0012234542266983395,0.0,101304.58677449045,-0.05591321814632355
Fixed_25pct,2025-11-17,95523.93980627606,0.25,0.8599051833152771,-0.004867466234702578,0.0,101304.58677449045,-0.05706204577964891
Fixed_25pct,2025-11-18,95992.72414889345,0.25,0.9306931495666504,0.019630025460344758,0.0,101304.58677449045,-0.05243457176743138
Fixed_25pct,2025-11-19,95970.6151859951,0.25,0.8328841328620911,-0.0009212766110919812,0.0,101304.58677449045,-0.052652814234058876
Fixed_25pct,2025-11-20,96014.86555529531,0.25,0.9005966186523438,0.0018443299217978382,0.0,101304.58677449045,-0.052216009043799305
Fixed_25pct,2025-11-21,95943.24794492572,0.25,0.9034711718559264,-0.002983605088874297,0.0,101304.58677449045,-0.05292296232844185
Fixed_25pct,2025-11-24,95775.2586822555,0.25,0.91062593460083,-0.0070036929651016155,0.0,101304.58677449045,-0.05458122152497935
Fixed_25pct,2025-11-25,96110.71121763367,0.25,0.9159547090530396,0.014009987130019441,0.0,101304.58677449045,-0.051269895295250945
Fixed_25pct,2025-11-26,95910.91885845028,0.25,0.9081119894981384,-0.008315092320187456,0.0,101304.58677449045,-0.0532420898971413
Fixed_25pct,2025-11-27,95917.79815912496,0.25,0.9089021682739258,0.0002869037542982955,0.0,101304.58677449045,-0.05317418279743624
Fixed_25pct,2025-11-28,95886.46171773651,0.25,0.91062593460083,-0.001306804033864517,0.0,101304.58677449045,-0.05348351174675814
Fixed_25pct,2025-12-01,95904.0579032523,0.25,0.9055212140083312,0.0007340425415871543,0.0,101304.58677449045,-0.05330981590458517
Fixed_25pct,2025-12-02,96242.78247145769,0.25,0.9086408615112304,0.014127642796808226,0.0,101304.58677449045,-0.049966190714549
Fixed_25pct,2025-12-03,96615.04192100494,0.25,0.9030855298042296,0.015471682758451344,0.0,101304.58677449045,-0.04629153528778207
Fixed_25pct,2025-12-04,96682.36009504473,0.25,0.8852713108062744,0.0027870680466020037,0.0,101304.58677449045,-0.04562702269083885
Fixed_25pct,2025-12-05,96669.67131008538,0.25,0.8541183471679688,-0.0005249679443851685,0.0,101304.58677449045,-0.04575227649585745
Fixed_25pct,2025-12-08,96459.09815924763,0.25,0.9100547432899476,-0.008713100933686047,0.0,101304.58677449045,-0.047830890678515314
Fixed_25pct,2025-12-09,96315.53473261704,0.25,0.9096060395240784,-0.005953338953825882,0.0,101304.58677449045,-0.049248037040803605
Fixed_25pct,2025-12-10,96335.91972296358,0.25,0.9117956757545472,0.000846592002136104,0.0,101304.58677449045,-0.04904681228883945
Fixed_25pct,2025-12-11,96551.71727271273,0.25,0.911511480808258,0.008960211325940826,0.0,101304.58677449045,-0.04691662690809717
Fixed_25pct,2025-12-12,96624.41925556523,0.25,0.9147669672966005,0.003011939503764882,0.0,101304.58677449045,-0.046198969542648016
Fixed_25pct,2025-12-15,96436.7173480976,0.25,0.9173659682273864,-0.007770371461531034,0.0,101304.58677449045,-0.04805181661940927
Fixed_25pct,2025-12-16,96532.24803077366,0.25,0.915477454662323,0.0039624195141867435,0.0,101304.58677449045,-0.04710881210482887
Fixed_25pct,2025-12-17,97004.7394483303,0.25,0.912119209766388,0.019578593773389885,0.0,101304.58677449045,-0.04244474473531823
Fixed_25pct,2025-12-18,97013.60930850511,0.25,0.8625403046607971,0.00036574955925883224,0.0,101304.58677449045,-0.042357188382173616
Fixed_25pct,2025-12-19,97330.63203590835,0.25,0.8110222816467285,0.013071268233927569,0.0,101304.58677449045,-0.03922778686643624
Fixed_25pct,2025-12-22,97221.58988764937,0.25,0.7777234315872192,-0.004481308545032259,0.0,101304.58677449045,-0.040304166048572454
Fixed_25pct,2025-12-23,97185.1317914415,0.0,0.6881771087646484,0.002719033232628343,0.000375,101304.58677449045,-0.040664051986304295
Fixed_25pct,2025-12-24,97185.1317914415,0.0,0.6359147429466248,-0.011750527267249122,0.0,101304.58677449045,-0.040664051986304295
Fixed_25pct,2025-12-26,97185.1317914415,0.0,0.5904250741004944,-0.008689024390243882,0.0,101304.58677449045,-0.040664051986304295
Fixed_25pct,2025-12-29,97185.1317914415,0.0,0.6342337727546692,-0.0014454716813393498,0.0,101304.58677449045,-0.040664051986304295
Fixed_25pct,2025-12-30,97185.1317914415,0.0,0.6397947669029236,-0.012504649823109282,0.0,101304.58677449045,-0.040664051986304295
Fixed_25pct,2025-12-31,97185.1317914415,0.0,0.6781485676765442,0.006612173755453421,0.0,101304.58677449045,-0.040664051986304295
Fixed_25pct,2026-01-01,97185.1317914415,0.0,0.6353537440299988,0.007219448947496154,0.0,101304.58677449045,-0.040664051986304295
Fixed_25pct,2026-01-02,97185.1317914415,0.0,0.6343141794204712,-0.010643816419645846,0.0,101304.58677449045,-0.040664051986304295
Fixed_25pct,2026-01-05,97448.60379293912,0.25,0.7173580527305603,0.012344127970645768,0.000375,101304.58677449045,-0.03806326153952899
Fixed_25pct,2026-01-06,97746.41532397797,0.25,0.7044039964675903,0.012224352918248194,0.0,101304.58677449045,-0.0351234979955366
Fixed_25pct,2026-01-07,97709.76041823148,0.0,0.6318003535270691,-0.02782503719966356,0.000375,101304.58677449045,-0.03548532668378823
Fixed_25pct,2026-01-08,97702.85507927692,0.25,0.8231950402259827,0.0012173122142555837,0.000375,101304.58677449045,-0.03555349081311765
Fixed_25pct,2026-01-09,97944.99576096493,0.25,0.8598480820655823,0.009913351313696195,0.0,101304.58677449045,-0.03316326654590829
Fixed_25pct,2026-01-12,98159.65406992433,0.25,0.8318573236465454,0.008766483975690909,0.0,101304.58677449045,-0.0310443268631746
Fixed_25pct,2026-01-13,97592.71298345867,0.25,0.8175870180130005,-0.023102815177478586,0.0,101304.58677449045,-0.03664072782108696
Fixed_25pct,2026-01-14,97592.71298345867,0.25,0.827639102935791,0.0,0.0,101304.58677449045,-0.03664072782108696
Fixed_25pct,2026-01-15,97371.85003320937,0.25,0.8406797647476196,-0.009052436129600605,0.0,101304.58677449045,-0.03882091489140138
Fixed_25pct,2026-01-19,96900.16437626252,0.25,0.869513213634491,-0.019376674338055233,0.0,101304.58677449045,-0.043477028419576125
Fixed_25pct,2026-01-20,97058.68209193565,0.25,0.8401575088500977,0.006543547854371168,0.0,101304.58677449045,-0.041912264959990564
Fixed_25pct,2026-01-21,97274.70498319599,0.25,0.8438032865524292,0.008902774552644654,0.0,101304.58677449045,-0.03977985518331173
Fixed_25pct,2026-01-22,97368.1084769004,0.25,0.8300250172615051,0.00384081324001051,0.0,101304.58677449045,-0.03885784862192743
Fixed_25pct,2026-01-23,97333.4716003671,0.25,0.8224173784255981,-0.0014229249011857847,0.0,101304.58677449045,-0.039199756897121185
Fixed_25pct,2026-01-27,97657.86588944226,0.25,0.8477258086204529,0.013331253216038563,0.0,101304.58677449045,-0.035997589064412194
Fixed_25pct,2026-01-28,97232.91338500124,0.25,0.9137017726898192,-0.01740576657376902,0.0,101304.58677449045,-0.04019238929973601
Fixed_25pct,2026-01-29,97074.43523445599,0.25,0.8514362573623657,-0.00651952698024183,0.0,101304.58677449045,-0.04175676220318647
Fixed_25pct,2026-01-30,97429.46586833903,0.25,0.8841233253479004,0.014629212439941641,0.0,101304.58677449045,-0.03825217622946975
Fixed_25pct,2026-02-02,97857.50223920339,0.25,0.8755874633789062,0.01757317940930858,0.0,101304.58677449045,-0.034026934466061864
Fixed_25pct,2026-02-03,96141.74231817278,0.25,0.8813784718513489,-0.07013299468186285,0.0,101304.58677449045,-0.0509635804330405
Fixed_25pct,2026-02-04,96105.68916480347,0.0,0.5002995729446411,-0.002534126040737772,0.000375,101304.58677449045,-0.0513194690903781
Fixed_25pct,2026-02-05,96105.68916480347,0.0,0.4957831799983978,-0.01668056237464488,0.0,101304.58677449045,-0.0513194690903781
Fixed_25pct,2026-02-06,96105.68916480347,0.0,0.5736830234527588,0.0022436270385235435,0.0,101304.58677449045,-0.0513194690903781
Fixed_25pct,2026-02-09,96105.68916480347,0.0,0.5795756578445435,0.012346566409074944,0.0,101304.58677449045,-0.0513194690903781
Fixed_25pct,2026-02-10,96105.68916480347,0.0,0.6162283420562744,-0.02506200039558537,0.0,101304.58677449045,-0.0513194690903781
Fixed_25pct,2026-02-11,96105.68916480347,0.0,0.6090642809867859,-0.054883479446016126,0.0,101304.58677449045,-0.0513194690903781
Fixed_25pct,2026-02-12,96105.68916480347,0.0,0.575156569480896,-0.021053832380035886,0.0,101304.58677449045,-0.0513194690903781
Fixed_25pct,2026-02-13,96105.68916480347,0.0,0.6834486126899719,0.0053488398876564425,0.0,101304.58677449045,-0.0513194690903781
Fixed_25pct,2026-02-16,96105.68916480347,0.0,0.6886090040206909,0.003990173759637505,0.0,101304.58677449045,-0.0513194690903781
Fixed_25pct,2026-02-17,96105.68916480347,0.0,0.6886090040206909,-0.008279973801645357,0.0,101304.58677449045,-0.0513194690903781
Fixed_25pct,2026-02-18,96105.68916480347,0.0,0.6886090040206909,-0.006308212036081562,0.0,101304.58677449045,-0.0513194690903781
Fixed_25pct,2026-02-19,96105.68916480347,0.0,0.6999552249908447,0.0030994619406277124,0.0,101304.58677449045,-0.0513194690903781
Fixed_25pct,2026-02-20,96105.68916480347,0.0,0.6886090040206909,-0.0036854673977010366,0.0,101304.58677449045,-0.0513194690903781
Fixed_25pct,2026-02-23,95148.55950841244,0.25,0.7108128666877747,-0.038336545149777024,0.000375,101304.58677449045,-0.06076750779095197
Fixed_25pct,2026-02-24,95112.87879859678,0.0,0.5692920088768005,0.02160317780281029,0.000375,101304.58677449045,-0.06111971997553034
Fixed_25pct,2026-02-25,95243.61199856343,0.25,0.7124689221382141,0.006998023048738977,0.000375,101304.58677449045,-0.05982922362063514
Fixed_25pct,2026-02-26,95150.98312517862,0.25,0.7124689221382141,-0.0038901873392286346,0.0,101304.58677449045,-0.06074358373338107
Fixed_25pct,2026-02-27,94935.42051723067,0.25,0.7124689221382141,-0.009061918263707835,0.0,101304.58677449045,-0.06287144995159888
Fixed_25pct,2026-03-02,94702.03275448203,0.25,0.7124689221382141,-0.009833537850344354,0.0,101304.58677449045,-0.06517527221848374
Fixed_25pct,2026-03-04,94666.5194921991,0.0,0.612808108329773,-0.0034778575740717077,0.000375,101304.58677449045,-0.06552583149140179
Fixed_25pct,2026-03-05,94666.5194921991,0.0,0.6381790041923523,-0.008220858837624467,0.0,101304.58677449045,-0.06552583149140179
Fixed_25pct,2026-03-06,94666.5194921991,0.0,0.551450788974762,-0.011808020863064206,0.0,101304.58677449045,-0.06552583149140179
Fixed_25pct,2026-03-09,94666.5194921991,0.0,0.5580520033836365,-0.005657911387208392,0.0,101304.58677449045,-0.06552583149140179
Fixed_25pct,2026-03-10,94666.5194921991,0.0,0.5968901515007019,-0.019179576395485398,0.0,101304.58677449045,-0.06552583149140179
Fixed_25pct,2026-03-11,94666.5194921991,0.0,0.566049337387085,-0.00912815971902381,0.0,101304.58677449045,-0.06552583149140179
Fixed_25pct,2026-03-12,94666.5194921991,0.0,0.566049337387085,-0.013060884220122415,0.0,101304.58677449045,-0.06552583149140179
Fixed_25pct,2026-03-13,94666.5194921991,0.0,0.5712043642997742,-0.0005393274541070081,0.0,101304.58677449045,-0.06552583149140179
Fixed_25pct,2026-03-16,94666.5194921991,0.0,0.6871795058250427,-0.007263822162825395,0.0,101304.58677449045,-0.06552583149140179
Fixed_25pct,2026-03-17,94666.5194921991,0.0,0.6576871871948242,0.020529371852097134,0.0,101304.58677449045,-0.06552583149140179
Fixed_25pct,2026-03-18,93808.77629571664,0.25,0.7019193172454834,-0.03474272661901945,0.000375,101304.58677449045,-0.07399280444684997
Fixed_25pct,2026-03-19,93773.59800460575,0.0,0.5775954127311707,0.01468594976920623,0.000375,101304.58677449045,-0.07434005714518233
Fixed_25pct,2026-03-20,93773.59800460575,0.0,0.6877574324607849,-0.0028444944994320265,0.0,101304.58677449045,-0.07434005714518233
Fixed_25pct,2026-03-23,93885.94988887373,0.25,0.7112821340560913,0.006292474071964982,0.000375,101304.58677449045,-0.07323100682628536
Fixed_25pct,2026-03-24,93850.7426576654,0.0,0.6829464435577393,-0.008921188114378031,0.000375,101304.58677449045,-0.07357854519872553
Fixed_25pct,2026-03-25,93850.7426576654,0.0,0.653741180896759,0.005215843776282814,0.0,101304.58677449045,-0.07357854519872553
Fixed_25pct,2026-03-27,93512.1757907998,0.25,0.7112821340560913,-0.012930013328741552,0.000375,101304.58677449045,-0.0769206136839291
Fixed_25pct,2026-03-30,93477.10872487824,0.0,0.6110193729400635,0.02089959339908476,0.000375,101304.58677449045,-0.07726676845379765
Fixed_25pct,2026-04-01,93854.47665959208,0.25,0.7300910949707031,0.017648036235246467,0.000375,101304.58677449045,-0.07354168603917932
Fixed_25pct,2026-04-02,94076.59884092268,0.25,0.7165637016296387,0.009466663252994723,0.0,101304.58677449045,-0.07134906882012826
Fixed_25pct,2026-04-06,94703.10576208944,0.25,0.7161281704902649,0.026638162046064062,0.0,101304.58677449045,-0.06516468032287881
Fixed_25pct,2026-04-07,94667.59209742866,0.0,0.6689889430999756,0.007638358126932587,0.000375,101304.58677449045,-0.06551524356775784
Fixed_25pct,2026-04-08,94667.59209742866,0.0,0.6941644549369812,0.01164428313406285,0.0,101304.58677449045,-0.06551524356775784
Fixed_25pct,2026-04-09,94667.59209742866,0.0,0.6637793183326721,-0.024990324902230632,0.0,101304.58677449045,-0.06551524356775784
Fixed_25pct,2026-04-10,94667.59209742866,0.0,0.6532869338989258,-0.020480905665662075,0.0,101304.58677449045,-0.06551524356775784
Fixed_25pct,2026-04-13,94667.59209742866,0.0,0.6508364081382751,0.033284721118271854,0.0,101304.58677449045,-0.06551524356775784
Fixed_25pct,2026-04-15,94667.59209742866,0.0,0.6926448345184326,0.008610904865516744,0.0,101304.58677449045,-0.06551524356775784
Fixed_25pct,2026-04-16,94667.59209742866,0.0,0.6949173808097839,0.001785128577197037,0.0,101304.58677449045,-0.06551524356775784
Fixed_25pct,2026-04-17,94667.59209742866,0.0,0.6459495425224304,-0.0007359683686809504,0.0,101304.58677449045,-0.06551524356775784
Fixed_25pct,2026-04-20,94667.59209742866,0.0,0.6459495425224304,0.011978563022936983,0.0,101304.58677449045,-0.06551524356775784
Fixed_25pct,2026-04-21,94667.59209742866,0.0,0.6525094509124756,-0.02758092319479022,0.0,101304.58677449045,-0.06551524356775784
Fixed_25pct,2026-04-22,94667.59209742866,0.0,0.6565937995910645,-0.00657866896666337,0.0,101304.58677449045,-0.06551524356775784
Fixed_25pct,2026-04-23,94667.59209742866,0.0,0.6608477234840393,-0.049528171966852,0.0,101304.58677449045,-0.06551524356775784
Fixed_25pct,2026-04-24,95132.7035411067,0.25,0.7503103017807007,0.02115240409619279,0.000375,101304.58677449045,-0.06092402555397314
Fixed_25pct,2026-04-27,95104.5230005041,0.25,0.8387162685394287,-0.0011848939241144718,0.0,101304.58677449045,-0.061202201908073905
Fixed_25pct,2026-04-28,95396.2904716663,0.25,0.8352342247962952,0.012271444594098124,0.0,101304.58677449045,-0.05832210061698728
Fixed_25pct,2026-04-29,95388.58027528845,0.25,0.8270660042762756,-0.0003232912449633307,0.0,101304.58677449045,-0.05839820967209863
Fixed_25pct,2026-04-30,95352.8095576852,0.0,0.4491945803165436,0.0,0.000375,101304.58677449045,-0.0587513103434717
Fixed_25pct,2026-05-01,95352.8095576852,0.0,0.4491945803165436,-0.01883659620644984,0.0,101304.58677449045,-0.0587513103434717
Fixed_25pct,2026-05-05,95352.8095576852,0.0,0.5745407938957214,0.0033369807410235097,0.0,101304.58677449045,-0.0587513103434717
Fixed_25pct,2026-05-06,95352.8095576852,0.0,0.5760684609413147,-0.013960746227869802,0.0,101304.58677449045,-0.0587513103434717
Fixed_25pct,2026-05-07,95247.5646953804,0.25,0.935778558254242,-0.0029149663882171994,0.000375,101304.58677449045,-0.059790205675418484
Confidence_Sizing,2023-02-03,100000.0,0.0,0.4088793396949768,-0.0064181998514950545,0.0,100000.0,0.0
Confidence_Sizing,2023-02-06,100000.0,0.0,0.3988363146781921,0.003641699398565734,0.0,100000.0,0.0
Confidence_Sizing,2023-02-07,100000.0,0.0,0.4039197564125061,0.013693121239295447,0.0,100000.0,0.0
Confidence_Sizing,2023-02-08,100000.0,0.0,0.2952230274677276,0.005894718736497273,0.0,100000.0,0.0
Confidence_Sizing,2023-02-09,100000.0,0.0,0.2863130271434784,-0.0009319933736560149,0.0,100000.0,0.0
Confidence_Sizing,2023-02-10,100000.0,0.0,0.2909234464168548,-0.01558992684856697,0.0,100000.0,0.0
Confidence_Sizing,2023-02-13,100000.0,0.0,0.2294507175683975,0.005082757813250405,0.0,100000.0,0.0
Confidence_Sizing,2023-02-14,100000.0,0.0,0.3302276730537414,0.005871204855329992,0.0,100000.0,0.0
Confidence_Sizing,2023-02-15,100000.0,0.0,0.3378582596778869,0.010623080261254358,0.0,100000.0,0.0
Confidence_Sizing,2023-02-16,100000.0,0.0,0.3549425303936004,-0.015991946629057563,0.0,100000.0,0.0
Confidence_Sizing,2023-02-17,100000.0,0.0,0.2489628791809082,-0.003955801351536947,0.0,100000.0,0.0
Confidence_Sizing,2023-02-20,100000.0,0.0,0.2929953932762146,-0.010409212949807234,0.0,100000.0,0.0
Confidence_Sizing,2023-02-21,100000.0,0.0,0.1825983077287674,-0.014329165798862675,0.0,100000.0,0.0
Confidence_Sizing,2023-02-22,100000.0,0.0,0.4928011000156402,0.0036012993559275674,0.0,100000.0,0.0
Confidence_Sizing,2023-02-23,100000.0,0.0,0.4355315566062927,-0.003910626710791898,0.0,100000.0,0.0
Confidence_Sizing,2023-02-24,100000.0,0.0,0.4860202372074127,-0.020173757738144005,0.0,100000.0,0.0
Confidence_Sizing,2023-02-27,100000.0,0.0,0.3203698992729187,-0.00570253746210414,0.0,100000.0,0.0
Confidence_Sizing,2023-02-28,100000.0,0.0,0.4484154284000397,0.021990084479573735,0.0,100000.0,0.0
Confidence_Sizing,2023-03-01,100000.0,0.0,0.5300629138946533,-0.018976873593822607,0.0,100000.0,0.0
Confidence_Sizing,2023-03-02,100000.0,0.0,0.440104991197586,0.006232203247431567,0.0,100000.0,0.0
Confidence_Sizing,2023-03-03,100000.0,0.0,0.3472266495227813,0.008886553918982631,0.0,100000.0,0.0
Confidence_Sizing,2023-03-06,100000.0,0.0,0.5566051006317139,0.005501372881431932,0.0,100000.0,0.0
Confidence_Sizing,2023-03-08,100000.0,0.0,0.5375850796699524,-0.01579453935521924,0.0,100000.0,0.0
Confidence_Sizing,2023-03-09,100000.0,0.0,0.3203698992729187,-0.0017531796409910871,0.0,100000.0,0.0
Confidence_Sizing,2023-03-10,100000.0,0.0,0.4161155521869659,-0.014725322374099403,0.0,100000.0,0.0
Confidence_Sizing,2023-03-13,100000.0,0.0,0.452767014503479,-0.020414692788376154,0.0,100000.0,0.0
Confidence_Sizing,2023-03-14,100000.0,0.0,0.4399172663688659,-0.004992316854660395,0.0,100000.0,0.0
Confidence_Sizing,2023-03-15,100000.0,0.0,0.4191609621047973,-0.00434521328209303,0.0,100000.0,0.0
Confidence_Sizing,2023-03-16,100000.0,0.0,0.4191609621047973,-0.0017896236018445366,0.0,100000.0,0.0
Confidence_Sizing,2023-03-17,100000.0,0.0,0.4160205423831939,-0.01132324708178123,0.0,100000.0,0.0
Confidence_Sizing,2023-03-20,100000.0,0.0,0.4828085303306579,-0.011834680302233225,0.0,100000.0,0.0
Confidence_Sizing,2023-03-21,100314.0414296441,0.48672910531361907,0.8460187315940857,0.007952078296032061,0.0007300936579704286,100314.0414296441,0.0
Confidence_Sizing,2023-03-22,100240.80278419094,0.0,0.5559381246566772,-0.001964400916205755,0.0007300936579704286,100314.0414296441,-0.0007300936579703876
Confidence_Sizing,2023-03-23,100240.80278419094,0.0,0.583052933216095,-0.0013281175406681944,0.0,100314.0414296441,-0.0007300936579703876
Confidence_Sizing,2023-03-24,100233.14936603974,0.08270597457885756,0.7248117923736572,0.0005768462836484023,0.00012405896186828635,100314.0414296441,-0.000806388242877154
Confidence_Sizing,2023-03-27,100220.7145455846,0.0,0.5973241925239563,-0.0020498178856247495,0.00012405896186828635,100314.0414296441,-0.0009303471650571327
Confidence_Sizing,2023-03-28,100294.09103166938,0.12448346614837659,0.7373450398445129,0.007381495144532568,0.00018672519922256488,100314.0414296441,-0.00019887941598606407
Confidence_Sizing,2023-03-29,100275.36359754064,0.0,0.5428194999694824,0.021345057849717408,0.00018672519922256488,100314.0414296441,-0.0003855674794100983
Confidence_Sizing,2023-03-31,100275.36359754064,0.0,0.5741578936576843,-0.0018403264367164995,0.0,100314.0414296441,-0.0003855674794100983
Confidence_Sizing,2023-04-03,100275.36359754064,0.0,0.5788522958755493,0.012437515258789,0.0,100314.0414296441,-0.0003855674794100983
Confidence_Sizing,2023-04-05,100275.36359754064,0.0,0.5852863192558289,-0.005895455697384366,0.0,100314.0414296441,-0.0003855674794100983
Confidence_Sizing,2023-04-06,100275.36359754064,0.0,0.5703712105751038,0.013257972434326915,0.0,100314.0414296441,-0.0003855674794100983
Confidence_Sizing,2023-04-10,100275.36359754064,0.0,0.3481518030166626,-0.015198827909507107,0.0,100314.0414296441,-0.0003855674794100983
Confidence_Sizing,2023-04-11,100275.36359754064,0.0,0.5909472107887268,0.008665708224685709,0.0,100314.0414296441,-0.0003855674794100983
Confidence_Sizing,2023-04-12,100275.36359754064,0.0,0.5936771035194397,-0.016287941720457,0.0,100314.0414296441,-0.0003855674794100983
Confidence_Sizing,2023-04-13,100245.85737097701,0.017333587010701642,0.7052000761032104,-0.015475828635695854,2.6000380516052463e-05,100314.0414296441,-0.0006797060281427125
Confidence_Sizing,2023-04-17,100167.13922240038,0.18923219045003267,0.7567696571350098,-0.00278706800445927,0.00025784790515899654,100314.0414296441,-0.0014644231769562754
Confidence_Sizing,2023-04-18,99903.73519888286,0.1989576816558839,0.7596873044967651,-0.01314378418709572,1.4588236808776842e-05,100314.0414296441,-0.004090217330631751
Confidence_Sizing,2023-04-19,100125.25429422811,0.5611254374186199,0.8683376312255859,0.004919714749946236,0.000543251633644104,100314.0414296441,-0.0018819612162510602
Confidence_Sizing,2023-04-20,101092.13493394885,0.536928137143453,0.8610784411430359,0.018052708047747057,3.62959504127503e-05,101092.13493394885,0.0
Confidence_Sizing,2023-04-21,101054.09170704967,0.07255947589874281,0.7217678427696228,0.0044133542372726264,0.0006965529918670653,101092.13493394885,-0.00037632232145501376
Confidence_Sizing,2023-04-24,101049.22622821902,0.032317996025085595,0.7096953988075256,0.0003779611797340987,6.036221981048583e-05,101092.13493394885,-0.0004244514744680128
Confidence_Sizing,2023-04-25,101126.80543985739,0.13139204184214287,0.7394176125526428,0.006974150612012009,0.00014861106872558592,101126.80543985739,0.0
Confidence_Sizing,2023-04-26,101050.24999473218,0.20346458752950045,0.7610393762588501,-0.003189328669178426,0.00010810881853103637,101126.80543985739,-0.0007570242607014555
Confidence_Sizing,2023-04-27,101262.28462454391,0.21556393305460625,0.7646691799163818,0.009818237208090164,1.8149018287658706e-05,101262.28462454391,0.0
Confidence_Sizing,2023-04-28,101247.74833131267,0.11625444889068616,0.7348763346672058,4.656436864181046e-05,0.00014896422624588015,101262.28462454391,-0.00014355091123152697
Confidence_Sizing,2023-05-02,101065.86739949086,0.14312760035196953,0.7429382801055908,-0.0122693673349632,4.0309727191925054e-05,101262.28462454391,-0.0019396878687985009
Confidence_Sizing,2023-05-03,101322.80845473564,0.20542776584625255,0.7616283297538757,0.012830607906259228,9.345024824142454e-05,101322.80845473564,0.0
Confidence_Sizing,2023-05-04,101411.7293464857,0.35482144355773937,0.8064464330673218,0.0031049151276452136,0.00022409051656723024,101411.7293464857,0.0
Confidence_Sizing,2023-05-05,101578.90176377055,0.2846957842508953,0.7854087352752686,0.006159701236617909,0.00010518848896026609,101578.90176377055,0.0
Confidence_Sizing,2023-05-08,101827.3522812118,0.2488620678583782,0.7746586203575134,0.010044269169650066,5.375057458877568e-05,101827.3522812118,0.0
Confidence_Sizing,2023-05-09,101822.81890738434,0.1273691256841025,0.7382107377052307,0.0010812605887839943,0.00018223941326141356,101827.3522812118,-4.452019743128588e-05
Confidence_Sizing,2023-05-10,101804.25003468896,0.10197854042053237,0.7305935621261597,-0.0014147944551823333,3.80858778953552e-05,101827.3522812118,-0.00022687662995546365
Confidence_Sizing,2023-05-11,101780.54011628099,0.08963898817698174,0.7268916964530945,-0.0023916803769442607,1.8509328365325943e-05,101827.3522812118,-0.0004597209284351589
Confidence_Sizing,2023-05-12,101709.61088587283,0.11266148090362561,0.7337984442710876,-0.005879119113378017,3.453373908996581e-05,101827.3522812118,-0.0011562845610855188
Confidence_Sizing,2023-05-15,101711.63509653267,0.0770266453425091,0.7231079936027527,0.0009523213066235936,5.3452253341674776e-05,101827.3522812118,-0.0011364057111056258
Confidence_Sizing,2023-05-16,101557.90848905464,0.09755388895670586,0.7292661666870117,-0.015177310023796964,3.079086542129515e-05,101827.3522812118,-0.0026460846336557875
Confidence_Sizing,2023-05-17,101499.40971416909,0.1696409384409588,0.7508922815322876,-0.0027580807337229674,0.0001081305742263794,101827.3522812118,-0.003220574430110368
Confidence_Sizing,2023-05-18,101623.17315794344,0.1696409384409588,0.7508922815322876,0.007187836710490503,0.0,101827.3522812118,-0.002005150077009632
Confidence_Sizing,2023-05-19,101964.06373335655,0.14415478706359877,0.7432464361190796,0.02353502372660321,3.8229227066040025e-05,101964.06373335655,0.0
Confidence_Sizing,2023-05-22,101950.76350641607,0.08580621083577487,0.7257418632507324,-0.0005001674502598252,8.752286434173585e-05,101964.06373335655,-0.0001304403380318897
Confidence_Sizing,2023-05-23,101937.64149335363,0.0,0.6939955353736877,0.0019108138289753995,0.0001287093162536623,101964.06373335655,-0.0002591328653986924
Confidence_Sizing,2023-05-24,101906.09895416514,0.069040616353353,0.7207121849060059,-0.0029818509588913633,0.0001035609245300295,101964.06373335655,-0.0005684824345859596
Confidence_Sizing,2023-05-25,102263.5515852774,0.3680745363235475,0.8104223608970642,0.010748414253453742,0.0004485508799552917,102263.5515852774,0.0
Confidence_Sizing,2023-05-26,102207.09067127857,0.0,0.6894106864929199,-0.002568357396832588,0.0005521118044853212,102263.5515852774,-0.0005521118044853335
Confidence_Sizing,2023-05-29,102207.09067127857,0.0,0.6050480008125305,-0.0012499123171693105,0.0,102263.5515852774,-0.0005521118044853335
Confidence_Sizing,2023-05-30,102207.09067127857,0.0,0.6654424667358398,-0.008051369508777606,0.0,102263.5515852774,-0.0005521118044853335
Confidence_Sizing,2023-05-31,102333.64699475773,0.13776655991872164,0.7413299679756165,0.010487916096671324,0.00020664983987808247,102333.64699475773,0.0
Confidence_Sizing,2023-06-01,102312.49976299213,0.0,0.6331649422645569,-0.0055354700191786455,0.00020664983987808247,102333.64699475773,-0.00020664983987805918
Confidence_Sizing,2023-06-02,102256.74338547952,0.08317367235819512,0.7249521017074585,-0.00505209184993094,0.00012476050853729267,102333.64699475773,-0.0007514987644497984
Confidence_Sizing,2023-06-05,102055.8326842794,0.11168356736501071,0.7335050702095032,-0.017209357291564475,4.27648425102234e-05,102333.64699475773,-0.0027147895011750967
Confidence_Sizing,2023-06-06,102404.80015992168,0.2784257729848227,0.7835277318954468,0.013179424209416979,0.00025011330842971796,102404.80015992168,0.0
Confidence_Sizing,2023-06-07,102362.03195645886,0.0,0.6960992217063904,-0.011740801953781133,0.000417638659477234,102404.80015992168,-0.00041763865947719303
Confidence_Sizing,2023-06-08,102224.58226934537,0.1357880830764772,0.7407364249229431,-0.008388791037513,0.0002036821246147158,102404.80015992168,-0.001759857841574508
Confidence_Sizing,2023-06-09,102325.34389737036,0.08999542395273857,0.7269986271858215,0.011715904696837143,6.868898868560793e-05,102404.80015992168,-0.0007759036922804219
Confidence_Sizing,2023-06-12,102311.53067831263,0.0,0.6989220380783081,-0.000985540444152666,0.00013499313592910787,102404.80015992168,-0.0009107920865368824
Confidence_Sizing,2023-06-13,102317.18238659402,0.07211879889170343,0.721635639667511,0.002265961021947982,0.00010817819833755515,102404.80015992168,-0.0008556022099630578
Confidence_Sizing,2023-06-14,102238.30941368881,0.07211879889170343,0.721635639667511,-0.01068885420958865,0.0,102404.80015992168,-0.001625809981298465
Confidence_Sizing,2023-06-15,102227.24945757537,0.0,0.6866448521614075,-0.012871978937244788,0.00010817819833755515,102404.80015992168,-0.0017338123024412955
Confidence_Sizing,2023-06-16,102227.24945757537,0.0,0.5717784762382507,0.011181454877929653,0.0,102404.80015992168,-0.0017338123024412955
Confidence_Sizing,2023-06-19,102227.24945757537,0.0,0.6193033456802368,0.005388751979307882,0.0,102404.80015992168,-0.0017338123024412955
Confidence_Sizing,2023-06-20,102227.24945757537,0.0,0.6308046579360962,0.009449453313938427,0.0,102404.80015992168,-0.0017338123024412955
Confidence_Sizing,2023-06-21,102227.24945757537,0.0,0.6052206158638,-0.0060462683282496155,0.0,102404.80015992168,-0.0017338123024412955
Confidence_Sizing,2023-06-22,102227.24945757537,0.0,0.6160092353820801,-0.006839556073413577,0.0,102404.80015992168,-0.0017338123024412955
Confidence_Sizing,2023-06-23,102227.24945757537,0.0,0.6131813526153564,-0.008301395837460701,0.0,102404.80015992168,-0.0017338123024412955
Confidence_Sizing,2023-06-26,102227.24945757537,0.0,0.5295272469520569,0.0024141192758622143,0.0,102404.80015992168,-0.0017338123024412955
Confidence_Sizing,2023-06-27,102227.24945757537,0.0,0.5450921058654785,0.005660891977044669,0.0,102404.80015992168,-0.0017338123024412955
Confidence_Sizing,2023-06-28,102227.24945757537,0.0,0.6483217477798462,0.026994681971800105,0.0,102404.80015992168,-0.0017338123024412955
Confidence_Sizing,2023-06-30,101793.95586114042,0.40101325511932384,0.8203039765357971,-0.009069558989136195,0.0006015198826789858,102404.80015992168,-0.005964996736747996
Confidence_Sizing,2023-07-03,102346.17418852993,0.4988189140955608,0.8496456742286682,0.011169528552619878,0.00014670848846435542,102404.80015992168,-0.000572492415396586
Confidence_Sizing,2023-07-04,102327.56915182844,0.11668181419372571,0.7350045442581177,0.0033545954600624484,0.0005732056498527527,102404.80015992168,-0.0007541737103400337
Confidence_Sizing,2023-07-05,102309.65950221244,0.0,0.5363301634788513,0.0008885529044899698,0.00017502272129058858,102404.80015992168,-0.0009290644340954612
Confidence_Sizing,2023-07-06,102309.65950221244,0.0,0.5208811163902283,0.0019110108167179618,0.0,102404.80015992168,-0.0009290644340954612
Confidence_Sizing,2023-07-07,102309.65950221244,0.0,0.4155243933200836,-0.017211098243786083,0.0,102404.80015992168,-0.0009290644340954612
Confidence_Sizing,2023-07-10,102309.65950221244,0.0,0.4698426425457001,0.00013751774281067775,0.0,102404.80015992168,-0.0009290644340954612
Confidence_Sizing,2023-07-11,102309.65950221244,0.0,0.5134650468826294,-0.0038198265410799292,0.0,102404.80015992168,-0.0009290644340954612
Confidence_Sizing,2023-07-12,102309.65950221244,0.0,0.5396228432655334,0.024740068376452484,0.0,102404.80015992168,-0.0009290644340954612
Confidence_Sizing,2023-07-13,102309.65950221244,0.0,0.4305994212627411,0.052117121722723425,0.0,102404.80015992168,-0.0009290644340954612
Confidence_Sizing,2023-07-14,102309.65950221244,0.0,0.3264264166355133,-0.0065297972229242385,0.0,102404.80015992168,-0.0009290644340954612
Confidence_Sizing,2023-07-17,102309.65950221244,0.0,0.3227588534355163,0.0014749682264785235,0.0,102404.80015992168,-0.0009290644340954612
Confidence_Sizing,2023-07-18,102309.65950221244,0.0,0.459536999464035,-0.0076640542430136405,0.0,102404.80015992168,-0.0009290644340954612
Confidence_Sizing,2023-07-19,102309.65950221244,0.0,0.4854580461978912,-0.0019452169003382203,0.0,102404.80015992168,-0.0009290644340954612
Confidence_Sizing,2023-07-20,102309.65950221244,0.0,0.4788102507591247,-0.027430484988485215,0.0,102404.80015992168,-0.0009290644340954612
Confidence_Sizing,2023-07-21,102309.65950221244,0.0,0.5669122338294983,0.007852611343540206,0.0,102404.80015992168,-0.0009290644340954612
Confidence_Sizing,2023-07-24,102309.65950221244,0.0,0.5311371684074402,0.0012960902404448582,0.0,102404.80015992168,-0.0009290644340954612
Confidence_Sizing,2023-07-25,102309.65950221244,0.0,0.5257877707481384,-0.00319193146149388,0.0,102404.80015992168,-0.0009290644340954612
Confidence_Sizing,2023-07-26,102309.65950221244,0.0,0.571221649646759,0.0025381027039206305,0.0,102404.80015992168,-0.0009290644340954612
Confidence_Sizing,2023-07-27,102309.65950221244,0.0,0.649142324924469,-0.012217021753089141,0.0,102404.80015992168,-0.0009290644340954612
Confidence_Sizing,2023-07-28,102309.65950221244,0.0,0.6937771439552307,0.019684702494623396,0.0,102404.80015992168,-0.0009290644340954612
Confidence_Sizing,2023-07-31,102309.65950221244,0.0,0.4597566127777099,0.008943605223793893,0.0,102404.80015992168,-0.0009290644340954612
Confidence_Sizing,2023-08-01,102309.65950221244,0.0,0.3317126631736755,-0.003302427926340501,0.0,102404.80015992168,-0.0009290644340954612
Confidence_Sizing,2023-08-02,102309.65950221244,0.0,0.3082521259784698,-0.01182914633196197,0.0,102404.80015992168,-0.0009290644340954612
Confidence_Sizing,2023-08-03,102309.65950221244,0.0,0.51353520154953,0.012823746902868915,0.0,102404.80015992168,-0.0009290644340954612
Confidence_Sizing,2023-08-04,102309.65950221244,0.0,0.3082521259784698,0.011761118446291352,0.0,102404.80015992168,-0.0009290644340954612
Confidence_Sizing,2023-08-07,102309.65950221244,0.0,0.4486343562602997,-0.003860435695061004,0.0,102404.80015992168,-0.0009290644340954612
Confidence_Sizing,2023-08-08,102309.65950221244,0.0,0.2928005158901214,-0.0023339184660658985,0.0,102404.80015992168,-0.0009290644340954612
Confidence_Sizing,2023-08-09,102309.65950221244,0.0,0.2873178124427795,-0.005891668546931461,0.0,102404.80015992168,-0.0009290644340954612
Confidence_Sizing,2023-08-10,102309.65950221244,0.0,0.173357218503952,0.0019464719159205668,0.0,102404.80015992168,-0.0009290644340954612
Confidence_Sizing,2023-08-11,102309.65950221244,0.0,0.1808901131153106,0.0003044678767276654,0.0,102404.80015992168,-0.0009290644340954612
Confidence_Sizing,2023-08-14,102309.65950221244,0.0,0.1680677235126495,0.0024783119397879805,0.0,102404.80015992168,-0.0009290644340954612
Confidence_Sizing,2023-08-16,102309.65950221244,0.0,0.2765290141105652,-0.006549243286873896,0.0,102404.80015992168,-0.0009290644340954612
Confidence_Sizing,2023-08-17,102309.65950221244,0.0,0.2497005462646484,-0.01998105285418028,0.0,102404.80015992168,-0.0009290644340954612
Confidence_Sizing,2023-08-18,102309.65950221244,0.0,0.2667853236198425,0.010260997203958677,0.0,102404.80015992168,-0.0009290644340954612
Confidence_Sizing,2023-08-21,102309.65950221244,0.0,0.2553599774837494,-0.00573251232778671,0.0,102404.80015992168,-0.0009290644340954612
Confidence_Sizing,2023-08-22,102309.65950221244,0.0,0.3005282282829284,0.004760314628601492,0.0,102404.80015992168,-0.0009290644340954612
Confidence_Sizing,2023-08-23,102309.65950221244,0.0,0.240195170044899,-0.003089825645552824,0.0,102404.80015992168,-0.0009290644340954612
Confidence_Sizing,2023-08-24,102309.65950221244,0.0,0.2657912969589233,-0.0019039041168548154,0.0,102404.80015992168,-0.0009290644340954612
Confidence_Sizing,2023-08-25,102309.65950221244,0.0,0.2910590767860412,-0.00170052935763354,0.0,102404.80015992168,-0.0009290644340954612
Confidence_Sizing,2023-08-28,102309.65950221244,0.0,0.2636049687862396,0.00017770541302830622,0.0,102404.80015992168,-0.0009290644340954612
Confidence_Sizing,2023-08-29,102309.65950221244,0.0,0.2636049687862396,0.004383706072366822,0.0,102404.80015992168,-0.0009290644340954612
Confidence_Sizing,2023-08-30,102309.65950221244,0.0,0.2883889973163605,-0.010070895423256898,0.0,102404.80015992168,-0.0009290644340954612
Confidence_Sizing,2023-08-31,102309.65950221244,0.0,0.4076296985149383,0.0066729927365110075,0.0,102404.80015992168,-0.0009290644340954612
Confidence_Sizing,2023-09-01,102309.65950221244,0.0,0.4257852733135223,0.011629986208568699,0.0,102404.80015992168,-0.0009290644340954612
Confidence_Sizing,2023-09-04,102309.65950221244,0.0,0.3860072791576385,0.003173935251206572,0.0,102404.80015992168,-0.0009290644340954612
Confidence_Sizing,2023-09-05,102309.65950221244,0.0,0.3655707836151123,0.0001603232892073425,0.0,102404.80015992168,-0.0009290644340954612
Confidence_Sizing,2023-09-06,102309.65950221244,0.0,0.4305379390716553,0.007390914714137109,0.0,102404.80015992168,-0.0009290644340954612
Confidence_Sizing,2023-09-07,102309.65950221244,0.0,0.4332383871078491,-0.0038637139588307834,0.0,102404.80015992168,-0.0009290644340954612
Confidence_Sizing,2023-09-08,102309.65950221244,0.0,0.4987915158271789,0.011258316946873848,0.0,102404.80015992168,-0.0009290644340954612
Confidence_Sizing,2023-09-11,102309.65950221244,0.0,0.5365306735038757,0.02877340419010177,0.0,102404.80015992168,-0.0009290644340954612
Confidence_Sizing,2023-09-12,102309.65950221244,0.0,0.3215006291866302,-0.0036164965916243297,0.0,102404.80015992168,-0.0009290644340954612
Confidence_Sizing,2023-09-13,102309.65950221244,0.0,0.3685366511344909,-0.002186204188693086,0.0,102404.80015992168,-0.0009290644340954612
Confidence_Sizing,2023-09-14,102309.65950221244,0.0,0.4242246150970459,0.010744230972986157,0.0,102404.80015992168,-0.0009290644340954612
Confidence_Sizing,2023-09-15,102309.65950221244,0.0,0.4291741251945495,0.0021815450098947586,0.0,102404.80015992168,-0.0009290644340954612
Confidence_Sizing,2023-09-18,102309.65950221244,0.0,0.5405968427658081,-2.768978504197328e-05,0.0,102404.80015992168,-0.0009290644340954612
Confidence_Sizing,2023-09-20,102309.65950221244,0.0,0.6211013197898865,-0.005754218526929034,0.0,102404.80015992168,-0.0009290644340954612
Confidence_Sizing,2023-09-21,102309.65950221244,0.0,0.6440389156341553,0.005118080290552829,0.0,102404.80015992168,-0.0009290644340954612
Confidence_Sizing,2023-09-22,102309.65950221244,0.0,0.6585507392883301,-0.00735365552096634,0.0,102404.80015992168,-0.0009290644340954612
Confidence_Sizing,2023-09-25,102324.41481992733,0.16201372941335054,0.7486041188240051,0.00239018466140406,0.00024302059412002581,102404.80015992168,-0.0007849762888928469
Confidence_Sizing,2023-09-26,102324.04924842453,0.4971791903177898,0.8491537570953369,0.0010040153122887752,0.0005027481913566588,102404.80015992168,-0.0007885461557567419
Confidence_Sizing,2023-09-27,101450.99932897207,0.5748168230056764,0.8724450469017029,-0.014640751152939169,0.00011645644903182989,102404.80015992168,-0.009314024630291629
Confidence_Sizing,2023-09-28,101358.46162373776,0.06205852826436375,0.7186175584793091,-0.002304347874107604,0.0007691374421119689,102404.80015992168,-0.010217670798145062
Confidence_Sizing,2023-09-29,101349.0263883045,0.0,0.6654758453369141,-0.004180127980441095,9.308779239654562e-05,102404.80015992168,-0.010309807450123665
Confidence_Sizing,2023-10-03,101349.0263883045,0.0,0.6149218082427979,0.006801628322076425,0.0,102404.80015992168,-0.010309807450123665
Confidence_Sizing,2023-10-04,101349.0263883045,0.0,0.6295762658119202,0.014585569261889697,0.0,102404.80015992168,-0.010309807450123665
Confidence_Sizing,2023-10-05,101389.68282146922,0.05399719874064142,0.7161991596221924,0.008929138650595192,8.099579811096213e-05,102404.80015992168,-0.009912790580785202
Confidence_Sizing,2023-10-06,101381.47068318888,0.0,0.6712090373039246,0.004680564358973349,8.099579811096213e-05,102404.80015992168,-0.009992983484511608
Confidence_Sizing,2023-10-09,101381.47068318888,0.0,0.6954295039176941,-0.002597384819725712,0.0,102404.80015992168,-0.009992983484511608
Confidence_Sizing,2023-10-10,101099.24188152408,0.41329201062520354,0.823987603187561,-0.005235746510320882,0.0006199380159378053,102404.80015992168,-0.012748994933428515
Confidence_Sizing,2023-10-11,100356.40326262626,0.3921248118082683,0.8176374435424805,-0.018656986436631606,3.175079822540286e-05,102404.80015992168,-0.020002938281179383
Confidence_Sizing,2023-10-12,100654.20408399418,0.37472502390543627,0.8124175071716309,0.007988609458739138,2.6099681854248047e-05,102404.80015992168,-0.01709486345555744
Confidence_Sizing,2023-10-13,100228.85346415256,0.3156754970550538,0.7947026491165161,-0.013106136507618271,8.857429027557367e-05,102404.80015992168,-0.021248483395026607
Confidence_Sizing,2023-10-16,100181.39377444773,0.0,0.6732787489891052,-0.0048239950524122666,0.00047351324558258075,102404.80015992168,-0.021711935202273103
Confidence_Sizing,2023-10-17,100181.39377444773,0.0,0.5504212975502014,-0.005645784506195239,0.0,102404.80015992168,-0.021711935202273103
Confidence_Sizing,2023-10-18,100181.39377444773,0.0,0.5228396654129028,-0.009061609479174115,0.0,102404.80015992168,-0.021711935202273103
Confidence_Sizing,2023-10-19,100181.39377444773,0.0,0.3770579397678375,0.011256969769417813,0.0,102404.80015992168,-0.021711935202273103
Confidence_Sizing,2023-10-20,100181.39377444773,0.0,0.4367595314979553,-0.02415193524347381,0.0,102404.80015992168,-0.021711935202273103
Confidence_Sizing,2023-10-23,100181.39377444773,0.0,0.2586957812309265,-0.005879449661060354,0.0,102404.80015992168,-0.021711935202273103
Confidence_Sizing,2023-10-25,100181.39377444773,0.0,0.2178797721862793,-0.015737027261564784,0.0,102404.80015992168,-0.021711935202273103
Confidence_Sizing,2023-10-26,100181.39377444773,0.0,0.2005378305912017,0.004255623337641401,0.0,102404.80015992168,-0.021711935202273103
Confidence_Sizing,2023-10-27,100181.39377444773,0.0,0.2372064292430877,0.008236499517576545,0.0,102404.80015992168,-0.021711935202273103
Confidence_Sizing,2023-10-30,100181.39377444773,0.0,0.2145546972751617,-0.002900667057314732,0.0,102404.80015992168,-0.021711935202273103
Confidence_Sizing,2023-10-31,100181.39377444773,0.0,0.2151027917861938,-0.011309862012987004,0.0,102404.80015992168,-0.021711935202273103
Confidence_Sizing,2023-11-01,100181.39377444773,0.0,0.2245258241891861,0.008842176805126334,0.0,102404.80015992168,-0.021711935202273103
Confidence_Sizing,2023-11-02,100181.39377444773,0.0,0.2077296823263168,-0.0027380717970031387,0.0,102404.80015992168,-0.021711935202273103
Confidence_Sizing,2023-11-03,100181.39377444773,0.0,0.2210359573364257,0.008758870306964761,0.0,102404.80015992168,-0.021711935202273103
Confidence_Sizing,2023-11-06,100181.39377444773,0.0,0.2036211788654327,-0.0028992082917314033,0.0,102404.80015992168,-0.021711935202273103
Confidence_Sizing,2023-11-07,100181.39377444773,0.0,0.2096471041440963,0.003293357805948416,0.0,102404.80015992168,-0.021711935202273103
Confidence_Sizing,2023-11-08,100181.39377444773,0.0,0.2173814177513122,-0.010084161749451925,0.0,102404.80015992168,-0.021711935202273103
Confidence_Sizing,2023-11-09,100181.39377444773,0.0,0.2299340069293975,-0.00418228807128207,0.0,102404.80015992168,-0.021711935202273103
Confidence_Sizing,2023-11-10,100181.39377444773,0.0,0.2407434731721878,-0.0005699507631972134,0.0,102404.80015992168,-0.021711935202273103
Confidence_Sizing,2023-11-13,100181.39377444773,0.0,0.2310312539339065,0.021836682305159894,0.0,102404.80015992168,-0.021711935202273103
Confidence_Sizing,2023-11-15,100181.39377444773,0.0,0.2373900860548019,0.02747996577455858,0.0,102404.80015992168,-0.021711935202273103
Confidence_Sizing,2023-11-16,100181.39377444773,0.0,0.4724089801311493,0.0013150516423523495,0.0,102404.80015992168,-0.021711935202273103
Confidence_Sizing,2023-11-17,100181.39377444773,0.0,0.4598599970340729,0.004896614290986978,0.0,102404.80015992168,-0.021711935202273103
Confidence_Sizing,2023-11-20,100181.39377444773,0.0,0.4566028118133545,-0.002670799586190098,0.0,102404.80015992168,-0.021711935202273103
Confidence_Sizing,2023-11-21,100181.39377444773,0.0,0.4598599970340729,0.0056834230099098715,0.0,102404.80015992168,-0.021711935202273103
Confidence_Sizing,2023-11-22,100181.39377444773,0.0,0.4584375321865082,-0.006203674900380318,0.0,102404.80015992168,-0.021711935202273103
Confidence_Sizing,2023-11-23,100181.39377444773,0.0,0.4655188024044037,-0.014579890926744055,0.0,102404.80015992168,-0.021711935202273103
Confidence_Sizing,2023-11-24,100181.39377444773,0.0,0.3427473902702331,0.0037747835812873554,0.0,102404.80015992168,-0.021711935202273103
Confidence_Sizing,2023-11-28,100181.39377444773,0.0,0.4109815955162048,0.012564326868646836,0.0,102404.80015992168,-0.021711935202273103
Confidence_Sizing,2023-11-29,99954.9571959943,0.2527649799982708,0.7758294939994812,-0.0074421635983635825,0.0003791474699974062,102404.80015992168,-0.023923126260698258
Confidence_Sizing,2023-11-30,99917.05952685974,0.0,0.6690741181373596,0.006895803421860691,0.0003791474699974062,102404.80015992168,-0.024293203337899527
Confidence_Sizing,2023-12-01,99917.05952685974,0.0,0.6609100699424744,0.00022782704722112967,0.0,102404.80015992168,-0.024293203337899527
Confidence_Sizing,2023-12-04,99943.53944744084,0.0670581658681235,0.720117449760437,0.005452076684533402,0.00010058724880218527,102404.80015992168,-0.024034622484855994
Confidence_Sizing,2023-12-05,99933.48640177227,0.0,0.6749309301376343,0.02052893815698864,0.00010058724880218527,102404.80015992168,-0.024132792157106397
Confidence_Sizing,2023-12-06,99933.48640177227,0.0,0.1137611120939254,0.0029965329471628444,0.0,102404.80015992168,-0.024132792157106397
Confidence_Sizing,2023-12-07,99933.48640177227,0.0,0.1169709861278534,0.003264280933608754,0.0,102404.80015992168,-0.024132792157106397
Confidence_Sizing,2023-12-08,99933.48640177227,0.0,0.1403062790632248,0.004466857305534866,0.0,102404.80015992168,-0.024132792157106397
Confidence_Sizing,2023-12-11,99933.48640177227,0.0,0.4163255393505096,0.008015645802870841,0.0,102404.80015992168,-0.024132792157106397
Confidence_Sizing,2023-12-12,99933.48640177227,0.0,0.3552113175392151,-0.021391042384236836,0.0,102404.80015992168,-0.024132792157106397
Confidence_Sizing,2023-12-13,99933.48640177227,0.0,0.1479827016592025,0.020508953589197576,0.0,102404.80015992168,-0.024132792157106397
Confidence_Sizing,2023-12-14,99933.48640177227,0.0,0.2794911861419678,0.052832503919830964,0.0,102404.80015992168,-0.024132792157106397
Confidence_Sizing,2023-12-15,99901.86281522697,0.16094203790028902,0.7482826113700867,-0.0004662131126974556,0.00024141305685043354,102404.80015992168,-0.024441601768530052
Confidence_Sizing,2023-12-18,99877.7452011397,0.0,0.5569281578063965,-0.01114220577944991,0.00024141305685043354,102404.80015992168,-0.024677114303583214
Confidence_Sizing,2023-12-19,99877.7452011397,0.0,0.4205552041530609,-0.009472748494912864,0.0,102404.80015992168,-0.024677114303583214
Confidence_Sizing,2023-12-20,99877.7452011397,0.0,0.3764108419418335,0.0019708604583648093,0.0,102404.80015992168,-0.024677114303583214
Confidence_Sizing,2023-12-21,99877.7452011397,0.0,0.3764108419418335,0.009636963696369572,0.0,102404.80015992168,-0.024677114303583214
Confidence_Sizing,2023-12-22,99877.7452011397,0.0,0.440430611371994,-0.0074398407876241635,0.0,102404.80015992168,-0.024677114303583214
Confidence_Sizing,2023-12-26,99877.7452011397,0.0,0.3623464107513428,0.004123223812733556,0.0,102404.80015992168,-0.024677114303583214
Confidence_Sizing,2023-12-27,99877.7452011397,0.0,0.3616976737976074,-0.0029649582737453217,0.0,102404.80015992168,-0.024677114303583214
Confidence_Sizing,2023-12-28,99877.7452011397,0.0,0.2222419083118438,-0.0017105713747856965,0.0,102404.80015992168,-0.024677114303583214
Confidence_Sizing,2023-12-29,99877.7452011397,0.0,0.2222419083118438,0.004666050447664105,0.0,102404.80015992168,-0.024677114303583214
Confidence_Sizing,2024-01-01,99877.7452011397,0.0,0.2194124460220337,-0.007320759300321944,0.0,102404.80015992168,-0.024677114303583214
Confidence_Sizing,2024-01-02,99877.7452011397,0.0,0.2222419083118438,-0.02417264547266329,0.0,102404.80015992168,-0.024677114303583214
Confidence_Sizing,2024-01-03,99877.7452011397,0.0,0.2260116785764694,-0.006758299227161868,0.0,102404.80015992168,-0.024677114303583214
Confidence_Sizing,2024-01-04,99877.7452011397,0.0,0.2298665940761566,0.01939016378554581,0.0,102404.80015992168,-0.024677114303583214
Confidence_Sizing,2024-01-05,99877.7452011397,0.0,0.2483001500368118,-0.01594474305699156,0.0,102404.80015992168,-0.024677114303583214
Confidence_Sizing,2024-01-08,99877.7452011397,0.0,0.25412318110466,0.003153590887540636,0.0,102404.80015992168,-0.024677114303583214
Confidence_Sizing,2024-01-09,99877.7452011397,0.0,0.2573987543582916,0.0062739226258334835,0.0,102404.80015992168,-0.024677114303583214
Confidence_Sizing,2024-01-10,99877.7452011397,0.0,0.2590965628623962,0.006059708246351603,0.0,102404.80015992168,-0.024677114303583214
Confidence_Sizing,2024-01-11,99877.7452011397,0.0,0.2498334795236587,0.03941855900075386,0.0,102404.80015992168,-0.024677114303583214
Confidence_Sizing,2024-01-12,99877.7452011397,0.0,0.4356746077537536,0.005408468047778614,0.0,102404.80015992168,-0.024677114303583214
Confidence_Sizing,2024-01-15,99877.7452011397,0.0,0.4284645020961761,-0.010886828082487976,0.0,102404.80015992168,-0.024677114303583214
Confidence_Sizing,2024-01-16,99877.7452011397,0.0,0.3039643764495849,0.0060342497432170905,0.0,102404.80015992168,-0.024677114303583214
Confidence_Sizing,2024-01-17,99877.7452011397,0.0,0.3212807774543762,0.004633681601063699,0.0,102404.80015992168,-0.024677114303583214
Confidence_Sizing,2024-01-18,99877.7452011397,0.0,0.3212807774543762,0.010364872177440754,0.0,102404.80015992168,-0.024677114303583214
Confidence_Sizing,2024-01-19,99877.7452011397,0.0,0.4407603442668915,-0.021506206560408136,0.0,102404.80015992168,-0.024677114303583214
Confidence_Sizing,2024-01-23,99877.7452011397,0.0,0.2206538915634155,-0.004263578350774289,0.0,102404.80015992168,-0.024677114303583214
Confidence_Sizing,2024-01-24,99877.7452011397,0.0,0.2051985710859298,-0.008199281482545784,0.0,102404.80015992168,-0.024677114303583214
Confidence_Sizing,2024-01-25,99877.7452011397,0.0,0.2035199105739593,-0.0024407654801320566,0.0,102404.80015992168,-0.024677114303583214
Confidence_Sizing,2024-01-29,99877.7452011397,0.0,0.2092953324317932,-0.00011837705126938047,0.0,102404.80015992168,-0.024677114303583214
Confidence_Sizing,2024-01-30,99877.7452011397,0.0,0.1914024800062179,0.004052019351382663,0.0,102404.80015992168,-0.024677114303583214
Confidence_Sizing,2024-01-31,99877.7452011397,0.0,0.1914024800062179,0.01001060067890669,0.0,102404.80015992168,-0.024677114303583214
Confidence_Sizing,2024-02-01,99877.7452011397,0.0,0.2071347534656524,0.0290985429539663,0.0,102404.80015992168,-0.024677114303583214
Confidence_Sizing,2024-02-02,99877.7452011397,0.0,0.4180828034877777,0.0017648689997793454,0.0,102404.80015992168,-0.024677114303583214
Confidence_Sizing,2024-02-05,99877.7452011397,0.0,0.3742114305496216,0.04094831731116333,0.0,102404.80015992168,-0.024677114303583214
Confidence_Sizing,2024-02-06,99877.7452011397,0.0,0.4546887874603271,-0.012717625158667811,0.0,102404.80015992168,-0.024677114303583214
Confidence_Sizing,2024-02-07,99877.7452011397,0.0,0.3383278548717499,0.01241617194617639,0.0,102404.80015992168,-0.024677114303583214
Confidence_Sizing,2024-02-08,99877.7452011397,0.0,0.4314286112785339,-9.673262240961211e-05,0.0,102404.80015992168,-0.024677114303583214
Confidence_Sizing,2024-02-09,99877.7452011397,0.0,0.3872627913951874,-0.0031448821602354515,0.0,102404.80015992168,-0.024677114303583214
Confidence_Sizing,2024-02-12,99877.7452011397,0.0,0.3427011668682098,0.00698905606388478,0.0,102404.80015992168,-0.024677114303583214
Confidence_Sizing,2024-02-13,99877.7452011397,0.0,0.4546887874603271,-0.011905025266598424,0.0,102404.80015992168,-0.024677114303583214
Confidence_Sizing,2024-02-14,99877.7452011397,0.0,0.3212807774543762,0.0007561029200291447,0.0,102404.80015992168,-0.024677114303583214
Confidence_Sizing,2024-02-15,99877.7452011397,0.0,0.3212807774543762,0.006117081346329156,0.0,102404.80015992168,-0.024677114303583214
Confidence_Sizing,2024-02-16,99877.7452011397,0.0,0.3624115288257599,-0.005934646503187868,0.0,102404.80015992168,-0.024677114303583214
Confidence_Sizing,2024-02-19,99877.7452011397,0.0,0.3212807774543762,-0.01782491978780143,0.0,102404.80015992168,-0.024677114303583214
Confidence_Sizing,2024-02-20,99877.7452011397,0.0,0.2139943093061447,-0.00971304958066066,0.0,102404.80015992168,-0.024677114303583214
Confidence_Sizing,2024-02-21,99877.7452011397,0.0,0.2166910022497177,0.023950920119315988,0.0,102404.80015992168,-0.024677114303583214
Confidence_Sizing,2024-02-22,99877.7452011397,0.0,0.2659252882003784,-0.008563528948084875,0.0,102404.80015992168,-0.024677114303583214
Confidence_Sizing,2024-02-23,99877.7452011397,0.0,0.2139943093061447,-0.012598417511367144,0.0,102404.80015992168,-0.024677114303583214
Confidence_Sizing,2024-02-26,99877.7452011397,0.0,0.2252772599458694,0.025830682509431657,0.0,102404.80015992168,-0.024677114303583214
Confidence_Sizing,2024-02-27,99877.7452011397,0.0,0.2479310482740402,0.003545047586723138,0.0,102404.80015992168,-0.024677114303583214
Confidence_Sizing,2024-02-28,99877.7452011397,0.0,0.3037738800048828,-0.00579033407186913,0.0,102404.80015992168,-0.024677114303583214
Confidence_Sizing,2024-02-29,99877.7452011397,0.0,0.2111648470163345,-0.00018314570635991068,0.0,102404.80015992168,-0.024677114303583214
Confidence_Sizing,2024-03-01,99877.7452011397,0.0,0.2136535197496414,-0.0033338982155406427,0.0,102404.80015992168,-0.024677114303583214
Confidence_Sizing,2024-03-04,99877.7452011397,0.0,0.2299204766750335,-0.01681080558150938,0.0,102404.80015992168,-0.024677114303583214
Confidence_Sizing,2024-03-05,99877.7452011397,0.0,0.2008787244558334,0.013010630318612604,0.0,102404.80015992168,-0.024677114303583214
Confidence_Sizing,2024-03-06,99877.7452011397,0.0,0.2037343084812164,0.010899797823956892,0.0,102404.80015992168,-0.024677114303583214
Confidence_Sizing,2024-03-07,99877.7452011397,0.0,0.2551262378692627,0.003346638678182412,0.0,102404.80015992168,-0.024677114303583214
Confidence_Sizing,2024-03-11,99877.7452011397,0.0,0.3069292902946472,0.01695632362314181,0.0,102404.80015992168,-0.024677114303583214
Confidence_Sizing,2024-03-12,99877.7452011397,0.0,0.4226202666759491,-0.010316655733794478,0.0,102404.80015992168,-0.024677114303583214
Confidence_Sizing,2024-03-13,99877.7452011397,0.0,0.2479310482740402,0.01412390881085801,0.0,102404.80015992168,-0.024677114303583214
Confidence_Sizing,2024-03-14,99877.7452011397,0.0,0.4301608502864837,0.0027687760417725027,0.0,102404.80015992168,-0.024677114303583214
Confidence_Sizing,2024-03-15,99877.7452011397,0.0,0.4183034896850586,-0.015820347218107433,0.0,102404.80015992168,-0.024677114303583214
Confidence_Sizing,2024-03-18,99877.7452011397,0.0,0.2263822257518768,-0.042191439174443124,0.0,102404.80015992168,-0.024677114303583214
Confidence_Sizing,2024-03-19,99877.7452011397,0.0,0.3924726247787475,-0.0016091686334454014,0.0,102404.80015992168,-0.024677114303583214
Confidence_Sizing,2024-03-20,99877.7452011397,0.0,0.3924726247787475,0.0005162680698436173,0.0,102404.80015992168,-0.024677114303583214
Confidence_Sizing,2024-03-21,99877.7452011397,0.0,0.4181064367294311,-0.015618130001819552,0.0,102404.80015992168,-0.024677114303583214
Confidence_Sizing,2024-03-22,99877.7452011397,0.0,0.4326481819152832,-0.00854020894877261,0.0,102404.80015992168,-0.024677114303583214
Confidence_Sizing,2024-03-26,99877.7452011397,0.0,0.6045350432395935,-0.009439096752095422,0.0,102404.80015992168,-0.024677114303583214
Confidence_Sizing,2024-03-27,99907.32509659519,0.03837958971659357,0.711513876914978,0.009216628234121282,5.7569384574890356e-05,102404.80015992168,-0.02438826167744368
Confidence_Sizing,2024-03-28,99901.57349337485,0.0,0.64478600025177,0.010435196105137434,5.7569384574890356e-05,102404.80015992168,-0.024444427044802985
Confidence_Sizing,2024-04-01,99901.57349337485,0.0,0.4683361053466797,-0.00841257449974464,0.0,102404.80015992168,-0.024444427044802985
Confidence_Sizing,2024-04-02,99901.57349337485,0.0,0.6368498802185059,0.01634996632207164,0.0,102404.80015992168,-0.024444427044802985
Confidence_Sizing,2024-04-03,99901.57349337485,0.0,0.4386820495128631,0.014186912397659013,0.0,102404.80015992168,-0.024444427044802985
Confidence_Sizing,2024-04-04,99901.57349337485,0.0,0.4909493625164032,-0.006007555900079287,0.0,102404.80015992168,-0.024444427044802985
Confidence_Sizing,2024-04-05,99901.57349337485,0.0,0.4595701694488525,-0.001683722101369578,0.0,102404.80015992168,-0.024444427044802985
Confidence_Sizing,2024-04-08,99901.57349337485,0.0,0.423918068408966,-0.006544914395142709,0.0,102404.80015992168,-0.024444427044802985
Confidence_Sizing,2024-04-09,99901.57349337485,0.0,0.4303626120090484,0.009653964359818135,0.0,102404.80015992168,-0.024444427044802985
Confidence_Sizing,2024-04-10,99901.57349337485,0.0,0.4211709201335907,0.004203631538657326,0.0,102404.80015992168,-0.024444427044802985
Confidence_Sizing,2024-04-12,99901.57349337485,0.0,0.4717677533626556,-0.01504472250739397,0.0,102404.80015992168,-0.024444427044802985
Confidence_Sizing,2024-04-15,99901.57349337485,0.0,0.4466467201709747,-0.017355095704650103,0.0,102404.80015992168,-0.024444427044802985
Confidence_Sizing,2024-04-16,99901.57349337485,0.0,0.6795939207077026,-0.0027886925975930676,0.0,102404.80015992168,-0.024444427044802985
Confidence_Sizing,2024-04-18,99822.99040230294,0.07303790251413995,0.7219113707542419,-0.009269821032657943,0.00010955685377120993,102404.80015992168,-0.025211804071555544
Confidence_Sizing,2024-04-19,99896.16226114212,0.07303790251413995,0.7219113707542419,0.010036105528832495,0.0,102404.80015992168,-0.024497268632543756
Confidence_Sizing,2024-04-22,99900.98872617594,0.03837958971659357,0.711513876914978,0.0026134278477480954,5.198746919631958e-05,102404.80015992168,-0.024450137394298244
Confidence_Sizing,2024-04-23,99895.23748773655,0.0,0.6721768379211426,-0.01126536322652505,5.7569384574890356e-05,102404.80015992168,-0.02450629919951053
Confidence_Sizing,2024-04-24,99924.57273773332,0.07303790251413995,0.7219113707542419,0.005520654148128301,0.00010955685377120993,102404.80015992168,-0.02421983557719054
Confidence_Sizing,2024-04-25,99866.12538067416,0.07303790251413995,0.7219113707542419,-0.00800837285360545,0.0,102404.80015992168,-0.024790583793757426
Confidence_Sizing,2024-04-26,99959.36767063892,0.07303790251413995,0.7219113707542419,0.012783401747352707,0.0,102404.80015992168,-0.023880057238174546
Confidence_Sizing,2024-04-29,99762.23041232055,0.14554536342620863,0.7436636090278625,-0.012802968697553041,0.00010876119136810302,102404.80015992168,-0.025805135535388213
Confidence_Sizing,2024-04-30,100080.8954315871,0.3079694112141928,0.7923908233642578,0.011163060624374888,0.00024363607168197626,102404.80015992168,-0.022693318327904888
Confidence_Sizing,2024-05-02,99996.1688515643,0.10534620285034194,0.7316038608551025,-0.005151074530286959,0.00030393481254577633,102404.80015992168,-0.023520687551715436
Confidence_Sizing,2024-05-03,100491.68851805768,0.2564956347147625,0.7769486904144287,0.020203504308001552,0.00022672414779663084,102404.80015992168,-0.018681855136442493
Confidence_Sizing,2024-05-06,100453.02499891268,0.0,0.3915858268737793,0.014766427773869939,0.00038474345207214377,102404.80015992168,-0.019059410867078408
Confidence_Sizing,2024-05-07,100453.02499891268,0.0,0.3697722554206848,-0.0005026451763764372,0.0,102404.80015992168,-0.019059410867078408
Confidence_Sizing,2024-05-08,100453.02499891268,0.0,0.301511138677597,-0.0042117703782177385,0.0,102404.80015992168,-0.019059410867078408
Confidence_Sizing,2024-05-09,100453.02499891268,0.0,0.3406410813331604,-0.016741591244276988,0.0,102404.80015992168,-0.019059410867078408
Confidence_Sizing,2024-05-10,100453.02499891268,0.0,0.3453083634376526,0.013842201349842709,0.0,102404.80015992168,-0.019059410867078408
Confidence_Sizing,2024-05-13,100453.02499891268,0.0,0.339055985212326,-0.011804067348872627,0.0,102404.80015992168,-0.019059410867078408
Confidence_Sizing,2024-05-14,100453.02499891268,0.0,0.2392671853303909,-0.005331705395381414,0.0,102404.80015992168,-0.019059410867078408
Confidence_Sizing,2024-05-15,100453.02499891268,0.0,0.4329863488674164,0.005295858505643514,0.0,102404.80015992168,-0.019059410867078408
Confidence_Sizing,2024-05-16,100453.02499891268,0.0,0.3674110770225525,-0.017136813943368523,0.0,102404.80015992168,-0.019059410867078408
Confidence_Sizing,2024-05-17,100453.02499891268,0.0,0.5577951073646545,-0.0036253999974784623,0.0,102404.80015992168,-0.019059410867078408
Confidence_Sizing,2024-05-21,100453.02499891268,0.0,0.65833580493927,0.0030888563370892186,0.0,102404.80015992168,-0.019059410867078408
Confidence_Sizing,2024-05-22,100453.02499891268,0.0,0.6579462289810181,0.01603599978389214,0.0,102404.80015992168,-0.019059410867078408
Confidence_Sizing,2024-05-23,100453.02499891268,0.0,0.3188414573669433,-0.011288176738639355,0.0,102404.80015992168,-0.019059410867078408
Confidence_Sizing,2024-05-24,100453.02499891268,0.0,0.6009922027587891,-0.0006364336074490273,0.0,102404.80015992168,-0.019059410867078408
Confidence_Sizing,2024-05-27,100453.02499891268,0.0,0.6740281581878662,-0.0018586050073752247,0.0,102404.80015992168,-0.019059410867078408
Confidence_Sizing,2024-05-28,100403.4641895225,0.045096635818481584,0.7135289907455444,-0.009440350249201646,6.764495372772237e-05,102404.80015992168,-0.01954338045944881
Confidence_Sizing,2024-05-29,100193.88491429773,0.1118953625361126,0.7335686087608337,-0.01775920666249453,0.00010019809007644652,102404.80015992168,-0.021589957132588045
Confidence_Sizing,2024-05-30,100072.54642191471,0.0654532114664715,0.7196359634399414,-0.017438008827773466,6.966322660446165e-05,102404.80015992168,-0.022774847803665232
Confidence_Sizing,2024-05-31,100431.94821592439,0.4858535130818686,0.8457560539245605,0.008689888696028492,0.0006306004524230957,102404.80015992168,-0.01926522917789364
Confidence_Sizing,2024-06-03,100602.24510300645,0.5428071419397991,0.8628421425819397,0.003281229869780633,8.543044328689573e-05,102404.80015992168,-0.017602251594654228
Confidence_Sizing,2024-06-04,100520.33367730082,0.0,0.2884446680545807,0.008465666533479244,0.0008142107129096986,102404.80015992168,-0.01840213036574423
Confidence_Sizing,2024-06-05,100520.33367730082,0.0,0.2209851294755935,0.02240786671809558,0.0,102404.80015992168,-0.01840213036574423
Confidence_Sizing,2024-06-06,100520.33367730082,0.0,0.3052290380001068,0.016590969728575766,0.0,102404.80015992168,-0.01840213036574423
Confidence_Sizing,2024-06-07,100520.33367730082,0.0,0.2829272449016571,-0.009052504639766035,0.0,102404.80015992168,-0.01840213036574423
Confidence_Sizing,2024-06-10,100520.33367730082,0.0,0.3222821354866028,-0.001710382667514887,0.0,102404.80015992168,-0.01840213036574423
Confidence_Sizing,2024-06-11,100520.33367730082,0.0,0.3758260905742645,-0.005308843174906763,0.0,102404.80015992168,-0.01840213036574423
Confidence_Sizing,2024-06-12,100520.33367730082,0.0,0.4066451489925384,0.012135764275216454,0.0,102404.80015992168,-0.01840213036574423
Confidence_Sizing,2024-06-13,100520.33367730082,0.0,0.4400219321250915,-0.011887073650186819,0.0,102404.80015992168,-0.01840213036574423
Confidence_Sizing,2024-06-14,100520.33367730082,0.0,0.4116044342517853,-0.004423207149149455,0.0,102404.80015992168,-0.01840213036574423
Confidence_Sizing,2024-06-18,100520.33367730082,0.0,0.3943470120429992,-0.0035123970908672586,0.0,102404.80015992168,-0.01840213036574423
Confidence_Sizing,2024-06-19,100520.33367730082,0.0,0.4451701939105987,-0.0038009183674321267,0.0,102404.80015992168,-0.01840213036574423
Confidence_Sizing,2024-06-20,100520.33367730082,0.0,0.1704689264297485,0.006205030034985848,0.0,102404.80015992168,-0.01840213036574423
Confidence_Sizing,2024-06-21,100520.33367730082,0.0,0.1675410717725753,0.0015876268000065696,0.0,102404.80015992168,-0.01840213036574423
Confidence_Sizing,2024-06-24,100520.33367730082,0.0,0.1702487021684646,0.0056722652658729444,0.0,102404.80015992168,-0.01840213036574423
Confidence_Sizing,2024-06-25,100520.33367730082,0.0,0.2115805596113205,0.004533117978798407,0.0,102404.80015992168,-0.01840213036574423
Confidence_Sizing,2024-06-26,100520.33367730082,0.0,0.1747529655694961,0.020306755372853758,0.0,102404.80015992168,-0.01840213036574423
Confidence_Sizing,2024-06-27,100520.33367730082,0.0,0.1585526466369629,-0.007625535565416008,0.0,102404.80015992168,-0.01840213036574423
Confidence_Sizing,2024-06-28,100520.33367730082,0.0,0.120798535645008,0.01896700963855702,0.0,102404.80015992168,-0.01840213036574423
Confidence_Sizing,2024-07-01,100520.33367730082,0.0,0.1676857769489288,0.009853690526623105,0.0,102404.80015992168,-0.01840213036574423
Confidence_Sizing,2024-07-02,100520.33367730082,0.0,0.09813142567873,-0.012981008515812853,0.0,102404.80015992168,-0.01840213036574423
Confidence_Sizing,2024-07-03,100520.33367730082,0.0,0.1081952154636383,0.01404702129042934,0.0,102404.80015992168,-0.01840213036574423
Confidence_Sizing,2024-07-04,100520.33367730082,0.0,0.0982093587517738,-0.0022755573819274177,0.0,102404.80015992168,-0.01840213036574423
Confidence_Sizing,2024-07-05,100520.33367730082,0.0,0.1049072816967964,-0.004636347133422869,0.0,102404.80015992168,-0.01840213036574423
Confidence_Sizing,2024-07-08,100520.33367730082,0.0,0.1101596057415008,-0.001928265868483603,0.0,102404.80015992168,-0.01840213036574423
Confidence_Sizing,2024-07-09,100520.33367730082,0.0,0.1074301674962043,-0.019156968424601684,0.0,102404.80015992168,-0.01840213036574423
Confidence_Sizing,2024-07-10,100520.33367730082,0.0,0.067156933248043,0.0037220493436185276,0.0,102404.80015992168,-0.01840213036574423
Confidence_Sizing,2024-07-11,100520.33367730082,0.0,0.0651871934533119,0.06632776394201523,0.0,102404.80015992168,-0.01840213036574423
Confidence_Sizing,2024-07-12,100520.33367730082,0.0,0.2866563498973846,-0.003525376572724337,0.0,102404.80015992168,-0.01840213036574423
Confidence_Sizing,2024-07-15,100520.33367730082,0.0,0.2609844505786896,0.0022186509562194257,0.0,102404.80015992168,-0.01840213036574423
Confidence_Sizing,2024-07-16,100520.33367730082,0.0,0.2654161155223846,0.03281111487910082,0.0,102404.80015992168,-0.01840213036574423
Confidence_Sizing,2024-07-18,100520.33367730082,0.0,0.2534982562065124,-0.003047097806510468,0.0,102404.80015992168,-0.01840213036574423
Confidence_Sizing,2024-07-19,100520.33367730082,0.0,0.2295404523611068,-0.0034980022845625403,0.0,102404.80015992168,-0.01840213036574423
Confidence_Sizing,2024-07-22,100520.33367730082,0.0,0.2242989689111709,0.003498664596623513,0.0,102404.80015992168,-0.01840213036574423
Confidence_Sizing,2024-07-23,100520.33367730082,0.0,0.2242989689111709,0.0009064586226663618,0.0,102404.80015992168,-0.01840213036574423
Confidence_Sizing,2024-07-24,100520.33367730082,0.0,0.2841377854347229,0.0037735849056603765,0.0,102404.80015992168,-0.01840213036574423
Confidence_Sizing,2024-07-25,100520.33367730082,0.0,0.2812440991401672,0.015118588237420516,0.0,102404.80015992168,-0.01840213036574423
Confidence_Sizing,2024-07-26,100520.33367730082,0.0,0.2386145740747451,-0.0015383387877369037,0.0,102404.80015992168,-0.01840213036574423
Confidence_Sizing,2024-07-29,100520.33367730082,0.0,0.286546915769577,-0.003594987480068257,0.0,102404.80015992168,-0.01840213036574423
Confidence_Sizing,2024-07-30,100520.33367730082,0.0,0.2715286314487457,0.00458153402420991,0.0,102404.80015992168,-0.01840213036574423
Confidence_Sizing,2024-07-31,100520.33367730082,0.0,0.2840441465377807,0.002679375588799493,0.0,102404.80015992168,-0.01840213036574423
Confidence_Sizing,2024-08-01,100520.33367730082,0.0,0.296279102563858,-0.0259376158003638,0.0,102404.80015992168,-0.01840213036574423
Confidence_Sizing,2024-08-02,100520.33367730082,0.0,0.294759064912796,-0.029885246690317002,0.0,102404.80015992168,-0.01840213036574423
Confidence_Sizing,2024-08-05,100520.33367730082,0.0,0.2707370817661285,0.003886930694977364,0.0,102404.80015992168,-0.01840213036574423
Confidence_Sizing,2024-08-06,100520.33367730082,0.0,0.2707370817661285,0.007012370212504004,0.0,102404.80015992168,-0.01840213036574423
Confidence_Sizing,2024-08-07,100520.33367730082,0.0,0.3227385282516479,-0.0066422381715501855,0.0,102404.80015992168,-0.01840213036574423
Confidence_Sizing,2024-08-08,100520.33367730082,0.0,0.3355268836021423,0.013469029237078045,0.0,102404.80015992168,-0.01840213036574423
Confidence_Sizing,2024-08-09,100520.33367730082,0.0,0.3270950615406036,-0.00782739524830034,0.0,102404.80015992168,-0.01840213036574423
Confidence_Sizing,2024-08-12,100520.33367730082,0.0,0.3264108598232269,0.0003099145541252124,0.0,102404.80015992168,-0.01840213036574423
Confidence_Sizing,2024-08-13,100520.33367730082,0.0,0.3388810753822326,0.023421722944744428,0.0,102404.80015992168,-0.01840213036574423
Confidence_Sizing,2024-08-14,100520.33367730082,0.0,0.242540031671524,0.02812404509341704,0.0,102404.80015992168,-0.01840213036574423
Confidence_Sizing,2024-08-16,100520.33367730082,0.0,0.2669140696525574,0.01674577927857701,0.0,102404.80015992168,-0.01840213036574423
Confidence_Sizing,2024-08-19,100520.33367730082,0.0,0.2460161000490188,0.007416437569599088,0.0,102404.80015992168,-0.01840213036574423
Confidence_Sizing,2024-08-20,100520.33367730082,0.0,0.2275067567825317,0.006234429847713496,0.0,102404.80015992168,-0.01840213036574423
Confidence_Sizing,2024-08-21,100520.33367730082,0.0,0.2480917125940323,-0.010875535537734793,0.0,102404.80015992168,-0.01840213036574423
Confidence_Sizing,2024-08-22,100520.33367730082,0.0,0.2242989689111709,-0.008462927067136805,0.0,102404.80015992168,-0.01840213036574423
Confidence_Sizing,2024-08-23,100520.33367730082,0.0,0.2429498732089996,0.00863601196534658,0.0,102404.80015992168,-0.01840213036574423
Confidence_Sizing,2024-08-26,100520.33367730082,0.0,0.2439489513635635,-0.0011772019098108544,0.0,102404.80015992168,-0.01840213036574423
Confidence_Sizing,2024-08-27,100520.33367730082,0.0,0.244068294763565,0.0019790094920144607,0.0,102404.80015992168,-0.01840213036574423
Confidence_Sizing,2024-08-28,100520.33367730082,0.0,0.2533520460128784,0.0012760622383751752,0.0,102404.80015992168,-0.01840213036574423
Confidence_Sizing,2024-08-29,100520.33367730082,0.0,0.2592674493789673,0.009297884908128218,0.0,102404.80015992168,-0.01840213036574423
Confidence_Sizing,2024-08-30,100520.33367730082,0.0,0.2506621479988098,-0.0071809377573428534,0.0,102404.80015992168,-0.01840213036574423
Confidence_Sizing,2024-09-02,100520.33367730082,0.0,0.2566772103309631,-0.0019242670191843558,0.0,102404.80015992168,-0.01840213036574423
Confidence_Sizing,2024-09-03,100520.33367730082,0.0,0.3106915652751922,-0.007335445375446947,0.0,102404.80015992168,-0.01840213036574423
Confidence_Sizing,2024-09-04,100520.33367730082,0.0,0.327718049287796,-0.0007366868755930289,0.0,102404.80015992168,-0.01840213036574423
Confidence_Sizing,2024-09-05,100520.33367730082,0.0,0.327718049287796,-0.004289635602426456,0.0,102404.80015992168,-0.01840213036574423
Confidence_Sizing,2024-09-06,100520.33367730082,0.0,0.3231621384620666,-0.0016155708335671148,0.0,102404.80015992168,-0.01840213036574423
Confidence_Sizing,2024-09-09,100520.33367730082,0.0,0.357803463935852,0.013102514979679958,0.0,102404.80015992168,-0.01840213036574423
Confidence_Sizing,2024-09-10,100520.33367730082,0.0,0.3259206712245941,-0.006322304287540104,0.0,102404.80015992168,-0.01840213036574423
Confidence_Sizing,2024-09-11,100520.33367730082,0.0,0.3258581459522247,0.008561531655298937,0.0,102404.80015992168,-0.01840213036574423
Confidence_Sizing,2024-09-12,100520.33367730082,0.0,0.3316980302333832,0.0010846010429894637,0.0,102404.80015992168,-0.01840213036574423
Confidence_Sizing,2024-09-13,100520.33367730082,0.0,0.3316980302333832,-0.002067416409665679,0.0,102404.80015992168,-0.01840213036574423
Confidence_Sizing,2024-09-16,100520.33367730082,0.0,0.3296115696430206,-0.0016839522863235645,0.0,102404.80015992168,-0.01840213036574423
Confidence_Sizing,2024-09-17,100520.33367730082,0.0,0.3421419560909271,-0.03539999854783016,0.0,102404.80015992168,-0.01840213036574423
Confidence_Sizing,2024-09-18,100520.33367730082,0.0,0.236836165189743,-0.011504435218177012,0.0,102404.80015992168,-0.01840213036574423
Confidence_Sizing,2024-09-19,100520.33367730082,0.0,0.1933979839086532,-0.0026186237109330213,0.0,102404.80015992168,-0.01840213036574423
Confidence_Sizing,2024-09-20,100520.33367730082,0.0,0.1933979839086532,-0.003827371167942517,0.0,102404.80015992168,-0.01840213036574423
Confidence_Sizing,2024-09-23,100520.33367730082,0.0,0.2365657389163971,0.0006559223819841975,0.0,102404.80015992168,-0.01840213036574423
Confidence_Sizing,2024-09-24,100520.33367730082,0.0,0.2511974573135376,0.0008077623838798065,0.0,102404.80015992168,-0.01840213036574423
Confidence_Sizing,2024-09-25,100520.33367730082,0.0,0.2854065299034118,0.004152289607579407,0.0,102404.80015992168,-0.01840213036574423
Confidence_Sizing,2024-09-26,100520.33367730082,0.0,0.3754554092884063,0.003774069962143356,0.0,102404.80015992168,-0.01840213036574423
Confidence_Sizing,2024-09-27,100520.33367730082,0.0,0.3710492253303528,-0.009330005219725934,0.0,102404.80015992168,-0.01840213036574423
Confidence_Sizing,2024-09-30,100520.33367730082,0.0,0.3588312566280365,0.004544899225430443,0.0,102404.80015992168,-0.01840213036574423
Confidence_Sizing,2024-10-01,100520.33367730082,0.0,0.384001225233078,-0.01286175134676193,0.0,102404.80015992168,-0.01840213036574423
Confidence_Sizing,2024-10-03,100520.33367730082,0.0,0.6041865348815918,0.004606934026342158,0.0,102404.80015992168,-0.01840213036574423
Confidence_Sizing,2024-10-04,100520.33367730082,0.0,0.58246910572052,0.00484451705714628,0.0,102404.80015992168,-0.01840213036574423
Confidence_Sizing,2024-10-07,100520.33367730082,0.0,0.3540689051151275,-0.004587125035582451,0.0,102404.80015992168,-0.01840213036574423
Confidence_Sizing,2024-10-08,100520.33367730082,0.0,0.58246910572052,-7.048837653556017e-05,0.0,102404.80015992168,-0.01840213036574423
Confidence_Sizing,2024-10-09,100520.33367730082,0.0,0.2640060484409332,-0.006007663338477576,0.0,102404.80015992168,-0.01840213036574423
Confidence_Sizing,2024-10-10,100520.33367730082,0.0,0.4729017913341522,-0.01849829891605348,0.0,102404.80015992168,-0.01840213036574423
Confidence_Sizing,2024-10-11,100428.02063391678,0.20296192169189464,0.7608885765075684,-0.003024749922389547,0.00030444288253784194,102404.80015992168,-0.019303582673056763
Confidence_Sizing,2024-10-14,100333.35801380356,0.19346094131469738,0.7580382823944092,-0.004798592611137686,1.4251470565795898e-05,102404.80015992168,-0.020227978990078888
Confidence_Sizing,2024-10-15,100224.05083504492,0.2026638984680177,0.7607991695404053,-0.0053074850739028845,1.3804435729980468e-05,102404.80015992168,-0.021295381871466623
Confidence_Sizing,2024-10-16,100312.19667777744,0.29801762104034435,0.7894052863121033,0.0034310672891384453,0.00014303058385849,102404.80015992168,-0.0204346229754494
Confidence_Sizing,2024-10-17,100367.36168516404,0.2026638984680177,0.7607991695404053,0.0034192759035045484,0.00014303058385849,102404.80015992168,-0.019895927452383555
Confidence_Sizing,2024-10-18,100196.45545428022,0.15581107139587416,0.7467433214187622,-0.010477609798003495,7.027924060821529e-05,102404.80015992168,-0.021564855379755388
Confidence_Sizing,2024-10-21,99674.72666209999,0.31499342123667406,0.7944980263710022,-0.015772662258649484,0.00023877352476119987,102404.80015992168,-0.02665962429064106
Confidence_Sizing,2024-10-22,100139.7544091469,0.37643786271413177,0.8129313588142395,0.012638525712862725,9.216666221618655e-05,102404.80015992168,-0.022118550568308692
Confidence_Sizing,2024-10-23,100020.7817188115,0.2069216569264731,0.7620764970779419,-0.0045127814709499114,0.000254274308681488,102404.80015992168,-0.023280338786728305
Confidence_Sizing,2024-10-24,100074.68073348222,0.25848265488942473,0.7775447964668274,0.0023839884179912563,7.734149694442745e-05,102404.80015992168,-0.022754005894260798
Confidence_Sizing,2024-10-25,100276.24145643602,0.2474341392517091,0.7742302417755127,0.008206934831954227,1.657277345657346e-05,102404.80015992168,-0.020785731725090684
Confidence_Sizing,2024-10-28,100217.02088798104,0.09484823544820163,0.7284544706344604,-0.003813412196449706,0.0002288788557052612,102404.80015992168,-0.021364030480251595
Confidence_Sizing,2024-10-29,100242.78648987463,0.1423606872558595,0.7427082061767578,0.0023065829933746063,7.126867771148682e-05,102404.80015992168,-0.02111242506865607
Confidence_Sizing,2024-10-30,99867.4680578942,0.1310137510299684,0.7393041253089905,-0.028447958564380316,1.702040433883667e-05,102404.80015992168,-0.024777472326150907
Confidence_Sizing,2024-10-31,100055.90076842207,0.6846663951873779,0.9053999185562134,0.003968803989917724,0.0008304789662361144,102404.80015992168,-0.022937395393882176
Confidence_Sizing,2024-11-01,99696.87290199833,0.706521232922872,0.9119563698768616,-0.005032390209790516,3.278225660324102e-05,102404.80015992168,-0.026443362554240513
Confidence_Sizing,2024-11-04,99807.54390276404,0.6542950471242269,0.8962885141372681,0.001816327709565968,7.833927869796753e-05,102404.80015992168,-0.02536264172286462
Confidence_Sizing,2024-11-05,102607.94061992495,0.6623661120732626,0.8987098336219788,0.04237848604353078,1.2106597423553467e-05,102607.94061992495,0.0
Confidence_Sizing,2024-11-06,102505.99458588056,0.0,0.6782045960426331,0.002717621119030067,0.0009935491681098939,102607.94061992495,-0.0009935491681098974
Confidence_Sizing,2024-11-07,102505.1769002378,0.003269871075948227,0.7009809613227844,-0.0009395317727483032,4.90480661392234e-06,102607.94061992495,-0.0010015181969961207
Confidence_Sizing,2024-11-08,102509.35553658476,0.003269871075948227,0.7009809613227844,0.012466890598625602,0.0,102607.94061992495,-0.0009607938990352505
Confidence_Sizing,2024-11-11,102508.85274801972,0.0,0.5726436972618103,-0.0003096894058313149,4.90480661392234e-06,102607.94061992495,-0.0009656939931409481
Confidence_Sizing,2024-11-12,102508.85274801972,0.0,0.5741950869560242,-0.01120927378428449,0.0,102607.94061992495,-0.0009656939931409481
Confidence_Sizing,2024-11-13,102508.85274801972,0.0,0.593315601348877,-0.0010722457642822203,0.0,102607.94061992495,-0.0009656939931409481
Confidence_Sizing,2024-11-14,102508.85274801972,0.0,0.6569667458534241,-0.030487929115773804,0.0,102607.94061992495,-0.0009656939931409481
Confidence_Sizing,2024-11-18,102514.42690524792,0.01558895905812596,0.7046766877174377,0.004988194757588049,2.338343858718894e-05,102607.94061992495,-0.0009113691797345558
Confidence_Sizing,2024-11-19,102512.02976544209,0.0,0.6871570348739624,0.008243504456092898,2.338343858718894e-05,102607.94061992495,-0.0009347313073764241
Confidence_Sizing,2024-11-21,102512.02976544209,0.0,0.6869116425514221,0.0421694871851126,0.0,102607.94061992495,-0.0009347313073764241
Confidence_Sizing,2024-11-22,102512.02976544209,0.0,0.5649750232696533,0.01660933854261759,0.0,102607.94061992495,-0.0009347313073764241
Confidence_Sizing,2024-11-25,102512.02976544209,0.0,0.4009934365749359,0.008713609604716455,0.0,102607.94061992495,-0.0009347313073764241
Confidence_Sizing,2024-11-26,102512.02976544209,0.0,0.3805783689022064,-0.004629400078300927,0.0,102607.94061992495,-0.0009347313073764241
Confidence_Sizing,2024-11-27,102512.02976544209,0.0,0.3841496407985687,-0.02023055851520028,0.0,102607.94061992495,-0.0009347313073764241
Confidence_Sizing,2024-11-28,102512.02976544209,0.0,0.2898951768875122,0.006113264366533588,0.0,102607.94061992495,-0.0009347313073764241
Confidence_Sizing,2024-11-29,102512.02976544209,0.0,0.4073731303215027,0.0013579977182254233,0.0,102607.94061992495,-0.0009347313073764241
Confidence_Sizing,2024-12-02,102512.02976544209,0.0,0.3055686056613922,0.006102930623791858,0.0,102607.94061992495,-0.0009347313073764241
Confidence_Sizing,2024-12-03,102512.02976544209,0.0,0.3819903135299682,0.012003928265353458,0.0,102607.94061992495,-0.0009347313073764241
Confidence_Sizing,2024-12-04,102512.02976544209,0.0,0.4721872210502624,0.02518140382208145,0.0,102607.94061992495,-0.0009347313073764241
Confidence_Sizing,2024-12-05,102512.02976544209,0.0,0.436297208070755,-0.00415537583564185,0.0,102607.94061992495,-0.0009347313073764241
Confidence_Sizing,2024-12-06,102512.02976544209,0.0,0.3573099076747894,0.0014958727575637987,0.0,102607.94061992495,-0.0009347313073764241
Confidence_Sizing,2024-12-09,102512.02976544209,0.0,0.4462079703807831,-0.004402389426719888,0.0,102607.94061992495,-0.0009347313073764241
Confidence_Sizing,2024-12-10,102512.02976544209,0.0,0.3232079446315765,-0.0011504911619057978,0.0,102607.94061992495,-0.0009347313073764241
Confidence_Sizing,2024-12-11,102512.02976544209,0.0,0.3232079446315765,0.006211249994209966,0.0,102607.94061992495,-0.0009347313073764241
Confidence_Sizing,2024-12-12,102512.02976544209,0.0,0.4023072421550751,0.004253629378660362,0.0,102607.94061992495,-0.0009347313073764241
Confidence_Sizing,2024-12-13,102512.02976544209,0.0,0.4300086498260498,-0.013120478399728852,0.0,102607.94061992495,-0.0009347313073764241
Confidence_Sizing,2024-12-16,102512.02976544209,0.0,0.3563823699951172,-0.019636752916560196,0.0,102607.94061992495,-0.0009347313073764241
Confidence_Sizing,2024-12-17,102512.02976544209,0.0,0.415903240442276,0.004470393359420122,0.0,102607.94061992495,-0.0009347313073764241
Confidence_Sizing,2024-12-18,102512.02976544209,0.0,0.3719558715820312,-0.017468448453050733,0.0,102607.94061992495,-0.0009347313073764241
Confidence_Sizing,2024-12-19,102512.02976544209,0.0,0.3065764605998993,-0.023783351665264352,0.0,102607.94061992495,-0.0009347313073764241
Confidence_Sizing,2024-12-20,102512.02976544209,0.0,0.568117082118988,-0.0028774909627629075,0.0,102607.94061992495,-0.0009347313073764241
Confidence_Sizing,2024-12-23,102512.02976544209,0.0,0.5576220750808716,0.005098284469196246,0.0,102607.94061992495,-0.0009347313073764241
Confidence_Sizing,2024-12-24,102512.02976544209,0.0,0.5937625169754028,-0.002488312559815742,0.0,102607.94061992495,-0.0009347313073764241
Confidence_Sizing,2024-12-26,102512.02976544209,0.0,0.5832534432411194,-0.001019404643795685,0.0,102607.94061992495,-0.0009347313073764241
Confidence_Sizing,2024-12-27,102512.02976544209,0.0,0.5656948685646057,-0.0014527036572468122,0.0,102607.94061992495,-0.0009347313073764241
Confidence_Sizing,2024-12-30,102512.02976544209,0.0,0.5315733551979065,-0.015388996553101442,0.0,102607.94061992495,-0.0009347313073764241
Confidence_Sizing,2024-12-31,102512.02976544209,0.0,0.6027769446372986,0.004310380549454651,0.0,102607.94061992495,-0.0009347313073764241
Confidence_Sizing,2025-01-01,102512.02976544209,0.0,0.3396520018577575,0.015392236180671759,0.0,102607.94061992495,-0.0009347313073764241
Confidence_Sizing,2025-01-02,102512.02976544209,0.0,0.4462629556655884,-0.018164424991019557,0.0,102607.94061992495,-0.0009347313073764241
Confidence_Sizing,2025-01-03,102512.02976544209,0.0,0.3802525699138641,-0.0011951273105348381,0.0,102607.94061992495,-0.0009347313073764241
Confidence_Sizing,2025-01-06,102512.02976544209,0.0,0.6027769446372986,-0.016288144364316248,0.0,102607.94061992495,-0.0009347313073764241
Confidence_Sizing,2025-01-07,102512.02976544209,0.0,0.589745819568634,0.01988428184214497,0.0,102607.94061992495,-0.0009347313073764241
Confidence_Sizing,2025-01-08,102512.02976544209,0.0,0.4721475541591644,-0.016928684242209058,0.0,102607.94061992495,-0.0009347313073764241
Confidence_Sizing,2025-01-09,102512.02976544209,0.0,0.5819497108459473,0.056154548746216726,0.0,102607.94061992495,-0.0009347313073764241
Confidence_Sizing,2025-01-10,102512.02976544209,0.0,0.5834248661994934,0.005966311323045259,0.0,102607.94061992495,-0.0009347313073764241
Confidence_Sizing,2025-01-13,102512.02976544209,0.0,0.5351479053497314,-0.013528067779275621,0.0,102607.94061992495,-0.0009347313073764241
Confidence_Sizing,2025-01-14,102512.02976544209,0.0,0.6169790029525757,0.003909779882680153,0.0,102607.94061992495,-0.0009347313073764241
Confidence_Sizing,2025-01-15,102512.02976544209,0.0,0.6325839757919312,-0.010189262983270164,0.0,102607.94061992495,-0.0009347313073764241
Confidence_Sizing,2025-01-16,102512.02976544209,0.0,0.6367969512939453,-0.01949456857749876,0.0,102607.94061992495,-0.0009347313073764241
Confidence_Sizing,2025-01-17,102512.02976544209,0.0,0.5152623057365417,-0.011274581883335744,0.0,102607.94061992495,-0.0009347313073764241
Confidence_Sizing,2025-01-20,102512.02976544209,0.0,0.6982356905937195,-0.010287397780558316,0.0,102607.94061992495,-0.0009347313073764241
Confidence_Sizing,2025-01-21,102512.02976544209,0.0,0.6746646165847778,0.029919347120975548,0.0,102607.94061992495,-0.0009347313073764241
Confidence_Sizing,2025-01-22,102512.02976544209,0.0,0.4914069771766662,-0.0026824573165066257,0.0,102607.94061992495,-0.0009347313073764241
Confidence_Sizing,2025-01-23,102512.02976544209,0.0,0.4914069771766662,0.0016644518734183489,0.0,102607.94061992495,-0.0009347313073764241
Confidence_Sizing,2025-01-24,102512.02976544209,0.0,0.4914069771766662,-0.021000203080592694,0.0,102607.94061992495,-0.0009347313073764241
Confidence_Sizing,2025-01-27,102512.02976544209,0.0,0.5639668703079224,-0.006112899674695416,0.0,102607.94061992495,-0.0009347313073764241
Confidence_Sizing,2025-01-28,102512.02976544209,0.0,0.5229705572128296,0.014726568606366897,0.0,102607.94061992495,-0.0009347313073764241
Confidence_Sizing,2025-01-29,102512.02976544209,0.0,0.592658281326294,6.09785872260904e-05,0.0,102607.94061992495,-0.0009347313073764241
Confidence_Sizing,2025-01-30,102512.02976544209,0.0,0.592658281326294,0.0030121823501096934,0.0,102607.94061992495,-0.0009347313073764241
Confidence_Sizing,2025-01-31,102512.02976544209,0.0,0.5554901361465454,-0.009544305255340224,0.0,102607.94061992495,-0.0009347313073764241
Confidence_Sizing,2025-02-01,102495.8662660254,0.06053225199381524,0.7181596755981445,-0.0011047960688632674,9.079837799072286e-05,102607.94061992495,-0.0010922580964243256
Confidence_Sizing,2025-02-03,102544.07921095805,0.05130624771118178,0.7153918743133545,0.009437996206463906,1.3839006423950192e-05,102607.94061992495,-0.0006223827179560049
Confidence_Sizing,2025-02-04,102536.18748306407,0.0,0.5213248133659363,-0.0038834949147794617,7.695937156677268e-05,102607.94061992495,-0.0006992941913400719
Confidence_Sizing,2025-02-05,102536.18748306407,0.0,0.6626167893409729,-0.0020410396853974833,0.0,102607.94061992495,-0.0006992941913400719
Confidence_Sizing,2025-02-06,102536.18748306407,0.0,0.6966712474822998,-0.013067196780662593,0.0,102607.94061992495,-0.0006992941913400719
Confidence_Sizing,2025-02-07,102536.18748306407,0.0,0.6849414706230164,0.0018737402618522747,0.0,102607.94061992495,-0.0006992941913400719
Confidence_Sizing,2025-02-10,102536.18748306407,0.0,0.6849414706230164,-0.018182019403644833,0.0,102607.94061992495,-0.0006992941913400719
Confidence_Sizing,2025-02-11,102536.18748306407,0.0,0.5199754238128662,-0.003380844525562865,0.0,102607.94061992495,-0.0006992941913400719
Confidence_Sizing,2025-02-12,102536.18748306407,0.0,0.5351260304450989,-0.010126197989667851,0.0,102607.94061992495,-0.0006992941913400719
Confidence_Sizing,2025-02-13,102756.40214677666,0.4458589951197307,0.8337576985359192,0.006316943321711177,0.000668788492679596,102756.40214677666,0.0
Confidence_Sizing,2025-02-14,102687.67984747174,0.0,0.5098326802253723,-0.007713152192081685,0.000668788492679596,102756.40214677666,-0.0006687884926795951
Confidence_Sizing,2025-02-17,102240.9642147733,0.4571302334467571,0.8371390700340271,-0.008016403848924325,0.0006856953501701357,102756.40214677666,-0.005016115017992928
Confidence_Sizing,2025-02-18,100636.21109393882,0.6685177087783813,0.9005553126335144,-0.02300419669494913,0.0003170812129974364,102756.40214677666,-0.020633177189381957
Confidence_Sizing,2025-02-19,100524.196268883,0.7716168562571208,0.9314850568771362,-0.0012420906400999465,0.00015464872121810926,102756.40214677666,-0.021723277881072534
Confidence_Sizing,2025-02-20,100657.33412743018,0.7645117839177453,0.9293535351753236,0.0017463348221384845,1.0657608509063277e-05,102756.40214677666,-0.02042761302938756
Confidence_Sizing,2025-02-21,98356.61980456297,0.782897432645162,0.9348692297935486,-0.02916003759739827,2.757847309112499e-05,102756.40214677666,-0.04281759822545228
Confidence_Sizing,2025-02-24,97413.88515094524,0.7626109917958575,0.9287832975387572,-0.012528579716136412,3.04296612739568e-05,102756.40214677666,-0.05199205970835963
Confidence_Sizing,2025-02-25,97063.51545051005,0.7666235764821374,0.9299870729446412,-0.0046837761626923324,6.018877029419945e-06,102756.40214677666,-0.055401771347880824
Confidence_Sizing,2025-02-27,94334.20182362058,0.7848560412724813,0.9354568123817444,-0.03579190518621844,2.7348697185515858e-05,102756.40214677666,-0.08196277942006824
Confidence_Sizing,2025-02-28,94536.87191867288,0.7710043191909787,0.9313012957572936,0.0028134784549271874,2.0777583122253972e-05,102756.40214677666,-0.07999044396633348
Confidence_Sizing,2025-03-03,95230.72891649496,0.6708271900812786,0.9012481570243835,0.011165027541785166,0.00015026569366455018,102756.40214677666,-0.07323799853883617
Confidence_Sizing,2025-03-04,95500.78377331751,0.6685492992401123,0.9005647897720337,0.004246825439230939,3.4168362617493787e-06,102756.40214677666,-0.07060989117831573
Confidence_Sizing,2025-03-05,96423.07715789526,0.6315701802571615,0.8894710540771484,0.015378990450430008,5.5468678474426216e-05,102756.40214677666,-0.061634359091659485
Confidence_Sizing,2025-03-06,96505.57882217168,0.4328417380650839,0.8298525214195251,0.0026654412636961666,0.0002980926632881164,102756.40214677666,-0.06083147321250448
Confidence_Sizing,2025-03-07,96231.2215138339,0.46764667828877776,0.8402940034866333,-0.005967559016257673,5.220741033554077e-05,102756.40214677666,-0.06350145097161175
Confidence_Sizing,2025-03-10,96037.04708182992,0.49463009834289556,0.8483890295028687,-0.003997563524580916,4.04751300811767e-05,102756.40214677666,-0.0653911087247766
Confidence_Sizing,2025-03-11,94931.78833785448,0.5882062117258708,0.8764618635177612,-0.019327076528555698,0.00014036417007446292,102756.40214677666,-0.07614721463043772
Confidence_Sizing,2025-03-12,94974.16480332932,0.46082671483357757,0.8382480144500732,0.0013832918041736253,0.00019106924533843992,102756.40214677666,-0.07573481730443654
Confidence_Sizing,2025-03-13,94823.06687215819,0.3907803297042848,0.8172340989112854,-0.0038023091299156375,0.00010506957769393919,102756.40214677666,-0.07720526515989279
Confidence_Sizing,2025-03-17,94819.9274987002,0.36870853106180834,0.8106125593185425,0.0,3.3107697963714656e-05,102756.40214677666,-0.07723581676925628
Confidence_Sizing,2025-03-18,95514.17216925562,0.39324557781219494,0.8179736733436584,0.018712282953243786,3.680557012557989e-05,102756.40214677666,-0.0704795986061898
Confidence_Sizing,2025-03-20,95641.64284431835,0.33787147204081225,0.8013614416122437,0.004195780621709444,8.306115865707403e-05,102756.40214677666,-0.06923908538852519
Confidence_Sizing,2025-03-21,96081.38020115401,0.3248955408732097,0.7974686622619629,0.014211411678765717,1.946389675140381e-05,102756.40214677666,-0.06495966972537714
Confidence_Sizing,2025-03-24,96259.53134342108,0.24814164638519298,0.7744424939155579,0.007936193448693007,0.0001151308417320251,102756.40214677666,-0.06322594668189607
Confidence_Sizing,2025-03-25,96097.18347038164,0.274469017982483,0.7823407053947449,-0.006000943523169933,3.949105739593506e-05,102756.40214677666,-0.06480587620110545
Confidence_Sizing,2025-03-26,96296.02905873396,0.6058970689773561,0.8817691206932068,0.004235629610245928,0.0004971420764923096,102756.40214677666,-0.06287075990471858
Confidence_Sizing,2025-03-27,95590.09840716801,0.5925209919611614,0.8777562975883484,-0.012338422828272133,2.0064115524292047e-05,102756.40214677666,-0.06974070315708736
Confidence_Sizing,2025-03-28,94694.46208832067,0.6088486909866334,0.88265460729599,-0.015348738963860464,2.4491548538208064e-05,102756.40214677666,-0.07845681524485804
Confidence_Sizing,2025-04-01,94528.48976944148,0.7774438063303626,0.9332331418991088,-0.0019291702044756942,0.0002528926730155938,102756.40214677666,-0.08007201697839195
Confidence_Sizing,2025-04-02,91746.93111349923,0.739201466242472,0.9217604398727416,-0.039729694484417544,5.7363510131835936e-05,102756.40214677666,-0.10714146080700215
Confidence_Sizing,2025-04-03,90138.01393737232,0.5667358239491781,0.8700207471847534,-0.030486461947664245,0.0002586984634399408,102756.40214677666,-0.12279904653902052
Confidence_Sizing,2025-04-04,89800.26486955489,0.46851650873819994,0.84055495262146,-0.007683170960154806,0.00014732897281646723,102756.40214677666,-0.12608593728997342
Confidence_Sizing,2025-04-07,90076.89224762353,0.5564945538838705,0.8669483661651611,0.005772636967023459,0.0001319670677185058,102756.40214677666,-0.12339386777129258
Confidence_Sizing,2025-04-08,89753.41441892734,0.21918749809265148,0.7657562494277954,-0.014075480709668908,0.0005059605836868285,102756.40214677666,-0.12654187433767805
Confidence_Sizing,2025-04-09,89434.63548833765,0.6308680375417074,0.8892604112625122,-0.004651049467765067,0.0006175208091735839,102756.40214677666,-0.1296441523848828
Confidence_Sizing,2025-04-11,89761.673616151,0.73896582921346,0.921689748764038,0.005167863584055299,0.0001621466875076289,102756.40214677666,-0.12646149786427963
Confidence_Sizing,2025-04-15,90287.83591798166,0.7448807954788208,0.9234642386436462,0.007881318281226513,8.872449398041216e-06,102756.40214677666,-0.12134101592020485
Confidence_Sizing,2025-04-16,90634.69384656857,0.5409701267878215,0.8622910380363464,0.007666886535910855,0.0003058660030364989,102756.40214677666,-0.11796547997947138
Confidence_Sizing,2025-04-17,90747.60201479266,0.24545645713806163,0.7736369371414185,0.006881140981686684,0.00044327050447463985,102756.40214677666,-0.1168666854920698
Confidence_Sizing,2025-04-21,90714.19013746617,0.0,0.5356848835945129,-0.0021676887948012258,0.0003681846857070925,102756.40214677666,-0.11719184165390939
Confidence_Sizing,2025-04-22,90934.16244868709,0.0858399868011476,0.7257519960403442,0.02974900451406781,0.0001287599802017214,102756.40214677666,-0.11505112529341721
Confidence_Sizing,2025-04-23,90922.45376773053,0.0,0.3339495956897735,-0.0033401413254467993,0.0001287599802017214,102756.40214677666,-0.11516507129300402
Confidence_Sizing,2025-04-24,90922.45376773053,0.0,0.3408219814300537,0.013640610598441683,0.0,102756.40214677666,-0.11516507129300402
Confidence_Sizing,2025-04-25,90922.45376773053,0.0,0.3011215627193451,-0.0013051044083526309,0.0,102756.40214677666,-0.11516507129300402
Confidence_Sizing,2025-04-28,90922.45376773053,0.0,0.3011215627193451,0.00842166400464639,0.0,102756.40214677666,-0.11516507129300402
Confidence_Sizing,2025-04-29,90922.45376773053,0.0,0.3088956773281097,-0.005413980944024455,0.0,102756.40214677666,-0.11516507129300402
Confidence_Sizing,2025-04-30,90922.45376773053,0.0,0.3119304180145263,-0.006572647158932465,0.0,102756.40214677666,-0.11516507129300402
Confidence_Sizing,2025-05-02,90922.45376773053,0.0,0.3195918798446655,0.0067910372568129596,0.0,102756.40214677666,-0.11516507129300402
Confidence_Sizing,2025-05-05,90922.45376773053,0.0,0.0899633169174194,0.0016501030863860233,0.0,102756.40214677666,-0.11516507129300402
Confidence_Sizing,2025-05-06,90922.45376773053,0.0,0.0826934874057769,-0.004306330157153204,0.0,102756.40214677666,-0.11516507129300402
Confidence_Sizing,2025-05-07,90922.45376773053,0.0,0.0829680934548378,0.0011029591535192118,0.0,102756.40214677666,-0.11516507129300402
Confidence_Sizing,2025-05-08,90922.45376773053,0.0,0.081339031457901,-0.002493506265514034,0.0,102756.40214677666,-0.11516507129300402
Confidence_Sizing,2025-05-09,90922.45376773053,0.0,0.0826145634055137,0.05235004242637875,0.0,102756.40214677666,-0.11516507129300402
Confidence_Sizing,2025-05-12,90922.45376773053,0.0,0.2193900197744369,-0.029112779026294056,0.0,102756.40214677666,-0.11516507129300402
Confidence_Sizing,2025-05-13,90922.45376773053,0.0,0.1284363120794296,0.00958746832770263,0.0,102756.40214677666,-0.11516507129300402
Confidence_Sizing,2025-05-14,90922.45376773053,0.0,0.1629817634820938,0.008791938343948091,0.0,102756.40214677666,-0.11516507129300402
Confidence_Sizing,2025-05-15,90922.45376773053,0.0,0.2577900290489197,-0.0051956350800332896,0.0,102756.40214677666,-0.11516507129300402
Confidence_Sizing,2025-05-16,90922.45376773053,0.0,0.2359750717878341,-0.011933844219047196,0.0,102756.40214677666,-0.11516507129300402
Confidence_Sizing,2025-05-19,90922.45376773053,0.0,0.1506282389163971,-0.005825849640654357,0.0,102756.40214677666,-0.11516507129300402
Confidence_Sizing,2025-05-20,90922.45376773053,0.0,0.1483691036701202,0.007860960928497862,0.0,102756.40214677666,-0.11516507129300402
Confidence_Sizing,2025-05-21,90922.45376773053,0.0,0.1527998149394989,-0.013840844106955186,0.0,102756.40214677666,-0.11516507129300402
Confidence_Sizing,2025-05-22,90922.45376773053,0.0,0.1515970677137375,0.01081394813236991,0.0,102756.40214677666,-0.11516507129300402
Confidence_Sizing,2025-05-23,90922.45376773053,0.0,0.1452295333147049,0.0064587579073398516,0.0,102756.40214677666,-0.11516507129300402
Confidence_Sizing,2025-05-26,90922.45376773053,0.0,0.1492395401000976,-0.010912305182885995,0.0,102756.40214677666,-0.11516507129300402
Confidence_Sizing,2025-05-27,90922.45376773053,0.0,0.1209469586610794,-0.00028582045158376257,0.0,102756.40214677666,-0.11516507129300402
Confidence_Sizing,2025-05-28,90922.45376773053,0.0,0.1188810318708419,0.000114402747508624,0.0,102756.40214677666,-0.11516507129300402
Confidence_Sizing,2025-05-29,90922.45376773053,0.0,0.1247487217187881,-0.009919726235321114,0.0,102756.40214677666,-0.11516507129300402
Confidence_Sizing,2025-05-30,90922.45376773053,0.0,0.1277496218681335,-0.003926734971154144,0.0,102756.40214677666,-0.11516507129300402
Confidence_Sizing,2025-06-02,90922.45376773053,0.0,0.1162265315651893,-0.012928313822536008,0.0,102756.40214677666,-0.11516507129300402
Confidence_Sizing,2025-06-03,90922.45376773053,0.0,0.0950516462326049,-0.007136159161450162,0.0,102756.40214677666,-0.11516507129300402
Confidence_Sizing,2025-06-04,90922.45376773053,0.0,0.0978474020957946,-0.0028985787720915424,0.0,102756.40214677666,-0.11516507129300402
Confidence_Sizing,2025-06-05,90922.45376773053,0.0,0.1197066605091095,0.0038859283723828852,0.0,102756.40214677666,-0.11516507129300402
Confidence_Sizing,2025-06-06,90922.45376773053,0.0,0.1163363680243492,0.011139989278358131,0.0,102756.40214677666,-0.11516507129300402
Confidence_Sizing,2025-06-09,90922.45376773053,0.0,0.1302157342433929,0.011981647964605324,0.0,102756.40214677666,-0.11516507129300402
Confidence_Sizing,2025-06-10,90922.45376773053,0.0,0.1550361812114715,0.0025989778087169846,0.0,102756.40214677666,-0.11516507129300402
Confidence_Sizing,2025-06-11,90922.45376773053,0.0,0.1032899543642997,-0.010858593920413773,0.0,102756.40214677666,-0.11516507129300402
Confidence_Sizing,2025-06-12,90922.45376773053,0.0,0.1089804843068122,0.003348669315563768,0.0,102756.40214677666,-0.11516507129300402
Confidence_Sizing,2025-06-13,90922.45376773053,0.0,0.0992893651127815,0.014684998221926149,0.0,102756.40214677666,-0.11516507129300402
Confidence_Sizing,2025-06-16,90922.45376773053,0.0,0.0993753224611282,0.005434316201313516,0.0,102756.40214677666,-0.11516507129300402
Confidence_Sizing,2025-06-17,90922.45376773053,0.0,0.1051598191261291,-0.01817772184359545,0.0,102756.40214677666,-0.11516507129300402
Confidence_Sizing,2025-06-18,90922.45376773053,0.0,0.0958040654659271,-0.007938779370406657,0.0,102756.40214677666,-0.11516507129300402
Confidence_Sizing,2025-06-19,90922.45376773053,0.0,0.1013682037591934,0.003417041814215871,0.0,102756.40214677666,-0.11516507129300402
Confidence_Sizing,2025-06-20,90922.45376773053,0.0,0.3934091031551361,-0.012253646742715452,0.0,102756.40214677666,-0.11516507129300402
Confidence_Sizing,2025-06-23,90922.45376773053,0.0,0.3587758839130401,-0.0009430089640527495,0.0,102756.40214677666,-0.11516507129300402
Confidence_Sizing,2025-06-24,90922.45376773053,0.0,0.3609920144081116,0.016045348056660913,0.0,102756.40214677666,-0.11516507129300402
Confidence_Sizing,2025-06-25,90922.45376773053,0.0,0.4100512862205505,-0.0008708778325233757,0.0,102756.40214677666,-0.11516507129300402
Confidence_Sizing,2025-06-26,90922.45376773053,0.0,0.4143960773944855,-0.0002033677616203322,0.0,102756.40214677666,-0.11516507129300402
Confidence_Sizing,2025-06-27,90922.45376773053,0.0,0.4194229245185852,0.006073610691530007,0.0,102756.40214677666,-0.11516507129300402
Confidence_Sizing,2025-06-30,90922.45376773053,0.0,0.428266316652298,-0.009329881232849502,0.0,102756.40214677666,-0.11516507129300402
Confidence_Sizing,2025-07-01,90922.45376773053,0.0,0.4627661406993866,-0.0018660239772763099,0.0,102756.40214677666,-0.11516507129300402
Confidence_Sizing,2025-07-02,90922.45376773053,0.0,0.4256802499294281,-0.0065726052870248575,0.0,102756.40214677666,-0.11516507129300402
Confidence_Sizing,2025-07-03,90922.45376773053,0.0,0.4410309493541717,0.005586920644319315,0.0,102756.40214677666,-0.11516507129300402
Confidence_Sizing,2025-07-04,90922.45376773053,0.0,0.4267217218875885,-0.0023685880871969767,0.0,102756.40214677666,-0.11516507129300402
Confidence_Sizing,2025-07-07,90922.45376773053,0.0,0.4858576357364654,-0.0016120995628912116,0.0,102756.40214677666,-0.11516507129300402
Confidence_Sizing,2025-07-08,90922.45376773053,0.0,0.4988323450088501,-0.0065762147451278175,0.0,102756.40214677666,-0.11516507129300402
Confidence_Sizing,2025-07-09,90922.45376773053,0.0,0.5903850197792053,-0.0005319607548172067,0.0,102756.40214677666,-0.11516507129300402
Confidence_Sizing,2025-07-10,90922.45376773053,0.0,0.5856637954711914,-0.0342992312241277,0.0,102756.40214677666,-0.11516507129300402
Confidence_Sizing,2025-07-11,90922.45376773053,0.0,0.6179961562156677,-0.013257822666296715,0.0,102756.40214677666,-0.11516507129300402
Confidence_Sizing,2025-07-14,91131.89277593575,0.29974337418874114,0.7899230122566223,0.009184875447522334,0.0004496150612831117,102756.40214677666,-0.11312686244343717
Confidence_Sizing,2025-07-15,91090.91850438045,0.0,0.6237364411354065,-0.005903499333892337,0.0004496150612831117,102756.40214677666,-0.11352561396353
Confidence_Sizing,2025-07-16,91090.91850438045,0.0,0.6595312356948853,-0.007392331125689822,0.0,102756.40214677666,-0.11352561396353
Confidence_Sizing,2025-07-17,90751.51916259114,0.4958680868148804,0.8487604260444641,-0.006013975171935693,0.0007438021302223207,102756.40214677666,-0.1168285647743662
Confidence_Sizing,2025-07-18,90280.6398485974,0.5186811685562135,0.855604350566864,-0.009937600596364726,3.4219622611999594e-05,102756.40214677666,-0.12141104629528532
Confidence_Sizing,2025-07-21,90267.13577798632,0.8778583606084188,0.9633575081825256,0.00044333687100950314,0.000538765788078308,102756.40214677666,-0.12154246458484153
Confidence_Sizing,2025-07-22,90628.93053212843,0.6940906842549639,0.9082272052764891,0.0061716671089055986,0.00027565151453018237,102756.40214677666,-0.11802156713627843
Confidence_Sizing,2025-07-23,90030.33873455347,0.6717309951782227,0.9015192985534668,-0.009782673304051692,3.353953361511186e-05,102756.40214677666,-0.12384691509581414
Confidence_Sizing,2025-07-24,89797.71993672395,0.6635284026463827,0.8990585207939148,-0.003875460982171175,1.2303888797759955e-05,102756.40214677666,-0.1261107039495466
Confidence_Sizing,2025-07-25,88825.5822323045,0.5951525370279949,0.8785457611083984,-0.018017730442065227,0.00010256379842758174,102756.40214677666,-0.13557130868180312
Confidence_Sizing,2025-07-28,88259.66343279237,0.8011598984400428,0.9403479695320128,-0.007566670496105821,0.0003090110421180719,102756.40214677666,-0.1410786910705304
Confidence_Sizing,2025-07-29,88202.99235626624,0.7830579678217574,0.9349173903465272,-0.0007853083585569465,2.7152895927428034e-05,102756.40214677666,-0.1416302000309665
Confidence_Sizing,2025-07-30,87839.81333386086,0.7354213396708175,0.9206264019012452,-0.005501718722441651,7.145494222640992e-05,102756.40214677666,-0.14516456883736573
Confidence_Sizing,2025-07-31,87120.81354682824,0.7354213396708175,0.9206264019012452,-0.011130152886150046,0.0,102756.40214677666,-0.15216169769757637
Confidence_Sizing,2025-08-01,88584.72148616042,0.7084265947341919,0.9125279784202576,0.023776191256660084,4.0492117404938356e-05,102756.40214677666,-0.13791530614679848
Confidence_Sizing,2025-08-04,88335.32280622018,0.7889667749404907,0.9366900324821472,-0.0034153006549327847,0.00012081027030944825,102756.40214677666,-0.14034239268087145
Confidence_Sizing,2025-08-05,87600.733009818,0.8041045665740967,0.941231369972229,-0.010313605053302366,2.2706687450408935e-05,102756.40214677666,-0.14749123967293432
Confidence_Sizing,2025-08-06,87942.21199961379,0.8041045665740967,0.941231369972229,0.004847789115577816,0.0,102756.40214677666,-0.14416805023985135
Confidence_Sizing,2025-08-07,87628.67842671165,0.9583270152409867,0.987498104572296,-0.0034788636876436074,0.00023133367300033508,102756.40214677666,-0.14721928175780874
Confidence_Sizing,2025-08-08,87750.36456803037,0.960026741027832,0.9880080223083496,0.0014491327314885005,2.5495886802679446e-06,102756.40214677666,-0.14603506219799078
Confidence_Sizing,2025-08-11,87600.97983614367,0.9508740504582719,0.9852622151374816,-0.0017758966053871283,1.372903585434021e-05,102756.40214677666,-0.1474888376199185
Confidence_Sizing,2025-08-12,87622.39465851117,0.9473778406778975,0.9842133522033693,0.00026357279233857334,5.244314670561523e-06,102756.40214677666,-0.14728043384243994
Confidence_Sizing,2025-08-13,87242.36304955564,0.9473778406778975,0.9842133522033693,-0.0045780589444990305,0.0,102756.40214677666,-0.15097880787087947
Confidence_Sizing,2025-08-14,86938.80632073965,0.9473778406778975,0.9842133522033693,-0.003672731852204403,0.0,102756.40214677666,-0.1539329471991755
Confidence_Sizing,2025-08-18,87075.64385057059,0.9527498086293539,0.9858249425888062,0.001660467614597927,8.057951927184503e-06,102756.40214677666,-0.15260127805767043
Confidence_Sizing,2025-08-19,89343.91952325056,0.95356818040212,0.986070454120636,0.02731919230101454,1.2275576591491699e-06,102756.40214677666,-0.1305269778166015
Confidence_Sizing,2025-08-20,89441.57876537013,0.9041593074798587,0.9712477922439576,0.0012909055295731164,7.41133093833919e-05,102756.40214677666,-0.12957658212271495
Confidence_Sizing,2025-08-21,88176.64580735985,0.9027138948440552,0.9708141684532166,-0.015664312552869153,2.1681189537053337e-06,102756.40214677666,-0.14188659815659144
Confidence_Sizing,2025-08-22,90482.71853139013,0.9233891566594442,0.9770167469978333,0.028356286069499026,3.1012892723083554e-05,102756.40214677666,-0.11944446632001449
Confidence_Sizing,2025-08-25,90917.38789165892,0.912079572677612,0.9736238718032836,0.005285567407328662,1.696437597274836e-05,102756.40214677666,-0.1152143711513659
Confidence_Sizing,2025-08-26,89264.06800752884,0.9035060405731201,0.971051812171936,-0.02011275845118088,1.2860298156737783e-05,102756.40214677666,-0.131304073102671
Confidence_Sizing,2025-08-28,89029.10241454597,0.9043744802474972,0.9713123440742492,-0.0029091379713765964,1.3026595115656626e-06,102756.40214677666,-0.13359070038889342
Confidence_Sizing,2025-08-29,89750.14740010211,0.896711508433024,0.9690134525299072,0.009044687303793042,1.1494457721709761e-05,102756.40214677666,-0.12657366816032045
Confidence_Sizing,2025-09-01,89719.64421449183,0.9090884129206339,0.9727265238761902,-0.00035343366373286056,1.8565356731414796e-05,102756.40214677666,-0.1268705176506978
Confidence_Sizing,2025-09-02,89360.18338581163,0.8811175425847375,0.9643352627754213,-0.004499437570303688,4.19563055038446e-05,102756.40214677666,-0.13036870191143857
Confidence_Sizing,2025-09-03,89312.68520725617,0.8599036534627279,0.9579710960388184,-0.0005811295651735326,3.182083368301442e-05,102756.40214677666,-0.13083094248782234
Confidence_Sizing,2025-09-04,88154.81303728347,0.8452645540237427,0.9535793662071228,-0.015311529893524356,2.195864915847784e-05,102756.40214677666,-0.14209906929824534
Confidence_Sizing,2025-09-05,87394.68385659033,0.8900846640268961,0.9670253992080688,-0.009611930701962534,6.723016500473017e-05,102756.40214677666,-0.14949645928867517
Confidence_Sizing,2025-09-08,88183.35670944642,0.8972652355829874,0.9691795706748962,0.010069527109556109,1.0770857334136964e-05,102756.40214677666,-0.14182128931017046
Confidence_Sizing,2025-09-09,89742.23552611939,0.8900846640268961,0.9670253992080688,0.019872794515954917,1.0770857334136964e-05,102756.40214677666,-0.12665066456947283
Confidence_Sizing,2025-09-10,90102.06998908594,0.8811175425847375,0.9643352627754213,0.0045659006983520545,1.3450682163237915e-05,102756.40214677666,-0.12314884419187178
Confidence_Sizing,2025-09-11,90335.54244772485,0.8803389072418213,0.9641016721725464,0.0029447382740097616,1.1679530143743345e-06,102756.40214677666,-0.12087674772137236
Confidence_Sizing,2025-09-12,89791.90005315891,0.8761496941248572,0.9628449082374572,-0.006861556350952314,6.283819675446112e-06,102756.40214677666,-0.12616734162314602
Confidence_Sizing,2025-09-15,90649.15513650686,0.879438678423564,0.9638316035270692,0.010861547571844543,4.933476448060248e-06,102756.40214677666,-0.117824746267156
Confidence_Sizing,2025-09-16,91313.63254669141,0.8551060756047567,0.956531822681427,0.008614965850813006,3.6498904228211006e-05,102756.40214677666,-0.11135821575127225
Confidence_Sizing,2025-09-17,91393.91410843522,0.7921258211135869,0.937637746334076,0.0012291673864510688,9.447038173675476e-05,102756.40214677666,-0.11057693536322266
Confidence_Sizing,2025-09-18,91218.10788595058,0.8059689998626706,0.9417906999588012,-0.0023609406350239004,2.0764768123625543e-05,102756.40214677666,-0.11228783822486155
Confidence_Sizing,2025-09-19,88994.76605031702,0.8095277945200599,0.942858338356018,-0.030102203651894532,5.338191986083929e-06,102756.40214677666,-0.13392485342959548
Confidence_Sizing,2025-09-22,88709.22240309963,0.8491064707438147,0.9547319412231444,-0.0037088119927388696,5.936801433563232e-05,102756.40214677666,-0.1367036938838333
Confidence_Sizing,2025-09-23,88039.37019286981,0.855392972628276,0.9566178917884828,-0.008816614701213976,9.42975282669184e-06,102756.40214677666,-0.14322253063011214
Confidence_Sizing,2025-09-24,86090.67193452673,0.8610389232635495,0.9583116769790648,-0.025696778846099666,8.468925952910266e-06,102756.40214677666,-0.16218678217679017
Confidence_Sizing,2025-09-25,84631.5228491371,0.8596745729446416,0.9579023718833924,-0.019713196257732046,2.0465254783618712e-06,102756.40214677666,-0.17638686173295648
Confidence_Sizing,2025-09-26,84550.91650039885,0.8844671249389652,0.9653401374816896,-0.0010348038698027029,3.718882799148543e-05,102756.40214677666,-0.17717130286805094
Confidence_Sizing,2025-09-29,84352.86871789925,0.8764542738596598,0.962936282157898,-0.0026588153215876265,1.2019276618958076e-05,102756.40214677666,-0.17909865511435386
Confidence_Sizing,2025-09-30,85013.246306795,0.8764542738596598,0.962936282157898,0.00893229805443152,0.0,102756.40214677666,-0.17267202304959484
Confidence_Sizing,2025-10-01,84698.75883263684,0.8764542738596598,0.962936282157898,-0.004220729199854278,0.0,102756.40214677666,-0.17573253769965969
Confidence_Sizing,2025-10-03,86911.54775687685,0.8764542738596598,0.962936282157898,0.029808057793494935,0.0,102756.40214677666,-0.1541982208297552
Confidence_Sizing,2025-10-06,86527.20087421525,0.8937457799911499,0.968123733997345,-0.004919004033009822,2.5937259197235163e-05,102756.40214677666,-0.1579385900391852
Confidence_Sizing,2025-10-07,87940.4280654194,0.9091068903605147,0.9727320671081544,0.01799105521016564,2.3041665554047243e-05,102756.40214677666,-0.1441854110481039
Confidence_Sizing,2025-10-08,88880.70870554502,0.9425983428955081,0.9827795028686525,0.011396670374100859,5.023717880249012e-05,102756.40214677666,-0.13503483142015493
Confidence_Sizing,2025-10-09,87984.58089956501,0.9213012059529626,0.9763903617858888,-0.010908940417550084,3.194570541381831e-05,102756.40214677666,-0.14375572653966273
Confidence_Sizing,2025-10-10,87416.91489654523,0.92514967918396,0.977544903755188,-0.006967637722825826,5.772709846496027e-06,102756.40214677666,-0.14928011228264482
Confidence_Sizing,2025-10-13,86167.38025333067,0.9156045913696292,0.9746813774108888,-0.01559587094482151,1.4317631721496083e-05,102756.40214677666,-0.1614402757090534
Confidence_Sizing,2025-10-14,86401.28525704409,0.8680893580118816,0.9604268074035645,0.003209134156438198,7.127285003662149e-05,102756.40214677666,-0.15916396981641123
Confidence_Sizing,2025-10-15,86422.51424032511,0.8825794458389279,0.9647738337516784,0.00030301782239683384,2.1735131740569457e-05,102756.40214677666,-0.15895737457915582
Confidence_Sizing,2025-10-16,86203.47778862878,0.884683887163798,0.9654051661491394,-0.002861278533581646,3.156661987305132e-06,102756.40214677666,-0.1610889833852277
Confidence_Sizing,2025-10-17,87544.17472358147,0.8704431454340613,0.9611329436302184,0.017892107512537336,2.1361112594604993e-05,102756.40214677666,-0.14804165098604882
Confidence_Sizing,2025-10-20,87317.75779208893,0.9011196692784628,0.9703359007835388,-0.00281905019157902,4.601478576660217e-05,102756.40214677666,-0.15024508480391574
Confidence_Sizing,2025-10-21,89073.23184456081,0.9095652500788375,0.9728695750236512,0.02211727178632561,1.2668371200562079e-05,102756.40214677666,-0.1331612436436893
Confidence_Sizing,2025-10-23,88822.8151989283,0.8250061273574826,0.9475018382072448,-0.003253937315789268,0.00012683868408203236,102756.40214677666,-0.13559823676918636
Confidence_Sizing,2025-10-24,89347.12043823852,0.835466742515564,0.9506400227546692,0.007084079236673091,1.5690922737122083e-05,102756.40214677666,-0.13049582730022402
Confidence_Sizing,2025-10-27,88732.40480929984,0.7758746147155762,0.9327623844146729,-0.008752309914330403,8.938819169998169e-05,102756.40214677666,-0.13647808841579545
Confidence_Sizing,2025-10-28,88717.20498506146,0.835466742515564,0.9506400227546692,-9.804267538982003e-05,8.938819169998169e-05,102756.40214677666,-0.1366260093620414
Confidence_Sizing,2025-10-29,88176.6222789436,0.835466742515564,0.9506400227546692,-0.007293317672647515,0.0,102756.40214677666,-0.14188682712934408
Confidence_Sizing,2025-10-30,88748.40029341698,0.8749903837839759,0.9624971151351928,0.0074786514699392015,5.928546190261785e-05,102756.40214677666,-0.13632242430355557
Confidence_Sizing,2025-10-31,87685.22672584109,0.8877487579981486,0.9663246273994446,-0.013472842109834904,1.9137561321259046e-05,102756.40214677666,-0.14666896763676085
Confidence_Sizing,2025-11-03,86987.99282134346,0.8997662464777625,0.9699298739433287,-0.008817322071637768,1.802623271942089e-05,102756.40214677666,-0.15345427628839803
Confidence_Sizing,2025-11-04,87520.99336800077,0.8877235253651933,0.966317057609558,0.006922597655639295,1.8064081668853817e-05,102756.40214677666,-0.14826724622971632
Confidence_Sizing,2025-11-06,87032.4642133498,0.8775068918863932,0.963252067565918,-0.006343569741643407,1.532495021820013e-05,102756.40214677666,-0.15302149165330714
Confidence_Sizing,2025-11-07,87897.9240354109,0.8927988608678186,0.9678396582603456,0.011163815027288582,2.2937953472138063e-05,102756.40214677666,-0.14459904980073146
Confidence_Sizing,2025-11-10,88458.99213862856,0.8870023091634115,0.9661006927490234,0.0072061513883339146,8.694827556610607e-06,102756.40214677666,-0.13913887319376717
Confidence_Sizing,2025-11-11,90422.88319966261,0.8022882143656414,0.9406864643096924,0.027830669126394758,0.00012707114219665522,102756.40214677666,-0.1200267690328134
Confidence_Sizing,2025-11-12,89983.1968394169,0.5354374249776205,0.8606312274932861,-0.008333896560866472,0.00040027618408203133,102756.40214677666,-0.12430568840970702
Confidence_Sizing,2025-11-13,89987.50395769923,0.5330172777175904,0.8599051833152771,9.661230409974131e-05,3.630220890045055e-06,102756.40214677666,-0.12426377259529198
Confidence_Sizing,2025-11-14,89928.82110492693,0.5330172777175904,0.8599051833152771,-0.0012234542266983395,0.0,102756.40214677666,-0.12483485966671826
Confidence_Sizing,2025-11-17,89695.50585039351,0.5330172777175904,0.8599051833152771,-0.004867466234702578,0.0,102756.40214677666,-0.12710542626557741
Confidence_Sizing,2025-11-18,91017.71640627089,0.768977165222168,0.9306931495666504,0.019630025460344758,0.0003539398312568663,102756.40214677666,-0.11423799875494178
Confidence_Sizing,2025-11-19,90936.06242000505,0.44294710954030364,0.8328841328620911,-0.0009212766110919812,0.0004890450835227966,102756.40214677666,-0.11503263524045437
Confidence_Sizing,2025-11-20,91017.41916160764,0.6686553955078125,0.9005966186523438,0.0018443299217978382,0.0003385624289512633,102756.40214677666,-0.11424089146680239
Confidence_Sizing,2025-11-21,90831.92886104515,0.6782372395197547,0.9034711718559264,-0.002983605088874297,1.4372766017913264e-05,102756.40214677666,-0.11604603739140906
Confidence_Sizing,2025-11-24,90382.04088474598,0.7020864486694333,0.91062593460083,-0.0070036929651016155,3.577381372451788e-05,102756.40214677666,-0.1204242363833955
Confidence_Sizing,2025-11-25,91291.14247676742,0.7198490301767986,0.9159547090530396,0.014009987130019441,2.6643872261047976e-05,102756.40214677666,-0.11157708357317075
Confidence_Sizing,2025-11-26,90760.97388812323,0.6937066316604614,0.9081119894981384,-0.008315092320187456,3.921359777450573e-05,102756.40214677666,-0.11673655371389147
Confidence_Sizing,2025-11-27,90778.74777548884,0.6963405609130859,0.9089021682739258,0.0002869037542982955,3.950893878936767e-06,102756.40214677666,-0.11656358261920274
Confidence_Sizing,2025-11-28,90694.6768296221,0.7020864486694333,0.91062593460083,-0.001306804033864517,8.618831634520984e-06,102756.40214677666,-0.11738174036032967
Confidence_Sizing,2025-12-01,90737.96970184917,0.685070713361104,0.9055212140083312,0.0007340425415871543,2.552360296249384e-05,102756.40214677666,-0.11696042478949809
Confidence_Sizing,2025-12-02,91628.08622579912,0.6954695383707679,0.9086408615112304,0.014127642796808226,1.5598237514495737e-05,102756.40214677666,-0.10829802998631566
Confidence_Sizing,2025-12-03,92585.21546688734,0.6769517660140988,0.9030855298042296,0.015471682758451344,2.7776658535003607e-05,102756.40214677666,-0.09898348392308298
Confidence_Sizing,2025-12-04,92736.3276306353,0.6175710360209148,0.8852713108062744,0.0027870680466020037,8.9071094989776e-05,102756.40214677666,-0.09751289755969417
Confidence_Sizing,2025-12-05,92696.87245390163,0.5137278238932292,0.8541183471679688,-0.0005249679443851685,0.00015576481819152833,102756.40214677666,-0.09789686562308841
Confidence_Sizing,2025-12-08,92105.42538184297,0.7001824776331588,0.9100547432899476,-0.008713100933686047,0.0002796819806098943,102756.40214677666,-0.10365268287342222
Confidence_Sizing,2025-12-09,91722.10444398902,0.6986867984135946,0.9096060395240784,-0.005953338953825882,2.2435188293462584e-06,102756.40214677666,-0.10738306784064222
Confidence_Sizing,2025-12-10,91775.92088172694,0.7059855858484908,0.9117956757545472,0.000846592002136104,1.0948181152344306e-05,102756.40214677666,-0.10685933952188464
Confidence_Sizing,2025-12-11,92355.56575081074,0.7050382693608599,0.911511480808258,0.008960211325940826,1.4209747314463673e-06,102756.40214677666,-0.10121837840438808
Confidence_Sizing,2025-12-12,92553.20108421778,0.7158898909886682,0.9147669672966005,0.003011939503764882,1.6277432441712424e-05,102756.40214677666,-0.09929504001108058
Confidence_Sizing,2025-12-15,92030.91941612752,0.7245532274246212,0.9173659682273864,-0.007770371461531034,1.299500465392961e-05,102756.40214677666,-0.10437775658327275
Confidence_Sizing,2025-12-16,92291.97410767252,0.7182581822077434,0.915477454662323,0.0039624195141867435,9.442567825316772e-06,102756.40214677666,-0.10183723661477373
Confidence_Sizing,2025-12-17,93568.05169406056,0.7070640325546269,0.912119209766388,0.019578593773389885,1.679122447967474e-05,102756.40214677666,-0.08941876380209879
Confidence_Sizing,2025-12-18,93563.39845726866,0.5418010155359905,0.8625403046607971,0.00036574955925883224,0.00024789452552795467,102756.40214677666,-0.08946404795661067
Confidence_Sizing,2025-12-19,93991.8954278684,0.37007427215576183,0.8110222816467285,0.013071268233927569,0.000257590115070343,102756.40214677666,-0.0852940209641545
Confidence_Sizing,2025-12-22,93867.1208880411,0.2590781052907309,0.7777234315872192,-0.004481308545032259,0.0001664942502975464,102756.40214677666,-0.08650829605768173
Confidence_Sizing,2025-12-23,93830.64251429794,0.0,0.6881771087646484,0.002719033232628343,0.00038861715793609634,102756.40214677666,-0.086863294607466
Confidence_Sizing,2025-12-24,93830.64251429794,0.0,0.6359147429466248,-0.011750527267249122,0.0,102756.40214677666,-0.086863294607466
Confidence_Sizing,2025-12-26,93830.64251429794,0.0,0.5904250741004944,-0.008689024390243882,0.0,102756.40214677666,-0.086863294607466
Confidence_Sizing,2025-12-29,93830.64251429794,0.0,0.6342337727546692,-0.0014454716813393498,0.0,102756.40214677666,-0.086863294607466
Confidence_Sizing,2025-12-30,93830.64251429794,0.0,0.6397947669029236,-0.012504649823109282,0.0,102756.40214677666,-0.086863294607466
Confidence_Sizing,2025-12-31,93830.64251429794,0.0,0.6781485676765442,0.006612173755453421,0.0,102756.40214677666,-0.086863294607466
Confidence_Sizing,2026-01-01,93830.64251429794,0.0,0.6353537440299988,0.007219448947496154,0.0,102756.40214677666,-0.086863294607466
Confidence_Sizing,2026-01-02,93830.64251429794,0.0,0.6343141794204712,-0.010643816419645846,0.0,102756.40214677666,-0.086863294607466
Confidence_Sizing,2026-01-05,93889.51590824474,0.05786017576853448,0.7173580527305603,0.012344127970645768,8.679026365280173e-05,102756.40214677666,-0.086290353236254
Confidence_Sizing,2026-01-06,93900.28344669446,0.014679988225301253,0.7044039964675903,0.012224352918248194,6.477028131484984e-05,102756.40214677666,-0.0861855662037696
Confidence_Sizing,2026-01-07,93898.21576411143,0.0,0.6318003535270691,-0.02782503719966356,2.201998233795188e-05,102756.40214677666,-0.08620568838146203
Confidence_Sizing,2026-01-08,93887.31551676421,0.410650134086609,0.8231950402259827,0.0012173122142555837,0.0006159752011299136,102756.40214677666,-0.08631176690425468
Confidence_Sizing,2026-01-09,94366.03148835525,0.5328269402186077,0.8598480820655823,0.009913351313696195,0.00018326520919799798,102756.40214677666,-0.08165302096152272
Confidence_Sizing,2026-01-12,94716.42482368264,0.4395244121551514,0.8318573236465454,0.008766483975690909,0.00013995379209518434,102756.40214677666,-0.07824307931305108
Confidence_Sizing,2026-01-13,93851.98065900346,0.3919567267100017,0.8175870180130005,-0.023102815177478586,7.135152816772458e-05,102756.40214677666,-0.08665563703811052
Confidence_Sizing,2026-01-14,93847.26361860467,0.42546367645263683,0.827639102935791,0.0,5.026042461395269e-05,102756.40214677666,-0.08670154211361181
Confidence_Sizing,2026-01-15,93442.76452631985,0.46893254915873217,0.8406797647476196,-0.009052436129600605,6.520330905914302e-05,102756.40214677666,-0.09063802766423512
Confidence_Sizing,2026-01-19,92406.21873144298,0.5650440454483033,0.869513213634491,-0.019376674338055233,0.00014416724443435674,102756.40214677666,-0.10072543607112228
Confidence_Sizing,2026-01-20,92675.14972310916,0.46719169616699224,0.8401575088500977,0.006543547854371168,0.00014677852392196665,102756.40214677666,-0.09810826588953059
Confidence_Sizing,2026-01-21,93068.95101591885,0.4793442885080974,0.8438032865524292,0.008902774552644654,1.8228888511657744e-05,102756.40214677666,-0.09427588868886538
Confidence_Sizing,2026-01-22,93217.46871187106,0.4334167242050172,0.8300250172615051,0.00384081324001051,6.889134645462031e-05,102756.40214677666,-0.09283055104712834
Confidence_Sizing,2026-01-23,93159.79748938771,0.40805792808532726,0.8224173784255981,-0.0014229249011857847,3.8038194179534916e-05,102756.40214677666,-0.09339179318171542
Confidence_Sizing,2026-01-27,93759.56259957886,0.4924193620681763,0.8477258086204529,0.013331253216038563,0.0001265421509742736,102756.40214677666,-0.08755502683274918
Confidence_Sizing,2026-01-28,92566.12615585206,0.7123392422993975,0.9137017726898192,-0.01740576657376902,0.00032987982034683174,102756.40214677666,-0.09916925639697727
Confidence_Sizing,2026-01-29,92232.67487912087,0.5047875245412191,0.8514362573623657,-0.00651952698024183,0.0003113275766372676,102756.40214677666,-0.10241432210349055
Confidence_Sizing,2026-01-30,93045.72086207438,0.6137444178263347,0.8841233253479004,0.014629212439941641,0.0001634353399276734,102756.40214677666,-0.0945019588252185
Confidence_Sizing,2026-02-02,93998.76529255685,0.5852915445963542,0.8755874633789062,0.01757317940930858,4.26793098449707e-05,102756.40214677666,-0.08522716513283957
Confidence_Sizing,2026-02-03,90010.30308257096,0.604594906171163,0.8813784718513489,-0.07013299468186285,2.895504236221308e-05,102756.40214677666,-0.12404189712675273
Confidence_Sizing,2026-02-04,89928.67342645099,0.0,0.5002995729446411,-0.002534126040737772,0.0009068923592567444,102756.40214677666,-0.12483629683727748
Confidence_Sizing,2026-02-05,89928.67342645099,0.0,0.4957831799983978,-0.01668056237464488,0.0,102756.40214677666,-0.12483629683727748
Confidence_Sizing,2026-02-06,89928.67342645099,0.0,0.5736830234527588,0.0022436270385235435,0.0,102756.40214677666,-0.12483629683727748
Confidence_Sizing,2026-02-09,89928.67342645099,0.0,0.5795756578445435,0.012346566409074944,0.0,102756.40214677666,-0.12483629683727748
Confidence_Sizing,2026-02-10,89928.67342645099,0.0,0.6162283420562744,-0.02506200039558537,0.0,102756.40214677666,-0.12483629683727748
Confidence_Sizing,2026-02-11,89928.67342645099,0.0,0.6090642809867859,-0.054883479446016126,0.0,102756.40214677666,-0.12483629683727748
Confidence_Sizing,2026-02-12,89928.67342645099,0.0,0.575156569480896,-0.021053832380035886,0.0,102756.40214677666,-0.12483629683727748
Confidence_Sizing,2026-02-13,89928.67342645099,0.0,0.6834486126899719,0.0053488398876564425,0.0,102756.40214677666,-0.12483629683727748
Confidence_Sizing,2026-02-16,89928.67342645099,0.0,0.6886090040206909,0.003990173759637505,0.0,102756.40214677666,-0.12483629683727748
Confidence_Sizing,2026-02-17,89928.67342645099,0.0,0.6886090040206909,-0.008279973801645357,0.0,102756.40214677666,-0.12483629683727748
Confidence_Sizing,2026-02-18,89928.67342645099,0.0,0.6886090040206909,-0.006308212036081562,0.0,102756.40214677666,-0.12483629683727748
Confidence_Sizing,2026-02-19,89928.67342645099,0.0,0.6999552249908447,0.0030994619406277124,0.0,102756.40214677666,-0.12483629683727748
Confidence_Sizing,2026-02-20,89928.67342645099,0.0,0.6886090040206909,-0.0036854673977010366,0.0,102756.40214677666,-0.12483629683727748
Confidence_Sizing,2026-02-23,89799.55166326767,0.036042888959249,0.7108128666877747,-0.038336545149777024,5.4064333438873507e-05,102756.40214677666,-0.12609287803792013
Confidence_Sizing,2026-02-24,89794.69671036389,0.0,0.5692920088768005,0.02160317780281029,5.4064333438873507e-05,102756.40214677666,-0.12614012524395646
Confidence_Sizing,2026-02-25,89815.21612192916,0.04156307379404718,0.7124689221382141,0.006998023048738977,6.234461069107078e-05,102756.40214677666,-0.12594043538389343
Confidence_Sizing,2026-02-26,89800.69406638057,0.04156307379404718,0.7124689221382141,-0.0038901873392286346,0.0,102756.40214677666,-0.12608176045216357
Confidence_Sizing,2026-02-27,89766.87142722619,0.04156307379404718,0.7124689221382141,-0.009061918263707835,0.0,102756.40214677666,-0.12641091404695448
Confidence_Sizing,2026-03-02,89730.18262434551,0.04156307379404718,0.7124689221382141,-0.009833537850344354,0.0,102756.40214677666,-0.1267679604412829
Confidence_Sizing,2026-03-04,89724.58843104256,0.0,0.612808108329773,-0.0034778575740717077,6.234461069107078e-05,102756.40214677666,-0.12682240175283221
Confidence_Sizing,2026-03-05,89724.58843104256,0.0,0.6381790041923523,-0.008220858837624467,0.0,102756.40214677666,-0.12682240175283221
Confidence_Sizing,2026-03-06,89724.58843104256,0.0,0.551450788974762,-0.011808020863064206,0.0,102756.40214677666,-0.12682240175283221
Confidence_Sizing,2026-03-09,89724.58843104256,0.0,0.5580520033836365,-0.005657911387208392,0.0,102756.40214677666,-0.12682240175283221
Confidence_Sizing,2026-03-10,89724.58843104256,0.0,0.5968901515007019,-0.019179576395485398,0.0,102756.40214677666,-0.12682240175283221
Confidence_Sizing,2026-03-11,89724.58843104256,0.0,0.566049337387085,-0.00912815971902381,0.0,102756.40214677666,-0.12682240175283221
Confidence_Sizing,2026-03-12,89724.58843104256,0.0,0.566049337387085,-0.013060884220122415,0.0,102756.40214677666,-0.12682240175283221
Confidence_Sizing,2026-03-13,89724.58843104256,0.0,0.5712043642997742,-0.0005393274541070081,0.0,102756.40214677666,-0.12682240175283221
Confidence_Sizing,2026-03-16,89724.58843104256,0.0,0.6871795058250427,-0.007263822162825395,0.0,102756.40214677666,-0.12682240175283221
Confidence_Sizing,2026-03-17,89724.58843104256,0.0,0.6576871871948242,0.020529371852097134,0.0,102756.40214677666,-0.12682240175283221
Confidence_Sizing,2026-03-18,89703.78390392252,0.006397724151611476,0.7019193172454834,-0.03474272661901945,9.596586227417214e-06,102756.40214677666,-0.12702486628725917
Confidence_Sizing,2026-03-19,89702.92305382536,0.0,0.5775954127311707,0.01468594976920623,9.596586227417214e-06,102756.40214677666,-0.1270332438684042
Confidence_Sizing,2026-03-20,89702.92305382536,0.0,0.6877574324607849,-0.0028444944994320265,0.0,102756.40214677666,-0.1270332438684042
Confidence_Sizing,2026-03-23,89719.09031179776,0.037607113520304505,0.7112821340560913,0.006292474071964982,5.641067028045676e-05,102756.40214677666,-0.12687590809530758
Confidence_Sizing,2026-03-24,89714.02919777631,0.0,0.6829464435577393,-0.008921188114378031,5.641067028045676e-05,102756.40214677666,-0.12692516161057
Confidence_Sizing,2026-03-25,89714.02919777631,0.0,0.653741180896759,0.005215843776282814,0.0,102756.40214677666,-0.12692516161057
Confidence_Sizing,2026-03-27,89665.34398243843,0.037607113520304505,0.7112821340560913,-0.012930013328741552,5.641067028045676e-05,102756.40214677666,-0.1273989541365903
Confidence_Sizing,2026-03-30,89660.28590028344,0.0,0.6110193729400635,0.02089959339908476,5.641067028045676e-05,102756.40214677666,-0.1274481781464749
Confidence_Sizing,2026-04-01,89805.5092905708,0.10030364990234389,0.7300910949707031,0.017648036235246467,0.00015045547485351582,102756.40214677666,-0.12603489987618366
Confidence_Sizing,2026-04-02,89846.37435824788,0.05521233876546238,0.7165637016296387,0.009466663252994723,6.763696670532227e-05,102756.40214677666,-0.12563721110134018
Confidence_Sizing,2026-04-06,89974.84614485833,0.05376056830088312,0.7161281704902649,0.026638162046064062,2.177655696868893e-06,102756.40214677666,-0.12438695531263566
Confidence_Sizing,2026-04-07,89967.59049656603,0.0,0.6689889430999756,0.007638358126932587,8.064085245132468e-05,102756.40214677666,-0.12445756549497677
Confidence_Sizing,2026-04-08,89967.59049656603,0.0,0.6941644549369812,0.01164428313406285,0.0,102756.40214677666,-0.12445756549497677
Confidence_Sizing,2026-04-09,89967.59049656603,0.0,0.6637793183326721,-0.024990324902230632,0.0,102756.40214677666,-0.12445756549497677
Confidence_Sizing,2026-04-10,89967.59049656603,0.0,0.6532869338989258,-0.020480905665662075,0.0,102756.40214677666,-0.12445756549497677
Confidence_Sizing,2026-04-13,89967.59049656603,0.0,0.6508364081382751,0.033284721118271854,0.0,102756.40214677666,-0.12445756549497677
Confidence_Sizing,2026-04-15,89967.59049656603,0.0,0.6926448345184326,0.008610904865516744,0.0,102756.40214677666,-0.12445756549497677
Confidence_Sizing,2026-04-16,89967.59049656603,0.0,0.6949173808097839,0.001785128577197037,0.0,102756.40214677666,-0.12445756549497677
Confidence_Sizing,2026-04-17,89967.59049656603,0.0,0.6459495425224304,-0.0007359683686809504,0.0,102756.40214677666,-0.12445756549497677
Confidence_Sizing,2026-04-20,89967.59049656603,0.0,0.6459495425224304,0.011978563022936983,0.0,102756.40214677666,-0.12445756549497677
Confidence_Sizing,2026-04-21,89967.59049656603,0.0,0.6525094509124756,-0.02758092319479022,0.0,102756.40214677666,-0.12445756549497677
Confidence_Sizing,2026-04-22,89967.59049656603,0.0,0.6565937995910645,-0.00657866896666337,0.0,102756.40214677666,-0.12445756549497677
Confidence_Sizing,2026-04-23,89967.59049656603,0.0,0.6608477234840393,-0.049528171966852,0.0,102756.40214677666,-0.12445756549497677
Confidence_Sizing,2026-04-24,90264.09919789889,0.16770100593566906,0.7503103017807007,0.02115240409619279,0.00025155150890350357,102756.40214677666,-0.12157201583443755
Confidence_Sizing,2026-04-27,90174.74585927777,0.46238756179809576,0.8387162685394287,-0.0011848939241144718,0.00044202983379364007,102756.40214677666,-0.12244158052096188
Confidence_Sizing,2026-04-28,90671.99833335882,0.45078074932098394,0.8352342247962952,0.012271444594098124,1.7410218715667726e-05,102756.40214677666,-0.11760244190095859
Confidence_Sizing,2026-04-29,90655.87937349381,0.42355334758758556,0.8270660042762756,-0.0003232912449633307,4.084110260009757e-05,102756.40214677666,-0.11775930764876852
Confidence_Sizing,2026-04-30,90598.2829717131,0.0,0.4491945803165436,0.0,0.0006353300213813784,102756.40214677666,-0.11831982164670363
Confidence_Sizing,2026-05-01,90598.2829717131,0.0,0.4491945803165436,-0.01883659620644984,0.0,102756.40214677666,-0.11831982164670363
Confidence_Sizing,2026-05-05,90598.2829717131,0.0,0.5745407938957214,0.0033369807410235097,0.0,102756.40214677666,-0.11831982164670363
Confidence_Sizing,2026-05-06,90598.2829717131,0.0,0.5760684609413147,-0.013960746227869802,0.0,102756.40214677666,-0.11831982164670363
Confidence_Sizing,2026-05-07,90283.92069779437,0.7859285275141402,0.935778558254242,-0.0029149663882171994,0.0011788927912712104,102756.40214677666,-0.12137911787887112
Volatility_Sizing,2023-02-03,100000.0,0.0,0.4088793396949768,-0.0064181998514950545,0.0,100000.0,0.0
Volatility_Sizing,2023-02-06,100000.0,0.0,0.3988363146781921,0.003641699398565734,0.0,100000.0,0.0
Volatility_Sizing,2023-02-07,100000.0,0.0,0.4039197564125061,0.013693121239295447,0.0,100000.0,0.0
Volatility_Sizing,2023-02-08,100000.0,0.0,0.2952230274677276,0.005894718736497273,0.0,100000.0,0.0
Volatility_Sizing,2023-02-09,100000.0,0.0,0.2863130271434784,-0.0009319933736560149,0.0,100000.0,0.0
Volatility_Sizing,2023-02-10,100000.0,0.0,0.2909234464168548,-0.01558992684856697,0.0,100000.0,0.0
Volatility_Sizing,2023-02-13,100000.0,0.0,0.2294507175683975,0.005082757813250405,0.0,100000.0,0.0
Volatility_Sizing,2023-02-14,100000.0,0.0,0.3302276730537414,0.005871204855329992,0.0,100000.0,0.0
Volatility_Sizing,2023-02-15,100000.0,0.0,0.3378582596778869,0.010623080261254358,0.0,100000.0,0.0
Volatility_Sizing,2023-02-16,100000.0,0.0,0.3549425303936004,-0.015991946629057563,0.0,100000.0,0.0
Volatility_Sizing,2023-02-17,100000.0,0.0,0.2489628791809082,-0.003955801351536947,0.0,100000.0,0.0
Volatility_Sizing,2023-02-20,100000.0,0.0,0.2929953932762146,-0.010409212949807234,0.0,100000.0,0.0
Volatility_Sizing,2023-02-21,100000.0,0.0,0.1825983077287674,-0.014329165798862675,0.0,100000.0,0.0
Volatility_Sizing,2023-02-22,100000.0,0.0,0.4928011000156402,0.0036012993559275674,0.0,100000.0,0.0
Volatility_Sizing,2023-02-23,100000.0,0.0,0.4355315566062927,-0.003910626710791898,0.0,100000.0,0.0
Volatility_Sizing,2023-02-24,100000.0,0.0,0.4860202372074127,-0.020173757738144005,0.0,100000.0,0.0
Volatility_Sizing,2023-02-27,100000.0,0.0,0.3203698992729187,-0.00570253746210414,0.0,100000.0,0.0
Volatility_Sizing,2023-02-28,100000.0,0.0,0.4484154284000397,0.021990084479573735,0.0,100000.0,0.0
Volatility_Sizing,2023-03-01,100000.0,0.0,0.5300629138946533,-0.018976873593822607,0.0,100000.0,0.0
Volatility_Sizing,2023-03-02,100000.0,0.0,0.440104991197586,0.006232203247431567,0.0,100000.0,0.0
Volatility_Sizing,2023-03-03,100000.0,0.0,0.3472266495227813,0.008886553918982631,0.0,100000.0,0.0
Volatility_Sizing,2023-03-06,100000.0,0.0,0.5566051006317139,0.005501372881431932,0.0,100000.0,0.0
Volatility_Sizing,2023-03-08,100000.0,0.0,0.5375850796699524,-0.01579453935521924,0.0,100000.0,0.0
Volatility_Sizing,2023-03-09,100000.0,0.0,0.3203698992729187,-0.0017531796409910871,0.0,100000.0,0.0
Volatility_Sizing,2023-03-10,100000.0,0.0,0.4161155521869659,-0.014725322374099403,0.0,100000.0,0.0
Volatility_Sizing,2023-03-13,100000.0,0.0,0.452767014503479,-0.020414692788376154,0.0,100000.0,0.0
Volatility_Sizing,2023-03-14,100000.0,0.0,0.4399172663688659,-0.004992316854660395,0.0,100000.0,0.0
Volatility_Sizing,2023-03-15,100000.0,0.0,0.4191609621047973,-0.00434521328209303,0.0,100000.0,0.0
Volatility_Sizing,2023-03-16,100000.0,0.0,0.4191609621047973,-0.0017896236018445366,0.0,100000.0,0.0
Volatility_Sizing,2023-03-17,100000.0,0.0,0.4160205423831939,-0.01132324708178123,0.0,100000.0,0.0
Volatility_Sizing,2023-03-20,100000.0,0.0,0.4828085303306579,-0.011834680302233225,0.0,100000.0,0.0
Volatility_Sizing,2023-03-21,100551.51068248678,0.8547798975501335,0.8460187315940857,0.007952078296032061,0.0012821698463252003,100551.51068248678,0.0
Volatility_Sizing,2023-03-22,100422.58656748725,0.0,0.5559381246566772,-0.001964400916205755,0.0012821698463252003,100551.51068248678,-0.0012821698463252318
Volatility_Sizing,2023-03-23,100422.58656748725,0.0,0.583052933216095,-0.0013281175406681944,0.0,100551.51068248678,-0.0012821698463252318
Volatility_Sizing,2023-03-24,100343.40685291142,0.8540995760266749,0.7248117923736572,0.0005768462836484023,0.0012811493640400124,100551.51068248678,-0.00206962409776712
Volatility_Sizing,2023-03-27,100214.8519610362,0.0,0.5973241925239563,-0.0020498178856247495,0.0012811493640400124,100551.51068248678,-0.0033481219642105264
Volatility_Sizing,2023-03-28,100746.86428790633,0.9026135795126752,0.7373450398445129,0.007381495144532568,0.0013539203692690127,100746.86428790633,0.0
Volatility_Sizing,2023-03-29,100610.46105620696,0.0,0.5428194999694824,0.021345057849717408,0.0013539203692690127,100746.86428790633,-0.0013539203692689572
Volatility_Sizing,2023-03-31,100610.46105620696,0.0,0.5741578936576843,-0.0018403264367164995,0.0,100746.86428790633,-0.0013539203692689572
Volatility_Sizing,2023-04-03,100610.46105620696,0.0,0.5788522958755493,0.012437515258789,0.0,100746.86428790633,-0.0013539203692689572
Volatility_Sizing,2023-04-05,100610.46105620696,0.0,0.5852863192558289,-0.005895455697384366,0.0,100746.86428790633,-0.0013539203692689572
Volatility_Sizing,2023-04-06,100610.46105620696,0.0,0.5703712105751038,0.013257972434326915,0.0,100746.86428790633,-0.0013539203692689572
Volatility_Sizing,2023-04-10,100610.46105620696,0.0,0.3481518030166626,-0.015198827909507107,0.0,100746.86428790633,-0.0013539203692689572
Volatility_Sizing,2023-04-11,100610.46105620696,0.0,0.5909472107887268,0.008665708224685709,0.0,100746.86428790633,-0.0013539203692689572
Volatility_Sizing,2023-04-12,100610.46105620696,0.0,0.5936771035194397,-0.016287941720457,0.0,100746.86428790633,-0.0013539203692689572
Volatility_Sizing,2023-04-13,99116.5387569785,0.8746894495459411,0.7052000761032104,-0.015475828635695854,0.0013120341743189116,100746.86428790633,-0.016182394781725562
Volatility_Sizing,2023-04-17,98860.27536533301,0.9091317799288627,0.7567696571350098,-0.00278706800445927,5.166349557438249e-05,100746.86428790633,-0.018726031186260705
Volatility_Sizing,2023-04-18,97674.96045371614,0.9118884379630766,0.7596873044967651,-0.01314378418709572,4.134987051320815e-06,100746.86428790633,-0.030491309639291142
Volatility_Sizing,2023-04-19,98095.51063207566,0.8837529035163906,0.8683376312255859,0.004919714749946236,4.220330167002906e-05,100746.86428790633,-0.026316984400167942
Volatility_Sizing,2023-04-20,99645.74789234484,0.8760410554707545,0.8610784411430359,0.018052708047747057,1.1567772068454107e-05,100746.86428790633,-0.010929535160665749
Volatility_Sizing,2023-04-21,100006.99797513855,0.8352966978404704,0.7217678427696228,0.0044133542372726264,6.111653644542609e-05,100746.86428790633,-0.0073438147975846135
Volatility_Sizing,2023-04-24,100035.64888524133,0.861339177138885,0.7096953988075256,0.0003779611797340987,3.906371894762178e-05,100746.86428790633,-0.007059429667533257
Volatility_Sizing,2023-04-25,100641.65909515116,0.8706252498713587,0.7394176125526428,0.006974150612012009,1.392910909871059e-05,100746.86428790633,-0.0010442527764885634
Volatility_Sizing,2023-04-26,100363.09024007907,0.8654266286581327,0.7610393762588501,-0.003189328669178426,7.79793181983901e-06,100746.86428790633,-0.0038092902497743886
Volatility_Sizing,2023-04-27,101213.11113502583,0.8629963253531546,0.7646691799163818,0.009818237208090164,3.645454957467098e-06,101213.11113502583,0.0
Volatility_Sizing,2023-04-28,101215.12183837085,0.8498582736230397,0.7348763346672058,4.656436864181046e-05,1.970707759517243e-05,101215.12183837085,0.0
Volatility_Sizing,2023-05-02,100156.92540349439,0.851870053702157,0.7429382801055908,-0.0122693673349632,3.0176701186759303e-06,101215.12183837085,-0.010454924280645317
Volatility_Sizing,2023-05-03,101215.80463076473,0.8269018984005744,0.7616283297538757,0.012830607906259228,3.7452232952373876e-05,101215.80463076473,0.0
Volatility_Sizing,2023-05-04,101484.04164858241,0.8784244509220588,0.8064464330673218,0.0031049151276452136,7.728382878222662e-05,101484.04164858241,0.0
Volatility_Sizing,2023-05-05,102032.81199521536,0.8779834952761513,0.7854087352752686,0.006159701236617909,6.614334688612722e-07,102032.81199521536,0.0
Volatility_Sizing,2023-05-08,102952.86892268147,0.9012227763088541,0.7746586203575134,0.010044269169650066,3.485892154905418e-05,102952.86892268147,0.0
Volatility_Sizing,2023-05-09,103050.57225944479,0.8913646730590258,0.7382107377052307,0.0010812605887839943,1.4787154874742414e-05,103050.57225944479,0.0
Volatility_Sizing,2023-05-10,102910.17338455626,0.9261284052691588,0.7305935621261597,-0.0014147944551823333,5.214559831519961e-05,103050.57225944479,-0.0013624269308767367
Volatility_Sizing,2023-05-11,102656.3323788319,0.9907852575417989,0.7268916964530945,-0.0023916803769442607,9.698527840896009e-05,103050.57225944479,-0.0038256932685472034
Volatility_Sizing,2023-05-12,102051.38464553736,1.0,0.7337984442710876,-0.005879119113378017,1.3822113687301629e-05,103050.57225944479,-0.009696089910028127
Volatility_Sizing,2023-05-15,102148.57035350574,1.0,0.7231079936027527,0.0009523213066235936,0.0,103050.57225944479,-0.008753002396416854
Volatility_Sizing,2023-05-16,100598.22983276295,1.0,0.7292661666870117,-0.015177310023796964,0.0,103050.57225944479,-0.023797465389204242
Volatility_Sizing,2023-05-17,100320.77179321458,1.0,0.7508922815322876,-0.0027580807337229674,0.0,103050.57225944479,-0.026489910792125815
Volatility_Sizing,2023-05-18,101041.86111953459,1.0,0.7508922815322876,0.007187836710490503,0.0,103050.57225944479,-0.01949247923488462
Volatility_Sizing,2023-05-19,103419.88371836298,1.0,0.7432464361190796,0.02353502372660321,0.0,103419.88371836298,0.0
Volatility_Sizing,2023-05-22,103368.1564588174,1.0,0.7257418632507324,-0.0005001674502598252,0.0,103419.88371836298,-0.0005001674502599363
Volatility_Sizing,2023-05-23,103213.10422412917,0.0,0.6939955353736877,0.0019108138289753995,0.0015,103419.88371836298,-0.0019994171990844745
Volatility_Sizing,2023-05-24,102750.51847399211,1.0,0.7207121849060059,-0.0029818509588913633,0.0015,103419.88371836298,-0.0064723070680847705
Volatility_Sizing,2023-05-25,103854.92361130773,1.0,0.8104223608970642,0.010748414253453742,0.0,103854.92361130773,0.0
Volatility_Sizing,2023-05-26,103699.14122589078,0.0,0.6894106864929199,-0.002568357396832588,0.0015,103854.92361130773,-0.0014999999999999458
Volatility_Sizing,2023-05-29,103699.14122589078,0.0,0.6050480008125305,-0.0012499123171693105,0.0,103854.92361130773,-0.0014999999999999458
Volatility_Sizing,2023-05-30,103699.14122589078,0.0,0.6654424667358398,-0.008051369508777606,0.0,103854.92361130773,-0.0014999999999999458
Volatility_Sizing,2023-05-31,104631.18040652595,1.0,0.7413299679756165,0.010487916096671324,0.0015,104631.18040652595,0.0
Volatility_Sizing,2023-06-01,104474.23363591617,0.0,0.6331649422645569,-0.0055354700191786455,0.0015,104631.18040652595,-0.0014999999999999458
Volatility_Sizing,2023-06-02,103789.70886118252,1.0,0.7249521017074585,-0.00505209184993094,0.0015,104631.18040652595,-0.008042263712155773
Volatility_Sizing,2023-06-05,102003.55467820297,1.0,0.7335050702095032,-0.017209357291564475,0.0,104631.18040652595,-0.02511321881406481
Volatility_Sizing,2023-06-06,103347.90279617546,1.0,0.7835277318954468,0.013179424209416979,0.0,104631.18040652595,-0.012264772368662413
Volatility_Sizing,2023-06-07,103192.8809419812,0.0,0.6960992217063904,-0.011740801953781133,0.0015,104631.18040652595,-0.013746375210109352
Volatility_Sizing,2023-06-08,102216.04617122059,0.9572561671774414,0.7407364249229431,-0.008388791037513,0.0014358842507661623,104631.18040652595,-0.023082356769003165
Volatility_Sizing,2023-06-09,103343.62028626772,0.943345716123189,0.7269986271858215,0.011715904696837143,2.0865676581378722e-05,104631.18040652595,-0.012305701945210301
Volatility_Sizing,2023-06-12,103197.38714403915,0.0,0.6989220380783081,-0.000985540444152666,0.0014150185741847834,104631.18040652595,-0.01370330772257411
Volatility_Sizing,2023-06-13,103269.70534362282,0.9148970643647927,0.721635639667511,0.002265961021947982,0.0013723455965471891,104631.18040652595,-0.013012135174365502
Volatility_Sizing,2023-06-14,102186.80476103885,0.9728958391224938,0.721635639667511,-0.01068885420958865,8.699816213655164e-05,104631.18040652595,-0.023361828051541744
Volatility_Sizing,2023-06-15,102037.67908529099,0.0,0.6866448521614075,-0.012871978937244788,0.0014593437586837407,104631.18040652595,-0.024787078872267054
Volatility_Sizing,2023-06-16,102037.67908529099,0.0,0.5717784762382507,0.011181454877929653,0.0,104631.18040652595,-0.024787078872267054
Volatility_Sizing,2023-06-19,102037.67908529099,0.0,0.6193033456802368,0.005388751979307882,0.0,104631.18040652595,-0.024787078872267054
Volatility_Sizing,2023-06-20,102037.67908529099,0.0,0.6308046579360962,0.009449453313938427,0.0,104631.18040652595,-0.024787078872267054
Volatility_Sizing,2023-06-21,102037.67908529099,0.0,0.6052206158638,-0.0060462683282496155,0.0,104631.18040652595,-0.024787078872267054
Volatility_Sizing,2023-06-22,102037.67908529099,0.0,0.6160092353820801,-0.006839556073413577,0.0,104631.18040652595,-0.024787078872267054
Volatility_Sizing,2023-06-23,102037.67908529099,0.0,0.6131813526153564,-0.008301395837460701,0.0,104631.18040652595,-0.024787078872267054
Volatility_Sizing,2023-06-26,102037.67908529099,0.0,0.5295272469520569,0.0024141192758622143,0.0,104631.18040652595,-0.024787078872267054
Volatility_Sizing,2023-06-27,102037.67908529099,0.0,0.5450921058654785,0.005660891977044669,0.0,104631.18040652595,-0.024787078872267054
Volatility_Sizing,2023-06-28,102037.67908529099,0.0,0.6483217477798462,0.026994681971800105,0.0,104631.18040652595,-0.024787078872267054
Volatility_Sizing,2023-06-30,101115.10270084348,0.8554308233946618,0.8203039765357971,-0.009069558989136195,0.0012831462350919927,104631.18040652595,-0.03360449238956664
Volatility_Sizing,2023-07-03,102069.81399185142,0.846517140277338,0.8496456742286682,0.011169528552619878,1.337052467598565e-05,104631.18040652595,-0.024479953343953476
Volatility_Sizing,2023-07-04,102351.02718558731,0.8290870174349775,0.7350045442581177,0.0033545954600624484,2.6145184263540845e-05,104631.18040652595,-0.02179229185869358
Volatility_Sizing,2023-07-05,102223.74032379626,0.0,0.5363301634788513,0.0008885529044899698,0.0012436305261524663,104631.18040652595,-0.023008820825455745
Volatility_Sizing,2023-07-06,102223.74032379626,0.0,0.5208811163902283,0.0019110108167179618,0.0,104631.18040652595,-0.023008820825455745
Volatility_Sizing,2023-07-07,102223.74032379626,0.0,0.4155243933200836,-0.017211098243786083,0.0,104631.18040652595,-0.023008820825455745
Volatility_Sizing,2023-07-10,102223.74032379626,0.0,0.4698426425457001,0.00013751774281067775,0.0,104631.18040652595,-0.023008820825455745
Volatility_Sizing,2023-07-11,102223.74032379626,0.0,0.5134650468826294,-0.0038198265410799292,0.0,104631.18040652595,-0.023008820825455745
Volatility_Sizing,2023-07-12,102223.74032379626,0.0,0.5396228432655334,0.024740068376452484,0.0,104631.18040652595,-0.023008820825455745
Volatility_Sizing,2023-07-13,102223.74032379626,0.0,0.4305994212627411,0.052117121722723425,0.0,104631.18040652595,-0.023008820825455745
Volatility_Sizing,2023-07-14,102223.74032379626,0.0,0.3264264166355133,-0.0065297972229242385,0.0,104631.18040652595,-0.023008820825455745
Volatility_Sizing,2023-07-17,102223.74032379626,0.0,0.3227588534355163,0.0014749682264785235,0.0,104631.18040652595,-0.023008820825455745
Volatility_Sizing,2023-07-18,102223.74032379626,0.0,0.459536999464035,-0.0076640542430136405,0.0,104631.18040652595,-0.023008820825455745
Volatility_Sizing,2023-07-19,102223.74032379626,0.0,0.4854580461978912,-0.0019452169003382203,0.0,104631.18040652595,-0.023008820825455745
Volatility_Sizing,2023-07-20,102223.74032379626,0.0,0.4788102507591247,-0.027430484988485215,0.0,104631.18040652595,-0.023008820825455745
Volatility_Sizing,2023-07-21,102223.74032379626,0.0,0.5669122338294983,0.007852611343540206,0.0,104631.18040652595,-0.023008820825455745
Volatility_Sizing,2023-07-24,102223.74032379626,0.0,0.5311371684074402,0.0012960902404448582,0.0,104631.18040652595,-0.023008820825455745
Volatility_Sizing,2023-07-25,102223.74032379626,0.0,0.5257877707481384,-0.00319193146149388,0.0,104631.18040652595,-0.023008820825455745
Volatility_Sizing,2023-07-26,102223.74032379626,0.0,0.571221649646759,0.0025381027039206305,0.0,104631.18040652595,-0.023008820825455745
Volatility_Sizing,2023-07-27,102223.74032379626,0.0,0.649142324924469,-0.012217021753089141,0.0,104631.18040652595,-0.023008820825455745
Volatility_Sizing,2023-07-28,102223.74032379626,0.0,0.6937771439552307,0.019684702494623396,0.0,104631.18040652595,-0.023008820825455745
Volatility_Sizing,2023-07-31,102223.74032379626,0.0,0.4597566127777099,0.008943605223793893,0.0,104631.18040652595,-0.023008820825455745
Volatility_Sizing,2023-08-01,102223.74032379626,0.0,0.3317126631736755,-0.003302427926340501,0.0,104631.18040652595,-0.023008820825455745
Volatility_Sizing,2023-08-02,102223.74032379626,0.0,0.3082521259784698,-0.01182914633196197,0.0,104631.18040652595,-0.023008820825455745
Volatility_Sizing,2023-08-03,102223.74032379626,0.0,0.51353520154953,0.012823746902868915,0.0,104631.18040652595,-0.023008820825455745
Volatility_Sizing,2023-08-04,102223.74032379626,0.0,0.3082521259784698,0.011761118446291352,0.0,104631.18040652595,-0.023008820825455745
Volatility_Sizing,2023-08-07,102223.74032379626,0.0,0.4486343562602997,-0.003860435695061004,0.0,104631.18040652595,-0.023008820825455745
Volatility_Sizing,2023-08-08,102223.74032379626,0.0,0.2928005158901214,-0.0023339184660658985,0.0,104631.18040652595,-0.023008820825455745
Volatility_Sizing,2023-08-09,102223.74032379626,0.0,0.2873178124427795,-0.005891668546931461,0.0,104631.18040652595,-0.023008820825455745
Volatility_Sizing,2023-08-10,102223.74032379626,0.0,0.173357218503952,0.0019464719159205668,0.0,104631.18040652595,-0.023008820825455745
Volatility_Sizing,2023-08-11,102223.74032379626,0.0,0.1808901131153106,0.0003044678767276654,0.0,104631.18040652595,-0.023008820825455745
Volatility_Sizing,2023-08-14,102223.74032379626,0.0,0.1680677235126495,0.0024783119397879805,0.0,104631.18040652595,-0.023008820825455745
Volatility_Sizing,2023-08-16,102223.74032379626,0.0,0.2765290141105652,-0.006549243286873896,0.0,104631.18040652595,-0.023008820825455745
Volatility_Sizing,2023-08-17,102223.74032379626,0.0,0.2497005462646484,-0.01998105285418028,0.0,104631.18040652595,-0.023008820825455745
Volatility_Sizing,2023-08-18,102223.74032379626,0.0,0.2667853236198425,0.010260997203958677,0.0,104631.18040652595,-0.023008820825455745
Volatility_Sizing,2023-08-21,102223.74032379626,0.0,0.2553599774837494,-0.00573251232778671,0.0,104631.18040652595,-0.023008820825455745
Volatility_Sizing,2023-08-22,102223.74032379626,0.0,0.3005282282829284,0.004760314628601492,0.0,104631.18040652595,-0.023008820825455745
Volatility_Sizing,2023-08-23,102223.74032379626,0.0,0.240195170044899,-0.003089825645552824,0.0,104631.18040652595,-0.023008820825455745
Volatility_Sizing,2023-08-24,102223.74032379626,0.0,0.2657912969589233,-0.0019039041168548154,0.0,104631.18040652595,-0.023008820825455745
Volatility_Sizing,2023-08-25,102223.74032379626,0.0,0.2910590767860412,-0.00170052935763354,0.0,104631.18040652595,-0.023008820825455745
Volatility_Sizing,2023-08-28,102223.74032379626,0.0,0.2636049687862396,0.00017770541302830622,0.0,104631.18040652595,-0.023008820825455745
Volatility_Sizing,2023-08-29,102223.74032379626,0.0,0.2636049687862396,0.004383706072366822,0.0,104631.18040652595,-0.023008820825455745
Volatility_Sizing,2023-08-30,102223.74032379626,0.0,0.2883889973163605,-0.010070895423256898,0.0,104631.18040652595,-0.023008820825455745
Volatility_Sizing,2023-08-31,102223.74032379626,0.0,0.4076296985149383,0.0066729927365110075,0.0,104631.18040652595,-0.023008820825455745
Volatility_Sizing,2023-09-01,102223.74032379626,0.0,0.4257852733135223,0.011629986208568699,0.0,104631.18040652595,-0.023008820825455745
Volatility_Sizing,2023-09-04,102223.74032379626,0.0,0.3860072791576385,0.003173935251206572,0.0,104631.18040652595,-0.023008820825455745
Volatility_Sizing,2023-09-05,102223.74032379626,0.0,0.3655707836151123,0.0001603232892073425,0.0,104631.18040652595,-0.023008820825455745
Volatility_Sizing,2023-09-06,102223.74032379626,0.0,0.4305379390716553,0.007390914714137109,0.0,104631.18040652595,-0.023008820825455745
Volatility_Sizing,2023-09-07,102223.74032379626,0.0,0.4332383871078491,-0.0038637139588307834,0.0,104631.18040652595,-0.023008820825455745
Volatility_Sizing,2023-09-08,102223.74032379626,0.0,0.4987915158271789,0.011258316946873848,0.0,104631.18040652595,-0.023008820825455745
Volatility_Sizing,2023-09-11,102223.74032379626,0.0,0.5365306735038757,0.02877340419010177,0.0,104631.18040652595,-0.023008820825455745
Volatility_Sizing,2023-09-12,102223.74032379626,0.0,0.3215006291866302,-0.0036164965916243297,0.0,104631.18040652595,-0.023008820825455745
Volatility_Sizing,2023-09-13,102223.74032379626,0.0,0.3685366511344909,-0.002186204188693086,0.0,104631.18040652595,-0.023008820825455745
Volatility_Sizing,2023-09-14,102223.74032379626,0.0,0.4242246150970459,0.010744230972986157,0.0,104631.18040652595,-0.023008820825455745
Volatility_Sizing,2023-09-15,102223.74032379626,0.0,0.4291741251945495,0.0021815450098947586,0.0,104631.18040652595,-0.023008820825455745
Volatility_Sizing,2023-09-18,102223.74032379626,0.0,0.5405968427658081,-2.768978504197328e-05,0.0,104631.18040652595,-0.023008820825455745
Volatility_Sizing,2023-09-20,102223.74032379626,0.0,0.6211013197898865,-0.005754218526929034,0.0,104631.18040652595,-0.023008820825455745
Volatility_Sizing,2023-09-21,102223.74032379626,0.0,0.6440389156341553,0.005118080290552829,0.0,104631.18040652595,-0.023008820825455745
Volatility_Sizing,2023-09-22,102223.74032379626,0.0,0.6585507392883301,-0.00735365552096634,0.0,104631.18040652595,-0.023008820825455745
Volatility_Sizing,2023-09-25,102314.73832946384,1.0,0.7486041188240051,0.00239018466140406,0.0015,104631.18040652595,-0.022139118263427626
Volatility_Sizing,2023-09-26,102417.46389341944,1.0,0.8491537570953369,0.0010040153122887752,0.0,104631.18040652595,-0.02115733096487593
Volatility_Sizing,2023-09-27,100917.99529084076,1.0,0.8724450469017029,-0.014640751152939169,0.0,104631.18040652595,-0.03548832290009796
Volatility_Sizing,2023-09-28,100685.4451229331,1.0,0.7186175584793091,-0.002304347874107604,0.0,104631.18040652595,-0.03771089333277511
Volatility_Sizing,2023-09-29,100534.41695524871,0.0,0.6654758453369141,-0.004180127980441095,0.0015,104631.18040652595,-0.03915432699277577
Volatility_Sizing,2023-10-03,100534.41695524871,0.0,0.6149218082427979,0.006801628322076425,0.0,104631.18040652595,-0.03915432699277577
Volatility_Sizing,2023-10-04,100534.41695524871,0.0,0.6295762658119202,0.014585569261889697,0.0,104631.18040652595,-0.03915432699277577
Volatility_Sizing,2023-10-05,101281.301077966,1.0,0.7161991596221924,0.008929138650595192,0.0015,104631.18040652595,-0.03201607126618078
Volatility_Sizing,2023-10-06,101129.37912634906,0.0,0.6712090373039246,0.004680564358973349,0.0015,104631.18040652595,-0.03346804715928142
Volatility_Sizing,2023-10-09,101129.37912634906,0.0,0.6954295039176941,-0.002597384819725712,0.0,104631.18040652595,-0.03346804715928142
Volatility_Sizing,2023-10-10,100448.19726380784,1.0,0.823987603187561,-0.005235746510320882,0.0015,104631.18040652595,-0.0399783613877418
Volatility_Sizing,2023-10-11,98574.13660987289,1.0,0.8176374435424805,-0.018656986436631606,0.0,104631.18040652595,-0.0578894720782035
Volatility_Sizing,2023-10-12,99361.60688998156,1.0,0.8124175071716309,0.007988609458739138,0.0,104631.18040652595,-0.05036331900366975
Volatility_Sizing,2023-10-13,98059.36010646516,1.0,0.7947026491165161,-0.013106136507618271,0.0,104631.18040652595,-0.0628093869774492
Volatility_Sizing,2023-10-16,97912.27106630546,0.0,0.6732787489891052,-0.0048239950524122666,0.0015,104631.18040652595,-0.06421517289698309
Volatility_Sizing,2023-10-17,97912.27106630546,0.0,0.5504212975502014,-0.005645784506195239,0.0,104631.18040652595,-0.06421517289698309
Volatility_Sizing,2023-10-18,97912.27106630546,0.0,0.5228396654129028,-0.009061609479174115,0.0,104631.18040652595,-0.06421517289698309
Volatility_Sizing,2023-10-19,97912.27106630546,0.0,0.3770579397678375,0.011256969769417813,0.0,104631.18040652595,-0.06421517289698309
Volatility_Sizing,2023-10-20,97912.27106630546,0.0,0.4367595314979553,-0.02415193524347381,0.0,104631.18040652595,-0.06421517289698309
Volatility_Sizing,2023-10-23,97912.27106630546,0.0,0.2586957812309265,-0.005879449661060354,0.0,104631.18040652595,-0.06421517289698309
Volatility_Sizing,2023-10-25,97912.27106630546,0.0,0.2178797721862793,-0.015737027261564784,0.0,104631.18040652595,-0.06421517289698309
Volatility_Sizing,2023-10-26,97912.27106630546,0.0,0.2005378305912017,0.004255623337641401,0.0,104631.18040652595,-0.06421517289698309
Volatility_Sizing,2023-10-27,97912.27106630546,0.0,0.2372064292430877,0.008236499517576545,0.0,104631.18040652595,-0.06421517289698309
Volatility_Sizing,2023-10-30,97912.27106630546,0.0,0.2145546972751617,-0.002900667057314732,0.0,104631.18040652595,-0.06421517289698309
Volatility_Sizing,2023-10-31,97912.27106630546,0.0,0.2151027917861938,-0.011309862012987004,0.0,104631.18040652595,-0.06421517289698309
Volatility_Sizing,2023-11-01,97912.27106630546,0.0,0.2245258241891861,0.008842176805126334,0.0,104631.18040652595,-0.06421517289698309
Volatility_Sizing,2023-11-02,97912.27106630546,0.0,0.2077296823263168,-0.0027380717970031387,0.0,104631.18040652595,-0.06421517289698309
Volatility_Sizing,2023-11-03,97912.27106630546,0.0,0.2210359573364257,0.008758870306964761,0.0,104631.18040652595,-0.06421517289698309
Volatility_Sizing,2023-11-06,97912.27106630546,0.0,0.2036211788654327,-0.0028992082917314033,0.0,104631.18040652595,-0.06421517289698309
Volatility_Sizing,2023-11-07,97912.27106630546,0.0,0.2096471041440963,0.003293357805948416,0.0,104631.18040652595,-0.06421517289698309
Volatility_Sizing,2023-11-08,97912.27106630546,0.0,0.2173814177513122,-0.010084161749451925,0.0,104631.18040652595,-0.06421517289698309
Volatility_Sizing,2023-11-09,97912.27106630546,0.0,0.2299340069293975,-0.00418228807128207,0.0,104631.18040652595,-0.06421517289698309
Volatility_Sizing,2023-11-10,97912.27106630546,0.0,0.2407434731721878,-0.0005699507631972134,0.0,104631.18040652595,-0.06421517289698309
Volatility_Sizing,2023-11-13,97912.27106630546,0.0,0.2310312539339065,0.021836682305159894,0.0,104631.18040652595,-0.06421517289698309
Volatility_Sizing,2023-11-15,97912.27106630546,0.0,0.2373900860548019,0.02747996577455858,0.0,104631.18040652595,-0.06421517289698309
Volatility_Sizing,2023-11-16,97912.27106630546,0.0,0.4724089801311493,0.0013150516423523495,0.0,104631.18040652595,-0.06421517289698309
Volatility_Sizing,2023-11-17,97912.27106630546,0.0,0.4598599970340729,0.004896614290986978,0.0,104631.18040652595,-0.06421517289698309
Volatility_Sizing,2023-11-20,97912.27106630546,0.0,0.4566028118133545,-0.002670799586190098,0.0,104631.18040652595,-0.06421517289698309
Volatility_Sizing,2023-11-21,97912.27106630546,0.0,0.4598599970340729,0.0056834230099098715,0.0,104631.18040652595,-0.06421517289698309
Volatility_Sizing,2023-11-22,97912.27106630546,0.0,0.4584375321865082,-0.006203674900380318,0.0,104631.18040652595,-0.06421517289698309
Volatility_Sizing,2023-11-23,97912.27106630546,0.0,0.4655188024044037,-0.014579890926744055,0.0,104631.18040652595,-0.06421517289698309
Volatility_Sizing,2023-11-24,97912.27106630546,0.0,0.3427473902702331,0.0037747835812873554,0.0,104631.18040652595,-0.06421517289698309
Volatility_Sizing,2023-11-28,97912.27106630546,0.0,0.4109815955162048,0.012564326868646836,0.0,104631.18040652595,-0.06421517289698309
Volatility_Sizing,2023-11-29,97120.90750344149,0.9038499009365533,0.7758294939994812,-0.0074421635983635825,0.00135577485140483,104631.18040652595,-0.07177853555608016
Volatility_Sizing,2023-11-30,96989.2334195027,0.0,0.6690741181373596,0.006895803421860691,0.00135577485140483,104631.18040652595,-0.07303699487410742
Volatility_Sizing,2023-12-01,96989.2334195027,0.0,0.6609100699424744,0.00022782704722112967,0.0,104631.18040652595,-0.07303699487410742
Volatility_Sizing,2023-12-04,97347.35897813032,0.934300168335196,0.720117449760437,0.005452076684533402,0.0014014502525027941,104631.18040652595,-0.06961425265485521
Volatility_Sizing,2023-12-05,97210.93149730994,0.0,0.6749309301376343,0.02052893815698864,0.0014014502525027941,104631.18040652595,-0.07091814199539703
Volatility_Sizing,2023-12-06,97210.93149730994,0.0,0.1137611120939254,0.0029965329471628444,0.0,104631.18040652595,-0.07091814199539703
Volatility_Sizing,2023-12-07,97210.93149730994,0.0,0.1169709861278534,0.003264280933608754,0.0,104631.18040652595,-0.07091814199539703
Volatility_Sizing,2023-12-08,97210.93149730994,0.0,0.1403062790632248,0.004466857305534866,0.0,104631.18040652595,-0.07091814199539703
Volatility_Sizing,2023-12-11,97210.93149730994,0.0,0.4163255393505096,0.008015645802870841,0.0,104631.18040652595,-0.07091814199539703
Volatility_Sizing,2023-12-12,97210.93149730994,0.0,0.3552113175392151,-0.021391042384236836,0.0,104631.18040652595,-0.07091814199539703
Volatility_Sizing,2023-12-13,97210.93149730994,0.0,0.1479827016592025,0.020508953589197576,0.0,104631.18040652595,-0.07091814199539703
Volatility_Sizing,2023-12-14,97210.93149730994,0.0,0.2794911861419678,0.052832503919830964,0.0,104631.18040652595,-0.07091814199539703
Volatility_Sizing,2023-12-15,97090.93736160964,0.6277899068820844,0.7482826113700867,-0.0004662131126974556,0.0009416848603231266,104631.18040652595,-0.07206497160425818
Volatility_Sizing,2023-12-18,96999.50829582164,0.0,0.5569281578063965,-0.01114220577944991,0.0009416848603231266,104631.18040652595,-0.07293879397186187
Volatility_Sizing,2023-12-19,96999.50829582164,0.0,0.4205552041530609,-0.009472748494912864,0.0,104631.18040652595,-0.07293879397186187
Volatility_Sizing,2023-12-20,96999.50829582164,0.0,0.3764108419418335,0.0019708604583648093,0.0,104631.18040652595,-0.07293879397186187
Volatility_Sizing,2023-12-21,96999.50829582164,0.0,0.3764108419418335,0.009636963696369572,0.0,104631.18040652595,-0.07293879397186187
Volatility_Sizing,2023-12-22,96999.50829582164,0.0,0.440430611371994,-0.0074398407876241635,0.0,104631.18040652595,-0.07293879397186187
Volatility_Sizing,2023-12-26,96999.50829582164,0.0,0.3623464107513428,0.004123223812733556,0.0,104631.18040652595,-0.07293879397186187
Volatility_Sizing,2023-12-27,96999.50829582164,0.0,0.3616976737976074,-0.0029649582737453217,0.0,104631.18040652595,-0.07293879397186187
Volatility_Sizing,2023-12-28,96999.50829582164,0.0,0.2222419083118438,-0.0017105713747856965,0.0,104631.18040652595,-0.07293879397186187
Volatility_Sizing,2023-12-29,96999.50829582164,0.0,0.2222419083118438,0.004666050447664105,0.0,104631.18040652595,-0.07293879397186187
Volatility_Sizing,2024-01-01,96999.50829582164,0.0,0.2194124460220337,-0.007320759300321944,0.0,104631.18040652595,-0.07293879397186187
Volatility_Sizing,2024-01-02,96999.50829582164,0.0,0.2222419083118438,-0.02417264547266329,0.0,104631.18040652595,-0.07293879397186187
Volatility_Sizing,2024-01-03,96999.50829582164,0.0,0.2260116785764694,-0.006758299227161868,0.0,104631.18040652595,-0.07293879397186187
Volatility_Sizing,2024-01-04,96999.50829582164,0.0,0.2298665940761566,0.01939016378554581,0.0,104631.18040652595,-0.07293879397186187
Volatility_Sizing,2024-01-05,96999.50829582164,0.0,0.2483001500368118,-0.01594474305699156,0.0,104631.18040652595,-0.07293879397186187
Volatility_Sizing,2024-01-08,96999.50829582164,0.0,0.25412318110466,0.003153590887540636,0.0,104631.18040652595,-0.07293879397186187
Volatility_Sizing,2024-01-09,96999.50829582164,0.0,0.2573987543582916,0.0062739226258334835,0.0,104631.18040652595,-0.07293879397186187
Volatility_Sizing,2024-01-10,96999.50829582164,0.0,0.2590965628623962,0.006059708246351603,0.0,104631.18040652595,-0.07293879397186187
Volatility_Sizing,2024-01-11,96999.50829582164,0.0,0.2498334795236587,0.03941855900075386,0.0,104631.18040652595,-0.07293879397186187
Volatility_Sizing,2024-01-12,96999.50829582164,0.0,0.4356746077537536,0.005408468047778614,0.0,104631.18040652595,-0.07293879397186187
Volatility_Sizing,2024-01-15,96999.50829582164,0.0,0.4284645020961761,-0.010886828082487976,0.0,104631.18040652595,-0.07293879397186187
Volatility_Sizing,2024-01-16,96999.50829582164,0.0,0.3039643764495849,0.0060342497432170905,0.0,104631.18040652595,-0.07293879397186187
Volatility_Sizing,2024-01-17,96999.50829582164,0.0,0.3212807774543762,0.004633681601063699,0.0,104631.18040652595,-0.07293879397186187
Volatility_Sizing,2024-01-18,96999.50829582164,0.0,0.3212807774543762,0.010364872177440754,0.0,104631.18040652595,-0.07293879397186187
Volatility_Sizing,2024-01-19,96999.50829582164,0.0,0.4407603442668915,-0.021506206560408136,0.0,104631.18040652595,-0.07293879397186187
Volatility_Sizing,2024-01-23,96999.50829582164,0.0,0.2206538915634155,-0.004263578350774289,0.0,104631.18040652595,-0.07293879397186187
Volatility_Sizing,2024-01-24,96999.50829582164,0.0,0.2051985710859298,-0.008199281482545784,0.0,104631.18040652595,-0.07293879397186187
Volatility_Sizing,2024-01-25,96999.50829582164,0.0,0.2035199105739593,-0.0024407654801320566,0.0,104631.18040652595,-0.07293879397186187
Volatility_Sizing,2024-01-29,96999.50829582164,0.0,0.2092953324317932,-0.00011837705126938047,0.0,104631.18040652595,-0.07293879397186187
Volatility_Sizing,2024-01-30,96999.50829582164,0.0,0.1914024800062179,0.004052019351382663,0.0,104631.18040652595,-0.07293879397186187
Volatility_Sizing,2024-01-31,96999.50829582164,0.0,0.1914024800062179,0.01001060067890669,0.0,104631.18040652595,-0.07293879397186187
Volatility_Sizing,2024-02-01,96999.50829582164,0.0,0.2071347534656524,0.0290985429539663,0.0,104631.18040652595,-0.07293879397186187
Volatility_Sizing,2024-02-02,96999.50829582164,0.0,0.4180828034877777,0.0017648689997793454,0.0,104631.18040652595,-0.07293879397186187
Volatility_Sizing,2024-02-05,96999.50829582164,0.0,0.3742114305496216,0.04094831731116333,0.0,104631.18040652595,-0.07293879397186187
Volatility_Sizing,2024-02-06,96999.50829582164,0.0,0.4546887874603271,-0.012717625158667811,0.0,104631.18040652595,-0.07293879397186187
Volatility_Sizing,2024-02-07,96999.50829582164,0.0,0.3383278548717499,0.01241617194617639,0.0,104631.18040652595,-0.07293879397186187
Volatility_Sizing,2024-02-08,96999.50829582164,0.0,0.4314286112785339,-9.673262240961211e-05,0.0,104631.18040652595,-0.07293879397186187
Volatility_Sizing,2024-02-09,96999.50829582164,0.0,0.3872627913951874,-0.0031448821602354515,0.0,104631.18040652595,-0.07293879397186187
Volatility_Sizing,2024-02-12,96999.50829582164,0.0,0.3427011668682098,0.00698905606388478,0.0,104631.18040652595,-0.07293879397186187
Volatility_Sizing,2024-02-13,96999.50829582164,0.0,0.4546887874603271,-0.011905025266598424,0.0,104631.18040652595,-0.07293879397186187
Volatility_Sizing,2024-02-14,96999.50829582164,0.0,0.3212807774543762,0.0007561029200291447,0.0,104631.18040652595,-0.07293879397186187
Volatility_Sizing,2024-02-15,96999.50829582164,0.0,0.3212807774543762,0.006117081346329156,0.0,104631.18040652595,-0.07293879397186187
Volatility_Sizing,2024-02-16,96999.50829582164,0.0,0.3624115288257599,-0.005934646503187868,0.0,104631.18040652595,-0.07293879397186187
Volatility_Sizing,2024-02-19,96999.50829582164,0.0,0.3212807774543762,-0.01782491978780143,0.0,104631.18040652595,-0.07293879397186187
Volatility_Sizing,2024-02-20,96999.50829582164,0.0,0.2139943093061447,-0.00971304958066066,0.0,104631.18040652595,-0.07293879397186187
Volatility_Sizing,2024-02-21,96999.50829582164,0.0,0.2166910022497177,0.023950920119315988,0.0,104631.18040652595,-0.07293879397186187
Volatility_Sizing,2024-02-22,96999.50829582164,0.0,0.2659252882003784,-0.008563528948084875,0.0,104631.18040652595,-0.07293879397186187
Volatility_Sizing,2024-02-23,96999.50829582164,0.0,0.2139943093061447,-0.012598417511367144,0.0,104631.18040652595,-0.07293879397186187
Volatility_Sizing,2024-02-26,96999.50829582164,0.0,0.2252772599458694,0.025830682509431657,0.0,104631.18040652595,-0.07293879397186187
Volatility_Sizing,2024-02-27,96999.50829582164,0.0,0.2479310482740402,0.003545047586723138,0.0,104631.18040652595,-0.07293879397186187
Volatility_Sizing,2024-02-28,96999.50829582164,0.0,0.3037738800048828,-0.00579033407186913,0.0,104631.18040652595,-0.07293879397186187
Volatility_Sizing,2024-02-29,96999.50829582164,0.0,0.2111648470163345,-0.00018314570635991068,0.0,104631.18040652595,-0.07293879397186187
Volatility_Sizing,2024-03-01,96999.50829582164,0.0,0.2136535197496414,-0.0033338982155406427,0.0,104631.18040652595,-0.07293879397186187
Volatility_Sizing,2024-03-04,96999.50829582164,0.0,0.2299204766750335,-0.01681080558150938,0.0,104631.18040652595,-0.07293879397186187
Volatility_Sizing,2024-03-05,96999.50829582164,0.0,0.2008787244558334,0.013010630318612604,0.0,104631.18040652595,-0.07293879397186187
Volatility_Sizing,2024-03-06,96999.50829582164,0.0,0.2037343084812164,0.010899797823956892,0.0,104631.18040652595,-0.07293879397186187
Volatility_Sizing,2024-03-07,96999.50829582164,0.0,0.2551262378692627,0.003346638678182412,0.0,104631.18040652595,-0.07293879397186187
Volatility_Sizing,2024-03-11,96999.50829582164,0.0,0.3069292902946472,0.01695632362314181,0.0,104631.18040652595,-0.07293879397186187
Volatility_Sizing,2024-03-12,96999.50829582164,0.0,0.4226202666759491,-0.010316655733794478,0.0,104631.18040652595,-0.07293879397186187
Volatility_Sizing,2024-03-13,96999.50829582164,0.0,0.2479310482740402,0.01412390881085801,0.0,104631.18040652595,-0.07293879397186187
Volatility_Sizing,2024-03-14,96999.50829582164,0.0,0.4301608502864837,0.0027687760417725027,0.0,104631.18040652595,-0.07293879397186187
Volatility_Sizing,2024-03-15,96999.50829582164,0.0,0.4183034896850586,-0.015820347218107433,0.0,104631.18040652595,-0.07293879397186187
Volatility_Sizing,2024-03-18,96999.50829582164,0.0,0.2263822257518768,-0.042191439174443124,0.0,104631.18040652595,-0.07293879397186187
Volatility_Sizing,2024-03-19,96999.50829582164,0.0,0.3924726247787475,-0.0016091686334454014,0.0,104631.18040652595,-0.07293879397186187
Volatility_Sizing,2024-03-20,96999.50829582164,0.0,0.3924726247787475,0.0005162680698436173,0.0,104631.18040652595,-0.07293879397186187
Volatility_Sizing,2024-03-21,96999.50829582164,0.0,0.4181064367294311,-0.015618130001819552,0.0,104631.18040652595,-0.07293879397186187
Volatility_Sizing,2024-03-22,96999.50829582164,0.0,0.4326481819152832,-0.00854020894877261,0.0,104631.18040652595,-0.07293879397186187
Volatility_Sizing,2024-03-26,96999.50829582164,0.0,0.6045350432395935,-0.009439096752095422,0.0,104631.18040652595,-0.07293879397186187
Volatility_Sizing,2024-03-27,97471.19259080234,0.6301650400698896,0.711513876914978,0.009216628234121282,0.0009452475601048344,104631.18040652595,-0.06843072770377567
Volatility_Sizing,2024-03-28,97379.05818382537,0.0,0.64478600025177,0.010435196105137434,0.0009452475601048344,104631.18040652595,-0.06931129128548241
Volatility_Sizing,2024-04-01,97379.05818382537,0.0,0.4683361053466797,-0.00841257449974464,0.0,104631.18040652595,-0.06931129128548241
Volatility_Sizing,2024-04-02,97379.05818382537,0.0,0.6368498802185059,0.01634996632207164,0.0,104631.18040652595,-0.06931129128548241
Volatility_Sizing,2024-04-03,97379.05818382537,0.0,0.4386820495128631,0.014186912397659013,0.0,104631.18040652595,-0.06931129128548241
Volatility_Sizing,2024-04-04,97379.05818382537,0.0,0.4909493625164032,-0.006007555900079287,0.0,104631.18040652595,-0.06931129128548241
Volatility_Sizing,2024-04-05,97379.05818382537,0.0,0.4595701694488525,-0.001683722101369578,0.0,104631.18040652595,-0.06931129128548241
Volatility_Sizing,2024-04-08,97379.05818382537,0.0,0.423918068408966,-0.006544914395142709,0.0,104631.18040652595,-0.06931129128548241
Volatility_Sizing,2024-04-09,97379.05818382537,0.0,0.4303626120090484,0.009653964359818135,0.0,104631.18040652595,-0.06931129128548241
Volatility_Sizing,2024-04-10,97379.05818382537,0.0,0.4211709201335907,0.004203631538657326,0.0,104631.18040652595,-0.06931129128548241
Volatility_Sizing,2024-04-12,97379.05818382537,0.0,0.4717677533626556,-0.01504472250739397,0.0,104631.18040652595,-0.06931129128548241
Volatility_Sizing,2024-04-15,97379.05818382537,0.0,0.4466467201709747,-0.017355095704650103,0.0,104631.18040652595,-0.06931129128548241
Volatility_Sizing,2024-04-16,97379.05818382537,0.0,0.6795939207077026,-0.0027886925975930676,0.0,104631.18040652595,-0.06931129128548241
Volatility_Sizing,2024-04-18,96651.64463832593,0.6935971942035198,0.7219113707542419,-0.009269821032657943,0.0010403957913052797,104631.18040652595,-0.07626345929766765
Volatility_Sizing,2024-04-19,97333.56427939031,0.7046587837858379,0.7219113707542419,0.010036105528832495,1.6592384373477098e-05,104631.18040652595,-0.06974609383915997
Volatility_Sizing,2024-04-22,97535.80413178231,0.9168206085141961,0.711513876914978,0.0026134278477480954,0.00031824273709253734,104631.18040652595,-0.06781321062398238
Volatility_Sizing,2024-04-23,97401.66987883828,0.0,0.6721768379211426,-0.01126536322652505,0.0013752309127712942,104631.18040652595,-0.06909518271320925
Volatility_Sizing,2024-04-24,97751.55222027596,0.8934266530691269,0.7219113707542419,0.005520654148128301,0.0013401399796036904,104631.18040652595,-0.06575122405692457
Volatility_Sizing,2024-04-25,97018.73938830085,0.9293732521110197,0.7219113707542419,-0.00800837285360545,5.391989856283919e-05,104631.18040652595,-0.07275499510421568
Volatility_Sizing,2024-04-26,98173.47043909023,0.9312869300873374,0.7219113707542419,0.012783401747352707,2.8705169644765437e-06,104631.18040652595,-0.061718791113178906
Volatility_Sizing,2024-04-29,97023.39539529984,0.9128392020999236,0.7436636090278625,-0.012802968697553041,2.7671591981120682e-05,104631.18040652595,-0.07271049587386291
Volatility_Sizing,2024-04-30,97992.30493756614,0.8967506911328044,0.7923908233642578,0.011163060624374888,2.413276645067891e-05,104631.18040652595,-0.06345025873898813
Volatility_Sizing,2024-05-02,97540.91612146872,0.8932285442987702,0.7316038608551025,-0.005151074530286959,5.283220251051269e-06,104631.18040652595,-0.06776435339359899
Volatility_Sizing,2024-05-03,99316.97228861753,0.9018885673592895,0.7769486904144287,0.020203504308001552,1.299003459077891e-05,104631.18040652595,-0.05078990887095991
Volatility_Sizing,2024-05-06,99182.61302583976,0.0,0.3915858268737793,0.014766427773869939,0.0013528328510389342,104631.18040652595,-0.05207403146477696
Volatility_Sizing,2024-05-07,99182.61302583976,0.0,0.3697722554206848,-0.0005026451763764372,0.0,104631.18040652595,-0.05207403146477696
Volatility_Sizing,2024-05-08,99182.61302583976,0.0,0.301511138677597,-0.0042117703782177385,0.0,104631.18040652595,-0.05207403146477696
Volatility_Sizing,2024-05-09,99182.61302583976,0.0,0.3406410813331604,-0.016741591244276988,0.0,104631.18040652595,-0.05207403146477696
Volatility_Sizing,2024-05-10,99182.61302583976,0.0,0.3453083634376526,0.013842201349842709,0.0,104631.18040652595,-0.05207403146477696
Volatility_Sizing,2024-05-13,99182.61302583976,0.0,0.339055985212326,-0.011804067348872627,0.0,104631.18040652595,-0.05207403146477696
Volatility_Sizing,2024-05-14,99182.61302583976,0.0,0.2392671853303909,-0.005331705395381414,0.0,104631.18040652595,-0.05207403146477696
Volatility_Sizing,2024-05-15,99182.61302583976,0.0,0.4329863488674164,0.005295858505643514,0.0,104631.18040652595,-0.05207403146477696
Volatility_Sizing,2024-05-16,99182.61302583976,0.0,0.3674110770225525,-0.017136813943368523,0.0,104631.18040652595,-0.05207403146477696
Volatility_Sizing,2024-05-17,99182.61302583976,0.0,0.5577951073646545,-0.0036253999974784623,0.0,104631.18040652595,-0.05207403146477696
Volatility_Sizing,2024-05-21,99182.61302583976,0.0,0.65833580493927,0.0030888563370892186,0.0,104631.18040652595,-0.05207403146477696
Volatility_Sizing,2024-05-22,99182.61302583976,0.0,0.6579462289810181,0.01603599978389214,0.0,104631.18040652595,-0.05207403146477696
Volatility_Sizing,2024-05-23,99182.61302583976,0.0,0.3188414573669433,-0.011288176738639355,0.0,104631.18040652595,-0.05207403146477696
Volatility_Sizing,2024-05-24,99182.61302583976,0.0,0.6009922027587891,-0.0006364336074490273,0.0,104631.18040652595,-0.05207403146477696
Volatility_Sizing,2024-05-27,99182.61302583976,0.0,0.6740281581878662,-0.0018586050073752247,0.0,104631.18040652595,-0.05207403146477696
Volatility_Sizing,2024-05-28,98287.56905325266,0.8248549795113517,0.7135289907455444,-0.009440350249201646,0.0012372824692670275,104631.18040652595,-0.06062830724671464
Volatility_Sizing,2024-05-29,96820.31010862484,0.8393651796451689,0.7335686087608337,-0.01775920666249453,2.1765300200725812e-05,104631.18040652595,-0.07465145922614425
Volatility_Sizing,2024-05-30,95439.80826588212,0.8156190285247836,0.7196359634399414,-0.017438008827773466,3.561922668057788e-05,104631.18040652595,-0.08784544057452448
Volatility_Sizing,2024-05-31,96104.35542158484,0.8033871993040376,0.8457560539245605,0.008689888696028492,1.834774383111909e-05,104631.18040652595,-0.08149411056829936
Volatility_Sizing,2024-06-03,96350.32560713425,0.7873472239091306,0.8628421425819397,0.003281229869780633,2.405996309236047e-05,104631.18040652595,-0.0791432799211278
Volatility_Sizing,2024-06-04,96236.53386504998,0.0,0.2884446680545807,0.008465666533479244,0.0011810208358636958,104631.18040652595,-0.08023083089438598
Volatility_Sizing,2024-06-05,96236.53386504998,0.0,0.2209851294755935,0.02240786671809558,0.0,104631.18040652595,-0.08023083089438598
Volatility_Sizing,2024-06-06,96236.53386504998,0.0,0.3052290380001068,0.016590969728575766,0.0,104631.18040652595,-0.08023083089438598
Volatility_Sizing,2024-06-07,96236.53386504998,0.0,0.2829272449016571,-0.009052504639766035,0.0,104631.18040652595,-0.08023083089438598
Volatility_Sizing,2024-06-10,96236.53386504998,0.0,0.3222821354866028,-0.001710382667514887,0.0,104631.18040652595,-0.08023083089438598
Volatility_Sizing,2024-06-11,96236.53386504998,0.0,0.3758260905742645,-0.005308843174906763,0.0,104631.18040652595,-0.08023083089438598
Volatility_Sizing,2024-06-12,96236.53386504998,0.0,0.4066451489925384,0.012135764275216454,0.0,104631.18040652595,-0.08023083089438598
Volatility_Sizing,2024-06-13,96236.53386504998,0.0,0.4400219321250915,-0.011887073650186819,0.0,104631.18040652595,-0.08023083089438598
Volatility_Sizing,2024-06-14,96236.53386504998,0.0,0.4116044342517853,-0.004423207149149455,0.0,104631.18040652595,-0.08023083089438598
Volatility_Sizing,2024-06-18,96236.53386504998,0.0,0.3943470120429992,-0.0035123970908672586,0.0,104631.18040652595,-0.08023083089438598
Volatility_Sizing,2024-06-19,96236.53386504998,0.0,0.4451701939105987,-0.0038009183674321267,0.0,104631.18040652595,-0.08023083089438598
Volatility_Sizing,2024-06-20,96236.53386504998,0.0,0.1704689264297485,0.006205030034985848,0.0,104631.18040652595,-0.08023083089438598
Volatility_Sizing,2024-06-21,96236.53386504998,0.0,0.1675410717725753,0.0015876268000065696,0.0,104631.18040652595,-0.08023083089438598
Volatility_Sizing,2024-06-24,96236.53386504998,0.0,0.1702487021684646,0.0056722652658729444,0.0,104631.18040652595,-0.08023083089438598
Volatility_Sizing,2024-06-25,96236.53386504998,0.0,0.2115805596113205,0.004533117978798407,0.0,104631.18040652595,-0.08023083089438598
Volatility_Sizing,2024-06-26,96236.53386504998,0.0,0.1747529655694961,0.020306755372853758,0.0,104631.18040652595,-0.08023083089438598
Volatility_Sizing,2024-06-27,96236.53386504998,0.0,0.1585526466369629,-0.007625535565416008,0.0,104631.18040652595,-0.08023083089438598
Volatility_Sizing,2024-06-28,96236.53386504998,0.0,0.120798535645008,0.01896700963855702,0.0,104631.18040652595,-0.08023083089438598
Volatility_Sizing,2024-07-01,96236.53386504998,0.0,0.1676857769489288,0.009853690526623105,0.0,104631.18040652595,-0.08023083089438598
Volatility_Sizing,2024-07-02,96236.53386504998,0.0,0.09813142567873,-0.012981008515812853,0.0,104631.18040652595,-0.08023083089438598
Volatility_Sizing,2024-07-03,96236.53386504998,0.0,0.1081952154636383,0.01404702129042934,0.0,104631.18040652595,-0.08023083089438598
Volatility_Sizing,2024-07-04,96236.53386504998,0.0,0.0982093587517738,-0.0022755573819274177,0.0,104631.18040652595,-0.08023083089438598
Volatility_Sizing,2024-07-05,96236.53386504998,0.0,0.1049072816967964,-0.004636347133422869,0.0,104631.18040652595,-0.08023083089438598
Volatility_Sizing,2024-07-08,96236.53386504998,0.0,0.1101596057415008,-0.001928265868483603,0.0,104631.18040652595,-0.08023083089438598
Volatility_Sizing,2024-07-09,96236.53386504998,0.0,0.1074301674962043,-0.019156968424601684,0.0,104631.18040652595,-0.08023083089438598
Volatility_Sizing,2024-07-10,96236.53386504998,0.0,0.067156933248043,0.0037220493436185276,0.0,104631.18040652595,-0.08023083089438598
Volatility_Sizing,2024-07-11,96236.53386504998,0.0,0.0651871934533119,0.06632776394201523,0.0,104631.18040652595,-0.08023083089438598
Volatility_Sizing,2024-07-12,96236.53386504998,0.0,0.2866563498973846,-0.003525376572724337,0.0,104631.18040652595,-0.08023083089438598
Volatility_Sizing,2024-07-15,96236.53386504998,0.0,0.2609844505786896,0.0022186509562194257,0.0,104631.18040652595,-0.08023083089438598
Volatility_Sizing,2024-07-16,96236.53386504998,0.0,0.2654161155223846,0.03281111487910082,0.0,104631.18040652595,-0.08023083089438598
Volatility_Sizing,2024-07-18,96236.53386504998,0.0,0.2534982562065124,-0.003047097806510468,0.0,104631.18040652595,-0.08023083089438598
Volatility_Sizing,2024-07-19,96236.53386504998,0.0,0.2295404523611068,-0.0034980022845625403,0.0,104631.18040652595,-0.08023083089438598
Volatility_Sizing,2024-07-22,96236.53386504998,0.0,0.2242989689111709,0.003498664596623513,0.0,104631.18040652595,-0.08023083089438598
Volatility_Sizing,2024-07-23,96236.53386504998,0.0,0.2242989689111709,0.0009064586226663618,0.0,104631.18040652595,-0.08023083089438598
Volatility_Sizing,2024-07-24,96236.53386504998,0.0,0.2841377854347229,0.0037735849056603765,0.0,104631.18040652595,-0.08023083089438598
Volatility_Sizing,2024-07-25,96236.53386504998,0.0,0.2812440991401672,0.015118588237420516,0.0,104631.18040652595,-0.08023083089438598
Volatility_Sizing,2024-07-26,96236.53386504998,0.0,0.2386145740747451,-0.0015383387877369037,0.0,104631.18040652595,-0.08023083089438598
Volatility_Sizing,2024-07-29,96236.53386504998,0.0,0.286546915769577,-0.003594987480068257,0.0,104631.18040652595,-0.08023083089438598
Volatility_Sizing,2024-07-30,96236.53386504998,0.0,0.2715286314487457,0.00458153402420991,0.0,104631.18040652595,-0.08023083089438598
Volatility_Sizing,2024-07-31,96236.53386504998,0.0,0.2840441465377807,0.002679375588799493,0.0,104631.18040652595,-0.08023083089438598
Volatility_Sizing,2024-08-01,96236.53386504998,0.0,0.296279102563858,-0.0259376158003638,0.0,104631.18040652595,-0.08023083089438598
Volatility_Sizing,2024-08-02,96236.53386504998,0.0,0.294759064912796,-0.029885246690317002,0.0,104631.18040652595,-0.08023083089438598
Volatility_Sizing,2024-08-05,96236.53386504998,0.0,0.2707370817661285,0.003886930694977364,0.0,104631.18040652595,-0.08023083089438598
Volatility_Sizing,2024-08-06,96236.53386504998,0.0,0.2707370817661285,0.007012370212504004,0.0,104631.18040652595,-0.08023083089438598
Volatility_Sizing,2024-08-07,96236.53386504998,0.0,0.3227385282516479,-0.0066422381715501855,0.0,104631.18040652595,-0.08023083089438598
Volatility_Sizing,2024-08-08,96236.53386504998,0.0,0.3355268836021423,0.013469029237078045,0.0,104631.18040652595,-0.08023083089438598
Volatility_Sizing,2024-08-09,96236.53386504998,0.0,0.3270950615406036,-0.00782739524830034,0.0,104631.18040652595,-0.08023083089438598
Volatility_Sizing,2024-08-12,96236.53386504998,0.0,0.3264108598232269,0.0003099145541252124,0.0,104631.18040652595,-0.08023083089438598
Volatility_Sizing,2024-08-13,96236.53386504998,0.0,0.3388810753822326,0.023421722944744428,0.0,104631.18040652595,-0.08023083089438598
Volatility_Sizing,2024-08-14,96236.53386504998,0.0,0.242540031671524,0.02812404509341704,0.0,104631.18040652595,-0.08023083089438598
Volatility_Sizing,2024-08-16,96236.53386504998,0.0,0.2669140696525574,0.01674577927857701,0.0,104631.18040652595,-0.08023083089438598
Volatility_Sizing,2024-08-19,96236.53386504998,0.0,0.2460161000490188,0.007416437569599088,0.0,104631.18040652595,-0.08023083089438598
Volatility_Sizing,2024-08-20,96236.53386504998,0.0,0.2275067567825317,0.006234429847713496,0.0,104631.18040652595,-0.08023083089438598
Volatility_Sizing,2024-08-21,96236.53386504998,0.0,0.2480917125940323,-0.010875535537734793,0.0,104631.18040652595,-0.08023083089438598
Volatility_Sizing,2024-08-22,96236.53386504998,0.0,0.2242989689111709,-0.008462927067136805,0.0,104631.18040652595,-0.08023083089438598
Volatility_Sizing,2024-08-23,96236.53386504998,0.0,0.2429498732089996,0.00863601196534658,0.0,104631.18040652595,-0.08023083089438598
Volatility_Sizing,2024-08-26,96236.53386504998,0.0,0.2439489513635635,-0.0011772019098108544,0.0,104631.18040652595,-0.08023083089438598
Volatility_Sizing,2024-08-27,96236.53386504998,0.0,0.244068294763565,0.0019790094920144607,0.0,104631.18040652595,-0.08023083089438598
Volatility_Sizing,2024-08-28,96236.53386504998,0.0,0.2533520460128784,0.0012760622383751752,0.0,104631.18040652595,-0.08023083089438598
Volatility_Sizing,2024-08-29,96236.53386504998,0.0,0.2592674493789673,0.009297884908128218,0.0,104631.18040652595,-0.08023083089438598
Volatility_Sizing,2024-08-30,96236.53386504998,0.0,0.2506621479988098,-0.0071809377573428534,0.0,104631.18040652595,-0.08023083089438598
Volatility_Sizing,2024-09-02,96236.53386504998,0.0,0.2566772103309631,-0.0019242670191843558,0.0,104631.18040652595,-0.08023083089438598
Volatility_Sizing,2024-09-03,96236.53386504998,0.0,0.3106915652751922,-0.007335445375446947,0.0,104631.18040652595,-0.08023083089438598
Volatility_Sizing,2024-09-04,96236.53386504998,0.0,0.327718049287796,-0.0007366868755930289,0.0,104631.18040652595,-0.08023083089438598
Volatility_Sizing,2024-09-05,96236.53386504998,0.0,0.327718049287796,-0.004289635602426456,0.0,104631.18040652595,-0.08023083089438598
Volatility_Sizing,2024-09-06,96236.53386504998,0.0,0.3231621384620666,-0.0016155708335671148,0.0,104631.18040652595,-0.08023083089438598
Volatility_Sizing,2024-09-09,96236.53386504998,0.0,0.357803463935852,0.013102514979679958,0.0,104631.18040652595,-0.08023083089438598
Volatility_Sizing,2024-09-10,96236.53386504998,0.0,0.3259206712245941,-0.006322304287540104,0.0,104631.18040652595,-0.08023083089438598
Volatility_Sizing,2024-09-11,96236.53386504998,0.0,0.3258581459522247,0.008561531655298937,0.0,104631.18040652595,-0.08023083089438598
Volatility_Sizing,2024-09-12,96236.53386504998,0.0,0.3316980302333832,0.0010846010429894637,0.0,104631.18040652595,-0.08023083089438598
Volatility_Sizing,2024-09-13,96236.53386504998,0.0,0.3316980302333832,-0.002067416409665679,0.0,104631.18040652595,-0.08023083089438598
Volatility_Sizing,2024-09-16,96236.53386504998,0.0,0.3296115696430206,-0.0016839522863235645,0.0,104631.18040652595,-0.08023083089438598
Volatility_Sizing,2024-09-17,96236.53386504998,0.0,0.3421419560909271,-0.03539999854783016,0.0,104631.18040652595,-0.08023083089438598
Volatility_Sizing,2024-09-18,96236.53386504998,0.0,0.236836165189743,-0.011504435218177012,0.0,104631.18040652595,-0.08023083089438598
Volatility_Sizing,2024-09-19,96236.53386504998,0.0,0.1933979839086532,-0.0026186237109330213,0.0,104631.18040652595,-0.08023083089438598
Volatility_Sizing,2024-09-20,96236.53386504998,0.0,0.1933979839086532,-0.003827371167942517,0.0,104631.18040652595,-0.08023083089438598
Volatility_Sizing,2024-09-23,96236.53386504998,0.0,0.2365657389163971,0.0006559223819841975,0.0,104631.18040652595,-0.08023083089438598
Volatility_Sizing,2024-09-24,96236.53386504998,0.0,0.2511974573135376,0.0008077623838798065,0.0,104631.18040652595,-0.08023083089438598
Volatility_Sizing,2024-09-25,96236.53386504998,0.0,0.2854065299034118,0.004152289607579407,0.0,104631.18040652595,-0.08023083089438598
Volatility_Sizing,2024-09-26,96236.53386504998,0.0,0.3754554092884063,0.003774069962143356,0.0,104631.18040652595,-0.08023083089438598
Volatility_Sizing,2024-09-27,96236.53386504998,0.0,0.3710492253303528,-0.009330005219725934,0.0,104631.18040652595,-0.08023083089438598
Volatility_Sizing,2024-09-30,96236.53386504998,0.0,0.3588312566280365,0.004544899225430443,0.0,104631.18040652595,-0.08023083089438598
Volatility_Sizing,2024-10-01,96236.53386504998,0.0,0.384001225233078,-0.01286175134676193,0.0,104631.18040652595,-0.08023083089438598
Volatility_Sizing,2024-10-03,96236.53386504998,0.0,0.6041865348815918,0.004606934026342158,0.0,104631.18040652595,-0.08023083089438598
Volatility_Sizing,2024-10-04,96236.53386504998,0.0,0.58246910572052,0.00484451705714628,0.0,104631.18040652595,-0.08023083089438598
Volatility_Sizing,2024-10-07,96236.53386504998,0.0,0.3540689051151275,-0.004587125035582451,0.0,104631.18040652595,-0.08023083089438598
Volatility_Sizing,2024-10-08,96236.53386504998,0.0,0.58246910572052,-7.048837653556017e-05,0.0,104631.18040652595,-0.08023083089438598
Volatility_Sizing,2024-10-09,96236.53386504998,0.0,0.2640060484409332,-0.006007663338477576,0.0,104631.18040652595,-0.08023083089438598
Volatility_Sizing,2024-10-10,96236.53386504998,0.0,0.4729017913341522,-0.01849829891605348,0.0,104631.18040652595,-0.08023083089438598
Volatility_Sizing,2024-10-11,95815.24222002269,0.9674940267881756,0.7608885765075684,-0.003024749922389547,0.0014512410401822636,104631.18040652595,-0.08425727543405792
Volatility_Sizing,2024-10-14,95365.94757442026,0.9748873409367355,0.7580382823944092,-0.004798592611137686,1.1089971222839723e-05,104631.18040652595,-0.08855135530448244
Volatility_Sizing,2024-10-15,94871.49548701195,0.9764424809873627,0.7607991695404053,-0.0053074850739028845,2.332710075940936e-06,104631.18040652595,-0.09327702202722421
Volatility_Sizing,2024-10-16,95189.75312340533,0.9787097497756259,0.7894052863121033,0.0034310672891384453,3.4009031823946655e-06,104631.18040652595,-0.09023531270924812
Volatility_Sizing,2024-10-17,95512.19323202655,1.0,0.7607991695404053,0.0034192759035045484,3.1935375336561214e-05,104631.18040652595,-0.087153629912892
Volatility_Sizing,2024-10-18,94511.45374038986,1.0,0.7467433214187622,-0.010477609798003495,0.0,104631.18040652595,-0.09671807798418863
Volatility_Sizing,2024-10-21,93020.75650096871,1.0,0.7944980263710022,-0.015772662258649484,0.0,104631.18040652595,-0.11096523866448793
Volatility_Sizing,2024-10-22,94196.40172383614,1.0,0.8129313588142395,0.012638525712862725,0.0,104631.18040652595,-0.09972914997372029
Volatility_Sizing,2024-10-23,93771.31394750666,1.0,0.7620764970779419,-0.0045127814709499114,0.0,104631.18040652595,-0.10379187558455527
Volatility_Sizing,2024-10-24,93994.86367389733,1.0,0.7775447964668274,0.0023839884179912563,0.0,104631.18040652595,-0.10165532579583914
Volatility_Sizing,2024-10-25,94766.27339460743,1.0,0.7742302417755127,0.008206934831954227,0.0,104631.18040652595,-0.09428266959801246
Volatility_Sizing,2024-10-28,94404.89053183235,1.0,0.7284544706344604,-0.003813412196449706,0.0,104631.18040652595,-0.09773654311230318
Volatility_Sizing,2024-10-29,94622.64324682447,1.0,0.7427082061767578,0.0023065829933746063,0.0,104631.18040652595,-0.09565539756710262
Volatility_Sizing,2024-10-30,91930.82221248667,1.0,0.7393041253089905,-0.028447958564380316,0.0,104631.18040652595,-0.1213821553450346
Volatility_Sizing,2024-10-31,92285.51115424155,0.9797783412688635,0.9053999185562134,0.003968803989917724,3.033248809670469e-05,104631.18040652595,-0.11799225818075909
Volatility_Sizing,2024-11-01,91828.88431119916,0.9824347726217766,0.9119563698768616,-0.005032390209790516,3.98464702936957e-06,104631.18040652595,-0.1223564146517867
Volatility_Sizing,2024-11-04,91993.2561654629,1.0,0.8962885141372681,0.001816327709565968,2.6347841067335122e-05,104631.18040652595,-0.12078545030229648
Volatility_Sizing,2024-11-05,95865.35317514677,0.9934503281686979,0.8987098336219788,0.04237848604353078,9.824507746953094e-06,104631.18040652595,-0.08377834597030365
Volatility_Sizing,2024-11-06,95722.49697528897,0.0,0.6782045960426331,0.002717621119030067,0.001490175492253047,104631.18040652595,-0.08514367702461023
Volatility_Sizing,2024-11-07,95564.39929390409,0.6770254633021446,0.7009809613227844,-0.0009395317727483032,0.001015538194953217,104631.18040652595,-0.08665467671677296
Volatility_Sizing,2024-11-08,96404.68796275424,0.7091678878956056,0.7009809613227844,0.012466890598625602,4.8213636890191424e-05,104631.18040652595,-0.07862371820531056
Volatility_Sizing,2024-11-11,96302.13729933556,0.0,0.5726436972618103,-0.0003096894058313149,0.0010637518318434083,104631.18040652595,-0.07960383391288683
Volatility_Sizing,2024-11-12,96302.13729933556,0.0,0.5741950869560242,-0.01120927378428449,0.0,104631.18040652595,-0.07960383391288683
Volatility_Sizing,2024-11-13,96302.13729933556,0.0,0.593315601348877,-0.0010722457642822203,0.0,104631.18040652595,-0.07960383391288683
Volatility_Sizing,2024-11-14,96302.13729933556,0.0,0.6569667458534241,-0.030487929115773804,0.0,104631.18040652595,-0.07960383391288683
Volatility_Sizing,2024-11-18,96508.97943932544,0.615747094824601,0.7046766877174377,0.004988194757588049,0.0009236206422369015,104631.18040652595,-0.07762696488411136
Volatility_Sizing,2024-11-19,96419.84175375407,0.0,0.6871570348739624,0.008243504456092898,0.0009236206422369015,104631.18040652595,-0.07847888765918709
Volatility_Sizing,2024-11-21,96419.84175375407,0.0,0.6869116425514221,0.0421694871851126,0.0,104631.18040652595,-0.07847888765918709
Volatility_Sizing,2024-11-22,96419.84175375407,0.0,0.5649750232696533,0.01660933854261759,0.0,104631.18040652595,-0.07847888765918709
Volatility_Sizing,2024-11-25,96419.84175375407,0.0,0.4009934365749359,0.008713609604716455,0.0,104631.18040652595,-0.07847888765918709
Volatility_Sizing,2024-11-26,96419.84175375407,0.0,0.3805783689022064,-0.004629400078300927,0.0,104631.18040652595,-0.07847888765918709
Volatility_Sizing,2024-11-27,96419.84175375407,0.0,0.3841496407985687,-0.02023055851520028,0.0,104631.18040652595,-0.07847888765918709
Volatility_Sizing,2024-11-28,96419.84175375407,0.0,0.2898951768875122,0.006113264366533588,0.0,104631.18040652595,-0.07847888765918709
Volatility_Sizing,2024-11-29,96419.84175375407,0.0,0.4073731303215027,0.0013579977182254233,0.0,104631.18040652595,-0.07847888765918709
Volatility_Sizing,2024-12-02,96419.84175375407,0.0,0.3055686056613922,0.006102930623791858,0.0,104631.18040652595,-0.07847888765918709
Volatility_Sizing,2024-12-03,96419.84175375407,0.0,0.3819903135299682,0.012003928265353458,0.0,104631.18040652595,-0.07847888765918709
Volatility_Sizing,2024-12-04,96419.84175375407,0.0,0.4721872210502624,0.02518140382208145,0.0,104631.18040652595,-0.07847888765918709
Volatility_Sizing,2024-12-05,96419.84175375407,0.0,0.436297208070755,-0.00415537583564185,0.0,104631.18040652595,-0.07847888765918709
Volatility_Sizing,2024-12-06,96419.84175375407,0.0,0.3573099076747894,0.0014958727575637987,0.0,104631.18040652595,-0.07847888765918709
Volatility_Sizing,2024-12-09,96419.84175375407,0.0,0.4462079703807831,-0.004402389426719888,0.0,104631.18040652595,-0.07847888765918709
Volatility_Sizing,2024-12-10,96419.84175375407,0.0,0.3232079446315765,-0.0011504911619057978,0.0,104631.18040652595,-0.07847888765918709
Volatility_Sizing,2024-12-11,96419.84175375407,0.0,0.3232079446315765,0.006211249994209966,0.0,104631.18040652595,-0.07847888765918709
Volatility_Sizing,2024-12-12,96419.84175375407,0.0,0.4023072421550751,0.004253629378660362,0.0,104631.18040652595,-0.07847888765918709
Volatility_Sizing,2024-12-13,96419.84175375407,0.0,0.4300086498260498,-0.013120478399728852,0.0,104631.18040652595,-0.07847888765918709
Volatility_Sizing,2024-12-16,96419.84175375407,0.0,0.3563823699951172,-0.019636752916560196,0.0,104631.18040652595,-0.07847888765918709
Volatility_Sizing,2024-12-17,96419.84175375407,0.0,0.415903240442276,0.004470393359420122,0.0,104631.18040652595,-0.07847888765918709
Volatility_Sizing,2024-12-18,96419.84175375407,0.0,0.3719558715820312,-0.017468448453050733,0.0,104631.18040652595,-0.07847888765918709
Volatility_Sizing,2024-12-19,96419.84175375407,0.0,0.3065764605998993,-0.023783351665264352,0.0,104631.18040652595,-0.07847888765918709
Volatility_Sizing,2024-12-20,96419.84175375407,0.0,0.568117082118988,-0.0028774909627629075,0.0,104631.18040652595,-0.07847888765918709
Volatility_Sizing,2024-12-23,96419.84175375407,0.0,0.5576220750808716,0.005098284469196246,0.0,104631.18040652595,-0.07847888765918709
Volatility_Sizing,2024-12-24,96419.84175375407,0.0,0.5937625169754028,-0.002488312559815742,0.0,104631.18040652595,-0.07847888765918709
Volatility_Sizing,2024-12-26,96419.84175375407,0.0,0.5832534432411194,-0.001019404643795685,0.0,104631.18040652595,-0.07847888765918709
Volatility_Sizing,2024-12-27,96419.84175375407,0.0,0.5656948685646057,-0.0014527036572468122,0.0,104631.18040652595,-0.07847888765918709
Volatility_Sizing,2024-12-30,96419.84175375407,0.0,0.5315733551979065,-0.015388996553101442,0.0,104631.18040652595,-0.07847888765918709
Volatility_Sizing,2024-12-31,96419.84175375407,0.0,0.6027769446372986,0.004310380549454651,0.0,104631.18040652595,-0.07847888765918709
Volatility_Sizing,2025-01-01,96419.84175375407,0.0,0.3396520018577575,0.015392236180671759,0.0,104631.18040652595,-0.07847888765918709
Volatility_Sizing,2025-01-02,96419.84175375407,0.0,0.4462629556655884,-0.018164424991019557,0.0,104631.18040652595,-0.07847888765918709
Volatility_Sizing,2025-01-03,96419.84175375407,0.0,0.3802525699138641,-0.0011951273105348381,0.0,104631.18040652595,-0.07847888765918709
Volatility_Sizing,2025-01-06,96419.84175375407,0.0,0.6027769446372986,-0.016288144364316248,0.0,104631.18040652595,-0.07847888765918709
Volatility_Sizing,2025-01-07,96419.84175375407,0.0,0.589745819568634,0.01988428184214497,0.0,104631.18040652595,-0.07847888765918709
Volatility_Sizing,2025-01-08,96419.84175375407,0.0,0.4721475541591644,-0.016928684242209058,0.0,104631.18040652595,-0.07847888765918709
Volatility_Sizing,2025-01-09,96419.84175375407,0.0,0.5819497108459473,0.056154548746216726,0.0,104631.18040652595,-0.07847888765918709
Volatility_Sizing,2025-01-10,96419.84175375407,0.0,0.5834248661994934,0.005966311323045259,0.0,104631.18040652595,-0.07847888765918709
Volatility_Sizing,2025-01-13,96419.84175375407,0.0,0.5351479053497314,-0.013528067779275621,0.0,104631.18040652595,-0.07847888765918709
Volatility_Sizing,2025-01-14,96419.84175375407,0.0,0.6169790029525757,0.003909779882680153,0.0,104631.18040652595,-0.07847888765918709
Volatility_Sizing,2025-01-15,96419.84175375407,0.0,0.6325839757919312,-0.010189262983270164,0.0,104631.18040652595,-0.07847888765918709
Volatility_Sizing,2025-01-16,96419.84175375407,0.0,0.6367969512939453,-0.01949456857749876,0.0,104631.18040652595,-0.07847888765918709
Volatility_Sizing,2025-01-17,96419.84175375407,0.0,0.5152623057365417,-0.011274581883335744,0.0,104631.18040652595,-0.07847888765918709
Volatility_Sizing,2025-01-20,96419.84175375407,0.0,0.6982356905937195,-0.010287397780558316,0.0,104631.18040652595,-0.07847888765918709
Volatility_Sizing,2025-01-21,96419.84175375407,0.0,0.6746646165847778,0.029919347120975548,0.0,104631.18040652595,-0.07847888765918709
Volatility_Sizing,2025-01-22,96419.84175375407,0.0,0.4914069771766662,-0.0026824573165066257,0.0,104631.18040652595,-0.07847888765918709
Volatility_Sizing,2025-01-23,96419.84175375407,0.0,0.4914069771766662,0.0016644518734183489,0.0,104631.18040652595,-0.07847888765918709
Volatility_Sizing,2025-01-24,96419.84175375407,0.0,0.4914069771766662,-0.021000203080592694,0.0,104631.18040652595,-0.07847888765918709
Volatility_Sizing,2025-01-27,96419.84175375407,0.0,0.5639668703079224,-0.006112899674695416,0.0,104631.18040652595,-0.07847888765918709
Volatility_Sizing,2025-01-28,96419.84175375407,0.0,0.5229705572128296,0.014726568606366897,0.0,104631.18040652595,-0.07847888765918709
Volatility_Sizing,2025-01-29,96419.84175375407,0.0,0.592658281326294,6.09785872260904e-05,0.0,104631.18040652595,-0.07847888765918709
Volatility_Sizing,2025-01-30,96419.84175375407,0.0,0.592658281326294,0.0030121823501096934,0.0,104631.18040652595,-0.07847888765918709
Volatility_Sizing,2025-01-31,96419.84175375407,0.0,0.5554901361465454,-0.009544305255340224,0.0,104631.18040652595,-0.07847888765918709
Volatility_Sizing,2025-02-01,96293.94830809931,0.5012599171952942,0.7181596755981445,-0.0011047960688632674,0.0007518898757929413,104631.18040652595,-0.0796820992177838
Volatility_Sizing,2025-02-03,96757.47939867925,0.5116933147236449,0.7153918743133545,0.009437996206463906,1.565009629252606e-05,104631.18040652595,-0.07525195622619207
Volatility_Sizing,2025-02-04,96683.21416564252,0.0,0.5213248133659363,-0.0038834949147794617,0.0007675399720854674,104631.18040652595,-0.07596173731389644
Volatility_Sizing,2025-02-05,96683.21416564252,0.0,0.6626167893409729,-0.0020410396853974833,0.0,104631.18040652595,-0.07596173731389644
Volatility_Sizing,2025-02-06,96683.21416564252,0.0,0.6966712474822998,-0.013067196780662593,0.0,104631.18040652595,-0.07596173731389644
Volatility_Sizing,2025-02-07,96683.21416564252,0.0,0.6849414706230164,0.0018737402618522747,0.0,104631.18040652595,-0.07596173731389644
Volatility_Sizing,2025-02-10,96683.21416564252,0.0,0.6849414706230164,-0.018182019403644833,0.0,104631.18040652595,-0.07596173731389644
Volatility_Sizing,2025-02-11,96683.21416564252,0.0,0.5199754238128662,-0.003380844525562865,0.0,104631.18040652595,-0.07596173731389644
Volatility_Sizing,2025-02-12,96683.21416564252,0.0,0.5351260304450989,-0.010126197989667851,0.0,104631.18040652595,-0.07596173731389644
Volatility_Sizing,2025-02-13,97064.81862238697,0.8193903069766479,0.8337576985359192,0.006316943321711177,0.001229085460464972,104631.18040652595,-0.07231459833236342
Volatility_Sizing,2025-02-14,96945.51766509553,0.0,0.5098326802253723,-0.007713152192081685,0.001229085460464972,104631.18040652595,-0.07345480297143869
Volatility_Sizing,2025-02-17,96182.126487662,0.8274591038174666,0.8371390700340271,-0.008016403848924325,0.0012411886557262,104631.18040652595,-0.08075082290036917
Volatility_Sizing,2025-02-18,93944.64090594997,1.0,0.9005553126335144,-0.02300419669494913,0.00025881134427380013,104631.18040652595,-0.10213532389728686
Volatility_Sizing,2025-02-19,93827.15707981575,0.9671443173921808,0.9314850568771362,-0.0012420906400999465,4.9283523911728856e-05,104631.18040652595,-0.10325816152253164
Volatility_Sizing,2025-02-20,93985.80071321773,0.9746520155701471,0.9293535351753236,0.0017463348221384845,1.1261547266949556e-05,104631.18040652595,-0.10174194395922398
Volatility_Sizing,2025-02-21,91241.59770487905,1.0,0.9348692297935486,-0.02916003759739827,3.80219766447793e-05,104631.18040652595,-0.12796933619236672
Volatility_Sizing,2025-02-24,90212.55033572286,0.8866300282523294,0.9287832975387572,-0.012528579716136412,0.0001700549576215059,104631.18040652595,-0.13780433341936937
Volatility_Sizing,2025-02-25,89791.96334689984,0.9690071440334569,0.9299870729446412,-0.0046837761626923324,0.00012356567367169125,104631.18040652595,-0.1418240432915978
Volatility_Sizing,2025-02-27,86644.56595089345,0.9789152980495381,0.9354568123817444,-0.03579190518621844,1.4862231024121875e-05,104631.18040652595,-0.17190491769039296
Volatility_Sizing,2025-02-28,86826.39722707318,0.8269338373648073,0.9313012957572936,0.0028134784549271874,0.00022797219102709627,104631.18040652595,-0.17016708700289374
Volatility_Sizing,2025-03-03,87608.19064524042,0.8088809164479969,0.9012481570243835,0.011165027541785166,2.707938137521565e-05,104631.18040652595,-0.16269518985780063
Volatility_Sizing,2025-03-04,87887.3062044043,0.7655137968513883,0.9005647897720337,0.004246825439230939,6.505067939491283e-05,104631.18040652595,-0.16002757626422914
Volatility_Sizing,2025-03-05,88946.25375998562,0.7854068552779229,0.8894710540771484,0.015378990450430008,2.9839587639801823e-05,104631.18040652595,-0.14990681157948638
Volatility_Sizing,2025-03-06,89109.90496891573,0.7245328432950658,0.8298525214195251,0.0026654412636961666,9.131101797428553e-05,104631.18040652595,-0.1483427347116324
Volatility_Sizing,2025-03-07,88727.29892119642,0.7178065058811974,0.8402940034866333,-0.005967559016257673,1.0089506120802616e-05,104631.18040652595,-0.1519994462791857
Volatility_Sizing,2025-03-10,88469.90119783585,0.7235401311738104,0.8483890295028687,-0.003997563524580916,8.600437938919514e-06,104631.18040652595,-0.1544594942530354
Volatility_Sizing,2025-03-11,87221.08594926592,0.7298680486392066,0.8764618635177612,-0.019327076528555698,9.491876198094273e-06,104631.18040652595,-0.1663948967183222
Volatility_Sizing,2025-03-12,87308.31021941092,0.7265440761510233,0.8382480144500732,0.0013832918041736253,4.98595873227492e-06,104631.18040652595,-0.1655612611824704
Volatility_Sizing,2025-03-13,87068.16912256701,0.7213102547545162,0.8172340989112854,-0.0038023091299156375,7.850732094760781e-06,104631.18040652595,-0.1678563810110998
Volatility_Sizing,2025-03-17,87067.92512779453,0.7231784826418153,0.8106125593185425,0.0,2.8023418309486847e-06,104631.18040652595,-0.16785871296197263
Volatility_Sizing,2025-03-18,88265.2038127504,0.7358884427448065,0.8179736733436584,0.018712282953243786,1.906494015448679e-05,104631.18040652595,-0.15641586504317773
Volatility_Sizing,2025-03-20,88508.44337763563,0.6776267985130301,0.8013614416122437,0.004195780621709444,8.739246634766457e-05,104631.18040652595,-0.1540911319766084
Volatility_Sizing,2025-03-21,89353.83673234591,0.6726318696696479,0.7974686622619629,0.014211411678765717,7.492393265073228e-06,104631.18040652595,-0.14601138604020925
Volatility_Sizing,2025-03-24,89836.57781239675,0.6826442235636268,0.7744424939155579,0.007936193448693007,1.5018530840968214e-05,104631.18040652595,-0.14139764587045078
Volatility_Sizing,2025-03-25,89472.05483312393,0.6740046425586349,0.7823407053947449,-0.006000943523169933,1.2959371507487772e-05,104631.18040652595,-0.1448815306728255
Volatility_Sizing,2025-03-26,89727.20072307411,0.6734551726939833,0.8817691206932068,0.004235629610245928,8.242047969774791e-07,104631.18040652595,-0.14244300432763024
Volatility_Sizing,2025-03-27,88881.15030441774,0.7543723583165428,0.8777562975883484,-0.012338422828272133,0.00012137577843383934,104631.18040652595,-0.1505290300741543
Volatility_Sizing,2025-03-28,87851.14650894477,0.7549591783939912,0.88265460729599,-0.015348738963860464,8.802301161725535e-07,104631.18040652595,-0.16037316823135628
Volatility_Sizing,2025-04-01,87724.1184047338,0.7304986628915019,0.9332331418991088,-0.0019291702044756942,3.6690773253733934e-05,104631.18040652595,-0.16158722415347648
Volatility_Sizing,2025-04-02,84400.22015189524,0.9455831894002367,0.9217604398727416,-0.039729694484417544,0.00032262678976310215,104631.18040652595,-0.19335498439401044
Volatility_Sizing,2025-04-03,82566.20215733543,0.7007284847953398,0.8700207471847534,-0.030486461947664245,0.00036728205690734534,104631.18040652595,-0.21088339215385843
Volatility_Sizing,2025-04-04,82149.8873937267,0.6454779832727501,0.84055495262146,-0.007683170960154806,8.287575228388455e-05,104631.18040652595,-0.21486227074426723
Volatility_Sizing,2025-04-07,82457.24408261346,0.6490596881945252,0.8669483661651611,0.005772636967023459,5.372557382662679e-06,104631.18040652595,-0.21192474592907762
Volatility_Sizing,2025-04-08,81673.03965814848,0.6731109441003641,0.7657562494277954,-0.014075480709668908,3.607688385875835e-05,104631.18040652595,-0.2194196859786698
Volatility_Sizing,2025-04-09,81418.04988892339,0.6703841604671965,0.8892604112625122,-0.004651049467765067,4.090175449751376e-06,104631.18040652595,-0.2218567202186963
Volatility_Sizing,2025-04-11,81700.12806346783,0.67041461576187,0.921689748764038,0.005167863584055299,4.568294201023893e-08,104631.18040652595,-0.21916079178275127
Volatility_Sizing,2025-04-15,82125.08037232069,0.6616328573315109,0.9234642386436462,0.007881318281226513,1.3172637645538665e-05,104631.18040652595,-0.21509936088613146
Volatility_Sizing,2025-04-16,82545.78303763171,0.6697475256142318,0.8622910380363464,0.007666886535910855,1.2172002424081341e-05,104631.18040652595,-0.21107854544969606
Volatility_Sizing,2025-04-17,82920.39271293276,0.6613450578239568,0.7736369371414185,0.006881140981686684,1.2603701685412471e-05,104631.18040652595,-0.20749825825571078
Volatility_Sizing,2025-04-21,82838.13422506249,0.0,0.5356848835945129,-0.0021676887948012258,0.0009920175867359352,104631.18040652595,-0.2082844339210399
Volatility_Sizing,2025-04-22,84369.00498530132,0.6541917627197867,0.7257519960403442,0.02974900451406781,0.0009812876440796802,104631.18040652595,-0.19365331961753207
Volatility_Sizing,2025-04-23,84286.21472316595,0.0,0.3339495956897735,-0.0033401413254467993,0.0009812876440796802,104631.18040652595,-0.1944445776518361
Volatility_Sizing,2025-04-24,84286.21472316595,0.0,0.3408219814300537,0.013640610598441683,0.0,104631.18040652595,-0.1944445776518361
Volatility_Sizing,2025-04-25,84286.21472316595,0.0,0.3011215627193451,-0.0013051044083526309,0.0,104631.18040652595,-0.1944445776518361
Volatility_Sizing,2025-04-28,84286.21472316595,0.0,0.3011215627193451,0.00842166400464639,0.0,104631.18040652595,-0.1944445776518361
Volatility_Sizing,2025-04-29,84286.21472316595,0.0,0.3088956773281097,-0.005413980944024455,0.0,104631.18040652595,-0.1944445776518361
Volatility_Sizing,2025-04-30,84286.21472316595,0.0,0.3119304180145263,-0.006572647158932465,0.0,104631.18040652595,-0.1944445776518361
Volatility_Sizing,2025-05-02,84286.21472316595,0.0,0.3195918798446655,0.0067910372568129596,0.0,104631.18040652595,-0.1944445776518361
Volatility_Sizing,2025-05-05,84286.21472316595,0.0,0.0899633169174194,0.0016501030863860233,0.0,104631.18040652595,-0.1944445776518361
Volatility_Sizing,2025-05-06,84286.21472316595,0.0,0.0826934874057769,-0.004306330157153204,0.0,104631.18040652595,-0.1944445776518361
Volatility_Sizing,2025-05-07,84286.21472316595,0.0,0.0829680934548378,0.0011029591535192118,0.0,104631.18040652595,-0.1944445776518361
Volatility_Sizing,2025-05-08,84286.21472316595,0.0,0.081339031457901,-0.002493506265514034,0.0,104631.18040652595,-0.1944445776518361
Volatility_Sizing,2025-05-09,84286.21472316595,0.0,0.0826145634055137,0.05235004242637875,0.0,104631.18040652595,-0.1944445776518361
Volatility_Sizing,2025-05-12,84286.21472316595,0.0,0.2193900197744369,-0.029112779026294056,0.0,104631.18040652595,-0.1944445776518361
Volatility_Sizing,2025-05-13,84286.21472316595,0.0,0.1284363120794296,0.00958746832770263,0.0,104631.18040652595,-0.1944445776518361
Volatility_Sizing,2025-05-14,84286.21472316595,0.0,0.1629817634820938,0.008791938343948091,0.0,104631.18040652595,-0.1944445776518361
Volatility_Sizing,2025-05-15,84286.21472316595,0.0,0.2577900290489197,-0.0051956350800332896,0.0,104631.18040652595,-0.1944445776518361
Volatility_Sizing,2025-05-16,84286.21472316595,0.0,0.2359750717878341,-0.011933844219047196,0.0,104631.18040652595,-0.1944445776518361
Volatility_Sizing,2025-05-19,84286.21472316595,0.0,0.1506282389163971,-0.005825849640654357,0.0,104631.18040652595,-0.1944445776518361
Volatility_Sizing,2025-05-20,84286.21472316595,0.0,0.1483691036701202,0.007860960928497862,0.0,104631.18040652595,-0.1944445776518361
Volatility_Sizing,2025-05-21,84286.21472316595,0.0,0.1527998149394989,-0.013840844106955186,0.0,104631.18040652595,-0.1944445776518361
Volatility_Sizing,2025-05-22,84286.21472316595,0.0,0.1515970677137375,0.01081394813236991,0.0,104631.18040652595,-0.1944445776518361
Volatility_Sizing,2025-05-23,84286.21472316595,0.0,0.1452295333147049,0.0064587579073398516,0.0,104631.18040652595,-0.1944445776518361
Volatility_Sizing,2025-05-26,84286.21472316595,0.0,0.1492395401000976,-0.010912305182885995,0.0,104631.18040652595,-0.1944445776518361
Volatility_Sizing,2025-05-27,84286.21472316595,0.0,0.1209469586610794,-0.00028582045158376257,0.0,104631.18040652595,-0.1944445776518361
Volatility_Sizing,2025-05-28,84286.21472316595,0.0,0.1188810318708419,0.000114402747508624,0.0,104631.18040652595,-0.1944445776518361
Volatility_Sizing,2025-05-29,84286.21472316595,0.0,0.1247487217187881,-0.009919726235321114,0.0,104631.18040652595,-0.1944445776518361
Volatility_Sizing,2025-05-30,84286.21472316595,0.0,0.1277496218681335,-0.003926734971154144,0.0,104631.18040652595,-0.1944445776518361
Volatility_Sizing,2025-06-02,84286.21472316595,0.0,0.1162265315651893,-0.012928313822536008,0.0,104631.18040652595,-0.1944445776518361
Volatility_Sizing,2025-06-03,84286.21472316595,0.0,0.0950516462326049,-0.007136159161450162,0.0,104631.18040652595,-0.1944445776518361
Volatility_Sizing,2025-06-04,84286.21472316595,0.0,0.0978474020957946,-0.0028985787720915424,0.0,104631.18040652595,-0.1944445776518361
Volatility_Sizing,2025-06-05,84286.21472316595,0.0,0.1197066605091095,0.0038859283723828852,0.0,104631.18040652595,-0.1944445776518361
Volatility_Sizing,2025-06-06,84286.21472316595,0.0,0.1163363680243492,0.011139989278358131,0.0,104631.18040652595,-0.1944445776518361
Volatility_Sizing,2025-06-09,84286.21472316595,0.0,0.1302157342433929,0.011981647964605324,0.0,104631.18040652595,-0.1944445776518361
Volatility_Sizing,2025-06-10,84286.21472316595,0.0,0.1550361812114715,0.0025989778087169846,0.0,104631.18040652595,-0.1944445776518361
Volatility_Sizing,2025-06-11,84286.21472316595,0.0,0.1032899543642997,-0.010858593920413773,0.0,104631.18040652595,-0.1944445776518361
Volatility_Sizing,2025-06-12,84286.21472316595,0.0,0.1089804843068122,0.003348669315563768,0.0,104631.18040652595,-0.1944445776518361
Volatility_Sizing,2025-06-13,84286.21472316595,0.0,0.0992893651127815,0.014684998221926149,0.0,104631.18040652595,-0.1944445776518361
Volatility_Sizing,2025-06-16,84286.21472316595,0.0,0.0993753224611282,0.005434316201313516,0.0,104631.18040652595,-0.1944445776518361
Volatility_Sizing,2025-06-17,84286.21472316595,0.0,0.1051598191261291,-0.01817772184359545,0.0,104631.18040652595,-0.1944445776518361
Volatility_Sizing,2025-06-18,84286.21472316595,0.0,0.0958040654659271,-0.007938779370406657,0.0,104631.18040652595,-0.1944445776518361
Volatility_Sizing,2025-06-19,84286.21472316595,0.0,0.1013682037591934,0.003417041814215871,0.0,104631.18040652595,-0.1944445776518361
Volatility_Sizing,2025-06-20,84286.21472316595,0.0,0.3934091031551361,-0.012253646742715452,0.0,104631.18040652595,-0.1944445776518361
Volatility_Sizing,2025-06-23,84286.21472316595,0.0,0.3587758839130401,-0.0009430089640527495,0.0,104631.18040652595,-0.1944445776518361
Volatility_Sizing,2025-06-24,84286.21472316595,0.0,0.3609920144081116,0.016045348056660913,0.0,104631.18040652595,-0.1944445776518361
Volatility_Sizing,2025-06-25,84286.21472316595,0.0,0.4100512862205505,-0.0008708778325233757,0.0,104631.18040652595,-0.1944445776518361
Volatility_Sizing,2025-06-26,84286.21472316595,0.0,0.4143960773944855,-0.0002033677616203322,0.0,104631.18040652595,-0.1944445776518361
Volatility_Sizing,2025-06-27,84286.21472316595,0.0,0.4194229245185852,0.006073610691530007,0.0,104631.18040652595,-0.1944445776518361
Volatility_Sizing,2025-06-30,84286.21472316595,0.0,0.428266316652298,-0.009329881232849502,0.0,104631.18040652595,-0.1944445776518361
Volatility_Sizing,2025-07-01,84286.21472316595,0.0,0.4627661406993866,-0.0018660239772763099,0.0,104631.18040652595,-0.1944445776518361
Volatility_Sizing,2025-07-02,84286.21472316595,0.0,0.4256802499294281,-0.0065726052870248575,0.0,104631.18040652595,-0.1944445776518361
Volatility_Sizing,2025-07-03,84286.21472316595,0.0,0.4410309493541717,0.005586920644319315,0.0,104631.18040652595,-0.1944445776518361
Volatility_Sizing,2025-07-04,84286.21472316595,0.0,0.4267217218875885,-0.0023685880871969767,0.0,104631.18040652595,-0.1944445776518361
Volatility_Sizing,2025-07-07,84286.21472316595,0.0,0.4858576357364654,-0.0016120995628912116,0.0,104631.18040652595,-0.1944445776518361
Volatility_Sizing,2025-07-08,84286.21472316595,0.0,0.4988323450088501,-0.0065762147451278175,0.0,104631.18040652595,-0.1944445776518361
Volatility_Sizing,2025-07-09,84286.21472316595,0.0,0.5903850197792053,-0.0005319607548172067,0.0,104631.18040652595,-0.1944445776518361
Volatility_Sizing,2025-07-10,84286.21472316595,0.0,0.5856637954711914,-0.0342992312241277,0.0,104631.18040652595,-0.1944445776518361
Volatility_Sizing,2025-07-11,84286.21472316595,0.0,0.6179961562156677,-0.013257822666296715,0.0,104631.18040652595,-0.1944445776518361
Volatility_Sizing,2025-07-14,84864.57519880921,0.8929049343200882,0.7899230122566223,0.009184875447522334,0.0013393574014801323,104631.18040652595,-0.18891696653824497
Volatility_Sizing,2025-07-15,84750.9112018932,0.0,0.6237364411354065,-0.005903499333892337,0.0013393574014801323,104631.18040652595,-0.19000329660232707
Volatility_Sizing,2025-07-16,84750.9112018932,0.0,0.6595312356948853,-0.007392331125689822,0.0,104631.18040652595,-0.19000329660232707
Volatility_Sizing,2025-07-17,84164.10324698141,0.9214714005152488,0.8487604260444641,-0.006013975171935693,0.0013822071007728732,104631.18040652595,-0.19561164348928617
Volatility_Sizing,2025-07-18,83384.37774768952,0.9308381166600483,0.855604350566864,-0.009937600596364726,1.4050074217199338e-05,104631.18040652595,-0.20306377674690979
Volatility_Sizing,2025-07-21,83418.05108382295,0.939206143366141,0.9633575081825256,0.00044333687100950314,1.255204005913907e-05,104631.18040652595,-0.20274194786184319
Volatility_Sizing,2025-07-22,83900.17577142589,0.9370101344015239,0.9082272052764891,0.0061716671089055986,3.2940134469257032e-06,104631.18040652595,-0.19813409878922716
Volatility_Sizing,2025-07-23,83071.48047050822,1.0,0.9015192985534668,-0.009782673304051692,9.448479839771412e-05,104631.18040652595,-0.206054255072449
Volatility_Sizing,2025-07-24,82749.54018921357,1.0,0.8990585207939148,-0.003875460982171175,0.0,104631.18040652595,-0.20913116082887662
Volatility_Sizing,2025-07-25,81258.58127987948,1.0,0.8785457611083984,-0.018017730442065227,0.0,104631.18040652595,-0.22338082238809087
Volatility_Sizing,2025-07-28,80643.7243703536,1.0,0.9403479695320128,-0.007566670496105821,0.0,104631.18040652595,-0.22925724380603696
Volatility_Sizing,2025-07-29,80580.3941795404,1.0,0.9349173903465272,-0.0007853083585569465,0.0,104631.18040652595,-0.22986251453477324
Volatility_Sizing,2025-07-30,80137.0635162211,1.0,0.9206264019012452,-0.005501718722441651,0.0,104631.18040652595,-0.23409959435741134
Volatility_Sizing,2025-07-31,79245.12574743843,1.0,0.9206264019012452,-0.011130152886150046,0.0,104631.18040652595,-0.24262418296777777
Volatility_Sizing,2025-08-01,81129.27301336761,1.0,0.9125279784202576,0.023776191256660084,0.0,104631.18040652595,-0.2246166706888505
Volatility_Sizing,2025-08-04,80877.79238810156,0.8352484939430053,0.9366900324821472,-0.0034153006549327847,0.0002471272590854921,104631.18040652595,-0.22702016670494207
Volatility_Sizing,2025-08-05,80179.49696150958,0.8369020507243344,0.941231369972229,-0.010313605053302366,2.4803351719937526e-06,104631.18040652595,-0.23369404177620556
Volatility_Sizing,2025-08-06,80502.75213046864,0.8328879148694742,0.941231369972229,0.004847789115577816,6.0212037822903184e-06,104631.18040652595,-0.23060456913809602
Volatility_Sizing,2025-08-07,80271.61231134858,0.8195976701674832,0.987498104572296,-0.0034788636876436074,1.993536705298654e-05,104631.18040652595,-0.23281366033081696
Volatility_Sizing,2025-08-08,80366.21475333774,1.0,0.9880080223083496,0.0014491327314885005,0.0002706034947487752,104631.18040652595,-0.23190950879948957
Volatility_Sizing,2025-08-11,80223.49266536947,1.0,0.9852622151374816,-0.0017758966053871283,0.0,104631.18040652595,-0.2332735580954427
Volatility_Sizing,2025-08-12,80244.63739534243,1.0,0.9842133522033693,0.00026357279233857334,0.0,104631.18040652595,-0.2330714698661901
Volatility_Sizing,2025-08-13,79877.2727153666,1.0,0.9842133522033693,-0.0045780589444990305,0.0,104631.18040652595,-0.2365825138833607
Volatility_Sizing,2025-08-14,79583.90491159767,1.0,0.9842133522033693,-0.003672731852204403,0.0,104631.18040652595,-0.23938634160115102
Volatility_Sizing,2025-08-18,79716.05140834661,1.0,0.9858249425888062,0.001660467614597927,0.0,104631.18040652595,-0.23812336725415895
Volatility_Sizing,2025-08-19,81893.82954624879,1.0,0.986070454120636,0.02731919230101454,0.0,104631.18040652595,-0.21730951301452595
Volatility_Sizing,2025-08-20,81972.7792686221,0.8828853864162113,0.9712477922439576,0.0012909055295731164,0.00017567192037568308,104631.18040652595,-0.21655496047993195
Volatility_Sizing,2025-08-21,80825.59661900447,0.8924916753930969,0.9708141684532166,-0.015664312552869153,1.440943346532847e-05,104631.18040652595,-0.22751902152904224
Volatility_Sizing,2025-08-22,82806.28218221675,0.8656270740873746,0.9770167469978333,0.028356286069499026,4.0296901958583486e-05,104631.18040652595,-0.20858885601321153
Volatility_Sizing,2025-08-25,83114.74908472059,0.740336563957825,0.9736238718032836,0.005285567407328662,0.00018793576519432443,104631.18040652595,-0.20564072046408222
Volatility_Sizing,2025-08-26,81799.77925392667,0.7834095712396738,0.971051812171936,-0.02011275845118088,6.460951092277322e-05,104631.18040652595,-0.21820838744141002
Volatility_Sizing,2025-08-28,81618.88488289587,0.7354242527747084,0.9713123440742492,-0.0029091379713765964,7.197797769744818e-05,104631.18040652595,-0.21993726376993805
Volatility_Sizing,2025-08-29,82160.72540304817,0.7341898537744121,0.9690134525299072,0.009044687303793042,1.851598500444307e-06,104631.18040652595,-0.2147586877656622
Volatility_Sizing,2025-09-01,82139.14412974475,0.7314128695409263,0.9727265238761902,-0.00035343366373286056,4.165476350228736e-06,104631.18040652595,-0.21496494820561496
Volatility_Sizing,2025-09-02,81859.50883428434,0.7503251610111412,0.9643352627754213,-0.004499437570303688,2.836843720532234e-05,104631.18040652595,-0.21763752911671563
Volatility_Sizing,2025-09-03,81812.22000967454,0.8183875241949656,0.9579710960388184,-0.0005811295651735326,0.00010209354477573662,104631.18040652595,-0.2180894864054136
Volatility_Sizing,2025-09-04,80783.88035035545,0.8206922931305861,0.9535793662071228,-0.015311529893524356,3.457153403430724e-06,104631.18040652595,-0.22791771978024167
Volatility_Sizing,2025-09-05,80160.244132854,0.7999047235671982,0.9670253992080688,-0.009611930701962534,3.1181354345081846e-05,104631.18040652595,-0.23387804838475923
Volatility_Sizing,2025-09-08,80796.58054599419,0.7898474440137687,0.9691795706748962,0.010069527109556109,1.5085919330144248e-05,104631.18040652595,-0.2277963391784995
Volatility_Sizing,2025-09-09,82042.58717210319,0.7769829947956348,0.9670253992080688,0.019872794515954917,1.929667382720085e-05,104631.18040652595,-0.21588777978666374
Volatility_Sizing,2025-09-10,82310.71580537451,0.7309118223686842,0.9643352627754213,0.0045659006983520545,6.910675864042587e-05,104631.18040652595,-0.21332517242402527
Volatility_Sizing,2025-09-11,82487.8597879691,0.730865371018353,0.9641016721725464,0.0029447382740097616,6.96770254968171e-08,104631.18040652595,-0.21163213998468622
Volatility_Sizing,2025-09-12,82074.19777408344,0.7308558663677599,0.9628449082374572,-0.006861556350952314,1.4256975889692658e-08,104631.18040652595,-0.2155856652367042
Volatility_Sizing,2025-09-15,82721.8500433797,0.7270401964034756,0.9638316035270692,0.010861547571844543,5.723504946426428e-06,104631.18040652595,-0.2093958060878356
Volatility_Sizing,2025-09-16,83235.37062999264,0.7215406382081121,0.956531822681427,0.008614965850813006,8.249337293045279e-06,104631.18040652595,-0.20448789446323434
Volatility_Sizing,2025-09-17,83308.25669407198,0.7174250735841773,0.937637746334076,0.0012291673864510688,6.173346935902213e-06,104631.18040652595,-0.20379129461798595
Volatility_Sizing,2025-09-18,83140.73173916922,0.7995570203671541,0.9417906999588012,-0.0023609406350239004,0.0001231979201744653,104631.18040652595,-0.2053923943499384
Volatility_Sizing,2025-09-19,81144.24126508238,0.7976326101648075,0.942858338356018,-0.030102203651894532,2.8866153035200238e-06,104631.18040652595,-0.22447361341226602
Volatility_Sizing,2025-09-22,80919.59991717813,0.7116817467320665,0.9547319412231444,-0.0037088119927388696,0.00012892629514911141,104631.18040652595,-0.2266205962431148
Volatility_Sizing,2025-09-23,80322.8949255884,0.8182500353554976,0.9566178917884828,-0.008816614701213976,0.00015985243293514657,104631.18040652595,-0.2323235328751142
Volatility_Sizing,2025-09-24,78635.90962342752,0.8172646101088004,0.9583116769790648,-0.025696778846099666,1.4781378700458038e-06,104631.18040652595,-0.24844669325241675
Volatility_Sizing,2025-09-25,77419.27275199878,0.7821732643043069,0.9579023718833924,-0.019713196257732046,5.26370187067402e-05,104631.18040652595,-0.2600745547245106
Volatility_Sizing,2025-09-26,77355.2311417214,0.74389029523021,0.9653401374816896,-0.0010348038698027029,5.742445361114535e-05,104631.18040652595,-0.2606866247597387
Volatility_Sizing,2025-09-29,77196.29232737621,0.762355787881367,0.962936282157898,-0.0026588153215876265,2.7698238976735568e-05,104631.18040652595,-0.2622056634796275
Volatility_Sizing,2025-09-30,77722.68637517736,0.7636089828151114,0.962936282157898,0.00893229805443152,1.8797924006164758e-06,104631.18040652595,-0.25717471528850566
Volatility_Sizing,2025-10-01,77476.15180042757,0.744860437117601,0.962936282157898,-0.004220729199854278,2.8122818546265582e-05,104631.18040652595,-0.2595309400179977
Volatility_Sizing,2025-10-03,79197.6244927315,0.7454449078789007,0.962936282157898,0.029808057793494935,8.767061419496236e-07,104631.18040652595,-0.24307817053173697
Volatility_Sizing,2025-10-06,78930.23954514982,0.660428139618277,0.968123733997345,-0.004919004033009822,0.00012752515239093564,104631.18040652595,-0.24563367020729077
Volatility_Sizing,2025-10-07,79874.88288561153,0.6656600579257442,0.9727320671081544,0.01799105521016564,7.847877461200914e-06,104631.18040652595,-0.2366053543955846
Volatility_Sizing,2025-10-08,80461.15814613273,0.6465552713881337,0.9827795028686525,0.011396670374100859,2.8657179806415745e-05,104631.18040652595,-0.23100209867158983
Volatility_Sizing,2025-10-09,79870.762958592,0.6694749755834376,0.9763903617858888,-0.010908940417550084,3.43795562929558e-05,104631.18040652595,-0.23664473010561227
Volatility_Sizing,2025-10-10,79500.66809404345,0.6638074891102469,0.977544903755188,-0.006967637722825826,8.501229709786063e-06,104631.18040652595,-0.2401818675354932
Volatility_Sizing,2025-10-13,78678.20362184965,0.6632911809802448,0.9746813774108888,-0.01559587094482151,7.744621950032116e-07,104631.18040652595,-0.2480424734179677
Volatility_Sizing,2025-10-14,78840.78733231677,0.6500931372657218,0.9604268074035645,0.003209134156438198,1.9797065571784402e-05,104631.18040652595,-0.24648859903907383
Volatility_Sizing,2025-10-15,78855.1610808135,0.6623541364749657,0.9647738337516784,0.00030301782239683384,1.839149881386576e-05,104631.18040652595,-0.24635122365593398
Volatility_Sizing,2025-10-16,78701.98211919476,0.6732124152402653,0.9654051661491394,-0.002861278533581646,1.6287418147949485e-05,104631.18040652595,-0.2478152132718744
Volatility_Sizing,2025-10-17,79652.32378232389,0.6750428443260181,0.9611329436302184,0.017892107512537336,2.7456436286292242e-06,104631.18040652595,-0.23873243642240416
Volatility_Sizing,2025-10-20,79504.53224451026,0.6390156296641252,0.9703359007835388,-0.00281905019157902,5.404082199283944e-05,104631.18040652595,-0.2401449363792948
Volatility_Sizing,2025-10-21,80747.35355995785,0.711711910959993,0.9728695750236512,0.02211727178632561,0.00010904442194380171,104631.18040652595,-0.2282668202133601
Volatility_Sizing,2025-10-23,80567.06347728387,0.6643337936914251,0.9475018382072448,-0.003253937315789268,7.106717590285183e-05,104631.18040652595,-0.22998992112814942
Volatility_Sizing,2025-10-24,80949.05544906177,0.6706192962203229,0.9506400227546692,0.007084079236673091,9.428253793346719e-06,104631.18040652595,-0.2263390785180046
Volatility_Sizing,2025-10-27,80413.77828042064,0.7430957536331197,0.9327623844146729,-0.008752309914330403,0.00010871468611919528,104631.18040652595,-0.2314549260747406
Volatility_Sizing,2025-10-28,80401.66699510139,0.7917533845635427,0.9506400227546692,-9.804267538982003e-05,7.298644639563446e-05,104631.18040652595,-0.23157067823649768
Volatility_Sizing,2025-10-29,79936.74108692502,0.7926667717369723,0.9506400227546692,-0.007293317672647515,1.3700807601443877e-06,104631.18040652595,-0.23601415203054243
Volatility_Sizing,2025-10-30,80403.29124956741,0.7824663136813385,0.9624971151351928,0.0074786514699392015,1.5300687083450782e-05,104631.18040652595,-0.23155515461858844
Volatility_Sizing,2025-10-31,79552.85168457215,0.7848124576198435,0.9663246273994446,-0.013472842109834904,3.519215907757611e-06,104631.18040652595,-0.2396831291066046
Volatility_Sizing,2025-11-03,79018.48097471027,0.757102095696438,0.9699298739433287,-0.008817322071637768,4.156554288510822e-05,104631.18040652595,-0.24479031329190848
Volatility_Sizing,2025-11-04,79481.94359834497,0.8722001062949144,0.966317057609558,0.006922597655639295,0.00017264701589771454,104631.18040652595,-0.2403608246649619
Volatility_Sizing,2025-11-06,79043.28124091944,0.8693420497833656,0.963252067565918,-0.006343569741643407,4.287084767323202e-06,104631.18040652595,-0.24455328771203044
Volatility_Sizing,2025-11-07,79856.16535056567,0.929242221806461,0.9678396582603456,0.011163815027288582,8.985025803464308e-05,104631.18040652595,-0.23678424499944795
Volatility_Sizing,2025-11-10,80391.49772022877,0.9305473592150584,0.9661006927490234,0.0072061513883339146,1.957706112896085e-06,104631.18040652595,-0.23166786986554277
Volatility_Sizing,2025-11-11,82506.19463656588,0.946013222786299,0.9406864643096924,0.027830669126394758,2.3198795356860868e-05,104631.18040652595,-0.21145690686081675
Volatility_Sizing,2025-11-12,81927.98910645244,0.8178358844120984,0.8606312274932861,-0.008333896560866472,0.0001922660075613008,104631.18040652595,-0.2169830371010274
Volatility_Sizing,2025-11-13,81930.37654235402,0.8533729968929551,0.8599051833152771,9.661230409974131e-05,5.3305668721285003e-05,104631.18040652595,-0.2169602194677721
Volatility_Sizing,2025-11-14,81844.81731885683,0.8525447872513414,0.8599051833152771,-0.0012234542266983395,1.242314462420513e-06,104631.18040652595,-0.21777794151931318
Volatility_Sizing,2025-11-17,81505.60075449182,0.8510297020339936,0.8599051833152771,-0.004867466234702578,2.272627826021667e-06,104631.18040652595,-0.2210199632861235
Volatility_Sizing,2025-11-18,82859.68739421335,0.8466607337467711,0.9306931495666504,0.019630025460344758,6.553452430833828e-06,104631.18040652595,-0.20807844208316595
Volatility_Sizing,2025-11-19,82794.57029036542,0.8365294423003319,0.8328841328620911,-0.0009212766110919812,1.5196937169658808e-05,104631.18040652595,-0.20870079101963912
Volatility_Sizing,2025-11-20,82922.38624406033,0.8392474522772443,0.9005966186523438,0.0018443299217978382,4.0770149653686085e-06,104631.18040652595,-0.2074792053202491
Volatility_Sizing,2025-11-21,82683.99972032596,0.9219559135563414,0.9034711718559264,-0.002983605088874297,0.00012406269191864573,104631.18040652595,-0.20975755602611101
Volatility_Sizing,2025-11-24,82149.7127787856,0.9225083170988493,0.91062593460083,-0.0070036929651016155,8.286053137617766e-07,104631.18040652595,-0.21486393960569483
Volatility_Sizing,2025-11-25,83203.91409396888,0.9165995099221735,0.9159547090530396,0.014009987130019441,8.863210765013618e-06,104631.18040652595,-0.20478853654623042
Volatility_Sizing,2025-11-26,82578.09661385993,0.9019087805666895,0.9081119894981384,-0.008315092320187456,2.2036094033225983e-05,104631.18040652595,-0.21076971230738928
Volatility_Sizing,2025-11-27,82596.55199426263,0.8821701707875541,0.9089021682739258,0.0002869037542982955,2.960791466870316e-05,104631.18040652595,-0.2105933272151922
Volatility_Sizing,2025-11-28,82497.66404266689,0.8979949793307439,0.91062593460083,-0.001306804033864517,2.3737212814784692e-05,104631.18040652595,-0.21153843699233055
Volatility_Sizing,2025-12-01,82551.66166532633,0.9040414583996561,0.9055212140083312,0.0007340425415871543,9.069718603368304e-06,104631.18040652595,-0.21102236116818662
Volatility_Sizing,2025-12-02,83662.23669007127,0.9579799734520817,0.9086408615112304,0.014127642796808226,8.090777257863846e-05,104631.18040652595,-0.20040817311802817
Volatility_Sizing,2025-12-03,84900.53816479766,0.9567801800636053,0.9030855298042296,0.015471682758451344,1.7996900827146334e-06,104631.18040652595,-0.18857325478952225
Volatility_Sizing,2025-12-04,85114.96148370452,0.9238838272577824,0.8852713108062744,0.0027870680466020037,4.934452920873439e-05,104631.18040652595,-0.18652392954943842
Volatility_Sizing,2025-12-05,85069.44842557493,0.9484349025741462,0.8541183471679688,-0.0005249679443851685,3.6826612974545704e-05,104631.18040652595,-0.18695891516226204
Volatility_Sizing,2025-12-08,84358.15574827777,0.9579823041605481,0.9100547432899476,-0.008713100933686047,1.4321102379602824e-05,104631.18040652595,-0.1937570099035577
Volatility_Sizing,2025-12-09,83888.22547676893,0.9282209700122177,0.9096060395240784,-0.005953338953825882,4.4642001222495565e-05,104631.18040652595,-0.19824831230197282
Volatility_Sizing,2025-12-10,83950.21245435278,1.0,0.9117956757545472,0.000846592002136104,0.00010766854498167345,104631.18040652595,-0.19765587917311966
Volatility_Sizing,2025-12-11,84702.4240988014,1.0,0.911511480808258,0.008960211325940826,0.0,104631.18040652595,-0.19046670629438456
Volatility_Sizing,2025-12-12,84957.54267600924,1.0,0.9147669672966005,0.003011939503764882,0.0,104631.18040652595,-0.18802844098745963
Volatility_Sizing,2025-12-15,84297.39101095777,1.0,0.9173659682273864,-0.007770371461531034,0.0,104631.18040652595,-0.19433776161718563
Volatility_Sizing,2025-12-16,84631.41263809463,1.0,0.915477454662323,0.0039624195141867435,0.0,104631.18040652595,-0.19114538984197404
Volatility_Sizing,2025-12-17,86288.37668660401,1.0,0.912119209766388,0.019578593773389885,0.0,104631.18040652595,-0.17530915400795655
Volatility_Sizing,2025-12-18,86319.9366223463,1.0,0.8625403046607971,0.00036574955925883224,0.0,104631.18040652595,-0.17500752369451011
Volatility_Sizing,2025-12-19,87448.24766787262,1.0,0.8110222816467285,0.013071268233927569,0.0,104631.18040652595,-0.16422382574574879
Volatility_Sizing,2025-12-22,87056.36508835049,1.0,0.7777234315872192,-0.004481308545032259,0.0,104631.18040652595,-0.1679691966571688
Volatility_Sizing,2025-12-23,86925.78054071797,0.0,0.6881771087646484,0.002719033232628343,0.0015,104631.18040652595,-0.16921724286218298
Volatility_Sizing,2025-12-24,86925.78054071797,0.0,0.6359147429466248,-0.011750527267249122,0.0,104631.18040652595,-0.16921724286218298
Volatility_Sizing,2025-12-26,86925.78054071797,0.0,0.5904250741004944,-0.008689024390243882,0.0,104631.18040652595,-0.16921724286218298
Volatility_Sizing,2025-12-29,86925.78054071797,0.0,0.6342337727546692,-0.0014454716813393498,0.0,104631.18040652595,-0.16921724286218298
Volatility_Sizing,2025-12-30,86925.78054071797,0.0,0.6397947669029236,-0.012504649823109282,0.0,104631.18040652595,-0.16921724286218298
Volatility_Sizing,2025-12-31,86925.78054071797,0.0,0.6781485676765442,0.006612173755453421,0.0,104631.18040652595,-0.16921724286218298
Volatility_Sizing,2026-01-01,86925.78054071797,0.0,0.6353537440299988,0.007219448947496154,0.0,104631.18040652595,-0.16921724286218298
Volatility_Sizing,2026-01-02,86925.78054071797,0.0,0.6343141794204712,-0.010643816419645846,0.0,104631.18040652595,-0.16921724286218298
Volatility_Sizing,2026-01-05,87868.41482884978,1.0,0.7173580527305603,0.012344127970645768,0.0015,104631.18040652595,-0.1602081283279746
Volatility_Sizing,2026-01-06,88942.54934208468,1.0,0.7044039964675903,0.012224352918248194,0.0,104631.18040652595,-0.1499422161107795
Volatility_Sizing,2026-01-07,88809.13551807155,0.0,0.6318003535270691,-0.02782503719966356,0.0015,104631.18040652595,-0.15121730278661338
Volatility_Sizing,2026-01-08,88788.04371375301,0.8401349400528707,0.8231950402259827,0.0012173122142555837,0.001260202410079306,104631.18040652595,-0.15141888518525004
Volatility_Sizing,2026-01-09,89527.42346372691,0.8400400475440313,0.8598480820655823,0.009913351313696195,1.423387632591422e-07,104631.18040652595,-0.14435235160413995
Volatility_Sizing,2026-01-12,90183.94909892803,0.8370241546795176,0.8318573236465454,0.008766483975690909,4.523839296770471e-06,104631.18040652595,-0.1380776863212836
Volatility_Sizing,2026-01-13,88460.49846498325,0.8265059800169371,0.8175870180130005,-0.023102815177478586,1.5777261993870807e-05,104631.18040652595,-0.15454935974835016
Volatility_Sizing,2026-01-14,88451.20128971561,0.7564394875977003,0.827639102935791,0.0,0.00010509973862885519,104631.18040652595,-0.15463821638966413
Volatility_Sizing,2026-01-15,87843.43330592444,0.75867626737046,0.8406797647476196,-0.009052436129600605,3.3551696591395676e-06,104631.18040652595,-0.16044688624725145
Volatility_Sizing,2026-01-19,86458.23051583258,0.8098517322052807,0.869513213634491,-0.019376674338055233,7.676319725223108e-05,104631.18040652595,-0.1736857963380093
Volatility_Sizing,2026-01-20,86887.56676447757,0.7683923148632749,0.8401575088500977,0.006543547854371168,6.21891260130088e-05,104631.18040652595,-0.16958246646084574
Volatility_Sizing,2026-01-21,87496.87014404072,0.7915898529869361,0.8438032865524292,0.008902774552644654,3.4796307185491816e-05,104631.18040652595,-0.16375912224169598
Volatility_Sizing,2026-01-22,87754.17221979765,0.7729319363339757,0.8300250172615051,0.00384081324001051,2.7986874979440525e-05,104631.18040652595,-0.16129998840838522
Volatility_Sizing,2026-01-23,87657.6464400615,0.7712129961556571,0.8224173784255981,-0.0014229249011857847,2.5784102674779598e-06,104631.18040652595,-0.16222252201032994
Volatility_Sizing,2026-01-27,88572.2490994727,0.7841083146363438,0.8477258086204529,0.013331253216038563,1.9342977721030052e-05,104631.18040652595,-0.1534813164169525
Volatility_Sizing,2026-01-28,87393.80207893027,0.762538618981637,0.9137017726898192,-0.01740576657376902,3.235454348206019e-05,104631.18040652595,-0.16474418295409543
Volatility_Sizing,2026-01-29,86973.565747362,0.7300945077045643,0.8514362573623657,-0.00651952698024183,4.8666166915609045e-05,104631.18040652595,-0.1687605414615263
Volatility_Sizing,2026-01-30,87915.56919412756,0.7415353354282526,0.8841233253479004,0.014629212439941641,1.7161241585532395e-05,104631.18040652595,-0.1597574561182703
Volatility_Sizing,2026-02-02,89025.21667903436,0.7200709977906654,0.8755874633789062,0.01757317940930858,3.219650645638073e-05,104631.18040652595,-0.14915213291924434
Volatility_Sizing,2026-02-03,84699.40627186543,0.6922433973269274,0.8813784718513489,-0.07013299468186285,4.1741400695607004e-05,104631.18040652595,-0.1904955488145994
Volatility_Sizing,2026-02-04,84611.45736474161,0.0,0.5002995729446411,-0.002534126040737772,0.001038365095990391,104631.18040652595,-0.1913361099817592
Volatility_Sizing,2026-02-05,84611.45736474161,0.0,0.4957831799983978,-0.01668056237464488,0.0,104631.18040652595,-0.1913361099817592
Volatility_Sizing,2026-02-06,84611.45736474161,0.0,0.5736830234527588,0.0022436270385235435,0.0,104631.18040652595,-0.1913361099817592
Volatility_Sizing,2026-02-09,84611.45736474161,0.0,0.5795756578445435,0.012346566409074944,0.0,104631.18040652595,-0.1913361099817592
Volatility_Sizing,2026-02-10,84611.45736474161,0.0,0.6162283420562744,-0.02506200039558537,0.0,104631.18040652595,-0.1913361099817592
Volatility_Sizing,2026-02-11,84611.45736474161,0.0,0.6090642809867859,-0.054883479446016126,0.0,104631.18040652595,-0.1913361099817592
Volatility_Sizing,2026-02-12,84611.45736474161,0.0,0.575156569480896,-0.021053832380035886,0.0,104631.18040652595,-0.1913361099817592
Volatility_Sizing,2026-02-13,84611.45736474161,0.0,0.6834486126899719,0.0053488398876564425,0.0,104631.18040652595,-0.1913361099817592
Volatility_Sizing,2026-02-16,84611.45736474161,0.0,0.6886090040206909,0.003990173759637505,0.0,104631.18040652595,-0.1913361099817592
Volatility_Sizing,2026-02-17,84611.45736474161,0.0,0.6886090040206909,-0.008279973801645357,0.0,104631.18040652595,-0.1913361099817592
Volatility_Sizing,2026-02-18,84611.45736474161,0.0,0.6886090040206909,-0.006308212036081562,0.0,104631.18040652595,-0.1913361099817592
Volatility_Sizing,2026-02-19,84611.45736474161,0.0,0.6999552249908447,0.0030994619406277124,0.0,104631.18040652595,-0.1913361099817592
Volatility_Sizing,2026-02-20,84611.45736474161,0.0,0.6886090040206909,-0.0036854673977010366,0.0,104631.18040652595,-0.1913361099817592
Volatility_Sizing,2026-02-23,83176.94230748627,0.4255927966641251,0.7108128666877747,-0.038336545149777024,0.0006383891949961877,104631.18040652595,-0.20504631617155644
Volatility_Sizing,2026-02-24,83123.84304624435,0.0,0.5692920088768005,0.02160317780281029,0.0006383891949961877,104631.18040652595,-0.20555380601383488
Volatility_Sizing,2026-02-25,83306.50772622705,0.3996891974147372,0.7124689221382141,0.006998023048738977,0.0005995337961221058,104631.18040652595,-0.20380801016910688
Volatility_Sizing,2026-02-26,83177.64341920822,0.39634375982160225,0.7124689221382141,-0.0038901873392286346,5.018156389702405e-06,104631.18040652595,-0.20503961538007887
Volatility_Sizing,2026-02-27,82879.0822998204,0.3960534566524527,0.7124689221382141,-0.009061918263707835,4.354547537243625e-07,104631.18040652595,-0.2078930775911313
Volatility_Sizing,2026-03-02,82546.53595365942,0.4064492653792172,0.7124689221382141,-0.009833537850344354,1.5593713090146815e-05,104631.18040652595,-0.2110713495447586
Volatility_Sizing,2026-03-04,82496.20948531247,0.0,0.612808108329773,-0.0034778575740717077,0.0006096738980688258,104631.18040652595,-0.21155233875037982
Volatility_Sizing,2026-03-05,82496.20948531247,0.0,0.6381790041923523,-0.008220858837624467,0.0,104631.18040652595,-0.21155233875037982
Volatility_Sizing,2026-03-06,82496.20948531247,0.0,0.551450788974762,-0.011808020863064206,0.0,104631.18040652595,-0.21155233875037982
Volatility_Sizing,2026-03-09,82496.20948531247,0.0,0.5580520033836365,-0.005657911387208392,0.0,104631.18040652595,-0.21155233875037982
Volatility_Sizing,2026-03-10,82496.20948531247,0.0,0.5968901515007019,-0.019179576395485398,0.0,104631.18040652595,-0.21155233875037982
Volatility_Sizing,2026-03-11,82496.20948531247,0.0,0.566049337387085,-0.00912815971902381,0.0,104631.18040652595,-0.21155233875037982
Volatility_Sizing,2026-03-12,82496.20948531247,0.0,0.566049337387085,-0.013060884220122415,0.0,104631.18040652595,-0.21155233875037982
Volatility_Sizing,2026-03-13,82496.20948531247,0.0,0.5712043642997742,-0.0005393274541070081,0.0,104631.18040652595,-0.21155233875037982
Volatility_Sizing,2026-03-16,82496.20948531247,0.0,0.6871795058250427,-0.007263822162825395,0.0,104631.18040652595,-0.21155233875037982
Volatility_Sizing,2026-03-17,82496.20948531247,0.0,0.6576871871948242,0.020529371852097134,0.0,104631.18040652595,-0.21155233875037982
Volatility_Sizing,2026-03-18,80285.03994946623,0.7395493930592095,0.7019193172454834,-0.03474272661901945,0.0011093240895888143,104631.18040652595,-0.23268532728453506
Volatility_Sizing,2026-03-19,80195.97782061668,0.0,0.5775954127311707,0.01468594976920623,0.0011093240895888143,104631.18040652595,-0.23353652793527335
Volatility_Sizing,2026-03-20,80195.97782061668,0.0,0.6877574324607849,-0.0028444944994320265,0.0,104631.18040652595,-0.23353652793527335
Volatility_Sizing,2026-03-23,80437.72976490328,0.6290100965282461,0.7112821340560913,0.006292474071964982,0.0009435151447923692,104631.18040652595,-0.23122601262475762
Volatility_Sizing,2026-03-24,80361.83554865739,0.0,0.6829464435577393,-0.008921188114378031,0.0009435151447923692,104631.18040652595,-0.23195136252476856
Volatility_Sizing,2026-03-25,80361.83554865739,0.0,0.653741180896759,0.005215843776282814,0.0,104631.18040652595,-0.23195136252476856
Volatility_Sizing,2026-03-27,79447.14399254095,0.7887839948374217,0.7112821340560913,-0.012930013328741552,0.0011831759922561326,104631.18040652595,-0.2406934177377803
Volatility_Sizing,2026-03-30,79353.14403911566,0.0,0.6110193729400635,0.02089959339908476,0.0011831759922561326,104631.18040652595,-0.24159181105667493
Volatility_Sizing,2026-04-01,80270.37011196489,0.7158013902681412,0.7300910949707031,0.017648036235246467,0.0010737020854022117,104631.18040652595,-0.23282553250294447
Volatility_Sizing,2026-04-02,80776.86331778292,0.6732715398819967,0.7165637016296387,0.009466663252994723,6.379477557921665e-05,104631.18040652595,-0.22798478423029633
Volatility_Sizing,2026-04-06,82206.59033255126,0.6649196481190642,0.7161281704902649,0.026638162046064062,1.2527837644398743e-05,104631.18040652595,-0.2143203391842461
Volatility_Sizing,2026-04-07,82124.59916687578,0.0,0.6689889430999756,0.007638358126932587,0.0009973794721785964,104631.18040652595,-0.21510395994965203
Volatility_Sizing,2026-04-08,82124.59916687578,0.0,0.6941644549369812,0.01164428313406285,0.0,104631.18040652595,-0.21510395994965203
Volatility_Sizing,2026-04-09,82124.59916687578,0.0,0.6637793183326721,-0.024990324902230632,0.0,104631.18040652595,-0.21510395994965203
Volatility_Sizing,2026-04-10,82124.59916687578,0.0,0.6532869338989258,-0.020480905665662075,0.0,104631.18040652595,-0.21510395994965203
Volatility_Sizing,2026-04-13,82124.59916687578,0.0,0.6508364081382751,0.033284721118271854,0.0,104631.18040652595,-0.21510395994965203
Volatility_Sizing,2026-04-15,82124.59916687578,0.0,0.6926448345184326,0.008610904865516744,0.0,104631.18040652595,-0.21510395994965203
Volatility_Sizing,2026-04-16,82124.59916687578,0.0,0.6949173808097839,0.001785128577197037,0.0,104631.18040652595,-0.21510395994965203
Volatility_Sizing,2026-04-17,82124.59916687578,0.0,0.6459495425224304,-0.0007359683686809504,0.0,104631.18040652595,-0.21510395994965203
Volatility_Sizing,2026-04-20,82124.59916687578,0.0,0.6459495425224304,0.011978563022936983,0.0,104631.18040652595,-0.21510395994965203
Volatility_Sizing,2026-04-21,82124.59916687578,0.0,0.6525094509124756,-0.02758092319479022,0.0,104631.18040652595,-0.21510395994965203
Volatility_Sizing,2026-04-22,82124.59916687578,0.0,0.6565937995910645,-0.00657866896666337,0.0,104631.18040652595,-0.21510395994965203
Volatility_Sizing,2026-04-23,82124.59916687578,0.0,0.6608477234840393,-0.049528171966852,0.0,104631.18040652595,-0.21510395994965203
Volatility_Sizing,2026-04-24,82883.09407171348,0.4699630561183276,0.7503103017807007,0.02115240409619279,0.0007049445841774914,104631.18040652595,-0.2078547355607967
Volatility_Sizing,2026-04-27,82836.64514954273,0.4586698880642612,0.8387162685394287,-0.0011848939241144718,1.6939752081099656e-05,104631.18040652595,-0.20829866558232835
Volatility_Sizing,2026-04-28,83305.45388576052,0.4615380659622169,0.8352342247962952,0.012271444594098124,4.302266846933605e-06,104631.18040652595,-0.20381808212339847
Volatility_Sizing,2026-04-29,83292.746973757,0.45871429258534774,0.8270660042762756,-0.0003232912449633307,4.235660065303765e-06,104631.18040652595,-0.20393952691599415
Volatility_Sizing,2026-04-30,83235.43561349867,0.0,0.4491945803165436,0.0,0.0006880714388780217,104631.18040652595,-0.20448727339114303
Volatility_Sizing,2026-05-01,83235.43561349867,0.0,0.4491945803165436,-0.01883659620644984,0.0,104631.18040652595,-0.20448727339114303
Volatility_Sizing,2026-05-05,83235.43561349867,0.0,0.5745407938957214,0.0033369807410235097,0.0,104631.18040652595,-0.20448727339114303
Volatility_Sizing,2026-05-06,83235.43561349867,0.0,0.5760684609413147,-0.013960746227869802,0.0,104631.18040652595,-0.20448727339114303
Volatility_Sizing,2026-05-07,83052.51566128258,0.4977662202893482,0.935778558254242,-0.0029149663882171994,0.0007466493304340223,104631.18040652595,-0.20623550896972853
