Date,Actual,Probability_Up,Prediction,Model,Window
2022-01-18,0,0.5572098635430409,1,Logistic,1
2022-01-19,0,0.6063239529005113,1,Logistic,1
2022-01-20,0,0.6201840081633705,1,Logistic,1
2022-01-21,0,0.6185522326312558,1,Logistic,1
2022-01-24,0,0.5771169502220801,1,Logistic,1
2022-01-25,0,0.5646337821832899,1,Logistic,1
2022-01-27,1,0.5948284113037294,1,Logistic,1
2022-01-28,1,0.5769831138810471,1,Logistic,1
2022-01-31,1,0.4426528041492425,0,Logistic,1
2022-02-01,1,0.4869069242116434,0,Logistic,1
2022-02-02,0,0.46500849264724897,0,Logistic,1
2022-02-03,0,0.5031195637435423,1,Logistic,1
2022-02-04,0,0.5240349830297398,1,Logistic,1
2022-02-07,0,0.5589569704379524,1,Logistic,1
2022-02-08,0,0.5273099617988645,1,Logistic,1
2022-02-09,0,0.48091181583347736,0,Logistic,1
2022-02-10,0,0.4551798833619701,0,Logistic,1
2022-02-11,1,0.4988629582713307,0,Logistic,1
2022-02-14,1,0.5101172712384355,1,Logistic,1
2022-02-15,0,0.471918050878329,0,Logistic,1
2022-02-16,0,0.42852053651455174,0,Logistic,1
2022-02-17,0,0.48376772543159685,0,Logistic,1
2022-02-18,0,0.5524636387945235,1,Logistic,1
2022-02-21,0,0.5881776623144398,1,Logistic,1
2022-02-22,0,0.6364674515247488,1,Logistic,1
2022-02-23,0,0.5583686386285202,1,Logistic,1
2022-02-24,1,0.6288929056366988,1,Logistic,1
2022-02-25,0,0.4979427623737007,0,Logistic,1
2022-02-28,0,0.5408896430234271,1,Logistic,1
2022-03-02,0,0.46958079279483883,0,Logistic,1
2022-03-03,0,0.46335301442131194,0,Logistic,1
2022-03-04,0,0.5579530859581612,1,Logistic,1
2022-03-07,1,0.5928149503633253,1,Logistic,1
2022-03-08,0,0.5873830110281861,1,Logistic,1
2022-03-09,0,0.45172725789066126,0,Logistic,1
2022-03-10,0,0.4413663518225495,0,Logistic,1
2022-03-11,1,0.48978868864891384,0,Logistic,1
2022-03-14,0,0.5138548258475296,1,Logistic,1
2022-03-15,1,0.43551847364452134,0,Logistic,1
2022-03-16,0,0.4089477162267095,0,Logistic,1
2022-03-17,0,0.3936844487075332,0,Logistic,1
2022-03-21,1,0.4802612604864323,0,Logistic,1
2022-03-22,0,0.4820752280155288,0,Logistic,1
2022-03-23,1,0.42417811231265795,0,Logistic,1
2022-03-24,0,0.480871964912918,0,Logistic,1
2022-03-25,0,0.4970581235901011,0,Logistic,1
2022-03-28,0,0.5685230779526563,1,Logistic,1
2022-03-29,1,0.5707917104708605,1,Logistic,1
2022-03-30,0,0.5455699786133822,1,Logistic,1
2022-03-31,0,0.5483117305203145,1,Logistic,1
2022-04-01,0,0.5645096727001981,1,Logistic,1
2022-04-04,1,0.574206594916999,1,Logistic,1
2022-04-05,0,0.570854332438844,1,Logistic,1
2022-04-06,0,0.6369861724559883,1,Logistic,1
2022-04-07,0,0.6371529505437472,1,Logistic,1
2022-04-08,0,0.6362503990250666,1,Logistic,1
2022-04-11,0,0.6263097202526893,1,Logistic,1
2022-04-12,0,0.6539508622472262,1,Logistic,1
2022-04-13,0,0.6475631690459753,1,Logistic,1
2022-04-18,0,0.6858060865766524,1,Logistic,1
2022-04-19,1,0.6727503893705726,1,Logistic,1
2022-04-20,1,0.6088723763481084,1,Logistic,1
2022-04-21,0,0.5400972201015365,1,Logistic,1
2022-04-22,0,0.5618535113299267,1,Logistic,1
2022-04-25,0,0.5883660052825934,1,Logistic,1
2022-04-26,0,0.5727171925067635,1,Logistic,1
2022-04-27,0,0.5453787275472307,1,Logistic,1
2022-04-28,0,0.49743833174000707,0,Logistic,1
2022-04-29,0,0.5273084747238814,1,Logistic,1
2022-05-02,0,0.5651193443207573,1,Logistic,1
2022-05-04,1,0.567525086755597,1,Logistic,1
2022-05-05,0,0.5045802358880419,1,Logistic,1
2022-05-06,0,0.5299736492484949,1,Logistic,1
2022-05-09,0,0.5842412174225465,1,Logistic,1
2022-05-10,0,0.502688808640864,1,Logistic,1
2022-05-11,0,0.5322963096869875,1,Logistic,1
2022-05-12,0,0.5893050346390551,1,Logistic,1
2022-05-13,0,0.4987784237852027,0,Logistic,1
2022-05-16,1,0.5296063358511498,1,Logistic,1
2022-05-17,0,0.6246433059529645,1,Logistic,1
2022-05-18,0,0.5487568912592717,1,Logistic,1
2022-05-19,1,0.6411853075161313,1,Logistic,1
2022-05-20,1,0.5424753055187603,1,Logistic,1
2022-05-23,0,0.5722349285216772,1,Logistic,1
2022-05-24,0,0.5219351724133797,1,Logistic,1
2022-05-25,1,0.5605906630203685,1,Logistic,1
2022-05-26,1,0.5050865382346953,1,Logistic,1
2022-05-27,1,0.46171056722749637,0,Logistic,1
2022-05-30,0,0.4737999590734712,0,Logistic,1
2022-05-31,0,0.449834909812337,0,Logistic,1
2022-06-01,1,0.47599165232115115,0,Logistic,1
2022-06-02,0,0.5196634553002075,1,Logistic,1
2022-06-03,0,0.4464822229969747,0,Logistic,1
2022-06-06,0,0.5190609169231036,1,Logistic,1
2022-06-07,1,0.5153475811826087,1,Logistic,1
2022-06-08,0,0.5002994286311656,1,Logistic,1
2022-06-09,0,0.5023632527770152,1,Logistic,1
2022-06-10,0,0.47159331679727945,0,Logistic,1
2022-06-13,0,0.5193539457588926,1,Logistic,1
2022-06-14,0,0.51539208487196,1,Logistic,1
2022-01-18,0,0.5150681734085083,1,XGBoost,1
2022-01-19,0,0.4490276873111725,0,XGBoost,1
2022-01-20,0,0.3241111934185028,0,XGBoost,1
2022-01-21,0,0.5048952698707581,1,XGBoost,1
2022-01-24,0,0.4982791841030121,0,XGBoost,1
2022-01-25,0,0.535144567489624,1,XGBoost,1
2022-01-27,1,0.593419075012207,1,XGBoost,1
2022-01-28,1,0.3961847424507141,0,XGBoost,1
2022-01-31,1,0.21553455293178558,0,XGBoost,1
2022-02-01,1,0.3889051675796509,0,XGBoost,1
2022-02-02,0,0.2904672622680664,0,XGBoost,1
2022-02-03,0,0.1837930977344513,0,XGBoost,1
2022-02-04,0,0.15868407487869263,0,XGBoost,1
2022-02-07,0,0.216086283326149,0,XGBoost,1
2022-02-08,0,0.21398396790027618,0,XGBoost,1
2022-02-09,0,0.2618122696876526,0,XGBoost,1
2022-02-10,0,0.23200254142284393,0,XGBoost,1
2022-02-11,1,0.3275207579135895,0,XGBoost,1
2022-02-14,1,0.4271720349788666,0,XGBoost,1
2022-02-15,0,0.4959249496459961,0,XGBoost,1
2022-02-16,0,0.27771320939064026,0,XGBoost,1
2022-02-17,0,0.28519272804260254,0,XGBoost,1
2022-02-18,0,0.5098234415054321,1,XGBoost,1
2022-02-21,0,0.4847874045372009,0,XGBoost,1
2022-02-22,0,0.5856831669807434,1,XGBoost,1
2022-02-23,0,0.4503052532672882,0,XGBoost,1
2022-02-24,1,0.34234619140625,0,XGBoost,1
2022-02-25,0,0.18179984390735626,0,XGBoost,1
2022-02-28,0,0.24463944137096405,0,XGBoost,1
2022-03-02,0,0.10814748704433441,0,XGBoost,1
2022-03-03,0,0.08636477589607239,0,XGBoost,1
2022-03-04,0,0.13292357325553894,0,XGBoost,1
2022-03-07,1,0.19171816110610962,0,XGBoost,1
2022-03-08,0,0.14640213549137115,0,XGBoost,1
2022-03-09,0,0.10335386544466019,0,XGBoost,1
2022-03-10,0,0.11272625625133514,0,XGBoost,1
2022-03-11,1,0.09707587212324142,0,XGBoost,1
2022-03-14,0,0.13391098380088806,0,XGBoost,1
2022-03-15,1,0.2010657787322998,0,XGBoost,1
2022-03-16,0,0.1004922166466713,0,XGBoost,1
2022-03-17,0,0.08140335232019424,0,XGBoost,1
2022-03-21,1,0.10515809059143066,0,XGBoost,1
2022-03-22,0,0.0779578760266304,0,XGBoost,1
2022-03-23,1,0.10514499247074127,0,XGBoost,1
2022-03-24,0,0.14275753498077393,0,XGBoost,1
2022-03-25,0,0.11347343027591705,0,XGBoost,1
2022-03-28,0,0.25871211290359497,0,XGBoost,1
2022-03-29,1,0.3202495276927948,0,XGBoost,1
2022-03-30,0,0.3691355884075165,0,XGBoost,1
2022-03-31,0,0.29593929648399353,0,XGBoost,1
2022-04-01,0,0.434959352016449,0,XGBoost,1
2022-04-04,1,0.3982188105583191,0,XGBoost,1
2022-04-05,0,0.3103169798851013,0,XGBoost,1
2022-04-06,0,0.3182934522628784,0,XGBoost,1
2022-04-07,0,0.2898412346839905,0,XGBoost,1
2022-04-08,0,0.2580726742744446,0,XGBoost,1
2022-04-11,0,0.2447647899389267,0,XGBoost,1
2022-04-12,0,0.31265684962272644,0,XGBoost,1
2022-04-13,0,0.3118543326854706,0,XGBoost,1
2022-04-18,0,0.4577779471874237,0,XGBoost,1
2022-04-19,1,0.5327275991439819,1,XGBoost,1
2022-04-20,1,0.49613893032073975,0,XGBoost,1
2022-04-21,0,0.28422287106513977,0,XGBoost,1
2022-04-22,0,0.28628021478652954,0,XGBoost,1
2022-04-25,0,0.214180126786232,0,XGBoost,1
2022-04-26,0,0.2585630714893341,0,XGBoost,1
2022-04-27,0,0.3321523666381836,0,XGBoost,1
2022-04-28,0,0.19473694264888763,0,XGBoost,1
2022-04-29,0,0.2348816990852356,0,XGBoost,1
2022-05-02,0,0.4705578684806824,0,XGBoost,1
2022-05-04,1,0.333469420671463,0,XGBoost,1
2022-05-05,0,0.38845813274383545,0,XGBoost,1
2022-05-06,0,0.30631008744239807,0,XGBoost,1
2022-05-09,0,0.5044953227043152,1,XGBoost,1
2022-05-10,0,0.3778884708881378,0,XGBoost,1
2022-05-11,0,0.25462111830711365,0,XGBoost,1
2022-05-12,0,0.49018922448158264,0,XGBoost,1
2022-05-13,0,0.3068421483039856,0,XGBoost,1
2022-05-16,1,0.3800749182701111,0,XGBoost,1
2022-05-17,0,0.45998188853263855,0,XGBoost,1
2022-05-18,0,0.3213825225830078,0,XGBoost,1
2022-05-19,1,0.43274688720703125,0,XGBoost,1
2022-05-20,1,0.3054312467575073,0,XGBoost,1
2022-05-23,0,0.4391562342643738,0,XGBoost,1
2022-05-24,0,0.28138116002082825,0,XGBoost,1
2022-05-25,1,0.3634340763092041,0,XGBoost,1
2022-05-26,1,0.22088228166103363,0,XGBoost,1
2022-05-27,1,0.18787001073360443,0,XGBoost,1
2022-05-30,0,0.17196480929851532,0,XGBoost,1
2022-05-31,0,0.17714020609855652,0,XGBoost,1
2022-06-01,1,0.09773661196231842,0,XGBoost,1
2022-06-02,0,0.14838552474975586,0,XGBoost,1
2022-06-03,0,0.06622247397899628,0,XGBoost,1
2022-06-06,0,0.15112507343292236,0,XGBoost,1
2022-06-07,1,0.10181565582752228,0,XGBoost,1
2022-06-08,0,0.11273718625307083,0,XGBoost,1
2022-06-09,0,0.14929473400115967,0,XGBoost,1
2022-06-10,0,0.10770093649625778,0,XGBoost,1
2022-06-13,0,0.3206680417060852,0,XGBoost,1
2022-06-14,0,0.30982470512390137,0,XGBoost,1
2022-06-15,0,0.38576060467801176,0,Logistic,2
2022-06-16,0,0.4906367767423055,0,Logistic,2
2022-06-17,0,0.5392383649823789,1,Logistic,2
2022-06-20,1,0.502988469182343,1,Logistic,2
2022-06-21,0,0.4798227742209409,0,Logistic,2
2022-06-22,1,0.4861158588728404,0,Logistic,2
2022-06-23,0,0.4944877065355888,0,Logistic,2
2022-06-24,0,0.49342831391346886,0,Logistic,2
2022-06-27,0,0.5094183113204697,1,Logistic,2
2022-06-28,0,0.49468078329419624,0,Logistic,2
2022-06-29,0,0.5248737664967716,1,Logistic,2
2022-06-30,1,0.5174660077481897,1,Logistic,2
2022-07-01,0,0.5104221610425996,1,Logistic,2
2022-07-04,0,0.5365280024959551,1,Logistic,2
2022-07-05,1,0.49203858786386023,0,Logistic,2
2022-07-06,0,0.46948450146448484,0,Logistic,2
2022-07-07,0,0.42517511634147165,0,Logistic,2
2022-07-08,0,0.44337245929782293,0,Logistic,2
2022-07-11,0,0.6249467193811283,1,Logistic,2
2022-07-12,0,0.5556990201560736,1,Logistic,2
2022-07-13,0,0.5566689941394793,1,Logistic,2
2022-07-14,0,0.5978679193387487,1,Logistic,2
2022-07-15,1,0.5900133260946633,1,Logistic,2
2022-07-18,0,0.5612753367255302,1,Logistic,2
2022-07-19,1,0.5693995028923773,1,Logistic,2
2022-07-20,0,0.5174396568694127,1,Logistic,2
2022-07-21,0,0.5123283945886881,1,Logistic,2
2022-07-22,0,0.5317359696599114,1,Logistic,2
2022-07-25,0,0.5081978446786517,1,Logistic,2
2022-07-26,1,0.5616811293450785,1,Logistic,2
2022-07-27,1,0.48486040194838087,0,Logistic,2
2022-07-28,1,0.42441418551192645,0,Logistic,2
2022-07-29,0,0.3963934129684026,0,Logistic,2
2022-08-01,0,0.43084021065771416,0,Logistic,2
2022-08-02,1,0.45551724536636795,0,Logistic,2
2022-08-03,0,0.42690102009837716,0,Logistic,2
2022-08-04,0,0.40625038734194047,0,Logistic,2
2022-08-05,0,0.35836716699879295,0,Logistic,2
2022-08-08,0,0.4618042305611227,0,Logistic,2
2022-08-10,1,0.5117532153015726,1,Logistic,2
2022-08-11,0,0.4542261690883891,0,Logistic,2
2022-08-12,0,0.43857488105155207,0,Logistic,2
2022-08-16,0,0.43590093229618915,0,Logistic,2
2022-08-17,0,0.4658748530029437,0,Logistic,2
2022-08-18,0,0.4713532158083684,0,Logistic,2
2022-08-19,0,0.4579602153270084,0,Logistic,2
2022-08-22,0,0.47306031907836094,0,Logistic,2
2022-08-23,0,0.5248946763478557,1,Logistic,2
2022-08-24,0,0.5187982436695101,1,Logistic,2
2022-08-25,0,0.5427090288293673,1,Logistic,2
2022-08-26,0,0.504517390185771,1,Logistic,2
2022-08-29,1,0.5887992443332867,1,Logistic,2
2022-08-30,0,0.5422619490897483,1,Logistic,2
2022-09-01,0,0.5586896235989659,1,Logistic,2
2022-09-02,0,0.5240666029050344,1,Logistic,2
2022-09-05,0,0.5236358423148922,1,Logistic,2
2022-09-06,1,0.5414563292306843,1,Logistic,2
2022-09-07,0,0.5158901825702453,1,Logistic,2
2022-09-08,1,0.4571575043333711,0,Logistic,2
2022-09-09,1,0.4553533994480437,0,Logistic,2
2022-09-12,0,0.4408897139176892,0,Logistic,2
2022-09-13,0,0.4466430674331893,0,Logistic,2
2022-09-14,0,0.47814316041233923,0,Logistic,2
2022-09-15,0,0.470993025627498,0,Logistic,2
2022-09-16,0,0.5609664848541633,1,Logistic,2
2022-09-19,0,0.48255377856546755,0,Logistic,2
2022-09-20,0,0.46968164710601695,0,Logistic,2
2022-09-21,0,0.49992853847938595,0,Logistic,2
2022-09-22,0,0.49861153368043015,0,Logistic,2
2022-09-23,0,0.5024626362291248,1,Logistic,2
2022-09-26,0,0.5282108041248601,1,Logistic,2
2022-09-27,0,0.4891395854696819,0,Logistic,2
2022-09-28,0,0.5570106616593111,1,Logistic,2
2022-09-29,0,0.568033479949482,1,Logistic,2
2022-09-30,0,0.5858030022690092,1,Logistic,2
2022-10-03,1,0.5678008481314374,1,Logistic,2
2022-10-04,0,0.4913995526122927,0,Logistic,2
2022-10-06,0,0.45491256606393704,0,Logistic,2
2022-10-07,1,0.4845347503807869,0,Logistic,2
2022-10-10,0,0.536194136575362,1,Logistic,2
2022-10-11,1,0.5429550065008455,1,Logistic,2
2022-10-12,0,0.4520331810120942,0,Logistic,2
2022-10-13,0,0.4965045670218365,0,Logistic,2
2022-10-14,0,0.5377015438366686,1,Logistic,2
2022-10-17,1,0.5584053348217405,1,Logistic,2
2022-10-18,0,0.527645764271504,1,Logistic,2
2022-10-19,1,0.5184136374561807,1,Logistic,2
2022-10-20,0,0.5277630783978898,1,Logistic,2
2022-10-21,1,0.5164215840333344,1,Logistic,2
2022-10-24,0,0.46777684126673813,0,Logistic,2
2022-10-25,0,0.4831879960759582,0,Logistic,2
2022-10-27,0,0.518983415528316,1,Logistic,2
2022-10-28,1,0.5087569784797703,1,Logistic,2
2022-10-31,1,0.4987642311042387,0,Logistic,2
2022-11-01,0,0.4907281608373501,0,Logistic,2
2022-11-02,0,0.5071710682036183,1,Logistic,2
2022-11-03,0,0.5624098380150739,1,Logistic,2
2022-11-04,1,0.5595650628547919,1,Logistic,2
2022-11-07,0,0.5528202072125667,1,Logistic,2
2022-11-09,0,0.5386055081279314,1,Logistic,2
2022-06-15,0,0.24991020560264587,0,XGBoost,2
2022-06-16,0,0.22918851673603058,0,XGBoost,2
2022-06-17,0,0.424653023481369,0,XGBoost,2
2022-06-20,1,0.3092840611934662,0,XGBoost,2
2022-06-21,0,0.4578465521335602,0,XGBoost,2
2022-06-22,1,0.3747180700302124,0,XGBoost,2
2022-06-23,0,0.23335972428321838,0,XGBoost,2
2022-06-24,0,0.20556499063968658,0,XGBoost,2
2022-06-27,0,0.1579287350177765,0,XGBoost,2
2022-06-28,0,0.25531378388404846,0,XGBoost,2
2022-06-29,0,0.17754901945590973,0,XGBoost,2
2022-06-30,1,0.223662331700325,0,XGBoost,2
2022-07-01,0,0.3096296191215515,0,XGBoost,2
2022-07-04,0,0.334164023399353,0,XGBoost,2
2022-07-05,1,0.21292175352573395,0,XGBoost,2
2022-07-06,0,0.2226182371377945,0,XGBoost,2
2022-07-07,0,0.13356076180934906,0,XGBoost,2
2022-07-08,0,0.1510670781135559,0,XGBoost,2
2022-07-11,0,0.5158169269561768,1,XGBoost,2
2022-07-12,0,0.5011827945709229,1,XGBoost,2
2022-07-13,0,0.5655867457389832,1,XGBoost,2
2022-07-14,0,0.5314592719078064,1,XGBoost,2
2022-07-15,1,0.5737898349761963,1,XGBoost,2
2022-07-18,0,0.47649118304252625,0,XGBoost,2
2022-07-19,1,0.3857232630252838,0,XGBoost,2
2022-07-20,0,0.22932884097099304,0,XGBoost,2
2022-07-21,0,0.24362865090370178,0,XGBoost,2
2022-07-22,0,0.2084769904613495,0,XGBoost,2
2022-07-25,0,0.23203065991401672,0,XGBoost,2
2022-07-26,1,0.31596460938453674,0,XGBoost,2
2022-07-27,1,0.2515896260738373,0,XGBoost,2
2022-07-28,1,0.14578837156295776,0,XGBoost,2
2022-07-29,0,0.1084665060043335,0,XGBoost,2
2022-08-01,0,0.11700122803449631,0,XGBoost,2
2022-08-02,1,0.15597869455814362,0,XGBoost,2
2022-08-03,0,0.13353781402111053,0,XGBoost,2
2022-08-04,0,0.10303396731615067,0,XGBoost,2
2022-08-05,0,0.2224334329366684,0,XGBoost,2
2022-08-08,0,0.3387781083583832,0,XGBoost,2
2022-08-10,1,0.17174406349658966,0,XGBoost,2
2022-08-11,0,0.30386462807655334,0,XGBoost,2
2022-08-12,0,0.2786320745944977,0,XGBoost,2
2022-08-16,0,0.2807512879371643,0,XGBoost,2
2022-08-17,0,0.3662385940551758,0,XGBoost,2
2022-08-18,0,0.330257773399353,0,XGBoost,2
2022-08-19,0,0.3156622648239136,0,XGBoost,2
2022-08-22,0,0.31301361322402954,0,XGBoost,2
2022-08-23,0,0.18399061262607574,0,XGBoost,2
2022-08-24,0,0.14016449451446533,0,XGBoost,2
2022-08-25,0,0.16496939957141876,0,XGBoost,2
2022-08-26,0,0.3258044719696045,0,XGBoost,2
2022-08-29,1,0.29303279519081116,0,XGBoost,2
2022-08-30,0,0.20058630406856537,0,XGBoost,2
2022-09-01,0,0.3935357332229614,0,XGBoost,2
2022-09-02,0,0.3529740869998932,0,XGBoost,2
2022-09-05,0,0.35082507133483887,0,XGBoost,2
2022-09-06,1,0.3978867530822754,0,XGBoost,2
2022-09-07,0,0.23751284182071686,0,XGBoost,2
2022-09-08,1,0.21143260598182678,0,XGBoost,2
2022-09-09,1,0.28793299198150635,0,XGBoost,2
2022-09-12,0,0.1950950175523758,0,XGBoost,2
2022-09-13,0,0.2231079638004303,0,XGBoost,2
2022-09-14,0,0.39003118872642517,0,XGBoost,2
2022-09-15,0,0.36855629086494446,0,XGBoost,2
2022-09-16,0,0.5491346716880798,1,XGBoost,2
2022-09-19,0,0.35381028056144714,0,XGBoost,2
2022-09-20,0,0.4362044632434845,0,XGBoost,2
2022-09-21,0,0.29809314012527466,0,XGBoost,2
2022-09-22,0,0.302568644285202,0,XGBoost,2
2022-09-23,0,0.35195624828338623,0,XGBoost,2
2022-09-26,0,0.3716879189014435,0,XGBoost,2
2022-09-27,0,0.266254723072052,0,XGBoost,2
2022-09-28,0,0.4497016668319702,0,XGBoost,2
2022-09-29,0,0.43873050808906555,0,XGBoost,2
2022-09-30,0,0.5122452974319458,1,XGBoost,2
2022-10-03,1,0.39435234665870667,0,XGBoost,2
2022-10-04,0,0.2811577618122101,0,XGBoost,2
2022-10-06,0,0.18488404154777527,0,XGBoost,2
2022-10-07,1,0.15687407553195953,0,XGBoost,2
2022-10-10,0,0.3250526487827301,0,XGBoost,2
2022-10-11,1,0.47412413358688354,0,XGBoost,2
2022-10-12,0,0.4100586771965027,0,XGBoost,2
2022-10-13,0,0.33756735920906067,0,XGBoost,2
2022-10-14,0,0.27958178520202637,0,XGBoost,2
2022-10-17,1,0.47246330976486206,0,XGBoost,2
2022-10-18,0,0.31613972783088684,0,XGBoost,2
2022-10-19,1,0.34533777832984924,0,XGBoost,2
2022-10-20,0,0.39823365211486816,0,XGBoost,2
2022-10-21,1,0.3588216304779053,0,XGBoost,2
2022-10-24,0,0.3568781614303589,0,XGBoost,2
2022-10-25,0,0.26166754961013794,0,XGBoost,2
2022-10-27,0,0.25481632351875305,0,XGBoost,2
2022-10-28,1,0.3841516673564911,0,XGBoost,2
2022-10-31,1,0.2640186846256256,0,XGBoost,2
2022-11-01,0,0.31805533170700073,0,XGBoost,2
2022-11-02,0,0.27436619997024536,0,XGBoost,2
2022-11-03,0,0.3234902322292328,0,XGBoost,2
2022-11-04,1,0.34665223956108093,0,XGBoost,2
2022-11-07,0,0.36691442131996155,0,XGBoost,2
2022-11-09,0,0.3001177906990051,0,XGBoost,2
2022-11-10,1,0.564014358030431,1,Logistic,3
2022-11-11,1,0.4439846282989601,0,Logistic,3
2022-11-14,0,0.4540610022698654,0,Logistic,3
2022-11-15,1,0.47511064784034185,0,Logistic,3
2022-11-16,0,0.4478486983592176,0,Logistic,3
2022-11-17,0,0.48224374618341337,0,Logistic,3
2022-11-18,0,0.4678839633027307,0,Logistic,3
2022-11-21,1,0.4915832422231969,0,Logistic,3
2022-11-22,0,0.47994429807108646,0,Logistic,3
2022-11-23,1,0.44244037219534077,0,Logistic,3
2022-11-24,0,0.42960889925947554,0,Logistic,3
2022-11-25,0,0.3523485292538969,0,Logistic,3
2022-11-28,0,0.39435477644731315,0,Logistic,3
2022-11-29,0,0.3792687784948804,0,Logistic,3
2022-11-30,1,0.36929011133900974,0,Logistic,3
2022-12-01,0,0.34375947120268147,0,Logistic,3
2022-12-02,0,0.402356808337577,0,Logistic,3
2022-12-05,0,0.4201746424239308,0,Logistic,3
2022-12-06,0,0.45125873712488823,0,Logistic,3
2022-12-07,0,0.4571700392970102,0,Logistic,3
2022-12-08,0,0.4172618796897642,0,Logistic,3
2022-12-09,0,0.46884447700500537,0,Logistic,3
2022-12-12,1,0.4536076227184415,0,Logistic,3
2022-12-13,1,0.4189929624969723,0,Logistic,3
2022-12-14,0,0.3600635097500878,0,Logistic,3
2022-12-15,0,0.378155653343335,0,Logistic,3
2022-12-16,0,0.41066027472661837,0,Logistic,3
2022-12-19,1,0.4241775813993151,0,Logistic,3
2022-12-20,1,0.423649739282931,0,Logistic,3
2022-12-21,0,0.36996631713105654,0,Logistic,3
2022-12-22,0,0.40701401484487865,0,Logistic,3
2022-12-23,1,0.4744858101416564,0,Logistic,3
2022-12-26,0,0.4465083691218983,0,Logistic,3
2022-12-27,0,0.3880029539207347,0,Logistic,3
2022-12-28,0,0.3691877604166765,0,Logistic,3
2022-12-29,0,0.3977508797754601,0,Logistic,3
2022-12-30,0,0.42905397600872397,0,Logistic,3
2023-01-02,1,0.4369969807099154,0,Logistic,3
2023-01-03,0,0.4204851410865148,0,Logistic,3
2023-01-04,0,0.3955498567151948,0,Logistic,3
2023-01-05,0,0.37876715726063664,0,Logistic,3
2023-01-06,1,0.46892988970082855,0,Logistic,3
2023-01-09,0,0.3864135077674295,0,Logistic,3
2023-01-10,1,0.3866468933205872,0,Logistic,3
2023-01-11,0,0.39453414687836935,0,Logistic,3
2023-01-12,1,0.3965531858808841,0,Logistic,3
2023-01-13,0,0.462215346497488,0,Logistic,3
2023-01-16,1,0.4810839625041987,0,Logistic,3
2023-01-17,0,0.4411776149196863,0,Logistic,3
2023-01-18,0,0.39911508289728137,0,Logistic,3
2023-01-19,0,0.42232746701943474,0,Logistic,3
2023-01-20,1,0.45383334732030456,0,Logistic,3
2023-01-23,0,0.41115967526586955,0,Logistic,3
2023-01-24,0,0.3798277253840651,0,Logistic,3
2023-01-25,0,0.39644390458546697,0,Logistic,3
2023-01-27,1,0.4059992629788032,0,Logistic,3
2023-01-30,0,0.4031833966864516,0,Logistic,3
2023-01-31,1,0.4408096613989687,0,Logistic,3
2023-02-01,1,0.3957273656544053,0,Logistic,3
2023-02-02,0,0.35440784923379526,0,Logistic,3
2023-02-03,0,0.3516369459310883,0,Logistic,3
2023-02-06,0,0.44473959182633654,0,Logistic,3
2023-02-07,1,0.47665584733004673,0,Logistic,3
2023-02-08,1,0.4638302508850903,0,Logistic,3
2023-02-09,0,0.4500666558715495,0,Logistic,3
2023-02-10,0,0.45998232537989925,0,Logistic,3
2023-02-13,0,0.5055925717607199,1,Logistic,3
2023-02-14,1,0.4629898221509926,0,Logistic,3
2023-02-15,1,0.4786451603484838,0,Logistic,3
2023-02-16,0,0.40764637247344443,0,Logistic,3
2023-02-17,0,0.4632205757144966,0,Logistic,3
2023-02-20,0,0.46016958126976726,0,Logistic,3
2023-02-21,0,0.48425456560840346,0,Logistic,3
2023-02-22,0,0.4767350104360371,0,Logistic,3
2023-02-23,0,0.4137823267987779,0,Logistic,3
2023-02-24,0,0.4504702219082933,0,Logistic,3
2023-02-27,0,0.48697259890537675,0,Logistic,3
2023-02-28,1,0.4883843727274239,0,Logistic,3
2023-03-01,0,0.4657748199326183,0,Logistic,3
2023-03-02,1,0.45806811504651573,0,Logistic,3
2023-03-03,1,0.4120430870126151,0,Logistic,3
2023-03-06,0,0.42310027018695795,0,Logistic,3
2023-03-08,0,0.4396573768583718,0,Logistic,3
2023-03-09,0,0.45999837529576904,0,Logistic,3
2023-03-10,0,0.4875543023722569,0,Logistic,3
2023-03-13,0,0.49559202032388144,0,Logistic,3
2023-03-14,0,0.5111172435429664,1,Logistic,3
2023-03-15,0,0.4747295419133038,0,Logistic,3
2023-03-16,0,0.4512337556554464,0,Logistic,3
2023-03-17,0,0.48058809286796195,0,Logistic,3
2023-03-20,0,0.5361207027719157,1,Logistic,3
2023-03-21,1,0.5208161667695127,1,Logistic,3
2023-03-22,0,0.48487043980025635,0,Logistic,3
2023-03-23,0,0.5122849199214362,1,Logistic,3
2023-03-24,0,0.49259088431470865,0,Logistic,3
2023-03-27,0,0.5057796683821034,1,Logistic,3
2023-03-28,1,0.5481647057379502,1,Logistic,3
2023-03-29,1,0.5163643238684158,1,Logistic,3
2023-03-31,0,0.4896518737447382,0,Logistic,3
2023-04-03,1,0.5321886273709546,1,Logistic,3
2022-11-10,1,0.3660491704940796,0,XGBoost,3
2022-11-11,1,0.16322433948516846,0,XGBoost,3
2022-11-14,0,0.2364576905965805,0,XGBoost,3
2022-11-15,1,0.26214516162872314,0,XGBoost,3
2022-11-16,0,0.13774026930332184,0,XGBoost,3
2022-11-17,0,0.23339088261127472,0,XGBoost,3
2022-11-18,0,0.2539134919643402,0,XGBoost,3
2022-11-21,1,0.22538083791732788,0,XGBoost,3
2022-11-22,0,0.3864729106426239,0,XGBoost,3
2022-11-23,1,0.20047755539417267,0,XGBoost,3
2022-11-24,0,0.3391015827655792,0,XGBoost,3
2022-11-25,0,0.30420881509780884,0,XGBoost,3
2022-11-28,0,0.22117763757705688,0,XGBoost,3
2022-11-29,0,0.2908325791358948,0,XGBoost,3
2022-11-30,1,0.23225674033164978,0,XGBoost,3
2022-12-01,0,0.3286610543727875,0,XGBoost,3
2022-12-02,0,0.29370322823524475,0,XGBoost,3
2022-12-05,0,0.31529080867767334,0,XGBoost,3
2022-12-06,0,0.2623751759529114,0,XGBoost,3
2022-12-07,0,0.2819611728191376,0,XGBoost,3
2022-12-08,0,0.18438082933425903,0,XGBoost,3
2022-12-09,0,0.18373653292655945,0,XGBoost,3
2022-12-12,1,0.2586924731731415,0,XGBoost,3
2022-12-13,1,0.3404654860496521,0,XGBoost,3
2022-12-14,0,0.2946171760559082,0,XGBoost,3
2022-12-15,0,0.18939721584320068,0,XGBoost,3
2022-12-16,0,0.21076235175132751,0,XGBoost,3
2022-12-19,1,0.19410105049610138,0,XGBoost,3
2022-12-20,1,0.2502222955226898,0,XGBoost,3
2022-12-21,0,0.2073976993560791,0,XGBoost,3
2022-12-22,0,0.18640877306461334,0,XGBoost,3
2022-12-23,1,0.3595379590988159,0,XGBoost,3
2022-12-26,0,0.3348805904388428,0,XGBoost,3
2022-12-27,0,0.2324787825345993,0,XGBoost,3
2022-12-28,0,0.3045348823070526,0,XGBoost,3
2022-12-29,0,0.29924124479293823,0,XGBoost,3
2022-12-30,0,0.2689182758331299,0,XGBoost,3
2023-01-02,1,0.47730833292007446,0,XGBoost,3
2023-01-03,0,0.4327775239944458,0,XGBoost,3
2023-01-04,0,0.3886822760105133,0,XGBoost,3
2023-01-05,0,0.21033412218093872,0,XGBoost,3
2023-01-06,1,0.25470155477523804,0,XGBoost,3
2023-01-09,0,0.26520389318466187,0,XGBoost,3
2023-01-10,1,0.3437390923500061,0,XGBoost,3
2023-01-11,0,0.28372663259506226,0,XGBoost,3
2023-01-12,1,0.2939440906047821,0,XGBoost,3
2023-01-13,0,0.21010233461856842,0,XGBoost,3
2023-01-16,1,0.3190980851650238,0,XGBoost,3
2023-01-17,0,0.2955038845539093,0,XGBoost,3
2023-01-18,0,0.3051612973213196,0,XGBoost,3
2023-01-19,0,0.30590856075286865,0,XGBoost,3
2023-01-20,1,0.31966933608055115,0,XGBoost,3
2023-01-23,0,0.40533941984176636,0,XGBoost,3
2023-01-24,0,0.39501985907554626,0,XGBoost,3
2023-01-25,0,0.3745073974132538,0,XGBoost,3
2023-01-27,1,0.16427507996559143,0,XGBoost,3
2023-01-30,0,0.19918271899223328,0,XGBoost,3
2023-01-31,1,0.24434562027454376,0,XGBoost,3
2023-02-01,1,0.30357420444488525,0,XGBoost,3
2023-02-02,0,0.20382913947105408,0,XGBoost,3
2023-02-03,0,0.12100890278816223,0,XGBoost,3
2023-02-06,0,0.247648224234581,0,XGBoost,3
2023-02-07,1,0.2998637557029724,0,XGBoost,3
2023-02-08,1,0.2631770074367523,0,XGBoost,3
2023-02-09,0,0.2620530128479004,0,XGBoost,3
2023-02-10,0,0.39925557374954224,0,XGBoost,3
2023-02-13,0,0.32445067167282104,0,XGBoost,3
2023-02-14,1,0.29892098903656006,0,XGBoost,3
2023-02-15,1,0.39450791478157043,0,XGBoost,3
2023-02-16,0,0.3618614971637726,0,XGBoost,3
2023-02-17,0,0.24958613514900208,0,XGBoost,3
2023-02-20,0,0.1815539002418518,0,XGBoost,3
2023-02-21,0,0.2243562936782837,0,XGBoost,3
2023-02-22,0,0.15224453806877136,0,XGBoost,3
2023-02-23,0,0.12702342867851257,0,XGBoost,3
2023-02-24,0,0.13793383538722992,0,XGBoost,3
2023-02-27,0,0.2854069769382477,0,XGBoost,3
2023-02-28,1,0.2489311397075653,0,XGBoost,3
2023-03-01,0,0.2949711084365845,0,XGBoost,3
2023-03-02,1,0.24348874390125275,0,XGBoost,3
2023-03-03,1,0.19841045141220093,0,XGBoost,3
2023-03-06,0,0.23872110247612,0,XGBoost,3
2023-03-08,0,0.1723952293395996,0,XGBoost,3
2023-03-09,0,0.2209671586751938,0,XGBoost,3
2023-03-10,0,0.38824930787086487,0,XGBoost,3
2023-03-13,0,0.25007379055023193,0,XGBoost,3
2023-03-14,0,0.31171682476997375,0,XGBoost,3
2023-03-15,0,0.28711190819740295,0,XGBoost,3
2023-03-16,0,0.2335021048784256,0,XGBoost,3
2023-03-17,0,0.4184136688709259,0,XGBoost,3
2023-03-20,0,0.4664551019668579,0,XGBoost,3
2023-03-21,1,0.3492329716682434,0,XGBoost,3
2023-03-22,0,0.46641552448272705,0,XGBoost,3
2023-03-23,0,0.4019402265548706,0,XGBoost,3
2023-03-24,0,0.34032967686653137,0,XGBoost,3
2023-03-27,0,0.3351384997367859,0,XGBoost,3
2023-03-28,1,0.353481262922287,0,XGBoost,3
2023-03-29,1,0.252326637506485,0,XGBoost,3
2023-03-31,0,0.46477773785591125,0,XGBoost,3
2023-04-03,1,0.39697757363319397,0,XGBoost,3
2023-04-05,0,0.5622593117681173,1,Logistic,4
2023-04-06,1,0.5536054779332437,1,Logistic,4
2023-04-10,0,0.5326873399644237,1,Logistic,4
2023-04-11,1,0.5658552485113719,1,Logistic,4
2023-04-12,0,0.5454960908359708,1,Logistic,4
2023-04-13,0,0.6108982295905844,1,Logistic,4
2023-04-17,0,0.7247725276227989,1,Logistic,4
2023-04-18,0,0.6228504294522585,1,Logistic,4
2023-04-19,0,0.6380575948461672,1,Logistic,4
2023-04-20,1,0.5889133329825478,1,Logistic,4
2023-04-21,0,0.5626070112235861,1,Logistic,4
2023-04-24,0,0.5832888620356084,1,Logistic,4
2023-04-25,1,0.568961425972415,1,Logistic,4
2023-04-26,0,0.588927589147661,1,Logistic,4
2023-04-27,1,0.602193889051056,1,Logistic,4
2023-04-28,0,0.5808073801683165,1,Logistic,4
2023-05-02,0,0.600840670517111,1,Logistic,4
2023-05-03,1,0.6264577702190597,1,Logistic,4
2023-05-04,0,0.6355964257053465,1,Logistic,4
2023-05-05,1,0.6157531105999963,1,Logistic,4
2023-05-08,1,0.5397652720190688,1,Logistic,4
2023-05-09,0,0.5350285434735822,1,Logistic,4
2023-05-10,0,0.5246933658914512,1,Logistic,4
2023-05-11,0,0.5296950032790085,1,Logistic,4
2023-05-12,0,0.5514678054292788,1,Logistic,4
2023-05-15,0,0.5623475796566343,1,Logistic,4
2023-05-16,0,0.563282109588148,1,Logistic,4
2023-05-17,0,0.6250237557222053,1,Logistic,4
2023-05-18,1,0.5869349757483489,1,Logistic,4
2023-05-19,1,0.5799238281485075,1,Logistic,4
2023-05-22,0,0.5673409863660926,1,Logistic,4
2023-05-23,0,0.5103704578257056,1,Logistic,4
2023-05-24,0,0.5450945818245213,1,Logistic,4
2023-05-25,1,0.5419474811357847,1,Logistic,4
2023-05-26,0,0.5348249335660216,1,Logistic,4
2023-05-29,0,0.4980030855297193,0,Logistic,4
2023-05-30,0,0.5001164369763617,1,Logistic,4
2023-05-31,1,0.6053681535101564,1,Logistic,4
2023-06-01,0,0.5527778232277465,1,Logistic,4
2023-06-02,0,0.5431357653278234,1,Logistic,4
2023-06-05,0,0.5188365653709588,1,Logistic,4
2023-06-06,1,0.5617656648320631,1,Logistic,4
2023-06-07,0,0.49018197730000984,0,Logistic,4
2023-06-08,0,0.505375193566289,1,Logistic,4
2023-06-09,1,0.5012026518056292,1,Logistic,4
2023-06-12,0,0.4868251784756751,0,Logistic,4
2023-06-13,0,0.4692479675190953,0,Logistic,4
2023-06-14,0,0.48883557541476635,0,Logistic,4
2023-06-15,0,0.5110004686217433,1,Logistic,4
2023-06-16,1,0.574840044242153,1,Logistic,4
2023-06-19,1,0.5202452842883347,1,Logistic,4
2023-06-20,1,0.5097972734520435,1,Logistic,4
2023-06-21,0,0.4677664475874825,0,Logistic,4
2023-06-22,0,0.507400058458323,1,Logistic,4
2023-06-23,0,0.5319143595694948,1,Logistic,4
2023-06-26,0,0.5205840519297981,1,Logistic,4
2023-06-27,1,0.4829321668884894,0,Logistic,4
2023-06-28,1,0.45708758224690754,0,Logistic,4
2023-06-30,0,0.4728841404397773,0,Logistic,4
2023-07-03,1,0.480919702987523,0,Logistic,4
2023-07-04,0,0.4652576346581063,0,Logistic,4
2023-07-05,0,0.4749767493288873,0,Logistic,4
2023-07-06,0,0.49238951072770926,0,Logistic,4
2023-07-07,0,0.4858346579249468,0,Logistic,4
2023-07-10,0,0.537019936312954,1,Logistic,4
2023-07-11,0,0.49435676331390205,0,Logistic,4
2023-07-12,1,0.5031119838593662,1,Logistic,4
2023-07-13,1,0.4774688571813689,0,Logistic,4
2023-07-14,0,0.3696334254491801,0,Logistic,4
2023-07-17,0,0.3917428036102651,0,Logistic,4
2023-07-18,0,0.41927295551750354,0,Logistic,4
2023-07-19,0,0.4564454912036582,0,Logistic,4
2023-07-20,0,0.4390389212587737,0,Logistic,4
2023-07-21,0,0.47909471842688167,0,Logistic,4
2023-07-24,0,0.4224450519058174,0,Logistic,4
2023-07-25,0,0.42065047848286047,0,Logistic,4
2023-07-26,0,0.4399659099080417,0,Logistic,4
2023-07-27,0,0.39178551332352063,0,Logistic,4
2023-07-28,1,0.37945423141161067,0,Logistic,4
2023-07-31,1,0.35417008897429075,0,Logistic,4
2023-08-01,0,0.33643301681230875,0,Logistic,4
2023-08-02,0,0.368651138803737,0,Logistic,4
2023-08-03,1,0.43167667649501257,0,Logistic,4
2023-08-04,1,0.4276534668725721,0,Logistic,4
2023-08-07,0,0.3794854875870043,0,Logistic,4
2023-08-08,0,0.3773056750155002,0,Logistic,4
2023-08-09,0,0.40988762340827517,0,Logistic,4
2023-08-10,0,0.40603248217573085,0,Logistic,4
2023-08-11,0,0.49309816624499253,0,Logistic,4
2023-08-14,0,0.44982442429514063,0,Logistic,4
2023-08-16,0,0.4294098695992781,0,Logistic,4
2023-08-17,0,0.4696647361201578,0,Logistic,4
2023-08-18,1,0.5190425779234709,1,Logistic,4
2023-08-21,0,0.49347418469387144,0,Logistic,4
2023-08-22,0,0.49039628184499934,0,Logistic,4
2023-08-23,0,0.4617434376238009,0,Logistic,4
2023-08-24,0,0.46503805336246845,0,Logistic,4
2023-08-25,0,0.5037521658591798,1,Logistic,4
2023-08-28,0,0.49351626564869666,0,Logistic,4
2023-08-29,1,0.5043791815167804,1,Logistic,4
2023-04-05,0,0.41980141401290894,0,XGBoost,4
2023-04-06,1,0.3837519884109497,0,XGBoost,4
2023-04-10,0,0.3861222565174103,0,XGBoost,4
2023-04-11,1,0.4516233801841736,0,XGBoost,4
2023-04-12,0,0.3466815650463104,0,XGBoost,4
2023-04-13,0,0.509100079536438,1,XGBoost,4
2023-04-17,0,0.6279847025871277,1,XGBoost,4
2023-04-18,0,0.3834930956363678,0,XGBoost,4
2023-04-19,0,0.4681348204612732,0,XGBoost,4
2023-04-20,1,0.3977855443954468,0,XGBoost,4
2023-04-21,0,0.5005242228507996,1,XGBoost,4
2023-04-24,0,0.42354053258895874,0,XGBoost,4
2023-04-25,1,0.28694429993629456,0,XGBoost,4
2023-04-26,0,0.34142225980758667,0,XGBoost,4
2023-04-27,1,0.4609009921550751,0,XGBoost,4
2023-04-28,0,0.47766920924186707,0,XGBoost,4
2023-05-02,0,0.45722636580467224,0,XGBoost,4
2023-05-03,1,0.47551804780960083,0,XGBoost,4
2023-05-04,0,0.5026378631591797,1,XGBoost,4
2023-05-05,1,0.4724483788013458,0,XGBoost,4
2023-05-08,1,0.47908124327659607,0,XGBoost,4
2023-05-09,0,0.2950200140476227,0,XGBoost,4
2023-05-10,0,0.2828669846057892,0,XGBoost,4
2023-05-11,0,0.276136577129364,0,XGBoost,4
2023-05-12,0,0.39716923236846924,0,XGBoost,4
2023-05-15,0,0.3660266697406769,0,XGBoost,4
2023-05-16,0,0.5467047691345215,1,XGBoost,4
2023-05-17,0,0.4315665662288666,0,XGBoost,4
2023-05-18,1,0.4045849144458771,0,XGBoost,4
2023-05-19,1,0.40548306703567505,0,XGBoost,4
2023-05-22,0,0.36020535230636597,0,XGBoost,4
2023-05-23,0,0.29288360476493835,0,XGBoost,4
2023-05-24,0,0.36549440026283264,0,XGBoost,4
2023-05-25,1,0.3723578453063965,0,XGBoost,4
2023-05-26,0,0.3230050206184387,0,XGBoost,4
2023-05-29,0,0.31960633397102356,0,XGBoost,4
2023-05-30,0,0.4374769330024719,0,XGBoost,4
2023-05-31,1,0.526639997959137,1,XGBoost,4
2023-06-01,0,0.38987162709236145,0,XGBoost,4
2023-06-02,0,0.42892202734947205,0,XGBoost,4
2023-06-05,0,0.2831824719905853,0,XGBoost,4
2023-06-06,1,0.22708582878112793,0,XGBoost,4
2023-06-07,0,0.403221070766449,0,XGBoost,4
2023-06-08,0,0.18253327906131744,0,XGBoost,4
2023-06-09,1,0.1911710649728775,0,XGBoost,4
2023-06-12,0,0.3105924129486084,0,XGBoost,4
2023-06-13,0,0.2996574938297272,0,XGBoost,4
2023-06-14,0,0.3679482340812683,0,XGBoost,4
2023-06-15,0,0.2785983383655548,0,XGBoost,4
2023-06-16,1,0.47441810369491577,0,XGBoost,4
2023-06-19,1,0.3796207010746002,0,XGBoost,4
2023-06-20,1,0.3192652463912964,0,XGBoost,4
2023-06-21,0,0.32725411653518677,0,XGBoost,4
2023-06-22,0,0.30232328176498413,0,XGBoost,4
2023-06-23,0,0.27989518642425537,0,XGBoost,4
2023-06-26,0,0.2765201926231384,0,XGBoost,4
2023-06-27,1,0.3826453983783722,0,XGBoost,4
2023-06-28,1,0.2810324430465698,0,XGBoost,4
2023-06-30,0,0.3144415318965912,0,XGBoost,4
2023-07-03,1,0.31536945700645447,0,XGBoost,4
2023-07-04,0,0.2983454167842865,0,XGBoost,4
2023-07-05,0,0.33271464705467224,0,XGBoost,4
2023-07-06,0,0.3232410252094269,0,XGBoost,4
2023-07-07,0,0.3263058364391327,0,XGBoost,4
2023-07-10,0,0.3738653361797333,0,XGBoost,4
2023-07-11,0,0.3624458909034729,0,XGBoost,4
2023-07-12,1,0.2892923653125763,0,XGBoost,4
2023-07-13,1,0.2848644554615021,0,XGBoost,4
2023-07-14,0,0.1338205337524414,0,XGBoost,4
2023-07-17,0,0.21584080159664154,0,XGBoost,4
2023-07-18,0,0.19993947446346283,0,XGBoost,4
2023-07-19,0,0.21758808195590973,0,XGBoost,4
2023-07-20,0,0.14218011498451233,0,XGBoost,4
2023-07-21,0,0.3935771882534027,0,XGBoost,4
2023-07-24,0,0.22688600420951843,0,XGBoost,4
2023-07-25,0,0.27657464146614075,0,XGBoost,4
2023-07-26,0,0.16608867049217224,0,XGBoost,4
2023-07-27,0,0.16040465235710144,0,XGBoost,4
2023-07-28,1,0.16907592117786407,0,XGBoost,4
2023-07-31,1,0.25141972303390503,0,XGBoost,4
2023-08-01,0,0.20052747428417206,0,XGBoost,4
2023-08-02,0,0.19541296362876892,0,XGBoost,4
2023-08-03,1,0.11316465586423874,0,XGBoost,4
2023-08-04,1,0.25529906153678894,0,XGBoost,4
2023-08-07,0,0.20742498338222504,0,XGBoost,4
2023-08-08,0,0.1789465844631195,0,XGBoost,4
2023-08-09,0,0.15583014488220215,0,XGBoost,4
2023-08-10,0,0.2324792891740799,0,XGBoost,4
2023-08-11,0,0.22545477747917175,0,XGBoost,4
2023-08-14,0,0.256931871175766,0,XGBoost,4
2023-08-16,0,0.28320255875587463,0,XGBoost,4
2023-08-17,0,0.14146144688129425,0,XGBoost,4
2023-08-18,1,0.1706552803516388,0,XGBoost,4
2023-08-21,0,0.33047688007354736,0,XGBoost,4
2023-08-22,0,0.16727834939956665,0,XGBoost,4
2023-08-23,0,0.2309405505657196,0,XGBoost,4
2023-08-24,0,0.2547180950641632,0,XGBoost,4
2023-08-25,0,0.32597970962524414,0,XGBoost,4
2023-08-28,0,0.3682466149330139,0,XGBoost,4
2023-08-29,1,0.3772447109222412,0,XGBoost,4
2023-08-30,0,0.4770237751624514,0,Logistic,5
2023-08-31,1,0.5734162628874288,1,Logistic,5
2023-09-01,1,0.5303013177059842,1,Logistic,5
2023-09-04,0,0.518677888193928,1,Logistic,5
2023-09-05,0,0.5065468010197629,1,Logistic,5
2023-09-06,1,0.5049230933115623,1,Logistic,5
2023-09-07,0,0.4890112838654683,0,Logistic,5
2023-09-08,1,0.5081188277495389,1,Logistic,5
2023-09-11,1,0.4521867117783308,0,Logistic,5
2023-09-12,0,0.44883220173963645,0,Logistic,5
2023-09-13,0,0.40964662950871644,0,Logistic,5
2023-09-14,1,0.460669707676874,0,Logistic,5
2023-09-15,0,0.49486099833806385,0,Logistic,5
2023-09-18,0,0.465763024596028,0,Logistic,5
2023-09-20,0,0.45391712528587597,0,Logistic,5
2023-09-21,1,0.49120359161925004,0,Logistic,5
2023-09-22,0,0.4785476938738755,0,Logistic,5
2023-09-25,0,0.48767820725018957,0,Logistic,5
2023-09-26,0,0.49655463577388065,0,Logistic,5
2023-09-27,0,0.44084102068585934,0,Logistic,5
2023-09-28,0,0.5054916551829901,1,Logistic,5
2023-09-29,0,0.5171807141223288,1,Logistic,5
2023-10-03,1,0.5118957261574266,1,Logistic,5
2023-10-04,1,0.5379923445545184,1,Logistic,5
2023-10-05,1,0.47554465143221336,0,Logistic,5
2023-10-06,0,0.471586703433261,0,Logistic,5
2023-10-09,0,0.4985226884457066,0,Logistic,5
2023-10-10,0,0.5308932925705762,1,Logistic,5
2023-10-11,0,0.5656165418387619,1,Logistic,5
2023-10-12,1,0.656896852437541,1,Logistic,5
2023-10-13,0,0.6141320809573785,1,Logistic,5
2023-10-16,0,0.5928980430783489,1,Logistic,5
2023-10-17,0,0.579167053797684,1,Logistic,5
2023-10-18,0,0.5596396995185593,1,Logistic,5
2023-10-19,1,0.5540227652041447,1,Logistic,5
2023-10-20,0,0.4896472961111375,0,Logistic,5
2023-10-23,0,0.527068633175936,1,Logistic,5
2023-10-25,0,0.524789729551874,1,Logistic,5
2023-10-26,0,0.5505445414411244,1,Logistic,5
2023-10-27,1,0.5174243938154264,1,Logistic,5
2023-10-30,0,0.48423704452585065,0,Logistic,5
2023-10-31,0,0.5040478910136162,1,Logistic,5
2023-11-01,1,0.549088220979771,1,Logistic,5
2023-11-02,0,0.5020928095816204,1,Logistic,5
2023-11-03,1,0.525978486577281,1,Logistic,5
2023-11-06,0,0.4505508090525279,0,Logistic,5
2023-11-07,0,0.4908890775430154,0,Logistic,5
2023-11-08,0,0.4812651329489078,0,Logistic,5
2023-11-09,0,0.5320848362235373,1,Logistic,5
2023-11-10,0,0.5432643747328356,1,Logistic,5
2023-11-13,1,0.480645993498814,0,Logistic,5
2023-11-15,1,0.44094018123899,0,Logistic,5
2023-11-16,0,0.44790264894052423,0,Logistic,5
2023-11-17,0,0.40697862889428504,0,Logistic,5
2023-11-20,0,0.43681210183185204,0,Logistic,5
2023-11-21,0,0.45310466572613123,0,Logistic,5
2023-11-22,0,0.4750754765810185,0,Logistic,5
2023-11-23,0,0.4836583672757802,0,Logistic,5
2023-11-24,0,0.5497402542904376,1,Logistic,5
2023-11-28,1,0.532261525946125,1,Logistic,5
2023-11-29,0,0.4923135964728918,0,Logistic,5
2023-11-30,1,0.52413488839866,1,Logistic,5
2023-12-01,0,0.43485092168949296,0,Logistic,5
2023-12-04,1,0.46407680144704283,0,Logistic,5
2023-12-05,1,0.44495998754887206,0,Logistic,5
2023-12-06,0,0.4392659675563383,0,Logistic,5
2023-12-07,0,0.44218282066121006,0,Logistic,5
2023-12-08,0,0.43970713772710956,0,Logistic,5
2023-12-11,1,0.47954597074515914,0,Logistic,5
2023-12-12,0,0.5215560892033024,1,Logistic,5
2023-12-13,1,0.5996816282059991,1,Logistic,5
2023-12-14,1,0.5021003234331679,1,Logistic,5
2023-12-15,0,0.552596051951076,1,Logistic,5
2023-12-18,0,0.45477701741358656,0,Logistic,5
2023-12-19,0,0.47861598901621777,0,Logistic,5
2023-12-20,0,0.5452479922827105,1,Logistic,5
2023-12-21,1,0.48155911862375217,0,Logistic,5
2023-12-22,0,0.39411953129478383,0,Logistic,5
2023-12-26,0,0.4087344736110597,0,Logistic,5
2023-12-27,0,0.41481592607618356,0,Logistic,5
2023-12-28,0,0.44993472793642103,0,Logistic,5
2023-12-29,0,0.44966979317492856,0,Logistic,5
2024-01-01,0,0.3336846186603916,0,Logistic,5
2024-01-02,0,0.3622923560698732,0,Logistic,5
2024-01-03,0,0.43629769882193786,0,Logistic,5
2024-01-04,1,0.46610479208735967,0,Logistic,5
2024-01-05,0,0.42314424790823885,0,Logistic,5
2024-01-08,0,0.41312480973139715,0,Logistic,5
2024-01-09,0,0.3900872933654661,0,Logistic,5
2024-01-10,0,0.36998736803039856,0,Logistic,5
2024-01-11,1,0.4041245979160393,0,Logistic,5
2024-01-12,0,0.3254438107217616,0,Logistic,5
2024-01-15,0,0.37925628332573136,0,Logistic,5
2024-01-16,0,0.4221274604142192,0,Logistic,5
2024-01-17,0,0.523694061251136,1,Logistic,5
2024-01-18,1,0.47303862497627747,0,Logistic,5
2024-01-19,0,0.37289193555427314,0,Logistic,5
2024-01-23,0,0.487966498684042,0,Logistic,5
2024-01-24,0,0.4533380604959186,0,Logistic,5
2024-01-25,0,0.45317810095428346,0,Logistic,5
2023-08-30,0,0.2329297661781311,0,XGBoost,5
2023-08-31,1,0.43200191855430603,0,XGBoost,5
2023-09-01,1,0.32787302136421204,0,XGBoost,5
2023-09-04,0,0.45192381739616394,0,XGBoost,5
2023-09-05,0,0.36234229803085327,0,XGBoost,5
2023-09-06,1,0.34485411643981934,0,XGBoost,5
2023-09-07,0,0.37437596917152405,0,XGBoost,5
2023-09-08,1,0.36277100443840027,0,XGBoost,5
2023-09-11,1,0.2589631974697113,0,XGBoost,5
2023-09-12,0,0.21361896395683289,0,XGBoost,5
2023-09-13,0,0.16422730684280396,0,XGBoost,5
2023-09-14,1,0.24847230315208435,0,XGBoost,5
2023-09-15,0,0.1959853619337082,0,XGBoost,5
2023-09-18,0,0.22193923592567444,0,XGBoost,5
2023-09-20,0,0.2743068039417267,0,XGBoost,5
2023-09-21,1,0.3869052529335022,0,XGBoost,5
2023-09-22,0,0.35759052634239197,0,XGBoost,5
2023-09-25,0,0.2711348831653595,0,XGBoost,5
2023-09-26,0,0.2913895547389984,0,XGBoost,5
2023-09-27,0,0.26846882700920105,0,XGBoost,5
2023-09-28,0,0.29946228861808777,0,XGBoost,5
2023-09-29,0,0.2663993537425995,0,XGBoost,5
2023-10-03,1,0.18962723016738892,0,XGBoost,5
2023-10-04,1,0.3464502990245819,0,XGBoost,5
2023-10-05,1,0.3914446234703064,0,XGBoost,5
2023-10-06,0,0.25827494263648987,0,XGBoost,5
2023-10-09,0,0.23057083785533905,0,XGBoost,5
2023-10-10,0,0.19159501791000366,0,XGBoost,5
2023-10-11,0,0.23731228709220886,0,XGBoost,5
2023-10-12,1,0.365422785282135,0,XGBoost,5
2023-10-13,0,0.38541126251220703,0,XGBoost,5
2023-10-16,0,0.21702300012111664,0,XGBoost,5
2023-10-17,0,0.20286042988300323,0,XGBoost,5
2023-10-18,0,0.26599544286727905,0,XGBoost,5
2023-10-19,1,0.3489585220813751,0,XGBoost,5
2023-10-20,0,0.2809387147426605,0,XGBoost,5
2023-10-23,0,0.35525819659233093,0,XGBoost,5
2023-10-25,0,0.35706827044487,0,XGBoost,5
2023-10-26,0,0.320613294839859,0,XGBoost,5
2023-10-27,1,0.36872193217277527,0,XGBoost,5
2023-10-30,0,0.30043265223503113,0,XGBoost,5
2023-10-31,0,0.23064881563186646,0,XGBoost,5
2023-11-01,1,0.29377642273902893,0,XGBoost,5
2023-11-02,0,0.2593972980976105,0,XGBoost,5
2023-11-03,1,0.2391093373298645,0,XGBoost,5
2023-11-06,0,0.28573694825172424,0,XGBoost,5
2023-11-07,0,0.24345499277114868,0,XGBoost,5
2023-11-08,0,0.268919974565506,0,XGBoost,5
2023-11-09,0,0.34163588285446167,0,XGBoost,5
2023-11-10,0,0.3454415798187256,0,XGBoost,5
2023-11-13,1,0.27681073546409607,0,XGBoost,5
2023-11-15,1,0.3109041750431061,0,XGBoost,5
2023-11-16,0,0.2290775179862976,0,XGBoost,5
2023-11-17,0,0.22249355912208557,0,XGBoost,5
2023-11-20,0,0.20604653656482697,0,XGBoost,5
2023-11-21,0,0.1758710891008377,0,XGBoost,5
2023-11-22,0,0.19142524898052216,0,XGBoost,5
2023-11-23,0,0.293419748544693,0,XGBoost,5
2023-11-24,0,0.2745099663734436,0,XGBoost,5
2023-11-28,1,0.23455898463726044,0,XGBoost,5
2023-11-29,0,0.31470367312431335,0,XGBoost,5
2023-11-30,1,0.29214614629745483,0,XGBoost,5
2023-12-01,0,0.3211294710636139,0,XGBoost,5
2023-12-04,1,0.23139610886573792,0,XGBoost,5
2023-12-05,1,0.224351704120636,0,XGBoost,5
2023-12-06,0,0.2822829484939575,0,XGBoost,5
2023-12-07,0,0.17547520995140076,0,XGBoost,5
2023-12-08,0,0.17959149181842804,0,XGBoost,5
2023-12-11,1,0.27342405915260315,0,XGBoost,5
2023-12-12,0,0.35617727041244507,0,XGBoost,5
2023-12-13,1,0.5161751508712769,1,XGBoost,5
2023-12-14,1,0.3675439655780792,0,XGBoost,5
2023-12-15,0,0.29103004932403564,0,XGBoost,5
2023-12-18,0,0.3536091446876526,0,XGBoost,5
2023-12-19,0,0.28411298990249634,0,XGBoost,5
2023-12-20,0,0.30751174688339233,0,XGBoost,5
2023-12-21,1,0.29620957374572754,0,XGBoost,5
2023-12-22,0,0.2989230751991272,0,XGBoost,5
2023-12-26,0,0.21217463910579681,0,XGBoost,5
2023-12-27,0,0.2449713498353958,0,XGBoost,5
2023-12-28,0,0.18612584471702576,0,XGBoost,5
2023-12-29,0,0.1824721246957779,0,XGBoost,5
2024-01-01,0,0.17114238440990448,0,XGBoost,5
2024-01-02,0,0.14464937150478363,0,XGBoost,5
2024-01-03,0,0.20252902805805206,0,XGBoost,5
2024-01-04,1,0.32223132252693176,0,XGBoost,5
2024-01-05,0,0.3393627107143402,0,XGBoost,5
2024-01-08,0,0.25203147530555725,0,XGBoost,5
2024-01-09,0,0.2374255657196045,0,XGBoost,5
2024-01-10,0,0.20878177881240845,0,XGBoost,5
2024-01-11,1,0.2562418580055237,0,XGBoost,5
2024-01-12,0,0.18660365045070648,0,XGBoost,5
2024-01-15,0,0.3010064661502838,0,XGBoost,5
2024-01-16,0,0.1552896946668625,0,XGBoost,5
2024-01-17,0,0.25920891761779785,0,XGBoost,5
2024-01-18,1,0.274728000164032,0,XGBoost,5
2024-01-19,0,0.2944473922252655,0,XGBoost,5
2024-01-23,0,0.29326456785202026,0,XGBoost,5
2024-01-24,0,0.25358399748802185,0,XGBoost,5
2024-01-25,0,0.19083130359649658,0,XGBoost,5
2024-01-29,0,0.03658186284913555,0,Logistic,6
2024-01-30,0,0.02506274923398064,0,Logistic,6
2024-01-31,1,0.3309550064453326,0,Logistic,6
2024-02-01,1,0.3487161008743685,0,Logistic,6
2024-02-02,0,0.3241868371990376,0,Logistic,6
2024-02-05,1,0.35308688749585665,0,Logistic,6
2024-02-06,0,0.3001620263080373,0,Logistic,6
2024-02-07,1,0.3932772640822146,0,Logistic,6
2024-02-08,0,0.3799927812825884,0,Logistic,6
2024-02-09,0,0.39520818463813523,0,Logistic,6
2024-02-12,0,0.4157518682747722,0,Logistic,6
2024-02-13,0,0.36274412865297295,0,Logistic,6
2024-02-14,0,0.4402828416800348,0,Logistic,6
2024-02-15,0,0.39023531232736103,0,Logistic,6
2024-02-16,0,0.3417180411909794,0,Logistic,6
2024-02-19,0,0.3623604645257478,0,Logistic,6
2024-02-20,0,0.35549561990507345,0,Logistic,6
2024-02-21,1,0.4288419662886285,0,Logistic,6
2024-02-22,0,0.36761900431901495,0,Logistic,6
2024-02-23,0,0.3836812422132367,0,Logistic,6
2024-02-26,1,0.4311638449363755,0,Logistic,6
2024-02-27,0,0.3807900284563346,0,Logistic,6
2024-02-28,0,0.39836663629721647,0,Logistic,6
2024-02-29,0,0.44064422239721485,0,Logistic,6
2024-03-01,0,0.4041024774726768,0,Logistic,6
2024-03-04,0,0.4411584882807418,0,Logistic,6
2024-03-05,1,0.5079720685322747,1,Logistic,6
2024-03-06,1,0.4607928901222168,0,Logistic,6
2024-03-07,0,0.4236119866117259,0,Logistic,6
2024-03-11,1,0.4308739722959263,0,Logistic,6
2024-03-12,0,0.43176085084978905,0,Logistic,6
2024-03-13,1,0.4494381473022119,0,Logistic,6
2024-03-14,0,0.4433166942479723,0,Logistic,6
2024-03-15,0,0.4495481387696347,0,Logistic,6
2024-03-18,0,0.4654330049172679,0,Logistic,6
2024-03-19,0,0.6632538773764707,1,Logistic,6
2024-03-20,0,0.5210433582152924,1,Logistic,6
2024-03-21,0,0.5018712221477548,1,Logistic,6
2024-03-22,0,0.5705508072101872,1,Logistic,6
2024-03-26,0,0.5327502782621216,1,Logistic,6
2024-03-27,1,0.5047958449981095,1,Logistic,6
2024-03-28,1,0.51877066682631,1,Logistic,6
2024-04-01,0,0.40752498287371586,0,Logistic,6
2024-04-02,1,0.4468134006648626,0,Logistic,6
2024-04-03,1,0.45600649279685457,0,Logistic,6
2024-04-04,0,0.4481573536504862,0,Logistic,6
2024-04-05,0,0.48414433439504173,0,Logistic,6
2024-04-08,0,0.48337203818544827,0,Logistic,6
2024-04-09,1,0.5225050774570082,1,Logistic,6
2024-04-10,0,0.44546937167028794,0,Logistic,6
2024-04-12,0,0.4757396999946173,0,Logistic,6
2024-04-15,0,0.1111423208809151,0,Logistic,6
2024-04-16,0,0.15423867450221243,0,Logistic,6
2024-04-18,0,0.14933535694342878,0,Logistic,6
2024-04-19,1,0.22936394984683078,0,Logistic,6
2024-04-22,0,0.21286857768552517,0,Logistic,6
2024-04-23,0,0.20524054750540538,0,Logistic,6
2024-04-24,1,0.21851746232803165,0,Logistic,6
2024-04-25,0,0.23965361781466413,0,Logistic,6
2024-04-26,1,0.2486077473979733,0,Logistic,6
2024-04-29,0,0.18562972618053827,0,Logistic,6
2024-04-30,1,0.563097308125538,1,Logistic,6
2024-05-02,0,0.5739915965970084,1,Logistic,6
2024-05-03,1,0.6008228538918878,1,Logistic,6
2024-05-06,1,0.5507715130879453,1,Logistic,6
2024-05-07,0,0.4843147728525992,0,Logistic,6
2024-05-08,0,0.5175619760540815,1,Logistic,6
2024-05-09,0,0.5481459559254325,1,Logistic,6
2024-05-10,1,0.5933939132688328,1,Logistic,6
2024-05-13,0,0.5072929365949181,1,Logistic,6
2024-05-14,0,0.49418022967904907,0,Logistic,6
2024-05-15,0,0.5260685017171186,1,Logistic,6
2024-05-16,0,0.5521369219618545,1,Logistic,6
2024-05-17,0,0.6142605654269764,1,Logistic,6
2024-05-21,0,0.5466480761730689,1,Logistic,6
2024-05-22,1,0.48799095607877374,0,Logistic,6
2024-05-23,0,0.4771951379793472,0,Logistic,6
2024-05-24,0,0.49077137759657974,0,Logistic,6
2024-05-27,0,0.5532704234978957,1,Logistic,6
2024-05-28,0,0.10382958701020095,0,Logistic,6
2024-05-29,0,0.15636576079411965,0,Logistic,6
2024-05-30,0,0.19430107031875196,0,Logistic,6
2024-05-31,1,0.47024417429932697,0,Logistic,6
2024-06-03,0,0.26444048106577184,0,Logistic,6
2024-06-04,1,0.2767159061437558,0,Logistic,6
2024-06-05,1,0.23369618510276596,0,Logistic,6
2024-06-06,1,0.19201662753488732,0,Logistic,6
2024-06-07,0,0.021150347366531146,0,Logistic,6
2024-06-10,0,0.03433018529559267,0,Logistic,6
2024-06-11,0,0.13573999231039183,0,Logistic,6
2024-06-12,1,0.2662778530031138,0,Logistic,6
2024-06-13,0,0.21761442744356735,0,Logistic,6
2024-06-14,0,0.004929045738337509,0,Logistic,6
2024-06-18,0,0.005262622387081376,0,Logistic,6
2024-06-19,0,0.00464065326161561,0,Logistic,6
2024-06-20,1,0.8313752612487484,1,Logistic,6
2024-06-21,0,8.60855574090557e-05,0,Logistic,6
2024-06-24,1,0.0004432648603236065,0,Logistic,6
2024-06-25,0,3.706817140227059e-05,0,Logistic,6
2024-06-26,1,0.4231716285939565,0,Logistic,6
2024-01-29,0,0.11296481639146805,0,XGBoost,6
2024-01-30,0,0.1397925317287445,0,XGBoost,6
2024-01-31,1,0.13563688099384308,0,XGBoost,6
2024-02-01,1,0.12823162972927094,0,XGBoost,6
2024-02-02,0,0.1562720537185669,0,XGBoost,6
2024-02-05,1,0.13702714443206787,0,XGBoost,6
2024-02-06,0,0.15357105433940887,0,XGBoost,6
2024-02-07,1,0.18692225217819214,0,XGBoost,6
2024-02-08,0,0.22548845410346985,0,XGBoost,6
2024-02-09,0,0.17769332230091095,0,XGBoost,6
2024-02-12,0,0.19011519849300385,0,XGBoost,6
2024-02-13,0,0.2117903232574463,0,XGBoost,6
2024-02-14,0,0.20362399518489838,0,XGBoost,6
2024-02-15,0,0.19013375043869019,0,XGBoost,6
2024-02-16,0,0.1898466795682907,0,XGBoost,6
2024-02-19,0,0.1524154096841812,0,XGBoost,6
2024-02-20,0,0.12923498451709747,0,XGBoost,6
2024-02-21,1,0.18242745101451874,0,XGBoost,6
2024-02-22,0,0.2001417726278305,0,XGBoost,6
2024-02-23,0,0.1742999106645584,0,XGBoost,6
2024-02-26,1,0.1968657523393631,0,XGBoost,6
2024-02-27,0,0.2198508083820343,0,XGBoost,6
2024-02-28,0,0.19263580441474915,0,XGBoost,6
2024-02-29,0,0.2601276636123657,0,XGBoost,6
2024-03-01,0,0.1277877688407898,0,XGBoost,6
2024-03-04,0,0.10822319239377975,0,XGBoost,6
2024-03-05,1,0.20003260672092438,0,XGBoost,6
2024-03-06,1,0.17827540636062622,0,XGBoost,6
2024-03-07,0,0.29660651087760925,0,XGBoost,6
2024-03-11,1,0.21491560339927673,0,XGBoost,6
2024-03-12,0,0.32753002643585205,0,XGBoost,6
2024-03-13,1,0.19630707800388336,0,XGBoost,6
2024-03-14,0,0.2986367344856262,0,XGBoost,6
2024-03-15,0,0.3058822751045227,0,XGBoost,6
2024-03-18,0,0.2485886514186859,0,XGBoost,6
2024-03-19,0,0.3797084093093872,0,XGBoost,6
2024-03-20,0,0.19030767679214478,0,XGBoost,6
2024-03-21,0,0.37010908126831055,0,XGBoost,6
2024-03-22,0,0.46331197023391724,0,XGBoost,6
2024-03-26,0,0.4394502639770508,0,XGBoost,6
2024-03-27,1,0.3362760543823242,0,XGBoost,6
2024-03-28,1,0.44649767875671387,0,XGBoost,6
2024-04-01,0,0.3305748403072357,0,XGBoost,6
2024-04-02,1,0.2883608639240265,0,XGBoost,6
2024-04-03,1,0.34738022089004517,0,XGBoost,6
2024-04-04,0,0.20007334649562836,0,XGBoost,6
2024-04-05,0,0.22981591522693634,0,XGBoost,6
2024-04-08,0,0.23571795225143433,0,XGBoost,6
2024-04-09,1,0.2721887230873108,0,XGBoost,6
2024-04-10,0,0.27836528420448303,0,XGBoost,6
2024-04-12,0,0.45048919320106506,0,XGBoost,6
2024-04-15,0,0.5186882615089417,1,XGBoost,6
2024-04-16,0,0.35537010431289673,0,XGBoost,6
2024-04-18,0,0.3437090516090393,0,XGBoost,6
2024-04-19,1,0.25046730041503906,0,XGBoost,6
2024-04-22,0,0.33698171377182007,0,XGBoost,6
2024-04-23,0,0.22510547935962677,0,XGBoost,6
2024-04-24,1,0.35741010308265686,0,XGBoost,6
2024-04-25,0,0.4246525168418884,0,XGBoost,6
2024-04-26,1,0.3957850933074951,0,XGBoost,6
2024-04-29,0,0.32829156517982483,0,XGBoost,6
2024-04-30,1,0.3036081790924072,0,XGBoost,6
2024-05-02,0,0.25887563824653625,0,XGBoost,6
2024-05-03,1,0.3399452865123749,0,XGBoost,6
2024-05-06,1,0.290306955575943,0,XGBoost,6
2024-05-07,0,0.35543009638786316,0,XGBoost,6
2024-05-08,0,0.22491145133972168,0,XGBoost,6
2024-05-09,0,0.3537158668041229,0,XGBoost,6
2024-05-10,1,0.3401466906070709,0,XGBoost,6
2024-05-13,0,0.3849104642868042,0,XGBoost,6
2024-05-14,0,0.2699010670185089,0,XGBoost,6
2024-05-15,0,0.304828405380249,0,XGBoost,6
2024-05-16,0,0.4143543839454651,0,XGBoost,6
2024-05-17,0,0.36189383268356323,0,XGBoost,6
2024-05-21,0,0.26625320315361023,0,XGBoost,6
2024-05-22,1,0.3067173659801483,0,XGBoost,6
2024-05-23,0,0.3931847810745239,0,XGBoost,6
2024-05-24,0,0.2591085731983185,0,XGBoost,6
2024-05-27,0,0.2928756773471832,0,XGBoost,6
2024-05-28,0,0.19746379554271698,0,XGBoost,6
2024-05-29,0,0.3130809962749481,0,XGBoost,6
2024-05-30,0,0.37464776635169983,0,XGBoost,6
2024-05-31,1,0.38185885548591614,0,XGBoost,6
2024-06-03,0,0.25495946407318115,0,XGBoost,6
2024-06-04,1,0.32837021350860596,0,XGBoost,6
2024-06-05,1,0.2856254279613495,0,XGBoost,6
2024-06-06,1,0.31130629777908325,0,XGBoost,6
2024-06-07,0,0.38253942131996155,0,XGBoost,6
2024-06-10,0,0.2751014232635498,0,XGBoost,6
2024-06-11,0,0.25784242153167725,0,XGBoost,6
2024-06-12,1,0.3985064923763275,0,XGBoost,6
2024-06-13,0,0.3593372404575348,0,XGBoost,6
2024-06-14,0,0.36499765515327454,0,XGBoost,6
2024-06-18,0,0.2712024748325348,0,XGBoost,6
2024-06-19,0,0.29354533553123474,0,XGBoost,6
2024-06-20,1,0.4048188626766205,0,XGBoost,6
2024-06-21,0,0.32899385690689087,0,XGBoost,6
2024-06-24,1,0.37254711985588074,0,XGBoost,6
2024-06-25,0,0.28526929020881653,0,XGBoost,6
2024-06-26,1,0.3677785396575928,0,XGBoost,6
2024-06-27,0,0.017399058370700254,0,Logistic,7
2024-06-28,1,0.25133990548975876,0,Logistic,7
2024-07-01,1,0.3380797554141043,0,Logistic,7
2024-07-02,0,0.0004064926693870637,0,Logistic,7
2024-07-03,1,0.033395334505741656,0,Logistic,7
2024-07-04,0,0.0002898274605089167,0,Logistic,7
2024-07-05,0,0.9881956805947755,1,Logistic,7
2024-07-08,0,0.4126506944981828,0,Logistic,7
2024-07-09,0,8.927203745895545e-05,0,Logistic,7
2024-07-10,0,0.0036020861262099388,0,Logistic,7
2024-07-11,1,7.658534813121243e-09,0,Logistic,7
2024-07-12,0,0.000617486679055099,0,Logistic,7
2024-07-15,0,6.305073729120121e-05,0,Logistic,7
2024-07-16,1,0.9760606013462697,1,Logistic,7
2024-07-18,0,0.6840707634840382,1,Logistic,7
2024-07-19,0,0.8469996967745853,1,Logistic,7
2024-07-22,0,0.0010845286982755775,0,Logistic,7
2024-07-23,0,0.014319216241882836,0,Logistic,7
2024-07-24,0,0.005842274507742438,0,Logistic,7
2024-07-25,1,0.6676504460148317,1,Logistic,7
2024-07-26,0,0.4432958859899542,0,Logistic,7
2024-07-29,0,0.5780340348045213,1,Logistic,7
2024-07-30,0,0.6102431417009838,1,Logistic,7
2024-07-31,0,0.5842713654991345,1,Logistic,7
2024-08-01,0,0.5869762541926782,1,Logistic,7
2024-08-02,0,0.7305953831020512,1,Logistic,7
2024-08-05,0,0.5615116659900101,1,Logistic,7
2024-08-06,0,0.4489066645677787,0,Logistic,7
2024-08-07,0,0.3867177783759338,0,Logistic,7
2024-08-08,1,0.446150826205037,0,Logistic,7
2024-08-09,0,0.000491736386417739,0,Logistic,7
2024-08-12,0,0.7268834870570935,1,Logistic,7
2024-08-13,1,0.007970959963768611,0,Logistic,7
2024-08-14,1,0.9975043919372899,1,Logistic,7
2024-08-16,1,0.18040247350833613,0,Logistic,7
2024-08-19,1,0.16053697681092677,0,Logistic,7
2024-08-20,0,0.2030395755425294,0,Logistic,7
2024-08-21,0,0.20530028514194784,0,Logistic,7
2024-08-22,0,0.22526181573290618,0,Logistic,7
2024-08-23,1,0.19601858341002176,0,Logistic,7
2024-08-26,0,0.3026544944054142,0,Logistic,7
2024-08-27,0,0.2837081904032473,0,Logistic,7
2024-08-28,0,0.33466578407637637,0,Logistic,7
2024-08-29,1,1.0739794391548368e-05,0,Logistic,7
2024-08-30,0,0.07700218138640791,0,Logistic,7
2024-09-02,0,0.0003149412313661549,0,Logistic,7
2024-09-03,0,0.9980459036574586,1,Logistic,7
2024-09-04,0,0.27507774782480665,0,Logistic,7
2024-09-05,0,0.00029292828741141696,0,Logistic,7
2024-09-06,0,0.7179067612412752,1,Logistic,7
2024-09-09,1,0.0040078568693656235,0,Logistic,7
2024-09-10,0,0.9984025908753039,1,Logistic,7
2024-09-11,1,0.18656791686455698,0,Logistic,7
2024-09-12,0,0.24865204376091024,0,Logistic,7
2024-09-13,0,0.026803568763237553,0,Logistic,7
2024-09-16,0,0.0005214730010426383,0,Logistic,7
2024-09-17,0,0.12543407988651928,0,Logistic,7
2024-09-18,0,2.996954676596386e-08,0,Logistic,7
2024-09-19,0,0.0007506710174027548,0,Logistic,7
2024-09-20,0,1.0109202183352601e-05,0,Logistic,7
2024-09-23,0,0.9934241142751844,1,Logistic,7
2024-09-24,0,0.012934911834556665,0,Logistic,7
2024-09-25,0,0.9995988446812571,1,Logistic,7
2024-09-26,0,0.007967707726494739,0,Logistic,7
2024-09-27,0,0.9776016817945465,1,Logistic,7
2024-09-30,0,0.04558362613155784,0,Logistic,7
2024-10-01,0,0.03386460126917459,0,Logistic,7
2024-10-03,0,0.001237386088092729,0,Logistic,7
2024-10-04,0,0.012203333250151265,0,Logistic,7
2024-10-07,0,0.024226649600255237,0,Logistic,7
2024-10-08,0,0.359010649213056,0,Logistic,7
2024-10-09,0,0.0004035790940728577,0,Logistic,7
2024-10-10,0,1.5241358467011776e-07,0,Logistic,7
2024-10-11,0,1.5172696581160402e-07,0,Logistic,7
2024-10-14,0,1.401496281033695e-08,0,Logistic,7
2024-10-15,0,0.022400168288342497,0,Logistic,7
2024-10-16,0,1.0600694060948771e-05,0,Logistic,7
2024-10-17,1,0.8957928117810036,1,Logistic,7
2024-10-18,0,0.9522827771952654,1,Logistic,7
2024-10-21,0,0.9981972515081813,1,Logistic,7
2024-10-22,1,0.9984517260762866,1,Logistic,7
2024-10-23,0,0.9957629700914015,1,Logistic,7
2024-10-24,0,0.025763701527539543,0,Logistic,7
2024-10-25,1,0.9067946673442604,1,Logistic,7
2024-10-28,0,0.019551056380611474,0,Logistic,7
2024-10-29,0,0.5166084430812655,1,Logistic,7
2024-10-30,0,0.5742100360032873,1,Logistic,7
2024-10-31,0,0.007725423896473023,0,Logistic,7
2024-11-01,0,0.9951069814188269,1,Logistic,7
2024-11-04,0,0.14692575113551365,0,Logistic,7
2024-11-05,1,0.12868844164982848,0,Logistic,7
2024-11-06,0,0.08051739850984091,0,Logistic,7
2024-11-07,0,0.004628833831229845,0,Logistic,7
2024-11-08,1,0.0193416392404843,0,Logistic,7
2024-11-11,0,0.018916219527834944,0,Logistic,7
2024-11-12,0,0.511633298850907,1,Logistic,7
2024-11-13,0,0.4867326687285783,0,Logistic,7
2024-11-14,0,0.5708858275190563,1,Logistic,7
2024-11-18,0,0.7844187311937502,1,Logistic,7
2024-11-19,1,0.6101623463134717,1,Logistic,7
2024-06-27,0,0.20583230257034302,0,XGBoost,7
2024-06-28,1,0.3512413203716278,0,XGBoost,7
2024-07-01,1,0.19435474276542664,0,XGBoost,7
2024-07-02,0,0.20876044034957886,0,XGBoost,7
2024-07-03,1,0.3151399493217468,0,XGBoost,7
2024-07-04,0,0.3394176959991455,0,XGBoost,7
2024-07-05,0,0.29176950454711914,0,XGBoost,7
2024-07-08,0,0.308905690908432,0,XGBoost,7
2024-07-09,0,0.2160695493221283,0,XGBoost,7
2024-07-10,0,0.3654043972492218,0,XGBoost,7
2024-07-11,1,0.3039267957210541,0,XGBoost,7
2024-07-12,0,0.12734265625476837,0,XGBoost,7
2024-07-15,0,0.13405106961727142,0,XGBoost,7
2024-07-16,1,0.13631322979927063,0,XGBoost,7
2024-07-18,0,0.11924981325864792,0,XGBoost,7
2024-07-19,0,0.1570265293121338,0,XGBoost,7
2024-07-22,0,0.15492630004882812,0,XGBoost,7
2024-07-23,0,0.17906849086284637,0,XGBoost,7
2024-07-24,0,0.17830294370651245,0,XGBoost,7
2024-07-25,1,0.1505943089723587,0,XGBoost,7
2024-07-26,0,0.17307260632514954,0,XGBoost,7
2024-07-29,0,0.1783994436264038,0,XGBoost,7
2024-07-30,0,0.19984054565429688,0,XGBoost,7
2024-07-31,0,0.19689321517944336,0,XGBoost,7
2024-08-01,0,0.1429043710231781,0,XGBoost,7
2024-08-02,0,0.1902700960636139,0,XGBoost,7
2024-08-05,0,0.20589619874954224,0,XGBoost,7
2024-08-06,0,0.1807076632976532,0,XGBoost,7
2024-08-07,0,0.1363336145877838,0,XGBoost,7
2024-08-08,1,0.2440667748451233,0,XGBoost,7
2024-08-09,0,0.15320605039596558,0,XGBoost,7
2024-08-12,0,0.2399611473083496,0,XGBoost,7
2024-08-13,1,0.22984430193901062,0,XGBoost,7
2024-08-14,1,0.21036849915981293,0,XGBoost,7
2024-08-16,1,0.16879194974899292,0,XGBoost,7
2024-08-19,1,0.2403494119644165,0,XGBoost,7
2024-08-20,0,0.2792854309082031,0,XGBoost,7
2024-08-21,0,0.2592219114303589,0,XGBoost,7
2024-08-22,0,0.28974130749702454,0,XGBoost,7
2024-08-23,1,0.2327810525894165,0,XGBoost,7
2024-08-26,0,0.2287265807390213,0,XGBoost,7
2024-08-27,0,0.18500719964504242,0,XGBoost,7
2024-08-28,0,0.2137259840965271,0,XGBoost,7
2024-08-29,1,0.21214188635349274,0,XGBoost,7
2024-08-30,0,0.1729026734828949,0,XGBoost,7
2024-09-02,0,0.25928476452827454,0,XGBoost,7
2024-09-03,0,0.24045485258102417,0,XGBoost,7
2024-09-04,0,0.2520880103111267,0,XGBoost,7
2024-09-05,0,0.18241547048091888,0,XGBoost,7
2024-09-06,0,0.19491761922836304,0,XGBoost,7
2024-09-09,1,0.15449292957782745,0,XGBoost,7
2024-09-10,0,0.2770390510559082,0,XGBoost,7
2024-09-11,1,0.23159244656562805,0,XGBoost,7
2024-09-12,0,0.3464139997959137,0,XGBoost,7
2024-09-13,0,0.3908895254135132,0,XGBoost,7
2024-09-16,0,0.32903921604156494,0,XGBoost,7
2024-09-17,0,0.33548271656036377,0,XGBoost,7
2024-09-18,0,0.34137699007987976,0,XGBoost,7
2024-09-19,0,0.3982126712799072,0,XGBoost,7
2024-09-20,0,0.32272085547447205,0,XGBoost,7
2024-09-23,0,0.25146132707595825,0,XGBoost,7
2024-09-24,0,0.3313879072666168,0,XGBoost,7
2024-09-25,0,0.36600857973098755,0,XGBoost,7
2024-09-26,0,0.4479673504829407,0,XGBoost,7
2024-09-27,0,0.32782840728759766,0,XGBoost,7
2024-09-30,0,0.39235830307006836,0,XGBoost,7
2024-10-01,0,0.33630049228668213,0,XGBoost,7
2024-10-03,0,0.5939844846725464,1,XGBoost,7
2024-10-04,0,0.5021936893463135,1,XGBoost,7
2024-10-07,0,0.4340314269065857,0,XGBoost,7
2024-10-08,0,0.4138732850551605,0,XGBoost,7
2024-10-09,0,0.358581006526947,0,XGBoost,7
2024-10-10,0,0.49092647433280945,0,XGBoost,7
2024-10-11,0,0.41958391666412354,0,XGBoost,7
2024-10-14,0,0.24337458610534668,0,XGBoost,7
2024-10-15,0,0.35379618406295776,0,XGBoost,7
2024-10-16,0,0.3008379340171814,0,XGBoost,7
2024-10-17,1,0.40826714038848877,0,XGBoost,7
2024-10-18,0,0.45343151688575745,0,XGBoost,7
2024-10-21,0,0.533059298992157,1,XGBoost,7
2024-10-22,1,0.4794182777404785,0,XGBoost,7
2024-10-23,0,0.45048367977142334,0,XGBoost,7
2024-10-24,0,0.5158764719963074,1,XGBoost,7
2024-10-25,1,0.42501282691955566,0,XGBoost,7
2024-10-28,0,0.4331594407558441,0,XGBoost,7
2024-10-29,0,0.31716224551200867,0,XGBoost,7
2024-10-30,0,0.3504123389720917,0,XGBoost,7
2024-10-31,0,0.42958009243011475,0,XGBoost,7
2024-11-01,0,0.3886791169643402,0,XGBoost,7
2024-11-04,0,0.3666779100894928,0,XGBoost,7
2024-11-05,1,0.2451511025428772,0,XGBoost,7
2024-11-06,0,0.2682095766067505,0,XGBoost,7
2024-11-07,0,0.1850401610136032,0,XGBoost,7
2024-11-08,1,0.18296346068382263,0,XGBoost,7
2024-11-11,0,0.1424061805009842,0,XGBoost,7
2024-11-12,0,0.12332882732152939,0,XGBoost,7
2024-11-13,0,0.3156944513320923,0,XGBoost,7
2024-11-14,0,0.2508912682533264,0,XGBoost,7
2024-11-18,0,0.417952299118042,0,XGBoost,7
2024-11-19,1,0.23325364291667938,0,XGBoost,7
2024-11-21,1,0.4781935806926582,0,Logistic,8
2024-11-22,1,0.3728270364886434,0,Logistic,8
2024-11-25,0,0.34971470378673986,0,Logistic,8
2024-11-26,0,0.3694537504074978,0,Logistic,8
2024-11-27,0,0.38101950893437814,0,Logistic,8
2024-11-28,0,0.48428228676396223,0,Logistic,8
2024-11-29,0,0.384566600648648,0,Logistic,8
2024-12-02,0,0.3828759965128721,0,Logistic,8
2024-12-03,1,0.40345398547348427,0,Logistic,8
2024-12-04,1,0.4482264113859995,0,Logistic,8
2024-12-05,0,0.4413051378148996,0,Logistic,8
2024-12-06,0,0.4159213068011259,0,Logistic,8
2024-12-09,0,0.3853801978407203,0,Logistic,8
2024-12-10,0,0.42559279798510535,0,Logistic,8
2024-12-11,0,0.3927533001017319,0,Logistic,8
2024-12-12,0,0.3877495410723651,0,Logistic,8
2024-12-13,0,0.1691414279058663,0,Logistic,8
2024-12-16,0,0.21643786943038865,0,Logistic,8
2024-12-17,0,0.12165034050448725,0,Logistic,8
2024-12-18,0,0.27474054875512105,0,Logistic,8
2024-12-19,0,0.23653462344571713,0,Logistic,8
2024-12-20,0,0.7020709246285471,1,Logistic,8
2024-12-23,0,0.5804919761253551,1,Logistic,8
2024-12-24,0,0.5137303810521725,1,Logistic,8
2024-12-26,0,0.5199637854222677,1,Logistic,8
2024-12-27,0,0.5186763138055606,1,Logistic,8
2024-12-30,0,0.5596976344127979,1,Logistic,8
2024-12-31,0,0.6091590457444584,1,Logistic,8
2025-01-01,1,0.522690544558737,1,Logistic,8
2025-01-02,0,0.47982156646530677,0,Logistic,8
2025-01-03,0,0.571743940042399,1,Logistic,8
2025-01-06,0,0.24755351415229887,0,Logistic,8
2025-01-07,1,0.44276255231570855,0,Logistic,8
2025-01-08,0,0.29559572541470286,0,Logistic,8
2025-01-09,1,0.0420148258653665,0,Logistic,8
2025-01-10,0,0.36941777407957205,0,Logistic,8
2025-01-13,0,0.12223147458470966,0,Logistic,8
2025-01-14,0,0.5650693543983437,1,Logistic,8
2025-01-15,0,0.13949051202787788,0,Logistic,8
2025-01-16,0,0.5419944441296444,1,Logistic,8
2025-01-17,0,0.2251923557028539,0,Logistic,8
2025-01-20,0,0.3811492749426964,0,Logistic,8
2025-01-21,1,0.4260095824974268,0,Logistic,8
2025-01-22,0,0.3251842751464826,0,Logistic,8
2025-01-23,0,0.3486182814569419,0,Logistic,8
2025-01-24,0,0.32658093590328446,0,Logistic,8
2025-01-27,0,0.3793237831439021,0,Logistic,8
2025-01-28,1,0.3887095679104902,0,Logistic,8
2025-01-29,0,0.13658530161801505,0,Logistic,8
2025-01-30,0,0.301258364884896,0,Logistic,8
2025-01-31,0,0.2419380550896832,0,Logistic,8
2025-02-01,0,0.5089639469692191,1,Logistic,8
2025-02-03,1,0.3201608198100619,0,Logistic,8
2025-02-04,0,0.36561308758442784,0,Logistic,8
2025-02-05,0,0.40041721435542255,0,Logistic,8
2025-02-06,0,0.4761748070043374,0,Logistic,8
2025-02-07,0,0.5018668948226165,1,Logistic,8
2025-02-10,0,0.15711745199071023,0,Logistic,8
2025-02-11,0,0.5204074694897534,1,Logistic,8
2025-02-12,0,0.3960536873750129,0,Logistic,8
2025-02-13,1,0.14401078023942224,0,Logistic,8
2025-02-14,0,0.3628449036653769,0,Logistic,8
2025-02-17,0,0.49021414565628946,0,Logistic,8
2025-02-18,0,0.25799233824818446,0,Logistic,8
2025-02-19,0,0.05127016553475304,0,Logistic,8
2025-02-20,0,0.16484255126186692,0,Logistic,8
2025-02-21,0,0.41966160251454726,0,Logistic,8
2025-02-24,0,0.46452802775060487,0,Logistic,8
2025-02-25,0,0.8552720148458333,1,Logistic,8
2025-02-27,0,0.6864893028779682,1,Logistic,8
2025-02-28,0,0.7907488809513439,1,Logistic,8
2025-03-03,1,0.6651857552719358,1,Logistic,8
2025-03-04,0,0.633024440496946,1,Logistic,8
2025-03-05,1,0.6045997827671952,1,Logistic,8
2025-03-06,0,0.5687222952338361,1,Logistic,8
2025-03-07,0,0.5952569523053478,1,Logistic,8
2025-03-10,0,0.5676100915563246,1,Logistic,8
2025-03-11,0,0.5741117108636308,1,Logistic,8
2025-03-12,0,0.6288764748474628,1,Logistic,8
2025-03-13,0,0.5383333735075707,1,Logistic,8
2025-03-17,0,0.5815434776636373,1,Logistic,8
2025-03-18,1,0.4853062451668139,0,Logistic,8
2025-03-20,0,0.49455761997012765,0,Logistic,8
2025-03-21,1,0.5627220072857849,1,Logistic,8
2025-03-24,1,0.4476547123059943,0,Logistic,8
2025-03-25,0,0.4846431025478553,0,Logistic,8
2025-03-26,0,0.0235440186749732,0,Logistic,8
2025-03-27,0,0.2032027325973502,0,Logistic,8
2025-03-28,0,0.10809430828622626,0,Logistic,8
2025-04-01,0,0.3840450169816265,0,Logistic,8
2025-04-02,0,0.626931833921867,1,Logistic,8
2025-04-03,0,0.6876636870710419,1,Logistic,8
2025-04-04,0,0.6928460849210184,1,Logistic,8
2025-04-07,0,0.782343143665712,1,Logistic,8
2025-04-08,0,0.664231189941058,1,Logistic,8
2025-04-09,0,0.6300078713449351,1,Logistic,8
2025-04-11,0,0.7423242071194495,1,Logistic,8
2025-04-15,1,0.7170754818014268,1,Logistic,8
2025-04-16,1,0.6971500949443412,1,Logistic,8
2025-04-17,0,0.6892871107808235,1,Logistic,8
2024-11-21,1,0.25688299536705017,0,XGBoost,8
2024-11-22,1,0.12638023495674133,0,XGBoost,8
2024-11-25,0,0.09890218824148178,0,XGBoost,8
2024-11-26,0,0.09075527638196945,0,XGBoost,8
2024-11-27,0,0.09202473610639572,0,XGBoost,8
2024-11-28,0,0.15905241668224335,0,XGBoost,8
2024-11-29,0,0.15237051248550415,0,XGBoost,8
2024-12-02,0,0.17142353951931,0,XGBoost,8
2024-12-03,1,0.1753735989332199,0,XGBoost,8
2024-12-04,1,0.26583483815193176,0,XGBoost,8
2024-12-05,0,0.1334446221590042,0,XGBoost,8
2024-12-06,0,0.16119284927845,0,XGBoost,8
2024-12-09,0,0.13964422047138214,0,XGBoost,8
2024-12-10,0,0.20516091585159302,0,XGBoost,8
2024-12-11,0,0.13176491856575012,0,XGBoost,8
2024-12-12,0,0.15307599306106567,0,XGBoost,8
2024-12-13,0,0.2074066400527954,0,XGBoost,8
2024-12-16,0,0.2840973734855652,0,XGBoost,8
2024-12-17,0,0.27402934432029724,0,XGBoost,8
2024-12-18,0,0.23485107719898224,0,XGBoost,8
2024-12-19,0,0.257571280002594,0,XGBoost,8
2024-12-20,0,0.31312137842178345,0,XGBoost,8
2024-12-23,0,0.24185965955257416,0,XGBoost,8
2024-12-24,0,0.20813024044036865,0,XGBoost,8
2024-12-26,0,0.1517009139060974,0,XGBoost,8
2024-12-27,0,0.2025504857301712,0,XGBoost,8
2024-12-30,0,0.2385314702987671,0,XGBoost,8
2024-12-31,0,0.2883637845516205,0,XGBoost,8
2025-01-01,1,0.2170250564813614,0,XGBoost,8
2025-01-02,0,0.19819505512714386,0,XGBoost,8
2025-01-03,0,0.25287458300590515,0,XGBoost,8
2025-01-06,0,0.19936853647232056,0,XGBoost,8
2025-01-07,1,0.26209649443626404,0,XGBoost,8
2025-01-08,0,0.18405713140964508,0,XGBoost,8
2025-01-09,1,0.2074398398399353,0,XGBoost,8
2025-01-10,0,0.1126541718840599,0,XGBoost,8
2025-01-13,0,0.14669393002986908,0,XGBoost,8
2025-01-14,0,0.12352042645215988,0,XGBoost,8
2025-01-15,0,0.11003676801919937,0,XGBoost,8
2025-01-16,0,0.1593782603740692,0,XGBoost,8
2025-01-17,0,0.19867448508739471,0,XGBoost,8
2025-01-20,0,0.2796114981174469,0,XGBoost,8
2025-01-21,1,0.24130524694919586,0,XGBoost,8
2025-01-22,0,0.14059880375862122,0,XGBoost,8
2025-01-23,0,0.11106953024864197,0,XGBoost,8
2025-01-24,0,0.1748979687690735,0,XGBoost,8
2025-01-27,0,0.2483149617910385,0,XGBoost,8
2025-01-28,1,0.23456622660160065,0,XGBoost,8
2025-01-29,0,0.16563495993614197,0,XGBoost,8
2025-01-30,0,0.15101931989192963,0,XGBoost,8
2025-01-31,0,0.12365318089723587,0,XGBoost,8
2025-02-01,0,0.26099321246147156,0,XGBoost,8
2025-02-03,1,0.18506786227226257,0,XGBoost,8
2025-02-04,0,0.13825593888759613,0,XGBoost,8
2025-02-05,0,0.1731317937374115,0,XGBoost,8
2025-02-06,0,0.2350575476884842,0,XGBoost,8
2025-02-07,0,0.3860800266265869,0,XGBoost,8
2025-02-10,0,0.23668530583381653,0,XGBoost,8
2025-02-11,0,0.2492254078388214,0,XGBoost,8
2025-02-12,0,0.19933994114398956,0,XGBoost,8
2025-02-13,1,0.2828351855278015,0,XGBoost,8
2025-02-14,0,0.19256240129470825,0,XGBoost,8
2025-02-17,0,0.30776169896125793,0,XGBoost,8
2025-02-18,0,0.3011203706264496,0,XGBoost,8
2025-02-19,0,0.4477737545967102,0,XGBoost,8
2025-02-20,0,0.3691543936729431,0,XGBoost,8
2025-02-21,0,0.30638572573661804,0,XGBoost,8
2025-02-24,0,0.3935949206352234,0,XGBoost,8
2025-02-25,0,0.48772984743118286,0,XGBoost,8
2025-02-27,0,0.3849276900291443,0,XGBoost,8
2025-02-28,0,0.45179545879364014,0,XGBoost,8
2025-03-03,1,0.4281668961048126,0,XGBoost,8
2025-03-04,0,0.47386133670806885,0,XGBoost,8
2025-03-05,1,0.3842862546443939,0,XGBoost,8
2025-03-06,0,0.3741667866706848,0,XGBoost,8
2025-03-07,0,0.23876230418682098,0,XGBoost,8
2025-03-10,0,0.3347100019454956,0,XGBoost,8
2025-03-11,0,0.29971835017204285,0,XGBoost,8
2025-03-12,0,0.42973223328590393,0,XGBoost,8
2025-03-13,0,0.34406986832618713,0,XGBoost,8
2025-03-17,0,0.3495853543281555,0,XGBoost,8
2025-03-18,1,0.4401502013206482,0,XGBoost,8
2025-03-20,0,0.3757390081882477,0,XGBoost,8
2025-03-21,1,0.4485971927642822,0,XGBoost,8
2025-03-24,1,0.27666857838630676,0,XGBoost,8
2025-03-25,0,0.23705317080020905,0,XGBoost,8
2025-03-26,0,0.2783399522304535,0,XGBoost,8
2025-03-27,0,0.3062404692173004,0,XGBoost,8
2025-03-28,0,0.46863287687301636,0,XGBoost,8
2025-04-01,0,0.31901609897613525,0,XGBoost,8
2025-04-02,0,0.33690568804740906,0,XGBoost,8
2025-04-03,0,0.3943711817264557,0,XGBoost,8
2025-04-04,0,0.45551344752311707,0,XGBoost,8
2025-04-07,0,0.47710472345352173,0,XGBoost,8
2025-04-08,0,0.43719321489334106,0,XGBoost,8
2025-04-09,0,0.42225387692451477,0,XGBoost,8
2025-04-11,0,0.5011472702026367,1,XGBoost,8
2025-04-15,1,0.5002700090408325,1,XGBoost,8
2025-04-16,1,0.3821418285369873,0,XGBoost,8
2025-04-17,0,0.43646764755249023,0,XGBoost,8
2025-04-21,0,0.6113700330218048,1,Logistic,9
2025-04-22,1,0.6252044674254429,1,Logistic,9
2025-04-23,0,0.609108201063854,1,Logistic,9
2025-04-24,1,0.5559482029021624,1,Logistic,9
2025-04-25,0,0.5297234872487327,1,Logistic,9
2025-04-28,1,0.49613021100605215,0,Logistic,9
2025-04-29,0,0.48472311764261067,0,Logistic,9
2025-04-30,0,0.48393084813969556,0,Logistic,9
2025-05-02,0,0.4736510918503594,0,Logistic,9
2025-05-05,0,0.4314858000634156,0,Logistic,9
2025-05-06,0,0.4172988928260436,0,Logistic,9
2025-05-07,0,0.5110009746971647,1,Logistic,9
2025-05-08,0,0.5646090640364073,1,Logistic,9
2025-05-09,1,0.6086809764005177,1,Logistic,9
2025-05-12,0,0.4375633546438507,0,Logistic,9
2025-05-13,1,0.4862043637945786,0,Logistic,9
2025-05-14,1,0.45456196098177903,0,Logistic,9
2025-05-15,0,0.10553855203127466,0,Logistic,9
2025-05-16,0,0.4220931558418028,0,Logistic,9
2025-05-19,0,0.2930983374917972,0,Logistic,9
2025-05-20,0,0.6356545107524803,1,Logistic,9
2025-05-21,0,0.36608452810724995,0,Logistic,9
2025-05-22,1,0.43188685287987155,0,Logistic,9
2025-05-23,0,0.43152846742338674,0,Logistic,9
2025-05-26,0,0.3370018787162473,0,Logistic,9
2025-05-27,0,0.4173580479219885,0,Logistic,9
2025-05-28,0,0.037276054406649904,0,Logistic,9
2025-05-29,0,0.12061385306260257,0,Logistic,9
2025-05-30,0,0.1446550080908655,0,Logistic,9
2025-06-02,0,0.3483764587181481,0,Logistic,9
2025-06-03,0,0.45300496945266916,0,Logistic,9
2025-06-04,0,0.42934086328256366,0,Logistic,9
2025-06-05,0,0.45930800681520095,0,Logistic,9
2025-06-06,1,0.4220448116384697,0,Logistic,9
2025-06-09,1,0.4548396572722894,0,Logistic,9
2025-06-10,0,0.5350433293674718,1,Logistic,9
2025-06-11,0,0.555992051821652,1,Logistic,9
2025-06-12,0,0.5814404390643003,1,Logistic,9
2025-06-13,1,0.5744189260031047,1,Logistic,9
2025-06-16,1,0.5445813780007803,1,Logistic,9
2025-06-17,0,0.5196694590644452,1,Logistic,9
2025-06-18,0,0.5667565188594318,1,Logistic,9
2025-06-19,0,0.591194648626514,1,Logistic,9
2025-06-20,0,0.5814805537405483,1,Logistic,9
2025-06-23,0,0.5705685629739348,1,Logistic,9
2025-06-24,1,0.5638502285000815,1,Logistic,9
2025-06-25,0,0.5348252282356922,1,Logistic,9
2025-06-26,0,0.5638432143250909,1,Logistic,9
2025-06-27,1,0.5523118376511925,1,Logistic,9
2025-06-30,0,0.5477302502971612,1,Logistic,9
2025-07-01,0,0.5958925562579915,1,Logistic,9
2025-07-02,0,0.6039482694098217,1,Logistic,9
2025-07-03,1,0.6002900388636899,1,Logistic,9
2025-07-04,0,0.567735519031971,1,Logistic,9
2025-07-07,0,0.5707861642981774,1,Logistic,9
2025-07-08,0,0.5898482684331998,1,Logistic,9
2025-07-09,0,0.2826259870227637,0,Logistic,9
2025-07-10,0,0.00596574632903423,0,Logistic,9
2025-07-11,0,0.1978458174800995,0,Logistic,9
2025-07-14,1,0.37559226783224725,0,Logistic,9
2025-07-15,0,0.3988698793016587,0,Logistic,9
2025-07-16,0,0.650016513963474,1,Logistic,9
2025-07-17,0,0.6128119848467216,1,Logistic,9
2025-07-18,0,0.647415391804048,1,Logistic,9
2025-07-21,0,0.6790313448303215,1,Logistic,9
2025-07-22,1,0.633589480061124,1,Logistic,9
2025-07-23,0,0.6274501693098653,1,Logistic,9
2025-07-24,0,0.6436466186523294,1,Logistic,9
2025-07-25,0,0.667271065470968,1,Logistic,9
2025-07-28,0,0.41609459521243064,0,Logistic,9
2025-07-29,0,0.00387436109767675,0,Logistic,9
2025-07-30,0,0.18621217274238303,0,Logistic,9
2025-07-31,0,0.4097159461759357,0,Logistic,9
2025-08-01,1,0.45913519244717615,0,Logistic,9
2025-08-04,0,0.690920018148754,1,Logistic,9
2025-08-05,0,0.5783835264518933,1,Logistic,9
2025-08-06,0,0.5650968787931397,1,Logistic,9
2025-08-07,0,0.571792800286025,1,Logistic,9
2025-08-08,0,0.6411870163138688,1,Logistic,9
2025-08-11,0,0.62671745166262,1,Logistic,9
2025-08-12,0,0.6751722893936328,1,Logistic,9
2025-08-13,0,0.6537683833183892,1,Logistic,9
2025-08-14,0,0.6716684745547203,1,Logistic,9
2025-08-18,0,0.6893229263684355,1,Logistic,9
2025-08-19,1,0.6391074177835537,1,Logistic,9
2025-08-20,0,0.6453504230401553,1,Logistic,9
2025-08-21,0,0.6118153069460861,1,Logistic,9
2025-08-22,1,0.6094775621484679,1,Logistic,9
2025-08-25,0,0.6149526986166747,1,Logistic,9
2025-08-26,0,0.6492529367897449,1,Logistic,9
2025-08-28,0,0.39192796836109395,0,Logistic,9
2025-08-29,1,0.507291243618232,1,Logistic,9
2025-09-01,0,0.1268531848074425,0,Logistic,9
2025-09-02,0,0.39262828160963686,0,Logistic,9
2025-09-03,0,0.2584277992422222,0,Logistic,9
2025-09-04,0,0.522838368857332,1,Logistic,9
2025-09-05,0,0.3971600823798739,0,Logistic,9
2025-09-08,1,0.4062494689227126,0,Logistic,9
2025-09-09,1,0.19047361080669117,0,Logistic,9
2025-09-10,0,0.24513478586173257,0,Logistic,9
2025-04-21,0,0.38102325797080994,0,XGBoost,9
2025-04-22,1,0.2456420212984085,0,XGBoost,9
2025-04-23,0,0.21963869035243988,0,XGBoost,9
2025-04-24,1,0.22766424715518951,0,XGBoost,9
2025-04-25,0,0.23621508479118347,0,XGBoost,9
2025-04-28,1,0.2029411792755127,0,XGBoost,9
2025-04-29,0,0.10950390249490738,0,XGBoost,9
2025-04-30,0,0.19673661887645721,0,XGBoost,9
2025-05-02,0,0.24434004724025726,0,XGBoost,9
2025-05-05,0,0.14701680839061737,0,XGBoost,9
2025-05-06,0,0.12160761654376984,0,XGBoost,9
2025-05-07,0,0.15887802839279175,0,XGBoost,9
2025-05-08,0,0.26722732186317444,0,XGBoost,9
2025-05-09,1,0.27992627024650574,0,XGBoost,9
2025-05-12,0,0.1377042829990387,0,XGBoost,9
2025-05-13,1,0.23164889216423035,0,XGBoost,9
2025-05-14,1,0.20437166094779968,0,XGBoost,9
2025-05-15,0,0.14901021122932434,0,XGBoost,9
2025-05-16,0,0.11378281563520432,0,XGBoost,9
2025-05-19,0,0.22881565988063812,0,XGBoost,9
2025-05-20,0,0.3133378326892853,0,XGBoost,9
2025-05-21,0,0.19553430378437042,0,XGBoost,9
2025-05-22,1,0.21324114501476288,0,XGBoost,9
2025-05-23,0,0.31782323122024536,0,XGBoost,9
2025-05-26,0,0.19106553494930267,0,XGBoost,9
2025-05-27,0,0.2716594636440277,0,XGBoost,9
2025-05-28,0,0.12995654344558716,0,XGBoost,9
2025-05-29,0,0.20381276309490204,0,XGBoost,9
2025-05-30,0,0.19788791239261627,0,XGBoost,9
2025-06-02,0,0.172611266374588,0,XGBoost,9
2025-06-03,0,0.3690243363380432,0,XGBoost,9
2025-06-04,0,0.2697928249835968,0,XGBoost,9
2025-06-05,0,0.24729429185390472,0,XGBoost,9
2025-06-06,1,0.28206345438957214,0,XGBoost,9
2025-06-09,1,0.2080143839120865,0,XGBoost,9
2025-06-10,0,0.304935485124588,0,XGBoost,9
2025-06-11,0,0.24104541540145874,0,XGBoost,9
2025-06-12,0,0.3145087957382202,0,XGBoost,9
2025-06-13,1,0.31014174222946167,0,XGBoost,9
2025-06-16,1,0.3471885919570923,0,XGBoost,9
2025-06-17,0,0.35717707872390747,0,XGBoost,9
2025-06-18,0,0.328294038772583,0,XGBoost,9
2025-06-19,0,0.24902108311653137,0,XGBoost,9
2025-06-20,0,0.28091591596603394,0,XGBoost,9
2025-06-23,0,0.3261680603027344,0,XGBoost,9
2025-06-24,1,0.30832988023757935,0,XGBoost,9
2025-06-25,0,0.31848496198654175,0,XGBoost,9
2025-06-26,0,0.32224324345588684,0,XGBoost,9
2025-06-27,1,0.2743803560733795,0,XGBoost,9
2025-06-30,0,0.29990673065185547,0,XGBoost,9
2025-07-01,0,0.43912073969841003,0,XGBoost,9
2025-07-02,0,0.3965694010257721,0,XGBoost,9
2025-07-03,1,0.2818647623062134,0,XGBoost,9
2025-07-04,0,0.3654335141181946,0,XGBoost,9
2025-07-07,0,0.4002186954021454,0,XGBoost,9
2025-07-08,0,0.3970949351787567,0,XGBoost,9
2025-07-09,0,0.27368128299713135,0,XGBoost,9
2025-07-10,0,0.2875514030456543,0,XGBoost,9
2025-07-11,0,0.3200090229511261,0,XGBoost,9
2025-07-14,1,0.40093711018562317,0,XGBoost,9
2025-07-15,0,0.3773796260356903,0,XGBoost,9
2025-07-16,0,0.40213829278945923,0,XGBoost,9
2025-07-17,0,0.35185185074806213,0,XGBoost,9
2025-07-18,0,0.3751681447029114,0,XGBoost,9
2025-07-21,0,0.4047650098800659,0,XGBoost,9
2025-07-22,1,0.4892054796218872,0,XGBoost,9
2025-07-23,0,0.5005228519439697,1,XGBoost,9
2025-07-24,0,0.38155338168144226,0,XGBoost,9
2025-07-25,0,0.43115177750587463,0,XGBoost,9
2025-07-28,0,0.33517539501190186,0,XGBoost,9
2025-07-29,0,0.4264070689678192,0,XGBoost,9
2025-07-30,0,0.4257594048976898,0,XGBoost,9
2025-07-31,0,0.3113308846950531,0,XGBoost,9
2025-08-01,1,0.417339026927948,0,XGBoost,9
2025-08-04,0,0.3167777359485626,0,XGBoost,9
2025-08-05,0,0.322572261095047,0,XGBoost,9
2025-08-06,0,0.3483786880970001,0,XGBoost,9
2025-08-07,0,0.30569618940353394,0,XGBoost,9
2025-08-08,0,0.3247968256473541,0,XGBoost,9
2025-08-11,0,0.4726991653442383,0,XGBoost,9
2025-08-12,0,0.3937787711620331,0,XGBoost,9
2025-08-13,0,0.5008338093757629,1,XGBoost,9
2025-08-14,0,0.41711297631263733,0,XGBoost,9
2025-08-18,0,0.3534872233867645,0,XGBoost,9
2025-08-19,1,0.4763928949832916,0,XGBoost,9
2025-08-20,0,0.4432971775531769,0,XGBoost,9
2025-08-21,0,0.4806300401687622,0,XGBoost,9
2025-08-22,1,0.37981417775154114,0,XGBoost,9
2025-08-25,0,0.32887232303619385,0,XGBoost,9
2025-08-26,0,0.34220460057258606,0,XGBoost,9
2025-08-28,0,0.38689374923706055,0,XGBoost,9
2025-08-29,1,0.30935925245285034,0,XGBoost,9
2025-09-01,0,0.35940223932266235,0,XGBoost,9
2025-09-02,0,0.377922922372818,0,XGBoost,9
2025-09-03,0,0.2894323170185089,0,XGBoost,9
2025-09-04,0,0.3999415338039398,0,XGBoost,9
2025-09-05,0,0.3909786343574524,0,XGBoost,9
2025-09-08,1,0.3216244578361511,0,XGBoost,9
2025-09-09,1,0.3204972743988037,0,XGBoost,9
2025-09-10,0,0.4061702489852905,0,XGBoost,9
2025-09-11,0,0.18150677941972196,0,Logistic,10
2025-09-12,0,0.4290541083432645,0,Logistic,10
2025-09-15,1,0.1837440987988361,0,Logistic,10
2025-09-16,1,0.08254873422937332,0,Logistic,10
2025-09-17,0,0.10324688285594981,0,Logistic,10
2025-09-18,0,0.16337694035233993,0,Logistic,10
2025-09-19,0,0.02867285913088744,0,Logistic,10
2025-09-22,0,0.14128860933804765,0,Logistic,10
2025-09-23,0,0.09446474051729856,0,Logistic,10
2025-09-24,0,0.187172736464619,0,Logistic,10
2025-09-25,0,0.000864664957092217,0,Logistic,10
2025-09-26,0,0.25458970917357443,0,Logistic,10
2025-09-29,0,0.4811922258127922,0,Logistic,10
2025-09-30,1,0.5105427429482106,1,Logistic,10
2025-10-01,0,0.5321049423650073,1,Logistic,10
2025-10-03,1,0.47995102108972443,0,Logistic,10
2025-10-06,0,0.45376345999941137,0,Logistic,10
2025-10-07,1,0.5115185991706983,1,Logistic,10
2025-10-08,1,0.48916235408058173,0,Logistic,10
2025-10-09,0,0.9999286787622638,1,Logistic,10
2025-10-10,0,0.001284381436411765,0,Logistic,10
2025-10-13,0,4.7361796311222885e-07,0,Logistic,10
2025-10-14,0,0.000448804110342777,0,Logistic,10
2025-10-15,0,0.001028820000527662,0,Logistic,10
2025-10-16,0,0.003644696148417273,0,Logistic,10
2025-10-17,1,0.03975129600009935,0,Logistic,10
2025-10-20,0,0.06703599623903843,0,Logistic,10
2025-10-21,1,0.2023421240019364,0,Logistic,10
2025-10-23,0,0.025411361264631536,0,Logistic,10
2025-10-24,1,0.15366742158972477,0,Logistic,10
2025-10-27,0,0.010113977798278932,0,Logistic,10
2025-10-28,0,0.16837075464565926,0,Logistic,10
2025-10-29,0,0.35428436525484214,0,Logistic,10
2025-10-30,1,0.47062201232221623,0,Logistic,10
2025-10-31,0,0.5610714157690053,1,Logistic,10
2025-11-03,0,0.5051887827199222,1,Logistic,10
2025-11-04,1,0.8824985555714997,1,Logistic,10
2025-11-06,0,0.18774987714278743,0,Logistic,10
2025-11-07,1,0.049405260867584275,0,Logistic,10
2025-11-10,1,0.4122707834754933,0,Logistic,10
2025-11-11,1,0.3632453333152072,0,Logistic,10
2025-11-12,0,0.0024509341468980286,0,Logistic,10
2025-11-13,0,0.021257126445972586,0,Logistic,10
2025-11-14,0,0.3727282624910443,0,Logistic,10
2025-11-17,0,0.42906006659622203,0,Logistic,10
2025-11-18,1,0.5705665161512524,1,Logistic,10
2025-11-19,0,0.0022591117650933037,0,Logistic,10
2025-11-20,0,0.08519529298664864,0,Logistic,10
2025-11-21,0,0.0697552342773858,0,Logistic,10
2025-11-24,0,0.00867821999177807,0,Logistic,10
2025-11-25,1,0.011964586846009588,0,Logistic,10
2025-11-26,0,0.06298168117844222,0,Logistic,10
2025-11-27,0,0.0035334256562118637,0,Logistic,10
2025-11-28,0,0.13139717064433099,0,Logistic,10
2025-12-01,0,0.055911780480453574,0,Logistic,10
2025-12-02,1,0.0017138993159367653,0,Logistic,10
2025-12-03,1,0.044195146252098604,0,Logistic,10
2025-12-04,0,0.6920692175316319,1,Logistic,10
2025-12-05,0,0.012055944116567251,0,Logistic,10
2025-12-08,0,0.0560292646924047,0,Logistic,10
2025-12-09,0,0.3274022401301015,0,Logistic,10
2025-12-10,0,0.10961247912067061,0,Logistic,10
2025-12-11,1,0.7801707128245879,1,Logistic,10
2025-12-12,0,0.025448228407498993,0,Logistic,10
2025-12-15,0,0.0378698901932811,0,Logistic,10
2025-12-16,0,0.14104237447730608,0,Logistic,10
2025-12-17,1,0.9188175755273871,1,Logistic,10
2025-12-18,0,0.024529902318913173,0,Logistic,10
2025-12-19,1,0.000569054986134482,0,Logistic,10
2025-12-22,0,0.020920179738406222,0,Logistic,10
2025-12-23,0,0.04053931731498352,0,Logistic,10
2025-12-24,0,0.19039636099105076,0,Logistic,10
2025-12-26,0,0.25294729764427226,0,Logistic,10
2025-12-29,0,0.39965921778693136,0,Logistic,10
2025-12-30,0,0.395026802203815,0,Logistic,10
2025-12-31,1,0.020645069355538684,0,Logistic,10
2026-01-01,1,0.00021817228821846609,0,Logistic,10
2026-01-02,0,0.04881907635173923,0,Logistic,10
2026-01-05,1,0.3135344477386313,0,Logistic,10
2026-01-06,1,0.4094509943953064,0,Logistic,10
2026-01-07,0,0.474512292616355,0,Logistic,10
2026-01-08,0,0.45543247126073755,0,Logistic,10
2026-01-09,1,0.401074349883182,0,Logistic,10
2026-01-12,1,0.40029558693957795,0,Logistic,10
2026-01-13,0,0.0006658322702577356,0,Logistic,10
2026-01-14,0,0.003785481947949074,0,Logistic,10
2026-01-15,0,0.12504398960277907,0,Logistic,10
2026-01-19,0,0.4222364973120873,0,Logistic,10
2026-01-20,1,0.3571359041315865,0,Logistic,10
2026-01-21,1,0.4164977739922054,0,Logistic,10
2026-01-22,0,0.403026801789448,0,Logistic,10
2026-01-23,0,0.38687883304907467,0,Logistic,10
2026-01-27,1,0.05759954370489127,0,Logistic,10
2026-01-28,0,0.2100670466699503,0,Logistic,10
2026-01-29,0,0.006120592741112316,0,Logistic,10
2026-01-30,1,0.18423446593907938,0,Logistic,10
2026-02-02,1,0.30166536606243105,0,Logistic,10
2026-02-03,0,0.41382627474284595,0,Logistic,10
2026-02-04,0,0.5997476233511437,1,Logistic,10
2026-02-05,0,0.4418983084840083,0,Logistic,10
2025-09-11,0,0.27907615900039673,0,XGBoost,10
2025-09-12,0,0.3727496564388275,0,XGBoost,10
2025-09-15,1,0.23630903661251068,0,XGBoost,10
2025-09-16,1,0.27421459555625916,0,XGBoost,10
2025-09-17,0,0.20860500633716583,0,XGBoost,10
2025-09-18,0,0.17269176244735718,0,XGBoost,10
2025-09-19,0,0.24364931881427765,0,XGBoost,10
2025-09-22,0,0.2899787425994873,0,XGBoost,10
2025-09-23,0,0.31897100806236267,0,XGBoost,10
2025-09-24,0,0.33725738525390625,0,XGBoost,10
2025-09-25,0,0.24302847683429718,0,XGBoost,10
2025-09-26,0,0.3783639073371887,0,XGBoost,10
2025-09-29,0,0.28770703077316284,0,XGBoost,10
2025-09-30,1,0.3630560040473938,0,XGBoost,10
2025-10-01,0,0.3430081605911255,0,XGBoost,10
2025-10-03,1,0.29329851269721985,0,XGBoost,10
2025-10-06,0,0.27716243267059326,0,XGBoost,10
2025-10-07,1,0.2276841700077057,0,XGBoost,10
2025-10-08,1,0.20387150347232819,0,XGBoost,10
2025-10-09,0,0.16783446073532104,0,XGBoost,10
2025-10-10,0,0.17831654846668243,0,XGBoost,10
2025-10-13,0,0.27921050786972046,0,XGBoost,10
2025-10-14,0,0.28208521008491516,0,XGBoost,10
2025-10-15,0,0.2859243154525757,0,XGBoost,10
2025-10-16,0,0.3654274642467499,0,XGBoost,10
2025-10-17,1,0.2822844386100769,0,XGBoost,10
2025-10-20,0,0.2316841334104538,0,XGBoost,10
2025-10-21,1,0.31792083382606506,0,XGBoost,10
2025-10-23,0,0.22367431223392487,0,XGBoost,10
2025-10-24,1,0.2660945951938629,0,XGBoost,10
2025-10-27,0,0.2338595688343048,0,XGBoost,10
2025-10-28,0,0.3240436613559723,0,XGBoost,10
2025-10-29,0,0.37093380093574524,0,XGBoost,10
2025-10-30,1,0.3747875690460205,0,XGBoost,10
2025-10-31,0,0.35163614153862,0,XGBoost,10
2025-11-03,0,0.3282330334186554,0,XGBoost,10
2025-11-04,1,0.3202105462551117,0,XGBoost,10
2025-11-06,0,0.2906672954559326,0,XGBoost,10
2025-11-07,1,0.28929460048675537,0,XGBoost,10
2025-11-10,1,0.27405640482902527,0,XGBoost,10
2025-11-11,1,0.2991080582141876,0,XGBoost,10
2025-11-12,0,0.16437184810638428,0,XGBoost,10
2025-11-13,0,0.33906325697898865,0,XGBoost,10
2025-11-14,0,0.2776964008808136,0,XGBoost,10
2025-11-17,0,0.36443623900413513,0,XGBoost,10
2025-11-18,1,0.3305634558200836,0,XGBoost,10
2025-11-19,0,0.2740127742290497,0,XGBoost,10
2025-11-20,0,0.28940001130104065,0,XGBoost,10
2025-11-21,0,0.33647945523262024,0,XGBoost,10
2025-11-24,0,0.2534725069999695,0,XGBoost,10
2025-11-25,1,0.28184399008750916,0,XGBoost,10
2025-11-26,0,0.30745142698287964,0,XGBoost,10
2025-11-27,0,0.2896580398082733,0,XGBoost,10
2025-11-28,0,0.3323851227760315,0,XGBoost,10
2025-12-01,0,0.27665284276008606,0,XGBoost,10
2025-12-02,1,0.28970766067504883,0,XGBoost,10
2025-12-03,1,0.3252302408218384,0,XGBoost,10
2025-12-04,0,0.3098757565021515,0,XGBoost,10
2025-12-05,0,0.29805898666381836,0,XGBoost,10
2025-12-08,0,0.2687753736972809,0,XGBoost,10
2025-12-09,0,0.3905514180660248,0,XGBoost,10
2025-12-10,0,0.2802238464355469,0,XGBoost,10
2025-12-11,1,0.2239239364862442,0,XGBoost,10
2025-12-12,0,0.24009433388710022,0,XGBoost,10
2025-12-15,0,0.2357551008462906,0,XGBoost,10
2025-12-16,0,0.23687224090099335,0,XGBoost,10
2025-12-17,1,0.3072417676448822,0,XGBoost,10
2025-12-18,0,0.2833245098590851,0,XGBoost,10
2025-12-19,1,0.27995365858078003,0,XGBoost,10
2025-12-22,0,0.23294834792613983,0,XGBoost,10
2025-12-23,0,0.21352164447307587,0,XGBoost,10
2025-12-24,0,0.3421866297721863,0,XGBoost,10
2025-12-26,0,0.189218670129776,0,XGBoost,10
2025-12-29,0,0.25378474593162537,0,XGBoost,10
2025-12-30,0,0.23516066372394562,0,XGBoost,10
2025-12-31,1,0.19902677834033966,0,XGBoost,10
2026-01-01,1,0.2291731983423233,0,XGBoost,10
2026-01-02,0,0.15574289858341217,0,XGBoost,10
2026-01-05,1,0.24072246253490448,0,XGBoost,10
2026-01-06,1,0.275979608297348,0,XGBoost,10
2026-01-07,0,0.32341268658638,0,XGBoost,10
2026-01-08,0,0.3213239014148712,0,XGBoost,10
2026-01-09,1,0.3032047748565674,0,XGBoost,10
2026-01-12,1,0.19760935008525848,0,XGBoost,10
2026-01-13,0,0.19715739786624908,0,XGBoost,10
2026-01-14,0,0.25324591994285583,0,XGBoost,10
2026-01-15,0,0.326610803604126,0,XGBoost,10
2026-01-19,0,0.35835912823677063,0,XGBoost,10
2026-01-20,1,0.3833381235599518,0,XGBoost,10
2026-01-21,1,0.39606961607933044,0,XGBoost,10
2026-01-22,0,0.3684576153755188,0,XGBoost,10
2026-01-23,0,0.30993786454200745,0,XGBoost,10
2026-01-27,1,0.2665482759475708,0,XGBoost,10
2026-01-28,0,0.2876192629337311,0,XGBoost,10
2026-01-29,0,0.30662089586257935,0,XGBoost,10
2026-01-30,1,0.24961623549461365,0,XGBoost,10
2026-02-02,1,0.3300797939300537,0,XGBoost,10
2026-02-03,0,0.3953331708908081,0,XGBoost,10
2026-02-04,0,0.3039218485355377,0,XGBoost,10
2026-02-05,0,0.22908668220043182,0,XGBoost,10
2026-02-06,0,0.626939702155632,1,Logistic,11
2026-02-09,1,0.6085558418256485,1,Logistic,11
2026-02-10,0,0.40398192431893115,0,Logistic,11
2026-02-11,0,0.6269234943055385,1,Logistic,11
2026-02-12,0,0.16425125483827674,0,Logistic,11
2026-02-13,0,0.477552165259814,0,Logistic,11
2026-02-16,0,0.4512250842493241,0,Logistic,11
2026-02-17,0,0.43940441348425446,0,Logistic,11
2026-02-18,0,0.5787202120072201,1,Logistic,11
2026-02-19,0,0.6420873792391856,1,Logistic,11
2026-02-20,0,0.6428369475730078,1,Logistic,11
2026-02-23,0,0.6108985405113103,1,Logistic,11
2026-02-24,1,0.5457536900805948,1,Logistic,11
2026-02-25,0,0.46511303107082597,0,Logistic,11
2026-02-26,0,0.45716270733521336,0,Logistic,11
2026-02-27,0,0.4489962653507263,0,Logistic,11
2026-03-02,0,0.4824684057880576,0,Logistic,11
2026-03-04,0,0.5290503239969361,1,Logistic,11
2026-03-05,0,0.6016555316961029,1,Logistic,11
2026-03-06,0,0.3765357528454492,0,Logistic,11
2026-03-09,0,0.3160940384480381,0,Logistic,11
2026-03-10,0,0.4592970946131537,0,Logistic,11
2026-03-11,0,0.5299841550159465,1,Logistic,11
2026-03-12,0,0.47193228461340564,0,Logistic,11
2026-03-13,0,0.5629354162351128,1,Logistic,11
2026-03-16,0,0.6180649961841431,1,Logistic,11
2026-03-17,1,0.6418153571630746,1,Logistic,11
2026-03-18,0,0.662990284967045,1,Logistic,11
2026-03-19,1,0.649287971216637,1,Logistic,11
2026-03-20,0,0.4233639067055549,0,Logistic,11
2026-03-23,0,0.5672745844869451,1,Logistic,11
2026-03-24,0,0.407229106915359,0,Logistic,11
2026-03-25,0,0.5266617071544402,1,Logistic,11
2026-03-27,0,0.6262195872452704,1,Logistic,11
2026-03-30,1,0.7259776317685288,1,Logistic,11
2026-04-01,1,0.41163959010812445,0,Logistic,11
2026-04-02,1,0.671348110069016,1,Logistic,11
2026-04-06,1,0.6144478912675705,1,Logistic,11
2026-04-07,0,0.7190233292994727,1,Logistic,11
2026-04-08,1,0.6452586664758593,1,Logistic,11
2026-04-09,0,0.8546866101399944,1,Logistic,11
2026-04-10,0,0.09501958920366047,0,Logistic,11
2026-04-13,1,0.2616892751036608,0,Logistic,11
2026-04-15,0,0.3020356498477337,0,Logistic,11
2026-04-16,0,0.23060540379306538,0,Logistic,11
2026-04-17,0,0.3935940976167731,0,Logistic,11
2026-04-20,1,0.49055843626501955,0,Logistic,11
2026-04-21,0,0.6908488107757101,1,Logistic,11
2026-04-22,0,0.7123411933718142,1,Logistic,11
2026-04-23,0,0.6732244068700123,1,Logistic,11
2026-04-24,1,0.6276581744934511,1,Logistic,11
2026-04-27,0,0.7541105621669031,1,Logistic,11
2026-04-28,1,0.5668586578005609,1,Logistic,11
2026-04-29,0,0.5570665978206558,1,Logistic,11
2026-04-30,0,0.5947354458098687,1,Logistic,11
2026-05-01,0,0.6646791685646463,1,Logistic,11
2026-05-05,0,0.6441389013193165,1,Logistic,11
2026-05-06,0,0.5810280396069587,1,Logistic,11
2026-05-07,0,0.5670080555500708,1,Logistic,11
2026-05-08,0,0.5960722594845688,1,Logistic,11
2026-05-11,0,0.6111411654692525,1,Logistic,11
2026-05-12,0,0.5916421160296476,1,Logistic,11
2026-05-13,0,0.45106465823783526,0,Logistic,11
2026-05-14,0,0.5556150062702758,1,Logistic,11
2026-05-15,0,0.3158073231751593,0,Logistic,11
2026-05-18,1,0.4628638895113445,0,Logistic,11
2026-05-19,0,0.38373735941132114,0,Logistic,11
2026-05-20,0,0.40607846486460125,0,Logistic,11
2026-05-21,0,0.5537324467967888,1,Logistic,11
2026-05-22,0,0.6631375232431226,1,Logistic,11
2026-05-25,0,0.681172776086451,1,Logistic,11
2026-05-26,0,0.5426856633546034,1,Logistic,11
2026-05-27,0,0.7036735077246504,1,Logistic,11
2026-05-28,0,0.36862876286288887,0,Logistic,11
2026-06-01,1,0.6111910149384199,1,Logistic,11
2026-06-02,0,0.5293866949721581,1,Logistic,11
2026-06-03,0,0.6374923229100524,1,Logistic,11
2026-06-04,0,0.5494608357092092,1,Logistic,11
2026-06-05,0,0.5701769509934133,1,Logistic,11
2026-06-08,0,0.7652165602262452,1,Logistic,11
2026-06-09,0,0.2100572128315072,0,Logistic,11
2026-06-10,0,0.1182678132526209,0,Logistic,11
2026-06-11,0,0.1714542446148103,0,Logistic,11
2026-06-12,0,0.14979939548348867,0,Logistic,11
2026-06-15,1,0.5146926517663486,1,Logistic,11
2026-06-16,0,0.5659681456119009,1,Logistic,11
2026-06-17,0,0.4505777135780801,0,Logistic,11
2026-06-18,0,0.37077818135052965,0,Logistic,11
2026-06-19,0,0.576448414740298,1,Logistic,11
2026-06-22,0,0.6587033606246776,1,Logistic,11
2026-06-23,1,0.18865322765986633,0,Logistic,11
2026-06-24,0,0.1901773103218163,0,Logistic,11
2026-06-25,0,0.3446989073778324,0,Logistic,11
2026-06-26,0,0.3406656984249475,0,Logistic,11
2026-06-30,0,0.5914378741597525,1,Logistic,11
2026-07-01,1,0.755754835096949,1,Logistic,11
2026-07-02,1,0.7127199243162,1,Logistic,11
2026-07-03,0,0.6495121644999221,1,Logistic,11
2026-07-06,1,0.5458266047181763,1,Logistic,11
2026-07-07,0,0.4376549518958278,0,Logistic,11
2026-02-06,0,0.2808172404766083,0,XGBoost,11
2026-02-09,1,0.19994021952152252,0,XGBoost,11
2026-02-10,0,0.19134488701820374,0,XGBoost,11
2026-02-11,0,0.20851890742778778,0,XGBoost,11
2026-02-12,0,0.2827358841896057,0,XGBoost,11
2026-02-13,0,0.29624488949775696,0,XGBoost,11
2026-02-16,0,0.2668672502040863,0,XGBoost,11
2026-02-17,0,0.31847524642944336,0,XGBoost,11
2026-02-18,0,0.29113489389419556,0,XGBoost,11
2026-02-19,0,0.2792603671550751,0,XGBoost,11
2026-02-20,0,0.2944960594177246,0,XGBoost,11
2026-02-23,0,0.2803128957748413,0,XGBoost,11
2026-02-24,1,0.31046968698501587,0,XGBoost,11
2026-02-25,0,0.2743380665779114,0,XGBoost,11
2026-02-26,0,0.20065176486968994,0,XGBoost,11
2026-02-27,0,0.2815606892108917,0,XGBoost,11
2026-03-02,0,0.2723003327846527,0,XGBoost,11
2026-03-04,0,0.24757948517799377,0,XGBoost,11
2026-03-05,0,0.24229325354099274,0,XGBoost,11
2026-03-06,0,0.3132060170173645,0,XGBoost,11
2026-03-09,0,0.29544585943222046,0,XGBoost,11
2026-03-10,0,0.3528420031070709,0,XGBoost,11
2026-03-11,0,0.358558714389801,0,XGBoost,11
2026-03-12,0,0.34453216195106506,0,XGBoost,11
2026-03-13,0,0.4151625335216522,0,XGBoost,11
2026-03-16,0,0.3804280459880829,0,XGBoost,11
2026-03-17,1,0.45809540152549744,0,XGBoost,11
2026-03-18,0,0.37474122643470764,0,XGBoost,11
2026-03-19,1,0.3660579025745392,0,XGBoost,11
2026-03-20,0,0.36903244256973267,0,XGBoost,11
2026-03-23,0,0.35245952010154724,0,XGBoost,11
2026-03-24,0,0.2786141633987427,0,XGBoost,11
2026-03-25,0,0.3206411600112915,0,XGBoost,11
2026-03-27,0,0.39846423268318176,0,XGBoost,11
2026-03-30,1,0.43026459217071533,0,XGBoost,11
2026-04-01,1,0.40028145909309387,0,XGBoost,11
2026-04-02,1,0.3451390266418457,0,XGBoost,11
2026-04-06,1,0.25714558362960815,0,XGBoost,11
2026-04-07,0,0.21580229699611664,0,XGBoost,11
2026-04-08,1,0.23946818709373474,0,XGBoost,11
2026-04-09,0,0.24963833391666412,0,XGBoost,11
2026-04-10,0,0.2825847566127777,0,XGBoost,11
2026-04-13,1,0.24318939447402954,0,XGBoost,11
2026-04-15,0,0.18722769618034363,0,XGBoost,11
2026-04-16,0,0.18504229187965393,0,XGBoost,11
2026-04-17,0,0.20076292753219604,0,XGBoost,11
2026-04-20,1,0.1792251169681549,0,XGBoost,11
2026-04-21,0,0.17762383818626404,0,XGBoost,11
2026-04-22,0,0.31595316529273987,0,XGBoost,11
2026-04-23,0,0.2929970324039459,0,XGBoost,11
2026-04-24,1,0.2905300259590149,0,XGBoost,11
2026-04-27,0,0.3033198118209839,0,XGBoost,11
2026-04-28,1,0.27818068861961365,0,XGBoost,11
2026-04-29,0,0.24952442944049835,0,XGBoost,11
2026-04-30,0,0.3087273836135864,0,XGBoost,11
2026-05-01,0,0.3481292426586151,0,XGBoost,11
2026-05-05,0,0.28294995427131653,0,XGBoost,11
2026-05-06,0,0.2758847773075104,0,XGBoost,11
2026-05-07,0,0.346746563911438,0,XGBoost,11
2026-05-08,0,0.2801574170589447,0,XGBoost,11
2026-05-11,0,0.2679726481437683,0,XGBoost,11
2026-05-12,0,0.28092122077941895,0,XGBoost,11
2026-05-13,0,0.32708707451820374,0,XGBoost,11
2026-05-14,0,0.38463011384010315,0,XGBoost,11
2026-05-15,0,0.32356196641921997,0,XGBoost,11
2026-05-18,1,0.25469592213630676,0,XGBoost,11
2026-05-19,0,0.22590216994285583,0,XGBoost,11
2026-05-20,0,0.3578210175037384,0,XGBoost,11
2026-05-21,0,0.2787030339241028,0,XGBoost,11
2026-05-22,0,0.49053627252578735,0,XGBoost,11
2026-05-25,0,0.43632009625434875,0,XGBoost,11
2026-05-26,0,0.33527982234954834,0,XGBoost,11
2026-05-27,0,0.3854154944419861,0,XGBoost,11
2026-05-28,0,0.453461617231369,0,XGBoost,11
2026-06-01,1,0.5359187126159668,1,XGBoost,11
2026-06-02,0,0.12622332572937012,0,XGBoost,11
2026-06-03,0,0.3198053240776062,0,XGBoost,11
2026-06-04,0,0.2618156671524048,0,XGBoost,11
2026-06-05,0,0.24110034108161926,0,XGBoost,11
2026-06-08,0,0.2567441761493683,0,XGBoost,11
2026-06-09,0,0.23691830039024353,0,XGBoost,11
2026-06-10,0,0.26459944248199463,0,XGBoost,11
2026-06-11,0,0.24516072869300842,0,XGBoost,11
2026-06-12,0,0.23061098158359528,0,XGBoost,11
2026-06-15,1,0.2497408092021942,0,XGBoost,11
2026-06-16,0,0.2481987625360489,0,XGBoost,11
2026-06-17,0,0.21921418607234955,0,XGBoost,11
2026-06-18,0,0.2476183921098709,0,XGBoost,11
2026-06-19,0,0.26179787516593933,0,XGBoost,11
2026-06-22,0,0.25981539487838745,0,XGBoost,11
2026-06-23,1,0.25257745385169983,0,XGBoost,11
2026-06-24,0,0.2056601196527481,0,XGBoost,11
2026-06-25,0,0.19778843224048615,0,XGBoost,11
2026-06-26,0,0.2358958125114441,0,XGBoost,11
2026-06-30,0,0.284839391708374,0,XGBoost,11
2026-07-01,1,0.4188045263290405,0,XGBoost,11
2026-07-02,1,0.22640207409858704,0,XGBoost,11
2026-07-03,0,0.2627406418323517,0,XGBoost,11
2026-07-06,1,0.2501358687877655,0,XGBoost,11
2026-07-07,0,0.2943410277366638,0,XGBoost,11
2026-07-08,0,0.5531586966323359,1,Logistic,12
2026-07-09,0,0.8931770884994216,1,Logistic,12
2026-07-10,1,0.03357425017514923,0,Logistic,12
2026-07-13,0,0.001215334101551947,0,Logistic,12
2026-07-14,0,0.004770019951849887,0,Logistic,12
2026-07-15,0,0.013925885695530138,0,Logistic,12
2026-07-16,1,0.0905171122286547,0,Logistic,12
2026-07-17,0,0.21347712172091873,0,Logistic,12
2026-07-20,0,0.25207212734136164,0,Logistic,12
2026-07-21,0,0.4926267052153791,0,Logistic,12
2026-07-22,1,0.46258460043764416,0,Logistic,12
2026-07-23,0,0.37103306377190415,0,Logistic,12
2026-07-24,1,0.17848244680543393,0,Logistic,12
2026-07-27,1,0.10593970884994393,0,Logistic,12
2026-07-28,1,0.24430884061313188,0,Logistic,12
2026-07-29,0,0.1842232551029599,0,Logistic,12
2026-07-30,0,0.3606165682752053,0,Logistic,12
2026-07-31,1,0.2221726689419751,0,Logistic,12
2026-08-03,0,0.4771708887150496,0,Logistic,12
2026-08-04,0,0.26822599744286335,0,Logistic,12
2026-08-05,0,0.30094325287798235,0,Logistic,12
2026-08-06,1,0.3597270505923365,0,Logistic,12
2026-08-07,0,0.39680575561969217,0,Logistic,12
2026-07-08,0,0.19957788288593292,0,XGBoost,12
2026-07-09,0,0.20262037217617035,0,XGBoost,12
2026-07-10,1,0.30234241485595703,0,XGBoost,12
2026-07-13,0,0.1354626566171646,0,XGBoost,12
2026-07-14,0,0.17885218560695648,0,XGBoost,12
2026-07-15,0,0.16926684975624084,0,XGBoost,12
2026-07-16,1,0.16076482832431793,0,XGBoost,12
2026-07-17,0,0.10245130211114883,0,XGBoost,12
2026-07-20,0,0.11844966560602188,0,XGBoost,12
2026-07-21,0,0.12036465853452682,0,XGBoost,12
2026-07-22,1,0.10430470108985901,0,XGBoost,12
2026-07-23,0,0.14323048293590546,0,XGBoost,12
2026-07-24,1,0.09126954525709152,0,XGBoost,12
2026-07-27,1,0.10306578874588013,0,XGBoost,12
2026-07-28,1,0.06667682528495789,0,XGBoost,12
2026-07-29,0,0.09704630076885223,0,XGBoost,12
2026-07-30,0,0.09036607295274734,0,XGBoost,12
2026-07-31,1,0.08596888929605484,0,XGBoost,12
2026-08-03,0,0.09214269369840622,0,XGBoost,12
2026-08-04,0,0.13717599213123322,0,XGBoost,12
2026-08-05,0,0.14986754953861237,0,XGBoost,12
2026-08-06,1,0.16104185581207275,0,XGBoost,12
2026-08-07,0,0.13223162293434143,0,XGBoost,12
